/* Auto-generated by scripts/icon/webp2c.py from settings.apps.webp (size=96x96) */
#include "lvgl.h"

const lv_image_dsc_t cos_icon_settings_apps = {
    .header = {
        .magic = LV_IMAGE_HEADER_MAGIC,
        .cf = LV_COLOR_FORMAT_ARGB8888,
        .flags = 0,
        .w = 96,
        .h = 96,
        .stride = 384,
        .reserved_2 = 0,
    },
    .data_size = 36864,
    .data = (const uint8_t[]){
    0x00, 0x00, 0x00, 0x00, 0x00, 0x00, 0x00, 0x00, 0x00, 0x00, 0x00, 0x00, 0x00, 0x00, 0x00, 0x00,
    0x00, 0x00, 0x00, 0x00, 0x00, 0x00, 0x00, 0x00, 0x00, 0x00, 0x00, 0x00, 0x00, 0x00, 0x00, 0x00,
    0x00, 0x00, 0x00, 0x00, 0x00, 0x00, 0x00, 0x00, 0x00, 0x00, 0x00, 0x00, 0x00, 0x00, 0x00, 0x00,
    0x00, 0x00, 0x00, 0x00, 0x00, 0x00, 0x00, 0x00, 0x00, 0x00, 0x00, 0x00, 0x00, 0x00, 0x00, 0x00,
    0x7b, 0x7c, 0x7a, 0x00, 0x7b, 0x7d, 0x78, 0x00, 0x7b, 0x7d, 0x78, 0x00, 0x7b, 0x7d, 0x78, 0x00,
    0x7b, 0x7d, 0x78, 0x00, 0x7b, 0x7d, 0x78, 0x00, 0x7b, 0x7d, 0x78, 0x00, 0x7d, 0x7d, 0x77, 0x00,
    0x7f, 0x7e, 0x75, 0x00, 0x7d, 0x7e, 0x75, 0x00, 0x79, 0x7e, 0x77, 0x00, 0x77, 0x7e, 0x78, 0x00,
    0x79, 0x7b, 0x7d, 0x00, 0x77, 0x7a, 0x80, 0x00, 0x73, 0x7a, 0x82, 0x00, 0x73, 0x7b, 0x80, 0x00,
    0x00, 0x00, 0x02, 0x00, 0x00, 0x00, 0x00, 0x00, 0x00, 0x00, 0x00, 0x00, 0x00, 0x00, 0x00, 0x00,
    0x00, 0x00, 0x00, 0x00, 0x00, 0x00, 0x00, 0x00, 0x00, 0x00, 0x00, 0x00, 0x00, 0x00, 0x00, 0x00,
    0x00, 0x00, 0x00, 0x00, 0x00, 0x00, 0x00, 0x00, 0x00, 0x00, 0x00, 0x00, 0x00, 0x00, 0x00, 0x00,
    0x00, 0x00, 0x00, 0x00, 0x00, 0x00, 0x00, 0x00, 0x00, 0x00, 0x00, 0x00, 0x00, 0x00, 0x00, 0x00,
    0x00, 0x00, 0x00, 0x00, 0x00, 0x00, 0x00, 0x00, 0x00, 0x00, 0x00, 0x00, 0x00, 0x00, 0x00, 0x00,
    0x00, 0x00, 0x00, 0x00, 0x00, 0x00, 0x00, 0x00, 0x00, 0x00, 0x00, 0x00, 0x00, 0x00, 0x00, 0x00,
    0x00, 0x00, 0x00, 0x00, 0x00, 0x00, 0x00, 0x00, 0x00, 0x00, 0x00, 0x00, 0x00, 0x00, 0x00, 0x00,
    0x00, 0x00, 0x00, 0x00, 0x00, 0x00, 0x00, 0x00, 0x00, 0x00, 0x00, 0x00, 0x00, 0x00, 0x00, 0x00,
    0x00, 0x00, 0x00, 0x00, 0x00, 0x00, 0x00, 0x00, 0x00, 0x00, 0x00, 0x00, 0x00, 0x00, 0x00, 0x00,
    0x00, 0x00, 0x00, 0x00, 0x00, 0x00, 0x00, 0x00, 0x00, 0x00, 0x00, 0x00, 0x00, 0x00, 0x00, 0x00,
    0x00, 0x00, 0x00, 0x00, 0x00, 0x00, 0x00, 0x00, 0x00, 0x00, 0x00, 0x00, 0x00, 0x00, 0x00, 0x00,
    0x00, 0x00, 0x00, 0x00, 0x00, 0x00, 0x00, 0x00, 0x00, 0x00, 0x00, 0x00, 0x00, 0x00, 0x00, 0x00,
    0x00, 0x00, 0x00, 0x00, 0x00, 0x00, 0x00, 0x00, 0x00, 0x00, 0x00, 0x00, 0x00, 0x00, 0x00, 0x00,
    0x00, 0x00, 0x00, 0x00, 0x00, 0x00, 0x00, 0x00, 0x00, 0x00, 0x00, 0x00, 0x00, 0x00, 0x00, 0x00,
    0x00, 0x00, 0x00, 0x00, 0x00, 0x00, 0x00, 0x00, 0x00, 0x00, 0x00, 0x00, 0x00, 0x00, 0x00, 0x00,
    0x00, 0x00, 0x00, 0x00, 0x00, 0x00, 0x00, 0x00, 0x00, 0x00, 0x00, 0x00, 0x00, 0x00, 0x00, 0x00,
    0x00, 0x00, 0x00, 0x00, 0x00, 0x00, 0x00, 0x00, 0x00, 0x00, 0x00, 0x00, 0x00, 0x00, 0x00, 0x00,
    0x00, 0x00, 0x00, 0x00, 0x00, 0x00, 0x00, 0x00, 0x00, 0x00, 0x00, 0x00, 0x00, 0x00, 0x00, 0x00,
    0x00, 0x00, 0x00, 0x00, 0x00, 0x00, 0x00, 0x00, 0x00, 0x00, 0x00, 0x00, 0x00, 0x00, 0x00, 0x00,
    0x00, 0x00, 0x00, 0x00, 0x00, 0x00, 0x00, 0x00, 0x00, 0x00, 0x00, 0x00, 0x00, 0x00, 0x00, 0x00,
    0x7b, 0x7c, 0x7a, 0x00, 0x7b, 0x7c, 0x7a, 0x00, 0x7b, 0x7c, 0x7a, 0x00, 0x7b, 0x7c, 0x7a, 0x00,
    0x7b, 0x7c, 0x7a, 0x00, 0x7b, 0x7c, 0x7a, 0x00, 0x7b, 0x7c, 0x7a, 0x00, 0x7b, 0x7d, 0x78, 0x00,
    0x7d, 0x7d, 0x77, 0x00, 0x7d, 0x7d, 0x77, 0x00, 0x79, 0x7d, 0x78, 0x00, 0x79, 0x7d, 0x7a, 0x00,
    0x79, 0x7b, 0x7d, 0x00, 0x77, 0x7b, 0x7f, 0x00, 0x75, 0x7a, 0x80, 0x00, 0x75, 0x7b, 0x7f, 0x00,
    0x00, 0x00, 0x02, 0x00, 0x00, 0x00, 0x00, 0x00, 0x00, 0x00, 0x00, 0x00, 0x00, 0x00, 0x00, 0x00,
    0x00, 0x00, 0x00, 0x00, 0x00, 0x00, 0x00, 0x00, 0x00, 0x00, 0x00, 0x00, 0x00, 0x00, 0x00, 0x00,
    0x00, 0x00, 0x00, 0x00, 0x00, 0x00, 0x00, 0x00, 0x00, 0x00, 0x00, 0x00, 0x00, 0x00, 0x00, 0x00,
    0x00, 0x00, 0x00, 0x00, 0x00, 0x00, 0x00, 0x00, 0x00, 0x00, 0x00, 0x00, 0x00, 0x00, 0x00, 0x00,
    0x00, 0x00, 0x00, 0x00, 0x00, 0x00, 0x00, 0x00, 0x00, 0x00, 0x00, 0x00, 0x00, 0x00, 0x00, 0x00,
    0x00, 0x00, 0x00, 0x00, 0x00, 0x00, 0x00, 0x00, 0x00, 0x00, 0x00, 0x00, 0x00, 0x00, 0x00, 0x00,
    0x00, 0x00, 0x00, 0x00, 0x00, 0x00, 0x00, 0x00, 0x00, 0x00, 0x00, 0x00, 0x00, 0x00, 0x00, 0x00,
    0x00, 0x00, 0x00, 0x00, 0x00, 0x00, 0x00, 0x00, 0x00, 0x00, 0x00, 0x00, 0x00, 0x00, 0x00, 0x00,
    0x00, 0x00, 0x00, 0x00, 0x00, 0x00, 0x00, 0x00, 0x00, 0x00, 0x00, 0x00, 0x00, 0x00, 0x00, 0x00,
    0x00, 0x00, 0x00, 0x00, 0x00, 0x00, 0x00, 0x00, 0x00, 0x00, 0x00, 0x00, 0x00, 0x00, 0x00, 0x00,
    0x00, 0x00, 0x00, 0x00, 0x00, 0x00, 0x00, 0x00, 0x00, 0x00, 0x00, 0x00, 0x00, 0x00, 0x00, 0x00,
    0x00, 0x00, 0x00, 0x00, 0x00, 0x00, 0x00, 0x00, 0x00, 0x00, 0x00, 0x00, 0x00, 0x00, 0x00, 0x00,
    0x00, 0x00, 0x00, 0x00, 0x00, 0x00, 0x00, 0x00, 0x00, 0x00, 0x00, 0x00, 0x00, 0x00, 0x00, 0x00,
    0x00, 0x00, 0x00, 0x00, 0x00, 0x00, 0x00, 0x00, 0x00, 0x00, 0x00, 0x00, 0x00, 0x00, 0x00, 0x00,
    0x00, 0x00, 0x00, 0x00, 0x00, 0x00, 0x00, 0x00, 0x00, 0x00, 0x00, 0x00, 0x00, 0x00, 0x00, 0x00,
    0x00, 0x00, 0x00, 0x00, 0x00, 0x00, 0x00, 0x00, 0x00, 0x00, 0x00, 0x00, 0x00, 0x00, 0x00, 0x00,
    0x00, 0x00, 0x00, 0x00, 0x00, 0x00, 0x00, 0x00, 0x00, 0x00, 0x00, 0x00, 0x00, 0x00, 0x00, 0x00,
    0x00, 0x00, 0x00, 0x00, 0x00, 0x00, 0x00, 0x00, 0x00, 0x00, 0x00, 0x00, 0x00, 0x00, 0x00, 0x00,
    0x00, 0x00, 0x00, 0x00, 0x00, 0x00, 0x00, 0x00, 0x00, 0x00, 0x00, 0x00, 0x00, 0x00, 0x00, 0x00,
    0x00, 0x00, 0x00, 0x00, 0x00, 0x00, 0x00, 0x00, 0x00, 0x00, 0x00, 0x00, 0x00, 0x00, 0x00, 0x00,
    0x79, 0x7c, 0x7b, 0x00, 0x79, 0x7c, 0x7b, 0x00, 0x79, 0x7c, 0x7b, 0x00, 0x79, 0x7c, 0x7b, 0x00,
    0x79, 0x7c, 0x7b, 0x00, 0x79, 0x7c, 0x7b, 0x00, 0x79, 0x7c, 0x7b, 0x00, 0x79, 0x7c, 0x7b, 0x00,
    0x7b, 0x7b, 0x7d, 0x00, 0x7b, 0x7b, 0x7d, 0x00, 0x7b, 0x7b, 0x7b, 0x00, 0x7b, 0x7b, 0x7b, 0x00,
    0x79, 0x7a, 0x7f, 0x00, 0x79, 0x7a, 0x7f, 0x00, 0x79, 0x7b, 0x7d, 0x00, 0x79, 0x7b, 0x7d, 0x00,
    0x00, 0x00, 0x00, 0x00, 0x00, 0x00, 0x00, 0x00, 0x00, 0x00, 0x00, 0x00, 0x00, 0x00, 0x00, 0x00,
    0x00, 0x00, 0x00, 0x00, 0x00, 0x00, 0x00, 0x00, 0x00, 0x00, 0x00, 0x00, 0x00, 0x00, 0x00, 0x00,
    0x00, 0x00, 0x00, 0x00, 0x00, 0x00, 0x00, 0x00, 0x00, 0x00, 0x00, 0x00, 0x00, 0x00, 0x00, 0x00,
    0x00, 0x00, 0x00, 0x00, 0x00, 0x00, 0x00, 0x00, 0x00, 0x00, 0x00, 0x00, 0x00, 0x00, 0x00, 0x00,
    0x00, 0x00, 0x00, 0x00, 0x00, 0x00, 0x00, 0x00, 0x00, 0x00, 0x00, 0x00, 0x00, 0x00, 0x00, 0x00,
    0x00, 0x00, 0x00, 0x00, 0x00, 0x00, 0x00, 0x00, 0x00, 0x00, 0x00, 0x00, 0x00, 0x00, 0x00, 0x00,
    0x00, 0x00, 0x00, 0x00, 0x00, 0x00, 0x00, 0x00, 0x00, 0x00, 0x00, 0x00, 0x00, 0x00, 0x00, 0x00,
    0x00, 0x00, 0x00, 0x00, 0x00, 0x00, 0x00, 0x00, 0x00, 0x00, 0x00, 0x00, 0x00, 0x00, 0x00, 0x00,
    0x00, 0x00, 0x00, 0x00, 0x00, 0x00, 0x00, 0x00, 0x00, 0x00, 0x00, 0x00, 0x00, 0x00, 0x00, 0x00,
    0x00, 0x00, 0x00, 0x00, 0x00, 0x00, 0x00, 0x00, 0x00, 0x00, 0x00, 0x00, 0x00, 0x00, 0x00, 0x00,
    0x00, 0x00, 0x00, 0x00, 0x00, 0x00, 0x00, 0x00, 0x00, 0x00, 0x00, 0x00, 0x00, 0x00, 0x00, 0x00,
    0x00, 0x00, 0x00, 0x00, 0x00, 0x00, 0x00, 0x00, 0x00, 0x00, 0x00, 0x00, 0x00, 0x00, 0x00, 0x00,
    0x00, 0x00, 0x00, 0x00, 0x00, 0x00, 0x00, 0x00, 0x00, 0x00, 0x00, 0x00, 0x00, 0x00, 0x00, 0x00,
    0x00, 0x00, 0x00, 0x00, 0x00, 0x00, 0x00, 0x00, 0x00, 0x00, 0x00, 0x00, 0x00, 0x00, 0x00, 0x00,
    0x00, 0x00, 0x00, 0x00, 0x00, 0x00, 0x00, 0x00, 0x00, 0x00, 0x00, 0x00, 0x00, 0x00, 0x00, 0x00,
    0x00, 0x00, 0x00, 0x00, 0x00, 0x00, 0x00, 0x00, 0x00, 0x00, 0x00, 0x00, 0x00, 0x00, 0x00, 0x00,
    0x00, 0x00, 0x00, 0x00, 0x00, 0x00, 0x00, 0x00, 0x00, 0x00, 0x00, 0x00, 0x00, 0x00, 0x00, 0x00,
    0x00, 0x00, 0x00, 0x00, 0x00, 0x00, 0x00, 0x00, 0x00, 0x00, 0x00, 0x00, 0x00, 0x00, 0x00, 0x00,
    0x00, 0x00, 0x00, 0x00, 0x00, 0x00, 0x00, 0x00, 0x00, 0x00, 0x00, 0x00, 0x00, 0x00, 0x00, 0x00,
    0x00, 0x00, 0x00, 0x00, 0x00, 0x00, 0x00, 0x00, 0x00, 0x00, 0x00, 0x00, 0x00, 0x00, 0x00, 0x00,
    0x7b, 0x7b, 0x7b, 0x00, 0x7b, 0x7b, 0x7b, 0x00, 0x7b, 0x7b, 0x7b, 0x00, 0x7b, 0x7b, 0x7b, 0x00,
    0x7b, 0x7b, 0x7b, 0x00, 0x7b, 0x7b, 0x7b, 0x00, 0x7b, 0x7b, 0x7b, 0x00, 0x7b, 0x7b, 0x7d, 0x00,
    0x7b, 0x7b, 0x7d, 0x00, 0x7b, 0x7b, 0x7d, 0x00, 0x7b, 0x7b, 0x7b, 0x00, 0x7b, 0x7b, 0x7b, 0x00,
    0x7b, 0x7b, 0x7d, 0x00, 0x7b, 0x7b, 0x7d, 0x00, 0x7b, 0x7b, 0x7b, 0x00, 0x7b, 0x7b, 0x7b, 0x00,
    0x00, 0x00, 0x00, 0x00, 0x00, 0x00, 0x00, 0x00, 0x00, 0x00, 0x00, 0x00, 0x00, 0x00, 0x00, 0x00,
    0x00, 0x00, 0x00, 0x00, 0x00, 0x00, 0x00, 0x00, 0x00, 0x00, 0x00, 0x00, 0x00, 0x00, 0x00, 0x00,
    0x00, 0x00, 0x00, 0x00, 0x00, 0x00, 0x00, 0x00, 0x00, 0x00, 0x00, 0x00, 0x00, 0x00, 0x00, 0x00,
    0x00, 0x00, 0x00, 0x00, 0x00, 0x00, 0x00, 0x00, 0x00, 0x00, 0x00, 0x00, 0x00, 0x00, 0x00, 0x00,
    0x00, 0x00, 0x00, 0x00, 0x00, 0x00, 0x00, 0x00, 0x00, 0x00, 0x00, 0x00, 0x00, 0x00, 0x00, 0x00,
    0x00, 0x00, 0x00, 0x00, 0x00, 0x00, 0x00, 0x00, 0x00, 0x00, 0x00, 0x00, 0x00, 0x00, 0x00, 0x00,
    0x00, 0x00, 0x00, 0x00, 0x00, 0x00, 0x00, 0x00, 0x00, 0x00, 0x00, 0x00, 0x00, 0x00, 0x00, 0x00,
    0x00, 0x00, 0x00, 0x00, 0x00, 0x00, 0x00, 0x00, 0x00, 0x00, 0x00, 0x00, 0x00, 0x00, 0x00, 0x00,
    0x00, 0x00, 0x00, 0x00, 0x00, 0x00, 0x00, 0x00, 0x00, 0x00, 0x00, 0x00, 0x00, 0x00, 0x00, 0x00,
    0x00, 0x00, 0x00, 0x00, 0x00, 0x00, 0x00, 0x00, 0x00, 0x00, 0x00, 0x00, 0x00, 0x00, 0x00, 0x00,
    0x00, 0x00, 0x00, 0x00, 0x00, 0x00, 0x00, 0x00, 0x00, 0x00, 0x00, 0x00, 0x00, 0x00, 0x00, 0x00,
    0x00, 0x00, 0x00, 0x00, 0x00, 0x00, 0x00, 0x00, 0x00, 0x00, 0x00, 0x00, 0x00, 0x00, 0x00, 0x00,
    0x00, 0x00, 0x00, 0x00, 0x00, 0x00, 0x00, 0x00, 0x00, 0x00, 0x00, 0x00, 0x00, 0x00, 0x00, 0x00,
    0x00, 0x00, 0x00, 0x00, 0x00, 0x00, 0x00, 0x00, 0x00, 0x00, 0x00, 0x00, 0x00, 0x00, 0x00, 0x00,
    0x00, 0x00, 0x00, 0x00, 0x00, 0x00, 0x00, 0x00, 0x00, 0x00, 0x00, 0x00, 0x00, 0x00, 0x00, 0x00,
    0x00, 0x00, 0x00, 0x00, 0x00, 0x00, 0x00, 0x00, 0x00, 0x00, 0x00, 0x00, 0x00, 0x00, 0x00, 0x00,
    0x00, 0x00, 0x00, 0x00, 0x00, 0x00, 0x00, 0x00, 0x00, 0x00, 0x00, 0x00, 0x00, 0x00, 0x00, 0x00,
    0x00, 0x00, 0x00, 0x00, 0x00, 0x00, 0x00, 0x00, 0x00, 0x00, 0x00, 0x00, 0x00, 0x00, 0x00, 0x00,
    0x00, 0x00, 0x00, 0x00, 0x00, 0x00, 0x00, 0x00, 0x00, 0x00, 0x00, 0x00, 0x00, 0x00, 0x00, 0x00,
    0x00, 0x00, 0x00, 0x00, 0x00, 0x00, 0x00, 0x00, 0x00, 0x00, 0x00, 0x00, 0x00, 0x00, 0x00, 0x00,
    0x7b, 0x7b, 0x7d, 0x00, 0x7d, 0x7a, 0x7d, 0x00, 0x7d, 0x7a, 0x7d, 0x00, 0x7d, 0x7a, 0x7d, 0x00,
    0x7d, 0x7a, 0x7d, 0x00, 0x7d, 0x7a, 0x7d, 0x00, 0x7d, 0x7a, 0x7d, 0x00, 0x7d, 0x7b, 0x7b, 0x00,
    0x7d, 0x7c, 0x7a, 0x00, 0x7b, 0x7c, 0x7a, 0x00, 0x7b, 0x7b, 0x7b, 0x00, 0x7b, 0x7b, 0x7b, 0x00,
    0x7d, 0x7c, 0x7a, 0x00, 0x7d, 0x7c, 0x7a, 0x00, 0x7b, 0x7b, 0x7b, 0x00, 0x7b, 0x7b, 0x7b, 0x00,
    0x00, 0x00, 0x00, 0x00, 0x00, 0x00, 0x00, 0x00, 0x00, 0x00, 0x00, 0x00, 0x00, 0x00, 0x00, 0x00,
    0x00, 0x00, 0x00, 0x00, 0x00, 0x00, 0x00, 0x00, 0x00, 0x00, 0x00, 0x00, 0x00, 0x00, 0x00, 0x00,
    0x00, 0x00, 0x00, 0x00, 0x00, 0x00, 0x00, 0x00, 0x00, 0x00, 0x00, 0x00, 0x00, 0x00, 0x00, 0x00,
    0x00, 0x00, 0x00, 0x00, 0x00, 0x00, 0x00, 0x00, 0x00, 0x00, 0x00, 0x00, 0x00, 0x00, 0x00, 0x00,
    0x00, 0x00, 0x00, 0x00, 0x00, 0x00, 0x00, 0x00, 0x00, 0x00, 0x00, 0x00, 0x00, 0x00, 0x00, 0x00,
    0x00, 0x00, 0x00, 0x00, 0x00, 0x00, 0x00, 0x00, 0x00, 0x00, 0x00, 0x00, 0x00, 0x00, 0x00, 0x00,
    0x00, 0x00, 0x00, 0x00, 0x00, 0x00, 0x00, 0x00, 0x00, 0x00, 0x00, 0x00, 0x00, 0x00, 0x00, 0x00,
    0x00, 0x00, 0x00, 0x00, 0x00, 0x00, 0x00, 0x00, 0x00, 0x00, 0x00, 0x00, 0x00, 0x00, 0x00, 0x00,
    0x00, 0x00, 0x00, 0x00, 0x00, 0x00, 0x00, 0x00, 0x00, 0x00, 0x00, 0x00, 0x00, 0x00, 0x00, 0x00,
    0x00, 0x00, 0x00, 0x00, 0x00, 0x00, 0x00, 0x00, 0x00, 0x00, 0x00, 0x00, 0x00, 0x00, 0x00, 0x00,
    0x00, 0x00, 0x00, 0x00, 0x00, 0x00, 0x00, 0x00, 0x00, 0x00, 0x00, 0x00, 0x00, 0x00, 0x00, 0x00,
    0x00, 0x00, 0x00, 0x00, 0x00, 0x00, 0x00, 0x00, 0x00, 0x00, 0x00, 0x00, 0x00, 0x00, 0x00, 0x00,
    0x00, 0x00, 0x00, 0x00, 0x00, 0x00, 0x00, 0x00, 0x00, 0x00, 0x00, 0x00, 0x00, 0x00, 0x00, 0x00,
    0x00, 0x00, 0x00, 0x00, 0x00, 0x00, 0x00, 0x00, 0x00, 0x00, 0x00, 0x00, 0x00, 0x00, 0x00, 0x00,
    0x00, 0x00, 0x00, 0x00, 0x00, 0x00, 0x00, 0x00, 0x00, 0x00, 0x00, 0x00, 0x00, 0x00, 0x00, 0x00,
    0x00, 0x00, 0x00, 0x00, 0x00, 0x00, 0x00, 0x00, 0x00, 0x00, 0x00, 0x00, 0x00, 0x00, 0x00, 0x00,
    0x00, 0x00, 0x00, 0x00, 0x00, 0x00, 0x00, 0x00, 0x00, 0x00, 0x00, 0x00, 0x00, 0x00, 0x00, 0x00,
    0x00, 0x00, 0x00, 0x00, 0x00, 0x00, 0x00, 0x00, 0x00, 0x00, 0x00, 0x00, 0x00, 0x00, 0x00, 0x00,
    0x00, 0x00, 0x00, 0x00, 0x00, 0x00, 0x00, 0x00, 0x00, 0x00, 0x00, 0x00, 0x00, 0x00, 0x00, 0x00,
    0x00, 0x00, 0x00, 0x00, 0x00, 0x00, 0x00, 0x00, 0x00, 0x00, 0x00, 0x00, 0x00, 0x03, 0x00, 0x00,
    0x73, 0x83, 0x6f, 0x00, 0x71, 0x86, 0x6b, 0x00, 0x71, 0x86, 0x6b, 0x00, 0x71, 0x86, 0x6b, 0x00,
    0x71, 0x86, 0x6b, 0x00, 0x71, 0x86, 0x6b, 0x00, 0x71, 0x86, 0x6b, 0x00, 0x71, 0x86, 0x6a, 0x00,
    0x71, 0x88, 0x67, 0x00, 0x6f, 0x88, 0x67, 0x00, 0x6d, 0x88, 0x68, 0x00, 0x71, 0x85, 0x6d, 0x00,
    0x79, 0x80, 0x73, 0x00, 0x7d, 0x7d, 0x78, 0x00, 0x7b, 0x7c, 0x7a, 0x00, 0x79, 0x7c, 0x7b, 0x00,
    0x00, 0x00, 0x00, 0x00, 0x00, 0x00, 0x00, 0x00, 0x00, 0x00, 0x00, 0x00, 0x00, 0x00, 0x00, 0x00,
    0x00, 0x00, 0x00, 0x00, 0x00, 0x00, 0x00, 0x00, 0x00, 0x00, 0x00, 0x00, 0x00, 0x00, 0x00, 0x00,
    0x00, 0x00, 0x00, 0x00, 0x00, 0x00, 0x00, 0x00, 0x00, 0x00, 0x00, 0x00, 0x00, 0x00, 0x00, 0x00,
    0x00, 0x00, 0x00, 0x00, 0x00, 0x00, 0x00, 0x00, 0x00, 0x00, 0x00, 0x00, 0x00, 0x00, 0x00, 0x00,
    0x00, 0x00, 0x00, 0x00, 0x00, 0x00, 0x00, 0x00, 0x00, 0x00, 0x00, 0x00, 0x00, 0x00, 0x00, 0x00,
    0x00, 0x00, 0x00, 0x00, 0x00, 0x00, 0x00, 0x00, 0x00, 0x00, 0x00, 0x00, 0x00, 0x00, 0x00, 0x00,
    0x00, 0x00, 0x00, 0x00, 0x00, 0x00, 0x00, 0x00, 0x00, 0x00, 0x00, 0x00, 0x00, 0x00, 0x00, 0x00,
    0x00, 0x00, 0x00, 0x00, 0x00, 0x00, 0x00, 0x00, 0x00, 0x00, 0x00, 0x00, 0x00, 0x00, 0x00, 0x00,
    0x00, 0x00, 0x00, 0x00, 0x00, 0x00, 0x00, 0x00, 0x00, 0x00, 0x00, 0x00, 0x00, 0x00, 0x00, 0x00,
    0x00, 0x00, 0x00, 0x00, 0x00, 0x00, 0x00, 0x00, 0x00, 0x00, 0x00, 0x00, 0x00, 0x00, 0x00, 0x00,
    0x00, 0x00, 0x00, 0x00, 0x00, 0x00, 0x00, 0x00, 0x00, 0x00, 0x00, 0x00, 0x00, 0x00, 0x00, 0x00,
    0x00, 0x00, 0x00, 0x00, 0x00, 0x00, 0x00, 0x00, 0x00, 0x00, 0x00, 0x00, 0x00, 0x00, 0x00, 0x00,
    0x00, 0x00, 0x00, 0x00, 0x00, 0x00, 0x00, 0x00, 0x00, 0x00, 0x00, 0x00, 0x00, 0x00, 0x00, 0x00,
    0x00, 0x00, 0x00, 0x00, 0x00, 0x00, 0x00, 0x00, 0x00, 0x00, 0x00, 0x00, 0x00, 0x00, 0x00, 0x00,
    0x00, 0x00, 0x00, 0x00, 0x00, 0x00, 0x00, 0x00, 0x00, 0x00, 0x00, 0x00, 0x00, 0x00, 0x00, 0x00,
    0x00, 0x00, 0x00, 0x00, 0x00, 0x00, 0x00, 0x00, 0x00, 0x00, 0x00, 0x00, 0x00, 0x00, 0x00, 0x00,
    0x00, 0x00, 0x00, 0x00, 0x00, 0x00, 0x00, 0x00, 0x00, 0x00, 0x00, 0x00, 0x00, 0x00, 0x00, 0x00,
    0x00, 0x00, 0x00, 0x00, 0x00, 0x00, 0x00, 0x00, 0x00, 0x00, 0x00, 0x00, 0x00, 0x00, 0x00, 0x00,
    0x00, 0x00, 0x00, 0x00, 0x00, 0x00, 0x00, 0x00, 0x00, 0x00, 0x00, 0x00, 0x00, 0x00, 0x00, 0x00,
    0x00, 0x00, 0x00, 0x00, 0x00, 0x00, 0x00, 0x00, 0x00, 0x00, 0x00, 0x00, 0x00, 0x08, 0x00, 0x00,
    0x5f, 0x95, 0x54, 0x00, 0x57, 0x9d, 0x47, 0x00, 0x57, 0x9d, 0x47, 0x00, 0x57, 0x9d, 0x47, 0x00,
    0x57, 0x9d, 0x47, 0x1e, 0x57, 0x9d, 0x47, 0x33, 0x57, 0x9d, 0x47, 0x39, 0x57, 0x9e, 0x45, 0x1e,
    0x57, 0x9f, 0x44, 0x00, 0x55, 0x9f, 0x44, 0x00, 0x53, 0x9f, 0x45, 0x00, 0x5b, 0x97, 0x52, 0x00,
    0x71, 0x86, 0x6b, 0x00, 0x7b, 0x7d, 0x78, 0x00, 0x77, 0x7d, 0x7a, 0x00, 0x77, 0x7c, 0x7b, 0x00,
    0x00, 0x00, 0x00, 0x00, 0x00, 0x00, 0x00, 0x00, 0x00, 0x00, 0x00, 0x00, 0x00, 0x00, 0x00, 0x00,
    0x00, 0x00, 0x00, 0x00, 0x00, 0x00, 0x00, 0x00, 0x00, 0x00, 0x00, 0x00, 0x00, 0x00, 0x00, 0x00,
    0x00, 0x00, 0x00, 0x00, 0x00, 0x00, 0x00, 0x00, 0x00, 0x00, 0x00, 0x00, 0x00, 0x00, 0x00, 0x00,
    0x00, 0x00, 0x00, 0x00, 0x00, 0x00, 0x00, 0x00, 0x00, 0x00, 0x00, 0x00, 0x00, 0x00, 0x00, 0x00,
    0x00, 0x00, 0x00, 0x00, 0x00, 0x00, 0x00, 0x00, 0x00, 0x00, 0x00, 0x00, 0x00, 0x00, 0x00, 0x00,
    0x00, 0x00, 0x00, 0x00, 0x00, 0x00, 0x00, 0x00, 0x00, 0x00, 0x00, 0x00, 0x00, 0x00, 0x00, 0x00,
    0x00, 0x00, 0x00, 0x00, 0x00, 0x00, 0x00, 0x00, 0x00, 0x00, 0x00, 0x00, 0x00, 0x00, 0x00, 0x00,
    0x00, 0x00, 0x00, 0x00, 0x00, 0x00, 0x00, 0x00, 0x00, 0x00, 0x00, 0x00, 0x00, 0x00, 0x00, 0x00,
    0x00, 0x00, 0x00, 0x00, 0x00, 0x00, 0x00, 0x00, 0x00, 0x00, 0x00, 0x00, 0x00, 0x00, 0x00, 0x00,
    0x00, 0x00, 0x00, 0x00, 0x00, 0x00, 0x00, 0x00, 0x00, 0x00, 0x00, 0x00, 0x00, 0x00, 0x00, 0x00,
    0x00, 0x00, 0x00, 0x00, 0x00, 0x00, 0x00, 0x00, 0x00, 0x00, 0x00, 0x00, 0x00, 0x00, 0x00, 0x00,
    0x00, 0x00, 0x00, 0x00, 0x00, 0x00, 0x00, 0x00, 0x00, 0x00, 0x00, 0x00, 0x00, 0x00, 0x00, 0x00,
    0x00, 0x00, 0x00, 0x00, 0x00, 0x00, 0x00, 0x00, 0x00, 0x00, 0x00, 0x00, 0x00, 0x00, 0x00, 0x00,
    0x00, 0x00, 0x00, 0x00, 0x00, 0x00, 0x00, 0x00, 0x00, 0x00, 0x00, 0x00, 0x00, 0x00, 0x00, 0x00,
    0x00, 0x00, 0x00, 0x00, 0x00, 0x00, 0x00, 0x00, 0x00, 0x00, 0x00, 0x00, 0x00, 0x00, 0x00, 0x00,
    0x00, 0x00, 0x00, 0x00, 0x00, 0x00, 0x00, 0x00, 0x00, 0x00, 0x00, 0x00, 0x00, 0x00, 0x00, 0x00,
    0x00, 0x00, 0x00, 0x00, 0x00, 0x00, 0x00, 0x00, 0x00, 0x00, 0x00, 0x00, 0x00, 0x00, 0x00, 0x00,
    0x00, 0x00, 0x00, 0x00, 0x00, 0x00, 0x00, 0x00, 0x00, 0x00, 0x00, 0x00, 0x00, 0x00, 0x00, 0x00,
    0x02, 0x00, 0x02, 0x00, 0x02, 0x00, 0x02, 0x00, 0x02, 0x00, 0x00, 0x00, 0x02, 0x00, 0x00, 0x00,
    0x02, 0x00, 0x02, 0x00, 0x00, 0x02, 0x00, 0x00, 0x00, 0x08, 0x00, 0x00, 0x00, 0x15, 0x00, 0x00,
    0x53, 0xa1, 0x40, 0x00, 0x49, 0xaa, 0x34, 0x20, 0x49, 0xaa, 0x34, 0x91, 0x49, 0xaa, 0x34, 0xe0,
    0x49, 0xaa, 0x34, 0xff, 0x49, 0xaa, 0x34, 0xff, 0x49, 0xaa, 0x34, 0xff, 0x49, 0xaa, 0x34, 0xff,
    0x4b, 0xa9, 0x34, 0xed, 0x49, 0xaa, 0x34, 0x9a, 0x47, 0xaa, 0x34, 0x2e, 0x4f, 0xa2, 0x40, 0x00,
    0x65, 0x91, 0x5a, 0x00, 0x6d, 0x88, 0x68, 0x00, 0x6b, 0x88, 0x6a, 0x00, 0x6d, 0x85, 0x6f, 0x00,
    0x00, 0x04, 0x00, 0x00, 0x00, 0x00, 0x00, 0x00, 0x00, 0x00, 0x00, 0x00, 0x00, 0x00, 0x00, 0x00,
    0x00, 0x00, 0x00, 0x00, 0x00, 0x00, 0x00, 0x00, 0x00, 0x00, 0x00, 0x00, 0x00, 0x00, 0x00, 0x00,
    0x00, 0x00, 0x00, 0x00, 0x00, 0x00, 0x00, 0x00, 0x00, 0x00, 0x00, 0x00, 0x00, 0x00, 0x00, 0x00,
    0x02, 0x00, 0x00, 0x00, 0x02, 0x00, 0x00, 0x00, 0x00, 0x00, 0x03, 0x00, 0x00, 0x00, 0x03, 0x00,
    0x00, 0x00, 0x02, 0x00, 0x00, 0x00, 0x00, 0x00, 0x00, 0x00, 0x00, 0x00, 0x00, 0x00, 0x00, 0x00,
    0x00, 0x00, 0x00, 0x00, 0x00, 0x00, 0x00, 0x00, 0x00, 0x00, 0x00, 0x00, 0x00, 0x00, 0x00, 0x00,
    0x00, 0x00, 0x00, 0x00, 0x00, 0x00, 0x00, 0x00, 0x00, 0x00, 0x00, 0x00, 0x00, 0x00, 0x00, 0x00,
    0x00, 0x00, 0x00, 0x00, 0x00, 0x00, 0x00, 0x00, 0x00, 0x00, 0x00, 0x00, 0x00, 0x00, 0x00, 0x00,
    0x00, 0x00, 0x00, 0x00, 0x00, 0x00, 0x00, 0x00, 0x00, 0x00, 0x00, 0x00, 0x00, 0x00, 0x00, 0x00,
    0x00, 0x00, 0x00, 0x00, 0x00, 0x00, 0x00, 0x00, 0x00, 0x00, 0x00, 0x00, 0x00, 0x00, 0x00, 0x00,
    0x00, 0x00, 0x00, 0x00, 0x00, 0x00, 0x00, 0x00, 0x00, 0x00, 0x00, 0x00, 0x00, 0x00, 0x00, 0x00,
    0x00, 0x00, 0x00, 0x00, 0x00, 0x00, 0x00, 0x00, 0x00, 0x00, 0x00, 0x00, 0x00, 0x00, 0x00, 0x00,
    0x00, 0x00, 0x00, 0x00, 0x00, 0x00, 0x00, 0x00, 0x00, 0x00, 0x00, 0x00, 0x00, 0x00, 0x00, 0x00,
    0x00, 0x00, 0x00, 0x00, 0x00, 0x00, 0x00, 0x00, 0x00, 0x00, 0x00, 0x00, 0x00, 0x00, 0x00, 0x00,
    0x00, 0x00, 0x00, 0x00, 0x00, 0x00, 0x00, 0x00, 0x00, 0x00, 0x00, 0x00, 0x00, 0x00, 0x00, 0x00,
    0x00, 0x00, 0x00, 0x00, 0x00, 0x00, 0x00, 0x00, 0x00, 0x00, 0x00, 0x00, 0x00, 0x00, 0x00, 0x00,
    0x00, 0x00, 0x00, 0x00, 0x00, 0x00, 0x00, 0x00, 0x00, 0x00, 0x00, 0x00, 0x00, 0x00, 0x00, 0x00,
    0x00, 0x00, 0x00, 0x00, 0x00, 0x00, 0x00, 0x00, 0x00, 0x00, 0x00, 0x00, 0x02, 0x00, 0x02, 0x00,
    0x7c, 0x73, 0x79, 0x00, 0x7e, 0x72, 0x79, 0x00, 0x7a, 0x74, 0x77, 0x00, 0x7a, 0x74, 0x77, 0x00,
    0x7c, 0x76, 0x7b, 0x00, 0x70, 0x7f, 0x6d, 0x00, 0x5b, 0x91, 0x4f, 0x00, 0x61, 0xaf, 0x4e, 0x04,
    0x4e, 0xa8, 0x3a, 0x86, 0x4a, 0xab, 0x35, 0xfb, 0x4a, 0xab, 0x35, 0xff, 0x4a, 0xab, 0x35, 0xff,
    0x4a, 0xab, 0x35, 0xff, 0x4a, 0xab, 0x35, 0xff, 0x4a, 0xab, 0x35, 0xff, 0x4a, 0xab, 0x35, 0xff,
    0x49, 0xaa, 0x34, 0xff, 0x49, 0xa9, 0x35, 0xff, 0x49, 0xa9, 0x35, 0xff, 0x4b, 0xa7, 0x38, 0xae,
    0x53, 0xa1, 0x42, 0x25, 0x55, 0x9e, 0x47, 0x00, 0x55, 0x9e, 0x47, 0x00, 0x5d, 0x96, 0x54, 0x00,
    0x6f, 0x85, 0x6d, 0x00, 0x78, 0x7b, 0x79, 0x00, 0x7d, 0x7d, 0x7b, 0x00, 0x7a, 0x7b, 0x79, 0x00,
    0x78, 0x7b, 0x7a, 0x00, 0x77, 0x7b, 0x7d, 0x00, 0x75, 0x7d, 0x7b, 0x00, 0x75, 0x7d, 0x7b, 0x00,
    0x76, 0x7a, 0x7c, 0x00, 0x76, 0x7a, 0x7c, 0x00, 0x76, 0x7a, 0x7c, 0x00, 0x7a, 0x7a, 0x7a, 0x00,
    0x80, 0x79, 0x7a, 0x00, 0x80, 0x78, 0x7c, 0x00, 0x7c, 0x76, 0x82, 0x00, 0x7a, 0x76, 0x82, 0x00,
    0x00, 0x00, 0x03, 0x00, 0x00, 0x00, 0x00, 0x00, 0x00, 0x00, 0x00, 0x00, 0x00, 0x00, 0x00, 0x00,
    0x00, 0x00, 0x00, 0x00, 0x00, 0x00, 0x00, 0x00, 0x00, 0x00, 0x00, 0x00, 0x00, 0x00, 0x00, 0x00,
    0x00, 0x00, 0x00, 0x00, 0x00, 0x00, 0x00, 0x00, 0x00, 0x00, 0x00, 0x00, 0x00, 0x00, 0x00, 0x00,
    0x00, 0x00, 0x00, 0x00, 0x00, 0x00, 0x00, 0x00, 0x00, 0x00, 0x00, 0x00, 0x00, 0x00, 0x00, 0x00,
    0x00, 0x00, 0x00, 0x00, 0x00, 0x00, 0x00, 0x00, 0x00, 0x00, 0x00, 0x00, 0x00, 0x00, 0x00, 0x00,
    0x00, 0x00, 0x00, 0x00, 0x00, 0x00, 0x00, 0x00, 0x00, 0x00, 0x00, 0x00, 0x00, 0x00, 0x00, 0x00,
    0x00, 0x00, 0x00, 0x00, 0x00, 0x00, 0x00, 0x00, 0x00, 0x00, 0x00, 0x00, 0x00, 0x00, 0x00, 0x00,
    0x00, 0x00, 0x00, 0x00, 0x00, 0x00, 0x00, 0x00, 0x00, 0x00, 0x00, 0x00, 0x00, 0x00, 0x00, 0x00,
    0x00, 0x00, 0x00, 0x00, 0x00, 0x00, 0x00, 0x00, 0x00, 0x00, 0x00, 0x00, 0x00, 0x00, 0x00, 0x00,
    0x00, 0x00, 0x00, 0x00, 0x00, 0x00, 0x00, 0x00, 0x00, 0x00, 0x00, 0x00, 0x00, 0x00, 0x00, 0x00,
    0x00, 0x00, 0x00, 0x00, 0x00, 0x00, 0x00, 0x00, 0x00, 0x00, 0x00, 0x00, 0x00, 0x00, 0x00, 0x00,
    0x00, 0x00, 0x00, 0x00, 0x00, 0x00, 0x00, 0x00, 0x00, 0x00, 0x00, 0x00, 0x00, 0x00, 0x00, 0x00,
    0x00, 0x00, 0x00, 0x00, 0x00, 0x00, 0x00, 0x00, 0x00, 0x00, 0x00, 0x00, 0x00, 0x00, 0x00, 0x00,
    0x00, 0x00, 0x00, 0x00, 0x00, 0x00, 0x00, 0x00, 0x00, 0x00, 0x00, 0x00, 0x02, 0x00, 0x02, 0x00,
    0x7c, 0x73, 0x79, 0x00, 0x7e, 0x72, 0x7a, 0x00, 0x7c, 0x73, 0x79, 0x00, 0x76, 0x76, 0x74, 0x00,
    0x74, 0x81, 0x6f, 0x00, 0x61, 0x89, 0x57, 0x00, 0x51, 0x9e, 0x40, 0x0b, 0x4a, 0xab, 0x35, 0xc1,
    0x4a, 0xab, 0x35, 0xff, 0x4a, 0xab, 0x35, 0xff, 0x4a, 0xab, 0x35, 0xff, 0x4a, 0xab, 0x35, 0xff,
    0x4a, 0xab, 0x35, 0xff, 0x4a, 0xab, 0x35, 0xff, 0x4a, 0xab, 0x35, 0xff, 0x4a, 0xab, 0x35, 0xff,
    0x49, 0xa9, 0x35, 0xff, 0x49, 0xa9, 0x35, 0xff, 0x49, 0xa9, 0x35, 0xff, 0x49, 0xa9, 0x35, 0xff,
    0x49, 0xa9, 0x35, 0xfa, 0x49, 0xa9, 0x35, 0x91, 0x49, 0xa9, 0x35, 0x13, 0x51, 0xa1, 0x42, 0x00,
    0x62, 0x90, 0x59, 0x00, 0x68, 0x8e, 0x63, 0x00, 0x5b, 0x8f, 0x52, 0x00, 0x5a, 0x89, 0x56, 0x00,
    0x6f, 0x83, 0x70, 0x00, 0x77, 0x7c, 0x7b, 0x00, 0x75, 0x7c, 0x7d, 0x00, 0x75, 0x7c, 0x7d, 0x00,
    0x76, 0x7a, 0x7c, 0x00, 0x78, 0x7b, 0x7a, 0x00, 0x78, 0x7b, 0x7a, 0x00, 0x7a, 0x7a, 0x7a, 0x00,
    0x80, 0x79, 0x7a, 0x00, 0x82, 0x78, 0x7c, 0x00, 0x7e, 0x75, 0x82, 0x00, 0x7a, 0x76, 0x82, 0x00,
    0x00, 0x00, 0x03, 0x00, 0x00, 0x00, 0x00, 0x00, 0x00, 0x00, 0x00, 0x00, 0x00, 0x00, 0x00, 0x00,
    0x00, 0x00, 0x00, 0x00, 0x00, 0x00, 0x00, 0x00, 0x00, 0x00, 0x00, 0x00, 0x00, 0x00, 0x00, 0x00,
    0x00, 0x00, 0x00, 0x00, 0x00, 0x00, 0x00, 0x00, 0x00, 0x00, 0x00, 0x00, 0x00, 0x00, 0x00, 0x00,
    0x00, 0x00, 0x00, 0x00, 0x00, 0x00, 0x00, 0x00, 0x00, 0x00, 0x00, 0x00, 0x00, 0x00, 0x00, 0x00,
    0x00, 0x00, 0x00, 0x00, 0x00, 0x00, 0x00, 0x00, 0x00, 0x00, 0x00, 0x00, 0x00, 0x00, 0x00, 0x00,
    0x00, 0x00, 0x00, 0x00, 0x00, 0x00, 0x00, 0x00, 0x00, 0x00, 0x00, 0x00, 0x00, 0x00, 0x00, 0x00,
    0x00, 0x00, 0x00, 0x00, 0x00, 0x00, 0x00, 0x00, 0x00, 0x00, 0x00, 0x00, 0x00, 0x00, 0x00, 0x00,
    0x00, 0x00, 0x00, 0x00, 0x00, 0x00, 0x00, 0x00, 0x00, 0x00, 0x00, 0x00, 0x00, 0x00, 0x00, 0x00,
    0x00, 0x00, 0x00, 0x00, 0x00, 0x00, 0x00, 0x00, 0x00, 0x00, 0x00, 0x00, 0x00, 0x00, 0x00, 0x00,
    0x00, 0x00, 0x00, 0x00, 0x00, 0x00, 0x00, 0x00, 0x00, 0x00, 0x00, 0x00, 0x00, 0x00, 0x00, 0x00,
    0x00, 0x00, 0x00, 0x00, 0x00, 0x00, 0x00, 0x00, 0x00, 0x00, 0x00, 0x00, 0x00, 0x00, 0x00, 0x00,
    0x00, 0x00, 0x00, 0x00, 0x00, 0x00, 0x00, 0x00, 0x00, 0x00, 0x00, 0x00, 0x00, 0x00, 0x00, 0x00,
    0x00, 0x00, 0x00, 0x00, 0x00, 0x00, 0x00, 0x00, 0x00, 0x00, 0x00, 0x00, 0x00, 0x00, 0x00, 0x00,
    0x00, 0x00, 0x00, 0x00, 0x00, 0x00, 0x00, 0x00, 0x00, 0x00, 0x00, 0x00, 0x00, 0x00, 0x00, 0x00,
    0x78, 0x74, 0x77, 0x00, 0x78, 0x74, 0x79, 0x00, 0x7a, 0x73, 0x79, 0x00, 0x70, 0x7c, 0x6a, 0x00,
    0x5b, 0x91, 0x4d, 0x00, 0x5e, 0xaf, 0x4c, 0x04, 0x4f, 0xaa, 0x39, 0xb6, 0x49, 0xa8, 0x30, 0xff,
    0x4a, 0xab, 0x35, 0xff, 0x4a, 0xab, 0x35, 0xff, 0x4a, 0xab, 0x35, 0xff, 0x4a, 0xab, 0x35, 0xff,
    0x4a, 0xab, 0x35, 0xff, 0x4a, 0xab, 0x35, 0xff, 0x4a, 0xab, 0x35, 0xff, 0x4a, 0xab, 0x35, 0xff,
    0x49, 0xa9, 0x35, 0xff, 0x49, 0xa9, 0x35, 0xff, 0x49, 0xa9, 0x35, 0xff, 0x49, 0xa9, 0x35, 0xff,
    0x49, 0xa9, 0x35, 0xff, 0x49, 0xa9, 0x35, 0xff, 0x49, 0xa9, 0x35, 0xee, 0x4d, 0xa7, 0x38, 0x73,
    0x55, 0xa5, 0x40, 0x07, 0x45, 0xa9, 0x30, 0x00, 0x21, 0xc0, 0x14, 0x00, 0x2a, 0xb7, 0x21, 0x00,
    0x5d, 0x92, 0x5c, 0x00, 0x77, 0x7d, 0x7a, 0x00, 0x77, 0x7b, 0x7d, 0x00, 0x79, 0x7a, 0x7f, 0x00,
    0x7e, 0x79, 0x7a, 0x00, 0x7e, 0x7a, 0x79, 0x00, 0x7a, 0x7b, 0x79, 0x00, 0x7a, 0x7b, 0x79, 0x00,
    0x7e, 0x79, 0x7c, 0x00, 0x80, 0x78, 0x7c, 0x00, 0x7e, 0x79, 0x7c, 0x00, 0x7c, 0x79, 0x7c, 0x00,
    0x00, 0x00, 0x00, 0x00, 0x00, 0x00, 0x00, 0x00, 0x00, 0x00, 0x00, 0x00, 0x00, 0x00, 0x00, 0x00,
    0x00, 0x00, 0x00, 0x00, 0x00, 0x00, 0x00, 0x00, 0x00, 0x00, 0x00, 0x00, 0x00, 0x00, 0x00, 0x00,
    0x00, 0x00, 0x00, 0x00, 0x00, 0x00, 0x00, 0x00, 0x00, 0x00, 0x00, 0x00, 0x00, 0x00, 0x00, 0x00,
    0x00, 0x00, 0x00, 0x00, 0x00, 0x00, 0x00, 0x00, 0x00, 0x00, 0x00, 0x00, 0x00, 0x00, 0x00, 0x00,
    0x00, 0x00, 0x00, 0x00, 0x00, 0x00, 0x00, 0x00, 0x00, 0x00, 0x00, 0x00, 0x00, 0x00, 0x00, 0x00,
    0x00, 0x00, 0x00, 0x00, 0x00, 0x00, 0x00, 0x00, 0x00, 0x00, 0x00, 0x00, 0x00, 0x00, 0x00, 0x00,
    0x00, 0x00, 0x00, 0x00, 0x00, 0x00, 0x00, 0x00, 0x00, 0x00, 0x00, 0x00, 0x00, 0x00, 0x00, 0x00,
    0x00, 0x00, 0x00, 0x00, 0x00, 0x00, 0x00, 0x00, 0x00, 0x00, 0x00, 0x00, 0x00, 0x00, 0x00, 0x00,
    0x00, 0x00, 0x00, 0x00, 0x00, 0x00, 0x00, 0x00, 0x00, 0x00, 0x00, 0x00, 0x00, 0x00, 0x00, 0x00,
    0x00, 0x00, 0x00, 0x00, 0x00, 0x00, 0x00, 0x00, 0x00, 0x00, 0x00, 0x00, 0x00, 0x00, 0x00, 0x00,
    0x00, 0x00, 0x00, 0x00, 0x00, 0x00, 0x00, 0x00, 0x00, 0x00, 0x00, 0x00, 0x00, 0x00, 0x00, 0x00,
    0x00, 0x00, 0x00, 0x00, 0x00, 0x00, 0x00, 0x00, 0x00, 0x00, 0x00, 0x00, 0x00, 0x00, 0x00, 0x00,
    0x00, 0x00, 0x00, 0x00, 0x00, 0x00, 0x00, 0x00, 0x00, 0x00, 0x00, 0x00, 0x00, 0x00, 0x00, 0x00,
    0x00, 0x00, 0x00, 0x00, 0x00, 0x00, 0x00, 0x00, 0x00, 0x00, 0x00, 0x00, 0x00, 0x00, 0x00, 0x00,
    0x74, 0x76, 0x76, 0x00, 0x76, 0x75, 0x77, 0x00, 0x78, 0x74, 0x79, 0x00, 0x70, 0x80, 0x64, 0x00,
    0x61, 0x9a, 0x3a, 0x00, 0x5a, 0xac, 0x2d, 0x70, 0x51, 0xaa, 0x30, 0xff, 0x4b, 0xa9, 0x34, 0xff,
    0x4a, 0xab, 0x35, 0xff, 0x4a, 0xab, 0x35, 0xff, 0x4a, 0xab, 0x35, 0xff, 0x4a, 0xab, 0x35, 0xff,
    0x4a, 0xab, 0x35, 0xff, 0x4a, 0xab, 0x35, 0xff, 0x4a, 0xab, 0x35, 0xff, 0x4a, 0xab, 0x35, 0xff,
    0x49, 0xa9, 0x35, 0xff, 0x49, 0xa9, 0x35, 0xff, 0x49, 0xa9, 0x35, 0xff, 0x49, 0xa9, 0x35, 0xff,
    0x49, 0xa9, 0x35, 0xff, 0x49, 0xa9, 0x35, 0xff, 0x49, 0xa9, 0x35, 0xff, 0x49, 0xaa, 0x34, 0xff,
    0x46, 0xa6, 0x2c, 0xe1, 0x39, 0xb7, 0x20, 0x5e, 0x2b, 0xe3, 0x18, 0x01, 0x1d, 0xc4, 0x10, 0x00,
    0x52, 0x9c, 0x47, 0x00, 0x70, 0x84, 0x6a, 0x00, 0x76, 0x7c, 0x79, 0x00, 0x7a, 0x79, 0x7d, 0x00,
    0x7e, 0x79, 0x7a, 0x00, 0x7e, 0x7a, 0x79, 0x00, 0x7c, 0x7b, 0x79, 0x00, 0x7c, 0x7a, 0x7a, 0x00,
    0x7c, 0x79, 0x7c, 0x00, 0x7e, 0x79, 0x7c, 0x00, 0x7e, 0x79, 0x7a, 0x00, 0x7c, 0x7a, 0x7a, 0x00,
    0x00, 0x00, 0x00, 0x00, 0x00, 0x00, 0x00, 0x00, 0x00, 0x00, 0x00, 0x00, 0x00, 0x00, 0x00, 0x00,
    0x00, 0x00, 0x00, 0x00, 0x00, 0x00, 0x00, 0x00, 0x00, 0x00, 0x00, 0x00, 0x00, 0x00, 0x00, 0x00,
    0x00, 0x00, 0x00, 0x00, 0x00, 0x00, 0x00, 0x00, 0x00, 0x00, 0x00, 0x00, 0x00, 0x00, 0x00, 0x00,
    0x00, 0x00, 0x00, 0x00, 0x00, 0x00, 0x00, 0x00, 0x00, 0x00, 0x00, 0x00, 0x00, 0x00, 0x00, 0x00,
    0x00, 0x00, 0x00, 0x00, 0x00, 0x00, 0x00, 0x00, 0x00, 0x00, 0x00, 0x00, 0x00, 0x00, 0x00, 0x00,
    0x00, 0x00, 0x00, 0x00, 0x00, 0x00, 0x00, 0x00, 0x00, 0x00, 0x00, 0x00, 0x00, 0x00, 0x00, 0x00,
    0x00, 0x00, 0x00, 0x00, 0x00, 0x00, 0x00, 0x00, 0x00, 0x00, 0x00, 0x00, 0x00, 0x00, 0x00, 0x00,
    0x00, 0x00, 0x00, 0x00, 0x00, 0x00, 0x00, 0x00, 0x00, 0x00, 0x00, 0x00, 0x00, 0x00, 0x00, 0x00,
    0x00, 0x00, 0x00, 0x00, 0x00, 0x00, 0x00, 0x00, 0x00, 0x00, 0x00, 0x00, 0x00, 0x00, 0x00, 0x00,
    0x00, 0x00, 0x00, 0x00, 0x00, 0x00, 0x00, 0x00, 0x00, 0x00, 0x00, 0x00, 0x00, 0x00, 0x00, 0x00,
    0x00, 0x00, 0x00, 0x00, 0x00, 0x00, 0x00, 0x00, 0x00, 0x00, 0x00, 0x00, 0x00, 0x00, 0x00, 0x00,
    0x00, 0x00, 0x00, 0x00, 0x00, 0x00, 0x00, 0x00, 0x00, 0x00, 0x00, 0x00, 0x00, 0x00, 0x00, 0x00,
    0x00, 0x00, 0x00, 0x00, 0x00, 0x00, 0x00, 0x00, 0x00, 0x00, 0x00, 0x00, 0x00, 0x00, 0x00, 0x00,
    0x00, 0x00, 0x00, 0x00, 0x00, 0x00, 0x00, 0x00, 0x00, 0x00, 0x00, 0x00, 0x00, 0x00, 0x00, 0x00,
    0x75, 0x77, 0x77, 0x00, 0x75, 0x77, 0x77, 0x00, 0x77, 0x77, 0x77, 0x00, 0x7d, 0x81, 0x60, 0x00,
    0x7f, 0x91, 0x2c, 0x11, 0x7b, 0xa5, 0x23, 0xe8, 0x5d, 0xaa, 0x33, 0xff, 0x49, 0xa9, 0x35, 0xff,
    0x49, 0xaa, 0x34, 0xff, 0x49, 0xaa, 0x34, 0xff, 0x49, 0xaa, 0x34, 0xff, 0x49, 0xaa, 0x34, 0xff,
    0x49, 0xaa, 0x34, 0xff, 0x49, 0xaa, 0x34, 0xff, 0x49, 0xaa, 0x34, 0xff, 0x49, 0xaa, 0x34, 0xff,
    0x48, 0xa8, 0x34, 0xff, 0x48, 0xa8, 0x34, 0xff, 0x48, 0xa8, 0x34, 0xff, 0x48, 0xa8, 0x34, 0xff,
    0x48, 0xa8, 0x34, 0xff, 0x48, 0xa8, 0x34, 0xff, 0x48, 0xa8, 0x34, 0xff, 0x48, 0xa8, 0x34, 0xff,
    0x45, 0xa7, 0x33, 0xff, 0x3e, 0xae, 0x2c, 0xff, 0x2e, 0xb6, 0x1e, 0xc5, 0x35, 0xb3, 0x21, 0x38,
    0x4e, 0xa5, 0x37, 0x00, 0x62, 0x94, 0x51, 0x00, 0x72, 0x82, 0x6f, 0x00, 0x7a, 0x79, 0x7d, 0x00,
    0x78, 0x7a, 0x7c, 0x00, 0x7a, 0x79, 0x7c, 0x00, 0x7c, 0x79, 0x7c, 0x00, 0x7c, 0x79, 0x7c, 0x00,
    0x7c, 0x7a, 0x7a, 0x00, 0x7c, 0x7b, 0x79, 0x00, 0x7c, 0x7a, 0x7a, 0x00, 0x7c, 0x7a, 0x7a, 0x00,
    0x00, 0x00, 0x00, 0x00, 0x00, 0x00, 0x00, 0x00, 0x00, 0x00, 0x00, 0x00, 0x00, 0x00, 0x00, 0x00,
    0x00, 0x00, 0x00, 0x00, 0x00, 0x00, 0x00, 0x00, 0x00, 0x00, 0x00, 0x00, 0x00, 0x00, 0x00, 0x00,
    0x00, 0x00, 0x00, 0x00, 0x00, 0x00, 0x00, 0x00, 0x00, 0x00, 0x00, 0x00, 0x00, 0x00, 0x00, 0x00,
    0x00, 0x00, 0x00, 0x00, 0x00, 0x00, 0x00, 0x00, 0x00, 0x00, 0x00, 0x00, 0x00, 0x00, 0x00, 0x00,
    0x00, 0x00, 0x00, 0x00, 0x00, 0x00, 0x00, 0x00, 0x00, 0x00, 0x00, 0x00, 0x00, 0x00, 0x00, 0x00,
    0x00, 0x00, 0x00, 0x00, 0x00, 0x00, 0x00, 0x00, 0x00, 0x00, 0x00, 0x00, 0x00, 0x00, 0x00, 0x00,
    0x00, 0x00, 0x00, 0x00, 0x00, 0x00, 0x00, 0x00, 0x00, 0x00, 0x00, 0x00, 0x00, 0x00, 0x00, 0x00,
    0x00, 0x00, 0x00, 0x00, 0x00, 0x00, 0x00, 0x00, 0x00, 0x00, 0x00, 0x00, 0x00, 0x00, 0x00, 0x00,
    0x00, 0x00, 0x00, 0x00, 0x00, 0x00, 0x00, 0x00, 0x00, 0x00, 0x00, 0x00, 0x00, 0x00, 0x00, 0x00,
    0x00, 0x00, 0x00, 0x00, 0x00, 0x00, 0x00, 0x00, 0x00, 0x00, 0x00, 0x00, 0x00, 0x00, 0x00, 0x00,
    0x00, 0x00, 0x00, 0x00, 0x00, 0x00, 0x00, 0x00, 0x00, 0x00, 0x00, 0x00, 0x00, 0x00, 0x00, 0x00,
    0x00, 0x00, 0x00, 0x00, 0x00, 0x00, 0x00, 0x00, 0x00, 0x00, 0x00, 0x00, 0x00, 0x00, 0x00, 0x00,
    0x00, 0x00, 0x00, 0x00, 0x00, 0x00, 0x00, 0x00, 0x00, 0x00, 0x00, 0x00, 0x00, 0x00, 0x00, 0x00,
    0x00, 0x00, 0x00, 0x00, 0x00, 0x00, 0x00, 0x00, 0x00, 0x00, 0x00, 0x00, 0x00, 0x00, 0x00, 0x00,
    0x77, 0x78, 0x75, 0x00, 0x77, 0x78, 0x75, 0x00, 0x77, 0x77, 0x77, 0x00, 0x85, 0x80, 0x5f, 0x00,
    0x9d, 0x8b, 0x25, 0x64, 0x9a, 0x97, 0x13, 0xcc, 0x76, 0xa2, 0x27, 0xf6, 0x5f, 0xaa, 0x33, 0xff,
    0x4f, 0xa9, 0x32, 0xff, 0x49, 0xaa, 0x34, 0xff, 0x49, 0xaa, 0x34, 0xff, 0x49, 0xaa, 0x34, 0xff,
    0x49, 0xaa, 0x34, 0xff, 0x49, 0xaa, 0x34, 0xff, 0x49, 0xaa, 0x34, 0xff, 0x49, 0xaa, 0x34, 0xff,
    0x48, 0xa8, 0x34, 0xff, 0x48, 0xa8, 0x34, 0xff, 0x48, 0xa8, 0x34, 0xff, 0x48, 0xa8, 0x34, 0xff,
    0x48, 0xa8, 0x34, 0xff, 0x48, 0xa8, 0x34, 0xff, 0x48, 0xa8, 0x34, 0xff, 0x48, 0xa8, 0x34, 0xff,
    0x45, 0xa6, 0x34, 0xff, 0x41, 0xa8, 0x33, 0xff, 0x3f, 0xaa, 0x30, 0xff, 0x43, 0xaa, 0x2e, 0xff,
    0x4b, 0xa8, 0x30, 0xb3, 0x57, 0x9d, 0x40, 0x22, 0x67, 0x8b, 0x5c, 0x00, 0x6f, 0x82, 0x6b, 0x00,
    0x6c, 0x86, 0x69, 0x00, 0x6e, 0x83, 0x6d, 0x00, 0x78, 0x7b, 0x79, 0x00, 0x7c, 0x79, 0x7c, 0x00,
    0x7c, 0x7b, 0x79, 0x00, 0x7a, 0x7b, 0x79, 0x00, 0x7a, 0x79, 0x7c, 0x00, 0x7a, 0x79, 0x7c, 0x00,
    0x00, 0x00, 0x00, 0x00, 0x00, 0x00, 0x00, 0x00, 0x00, 0x00, 0x00, 0x00, 0x00, 0x00, 0x00, 0x00,
    0x00, 0x00, 0x00, 0x00, 0x00, 0x00, 0x00, 0x00, 0x00, 0x00, 0x00, 0x00, 0x00, 0x00, 0x00, 0x00,
    0x00, 0x00, 0x00, 0x00, 0x00, 0x00, 0x00, 0x00, 0x00, 0x00, 0x00, 0x00, 0x00, 0x00, 0x00, 0x00,
    0x00, 0x00, 0x00, 0x00, 0x00, 0x00, 0x00, 0x00, 0x00, 0x00, 0x00, 0x00, 0x00, 0x00, 0x00, 0x00,
    0x00, 0x00, 0x00, 0x00, 0x00, 0x00, 0x00, 0x00, 0x00, 0x00, 0x00, 0x00, 0x00, 0x00, 0x00, 0x00,
    0x00, 0x00, 0x00, 0x00, 0x00, 0x00, 0x00, 0x00, 0x00, 0x00, 0x00, 0x00, 0x00, 0x00, 0x00, 0x00,
    0x00, 0x00, 0x00, 0x00, 0x00, 0x00, 0x00, 0x00, 0x00, 0x00, 0x00, 0x00, 0x00, 0x00, 0x00, 0x00,
    0x00, 0x00, 0x00, 0x00, 0x00, 0x00, 0x00, 0x00, 0x00, 0x00, 0x00, 0x00, 0x00, 0x00, 0x00, 0x00,
    0x00, 0x00, 0x00, 0x00, 0x00, 0x00, 0x00, 0x00, 0x00, 0x00, 0x00, 0x00, 0x00, 0x00, 0x00, 0x00,
    0x00, 0x00, 0x00, 0x00, 0x00, 0x00, 0x00, 0x00, 0x00, 0x00, 0x00, 0x00, 0x00, 0x00, 0x00, 0x00,
    0x00, 0x00, 0x00, 0x00, 0x00, 0x00, 0x00, 0x00, 0x00, 0x00, 0x00, 0x00, 0x00, 0x00, 0x00, 0x00,
    0x00, 0x00, 0x00, 0x00, 0x00, 0x00, 0x00, 0x00, 0x00, 0x00, 0x00, 0x00, 0x00, 0x00, 0x00, 0x00,
    0x00, 0x00, 0x00, 0x00, 0x00, 0x00, 0x00, 0x00, 0x00, 0x00, 0x00, 0x00, 0x00, 0x00, 0x00, 0x00,
    0x00, 0x00, 0x00, 0x00, 0x00, 0x00, 0x00, 0x00, 0x00, 0x00, 0x00, 0x00, 0x00, 0x01, 0x00, 0x00,
    0x77, 0x78, 0x74, 0x00, 0x77, 0x78, 0x74, 0x00, 0x75, 0x76, 0x78, 0x00, 0x8d, 0x7e, 0x60, 0x00,
    0xb8, 0x86, 0x21, 0xb4, 0xc1, 0x8e, 0x09, 0xff, 0xa5, 0x97, 0x16, 0xcb, 0x86, 0xa4, 0x24, 0xf6,
    0x5d, 0xa8, 0x2f, 0xff, 0x49, 0xaa, 0x34, 0xff, 0x49, 0xaa, 0x34, 0xff, 0x49, 0xaa, 0x34, 0xff,
    0x49, 0xaa, 0x34, 0xff, 0x49, 0xaa, 0x34, 0xff, 0x49, 0xaa, 0x34, 0xff, 0x49, 0xaa, 0x34, 0xff,
    0x48, 0xa8, 0x34, 0xff, 0x48, 0xa8, 0x34, 0xff, 0x48, 0xa8, 0x34, 0xff, 0x48, 0xa8, 0x34, 0xff,
    0x48, 0xa8, 0x34, 0xff, 0x48, 0xa8, 0x34, 0xff, 0x48, 0xa8, 0x34, 0xff, 0x48, 0xa8, 0x34, 0xff,
    0x47, 0xa6, 0x34, 0xff, 0x45, 0xa6, 0x34, 0xff, 0x43, 0xa7, 0x34, 0xff, 0x45, 0xa7, 0x33, 0xff,
    0x49, 0xa7, 0x31, 0xff, 0x4f, 0xa3, 0x36, 0xf9, 0x57, 0x9c, 0x41, 0x91, 0x59, 0x9a, 0x44, 0x10,
    0x56, 0x9e, 0x42, 0x00, 0x5e, 0x95, 0x51, 0x00, 0x72, 0x82, 0x6d, 0x00, 0x7c, 0x79, 0x7c, 0x00,
    0x7c, 0x7b, 0x79, 0x00, 0x7a, 0x7a, 0x7a, 0x00, 0x78, 0x7a, 0x7c, 0x00, 0x78, 0x7a, 0x7c, 0x00,
    0x00, 0x00, 0x00, 0x00, 0x00, 0x00, 0x00, 0x00, 0x00, 0x00, 0x00, 0x00, 0x00, 0x00, 0x00, 0x00,
    0x00, 0x00, 0x00, 0x00, 0x00, 0x00, 0x00, 0x00, 0x00, 0x00, 0x00, 0x00, 0x00, 0x00, 0x00, 0x00,
    0x00, 0x00, 0x00, 0x00, 0x00, 0x00, 0x00, 0x00, 0x00, 0x00, 0x00, 0x00, 0x00, 0x00, 0x00, 0x00,
    0x00, 0x00, 0x00, 0x00, 0x00, 0x00, 0x00, 0x00, 0x00, 0x00, 0x00, 0x00, 0x00, 0x00, 0x00, 0x00,
    0x00, 0x00, 0x00, 0x00, 0x00, 0x00, 0x00, 0x00, 0x00, 0x00, 0x00, 0x00, 0x00, 0x00, 0x00, 0x00,
    0x00, 0x00, 0x00, 0x00, 0x00, 0x00, 0x00, 0x00, 0x00, 0x00, 0x00, 0x00, 0x00, 0x00, 0x00, 0x00,
    0x00, 0x00, 0x00, 0x00, 0x00, 0x00, 0x00, 0x00, 0x00, 0x00, 0x00, 0x00, 0x00, 0x00, 0x00, 0x00,
    0x00, 0x00, 0x00, 0x00, 0x00, 0x00, 0x00, 0x00, 0x00, 0x00, 0x00, 0x00, 0x00, 0x00, 0x00, 0x00,
    0x00, 0x00, 0x00, 0x00, 0x00, 0x00, 0x00, 0x00, 0x00, 0x00, 0x00, 0x00, 0x00, 0x00, 0x00, 0x00,
    0x00, 0x00, 0x00, 0x00, 0x00, 0x00, 0x00, 0x00, 0x00, 0x00, 0x00, 0x00, 0x00, 0x00, 0x00, 0x00,
    0x00, 0x00, 0x00, 0x00, 0x00, 0x00, 0x00, 0x00, 0x00, 0x00, 0x00, 0x00, 0x00, 0x00, 0x00, 0x00,
    0x00, 0x00, 0x00, 0x00, 0x00, 0x00, 0x00, 0x00, 0x00, 0x00, 0x00, 0x00, 0x00, 0x00, 0x00, 0x00,
    0x00, 0x00, 0x00, 0x00, 0x00, 0x00, 0x00, 0x00, 0x00, 0x00, 0x00, 0x00, 0x00, 0x00, 0x00, 0x00,
    0x00, 0x00, 0x00, 0x00, 0x00, 0x00, 0x00, 0x00, 0x00, 0x00, 0x00, 0x00, 0x00, 0x01, 0x00, 0x00,
    0x79, 0x78, 0x74, 0x00, 0x77, 0x78, 0x75, 0x00, 0x75, 0x76, 0x7a, 0x00, 0x93, 0x7d, 0x60, 0x00,
    0xc7, 0x85, 0x20, 0xdc, 0xdd, 0x90, 0x06, 0xff, 0xc5, 0x92, 0x08, 0xff, 0xa0, 0x94, 0x0e, 0xcc,
    0x7d, 0xa6, 0x27, 0xf6, 0x5d, 0xa8, 0x2f, 0xff, 0x4f, 0xaa, 0x30, 0xff, 0x49, 0xaa, 0x34, 0xff,
    0x49, 0xaa, 0x34, 0xff, 0x49, 0xaa, 0x34, 0xff, 0x49, 0xaa, 0x34, 0xff, 0x49, 0xaa, 0x34, 0xff,
    0x48, 0xa8, 0x34, 0xff, 0x48, 0xa8, 0x34, 0xff, 0x48, 0xa8, 0x34, 0xff, 0x48, 0xa8, 0x34, 0xff,
    0x48, 0xa8, 0x34, 0xff, 0x48, 0xa8, 0x34, 0xff, 0x48, 0xa8, 0x34, 0xff, 0x48, 0xa8, 0x34, 0xff,
    0x49, 0xa5, 0x34, 0xff, 0x47, 0xa6, 0x34, 0xff, 0x45, 0xa5, 0x36, 0xff, 0x47, 0xa5, 0x36, 0xff,
    0x49, 0xa6, 0x33, 0xff, 0x4b, 0xa6, 0x33, 0xff, 0x4d, 0xa5, 0x34, 0xff, 0x4d, 0xa5, 0x33, 0xed,
    0x4c, 0xa9, 0x31, 0x77, 0x52, 0xa1, 0x3e, 0x07, 0x64, 0x8e, 0x5c, 0x00, 0x6e, 0x85, 0x6a, 0x00,
    0x70, 0x85, 0x69, 0x00, 0x72, 0x83, 0x6c, 0x00, 0x74, 0x7d, 0x77, 0x00, 0x76, 0x7a, 0x7c, 0x00,
    0x00, 0x00, 0x00, 0x00, 0x00, 0x00, 0x00, 0x00, 0x00, 0x00, 0x00, 0x00, 0x00, 0x00, 0x00, 0x00,
    0x00, 0x00, 0x00, 0x00, 0x00, 0x00, 0x00, 0x00, 0x00, 0x00, 0x00, 0x00, 0x00, 0x00, 0x00, 0x00,
    0x00, 0x00, 0x00, 0x00, 0x00, 0x00, 0x00, 0x00, 0x00, 0x00, 0x00, 0x00, 0x00, 0x00, 0x00, 0x00,
    0x00, 0x00, 0x00, 0x00, 0x00, 0x00, 0x00, 0x00, 0x00, 0x00, 0x00, 0x00, 0x00, 0x00, 0x00, 0x00,
    0x00, 0x00, 0x00, 0x00, 0x00, 0x00, 0x00, 0x00, 0x00, 0x00, 0x00, 0x00, 0x00, 0x00, 0x00, 0x00,
    0x00, 0x00, 0x00, 0x00, 0x00, 0x00, 0x00, 0x00, 0x00, 0x00, 0x00, 0x00, 0x00, 0x00, 0x00, 0x00,
    0x00, 0x00, 0x00, 0x00, 0x00, 0x00, 0x00, 0x00, 0x00, 0x00, 0x00, 0x00, 0x00, 0x00, 0x00, 0x00,
    0x00, 0x00, 0x00, 0x00, 0x00, 0x00, 0x00, 0x00, 0x00, 0x00, 0x00, 0x00, 0x00, 0x00, 0x00, 0x00,
    0x00, 0x00, 0x00, 0x00, 0x00, 0x00, 0x00, 0x00, 0x00, 0x00, 0x00, 0x00, 0x00, 0x00, 0x00, 0x00,
    0x00, 0x00, 0x00, 0x00, 0x00, 0x00, 0x00, 0x00, 0x00, 0x00, 0x00, 0x00, 0x00, 0x00, 0x00, 0x00,
    0x00, 0x00, 0x00, 0x00, 0x00, 0x00, 0x00, 0x00, 0x00, 0x00, 0x00, 0x00, 0x00, 0x00, 0x00, 0x00,
    0x00, 0x00, 0x00, 0x00, 0x00, 0x00, 0x00, 0x00, 0x00, 0x00, 0x00, 0x00, 0x00, 0x00, 0x00, 0x00,
    0x00, 0x00, 0x00, 0x00, 0x00, 0x00, 0x00, 0x00, 0x00, 0x00, 0x00, 0x00, 0x00, 0x00, 0x00, 0x00,
    0x00, 0x00, 0x00, 0x00, 0x00, 0x00, 0x00, 0x00, 0x00, 0x00, 0x00, 0x00, 0x00, 0x00, 0x00, 0x00,
    0x6d, 0x6c, 0x6a, 0x00, 0x6d, 0x6b, 0x6b, 0x00, 0x6b, 0x6a, 0x6d, 0x00, 0x87, 0x73, 0x52, 0x00,
    0xc5, 0x84, 0x1c, 0xf6, 0xdf, 0x8c, 0x01, 0xff, 0xd7, 0x8e, 0x01, 0xff, 0xc1, 0x91, 0x05, 0xff,
    0xa1, 0x96, 0x0f, 0xcb, 0x84, 0xa2, 0x20, 0xf6, 0x5b, 0xa8, 0x29, 0xff, 0x46, 0xaa, 0x31, 0xff,
    0x47, 0xa7, 0x31, 0xff, 0x47, 0xa7, 0x33, 0xff, 0x47, 0xa7, 0x33, 0xff, 0x47, 0xa7, 0x33, 0xff,
    0x49, 0xa6, 0x33, 0xff, 0x49, 0xa6, 0x33, 0xff, 0x49, 0xa6, 0x33, 0xff, 0x49, 0xa6, 0x33, 0xff,
    0x49, 0xa6, 0x33, 0xff, 0x49, 0xa6, 0x33, 0xff, 0x49, 0xa6, 0x33, 0xff, 0x49, 0xa6, 0x33, 0xff,
    0x48, 0xa4, 0x33, 0xff, 0x48, 0xa4, 0x33, 0xff, 0x45, 0xa5, 0x33, 0xff, 0x48, 0xa4, 0x33, 0xff,
    0x48, 0xa4, 0x33, 0xff, 0x48, 0xa4, 0x33, 0xff, 0x4a, 0xa4, 0x33, 0xff, 0x4a, 0xa5, 0x32, 0xff,
    0x4c, 0xa5, 0x30, 0xff, 0x4c, 0xa3, 0x35, 0xd9, 0x4e, 0x9d, 0x40, 0x55, 0x52, 0x99, 0x45, 0x00,
    0x54, 0x98, 0x42, 0x00, 0x5f, 0x90, 0x4f, 0x00, 0x6b, 0x80, 0x68, 0x00, 0x73, 0x78, 0x75, 0x00,
    0x77, 0x78, 0x75, 0x00, 0x77, 0x78, 0x75, 0x00, 0x75, 0x77, 0x77, 0x00, 0x73, 0x77, 0x78, 0x00,
    0x75, 0x76, 0x78, 0x00, 0x77, 0x76, 0x78, 0x00, 0x77, 0x76, 0x78, 0x00, 0x77, 0x76, 0x78, 0x00,
    0x00, 0x00, 0x02, 0x00, 0x00, 0x00, 0x02, 0x00, 0x00, 0x00, 0x00, 0x00, 0x00, 0x00, 0x00, 0x00,
    0x00, 0x00, 0x00, 0x00, 0x00, 0x00, 0x00, 0x00, 0x00, 0x00, 0x00, 0x00, 0x00, 0x00, 0x00, 0x00,
    0x00, 0x00, 0x00, 0x00, 0x00, 0x00, 0x00, 0x00, 0x00, 0x00, 0x00, 0x00, 0x00, 0x00, 0x00, 0x00,
    0x00, 0x00, 0x00, 0x00, 0x00, 0x00, 0x00, 0x00, 0x00, 0x00, 0x00, 0x00, 0x00, 0x00, 0x00, 0x00,
    0x00, 0x00, 0x00, 0x00, 0x00, 0x00, 0x00, 0x00, 0x00, 0x00, 0x00, 0x00, 0x00, 0x00, 0x00, 0x00,
    0x00, 0x00, 0x00, 0x00, 0x00, 0x00, 0x00, 0x00, 0x00, 0x00, 0x00, 0x00, 0x00, 0x00, 0x00, 0x00,
    0x00, 0x00, 0x00, 0x00, 0x00, 0x00, 0x00, 0x00, 0x00, 0x00, 0x00, 0x00, 0x00, 0x00, 0x00, 0x00,
    0x00, 0x00, 0x00, 0x00, 0x00, 0x00, 0x00, 0x00, 0x00, 0x00, 0x00, 0x00, 0x00, 0x00, 0x00, 0x00,
    0x00, 0x00, 0x00, 0x00, 0x00, 0x00, 0x00, 0x00, 0x00, 0x00, 0x00, 0x00, 0x00, 0x00, 0x00, 0x00,
    0x00, 0x00, 0x00, 0x00, 0x00, 0x00, 0x00, 0x00, 0x00, 0x00, 0x00, 0x00, 0x00, 0x00, 0x00, 0x00,
    0x00, 0x00, 0x00, 0x00, 0x00, 0x00, 0x00, 0x00, 0x00, 0x00, 0x00, 0x00, 0x00, 0x00, 0x00, 0x00,
    0x00, 0x00, 0x00, 0x00, 0x00, 0x00, 0x00, 0x00, 0x00, 0x00, 0x00, 0x00, 0x00, 0x00, 0x00, 0x00,
    0x6d, 0x6b, 0x6b, 0x00, 0x6d, 0x6b, 0x6b, 0x00, 0x6b, 0x6a, 0x6d, 0x00, 0x89, 0x72, 0x52, 0x00,
    0xc5, 0x85, 0x1b, 0xff, 0xe3, 0x8c, 0x00, 0xff, 0xe1, 0x8e, 0x00, 0xff, 0xd5, 0x8e, 0x01, 0xff,
    0xc1, 0x90, 0x06, 0xff, 0x9e, 0x95, 0x0e, 0xcc, 0x79, 0xa5, 0x23, 0xf6, 0x5b, 0xa7, 0x2b, 0xff,
    0x4d, 0xa7, 0x30, 0xff, 0x47, 0xa7, 0x33, 0xff, 0x47, 0xa7, 0x33, 0xff, 0x47, 0xa7, 0x33, 0xff,
    0x49, 0xa6, 0x33, 0xff, 0x49, 0xa6, 0x33, 0xff, 0x49, 0xa6, 0x33, 0xff, 0x49, 0xa6, 0x33, 0xff,
    0x49, 0xa6, 0x33, 0xff, 0x49, 0xa6, 0x33, 0xff, 0x49, 0xa6, 0x33, 0xff, 0x49, 0xa6, 0x33, 0xff,
    0x48, 0xa4, 0x33, 0xff, 0x48, 0xa4, 0x33, 0xff, 0x48, 0xa4, 0x33, 0xff, 0x48, 0xa4, 0x33, 0xff,
    0x48, 0xa4, 0x33, 0xff, 0x48, 0xa4, 0x33, 0xff, 0x48, 0xa4, 0x33, 0xff, 0x4a, 0xa4, 0x33, 0xff,
    0x4c, 0xa4, 0x32, 0xff, 0x4a, 0xa5, 0x32, 0xff, 0x43, 0xa4, 0x35, 0xff, 0x43, 0xa4, 0x35, 0xc7,
    0x48, 0xa3, 0x32, 0x39, 0x52, 0x9b, 0x3d, 0x00, 0x5f, 0x8c, 0x57, 0x00, 0x67, 0x84, 0x64, 0x00,
    0x67, 0x83, 0x61, 0x00, 0x6c, 0x7f, 0x67, 0x00, 0x70, 0x78, 0x72, 0x00, 0x72, 0x76, 0x77, 0x00,
    0x76, 0x75, 0x77, 0x00, 0x76, 0x75, 0x77, 0x00, 0x76, 0x75, 0x77, 0x00, 0x76, 0x75, 0x77, 0x00,
    0x00, 0x00, 0x02, 0x00, 0x00, 0x00, 0x02, 0x00, 0x00, 0x00, 0x00, 0x00, 0x00, 0x00, 0x00, 0x00,
    0x00, 0x00, 0x00, 0x00, 0x00, 0x00, 0x00, 0x00, 0x00, 0x00, 0x00, 0x00, 0x00, 0x00, 0x00, 0x00,
    0x00, 0x00, 0x00, 0x00, 0x00, 0x00, 0x00, 0x00, 0x00, 0x00, 0x00, 0x00, 0x00, 0x00, 0x00, 0x00,
    0x00, 0x00, 0x00, 0x00, 0x00, 0x00, 0x00, 0x00, 0x00, 0x00, 0x00, 0x00, 0x00, 0x00, 0x00, 0x00,
    0x00, 0x00, 0x00, 0x00, 0x00, 0x00, 0x00, 0x00, 0x00, 0x00, 0x00, 0x00, 0x00, 0x00, 0x00, 0x00,
    0x00, 0x00, 0x00, 0x00, 0x00, 0x00, 0x00, 0x00, 0x00, 0x00, 0x00, 0x00, 0x00, 0x00, 0x00, 0x00,
    0x00, 0x00, 0x00, 0x00, 0x00, 0x00, 0x00, 0x00, 0x00, 0x00, 0x00, 0x00, 0x00, 0x00, 0x00, 0x00,
    0x00, 0x00, 0x00, 0x00, 0x00, 0x00, 0x00, 0x00, 0x00, 0x00, 0x00, 0x00, 0x00, 0x00, 0x00, 0x00,
    0x00, 0x00, 0x00, 0x00, 0x00, 0x00, 0x00, 0x00, 0x00, 0x00, 0x00, 0x00, 0x00, 0x00, 0x00, 0x00,
    0x00, 0x00, 0x00, 0x00, 0x00, 0x00, 0x00, 0x00, 0x00, 0x00, 0x00, 0x00, 0x00, 0x00, 0x00, 0x00,
    0x00, 0x00, 0x00, 0x00, 0x00, 0x00, 0x00, 0x00, 0x00, 0x00, 0x00, 0x00, 0x00, 0x00, 0x00, 0x00,
    0x00, 0x00, 0x00, 0x00, 0x00, 0x00, 0x00, 0x00, 0x00, 0x00, 0x00, 0x00, 0x00, 0x00, 0x00, 0x00,
    0x6d, 0x6b, 0x6b, 0x00, 0x6d, 0x6b, 0x6b, 0x00, 0x6b, 0x6a, 0x6d, 0x00, 0x89, 0x72, 0x52, 0x00,
    0xc5, 0x85, 0x1b, 0xff, 0xe3, 0x8c, 0x00, 0xff, 0xe1, 0x8e, 0x00, 0xff, 0xdb, 0x8e, 0x00, 0xff,
    0xd1, 0x8c, 0x01, 0xff, 0xc0, 0x91, 0x09, 0xff, 0x9d, 0x93, 0x0e, 0xcc, 0x84, 0xa1, 0x22, 0xf6,
    0x5d, 0xa5, 0x2e, 0xff, 0x49, 0xa6, 0x33, 0xff, 0x47, 0xa7, 0x31, 0xff, 0x47, 0xa7, 0x31, 0xff,
    0x49, 0xa6, 0x33, 0xff, 0x49, 0xa6, 0x33, 0xff, 0x49, 0xa6, 0x33, 0xff, 0x49, 0xa6, 0x33, 0xff,
    0x49, 0xa6, 0x33, 0xff, 0x49, 0xa6, 0x33, 0xff, 0x49, 0xa6, 0x33, 0xff, 0x49, 0xa6, 0x33, 0xff,
    0x48, 0xa4, 0x33, 0xff, 0x48, 0xa4, 0x33, 0xff, 0x48, 0xa4, 0x33, 0xff, 0x48, 0xa4, 0x33, 0xff,
    0x48, 0xa4, 0x33, 0xff, 0x48, 0xa4, 0x33, 0xff, 0x48, 0xa4, 0x33, 0xff, 0x48, 0xa4, 0x33, 0xff,
    0x4a, 0xa5, 0x32, 0xff, 0x48, 0xa4, 0x33, 0xff, 0x45, 0xa4, 0x35, 0xff, 0x45, 0xa4, 0x35, 0xff,
    0x46, 0xa3, 0x32, 0xfe, 0x4a, 0xa1, 0x35, 0xaa, 0x52, 0x9b, 0x3d, 0x20, 0x52, 0x99, 0x42, 0x00,
    0x4d, 0x99, 0x3f, 0x00, 0x55, 0x91, 0x4c, 0x00, 0x69, 0x7e, 0x6a, 0x00, 0x74, 0x75, 0x77, 0x00,
    0x76, 0x76, 0x76, 0x00, 0x76, 0x76, 0x76, 0x00, 0x76, 0x75, 0x77, 0x00, 0x74, 0x75, 0x77, 0x00,
    0x00, 0x00, 0x00, 0x00, 0x00, 0x00, 0x00, 0x00, 0x00, 0x00, 0x00, 0x00, 0x00, 0x00, 0x00, 0x00,
    0x00, 0x00, 0x00, 0x00, 0x00, 0x00, 0x00, 0x00, 0x00, 0x00, 0x00, 0x00, 0x00, 0x00, 0x00, 0x00,
    0x00, 0x00, 0x00, 0x00, 0x00, 0x00, 0x00, 0x00, 0x00, 0x00, 0x00, 0x00, 0x00, 0x00, 0x00, 0x00,
    0x00, 0x00, 0x00, 0x00, 0x00, 0x00, 0x00, 0x00, 0x00, 0x00, 0x00, 0x00, 0x00, 0x00, 0x00, 0x00,
    0x00, 0x00, 0x00, 0x00, 0x00, 0x00, 0x00, 0x00, 0x00, 0x00, 0x00, 0x00, 0x00, 0x00, 0x00, 0x00,
    0x00, 0x00, 0x00, 0x00, 0x00, 0x00, 0x00, 0x00, 0x00, 0x00, 0x00, 0x00, 0x00, 0x00, 0x00, 0x00,
    0x00, 0x00, 0x00, 0x00, 0x00, 0x00, 0x00, 0x00, 0x00, 0x00, 0x00, 0x00, 0x00, 0x00, 0x00, 0x00,
    0x00, 0x00, 0x00, 0x00, 0x00, 0x00, 0x00, 0x00, 0x00, 0x00, 0x00, 0x00, 0x00, 0x00, 0x00, 0x00,
    0x00, 0x00, 0x00, 0x00, 0x00, 0x00, 0x00, 0x00, 0x00, 0x00, 0x00, 0x00, 0x00, 0x00, 0x00, 0x00,
    0x00, 0x00, 0x00, 0x00, 0x00, 0x00, 0x00, 0x00, 0x00, 0x00, 0x00, 0x00, 0x00, 0x00, 0x00, 0x00,
    0x00, 0x00, 0x00, 0x00, 0x00, 0x00, 0x00, 0x00, 0x00, 0x00, 0x00, 0x00, 0x00, 0x00, 0x00, 0x00,
    0x00, 0x00, 0x00, 0x00, 0x00, 0x00, 0x00, 0x00, 0x00, 0x00, 0x00, 0x00, 0x00, 0x00, 0x00, 0x00,
    0x6d, 0x6b, 0x6b, 0x00, 0x6d, 0x6b, 0x6b, 0x00, 0x6b, 0x6a, 0x6d, 0x00, 0x89, 0x72, 0x52, 0x00,
    0xc5, 0x85, 0x1b, 0xff, 0xe3, 0x8c, 0x00, 0xff, 0xe1, 0x8e, 0x00, 0xff, 0xdf, 0x8d, 0x00, 0xff,
    0xdc, 0x8b, 0x02, 0xff, 0xd1, 0x8a, 0x04, 0xff, 0xbf, 0x8f, 0x09, 0xff, 0xa1, 0x94, 0x12, 0xcc,
    0x7b, 0xa3, 0x26, 0xf6, 0x5d, 0xa6, 0x2c, 0xff, 0x4f, 0xa7, 0x30, 0xff, 0x47, 0xa7, 0x31, 0xff,
    0x49, 0xa6, 0x33, 0xff, 0x49, 0xa6, 0x33, 0xff, 0x49, 0xa6, 0x33, 0xff, 0x49, 0xa6, 0x33, 0xff,
    0x49, 0xa6, 0x33, 0xff, 0x49, 0xa6, 0x33, 0xff, 0x49, 0xa6, 0x33, 0xff, 0x49, 0xa6, 0x33, 0xff,
    0x48, 0xa4, 0x33, 0xff, 0x48, 0xa4, 0x33, 0xff, 0x48, 0xa4, 0x33, 0xff, 0x48, 0xa4, 0x33, 0xff,
    0x48, 0xa4, 0x33, 0xff, 0x48, 0xa4, 0x33, 0xff, 0x48, 0xa4, 0x33, 0xff, 0x48, 0xa4, 0x33, 0xff,
    0x48, 0xa4, 0x33, 0xff, 0x48, 0xa4, 0x33, 0xff, 0x45, 0xa4, 0x35, 0xff, 0x45, 0xa4, 0x35, 0xff,
    0x46, 0xa3, 0x32, 0xff, 0x46, 0xa3, 0x32, 0xff, 0x48, 0xa3, 0x32, 0xf6, 0x46, 0xa3, 0x32, 0x88,
    0x42, 0xa6, 0x2f, 0x0e, 0x4c, 0x9c, 0x3d, 0x00, 0x5f, 0x89, 0x57, 0x00, 0x6c, 0x7d, 0x68, 0x00,
    0x74, 0x79, 0x6f, 0x00, 0x76, 0x76, 0x74, 0x00, 0x74, 0x75, 0x77, 0x00, 0x74, 0x75, 0x77, 0x00,
    0x00, 0x00, 0x00, 0x00, 0x00, 0x00, 0x00, 0x00, 0x00, 0x00, 0x00, 0x00, 0x00, 0x00, 0x00, 0x00,
    0x00, 0x00, 0x00, 0x00, 0x00, 0x00, 0x00, 0x00, 0x00, 0x00, 0x00, 0x00, 0x00, 0x00, 0x00, 0x00,
    0x00, 0x00, 0x00, 0x00, 0x00, 0x00, 0x00, 0x00, 0x00, 0x00, 0x00, 0x00, 0x00, 0x00, 0x00, 0x00,
    0x00, 0x00, 0x00, 0x00, 0x00, 0x00, 0x00, 0x00, 0x00, 0x00, 0x00, 0x00, 0x00, 0x00, 0x00, 0x00,
    0x00, 0x00, 0x00, 0x00, 0x00, 0x00, 0x00, 0x00, 0x00, 0x00, 0x00, 0x00, 0x00, 0x00, 0x00, 0x00,
    0x00, 0x00, 0x00, 0x00, 0x00, 0x00, 0x00, 0x00, 0x00, 0x00, 0x00, 0x00, 0x00, 0x00, 0x00, 0x00,
    0x00, 0x00, 0x00, 0x00, 0x00, 0x00, 0x00, 0x00, 0x00, 0x00, 0x00, 0x00, 0x00, 0x00, 0x00, 0x00,
    0x00, 0x00, 0x00, 0x00, 0x00, 0x00, 0x00, 0x00, 0x00, 0x00, 0x00, 0x00, 0x00, 0x00, 0x00, 0x00,
    0x00, 0x00, 0x00, 0x00, 0x00, 0x00, 0x00, 0x00, 0x00, 0x00, 0x00, 0x00, 0x00, 0x00, 0x00, 0x00,
    0x00, 0x00, 0x00, 0x00, 0x00, 0x00, 0x00, 0x00, 0x00, 0x00, 0x00, 0x00, 0x00, 0x00, 0x00, 0x00,
    0x00, 0x00, 0x00, 0x00, 0x00, 0x00, 0x00, 0x00, 0x00, 0x00, 0x00, 0x00, 0x00, 0x00, 0x00, 0x00,
    0x00, 0x00, 0x00, 0x00, 0x00, 0x00, 0x00, 0x00, 0x00, 0x00, 0x00, 0x00, 0x00, 0x00, 0x00, 0x00,
    0x6d, 0x6b, 0x6b, 0x00, 0x6d, 0x6b, 0x6b, 0x00, 0x6b, 0x6a, 0x6d, 0x00, 0x89, 0x72, 0x52, 0x00,
    0xc4, 0x83, 0x1a, 0xff, 0xe2, 0x8b, 0x00, 0xff, 0xe0, 0x8d, 0x00, 0xff, 0xde, 0x8c, 0x00, 0xff,
    0xdc, 0x8b, 0x02, 0xff, 0xd8, 0x8a, 0x05, 0xff, 0xd2, 0x8b, 0x05, 0xff, 0xbe, 0x8e, 0x07, 0xff,
    0x9f, 0x94, 0x0b, 0xcc, 0x84, 0xa3, 0x1f, 0xf6, 0x5b, 0xa7, 0x2b, 0xff, 0x44, 0xa5, 0x2f, 0xff,
    0x46, 0xa4, 0x31, 0xff, 0x46, 0xa4, 0x31, 0xff, 0x46, 0xa4, 0x31, 0xff, 0x46, 0xa4, 0x31, 0xff,
    0x48, 0xa5, 0x32, 0xff, 0x48, 0xa5, 0x32, 0xff, 0x48, 0xa5, 0x32, 0xff, 0x48, 0xa5, 0x32, 0xff,
    0x46, 0xa3, 0x32, 0xff, 0x46, 0xa3, 0x32, 0xff, 0x46, 0xa3, 0x32, 0xff, 0x46, 0xa3, 0x32, 0xff,
    0x46, 0xa3, 0x32, 0xff, 0x46, 0xa3, 0x32, 0xff, 0x46, 0xa3, 0x32, 0xff, 0x46, 0xa3, 0x32, 0xff,
    0x44, 0xa4, 0x32, 0xff, 0x44, 0xa4, 0x32, 0xff, 0x46, 0xa3, 0x32, 0xff, 0x46, 0xa3, 0x32, 0xff,
    0x43, 0xa2, 0x33, 0xff, 0x43, 0xa2, 0x33, 0xff, 0x41, 0xa2, 0x33, 0xff, 0x41, 0xa3, 0x31, 0xff,
    0x44, 0xa4, 0x32, 0xeb, 0x4c, 0xa2, 0x36, 0x6f, 0x68, 0xac, 0x4f, 0x04, 0x5e, 0x8b, 0x49, 0x00,
    0x6c, 0x7f, 0x63, 0x00, 0x72, 0x76, 0x71, 0x00, 0x72, 0x73, 0x78, 0x00, 0x72, 0x73, 0x78, 0x00,
    0x00, 0x00, 0x02, 0x00, 0x00, 0x00, 0x00, 0x00, 0x00, 0x00, 0x00, 0x00, 0x00, 0x00, 0x00, 0x00,
    0x00, 0x00, 0x00, 0x00, 0x00, 0x00, 0x00, 0x00, 0x00, 0x00, 0x00, 0x00, 0x00, 0x00, 0x00, 0x00,
    0x00, 0x00, 0x00, 0x00, 0x00, 0x00, 0x00, 0x00, 0x00, 0x00, 0x00, 0x00, 0x00, 0x00, 0x00, 0x00,
    0x00, 0x00, 0x00, 0x00, 0x00, 0x00, 0x00, 0x00, 0x00, 0x00, 0x00, 0x00, 0x00, 0x00, 0x00, 0x00,
    0x00, 0x00, 0x00, 0x00, 0x00, 0x00, 0x00, 0x00, 0x00, 0x00, 0x00, 0x00, 0x00, 0x00, 0x00, 0x00,
    0x00, 0x00, 0x00, 0x00, 0x00, 0x00, 0x00, 0x00, 0x00, 0x00, 0x00, 0x00, 0x00, 0x00, 0x00, 0x00,
    0x00, 0x00, 0x00, 0x00, 0x00, 0x00, 0x00, 0x00, 0x00, 0x00, 0x00, 0x00, 0x00, 0x00, 0x00, 0x00,
    0x00, 0x00, 0x00, 0x00, 0x00, 0x00, 0x00, 0x00, 0x00, 0x00, 0x00, 0x00, 0x00, 0x00, 0x00, 0x00,
    0x00, 0x00, 0x00, 0x00, 0x00, 0x00, 0x00, 0x00, 0x00, 0x00, 0x00, 0x00, 0x00, 0x00, 0x00, 0x00,
    0x00, 0x00, 0x00, 0x00, 0x00, 0x00, 0x00, 0x00, 0x00, 0x00, 0x00, 0x00, 0x00, 0x00, 0x00, 0x00,
    0x00, 0x00, 0x00, 0x00, 0x00, 0x00, 0x00, 0x00, 0x00, 0x00, 0x00, 0x00, 0x00, 0x00, 0x00, 0x00,
    0x00, 0x00, 0x00, 0x00, 0x00, 0x00, 0x00, 0x00, 0x00, 0x00, 0x00, 0x00, 0x00, 0x00, 0x00, 0x00,
    0x6d, 0x6b, 0x6b, 0x00, 0x6d, 0x6b, 0x6b, 0x00, 0x6b, 0x6a, 0x6d, 0x00, 0x89, 0x72, 0x52, 0x00,
    0xc4, 0x83, 0x1a, 0xff, 0xe2, 0x8b, 0x00, 0xff, 0xe0, 0x8d, 0x00, 0xff, 0xde, 0x8c, 0x00, 0xff,
    0xdc, 0x8b, 0x02, 0xff, 0xdc, 0x8a, 0x03, 0xff, 0xda, 0x8a, 0x03, 0xff, 0xd2, 0x8c, 0x03, 0xff,
    0xbf, 0x90, 0x06, 0xff, 0x9e, 0x93, 0x0a, 0xcc, 0x79, 0xa1, 0x22, 0xf6, 0x5c, 0xa4, 0x2b, 0xff,
    0x4c, 0xa4, 0x2f, 0xff, 0x46, 0xa4, 0x31, 0xff, 0x46, 0xa4, 0x31, 0xff, 0x46, 0xa4, 0x31, 0xff,
    0x48, 0xa5, 0x32, 0xff, 0x48, 0xa5, 0x32, 0xff, 0x48, 0xa5, 0x32, 0xff, 0x48, 0xa5, 0x32, 0xff,
    0x46, 0xa3, 0x32, 0xff, 0x46, 0xa3, 0x32, 0xff, 0x46, 0xa3, 0x32, 0xff, 0x46, 0xa3, 0x32, 0xff,
    0x46, 0xa3, 0x32, 0xff, 0x46, 0xa3, 0x32, 0xff, 0x46, 0xa3, 0x32, 0xff, 0x46, 0xa3, 0x32, 0xff,
    0x44, 0xa4, 0x31, 0xff, 0x44, 0xa4, 0x31, 0xff, 0x44, 0xa4, 0x31, 0xff, 0x44, 0xa4, 0x32, 0xff,
    0x43, 0xa2, 0x33, 0xff, 0x43, 0xa2, 0x33, 0xff, 0x41, 0xa2, 0x33, 0xff, 0x41, 0xa2, 0x33, 0xff,
    0x42, 0xa0, 0x31, 0xff, 0x47, 0xa2, 0x31, 0xff, 0x4e, 0xa5, 0x30, 0xd7, 0x53, 0x98, 0x37, 0x55,
    0x60, 0x8a, 0x51, 0x00, 0x64, 0x81, 0x61, 0x00, 0x64, 0x7f, 0x66, 0x00, 0x68, 0x7c, 0x6b, 0x00,
    0x00, 0x02, 0x00, 0x00, 0x00, 0x00, 0x00, 0x00, 0x00, 0x00, 0x00, 0x00, 0x00, 0x00, 0x00, 0x00,
    0x00, 0x00, 0x00, 0x00, 0x00, 0x00, 0x00, 0x00, 0x00, 0x00, 0x00, 0x00, 0x00, 0x00, 0x00, 0x00,
    0x00, 0x00, 0x00, 0x00, 0x00, 0x00, 0x00, 0x00, 0x00, 0x00, 0x00, 0x00, 0x00, 0x00, 0x00, 0x00,
    0x00, 0x00, 0x00, 0x00, 0x00, 0x00, 0x00, 0x00, 0x00, 0x00, 0x00, 0x00, 0x00, 0x00, 0x00, 0x00,
    0x00, 0x00, 0x00, 0x00, 0x00, 0x00, 0x00, 0x00, 0x00, 0x00, 0x00, 0x00, 0x00, 0x00, 0x00, 0x00,
    0x00, 0x00, 0x00, 0x00, 0x00, 0x00, 0x00, 0x00, 0x00, 0x00, 0x00, 0x00, 0x00, 0x00, 0x00, 0x00,
    0x00, 0x00, 0x00, 0x00, 0x00, 0x00, 0x00, 0x00, 0x00, 0x00, 0x00, 0x00, 0x00, 0x00, 0x00, 0x00,
    0x00, 0x00, 0x00, 0x00, 0x00, 0x00, 0x00, 0x00, 0x00, 0x00, 0x00, 0x00, 0x00, 0x00, 0x00, 0x00,
    0x00, 0x00, 0x00, 0x00, 0x00, 0x00, 0x00, 0x00, 0x00, 0x00, 0x00, 0x00, 0x00, 0x00, 0x00, 0x00,
    0x00, 0x00, 0x00, 0x00, 0x00, 0x00, 0x00, 0x00, 0x00, 0x00, 0x00, 0x00, 0x00, 0x00, 0x00, 0x00,
    0x00, 0x00, 0x00, 0x00, 0x00, 0x00, 0x00, 0x00, 0x00, 0x00, 0x00, 0x00, 0x00, 0x00, 0x00, 0x00,
    0x00, 0x00, 0x00, 0x00, 0x00, 0x00, 0x00, 0x00, 0x00, 0x00, 0x00, 0x00, 0x00, 0x00, 0x00, 0x00,
    0x6d, 0x6b, 0x6b, 0x00, 0x6d, 0x6b, 0x6b, 0x00, 0x6b, 0x6a, 0x6d, 0x00, 0x89, 0x72, 0x52, 0x00,
    0xc4, 0x83, 0x1a, 0xff, 0xe2, 0x8b, 0x00, 0xff, 0xe0, 0x8d, 0x00, 0xff, 0xde, 0x8c, 0x00, 0xff,
    0xdc, 0x8b, 0x02, 0xff, 0xdc, 0x8b, 0x02, 0xff, 0xdc, 0x8b, 0x02, 0xff, 0xd8, 0x8b, 0x03, 0xff,
    0xd1, 0x89, 0x05, 0xff, 0xbe, 0x8d, 0x08, 0xff, 0x9c, 0x91, 0x0a, 0xcc, 0x84, 0xa0, 0x1e, 0xf6,
    0x5b, 0xa3, 0x2a, 0xff, 0x46, 0xa4, 0x31, 0xff, 0x46, 0xa4, 0x31, 0xff, 0x46, 0xa4, 0x31, 0xff,
    0x48, 0xa5, 0x32, 0xff, 0x48, 0xa5, 0x32, 0xff, 0x48, 0xa5, 0x32, 0xff, 0x48, 0xa5, 0x32, 0xff,
    0x46, 0xa3, 0x32, 0xff, 0x46, 0xa3, 0x32, 0xff, 0x46, 0xa3, 0x32, 0xff, 0x46, 0xa3, 0x32, 0xff,
    0x46, 0xa3, 0x32, 0xff, 0x46, 0xa3, 0x32, 0xff, 0x46, 0xa3, 0x32, 0xff, 0x46, 0xa4, 0x31, 0xff,
    0x46, 0xa6, 0x2c, 0xff, 0x44, 0xa7, 0x2c, 0xff, 0x44, 0xa4, 0x31, 0xff, 0x44, 0xa4, 0x32, 0xff,
    0x43, 0xa2, 0x31, 0xff, 0x45, 0xa2, 0x31, 0xff, 0x47, 0xa2, 0x31, 0xff, 0x47, 0xa2, 0x31, 0xff,
    0x40, 0xa0, 0x33, 0xff, 0x3f, 0xa0, 0x30, 0xff, 0x41, 0x9e, 0x2b, 0xff, 0x49, 0xa0, 0x33, 0xff,
    0x4a, 0x9a, 0x3b, 0xbb, 0x4a, 0x98, 0x40, 0x2f, 0x4a, 0x97, 0x41, 0x00, 0x54, 0x8e, 0x4e, 0x00,
    0x00, 0x08, 0x00, 0x00, 0x00, 0x00, 0x00, 0x00, 0x00, 0x00, 0x00, 0x00, 0x00, 0x00, 0x00, 0x00,
    0x00, 0x00, 0x00, 0x00, 0x00, 0x00, 0x00, 0x00, 0x00, 0x00, 0x00, 0x00, 0x00, 0x00, 0x00, 0x00,
    0x00, 0x00, 0x00, 0x00, 0x00, 0x00, 0x00, 0x00, 0x00, 0x00, 0x00, 0x00, 0x00, 0x00, 0x00, 0x00,
    0x00, 0x00, 0x00, 0x00, 0x00, 0x00, 0x00, 0x00, 0x00, 0x01, 0x00, 0x00, 0x00, 0x01, 0x00, 0x00,
    0x00, 0x00, 0x00, 0x00, 0x00, 0x00, 0x00, 0x00, 0x00, 0x00, 0x00, 0x00, 0x00, 0x00, 0x00, 0x00,
    0x00, 0x00, 0x00, 0x00, 0x00, 0x00, 0x00, 0x00, 0x00, 0x00, 0x00, 0x00, 0x00, 0x00, 0x00, 0x00,
    0x00, 0x00, 0x00, 0x00, 0x00, 0x00, 0x00, 0x00, 0x00, 0x00, 0x00, 0x00, 0x00, 0x00, 0x00, 0x00,
    0x00, 0x00, 0x00, 0x00, 0x00, 0x00, 0x00, 0x00, 0x00, 0x00, 0x00, 0x00, 0x00, 0x00, 0x00, 0x00,
    0x00, 0x00, 0x00, 0x00, 0x00, 0x00, 0x00, 0x00, 0x00, 0x00, 0x00, 0x00, 0x00, 0x00, 0x00, 0x00,
    0x00, 0x00, 0x00, 0x00, 0x00, 0x00, 0x00, 0x00, 0x00, 0x00, 0x00, 0x00, 0x00, 0x00, 0x00, 0x00,
    0x00, 0x00, 0x00, 0x00, 0x00, 0x00, 0x00, 0x00, 0x00, 0x00, 0x00, 0x00, 0x00, 0x00, 0x00, 0x00,
    0x00, 0x00, 0x00, 0x00, 0x00, 0x00, 0x00, 0x00, 0x00, 0x00, 0x00, 0x00, 0x00, 0x00, 0x00, 0x00,
    0x6b, 0x6b, 0x6b, 0x00, 0x6b, 0x6b, 0x6b, 0x00, 0x6b, 0x6a, 0x6d, 0x00, 0x89, 0x72, 0x52, 0x00,
    0xc4, 0x83, 0x1b, 0xff, 0xe0, 0x8c, 0x00, 0xff, 0xde, 0x8c, 0x00, 0xff, 0xde, 0x8c, 0x00, 0xff,
    0xdc, 0x8b, 0x02, 0xff, 0xdc, 0x8b, 0x02, 0xff, 0xdc, 0x8b, 0x02, 0xff, 0xdc, 0x8a, 0x03, 0xff,
    0xdc, 0x88, 0x07, 0xff, 0xd0, 0x88, 0x04, 0xff, 0xbf, 0x8d, 0x05, 0xff, 0x9b, 0x90, 0x09, 0xcc,
    0x79, 0xa1, 0x24, 0xf6, 0x5b, 0xa2, 0x2c, 0xff, 0x4c, 0xa4, 0x2f, 0xff, 0x46, 0xa4, 0x31, 0xff,
    0x48, 0xa5, 0x32, 0xff, 0x48, 0xa5, 0x32, 0xff, 0x48, 0xa5, 0x32, 0xff, 0x48, 0xa4, 0x33, 0xff,
    0x46, 0xa3, 0x32, 0xff, 0x46, 0xa3, 0x32, 0xff, 0x46, 0xa3, 0x32, 0xff, 0x46, 0xa3, 0x32, 0xff,
    0x46, 0xa3, 0x32, 0xff, 0x46, 0xa3, 0x32, 0xff, 0x46, 0xa3, 0x32, 0xff, 0x46, 0xa4, 0x31, 0xff,
    0x46, 0xa6, 0x2c, 0xff, 0x46, 0xa6, 0x2d, 0xff, 0x44, 0xa4, 0x32, 0xff, 0x44, 0xa3, 0x34, 0xff,
    0x45, 0xa2, 0x31, 0xff, 0x47, 0xa2, 0x31, 0xff, 0x4b, 0xa1, 0x31, 0xff, 0x49, 0xa1, 0x31, 0xff,
    0x43, 0xa1, 0x34, 0xff, 0x40, 0xa0, 0x33, 0xff, 0x47, 0xa5, 0x36, 0xff, 0x41, 0xa0, 0x2f, 0xff,
    0x40, 0xa2, 0x30, 0xff, 0x40, 0xa2, 0x30, 0xfd, 0x40, 0xa2, 0x30, 0xa2, 0x4a, 0x99, 0x3d, 0x19,
    0x00, 0x14, 0x00, 0x00, 0x00, 0x0b, 0x00, 0x00, 0x00, 0x0b, 0x00, 0x00, 0x00, 0x08, 0x00, 0x00,
    0x00, 0x03, 0x00, 0x00, 0x00, 0x00, 0x00, 0x00, 0x02, 0x00, 0x00, 0x00, 0x02, 0x00, 0x00, 0x00,
    0x00, 0x00, 0x00, 0x00, 0x00, 0x00, 0x00, 0x00, 0x00, 0x00, 0x00, 0x00, 0x00, 0x00, 0x02, 0x00,
    0x00, 0x00, 0x02, 0x00, 0x00, 0x00, 0x02, 0x00, 0x00, 0x00, 0x00, 0x00, 0x00, 0x01, 0x00, 0x00,
    0x00, 0x00, 0x00, 0x00, 0x00, 0x00, 0x00, 0x00, 0x00, 0x00, 0x00, 0x00, 0x00, 0x00, 0x00, 0x00,
    0x00, 0x00, 0x00, 0x00, 0x00, 0x00, 0x00, 0x00, 0x00, 0x00, 0x00, 0x00, 0x00, 0x00, 0x00, 0x00,
    0x00, 0x00, 0x00, 0x00, 0x00, 0x00, 0x00, 0x00, 0x00, 0x00, 0x00, 0x00, 0x00, 0x00, 0x00, 0x00,
    0x00, 0x00, 0x00, 0x00, 0x00, 0x00, 0x00, 0x00, 0x00, 0x00, 0x00, 0x00, 0x00, 0x00, 0x00, 0x00,
    0x00, 0x00, 0x00, 0x00, 0x00, 0x00, 0x00, 0x00, 0x00, 0x00, 0x00, 0x00, 0x00, 0x00, 0x00, 0x00,
    0x00, 0x00, 0x00, 0x00, 0x00, 0x00, 0x00, 0x00, 0x00, 0x00, 0x00, 0x00, 0x00, 0x00, 0x00, 0x00,
    0x00, 0x00, 0x00, 0x00, 0x00, 0x00, 0x00, 0x00, 0x00, 0x00, 0x00, 0x00, 0x00, 0x00, 0x00, 0x00,
    0x00, 0x00, 0x00, 0x00, 0x00, 0x00, 0x00, 0x00, 0x00, 0x00, 0x00, 0x00, 0x00, 0x00, 0x00, 0x00,
    0x69, 0x6a, 0x67, 0x00, 0x69, 0x6a, 0x67, 0x00, 0x69, 0x69, 0x69, 0x00, 0x87, 0x70, 0x4f, 0x00,
    0xbe, 0x81, 0x19, 0xff, 0xda, 0x89, 0x00, 0xff, 0xda, 0x89, 0x00, 0xff, 0xda, 0x89, 0x00, 0xff,
    0xdb, 0x8a, 0x01, 0xff, 0xd9, 0x89, 0x02, 0xff, 0xd9, 0x89, 0x02, 0xff, 0xd9, 0x89, 0x02, 0xff,
    0xd8, 0x87, 0x03, 0xff, 0xd6, 0x88, 0x03, 0xff, 0xd0, 0x89, 0x03, 0xff, 0xbc, 0x8c, 0x04, 0xff,
    0x9f, 0x92, 0x0e, 0xcc, 0x81, 0x9e, 0x1e, 0xf6, 0x57, 0xa2, 0x2b, 0xff, 0x45, 0xa5, 0x33, 0xff,
    0x43, 0xa3, 0x2f, 0xff, 0x43, 0xa3, 0x2f, 0xff, 0x43, 0xa2, 0x31, 0xff, 0x43, 0xa2, 0x31, 0xff,
    0x45, 0xa2, 0x31, 0xff, 0x45, 0xa2, 0x31, 0xff, 0x45, 0xa2, 0x31, 0xff, 0x45, 0xa2, 0x31, 0xff,
    0x45, 0xa2, 0x31, 0xff, 0x45, 0xa2, 0x31, 0xff, 0x45, 0xa2, 0x31, 0xff, 0x45, 0xa2, 0x31, 0xff,
    0x48, 0xa4, 0x31, 0xff, 0x48, 0xa3, 0x32, 0xff, 0x46, 0xa2, 0x34, 0xff, 0x46, 0xa2, 0x34, 0xff,
    0x47, 0xa1, 0x33, 0xff, 0x47, 0xa1, 0x33, 0xff, 0x49, 0xa0, 0x33, 0xff, 0x47, 0xa1, 0x33, 0xff,
    0x44, 0x9f, 0x33, 0xff, 0x42, 0xa0, 0x33, 0xff, 0x44, 0x9f, 0x33, 0xff, 0x43, 0x9f, 0x30, 0xff,
    0x41, 0x9f, 0x30, 0xff, 0x41, 0x9f, 0x30, 0xff, 0x41, 0x9f, 0x30, 0xff, 0x45, 0x9c, 0x35, 0xf4,
    0x4c, 0x99, 0x3d, 0x88, 0x49, 0x8f, 0x3a, 0x0d, 0x4c, 0x8d, 0x39, 0x00, 0x5a, 0x8a, 0x4c, 0x00,
    0x68, 0x79, 0x61, 0x00, 0x70, 0x71, 0x6e, 0x00, 0x74, 0x70, 0x6e, 0x00, 0x74, 0x6f, 0x70, 0x00,
    0xac, 0xaa, 0xaa, 0x00, 0xa8, 0xaa, 0xac, 0x00, 0xa4, 0xaa, 0xac, 0x00, 0xa4, 0xaa, 0xad, 0x00,
    0xa8, 0xa7, 0xb0, 0x00, 0xa8, 0xa7, 0xb0, 0x00, 0xa6, 0xaa, 0xac, 0x00, 0xa6, 0xac, 0xa8, 0x00,
    0x00, 0x00, 0x00, 0x00, 0x00, 0x00, 0x00, 0x00, 0x00, 0x00, 0x00, 0x00, 0x00, 0x00, 0x00, 0x00,
    0x00, 0x00, 0x00, 0x00, 0x00, 0x00, 0x00, 0x00, 0x00, 0x00, 0x00, 0x00, 0x00, 0x00, 0x00, 0x00,
    0x00, 0x01, 0x00, 0x00, 0x00, 0x01, 0x00, 0x00, 0x00, 0x01, 0x00, 0x00, 0x00, 0x01, 0x00, 0x00,
    0x00, 0x01, 0x00, 0x00, 0x00, 0x01, 0x00, 0x00, 0x00, 0x01, 0x00, 0x00, 0x00, 0x01, 0x00, 0x00,
    0x00, 0x00, 0x00, 0x00, 0x00, 0x00, 0x00, 0x00, 0x00, 0x00, 0x00, 0x00, 0x00, 0x00, 0x00, 0x00,
    0x00, 0x00, 0x00, 0x00, 0x00, 0x00, 0x00, 0x00, 0x00, 0x00, 0x00, 0x00, 0x00, 0x00, 0x00, 0x00,
    0x00, 0x00, 0x00, 0x00, 0x00, 0x00, 0x00, 0x00, 0x00, 0x00, 0x00, 0x00, 0x00, 0x00, 0x00, 0x00,
    0x00, 0x00, 0x00, 0x00, 0x00, 0x00, 0x00, 0x00, 0x00, 0x00, 0x00, 0x00, 0x00, 0x00, 0x00, 0x00,
    0x67, 0x6a, 0x67, 0x00, 0x69, 0x6a, 0x67, 0x00, 0x6b, 0x68, 0x69, 0x00, 0x87, 0x70, 0x4f, 0x00,
    0xbe, 0x80, 0x1b, 0xff, 0xd8, 0x89, 0x00, 0xff, 0xda, 0x89, 0x00, 0xff, 0xda, 0x89, 0x00, 0xff,
    0xd8, 0x88, 0x01, 0xff, 0xd8, 0x88, 0x01, 0xff, 0xd8, 0x88, 0x01, 0xff, 0xd8, 0x88, 0x01, 0xff,
    0xd8, 0x88, 0x01, 0xff, 0xd8, 0x88, 0x01, 0xff, 0xd8, 0x88, 0x01, 0xff, 0xce, 0x89, 0x03, 0xff,
    0xbd, 0x8c, 0x07, 0xff, 0x9a, 0x90, 0x0d, 0xcc, 0x76, 0x9f, 0x24, 0xf6, 0x57, 0xa2, 0x2b, 0xff,
    0x49, 0xa3, 0x2e, 0xff, 0x43, 0xa2, 0x31, 0xff, 0x43, 0xa2, 0x33, 0xff, 0x43, 0xa2, 0x33, 0xff,
    0x45, 0xa2, 0x31, 0xff, 0x45, 0xa2, 0x31, 0xff, 0x45, 0xa2, 0x31, 0xff, 0x45, 0xa2, 0x31, 0xff,
    0x45, 0xa2, 0x31, 0xff, 0x45, 0xa2, 0x31, 0xff, 0x45, 0xa2, 0x31, 0xff, 0x45, 0xa2, 0x31, 0xff,
    0x47, 0xa1, 0x33, 0xff, 0x47, 0xa1, 0x33, 0xff, 0x47, 0xa1, 0x33, 0xff, 0x47, 0xa1, 0x33, 0xff,
    0x46, 0xa0, 0x31, 0xff, 0x46, 0xa0, 0x31, 0xff, 0x46, 0xa0, 0x31, 0xff, 0x46, 0xa0, 0x31, 0xff,
    0x44, 0x9f, 0x33, 0xff, 0x44, 0x9f, 0x33, 0xff, 0x44, 0x9f, 0x33, 0xff, 0x44, 0x9f, 0x33, 0xff,
    0x43, 0x9e, 0x32, 0xff, 0x43, 0x9e, 0x32, 0xff, 0x43, 0x9e, 0x32, 0xff, 0x43, 0x9e, 0x32, 0xff,
    0x45, 0xa1, 0x33, 0xff, 0x3e, 0x9a, 0x2c, 0xe4, 0x49, 0xa0, 0x33, 0x66, 0x60, 0xa7, 0x4e, 0x03,
    0x5c, 0x83, 0x51, 0x00, 0x64, 0x7b, 0x5e, 0x00, 0x68, 0x7a, 0x5e, 0x00, 0x6a, 0x77, 0x63, 0x00,
    0xa8, 0xac, 0xa7, 0x00, 0xa8, 0xaa, 0xac, 0x00, 0xa4, 0xaa, 0xac, 0x00, 0xa4, 0xaa, 0xad, 0x00,
    0xa8, 0xa7, 0xb0, 0x00, 0xa8, 0xa7, 0xb0, 0x00, 0xa4, 0xaa, 0xac, 0x00, 0xa4, 0xab, 0xaa, 0x00,
    0x00, 0x00, 0x00, 0x00, 0x00, 0x00, 0x00, 0x00, 0x00, 0x00, 0x00, 0x00, 0x00, 0x00, 0x00, 0x00,
    0x00, 0x00, 0x00, 0x00, 0x00, 0x00, 0x00, 0x00, 0x00, 0x00, 0x00, 0x00, 0x00, 0x00, 0x00, 0x00,
    0x00, 0x01, 0x00, 0x00, 0x00, 0x01, 0x00, 0x00, 0x00, 0x01, 0x00, 0x00, 0x00, 0x01, 0x00, 0x00,
    0x00, 0x01, 0x00, 0x00, 0x00, 0x01, 0x00, 0x00, 0x00, 0x01, 0x00, 0x00, 0x00, 0x01, 0x00, 0x00,
    0x00, 0x00, 0x00, 0x00, 0x00, 0x00, 0x00, 0x00, 0x00, 0x00, 0x00, 0x00, 0x00, 0x00, 0x00, 0x00,
    0x00, 0x00, 0x00, 0x00, 0x00, 0x00, 0x00, 0x00, 0x00, 0x00, 0x00, 0x00, 0x00, 0x00, 0x00, 0x00,
    0x00, 0x00, 0x00, 0x00, 0x00, 0x00, 0x00, 0x00, 0x00, 0x00, 0x00, 0x00, 0x00, 0x00, 0x00, 0x00,
    0x00, 0x00, 0x00, 0x00, 0x00, 0x00, 0x00, 0x00, 0x00, 0x00, 0x00, 0x00, 0x00, 0x00, 0x00, 0x00,
    0x67, 0x6a, 0x67, 0x00, 0x69, 0x6a, 0x67, 0x00, 0x6b, 0x68, 0x69, 0x00, 0x87, 0x70, 0x4f, 0x00,
    0xbe, 0x80, 0x1b, 0xff, 0xd8, 0x89, 0x00, 0xff, 0xda, 0x89, 0x00, 0xff, 0xda, 0x89, 0x00, 0xff,
    0xd8, 0x88, 0x01, 0xff, 0xd8, 0x88, 0x01, 0xff, 0xd8, 0x88, 0x01, 0xff, 0xd8, 0x88, 0x01, 0xff,
    0xd8, 0x88, 0x01, 0xff, 0xd8, 0x88, 0x01, 0xff, 0xd8, 0x88, 0x01, 0xff, 0xd6, 0x88, 0x03, 0xff,
    0xcf, 0x86, 0x05, 0xff, 0xbe, 0x8c, 0x0b, 0xff, 0x9a, 0x91, 0x0c, 0xcc, 0x81, 0x9e, 0x1e, 0xf6,
    0x59, 0xa0, 0x2c, 0xff, 0x45, 0xa1, 0x33, 0xff, 0x43, 0xa2, 0x33, 0xff, 0x43, 0xa2, 0x33, 0xff,
    0x45, 0xa2, 0x31, 0xff, 0x45, 0xa2, 0x31, 0xff, 0x45, 0xa2, 0x31, 0xff, 0x45, 0xa2, 0x31, 0xff,
    0x45, 0xa2, 0x31, 0xff, 0x45, 0xa2, 0x31, 0xff, 0x45, 0xa2, 0x31, 0xff, 0x45, 0xa2, 0x31, 0xff,
    0x46, 0xa0, 0x31, 0xff, 0x46, 0xa0, 0x31, 0xff, 0x46, 0xa0, 0x31, 0xff, 0x46, 0xa0, 0x31, 0xff,
    0x45, 0x9e, 0x30, 0xff, 0x45, 0x9e, 0x30, 0xff, 0x45, 0x9e, 0x30, 0xff, 0x45, 0x9e, 0x30, 0xff,
    0x44, 0x9f, 0x33, 0xff, 0x44, 0x9f, 0x33, 0xff, 0x44, 0x9f, 0x33, 0xff, 0x44, 0x9f, 0x33, 0xff,
    0x43, 0x9e, 0x32, 0xff, 0x43, 0x9e, 0x32, 0xff, 0x45, 0x9e, 0x32, 0xff, 0x45, 0x9e, 0x32, 0xff,
    0x40, 0x99, 0x2d, 0xff, 0x45, 0x9e, 0x30, 0xff, 0x47, 0xa1, 0x33, 0xff, 0x47, 0x9c, 0x35, 0xd4,
    0x4b, 0x91, 0x3d, 0x49, 0x4d, 0x8e, 0x42, 0x00, 0x4d, 0x8f, 0x40, 0x00, 0x56, 0x88, 0x4b, 0x00,
    0xa0, 0xb2, 0x9d, 0x00, 0xa8, 0xaa, 0xaa, 0x00, 0xa8, 0xa9, 0xad, 0x00, 0xaa, 0xa8, 0xad, 0x00,
    0xac, 0xa9, 0xac, 0x00, 0xaa, 0xa9, 0xac, 0x00, 0xa6, 0xaa, 0xac, 0x00, 0xa6, 0xab, 0xaa, 0x00,
    0x00, 0x00, 0x00, 0x00, 0x00, 0x00, 0x00, 0x00, 0x00, 0x00, 0x00, 0x00, 0x00, 0x00, 0x00, 0x00,
    0x00, 0x00, 0x00, 0x00, 0x00, 0x00, 0x00, 0x00, 0x00, 0x00, 0x00, 0x00, 0x00, 0x00, 0x00, 0x00,
    0x00, 0x01, 0x00, 0x00, 0x00, 0x01, 0x00, 0x00, 0x00, 0x01, 0x00, 0x00, 0x00, 0x01, 0x00, 0x00,
    0x00, 0x01, 0x00, 0x00, 0x00, 0x01, 0x00, 0x00, 0x00, 0x01, 0x00, 0x00, 0x00, 0x01, 0x00, 0x00,
    0x00, 0x00, 0x00, 0x00, 0x00, 0x00, 0x00, 0x00, 0x00, 0x00, 0x00, 0x00, 0x00, 0x00, 0x00, 0x00,
    0x00, 0x00, 0x00, 0x00, 0x00, 0x00, 0x00, 0x00, 0x00, 0x00, 0x00, 0x00, 0x00, 0x00, 0x00, 0x00,
    0x00, 0x00, 0x00, 0x00, 0x00, 0x00, 0x00, 0x00, 0x00, 0x00, 0x00, 0x00, 0x00, 0x00, 0x00, 0x00,
    0x00, 0x00, 0x00, 0x00, 0x00, 0x00, 0x00, 0x00, 0x00, 0x00, 0x00, 0x00, 0x00, 0x00, 0x00, 0x00,
    0x67, 0x6a, 0x67, 0x00, 0x69, 0x6a, 0x67, 0x00, 0x6b, 0x68, 0x69, 0x00, 0x87, 0x70, 0x4f, 0x00,
    0xbe, 0x80, 0x1b, 0xff, 0xd8, 0x89, 0x00, 0xff, 0xda, 0x89, 0x00, 0xff, 0xda, 0x89, 0x00, 0xff,
    0xd8, 0x88, 0x01, 0xff, 0xd8, 0x88, 0x01, 0xff, 0xd8, 0x88, 0x01, 0xff, 0xd8, 0x88, 0x01, 0xff,
    0xd8, 0x88, 0x01, 0xff, 0xd8, 0x88, 0x01, 0xff, 0xd8, 0x88, 0x01, 0xff, 0xd8, 0x87, 0x03, 0xff,
    0xda, 0x85, 0x06, 0xff, 0xcf, 0x86, 0x05, 0xff, 0xbd, 0x8d, 0x05, 0xff, 0x9f, 0x92, 0x0e, 0xcc,
    0x78, 0x9e, 0x26, 0xf6, 0x59, 0xa0, 0x2e, 0xff, 0x4b, 0xa2, 0x2f, 0xff, 0x43, 0xa2, 0x31, 0xff,
    0x45, 0xa2, 0x31, 0xff, 0x45, 0xa2, 0x31, 0xff, 0x45, 0xa2, 0x31, 0xff, 0x45, 0xa2, 0x31, 0xff,
    0x45, 0xa2, 0x31, 0xff, 0x45, 0xa2, 0x31, 0xff, 0x45, 0xa2, 0x31, 0xff, 0x45, 0xa2, 0x31, 0xff,
    0x45, 0x9e, 0x30, 0xff, 0x45, 0x9e, 0x30, 0xff, 0x45, 0x9e, 0x30, 0xff, 0x45, 0x9e, 0x30, 0xff,
    0x44, 0x9d, 0x2f, 0xff, 0x44, 0x9d, 0x2f, 0xff, 0x45, 0x9e, 0x30, 0xff, 0x45, 0x9e, 0x30, 0xff,
    0x43, 0x9e, 0x32, 0xff, 0x43, 0x9e, 0x32, 0xff, 0x44, 0x9f, 0x33, 0xff, 0x44, 0x9f, 0x33, 0xff,
    0x43, 0x9e, 0x32, 0xff, 0x43, 0x9e, 0x32, 0xff, 0x45, 0x9e, 0x32, 0xff, 0x45, 0x9e, 0x32, 0xff,
    0x44, 0x9c, 0x31, 0xff, 0x43, 0x9b, 0x30, 0xff, 0x44, 0x9c, 0x31, 0xff, 0x45, 0x9e, 0x32, 0xff,
    0x45, 0x9a, 0x31, 0xff, 0x43, 0x99, 0x30, 0xbb, 0x41, 0x99, 0x30, 0x2c, 0x49, 0x92, 0x3b, 0x00,
    0x92, 0xbe, 0x8c, 0x00, 0x9c, 0xb7, 0x97, 0x00, 0x9e, 0xb5, 0x98, 0x00, 0xa2, 0xb2, 0x9d, 0x00,
    0xaa, 0xac, 0xa5, 0x00, 0xac, 0xaa, 0xaa, 0x00, 0xaa, 0xa9, 0xac, 0x00, 0xaa, 0xa9, 0xac, 0x00,
    0x00, 0x00, 0x00, 0x00, 0x00, 0x00, 0x00, 0x00, 0x00, 0x00, 0x00, 0x00, 0x00, 0x00, 0x00, 0x00,
    0x00, 0x00, 0x00, 0x00, 0x00, 0x00, 0x00, 0x00, 0x00, 0x00, 0x00, 0x00, 0x00, 0x00, 0x00, 0x00,
    0x00, 0x01, 0x00, 0x00, 0x00, 0x01, 0x00, 0x00, 0x00, 0x01, 0x00, 0x00, 0x00, 0x01, 0x00, 0x00,
    0x00, 0x01, 0x00, 0x00, 0x00, 0x01, 0x00, 0x00, 0x00, 0x01, 0x00, 0x00, 0x00, 0x01, 0x00, 0x00,
    0x00, 0x00, 0x00, 0x00, 0x00, 0x00, 0x00, 0x00, 0x00, 0x00, 0x00, 0x00, 0x00, 0x00, 0x00, 0x00,
    0x00, 0x00, 0x00, 0x00, 0x00, 0x00, 0x00, 0x00, 0x00, 0x00, 0x00, 0x00, 0x00, 0x00, 0x00, 0x00,
    0x00, 0x00, 0x00, 0x00, 0x00, 0x00, 0x00, 0x00, 0x00, 0x00, 0x00, 0x00, 0x00, 0x00, 0x00, 0x00,
    0x00, 0x00, 0x00, 0x00, 0x00, 0x00, 0x00, 0x00, 0x00, 0x00, 0x00, 0x00, 0x00, 0x00, 0x00, 0x00,
    0x66, 0x69, 0x66, 0x00, 0x68, 0x68, 0x66, 0x00, 0x6a, 0x67, 0x68, 0x00, 0x86, 0x6f, 0x4e, 0x00,
    0xbc, 0x7f, 0x19, 0xff, 0xd7, 0x88, 0x00, 0xff, 0xd9, 0x87, 0x00, 0xff, 0xd9, 0x87, 0x00, 0xff,
    0xd7, 0x87, 0x00, 0xff, 0xd7, 0x87, 0x00, 0xff, 0xd7, 0x87, 0x00, 0xff, 0xd7, 0x87, 0x00, 0xff,
    0xd7, 0x87, 0x00, 0xff, 0xd7, 0x87, 0x00, 0xff, 0xd7, 0x87, 0x00, 0xff, 0xd7, 0x86, 0x01, 0xff,
    0xd9, 0x85, 0x03, 0xff, 0xd5, 0x86, 0x03, 0xff, 0xcf, 0x88, 0x01, 0xff, 0xba, 0x89, 0x06, 0xff,
    0x98, 0x89, 0x0c, 0xcc, 0x7e, 0x9a, 0x1f, 0xf6, 0x56, 0xa1, 0x29, 0xff, 0x42, 0xa2, 0x2e, 0xff,
    0x43, 0xa0, 0x2f, 0xff, 0x43, 0xa0, 0x2f, 0xff, 0x43, 0xa0, 0x2f, 0xff, 0x43, 0xa0, 0x2f, 0xff,
    0x43, 0xa0, 0x2f, 0xff, 0x43, 0xa0, 0x2f, 0xff, 0x43, 0xa0, 0x2f, 0xff, 0x43, 0xa0, 0x2f, 0xff,
    0x45, 0x9e, 0x30, 0xff, 0x45, 0x9e, 0x30, 0xff, 0x45, 0x9e, 0x30, 0xff, 0x45, 0x9e, 0x30, 0xff,
    0x44, 0x9d, 0x2f, 0xff, 0x44, 0x9d, 0x2f, 0xff, 0x44, 0x9d, 0x2f, 0xff, 0x44, 0x9d, 0x2f, 0xff,
    0x44, 0x9c, 0x31, 0xff, 0x44, 0x9c, 0x31, 0xff, 0x44, 0x9c, 0x31, 0xff, 0x44, 0x9c, 0x31, 0xff,
    0x43, 0x9b, 0x30, 0xff, 0x43, 0x9b, 0x30, 0xff, 0x43, 0x9b, 0x30, 0xff, 0x43, 0x9b, 0x30, 0xff,
    0x43, 0x9b, 0x30, 0xff, 0x43, 0x9b, 0x30, 0xff, 0x45, 0x9b, 0x30, 0xff, 0x45, 0x9b, 0x30, 0xff,
    0x43, 0x9b, 0x2d, 0xff, 0x43, 0x9b, 0x2d, 0xff, 0x45, 0x9a, 0x2d, 0xfb, 0x45, 0x99, 0x30, 0x99,
    0x47, 0x96, 0x35, 0x17, 0x81, 0xcc, 0x6e, 0x00, 0x84, 0xcf, 0x71, 0x00, 0x8e, 0xc5, 0x7f, 0x00,
    0xa2, 0xb5, 0xa0, 0x00, 0xac, 0xa9, 0xac, 0x00, 0xb0, 0xa8, 0xac, 0x00, 0xb0, 0xa8, 0xac, 0x00,
    0x02, 0x00, 0x00, 0x00, 0x00, 0x00, 0x00, 0x00, 0x00, 0x00, 0x00, 0x00, 0x00, 0x00, 0x00, 0x00,
    0x00, 0x00, 0x00, 0x00, 0x00, 0x00, 0x00, 0x00, 0x00, 0x00, 0x00, 0x00, 0x00, 0x00, 0x00, 0x00,
    0x00, 0x01, 0x00, 0x00, 0x00, 0x01, 0x00, 0x00, 0x00, 0x01, 0x00, 0x00, 0x00, 0x01, 0x00, 0x00,
    0x00, 0x01, 0x00, 0x00, 0x00, 0x01, 0x00, 0x00, 0x00, 0x01, 0x00, 0x00, 0x00, 0x01, 0x00, 0x00,
    0x00, 0x00, 0x00, 0x00, 0x00, 0x00, 0x00, 0x00, 0x00, 0x00, 0x00, 0x00, 0x00, 0x00, 0x00, 0x00,
    0x00, 0x00, 0x00, 0x00, 0x00, 0x00, 0x00, 0x00, 0x00, 0x00, 0x00, 0x00, 0x00, 0x00, 0x00, 0x00,
    0x00, 0x00, 0x00, 0x00, 0x00, 0x00, 0x00, 0x00, 0x00, 0x00, 0x00, 0x00, 0x00, 0x00, 0x00, 0x00,
    0x00, 0x00, 0x00, 0x00, 0x00, 0x00, 0x00, 0x00, 0x00, 0x00, 0x00, 0x00, 0x00, 0x00, 0x00, 0x00,
    0x66, 0x69, 0x66, 0x00, 0x68, 0x68, 0x66, 0x00, 0x6a, 0x67, 0x68, 0x00, 0x86, 0x6f, 0x4e, 0x00,
    0xbc, 0x7f, 0x19, 0xff, 0xd7, 0x88, 0x00, 0xff, 0xd9, 0x87, 0x00, 0xff, 0xd9, 0x87, 0x00, 0xff,
    0xd7, 0x87, 0x00, 0xff, 0xd7, 0x87, 0x00, 0xff, 0xd7, 0x87, 0x00, 0xff, 0xd7, 0x87, 0x00, 0xff,
    0xd7, 0x87, 0x00, 0xff, 0xd7, 0x87, 0x00, 0xff, 0xd7, 0x87, 0x00, 0xff, 0xd7, 0x87, 0x00, 0xff,
    0xd9, 0x86, 0x01, 0xff, 0xd9, 0x86, 0x01, 0xff, 0xd7, 0x86, 0x01, 0xff, 0xcf, 0x87, 0x03, 0xff,
    0xba, 0x88, 0x08, 0xff, 0x99, 0x8b, 0x0c, 0xcc, 0x74, 0x9c, 0x1f, 0xf6, 0x58, 0xa1, 0x28, 0xff,
    0x49, 0xa0, 0x2b, 0xff, 0x43, 0xa0, 0x2f, 0xff, 0x43, 0xa0, 0x2f, 0xff, 0x43, 0xa0, 0x2f, 0xff,
    0x43, 0xa0, 0x2f, 0xff, 0x43, 0xa0, 0x2f, 0xff, 0x43, 0xa0, 0x2f, 0xff, 0x43, 0xa0, 0x2f, 0xff,
    0x44, 0x9d, 0x2f, 0xff, 0x44, 0x9d, 0x2f, 0xff, 0x44, 0x9d, 0x2f, 0xff, 0x44, 0x9d, 0x2f, 0xff,
    0x43, 0x9c, 0x2e, 0xff, 0x43, 0x9c, 0x2e, 0xff, 0x43, 0x9c, 0x2e, 0xff, 0x43, 0x9c, 0x2e, 0xff,
    0x43, 0x9b, 0x30, 0xff, 0x43, 0x9b, 0x30, 0xff, 0x43, 0x9b, 0x30, 0xff, 0x43, 0x9b, 0x30, 0xff,
    0x41, 0x9a, 0x2e, 0xff, 0x41, 0x9a, 0x2e, 0xff, 0x41, 0x9a, 0x2e, 0xff, 0x41, 0x9a, 0x2e, 0xff,
    0x41, 0x9a, 0x2e, 0xff, 0x43, 0x9a, 0x2e, 0xff, 0x45, 0x99, 0x2e, 0xff, 0x43, 0x9a, 0x2e, 0xff,
    0x3f, 0x9b, 0x2d, 0xff, 0x3f, 0x9c, 0x2b, 0xff, 0x43, 0x9b, 0x2b, 0xff, 0x3f, 0x9b, 0x2e, 0xff,
    0x39, 0x9a, 0x32, 0xf3, 0x30, 0x98, 0x35, 0x80, 0x27, 0x95, 0x3a, 0x08, 0x69, 0xc9, 0x8a, 0x00,
    0x7b, 0xb5, 0xaa, 0x00, 0x91, 0xab, 0xb6, 0x00, 0xa9, 0xa9, 0xb0, 0x00, 0xb1, 0xa6, 0xaa, 0x00,
    0x02, 0x00, 0x00, 0x00, 0x00, 0x00, 0x00, 0x00, 0x00, 0x00, 0x00, 0x00, 0x00, 0x00, 0x00, 0x00,
    0x00, 0x00, 0x00, 0x00, 0x00, 0x00, 0x00, 0x00, 0x00, 0x00, 0x00, 0x00, 0x00, 0x00, 0x00, 0x00,
    0x00, 0x01, 0x00, 0x00, 0x00, 0x01, 0x00, 0x00, 0x00, 0x01, 0x00, 0x00, 0x00, 0x01, 0x00, 0x00,
    0x00, 0x01, 0x00, 0x00, 0x00, 0x01, 0x00, 0x00, 0x00, 0x01, 0x00, 0x00, 0x00, 0x01, 0x00, 0x00,
    0x00, 0x00, 0x00, 0x00, 0x00, 0x00, 0x00, 0x00, 0x00, 0x00, 0x00, 0x00, 0x00, 0x00, 0x00, 0x00,
    0x00, 0x00, 0x00, 0x00, 0x00, 0x00, 0x00, 0x00, 0x00, 0x00, 0x00, 0x00, 0x00, 0x00, 0x00, 0x00,
    0x00, 0x00, 0x00, 0x00, 0x00, 0x00, 0x00, 0x00, 0x00, 0x00, 0x00, 0x00, 0x00, 0x00, 0x00, 0x00,
    0x00, 0x00, 0x00, 0x00, 0x00, 0x00, 0x00, 0x00, 0x00, 0x00, 0x00, 0x00, 0x00, 0x00, 0x00, 0x00,
    0x66, 0x69, 0x66, 0x00, 0x68, 0x68, 0x66, 0x00, 0x6a, 0x67, 0x68, 0x00, 0x86, 0x6f, 0x4e, 0x00,
    0xbc, 0x7f, 0x19, 0xff, 0xd7, 0x88, 0x00, 0xff, 0xd9, 0x87, 0x00, 0xff, 0xd9, 0x87, 0x00, 0xff,
    0xd7, 0x87, 0x00, 0xff, 0xd7, 0x87, 0x00, 0xff, 0xd7, 0x87, 0x00, 0xff, 0xd7, 0x87, 0x00, 0xff,
    0xd7, 0x87, 0x00, 0xff, 0xd7, 0x87, 0x00, 0xff, 0xd7, 0x87, 0x00, 0xff, 0xd7, 0x87, 0x00, 0xff,
    0xd9, 0x86, 0x01, 0xff, 0xd9, 0x86, 0x01, 0xff, 0xd9, 0x85, 0x03, 0xff, 0xd5, 0x86, 0x03, 0xff,
    0xcd, 0x85, 0x04, 0xff, 0xba, 0x88, 0x08, 0xff, 0x99, 0x8b, 0x0c, 0xcc, 0x80, 0x9a, 0x1e, 0xf6,
    0x57, 0x9e, 0x2a, 0xff, 0x43, 0xa0, 0x2f, 0xff, 0x43, 0xa0, 0x2f, 0xff, 0x43, 0xa0, 0x2f, 0xff,
    0x43, 0xa0, 0x2f, 0xff, 0x43, 0xa0, 0x2f, 0xff, 0x43, 0xa0, 0x2f, 0xff, 0x43, 0xa0, 0x2f, 0xff,
    0x44, 0x9d, 0x2f, 0xff, 0x44, 0x9d, 0x2f, 0xff, 0x44, 0x9d, 0x2f, 0xff, 0x44, 0x9d, 0x2f, 0xff,
    0x43, 0x9c, 0x2e, 0xff, 0x43, 0x9c, 0x2e, 0xff, 0x43, 0x9c, 0x2e, 0xff, 0x43, 0x9c, 0x2e, 0xff,
    0x43, 0x9b, 0x30, 0xff, 0x43, 0x9b, 0x30, 0xff, 0x43, 0x9b, 0x30, 0xff, 0x43, 0x9b, 0x30, 0xff,
    0x41, 0x9a, 0x2e, 0xff, 0x41, 0x9a, 0x2e, 0xff, 0x41, 0x9a, 0x2e, 0xff, 0x41, 0x9a, 0x2e, 0xff,
    0x41, 0x99, 0x30, 0xff, 0x43, 0x9a, 0x2e, 0xff, 0x47, 0x9a, 0x2d, 0xff, 0x43, 0x9b, 0x2d, 0xff,
    0x3b, 0x9b, 0x2e, 0xff, 0x39, 0x9d, 0x2d, 0xff, 0x3b, 0x9d, 0x2b, 0xff, 0x37, 0x9a, 0x33, 0xff,
    0x2a, 0x91, 0x45, 0xff, 0x3a, 0xac, 0x7c, 0xcc, 0x66, 0xea, 0xd7, 0xdb, 0x5f, 0xe4, 0xe9, 0x66,
    0x7f, 0xf7, 0xff, 0x02, 0x5a, 0xae, 0xc5, 0x00, 0x8e, 0xa3, 0xaf, 0x00, 0xb1, 0xa8, 0xae, 0x00,
    0x02, 0x00, 0x02, 0x00, 0x00, 0x00, 0x00, 0x00, 0x00, 0x00, 0x00, 0x00, 0x00, 0x00, 0x00, 0x00,
    0x00, 0x00, 0x00, 0x00, 0x00, 0x00, 0x00, 0x00, 0x00, 0x00, 0x00, 0x00, 0x00, 0x00, 0x00, 0x00,
    0x00, 0x01, 0x00, 0x00, 0x00, 0x01, 0x00, 0x00, 0x00, 0x01, 0x00, 0x00, 0x00, 0x01, 0x00, 0x00,
    0x00, 0x01, 0x00, 0x00, 0x00, 0x01, 0x00, 0x00, 0x00, 0x01, 0x00, 0x00, 0x00, 0x01, 0x00, 0x00,
    0x00, 0x00, 0x00, 0x00, 0x00, 0x00, 0x00, 0x00, 0x00, 0x00, 0x00, 0x00, 0x00, 0x00, 0x00, 0x00,
    0x00, 0x00, 0x00, 0x00, 0x00, 0x00, 0x00, 0x00, 0x00, 0x00, 0x00, 0x00, 0x00, 0x00, 0x00, 0x00,
    0x00, 0x00, 0x00, 0x00, 0x00, 0x00, 0x00, 0x00, 0x00, 0x00, 0x00, 0x00, 0x00, 0x00, 0x00, 0x00,
    0x00, 0x00, 0x00, 0x00, 0x00, 0x00, 0x00, 0x00, 0x00, 0x00, 0x00, 0x00, 0x00, 0x00, 0x00, 0x00,
    0x66, 0x69, 0x66, 0x00, 0x68, 0x68, 0x66, 0x00, 0x6a, 0x67, 0x68, 0x00, 0x84, 0x6f, 0x4e, 0x00,
    0xba, 0x7f, 0x19, 0xff, 0xd7, 0x87, 0x00, 0xff, 0xd7, 0x88, 0x00, 0xff, 0xd7, 0x88, 0x00, 0xff,
    0xd7, 0x87, 0x00, 0xff, 0xd7, 0x86, 0x01, 0xff, 0xd7, 0x86, 0x01, 0xff, 0xd7, 0x86, 0x01, 0xff,
    0xd7, 0x86, 0x01, 0xff, 0xd7, 0x86, 0x01, 0xff, 0xd7, 0x86, 0x01, 0xff, 0xd7, 0x86, 0x01, 0xff,
    0xd7, 0x86, 0x01, 0xff, 0xd9, 0x86, 0x01, 0xff, 0xd9, 0x85, 0x03, 0xff, 0xd9, 0x85, 0x03, 0xff,
    0xd7, 0x84, 0x02, 0xff, 0xcd, 0x85, 0x04, 0xff, 0xba, 0x89, 0x06, 0xff, 0x99, 0x8b, 0x0c, 0xcc,
    0x77, 0x9b, 0x23, 0xf6, 0x57, 0x9e, 0x2a, 0xff, 0x49, 0x9f, 0x2d, 0xff, 0x43, 0xa0, 0x2f, 0xff,
    0x43, 0x9f, 0x30, 0xff, 0x43, 0x9f, 0x30, 0xff, 0x43, 0x9f, 0x30, 0xff, 0x43, 0x9f, 0x30, 0xff,
    0x44, 0x9d, 0x2f, 0xff, 0x44, 0x9d, 0x2f, 0xff, 0x44, 0x9d, 0x2f, 0xff, 0x44, 0x9d, 0x2f, 0xff,
    0x43, 0x9c, 0x2e, 0xff, 0x43, 0x9c, 0x2e, 0xff, 0x43, 0x9c, 0x2e, 0xff, 0x43, 0x9c, 0x2e, 0xff,
    0x43, 0x9b, 0x30, 0xff, 0x43, 0x9b, 0x30, 0xff, 0x43, 0x9b, 0x30, 0xff, 0x43, 0x9b, 0x30, 0xff,
    0x41, 0x9a, 0x2e, 0xff, 0x41, 0x9a, 0x2e, 0xff, 0x41, 0x9a, 0x2e, 0xff, 0x41, 0x99, 0x30, 0xff,
    0x43, 0x98, 0x32, 0xff, 0x45, 0x99, 0x30, 0xff, 0x47, 0x9a, 0x2d, 0xff, 0x43, 0x9b, 0x2d, 0xff,
    0x3b, 0x9b, 0x2e, 0xff, 0x35, 0x9c, 0x30, 0xff, 0x31, 0x9b, 0x33, 0xff, 0x27, 0x95, 0x43, 0xff,
    0x3b, 0xae, 0x82, 0xcc, 0x65, 0xe2, 0xdb, 0xf7, 0x4c, 0xda, 0xf3, 0xff, 0x40, 0xd7, 0xfe, 0xff,
    0x3e, 0xd5, 0xfc, 0xcb, 0x5d, 0xd6, 0xf6, 0x3e, 0x71, 0xab, 0xc2, 0x00, 0x89, 0xa8, 0xb7, 0x00,
    0x00, 0x00, 0x0d, 0x00, 0x00, 0x01, 0x08, 0x00, 0x00, 0x01, 0x02, 0x00, 0x00, 0x01, 0x00, 0x00,
    0x00, 0x00, 0x00, 0x00, 0x02, 0x00, 0x00, 0x00, 0x02, 0x00, 0x00, 0x00, 0x02, 0x00, 0x00, 0x00,
    0x00, 0x01, 0x00, 0x00, 0x00, 0x01, 0x00, 0x00, 0x00, 0x02, 0x00, 0x00, 0x00, 0x02, 0x00, 0x00,
    0x00, 0x01, 0x00, 0x00, 0x00, 0x01, 0x00, 0x00, 0x00, 0x01, 0x00, 0x00, 0x00, 0x01, 0x00, 0x00,
    0x00, 0x00, 0x00, 0x00, 0x00, 0x00, 0x00, 0x00, 0x00, 0x00, 0x00, 0x00, 0x00, 0x00, 0x00, 0x00,
    0x00, 0x00, 0x00, 0x00, 0x00, 0x00, 0x00, 0x00, 0x00, 0x00, 0x00, 0x00, 0x00, 0x00, 0x00, 0x00,
    0x00, 0x00, 0x00, 0x00, 0x00, 0x00, 0x00, 0x00, 0x00, 0x00, 0x00, 0x00, 0x00, 0x00, 0x00, 0x00,
    0x00, 0x00, 0x00, 0x00, 0x00, 0x00, 0x00, 0x00, 0x00, 0x00, 0x00, 0x00, 0x00, 0x00, 0x00, 0x00,
    0x64, 0x64, 0x64, 0x00, 0x64, 0x64, 0x64, 0x00, 0x66, 0x64, 0x64, 0x00, 0x80, 0x6c, 0x4b, 0x00,
    0xb6, 0x7c, 0x1a, 0xff, 0xd0, 0x85, 0x00, 0xff, 0xd0, 0x85, 0x00, 0xff, 0xd0, 0x85, 0x00, 0xff,
    0xd0, 0x85, 0x00, 0xff, 0xd2, 0x83, 0x01, 0xff, 0xd2, 0x83, 0x01, 0xff, 0xd2, 0x83, 0x01, 0xff,
    0xd2, 0x83, 0x01, 0xff, 0xd2, 0x83, 0x01, 0xff, 0xd2, 0x83, 0x01, 0xff, 0xd2, 0x83, 0x01, 0xff,
    0xd2, 0x83, 0x01, 0xff, 0xd4, 0x83, 0x01, 0xff, 0xd4, 0x83, 0x01, 0xff, 0xd4, 0x83, 0x01, 0xff,
    0xd4, 0x83, 0x01, 0xff, 0xd0, 0x84, 0x01, 0xff, 0xca, 0x84, 0x02, 0xff, 0xb8, 0x86, 0x06, 0xff,
    0x99, 0x8a, 0x0d, 0xcc, 0x7f, 0x98, 0x1e, 0xf6, 0x56, 0x9d, 0x29, 0xff, 0x41, 0x9d, 0x2c, 0xff,
    0x41, 0x9c, 0x30, 0xff, 0x41, 0x9c, 0x30, 0xff, 0x41, 0x9c, 0x30, 0xff, 0x3f, 0x9b, 0x2e, 0xff,
    0x43, 0x9b, 0x30, 0xff, 0x45, 0x9b, 0x30, 0xff, 0x45, 0x9b, 0x30, 0xff, 0x45, 0x9b, 0x30, 0xff,
    0x43, 0x9a, 0x2e, 0xff, 0x43, 0x9a, 0x2e, 0xff, 0x43, 0x9a, 0x2e, 0xff, 0x43, 0x9a, 0x2e, 0xff,
    0x41, 0x9a, 0x2e, 0xff, 0x41, 0x9a, 0x2e, 0xff, 0x41, 0x9a, 0x2e, 0xff, 0x41, 0x9a, 0x2e, 0xff,
    0x40, 0x99, 0x2d, 0xff, 0x40, 0x99, 0x2d, 0xff, 0x40, 0x99, 0x2d, 0xff, 0x42, 0x98, 0x2f, 0xff,
    0x44, 0x96, 0x32, 0xff, 0x46, 0x95, 0x32, 0xff, 0x46, 0x98, 0x2d, 0xff, 0x42, 0x99, 0x2c, 0xff,
    0x41, 0x9d, 0x2c, 0xff, 0x35, 0x9a, 0x33, 0xff, 0x25, 0x95, 0x43, 0xff, 0x36, 0xaf, 0x7e, 0xcc,
    0x5f, 0xe1, 0xde, 0xf7, 0x4e, 0xda, 0xf3, 0xff, 0x46, 0xd7, 0xfb, 0xff, 0x42, 0xd6, 0xff, 0xff,
    0x42, 0xd6, 0xff, 0xff, 0x4c, 0xd5, 0xfd, 0xff, 0x61, 0xd4, 0xf8, 0xb3, 0x69, 0xd4, 0xf5, 0x24,
    0x68, 0xd3, 0xf4, 0x00, 0x82, 0xd3, 0xea, 0x00, 0xb6, 0xd3, 0xd5, 0x00, 0xd0, 0xd2, 0xcd, 0x00,
    0xcf, 0xcd, 0xcb, 0x00, 0xd7, 0xd3, 0xd1, 0x00, 0xd3, 0xce, 0xcf, 0x00, 0xd3, 0xce, 0xcf, 0x00,
    0xd0, 0xcf, 0xcd, 0x00, 0xce, 0xd0, 0xcb, 0x00, 0xcc, 0xd1, 0xc9, 0x00, 0xcc, 0xd1, 0xc9, 0x00,
    0xce, 0xcf, 0xcd, 0x00, 0xce, 0xce, 0xce, 0x00, 0xcc, 0xce, 0xce, 0x00, 0xcc, 0xce, 0xce, 0x00,
    0x00, 0x00, 0x00, 0x00, 0x00, 0x00, 0x00, 0x00, 0x00, 0x00, 0x00, 0x00, 0x00, 0x00, 0x00, 0x00,
    0x00, 0x00, 0x00, 0x00, 0x00, 0x00, 0x00, 0x00, 0x00, 0x00, 0x00, 0x00, 0x00, 0x00, 0x00, 0x00,
    0x00, 0x00, 0x00, 0x00, 0x00, 0x00, 0x00, 0x00, 0x00, 0x00, 0x00, 0x00, 0x00, 0x00, 0x00, 0x00,
    0x00, 0x00, 0x00, 0x00, 0x00, 0x00, 0x00, 0x00, 0x00, 0x00, 0x00, 0x00, 0x00, 0x00, 0x00, 0x00,
    0x64, 0x64, 0x64, 0x00, 0x64, 0x64, 0x64, 0x00, 0x66, 0x64, 0x64, 0x00, 0x80, 0x6b, 0x4c, 0x00,
    0xb6, 0x7b, 0x1c, 0xff, 0xd0, 0x84, 0x01, 0xff, 0xce, 0x86, 0x00, 0xff, 0xce, 0x86, 0x00, 0xff,
    0xd0, 0x84, 0x01, 0xff, 0xd0, 0x83, 0x02, 0xff, 0xd0, 0x83, 0x02, 0xff, 0xd0, 0x83, 0x02, 0xff,
    0xd0, 0x83, 0x02, 0xff, 0xd0, 0x83, 0x02, 0xff, 0xd0, 0x83, 0x02, 0xff, 0xd0, 0x83, 0x02, 0xff,
    0xd2, 0x83, 0x01, 0xff, 0xd2, 0x83, 0x01, 0xff, 0xd2, 0x83, 0x01, 0xff, 0xd2, 0x83, 0x01, 0xff,
    0xd2, 0x83, 0x01, 0xff, 0xd2, 0x83, 0x01, 0xff, 0xd2, 0x83, 0x01, 0xff, 0xca, 0x84, 0x02, 0xff,
    0xb9, 0x87, 0x07, 0xff, 0x95, 0x88, 0x0b, 0xcc, 0x72, 0x98, 0x20, 0xf6, 0x56, 0x9c, 0x2a, 0xff,
    0x49, 0x9b, 0x2e, 0xff, 0x43, 0x9a, 0x31, 0xff, 0x41, 0x99, 0x30, 0xff, 0x41, 0x99, 0x30, 0xff,
    0x43, 0x9a, 0x2e, 0xff, 0x43, 0x9a, 0x2e, 0xff, 0x43, 0x9a, 0x2e, 0xff, 0x43, 0x9a, 0x2e, 0xff,
    0x42, 0x99, 0x2d, 0xff, 0x42, 0x99, 0x2d, 0xff, 0x42, 0x99, 0x2d, 0xff, 0x42, 0x99, 0x2d, 0xff,
    0x40, 0x99, 0x2d, 0xff, 0x40, 0x99, 0x2d, 0xff, 0x40, 0x99, 0x2d, 0xff, 0x40, 0x99, 0x2d, 0xff,
    0x3f, 0x98, 0x2c, 0xff, 0x3f, 0x98, 0x2c, 0xff, 0x3f, 0x98, 0x2c, 0xff, 0x41, 0x97, 0x2e, 0xff,
    0x45, 0x94, 0x31, 0xff, 0x45, 0x94, 0x31, 0xff, 0x45, 0x95, 0x2f, 0xff, 0x3f, 0x96, 0x2f, 0xff,
    0x38, 0x98, 0x32, 0xff, 0x28, 0x91, 0x3e, 0xff, 0x36, 0xac, 0x7d, 0xcc, 0x60, 0xe2, 0xd6, 0xf7,
    0x4e, 0xda, 0xf3, 0xff, 0x44, 0xd5, 0xff, 0xff, 0x44, 0xd5, 0xff, 0xff, 0x44, 0xd5, 0xff, 0xff,
    0x44, 0xd5, 0xff, 0xff, 0x44, 0xd5, 0xff, 0xff, 0x44, 0xd5, 0xff, 0xff, 0x44, 0xd5, 0xff, 0xfa,
    0x45, 0xd4, 0xff, 0x99, 0x5f, 0xd4, 0xf5, 0x15, 0x92, 0xd4, 0xe2, 0x00, 0xac, 0xd3, 0xd8, 0x00,
    0xad, 0xd1, 0xd9, 0x00, 0xb2, 0xcb, 0xd3, 0x00, 0xca, 0xcd, 0xd1, 0x00, 0xd2, 0xcd, 0xce, 0x00,
    0xce, 0xce, 0xce, 0x00, 0xcc, 0xcf, 0xcd, 0x00, 0xcc, 0xd1, 0xc9, 0x00, 0xcc, 0xd1, 0xc9, 0x00,
    0xcc, 0xcf, 0xcd, 0x00, 0xcc, 0xce, 0xce, 0x00, 0xcc, 0xce, 0xce, 0x00, 0xcc, 0xce, 0xce, 0x00,
    0x00, 0x00, 0x00, 0x00, 0x00, 0x00, 0x00, 0x00, 0x00, 0x00, 0x00, 0x00, 0x00, 0x00, 0x00, 0x00,
    0x00, 0x00, 0x00, 0x00, 0x00, 0x00, 0x00, 0x00, 0x00, 0x00, 0x00, 0x00, 0x00, 0x00, 0x00, 0x00,
    0x00, 0x00, 0x00, 0x00, 0x00, 0x00, 0x00, 0x00, 0x00, 0x00, 0x00, 0x00, 0x00, 0x00, 0x00, 0x00,
    0x00, 0x00, 0x00, 0x00, 0x00, 0x00, 0x00, 0x00, 0x00, 0x00, 0x00, 0x00, 0x00, 0x00, 0x00, 0x00,
    0x64, 0x64, 0x64, 0x00, 0x64, 0x64, 0x64, 0x00, 0x66, 0x64, 0x64, 0x00, 0x80, 0x6b, 0x4c, 0x00,
    0xb6, 0x7b, 0x1c, 0xff, 0xd0, 0x84, 0x01, 0xff, 0xce, 0x86, 0x00, 0xff, 0xce, 0x86, 0x00, 0xff,
    0xd0, 0x84, 0x01, 0xff, 0xd0, 0x83, 0x02, 0xff, 0xd0, 0x83, 0x02, 0xff, 0xd0, 0x83, 0x02, 0xff,
    0xd0, 0x83, 0x02, 0xff, 0xd0, 0x83, 0x02, 0xff, 0xd0, 0x83, 0x02, 0xff, 0xd0, 0x83, 0x02, 0xff,
    0xd2, 0x83, 0x01, 0xff, 0xd2, 0x83, 0x01, 0xff, 0xd2, 0x83, 0x01, 0xff, 0xd2, 0x83, 0x01, 0xff,
    0xd2, 0x83, 0x01, 0xff, 0xd2, 0x83, 0x01, 0xff, 0xd2, 0x83, 0x01, 0xff, 0xce, 0x83, 0x02, 0xff,
    0xc5, 0x83, 0x03, 0xff, 0xb2, 0x86, 0x07, 0xff, 0x93, 0x88, 0x0c, 0xcc, 0x7d, 0x97, 0x21, 0xf6,
    0x57, 0x99, 0x2c, 0xff, 0x43, 0x99, 0x30, 0xff, 0x45, 0x99, 0x2e, 0xff, 0x45, 0x99, 0x2e, 0xff,
    0x43, 0x9a, 0x2e, 0xff, 0x43, 0x9a, 0x2e, 0xff, 0x43, 0x9a, 0x2e, 0xff, 0x43, 0x9a, 0x2e, 0xff,
    0x42, 0x99, 0x2d, 0xff, 0x42, 0x99, 0x2d, 0xff, 0x42, 0x99, 0x2d, 0xff, 0x42, 0x99, 0x2d, 0xff,
    0x40, 0x99, 0x2d, 0xff, 0x40, 0x99, 0x2d, 0xff, 0x40, 0x99, 0x2d, 0xff, 0x40, 0x99, 0x2d, 0xff,
    0x3f, 0x98, 0x2c, 0xff, 0x3f, 0x98, 0x2c, 0xff, 0x3f, 0x98, 0x2c, 0xff, 0x41, 0x97, 0x2e, 0xff,
    0x43, 0x95, 0x2f, 0xff, 0x45, 0x94, 0x31, 0xff, 0x45, 0x93, 0x32, 0xff, 0x3b, 0x92, 0x39, 0xff,
    0x28, 0x91, 0x45, 0xff, 0x36, 0xac, 0x7d, 0xcc, 0x67, 0xe4, 0xe5, 0xf7, 0x53, 0xd7, 0xf4, 0xff,
    0x4a, 0xd6, 0xfd, 0xff, 0x44, 0xd5, 0xff, 0xff, 0x44, 0xd5, 0xff, 0xff, 0x44, 0xd5, 0xff, 0xff,
    0x44, 0xd5, 0xff, 0xff, 0x44, 0xd5, 0xff, 0xff, 0x44, 0xd5, 0xff, 0xff, 0x44, 0xd5, 0xff, 0xff,
    0x43, 0xd3, 0xff, 0xff, 0x4b, 0xd4, 0xfd, 0xee, 0x5b, 0xd4, 0xf5, 0x77, 0x60, 0xd4, 0xf1, 0x07,
    0x62, 0xd3, 0xf1, 0x00, 0x81, 0xd4, 0xeb, 0x00, 0xb7, 0xcf, 0xd9, 0x00, 0xd1, 0xce, 0xd1, 0x00,
    0xc8, 0xce, 0xd0, 0x00, 0xc8, 0xcf, 0xce, 0x00, 0xce, 0xd0, 0xcb, 0x00, 0xce, 0xd1, 0xc9, 0x00,
    0xcc, 0xd0, 0xcb, 0x00, 0xcc, 0xcf, 0xcd, 0x00, 0xcc, 0xce, 0xce, 0x00, 0xcc, 0xce, 0xd0, 0x00,
    0x00, 0x00, 0x00, 0x00, 0x00, 0x00, 0x00, 0x00, 0x00, 0x00, 0x00, 0x00, 0x00, 0x00, 0x00, 0x00,
    0x00, 0x00, 0x00, 0x00, 0x00, 0x00, 0x00, 0x00, 0x00, 0x00, 0x00, 0x00, 0x00, 0x00, 0x00, 0x00,
    0x00, 0x00, 0x00, 0x00, 0x00, 0x00, 0x00, 0x00, 0x00, 0x00, 0x00, 0x00, 0x00, 0x00, 0x00, 0x00,
    0x00, 0x00, 0x00, 0x00, 0x00, 0x00, 0x00, 0x00, 0x00, 0x00, 0x00, 0x00, 0x00, 0x00, 0x00, 0x00,
    0x64, 0x64, 0x64, 0x00, 0x64, 0x64, 0x64, 0x00, 0x66, 0x64, 0x64, 0x00, 0x80, 0x6b, 0x4c, 0x00,
    0xb6, 0x7b, 0x1c, 0xff, 0xd0, 0x84, 0x01, 0xff, 0xce, 0x86, 0x00, 0xff, 0xce, 0x86, 0x00, 0xff,
    0xd0, 0x84, 0x01, 0xff, 0xd0, 0x83, 0x02, 0xff, 0xd0, 0x83, 0x02, 0xff, 0xd0, 0x83, 0x02, 0xff,
    0xd0, 0x83, 0x02, 0xff, 0xd0, 0x83, 0x02, 0xff, 0xd0, 0x83, 0x02, 0xff, 0xd0, 0x83, 0x02, 0xff,
    0xd2, 0x83, 0x01, 0xff, 0xd2, 0x83, 0x01, 0xff, 0xd2, 0x83, 0x01, 0xff, 0xd2, 0x83, 0x01, 0xff,
    0xd2, 0x83, 0x01, 0xff, 0xd2, 0x83, 0x01, 0xff, 0xd2, 0x83, 0x01, 0xff, 0xd0, 0x84, 0x01, 0xff,
    0xca, 0x81, 0x00, 0xff, 0xc1, 0x83, 0x04, 0xff, 0xb3, 0x87, 0x0a, 0xff, 0x95, 0x89, 0x10, 0xcc,
    0x74, 0x96, 0x23, 0xf6, 0x58, 0x98, 0x2a, 0xff, 0x4b, 0x99, 0x2d, 0xff, 0x45, 0x99, 0x2e, 0xff,
    0x43, 0x9a, 0x2e, 0xff, 0x43, 0x9a, 0x2e, 0xff, 0x43, 0x9a, 0x2e, 0xff, 0x43, 0x9a, 0x2e, 0xff,
    0x42, 0x99, 0x2d, 0xff, 0x42, 0x99, 0x2d, 0xff, 0x42, 0x99, 0x2d, 0xff, 0x42, 0x99, 0x2d, 0xff,
    0x3f, 0x98, 0x2c, 0xff, 0x3f, 0x98, 0x2c, 0xff, 0x3f, 0x98, 0x2c, 0xff, 0x3f, 0x98, 0x2c, 0xff,
    0x3e, 0x97, 0x2b, 0xff, 0x3e, 0x97, 0x2b, 0xff, 0x3e, 0x97, 0x2b, 0xff, 0x3e, 0x97, 0x2b, 0xff,
    0x41, 0x97, 0x2e, 0xff, 0x3f, 0x95, 0x32, 0xff, 0x3b, 0x91, 0x3a, 0xff, 0x2d, 0x8d, 0x49, 0xff,
    0x39, 0xae, 0x82, 0xcc, 0x60, 0xe2, 0xd6, 0xf7, 0x52, 0xd6, 0xf2, 0xff, 0x4a, 0xd3, 0xff, 0xff,
    0x45, 0xd3, 0xff, 0xff, 0x43, 0xd4, 0xff, 0xff, 0x43, 0xd4, 0xff, 0xff, 0x43, 0xd4, 0xff, 0xff,
    0x43, 0xd4, 0xff, 0xff, 0x43, 0xd4, 0xff, 0xff, 0x43, 0xd4, 0xff, 0xff, 0x43, 0xd3, 0xff, 0xff,
    0x43, 0xd3, 0xff, 0xff, 0x43, 0xd3, 0xff, 0xff, 0x41, 0xd4, 0xff, 0xff, 0x3f, 0xd4, 0xff, 0xe1,
    0x3c, 0xd1, 0xfd, 0x5e, 0x6e, 0xe5, 0xff, 0x01, 0x95, 0xd2, 0xe8, 0x00, 0xac, 0xd0, 0xdf, 0x00,
    0xa6, 0xcf, 0xdc, 0x00, 0xb0, 0xcf, 0xd8, 0x00, 0xc6, 0xcf, 0xd0, 0x00, 0xd0, 0xcf, 0xcb, 0x00,
    0xcc, 0xd0, 0xcb, 0x00, 0xca, 0xd1, 0xcb, 0x00, 0xcc, 0xcf, 0xcd, 0x00, 0xce, 0xce, 0xce, 0x00,
    0x00, 0x00, 0x00, 0x00, 0x00, 0x00, 0x00, 0x00, 0x00, 0x00, 0x00, 0x00, 0x00, 0x00, 0x00, 0x00,
    0x00, 0x00, 0x00, 0x00, 0x00, 0x00, 0x00, 0x00, 0x00, 0x00, 0x00, 0x00, 0x00, 0x00, 0x00, 0x00,
    0x00, 0x00, 0x00, 0x00, 0x00, 0x00, 0x00, 0x00, 0x00, 0x00, 0x00, 0x00, 0x00, 0x00, 0x00, 0x00,
    0x00, 0x00, 0x00, 0x00, 0x00, 0x00, 0x00, 0x00, 0x00, 0x00, 0x00, 0x00, 0x00, 0x00, 0x00, 0x00,
    0x64, 0x64, 0x64, 0x00, 0x64, 0x64, 0x64, 0x00, 0x66, 0x64, 0x64, 0x00, 0x80, 0x6b, 0x4c, 0x00,
    0xb4, 0x79, 0x1a, 0xff, 0xce, 0x81, 0x00, 0xff, 0xcc, 0x83, 0x00, 0xff, 0xcc, 0x83, 0x00, 0xff,
    0xce, 0x81, 0x00, 0xff, 0xce, 0x81, 0x00, 0xff, 0xce, 0x81, 0x00, 0xff, 0xce, 0x81, 0x00, 0xff,
    0xce, 0x81, 0x00, 0xff, 0xce, 0x81, 0x00, 0xff, 0xce, 0x81, 0x00, 0xff, 0xce, 0x81, 0x00, 0xff,
    0xd0, 0x81, 0x00, 0xff, 0xd0, 0x81, 0x00, 0xff, 0xd0, 0x81, 0x00, 0xff, 0xd0, 0x81, 0x00, 0xff,
    0xd0, 0x81, 0x00, 0xff, 0xd0, 0x81, 0x00, 0xff, 0xd0, 0x81, 0x00, 0xff, 0xce, 0x81, 0x00, 0xff,
    0xcb, 0x82, 0x03, 0xff, 0xc5, 0x82, 0x04, 0xff, 0xc1, 0x83, 0x04, 0xff, 0xb1, 0x85, 0x06, 0xff,
    0x93, 0x88, 0x08, 0xcc, 0x7c, 0x95, 0x1a, 0xf6, 0x58, 0x99, 0x28, 0xff, 0x43, 0x9a, 0x2e, 0xff,
    0x42, 0x99, 0x2d, 0xff, 0x42, 0x99, 0x2d, 0xff, 0x42, 0x99, 0x2d, 0xff, 0x41, 0x97, 0x2c, 0xff,
    0x40, 0x96, 0x2b, 0xff, 0x40, 0x96, 0x2b, 0xff, 0x40, 0x96, 0x2b, 0xff, 0x40, 0x96, 0x2b, 0xff,
    0x41, 0x97, 0x2c, 0xff, 0x41, 0x97, 0x2c, 0xff, 0x41, 0x97, 0x2c, 0xff, 0x41, 0x97, 0x2c, 0xff,
    0x40, 0x96, 0x2b, 0xff, 0x40, 0x96, 0x2b, 0xff, 0x40, 0x96, 0x2b, 0xff, 0x3e, 0x97, 0x2b, 0xff,
    0x3c, 0x96, 0x2c, 0xff, 0x36, 0x95, 0x38, 0xff, 0x29, 0x90, 0x4b, 0xff, 0x36, 0xa9, 0x82, 0xcc,
    0x5d, 0xe1, 0xdc, 0xf7, 0x4d, 0xda, 0xf0, 0xff, 0x49, 0xd5, 0xfc, 0xff, 0x47, 0xd2, 0xff, 0xff,
    0x45, 0xd3, 0xff, 0xff, 0x43, 0xd3, 0xff, 0xff, 0x43, 0xd3, 0xff, 0xff, 0x43, 0xd3, 0xff, 0xff,
    0x43, 0xd3, 0xff, 0xff, 0x43, 0xd3, 0xff, 0xff, 0x43, 0xd3, 0xff, 0xff, 0x43, 0xd3, 0xff, 0xff,
    0x42, 0xd3, 0xfe, 0xff, 0x42, 0xd2, 0xff, 0xff, 0x42, 0xd1, 0xff, 0xff, 0x42, 0xd0, 0xff, 0xff,
    0x43, 0xcd, 0xff, 0xff, 0x4c, 0xcf, 0xff, 0xc8, 0x5c, 0xd0, 0xf9, 0x3b, 0x64, 0xd1, 0xf6, 0x00,
    0x66, 0xcf, 0xf7, 0x00, 0x83, 0xcf, 0xee, 0x00, 0xb8, 0xce, 0xd8, 0x00, 0xd0, 0xcf, 0xcd, 0x00,
    0xca, 0xd1, 0xcb, 0x00, 0xca, 0xd1, 0xc9, 0x00, 0xce, 0xd1, 0xc9, 0x00, 0xd0, 0xd0, 0xc9, 0x00,
    0x00, 0x01, 0x00, 0x00, 0x00, 0x00, 0x00, 0x00, 0x00, 0x00, 0x00, 0x00, 0x00, 0x00, 0x00, 0x00,
    0x00, 0x00, 0x00, 0x00, 0x00, 0x00, 0x00, 0x00, 0x00, 0x00, 0x00, 0x00, 0x00, 0x00, 0x00, 0x00,
    0x00, 0x00, 0x00, 0x00, 0x00, 0x00, 0x00, 0x00, 0x00, 0x00, 0x00, 0x00, 0x00, 0x00, 0x00, 0x00,
    0x00, 0x00, 0x00, 0x00, 0x00, 0x00, 0x00, 0x00, 0x00, 0x00, 0x00, 0x00, 0x00, 0x00, 0x00, 0x00,
    0x64, 0x64, 0x64, 0x00, 0x64, 0x64, 0x64, 0x00, 0x66, 0x64, 0x64, 0x00, 0x80, 0x6b, 0x4c, 0x00,
    0xb4, 0x79, 0x1a, 0xff, 0xce, 0x81, 0x00, 0xff, 0xcc, 0x83, 0x00, 0xff, 0xcc, 0x83, 0x00, 0xff,
    0xce, 0x81, 0x00, 0xff, 0xce, 0x81, 0x00, 0xff, 0xce, 0x81, 0x00, 0xff, 0xce, 0x81, 0x00, 0xff,
    0xce, 0x81, 0x00, 0xff, 0xce, 0x81, 0x00, 0xff, 0xce, 0x81, 0x00, 0xff, 0xce, 0x81, 0x00, 0xff,
    0xd0, 0x81, 0x00, 0xff, 0xd0, 0x81, 0x00, 0xff, 0xd0, 0x81, 0x00, 0xff, 0xd0, 0x81, 0x00, 0xff,
    0xd0, 0x81, 0x00, 0xff, 0xd0, 0x81, 0x00, 0xff, 0xd0, 0x81, 0x00, 0xff, 0xce, 0x81, 0x00, 0xff,
    0xca, 0x81, 0x02, 0xff, 0xc8, 0x81, 0x02, 0xff, 0xca, 0x81, 0x02, 0xff, 0xc2, 0x82, 0x02, 0xff,
    0xb5, 0x85, 0x04, 0xff, 0x93, 0x88, 0x08, 0xcc, 0x6f, 0x95, 0x1f, 0xf6, 0x56, 0x99, 0x2a, 0xff,
    0x48, 0x98, 0x2c, 0xff, 0x42, 0x99, 0x2d, 0xff, 0x41, 0x97, 0x2c, 0xff, 0x41, 0x97, 0x2c, 0xff,
    0x40, 0x96, 0x2b, 0xff, 0x40, 0x96, 0x2b, 0xff, 0x40, 0x96, 0x2b, 0xff, 0x40, 0x96, 0x2b, 0xff,
    0x40, 0x96, 0x2b, 0xff, 0x40, 0x96, 0x2b, 0xff, 0x40, 0x96, 0x2b, 0xff, 0x40, 0x96, 0x2b, 0xff,
    0x3f, 0x95, 0x2a, 0xff, 0x3f, 0x95, 0x2a, 0xff, 0x3f, 0x95, 0x2a, 0xff, 0x3b, 0x94, 0x2d, 0xff,
    0x36, 0x96, 0x37, 0xff, 0x21, 0x8a, 0x40, 0xff, 0x32, 0xa6, 0x7f, 0xcc, 0x60, 0xdf, 0xda, 0xf7,
    0x4d, 0xd9, 0xf2, 0xff, 0x43, 0xd5, 0xfd, 0xff, 0x43, 0xd4, 0xff, 0xff, 0x43, 0xd3, 0xff, 0xff,
    0x42, 0xd2, 0xff, 0xff, 0x42, 0xd2, 0xff, 0xff, 0x42, 0xd2, 0xff, 0xff, 0x42, 0xd2, 0xff, 0xff,
    0x42, 0xd2, 0xff, 0xff, 0x42, 0xd2, 0xff, 0xff, 0x42, 0xd2, 0xff, 0xff, 0x42, 0xd2, 0xff, 0xff,
    0x42, 0xd3, 0xfe, 0xff, 0x42, 0xd3, 0xfe, 0xff, 0x44, 0xd1, 0xff, 0xff, 0x44, 0xcf, 0xff, 0xff,
    0x46, 0xce, 0xff, 0xff, 0x44, 0xcf, 0xff, 0xff, 0x40, 0xd2, 0xff, 0xfe, 0x40, 0xd2, 0xff, 0xaa,
    0x43, 0xce, 0xff, 0x22, 0x5f, 0xce, 0xf9, 0x00, 0x96, 0xcd, 0xe6, 0x00, 0xb6, 0xcd, 0xd9, 0x00,
    0xc2, 0xd0, 0xd0, 0x00, 0xca, 0xd1, 0xcb, 0x00, 0xce, 0xd1, 0xc9, 0x00, 0xd0, 0xd0, 0xc9, 0x00,
    0x00, 0x01, 0x00, 0x00, 0x00, 0x00, 0x00, 0x00, 0x00, 0x00, 0x00, 0x00, 0x00, 0x00, 0x00, 0x00,
    0x00, 0x00, 0x00, 0x00, 0x00, 0x00, 0x00, 0x00, 0x00, 0x00, 0x00, 0x00, 0x00, 0x00, 0x00, 0x00,
    0x00, 0x00, 0x00, 0x00, 0x00, 0x00, 0x00, 0x00, 0x00, 0x00, 0x00, 0x00, 0x00, 0x00, 0x00, 0x00,
    0x00, 0x00, 0x00, 0x00, 0x00, 0x00, 0x00, 0x00, 0x00, 0x00, 0x00, 0x00, 0x00, 0x00, 0x00, 0x00,
    0x64, 0x64, 0x64, 0x00, 0x64, 0x64, 0x64, 0x00, 0x66, 0x64, 0x64, 0x00, 0x80, 0x6b, 0x4c, 0x00,
    0xb4, 0x79, 0x1a, 0xff, 0xce, 0x81, 0x00, 0xff, 0xcc, 0x83, 0x00, 0xff, 0xcc, 0x83, 0x00, 0xff,
    0xce, 0x81, 0x00, 0xff, 0xce, 0x81, 0x00, 0xff, 0xce, 0x81, 0x00, 0xff, 0xce, 0x81, 0x00, 0xff,
    0xce, 0x81, 0x00, 0xff, 0xce, 0x81, 0x00, 0xff, 0xce, 0x81, 0x00, 0xff, 0xce, 0x81, 0x00, 0xff,
    0xd0, 0x81, 0x00, 0xff, 0xd0, 0x81, 0x00, 0xff, 0xd0, 0x81, 0x00, 0xff, 0xd0, 0x81, 0x00, 0xff,
    0xd0, 0x81, 0x00, 0xff, 0xd0, 0x81, 0x00, 0xff, 0xd0, 0x81, 0x00, 0xff, 0xd0, 0x81, 0x00, 0xff,
    0xce, 0x81, 0x00, 0xff, 0xcc, 0x81, 0x00, 0xff, 0xcc, 0x81, 0x00, 0xff, 0xca, 0x81, 0x02, 0xff,
    0xc4, 0x80, 0x05, 0xff, 0xb3, 0x84, 0x08, 0xff, 0x91, 0x87, 0x0a, 0xcc, 0x78, 0x95, 0x1c, 0xf6,
    0x54, 0x97, 0x28, 0xff, 0x41, 0x97, 0x2c, 0xff, 0x41, 0x97, 0x2c, 0xff, 0x41, 0x97, 0x2c, 0xff,
    0x40, 0x96, 0x2b, 0xff, 0x40, 0x96, 0x2b, 0xff, 0x40, 0x96, 0x2b, 0xff, 0x40, 0x96, 0x2b, 0xff,
    0x40, 0x96, 0x2b, 0xff, 0x40, 0x96, 0x2b, 0xff, 0x40, 0x96, 0x2b, 0xff, 0x40, 0x96, 0x2b, 0xff,
    0x3f, 0x95, 0x2a, 0xff, 0x3f, 0x95, 0x2a, 0xff, 0x3f, 0x95, 0x2a, 0xff, 0x37, 0x92, 0x33, 0xff,
    0x28, 0x90, 0x48, 0xff, 0x33, 0xa6, 0x81, 0xcc, 0x61, 0xde, 0xe5, 0xf7, 0x52, 0xd6, 0xf9, 0xff,
    0x49, 0xd3, 0xff, 0xff, 0x43, 0xd3, 0xff, 0xff, 0x43, 0xd4, 0xff, 0xff, 0x43, 0xd4, 0xff, 0xff,
    0x42, 0xd2, 0xff, 0xff, 0x42, 0xd2, 0xff, 0xff, 0x42, 0xd2, 0xff, 0xff, 0x42, 0xd2, 0xff, 0xff,
    0x42, 0xd2, 0xff, 0xff, 0x42, 0xd2, 0xff, 0xff, 0x42, 0xd2, 0xff, 0xff, 0x42, 0xd2, 0xff, 0xff,
    0x40, 0xd3, 0xff, 0xff, 0x42, 0xd2, 0xff, 0xff, 0x42, 0xd2, 0xff, 0xff, 0x42, 0xd1, 0xff, 0xff,
    0x44, 0xd1, 0xff, 0xff, 0x42, 0xd1, 0xff, 0xff, 0x3e, 0xd2, 0xff, 0xff, 0x3c, 0xd3, 0xff, 0xff,
    0x3f, 0xd0, 0xff, 0xf9, 0x49, 0xd0, 0xfe, 0x91, 0x5d, 0xce, 0xf9, 0x0f, 0x7f, 0xcd, 0xee, 0x00,
    0xb0, 0xce, 0xd9, 0x00, 0xca, 0xcf, 0xce, 0x00, 0xcc, 0xcf, 0xcd, 0x00, 0xce, 0xcf, 0xcd, 0x00,
    0x00, 0x00, 0x00, 0x00, 0x00, 0x00, 0x00, 0x00, 0x00, 0x00, 0x00, 0x00, 0x00, 0x00, 0x00, 0x00,
    0x00, 0x00, 0x00, 0x00, 0x00, 0x00, 0x00, 0x00, 0x00, 0x00, 0x00, 0x00, 0x00, 0x00, 0x00, 0x00,
    0x00, 0x00, 0x00, 0x00, 0x00, 0x00, 0x00, 0x00, 0x00, 0x00, 0x00, 0x00, 0x00, 0x00, 0x00, 0x00,
    0x00, 0x00, 0x00, 0x00, 0x00, 0x00, 0x00, 0x00, 0x00, 0x00, 0x00, 0x00, 0x00, 0x00, 0x00, 0x00,
    0x64, 0x64, 0x64, 0x00, 0x64, 0x64, 0x64, 0x00, 0x66, 0x64, 0x64, 0x00, 0x80, 0x6b, 0x4c, 0x00,
    0xb4, 0x79, 0x1a, 0xff, 0xce, 0x81, 0x00, 0xff, 0xcc, 0x83, 0x00, 0xff, 0xcc, 0x83, 0x00, 0xff,
    0xcc, 0x81, 0x00, 0xff, 0xce, 0x81, 0x00, 0xff, 0xce, 0x81, 0x00, 0xff, 0xce, 0x81, 0x00, 0xff,
    0xce, 0x81, 0x00, 0xff, 0xce, 0x81, 0x00, 0xff, 0xce, 0x81, 0x00, 0xff, 0xce, 0x81, 0x00, 0xff,
    0xce, 0x81, 0x00, 0xff, 0xce, 0x81, 0x00, 0xff, 0xce, 0x81, 0x00, 0xff, 0xce, 0x81, 0x00, 0xff,
    0xce, 0x81, 0x00, 0xff, 0xce, 0x81, 0x00, 0xff, 0xce, 0x81, 0x00, 0xff, 0xce, 0x81, 0x00, 0xff,
    0xce, 0x81, 0x00, 0xff, 0xce, 0x80, 0x02, 0xff, 0xcc, 0x80, 0x02, 0xff, 0xcc, 0x80, 0x02, 0xff,
    0xce, 0x7e, 0x05, 0xff, 0xc4, 0x80, 0x05, 0xff, 0xb1, 0x85, 0x06, 0xff, 0x91, 0x87, 0x0a, 0xcc,
    0x6f, 0x95, 0x1f, 0xf6, 0x55, 0x96, 0x27, 0xff, 0x47, 0x97, 0x2a, 0xff, 0x41, 0x97, 0x2c, 0xff,
    0x40, 0x95, 0x2c, 0xff, 0x40, 0x95, 0x2c, 0xff, 0x3e, 0x96, 0x2c, 0xff, 0x3e, 0x97, 0x2b, 0xff,
    0x40, 0x96, 0x2b, 0xff, 0x42, 0x96, 0x2b, 0xff, 0x40, 0x96, 0x2b, 0xff, 0x40, 0x96, 0x2b, 0xff,
    0x3f, 0x95, 0x2a, 0xff, 0x3b, 0x94, 0x2d, 0xff, 0x37, 0x92, 0x33, 0xff, 0x27, 0x8d, 0x43, 0xff,
    0x36, 0xa9, 0x82, 0xcc, 0x60, 0xde, 0xdc, 0xf7, 0x51, 0xd5, 0xf8, 0xff, 0x46, 0xcf, 0xff, 0xff,
    0x45, 0xd1, 0xff, 0xff, 0x43, 0xd3, 0xff, 0xff, 0x43, 0xd4, 0xff, 0xff, 0x43, 0xd4, 0xff, 0xff,
    0x42, 0xd2, 0xff, 0xff, 0x42, 0xd2, 0xff, 0xff, 0x42, 0xd2, 0xff, 0xff, 0x42, 0xd2, 0xff, 0xff,
    0x42, 0xd2, 0xff, 0xff, 0x42, 0xd2, 0xff, 0xff, 0x42, 0xd2, 0xff, 0xff, 0x42, 0xd2, 0xff, 0xff,
    0x41, 0xd1, 0xfe, 0xff, 0x3f, 0xd2, 0xfe, 0xff, 0x41, 0xd1, 0xfe, 0xff, 0x41, 0xd1, 0xfe, 0xff,
    0x41, 0xd1, 0xfe, 0xff, 0x3f, 0xd2, 0xfe, 0xff, 0x3d, 0xd1, 0xff, 0xff, 0x3d, 0xd1, 0xff, 0xff,
    0x41, 0xd0, 0xff, 0xff, 0x43, 0xd0, 0xff, 0xff, 0x43, 0xce, 0xff, 0xea, 0x5d, 0xce, 0xf9, 0x5b,
    0x8e, 0xce, 0xe6, 0x00, 0xb0, 0xce, 0xd9, 0x00, 0xc2, 0xce, 0xd3, 0x00, 0xcc, 0xce, 0xd0, 0x00,
    0x00, 0x00, 0x00, 0x00, 0x00, 0x00, 0x00, 0x00, 0x00, 0x00, 0x00, 0x00, 0x00, 0x00, 0x00, 0x00,
    0x00, 0x00, 0x00, 0x00, 0x00, 0x00, 0x00, 0x00, 0x00, 0x00, 0x00, 0x00, 0x00, 0x00, 0x00, 0x00,
    0x00, 0x00, 0x00, 0x00, 0x00, 0x00, 0x00, 0x00, 0x00, 0x00, 0x00, 0x00, 0x00, 0x00, 0x00, 0x00,
    0x00, 0x00, 0x00, 0x00, 0x00, 0x00, 0x00, 0x00, 0x00, 0x00, 0x00, 0x00, 0x00, 0x00, 0x00, 0x00,
    0x5f, 0x61, 0x61, 0x00, 0x61, 0x61, 0x61, 0x00, 0x61, 0x60, 0x62, 0x00, 0x7b, 0x67, 0x4a, 0x00,
    0xb0, 0x77, 0x1a, 0xff, 0xcb, 0x7e, 0x02, 0xff, 0xcb, 0x80, 0x00, 0xff, 0xc9, 0x80, 0x00, 0xff,
    0xc9, 0x7f, 0x00, 0xff, 0xcb, 0x7f, 0x00, 0xff, 0xcb, 0x7f, 0x00, 0xff, 0xcb, 0x7f, 0x00, 0xff,
    0xcb, 0x7f, 0x00, 0xff, 0xcb, 0x7f, 0x00, 0xff, 0xcb, 0x7f, 0x00, 0xff, 0xcb, 0x7f, 0x00, 0xff,
    0xcb, 0x7f, 0x00, 0xff, 0xcb, 0x7f, 0x00, 0xff, 0xcb, 0x7f, 0x00, 0xff, 0xcb, 0x7f, 0x00, 0xff,
    0xcb, 0x7f, 0x00, 0xff, 0xcb, 0x7f, 0x00, 0xff, 0xcb, 0x7f, 0x00, 0xff, 0xcb, 0x7f, 0x00, 0xff,
    0xcb, 0x7f, 0x00, 0xff, 0xcb, 0x7e, 0x02, 0xff, 0xcb, 0x7e, 0x02, 0xff, 0xcb, 0x7e, 0x02, 0xff,
    0xcb, 0x7e, 0x02, 0xff, 0xc9, 0x7f, 0x02, 0xff, 0xc1, 0x80, 0x02, 0xff, 0xae, 0x82, 0x05, 0xff,
    0x93, 0x86, 0x0b, 0xcc, 0x79, 0x91, 0x1b, 0xf6, 0x53, 0x94, 0x25, 0xff, 0x40, 0x95, 0x2c, 0xff,
    0x41, 0x93, 0x2d, 0xff, 0x3f, 0x93, 0x2e, 0xff, 0x3b, 0x94, 0x2d, 0xff, 0x3b, 0x95, 0x2b, 0xff,
    0x41, 0x95, 0x2a, 0xff, 0x43, 0x94, 0x2a, 0xff, 0x41, 0x96, 0x28, 0xff, 0x3f, 0x96, 0x28, 0xff,
    0x3e, 0x97, 0x2b, 0xff, 0x35, 0x91, 0x35, 0xff, 0x25, 0x8c, 0x46, 0xff, 0x34, 0xa7, 0x82, 0xcc,
    0x5a, 0xdd, 0xe1, 0xf7, 0x4c, 0xd6, 0xf4, 0xff, 0x46, 0xd2, 0xfe, 0xff, 0x44, 0xd0, 0xff, 0xff,
    0x42, 0xd1, 0xff, 0xff, 0x42, 0xd1, 0xff, 0xff, 0x42, 0xd2, 0xff, 0xff, 0x42, 0xd2, 0xff, 0xff,
    0x43, 0xd1, 0xfe, 0xff, 0x43, 0xd1, 0xfe, 0xff, 0x43, 0xd1, 0xfe, 0xff, 0x43, 0xd1, 0xfe, 0xff,
    0x43, 0xd1, 0xfe, 0xff, 0x43, 0xd1, 0xfe, 0xff, 0x43, 0xd1, 0xfe, 0xff, 0x43, 0xd1, 0xfe, 0xff,
    0x41, 0xd0, 0xff, 0xff, 0x41, 0xd0, 0xff, 0xff, 0x41, 0xd0, 0xff, 0xff, 0x41, 0xd0, 0xff, 0xff,
    0x41, 0xd0, 0xff, 0xff, 0x41, 0xd0, 0xff, 0xff, 0x3f, 0xd1, 0xff, 0xff, 0x43, 0xd0, 0xff, 0xff,
    0x48, 0xce, 0xfd, 0xff, 0x4a, 0xce, 0xfd, 0xff, 0x46, 0xcd, 0xff, 0xff, 0x4a, 0xce, 0xfd, 0xff,
    0x5b, 0xcf, 0xf8, 0x9b, 0x73, 0xc7, 0xe4, 0x04, 0xac, 0xca, 0xd7, 0x00, 0xca, 0xcb, 0xcf, 0x00,
    0x00, 0x00, 0x02, 0x00, 0x00, 0x00, 0x00, 0x00, 0x00, 0x00, 0x00, 0x00, 0x00, 0x00, 0x00, 0x00,
    0x00, 0x00, 0x00, 0x00, 0x00, 0x00, 0x00, 0x00, 0x00, 0x00, 0x00, 0x00, 0x00, 0x00, 0x00, 0x00,
    0x00, 0x00, 0x00, 0x00, 0x00, 0x00, 0x00, 0x00, 0x00, 0x00, 0x00, 0x00, 0x00, 0x00, 0x00, 0x00,
    0x00, 0x00, 0x00, 0x00, 0x00, 0x00, 0x00, 0x00, 0x00, 0x00, 0x00, 0x00, 0x00, 0x00, 0x00, 0x00,
    0x5f, 0x61, 0x61, 0x00, 0x5f, 0x61, 0x61, 0x00, 0x61, 0x60, 0x62, 0x00, 0x7b, 0x67, 0x4a, 0x00,
    0xb0, 0x76, 0x1c, 0xff, 0xcb, 0x7d, 0x04, 0xff, 0xc9, 0x7f, 0x02, 0xff, 0xc9, 0x7f, 0x00, 0xff,
    0xc9, 0x7f, 0x00, 0xff, 0xc9, 0x7f, 0x00, 0xff, 0xc9, 0x7f, 0x00, 0xff, 0xc9, 0x7f, 0x00, 0xff,
    0xc9, 0x7f, 0x00, 0xff, 0xc9, 0x7f, 0x00, 0xff, 0xc9, 0x7f, 0x00, 0xff, 0xc9, 0x7f, 0x00, 0xff,
    0xc9, 0x7f, 0x02, 0xff, 0xc9, 0x7f, 0x02, 0xff, 0xc9, 0x7f, 0x02, 0xff, 0xc9, 0x7f, 0x02, 0xff,
    0xc9, 0x7f, 0x02, 0xff, 0xc9, 0x7f, 0x02, 0xff, 0xc9, 0x7f, 0x02, 0xff, 0xc9, 0x7f, 0x02, 0xff,
    0xcb, 0x7e, 0x02, 0xff, 0xcb, 0x7e, 0x02, 0xff, 0xcb, 0x7e, 0x02, 0xff, 0xcb, 0x7e, 0x02, 0xff,
    0xca, 0x7d, 0x01, 0xff, 0xca, 0x7d, 0x01, 0xff, 0xcb, 0x7e, 0x02, 0xff, 0xc3, 0x7f, 0x04, 0xff,
    0xb0, 0x82, 0x05, 0xff, 0x90, 0x85, 0x0c, 0xcc, 0x70, 0x93, 0x20, 0xf6, 0x53, 0x93, 0x27, 0xff,
    0x47, 0x93, 0x2b, 0xff, 0x3f, 0x93, 0x2e, 0xff, 0x3b, 0x93, 0x2e, 0xff, 0x3d, 0x94, 0x2d, 0xff,
    0x41, 0x94, 0x2b, 0xff, 0x43, 0x94, 0x2a, 0xff, 0x43, 0x94, 0x2a, 0xff, 0x3d, 0x94, 0x2d, 0xff,
    0x33, 0x91, 0x32, 0xff, 0x23, 0x89, 0x40, 0xff, 0x32, 0xa4, 0x82, 0xcc, 0x5e, 0xdb, 0xdb, 0xf7,
    0x4c, 0xd5, 0xf6, 0xff, 0x42, 0xd1, 0xff, 0xff, 0x42, 0xd1, 0xff, 0xff, 0x42, 0xd1, 0xff, 0xff,
    0x42, 0xd1, 0xff, 0xff, 0x42, 0xd1, 0xff, 0xff, 0x42, 0xd1, 0xff, 0xff, 0x42, 0xd1, 0xff, 0xff,
    0x43, 0xd1, 0xfe, 0xff, 0x43, 0xd1, 0xfe, 0xff, 0x43, 0xd1, 0xfe, 0xff, 0x43, 0xd1, 0xfe, 0xff,
    0x43, 0xd1, 0xfe, 0xff, 0x43, 0xd1, 0xfe, 0xff, 0x43, 0xd1, 0xfe, 0xff, 0x43, 0xd1, 0xfe, 0xff,
    0x40, 0xcf, 0xfe, 0xff, 0x40, 0xcf, 0xfe, 0xff, 0x40, 0xcf, 0xfe, 0xff, 0x40, 0xcf, 0xfe, 0xff,
    0x40, 0xcf, 0xfe, 0xff, 0x40, 0xcf, 0xfe, 0xff, 0x40, 0xcf, 0xfe, 0xff, 0x44, 0xcf, 0xfd, 0xff,
    0x4a, 0xcf, 0xfb, 0xff, 0x4c, 0xce, 0xfb, 0xff, 0x46, 0xce, 0xfe, 0xff, 0x42, 0xcf, 0xfe, 0xff,
    0x43, 0xd2, 0xff, 0xff, 0x58, 0xcb, 0xf6, 0x9b, 0x91, 0xce, 0xe9, 0x00, 0xb2, 0xcd, 0xdb, 0x00,
    0x00, 0x00, 0x05, 0x00, 0x00, 0x00, 0x00, 0x00, 0x00, 0x00, 0x00, 0x00, 0x00, 0x00, 0x00, 0x00,
    0x00, 0x00, 0x00, 0x00, 0x00, 0x00, 0x00, 0x00, 0x00, 0x00, 0x00, 0x00, 0x00, 0x00, 0x00, 0x00,
    0x00, 0x00, 0x00, 0x00, 0x00, 0x00, 0x00, 0x00, 0x00, 0x00, 0x00, 0x00, 0x00, 0x00, 0x00, 0x00,
    0x00, 0x00, 0x00, 0x00, 0x00, 0x00, 0x00, 0x00, 0x00, 0x00, 0x00, 0x00, 0x00, 0x00, 0x00, 0x00,
    0x5f, 0x61, 0x61, 0x00, 0x5f, 0x61, 0x61, 0x00, 0x61, 0x60, 0x62, 0x00, 0x7b, 0x67, 0x4a, 0x00,
    0xb0, 0x76, 0x1c, 0xff, 0xcb, 0x7d, 0x04, 0xff, 0xc9, 0x7f, 0x02, 0xff, 0xc9, 0x7f, 0x00, 0xff,
    0xc9, 0x7f, 0x00, 0xff, 0xc9, 0x7f, 0x00, 0xff, 0xc9, 0x7f, 0x00, 0xff, 0xc9, 0x7f, 0x00, 0xff,
    0xc9, 0x7f, 0x00, 0xff, 0xc9, 0x7f, 0x00, 0xff, 0xc9, 0x7f, 0x00, 0xff, 0xc9, 0x7f, 0x00, 0xff,
    0xc9, 0x7f, 0x02, 0xff, 0xc9, 0x7f, 0x02, 0xff, 0xc9, 0x7f, 0x02, 0xff, 0xc9, 0x7f, 0x02, 0xff,
    0xc9, 0x7f, 0x02, 0xff, 0xc9, 0x7f, 0x02, 0xff, 0xc9, 0x7f, 0x02, 0xff, 0xc9, 0x7f, 0x02, 0xff,
    0xcb, 0x7e, 0x02, 0xff, 0xcb, 0x7e, 0x02, 0xff, 0xcb, 0x7e, 0x02, 0xff, 0xcb, 0x7e, 0x02, 0xff,
    0xca, 0x7d, 0x01, 0xff, 0xca, 0x7d, 0x01, 0xff, 0xca, 0x7d, 0x01, 0xff, 0xc6, 0x7d, 0x02, 0xff,
    0xbe, 0x7c, 0x03, 0xff, 0xb0, 0x82, 0x0a, 0xff, 0x8f, 0x84, 0x0a, 0xcc, 0x79, 0x91, 0x1b, 0xf6,
    0x53, 0x93, 0x27, 0xff, 0x41, 0x93, 0x2d, 0xff, 0x3f, 0x93, 0x2e, 0xff, 0x3f, 0x93, 0x2e, 0xff,
    0x41, 0x93, 0x2d, 0xff, 0x43, 0x93, 0x2d, 0xff, 0x43, 0x91, 0x30, 0xff, 0x39, 0x8f, 0x38, 0xff,
    0x23, 0x8b, 0x44, 0xff, 0x32, 0xa6, 0x7f, 0xcc, 0x65, 0xe1, 0xe5, 0xf7, 0x52, 0xd4, 0xf6, 0xff,
    0x48, 0xd2, 0xfe, 0xff, 0x42, 0xd1, 0xff, 0xff, 0x42, 0xd1, 0xff, 0xff, 0x42, 0xd1, 0xff, 0xff,
    0x42, 0xd1, 0xff, 0xff, 0x42, 0xd1, 0xff, 0xff, 0x42, 0xd1, 0xff, 0xff, 0x42, 0xd1, 0xff, 0xff,
    0x43, 0xd1, 0xfe, 0xff, 0x43, 0xd1, 0xfe, 0xff, 0x43, 0xd1, 0xfe, 0xff, 0x43, 0xd1, 0xfe, 0xff,
    0x43, 0xd1, 0xfe, 0xff, 0x43, 0xd1, 0xfe, 0xff, 0x43, 0xd1, 0xfe, 0xff, 0x43, 0xd1, 0xfe, 0xff,
    0x40, 0xcf, 0xfe, 0xff, 0x40, 0xcf, 0xfe, 0xff, 0x40, 0xcf, 0xfe, 0xff, 0x40, 0xcf, 0xfe, 0xff,
    0x40, 0xcf, 0xfe, 0xff, 0x40, 0xcf, 0xfe, 0xff, 0x40, 0xcf, 0xfe, 0xff, 0x42, 0xd0, 0xfd, 0xff,
    0x46, 0xd0, 0xfa, 0xff, 0x46, 0xd0, 0xfa, 0xff, 0x40, 0xd1, 0xfb, 0xff, 0x40, 0xcf, 0xfe, 0xff,
    0x43, 0xcf, 0xff, 0xff, 0x4c, 0xcd, 0xfe, 0xff, 0x61, 0xd2, 0xfd, 0x5b, 0x7d, 0xcc, 0xe9, 0x00,
    0x00, 0x00, 0x0a, 0x00, 0x00, 0x00, 0x00, 0x00, 0x00, 0x00, 0x00, 0x00, 0x00, 0x00, 0x00, 0x00,
    0x00, 0x00, 0x00, 0x00, 0x00, 0x00, 0x00, 0x00, 0x00, 0x00, 0x00, 0x00, 0x00, 0x00, 0x00, 0x00,
    0x00, 0x00, 0x00, 0x00, 0x00, 0x00, 0x00, 0x00, 0x00, 0x00, 0x00, 0x00, 0x00, 0x00, 0x00, 0x00,
    0x00, 0x00, 0x00, 0x00, 0x00, 0x00, 0x00, 0x00, 0x00, 0x00, 0x00, 0x00, 0x00, 0x00, 0x00, 0x00,
    0x5f, 0x61, 0x61, 0x00, 0x5f, 0x61, 0x61, 0x00, 0x61, 0x60, 0x62, 0x00, 0x7b, 0x67, 0x4a, 0x00,
    0xb0, 0x76, 0x1c, 0xff, 0xcb, 0x7d, 0x04, 0xff, 0xc9, 0x7f, 0x02, 0xff, 0xc9, 0x7f, 0x00, 0xff,
    0xc9, 0x7f, 0x00, 0xff, 0xc9, 0x7f, 0x00, 0xff, 0xc9, 0x7f, 0x00, 0xff, 0xc9, 0x7f, 0x00, 0xff,
    0xc9, 0x7f, 0x00, 0xff, 0xc9, 0x7f, 0x00, 0xff, 0xc9, 0x7f, 0x00, 0xff, 0xc9, 0x7f, 0x00, 0xff,
    0xc9, 0x7f, 0x02, 0xff, 0xc9, 0x7f, 0x02, 0xff, 0xc9, 0x7f, 0x02, 0xff, 0xc9, 0x7f, 0x02, 0xff,
    0xc9, 0x7f, 0x02, 0xff, 0xc9, 0x7f, 0x02, 0xff, 0xc9, 0x7f, 0x02, 0xff, 0xc9, 0x7f, 0x02, 0xff,
    0xcb, 0x7e, 0x02, 0xff, 0xcb, 0x7e, 0x02, 0xff, 0xcb, 0x7e, 0x02, 0xff, 0xcb, 0x7e, 0x02, 0xff,
    0xca, 0x7d, 0x01, 0xff, 0xca, 0x7d, 0x01, 0xff, 0xca, 0x7d, 0x01, 0xff, 0xc8, 0x7d, 0x02, 0xff,
    0xc4, 0x7b, 0x03, 0xff, 0xbc, 0x7d, 0x03, 0xff, 0xae, 0x81, 0x07, 0xff, 0x93, 0x85, 0x0d, 0xcc,
    0x6f, 0x91, 0x1f, 0xf6, 0x53, 0x93, 0x27, 0xff, 0x47, 0x93, 0x2b, 0xff, 0x41, 0x92, 0x2e, 0xff,
    0x3f, 0x93, 0x2d, 0xff, 0x3d, 0x91, 0x32, 0xff, 0x39, 0x8e, 0x3a, 0xff, 0x2b, 0x8a, 0x48, 0xff,
    0x36, 0xa9, 0x82, 0xcc, 0x5e, 0xde, 0xd7, 0xf7, 0x51, 0xd4, 0xf3, 0xff, 0x48, 0xcf, 0xff, 0xff,
    0x44, 0xd1, 0xff, 0xff, 0x42, 0xd1, 0xff, 0xff, 0x42, 0xd1, 0xff, 0xff, 0x42, 0xd1, 0xff, 0xff,
    0x42, 0xd1, 0xff, 0xff, 0x42, 0xd1, 0xff, 0xff, 0x42, 0xd1, 0xff, 0xff, 0x42, 0xd1, 0xff, 0xff,
    0x43, 0xd0, 0xff, 0xff, 0x43, 0xd1, 0xfe, 0xff, 0x43, 0xd1, 0xfe, 0xff, 0x43, 0xd1, 0xfe, 0xff,
    0x43, 0xd1, 0xfe, 0xff, 0x43, 0xd1, 0xfe, 0xff, 0x43, 0xd1, 0xfe, 0xff, 0x43, 0xd1, 0xfe, 0xff,
    0x40, 0xcf, 0xfe, 0xff, 0x40, 0xcf, 0xfe, 0xff, 0x40, 0xcf, 0xfe, 0xff, 0x40, 0xcf, 0xfe, 0xff,
    0x40, 0xcf, 0xfe, 0xff, 0x40, 0xcf, 0xfe, 0xff, 0x40, 0xcf, 0xfe, 0xff, 0x40, 0xcf, 0xfe, 0xff,
    0x42, 0xd0, 0xfd, 0xff, 0x42, 0xd0, 0xfb, 0xff, 0x40, 0xd0, 0xfd, 0xff, 0x40, 0xcf, 0xfe, 0xff,
    0x3e, 0xca, 0xfd, 0xff, 0x41, 0xcb, 0xfe, 0xff, 0x44, 0xd0, 0xff, 0xe5, 0x5e, 0xc9, 0xec, 0x08,
    0x00, 0x00, 0x0d, 0x00, 0x00, 0x00, 0x00, 0x00, 0x00, 0x00, 0x00, 0x00, 0x00, 0x00, 0x00, 0x00,
    0x00, 0x00, 0x00, 0x00, 0x00, 0x00, 0x00, 0x00, 0x00, 0x00, 0x00, 0x00, 0x00, 0x00, 0x00, 0x00,
    0x00, 0x00, 0x00, 0x00, 0x00, 0x00, 0x00, 0x00, 0x00, 0x00, 0x00, 0x00, 0x00, 0x00, 0x00, 0x00,
    0x00, 0x00, 0x00, 0x00, 0x00, 0x00, 0x00, 0x00, 0x00, 0x00, 0x00, 0x00, 0x00, 0x00, 0x00, 0x00,
    0x5f, 0x61, 0x61, 0x00, 0x5f, 0x61, 0x61, 0x00, 0x61, 0x60, 0x62, 0x00, 0x7b, 0x67, 0x4a, 0x00,
    0xae, 0x74, 0x19, 0xff, 0xc8, 0x7b, 0x01, 0xff, 0xc6, 0x7c, 0x00, 0xff, 0xc6, 0x7d, 0x00, 0xff,
    0xc6, 0x7d, 0x00, 0xff, 0xc6, 0x7d, 0x00, 0xff, 0xc6, 0x7d, 0x00, 0xff, 0xc6, 0x7d, 0x00, 0xff,
    0xc8, 0x7e, 0x00, 0xff, 0xc8, 0x7e, 0x00, 0xff, 0xc8, 0x7e, 0x00, 0xff, 0xc8, 0x7e, 0x00, 0xff,
    0xc8, 0x7d, 0x01, 0xff, 0xc8, 0x7d, 0x01, 0xff, 0xc8, 0x7d, 0x01, 0xff, 0xc8, 0x7d, 0x01, 0xff,
    0xc8, 0x7d, 0x01, 0xff, 0xc8, 0x7d, 0x01, 0xff, 0xc8, 0x7d, 0x01, 0xff, 0xc8, 0x7d, 0x01, 0xff,
    0xc8, 0x7d, 0x02, 0xff, 0xc8, 0x7d, 0x02, 0xff, 0xc8, 0x7d, 0x02, 0xff, 0xc8, 0x7d, 0x02, 0xff,
    0xc8, 0x7d, 0x02, 0xff, 0xc8, 0x7d, 0x02, 0xff, 0xc8, 0x7d, 0x02, 0xff, 0xc8, 0x7d, 0x02, 0xff,
    0xc6, 0x7e, 0x01, 0xff, 0xc3, 0x7d, 0x02, 0xff, 0xbd, 0x7e, 0x04, 0xff, 0xad, 0x7f, 0x07, 0xff,
    0x92, 0x84, 0x0c, 0xcc, 0x75, 0x8c, 0x17, 0xf6, 0x51, 0x90, 0x24, 0xff, 0x3c, 0x92, 0x29, 0xff,
    0x3c, 0x93, 0x2c, 0xff, 0x30, 0x8f, 0x34, 0xff, 0x22, 0x88, 0x46, 0xff, 0x32, 0xa5, 0x80, 0xcc,
    0x5a, 0xdc, 0xdb, 0xf7, 0x4a, 0xd5, 0xee, 0xff, 0x46, 0xd0, 0xfa, 0xff, 0x44, 0xce, 0xff, 0xff,
    0x43, 0xcf, 0xff, 0xff, 0x41, 0xcf, 0xff, 0xff, 0x41, 0xcf, 0xff, 0xff, 0x41, 0xcf, 0xff, 0xff,
    0x41, 0xcf, 0xff, 0xff, 0x41, 0xcf, 0xff, 0xff, 0x41, 0xcf, 0xff, 0xff, 0x41, 0xcf, 0xff, 0xff,
    0x42, 0xcf, 0xfe, 0xff, 0x42, 0xcf, 0xfe, 0xff, 0x42, 0xcf, 0xfe, 0xff, 0x42, 0xcf, 0xfe, 0xff,
    0x42, 0xcf, 0xfe, 0xff, 0x42, 0xcf, 0xfe, 0xff, 0x42, 0xcf, 0xfe, 0xff, 0x42, 0xcf, 0xfe, 0xff,
    0x3f, 0xce, 0xfd, 0xff, 0x3f, 0xce, 0xfd, 0xff, 0x3f, 0xce, 0xfd, 0xff, 0x3f, 0xce, 0xfd, 0xff,
    0x3f, 0xce, 0xfd, 0xff, 0x3f, 0xce, 0xfd, 0xff, 0x3f, 0xce, 0xfd, 0xff, 0x3f, 0xcd, 0xff, 0xff,
    0x40, 0xce, 0xff, 0xff, 0x40, 0xce, 0xff, 0xff, 0x42, 0xcd, 0xff, 0xff, 0x42, 0xce, 0xff, 0xff,
    0x40, 0xcf, 0xfe, 0xff, 0x3e, 0xd0, 0xfe, 0xff, 0x40, 0xcf, 0xfe, 0xff, 0x62, 0xce, 0xf3, 0x5c,
    0x00, 0x01, 0x0d, 0x00, 0x00, 0x00, 0x00, 0x00, 0x00, 0x00, 0x00, 0x00, 0x00, 0x00, 0x00, 0x00,
    0x00, 0x00, 0x00, 0x00, 0x00, 0x00, 0x00, 0x00, 0x00, 0x00, 0x00, 0x00, 0x00, 0x00, 0x00, 0x00,
    0x00, 0x00, 0x00, 0x00, 0x00, 0x00, 0x00, 0x00, 0x00, 0x00, 0x00, 0x00, 0x00, 0x00, 0x00, 0x00,
    0x00, 0x00, 0x00, 0x00, 0x00, 0x00, 0x00, 0x00, 0x00, 0x00, 0x00, 0x00, 0x00, 0x00, 0x00, 0x00,
    0x5f, 0x61, 0x61, 0x00, 0x5f, 0x61, 0x61, 0x00, 0x61, 0x60, 0x62, 0x00, 0x7b, 0x67, 0x4a, 0x00,
    0xae, 0x74, 0x19, 0xff, 0xc8, 0x7b, 0x01, 0xff, 0xc6, 0x7c, 0x00, 0xff, 0xc6, 0x7d, 0x00, 0xff,
    0xc6, 0x7d, 0x00, 0xff, 0xc6, 0x7d, 0x00, 0xff, 0xc6, 0x7d, 0x00, 0xff, 0xc6, 0x7d, 0x00, 0xff,
    0xc8, 0x7e, 0x00, 0xff, 0xc8, 0x7e, 0x00, 0xff, 0xc8, 0x7e, 0x00, 0xff, 0xc8, 0x7e, 0x00, 0xff,
    0xc8, 0x7d, 0x01, 0xff, 0xc8, 0x7d, 0x01, 0xff, 0xc8, 0x7d, 0x01, 0xff, 0xc8, 0x7d, 0x01, 0xff,
    0xc8, 0x7d, 0x01, 0xff, 0xc8, 0x7d, 0x01, 0xff, 0xc8, 0x7d, 0x01, 0xff, 0xc8, 0x7d, 0x01, 0xff,
    0xc8, 0x7d, 0x02, 0xff, 0xc8, 0x7d, 0x02, 0xff, 0xc8, 0x7d, 0x02, 0xff, 0xc8, 0x7d, 0x02, 0xff,
    0xc8, 0x7d, 0x02, 0xff, 0xc8, 0x7d, 0x02, 0xff, 0xc8, 0x7d, 0x02, 0xff, 0xc8, 0x7d, 0x02, 0xff,
    0xc8, 0x7d, 0x01, 0xff, 0xc8, 0x7d, 0x01, 0xff, 0xc6, 0x7d, 0x02, 0xff, 0xbd, 0x7e, 0x04, 0xff,
    0xac, 0x7f, 0x05, 0xff, 0x90, 0x85, 0x0c, 0xcc, 0x6b, 0x8d, 0x1a, 0xf6, 0x4d, 0x90, 0x26, 0xff,
    0x36, 0x8f, 0x31, 0xff, 0x1f, 0x87, 0x3f, 0xff, 0x2f, 0xa2, 0x7d, 0xcc, 0x59, 0xd8, 0xd3, 0xf7,
    0x4a, 0xd5, 0xf0, 0xff, 0x40, 0xd0, 0xfd, 0xff, 0x40, 0xce, 0xff, 0xff, 0x40, 0xce, 0xff, 0xff,
    0x41, 0xcf, 0xff, 0xff, 0x41, 0xcf, 0xff, 0xff, 0x41, 0xcf, 0xff, 0xff, 0x41, 0xcf, 0xff, 0xff,
    0x41, 0xcf, 0xff, 0xff, 0x41, 0xcf, 0xff, 0xff, 0x41, 0xcf, 0xff, 0xff, 0x41, 0xcf, 0xff, 0xff,
    0x42, 0xcf, 0xfe, 0xff, 0x42, 0xcf, 0xfe, 0xff, 0x42, 0xcf, 0xfe, 0xff, 0x42, 0xcf, 0xfe, 0xff,
    0x42, 0xcf, 0xfe, 0xff, 0x42, 0xcf, 0xfe, 0xff, 0x42, 0xcf, 0xfe, 0xff, 0x42, 0xcf, 0xfe, 0xff,
    0x3f, 0xce, 0xfd, 0xff, 0x3f, 0xce, 0xfd, 0xff, 0x3f, 0xce, 0xfd, 0xff, 0x3f, 0xce, 0xfd, 0xff,
    0x3f, 0xce, 0xfd, 0xff, 0x3f, 0xce, 0xfd, 0xff, 0x3f, 0xce, 0xfd, 0xff, 0x3f, 0xcd, 0xff, 0xff,
    0x3e, 0xce, 0xff, 0xff, 0x40, 0xce, 0xff, 0xff, 0x44, 0xcc, 0xff, 0xff, 0x44, 0xcd, 0xff, 0xff,
    0x40, 0xd0, 0xfd, 0xff, 0x3e, 0xd1, 0xfb, 0xff, 0x3e, 0xd0, 0xfe, 0xff, 0x62, 0xcf, 0xf2, 0xab,
    0x00, 0x01, 0x0d, 0x00, 0x00, 0x00, 0x00, 0x00, 0x00, 0x00, 0x00, 0x00, 0x00, 0x00, 0x00, 0x00,
    0x00, 0x00, 0x00, 0x00, 0x00, 0x00, 0x00, 0x00, 0x00, 0x00, 0x00, 0x00, 0x00, 0x00, 0x00, 0x00,
    0x00, 0x00, 0x00, 0x00, 0x00, 0x00, 0x00, 0x00, 0x00, 0x00, 0x00, 0x00, 0x00, 0x00, 0x00, 0x00,
    0x00, 0x00, 0x00, 0x00, 0x00, 0x00, 0x00, 0x00, 0x00, 0x00, 0x00, 0x00, 0x00, 0x00, 0x00, 0x00,
    0x5f, 0x61, 0x61, 0x00, 0x5f, 0x61, 0x61, 0x00, 0x61, 0x60, 0x62, 0x00, 0x7b, 0x67, 0x4a, 0x00,
    0xae, 0x74, 0x19, 0xff, 0xc8, 0x7b, 0x01, 0xff, 0xc6, 0x7c, 0x00, 0xff, 0xc6, 0x7d, 0x00, 0xff,
    0xc6, 0x7d, 0x00, 0xff, 0xc6, 0x7d, 0x00, 0xff, 0xc6, 0x7d, 0x00, 0xff, 0xc6, 0x7d, 0x00, 0xff,
    0xc6, 0x7d, 0x00, 0xff, 0xc6, 0x7d, 0x00, 0xff, 0xc6, 0x7d, 0x00, 0xff, 0xc6, 0x7d, 0x00, 0xff,
    0xc6, 0x7c, 0x00, 0xff, 0xc6, 0x7c, 0x00, 0xff, 0xc6, 0x7c, 0x00, 0xff, 0xc6, 0x7c, 0x00, 0xff,
    0xc6, 0x7c, 0x00, 0xff, 0xc6, 0x7c, 0x00, 0xff, 0xc6, 0x7c, 0x00, 0xff, 0xc6, 0x7c, 0x00, 0xff,
    0xc6, 0x7b, 0x01, 0xff, 0xc6, 0x7b, 0x01, 0xff, 0xc6, 0x7b, 0x01, 0xff, 0xc6, 0x7b, 0x01, 0xff,
    0xc6, 0x7b, 0x01, 0xff, 0xc6, 0x7b, 0x01, 0xff, 0xc6, 0x7b, 0x01, 0xff, 0xc8, 0x7b, 0x01, 0xff,
    0xca, 0x7b, 0x01, 0xff, 0xca, 0x7b, 0x00, 0xff, 0xc6, 0x7c, 0x00, 0xff, 0xc2, 0x7c, 0x01, 0xff,
    0xbb, 0x7b, 0x02, 0xff, 0xac, 0x7e, 0x06, 0xff, 0x92, 0x83, 0x0d, 0xcc, 0x6d, 0x89, 0x20, 0xf6,
    0x34, 0x8b, 0x3b, 0xff, 0x30, 0xa4, 0x7b, 0xcc, 0x5e, 0xdc, 0xe1, 0xf7, 0x4c, 0xcf, 0xf3, 0xff,
    0x46, 0xce, 0xfe, 0xff, 0x40, 0xcd, 0xff, 0xff, 0x40, 0xcd, 0xff, 0xff, 0x40, 0xce, 0xff, 0xff,
    0x41, 0xcf, 0xff, 0xff, 0x41, 0xcf, 0xff, 0xff, 0x41, 0xcf, 0xff, 0xff, 0x41, 0xcf, 0xff, 0xff,
    0x40, 0xce, 0xff, 0xff, 0x40, 0xce, 0xff, 0xff, 0x40, 0xce, 0xff, 0xff, 0x40, 0xce, 0xff, 0xff,
    0x42, 0xcf, 0xfe, 0xff, 0x42, 0xcf, 0xfe, 0xff, 0x42, 0xcf, 0xfe, 0xff, 0x42, 0xcf, 0xfe, 0xff,
    0x42, 0xcf, 0xfe, 0xff, 0x42, 0xcf, 0xfe, 0xff, 0x42, 0xcf, 0xfe, 0xff, 0x42, 0xcf, 0xfe, 0xff,
    0x3f, 0xce, 0xfd, 0xff, 0x3f, 0xce, 0xfd, 0xff, 0x3f, 0xce, 0xfd, 0xff, 0x3f, 0xce, 0xfd, 0xff,
    0x3f, 0xce, 0xfd, 0xff, 0x3f, 0xce, 0xfd, 0xff, 0x3f, 0xce, 0xfd, 0xff, 0x3f, 0xce, 0xfd, 0xff,
    0x40, 0xd0, 0xfd, 0xff, 0x40, 0xd0, 0xfd, 0xff, 0x42, 0xcd, 0xff, 0xff, 0x42, 0xcd, 0xff, 0xff,
    0x3f, 0xd0, 0xfa, 0xff, 0x3d, 0xd1, 0xf8, 0xff, 0x3d, 0xd0, 0xfa, 0xff, 0x5f, 0xcf, 0xef, 0xdd,
    0x00, 0x01, 0x0b, 0x00, 0x00, 0x00, 0x00, 0x00, 0x00, 0x00, 0x00, 0x00, 0x00, 0x00, 0x00, 0x00,
    0x00, 0x00, 0x00, 0x00, 0x00, 0x00, 0x00, 0x00, 0x00, 0x00, 0x00, 0x00, 0x00, 0x00, 0x00, 0x00,
    0x00, 0x00, 0x00, 0x00, 0x00, 0x00, 0x00, 0x00, 0x00, 0x00, 0x00, 0x00, 0x00, 0x00, 0x00, 0x00,
    0x00, 0x00, 0x00, 0x00, 0x00, 0x00, 0x00, 0x00, 0x00, 0x00, 0x00, 0x00, 0x00, 0x00, 0x00, 0x00,
    0x5f, 0x61, 0x61, 0x00, 0x5f, 0x61, 0x61, 0x00, 0x61, 0x60, 0x62, 0x00, 0x7b, 0x67, 0x4a, 0x00,
    0xae, 0x74, 0x19, 0xff, 0xc6, 0x7b, 0x01, 0xff, 0xc4, 0x7d, 0x00, 0xff, 0xc4, 0x7d, 0x00, 0xff,
    0xc4, 0x7d, 0x00, 0xff, 0xc6, 0x7c, 0x00, 0xff, 0xc6, 0x7c, 0x00, 0xff, 0xc6, 0x7c, 0x00, 0xff,
    0xc5, 0x7b, 0x00, 0xff, 0xc5, 0x7b, 0x00, 0xff, 0xc5, 0x7b, 0x00, 0xff, 0xc5, 0x7b, 0x00, 0xff,
    0xc5, 0x7b, 0x00, 0xff, 0xc5, 0x7a, 0x00, 0xff, 0xc5, 0x7a, 0x00, 0xff, 0xc5, 0x7a, 0x00, 0xff,
    0xc5, 0x7a, 0x00, 0xff, 0xc5, 0x7a, 0x00, 0xff, 0xc5, 0x7a, 0x00, 0xff, 0xc5, 0x7a, 0x00, 0xff,
    0xc5, 0x7a, 0x00, 0xff, 0xc5, 0x7a, 0x00, 0xff, 0xc5, 0x7a, 0x00, 0xff, 0xc5, 0x7a, 0x00, 0xff,
    0xc5, 0x7a, 0x00, 0xff, 0xc5, 0x7a, 0x00, 0xff, 0xc5, 0x7a, 0x00, 0xff, 0xc7, 0x7a, 0x00, 0xff,
    0xc9, 0x7a, 0x00, 0xff, 0xc9, 0x7a, 0x00, 0xff, 0xc5, 0x7b, 0x00, 0xff, 0xc3, 0x7b, 0x00, 0xff,
    0xc2, 0x79, 0x01, 0xff, 0xb9, 0x79, 0x07, 0xff, 0xa4, 0x7a, 0x11, 0xff, 0x78, 0x7a, 0x2a, 0xcc,
    0x5a, 0x9f, 0x7d, 0xc8, 0x65, 0xd3, 0xd8, 0xf7, 0x52, 0xce, 0xf3, 0xff, 0x49, 0xcc, 0xff, 0xff,
    0x44, 0xcb, 0xff, 0xff, 0x42, 0xcb, 0xff, 0xff, 0x42, 0xcc, 0xff, 0xff, 0x40, 0xce, 0xff, 0xff,
    0x41, 0xcf, 0xff, 0xff, 0x41, 0xcf, 0xff, 0xff, 0x41, 0xcf, 0xff, 0xff, 0x41, 0xcf, 0xff, 0xff,
    0x40, 0xce, 0xff, 0xff, 0x40, 0xce, 0xff, 0xff, 0x40, 0xce, 0xff, 0xff, 0x40, 0xce, 0xff, 0xff,
    0x42, 0xce, 0xff, 0xff, 0x42, 0xce, 0xff, 0xff, 0x42, 0xce, 0xff, 0xff, 0x42, 0xce, 0xff, 0xff,
    0x42, 0xce, 0xff, 0xff, 0x42, 0xce, 0xff, 0xff, 0x42, 0xce, 0xff, 0xff, 0x42, 0xce, 0xff, 0xff,
    0x3f, 0xcd, 0xff, 0xff, 0x3f, 0xcd, 0xff, 0xff, 0x3f, 0xcd, 0xff, 0xff, 0x3f, 0xcd, 0xff, 0xff,
    0x3f, 0xcd, 0xff, 0xff, 0x3f, 0xcd, 0xff, 0xff, 0x3f, 0xcd, 0xff, 0xff, 0x3f, 0xcf, 0xfc, 0xff,
    0x40, 0xd2, 0xfa, 0xff, 0x40, 0xd1, 0xfb, 0xff, 0x42, 0xcd, 0xff, 0xff, 0x42, 0xcd, 0xff, 0xff,
    0x3f, 0xcf, 0xfc, 0xff, 0x3f, 0xd0, 0xfa, 0xff, 0x3d, 0xcf, 0xfc, 0xff, 0x61, 0xce, 0xf0, 0xf7,
    0x00, 0x01, 0x0d, 0x00, 0x00, 0x00, 0x00, 0x00, 0x00, 0x00, 0x00, 0x00, 0x00, 0x00, 0x00, 0x00,
    0x00, 0x00, 0x00, 0x00, 0x00, 0x00, 0x00, 0x00, 0x00, 0x00, 0x00, 0x00, 0x00, 0x00, 0x00, 0x00,
    0x00, 0x00, 0x00, 0x00, 0x00, 0x00, 0x00, 0x00, 0x00, 0x00, 0x00, 0x00, 0x00, 0x00, 0x00, 0x00,
    0x00, 0x00, 0x00, 0x00, 0x00, 0x00, 0x00, 0x00, 0x00, 0x00, 0x00, 0x00, 0x00, 0x00, 0x00, 0x00,
    0x5e, 0x5e, 0x5e, 0x00, 0x5e, 0x5e, 0x5e, 0x00, 0x5e, 0x5d, 0x60, 0x00, 0x77, 0x63, 0x47, 0x00,
    0xab, 0x73, 0x18, 0xff, 0xc3, 0x7b, 0x00, 0xff, 0xc1, 0x7c, 0x00, 0xff, 0xbf, 0x7c, 0x00, 0xff,
    0xc1, 0x7b, 0x00, 0xff, 0xc3, 0x7b, 0x00, 0xff, 0xc3, 0x7b, 0x00, 0xff, 0xc3, 0x7b, 0x00, 0xff,
    0xc3, 0x7b, 0x00, 0xff, 0xc3, 0x7b, 0x00, 0xff, 0xc3, 0x7b, 0x00, 0xff, 0xc3, 0x7b, 0x00, 0xff,
    0xc3, 0x7b, 0x00, 0xff, 0xc3, 0x7a, 0x02, 0xff, 0xc3, 0x7a, 0x02, 0xff, 0xc3, 0x7a, 0x02, 0xff,
    0xc3, 0x7a, 0x02, 0xff, 0xc3, 0x7a, 0x02, 0xff, 0xc3, 0x7a, 0x02, 0xff, 0xc3, 0x7b, 0x00, 0xff,
    0xc3, 0x7b, 0x00, 0xff, 0xc3, 0x7b, 0x00, 0xff, 0xc3, 0x7b, 0x00, 0xff, 0xc3, 0x7b, 0x00, 0xff,
    0xc3, 0x7b, 0x00, 0xff, 0xc3, 0x7b, 0x00, 0xff, 0xc3, 0x7b, 0x00, 0xff, 0xc5, 0x7a, 0x00, 0xff,
    0xc7, 0x7b, 0x00, 0xff, 0xc5, 0x7b, 0x00, 0xff, 0xc3, 0x7b, 0x00, 0xff, 0xc1, 0x7c, 0x00, 0xff,
    0xc0, 0x7a, 0x00, 0xff, 0xb6, 0x75, 0x0c, 0xff, 0xa2, 0x70, 0x26, 0xff, 0x74, 0x65, 0x4c, 0xcb,
    0x68, 0x8f, 0xb6, 0xc8, 0x70, 0xc2, 0xff, 0xf6, 0x59, 0xc9, 0xff, 0xff, 0x49, 0xcc, 0xff, 0xff,
    0x44, 0xcc, 0xff, 0xff, 0x43, 0xcb, 0xff, 0xff, 0x45, 0xcb, 0xff, 0xff, 0x45, 0xcb, 0xff, 0xff,
    0x42, 0xce, 0xff, 0xff, 0x42, 0xce, 0xff, 0xff, 0x42, 0xce, 0xff, 0xff, 0x42, 0xce, 0xff, 0xff,
    0x42, 0xce, 0xff, 0xff, 0x42, 0xce, 0xff, 0xff, 0x42, 0xce, 0xff, 0xff, 0x42, 0xce, 0xff, 0xff,
    0x41, 0xcd, 0xff, 0xff, 0x41, 0xcc, 0xff, 0xff, 0x41, 0xcc, 0xff, 0xff, 0x41, 0xcc, 0xff, 0xff,
    0x41, 0xcc, 0xff, 0xff, 0x41, 0xcc, 0xff, 0xff, 0x41, 0xcc, 0xff, 0xff, 0x41, 0xcc, 0xff, 0xff,
    0x41, 0xcc, 0xff, 0xff, 0x41, 0xcc, 0xff, 0xff, 0x41, 0xcc, 0xff, 0xff, 0x41, 0xcc, 0xff, 0xff,
    0x41, 0xcc, 0xff, 0xff, 0x41, 0xcc, 0xff, 0xff, 0x41, 0xcc, 0xff, 0xff, 0x41, 0xce, 0xfd, 0xff,
    0x3f, 0xd0, 0xfa, 0xff, 0x3f, 0xd0, 0xfa, 0xff, 0x3f, 0xcc, 0xff, 0xff, 0x3f, 0xcc, 0xff, 0xff,
    0x3f, 0xcd, 0xff, 0xff, 0x3f, 0xcd, 0xff, 0xff, 0x41, 0xcb, 0xff, 0xff, 0x65, 0xcb, 0xf5, 0xf6,
    0x00, 0x00, 0x0e, 0x00, 0x00, 0x00, 0x00, 0x00, 0x00, 0x00, 0x00, 0x00, 0x00, 0x00, 0x00, 0x00,
    0x00, 0x00, 0x00, 0x00, 0x00, 0x00, 0x00, 0x00, 0x00, 0x00, 0x00, 0x00, 0x00, 0x00, 0x00, 0x00,
    0x00, 0x00, 0x00, 0x00, 0x00, 0x00, 0x00, 0x00, 0x00, 0x00, 0x00, 0x00, 0x00, 0x00, 0x00, 0x00,
    0x00, 0x00, 0x00, 0x00, 0x00, 0x00, 0x00, 0x00, 0x00, 0x00, 0x00, 0x00, 0x00, 0x00, 0x00, 0x00,
    0x5e, 0x5e, 0x5e, 0x00, 0x5e, 0x5e, 0x5e, 0x00, 0x5d, 0x5c, 0x5f, 0x00, 0x77, 0x63, 0x47, 0x00,
    0xab, 0x73, 0x18, 0xff, 0xc1, 0x7b, 0x00, 0xff, 0xbf, 0x7c, 0x00, 0xff, 0xbf, 0x7c, 0x00, 0xff,
    0xc1, 0x7b, 0x00, 0xff, 0xc1, 0x7a, 0x02, 0xff, 0xc1, 0x7a, 0x02, 0xff, 0xc1, 0x7a, 0x02, 0xff,
    0xc1, 0x7a, 0x02, 0xff, 0xc1, 0x7a, 0x02, 0xff, 0xc1, 0x7a, 0x02, 0xff, 0xc1, 0x7a, 0x02, 0xff,
    0xc1, 0x7a, 0x02, 0xff, 0xc1, 0x7a, 0x02, 0xff, 0xc1, 0x7a, 0x02, 0xff, 0xc1, 0x7a, 0x02, 0xff,
    0xc1, 0x7a, 0x02, 0xff, 0xc1, 0x7a, 0x02, 0xff, 0xc1, 0x7a, 0x02, 0xff, 0xc1, 0x7a, 0x02, 0xff,
    0xc3, 0x7b, 0x00, 0xff, 0xc3, 0x7b, 0x00, 0xff, 0xc3, 0x7b, 0x00, 0xff, 0xc3, 0x7b, 0x00, 0xff,
    0xc3, 0x7b, 0x00, 0xff, 0xc3, 0x7b, 0x00, 0xff, 0xc3, 0x7b, 0x00, 0xff, 0xc3, 0x7b, 0x00, 0xff,
    0xc3, 0x7b, 0x00, 0xff, 0xc3, 0x7b, 0x00, 0xff, 0xbf, 0x7c, 0x00, 0xff, 0xbb, 0x7b, 0x02, 0xff,
    0xb6, 0x77, 0x09, 0xff, 0xa3, 0x6b, 0x20, 0xff, 0x8e, 0x5f, 0x4e, 0xcb, 0x86, 0x6e, 0x99, 0xf7,
    0x5a, 0x66, 0xc9, 0xff, 0x4a, 0x7d, 0xed, 0xcc, 0x69, 0xc2, 0xff, 0xf7, 0x53, 0xc8, 0xff, 0xff,
    0x48, 0xcb, 0xff, 0xff, 0x43, 0xcc, 0xff, 0xff, 0x45, 0xcb, 0xff, 0xff, 0x45, 0xcb, 0xff, 0xff,
    0x44, 0xce, 0xff, 0xff, 0x42, 0xce, 0xff, 0xff, 0x42, 0xce, 0xff, 0xff, 0x42, 0xce, 0xff, 0xff,
    0x42, 0xce, 0xff, 0xff, 0x42, 0xce, 0xff, 0xff, 0x42, 0xce, 0xff, 0xff, 0x42, 0xce, 0xff, 0xff,
    0x41, 0xcc, 0xff, 0xff, 0x41, 0xcc, 0xff, 0xff, 0x41, 0xcc, 0xff, 0xff, 0x41, 0xcc, 0xff, 0xff,
    0x41, 0xcc, 0xff, 0xff, 0x41, 0xcc, 0xff, 0xff, 0x41, 0xcc, 0xff, 0xff, 0x41, 0xcc, 0xff, 0xff,
    0x41, 0xcc, 0xff, 0xff, 0x41, 0xcc, 0xff, 0xff, 0x41, 0xcc, 0xff, 0xff, 0x41, 0xcc, 0xff, 0xff,
    0x41, 0xcc, 0xff, 0xff, 0x41, 0xcc, 0xff, 0xff, 0x41, 0xcc, 0xff, 0xff, 0x41, 0xcd, 0xff, 0xff,
    0x3f, 0xce, 0xfd, 0xff, 0x3f, 0xce, 0xfd, 0xff, 0x41, 0xcd, 0xff, 0xff, 0x3f, 0xcc, 0xff, 0xff,
    0x3d, 0xce, 0xff, 0xff, 0x3f, 0xcc, 0xff, 0xff, 0x43, 0xcb, 0xff, 0xff, 0x67, 0xca, 0xf5, 0xdd,
    0x00, 0x00, 0x0e, 0x00, 0x00, 0x00, 0x00, 0x00, 0x00, 0x00, 0x00, 0x00, 0x00, 0x00, 0x00, 0x00,
    0x00, 0x00, 0x00, 0x00, 0x00, 0x00, 0x00, 0x00, 0x00, 0x00, 0x00, 0x00, 0x00, 0x00, 0x00, 0x00,
    0x00, 0x00, 0x00, 0x00, 0x00, 0x00, 0x00, 0x00, 0x00, 0x00, 0x00, 0x00, 0x00, 0x00, 0x00, 0x00,
    0x00, 0x00, 0x00, 0x00, 0x00, 0x00, 0x00, 0x00, 0x00, 0x00, 0x00, 0x00, 0x00, 0x00, 0x00, 0x00,
    0x5e, 0x5e, 0x5e, 0x00, 0x5d, 0x5d, 0x5d, 0x00, 0x5d, 0x5c, 0x5f, 0x00, 0x77, 0x63, 0x47, 0x00,
    0xab, 0x73, 0x18, 0xff, 0xc1, 0x7b, 0x00, 0xff, 0xbf, 0x7c, 0x00, 0xff, 0xbf, 0x7c, 0x00, 0xff,
    0xc1, 0x7b, 0x00, 0xff, 0xc1, 0x7a, 0x02, 0xff, 0xc1, 0x7a, 0x02, 0xff, 0xc1, 0x7a, 0x02, 0xff,
    0xc1, 0x7a, 0x02, 0xff, 0xc1, 0x7a, 0x02, 0xff, 0xc1, 0x7a, 0x02, 0xff, 0xc1, 0x7a, 0x02, 0xff,
    0xc1, 0x7a, 0x02, 0xff, 0xc1, 0x7a, 0x02, 0xff, 0xc1, 0x7a, 0x02, 0xff, 0xc1, 0x7a, 0x02, 0xff,
    0xc1, 0x7a, 0x02, 0xff, 0xc1, 0x7a, 0x02, 0xff, 0xc1, 0x7a, 0x02, 0xff, 0xc1, 0x7a, 0x02, 0xff,
    0xc3, 0x7b, 0x00, 0xff, 0xc3, 0x7b, 0x00, 0xff, 0xc3, 0x7b, 0x00, 0xff, 0xc3, 0x7b, 0x00, 0xff,
    0xc3, 0x7b, 0x00, 0xff, 0xc3, 0x7b, 0x00, 0xff, 0xc3, 0x7b, 0x00, 0xff, 0xc3, 0x7b, 0x00, 0xff,
    0xc3, 0x7a, 0x02, 0xff, 0xbf, 0x7b, 0x02, 0xff, 0xbb, 0x7d, 0x00, 0xff, 0xb1, 0x7a, 0x08, 0xff,
    0xa5, 0x71, 0x1e, 0xff, 0x8e, 0x61, 0x4b, 0xcb, 0x89, 0x6a, 0xac, 0xf7, 0x6e, 0x59, 0xd3, 0xff,
    0x5e, 0x54, 0xe3, 0xff, 0x46, 0x57, 0xe3, 0xff, 0x4a, 0x7f, 0xef, 0xcc, 0x61, 0xba, 0xff, 0xf7,
    0x4c, 0xca, 0xff, 0xff, 0x42, 0xcf, 0xfe, 0xff, 0x43, 0xcc, 0xff, 0xff, 0x43, 0xcc, 0xff, 0xff,
    0x42, 0xce, 0xff, 0xff, 0x42, 0xce, 0xff, 0xff, 0x42, 0xce, 0xff, 0xff, 0x42, 0xce, 0xff, 0xff,
    0x41, 0xcd, 0xff, 0xff, 0x41, 0xcd, 0xff, 0xff, 0x41, 0xcd, 0xff, 0xff, 0x41, 0xcd, 0xff, 0xff,
    0x41, 0xcc, 0xff, 0xff, 0x41, 0xcc, 0xff, 0xff, 0x41, 0xcc, 0xff, 0xff, 0x41, 0xcc, 0xff, 0xff,
    0x41, 0xcc, 0xff, 0xff, 0x41, 0xcc, 0xff, 0xff, 0x41, 0xcc, 0xff, 0xff, 0x41, 0xcc, 0xff, 0xff,
    0x41, 0xcc, 0xff, 0xff, 0x41, 0xcc, 0xff, 0xff, 0x41, 0xcc, 0xff, 0xff, 0x41, 0xcc, 0xff, 0xff,
    0x41, 0xcc, 0xff, 0xff, 0x41, 0xcc, 0xff, 0xff, 0x41, 0xcc, 0xff, 0xff, 0x41, 0xcc, 0xff, 0xff,
    0x3f, 0xcc, 0xff, 0xff, 0x3f, 0xcc, 0xff, 0xff, 0x43, 0xcc, 0xff, 0xff, 0x41, 0xce, 0xfd, 0xff,
    0x3d, 0xce, 0xfa, 0xff, 0x3d, 0xcd, 0xfc, 0xff, 0x41, 0xcb, 0xfe, 0xff, 0x66, 0xca, 0xf3, 0xaa,
    0x00, 0x00, 0x0d, 0x00, 0x00, 0x00, 0x00, 0x00, 0x00, 0x00, 0x00, 0x00, 0x00, 0x00, 0x00, 0x00,
    0x00, 0x00, 0x00, 0x00, 0x00, 0x00, 0x00, 0x00, 0x00, 0x00, 0x00, 0x00, 0x00, 0x00, 0x00, 0x00,
    0x00, 0x00, 0x00, 0x00, 0x00, 0x00, 0x00, 0x00, 0x00, 0x00, 0x00, 0x00, 0x00, 0x00, 0x00, 0x00,
    0x00, 0x00, 0x00, 0x00, 0x00, 0x00, 0x00, 0x00, 0x00, 0x00, 0x00, 0x00, 0x00, 0x00, 0x00, 0x00,
    0x5d, 0x5d, 0x5d, 0x00, 0x5d, 0x5d, 0x5d, 0x00, 0x5d, 0x5c, 0x5f, 0x00, 0x77, 0x63, 0x47, 0x00,
    0xab, 0x73, 0x18, 0xff, 0xc1, 0x7b, 0x00, 0xff, 0xbf, 0x7c, 0x00, 0xff, 0xbf, 0x7c, 0x00, 0xff,
    0xc1, 0x7b, 0x00, 0xff, 0xc1, 0x7a, 0x02, 0xff, 0xc1, 0x7a, 0x02, 0xff, 0xc1, 0x7a, 0x02, 0xff,
    0xc1, 0x7a, 0x02, 0xff, 0xc1, 0x7a, 0x02, 0xff, 0xc1, 0x7a, 0x02, 0xff, 0xc1, 0x7a, 0x02, 0xff,
    0xc1, 0x7a, 0x02, 0xff, 0xc1, 0x7a, 0x02, 0xff, 0xc1, 0x7a, 0x02, 0xff, 0xc1, 0x7a, 0x02, 0xff,
    0xc1, 0x7a, 0x02, 0xff, 0xc1, 0x7a, 0x02, 0xff, 0xc1, 0x7a, 0x02, 0xff, 0xc1, 0x7a, 0x02, 0xff,
    0xc2, 0x7a, 0x00, 0xff, 0xc2, 0x7a, 0x00, 0xff, 0xc2, 0x7a, 0x00, 0xff, 0xc2, 0x7a, 0x00, 0xff,
    0xc2, 0x7a, 0x00, 0xff, 0xc2, 0x7a, 0x00, 0xff, 0xc2, 0x7a, 0x00, 0xff, 0xc2, 0x79, 0x01, 0xff,
    0xc1, 0x79, 0x03, 0xff, 0xbb, 0x79, 0x07, 0xff, 0xb1, 0x79, 0x0a, 0xff, 0xa1, 0x71, 0x20, 0xff,
    0x8c, 0x61, 0x4c, 0xcb, 0x90, 0x6c, 0x9a, 0xf7, 0x71, 0x58, 0xd0, 0xff, 0x62, 0x4e, 0xee, 0xff,
    0x5c, 0x49, 0xee, 0xff, 0x51, 0x4c, 0xea, 0xff, 0x44, 0x59, 0xe3, 0xff, 0x48, 0x80, 0xef, 0xcc,
    0x5b, 0xc0, 0xff, 0xf7, 0x4c, 0xca, 0xff, 0xff, 0x47, 0xca, 0xff, 0xff, 0x43, 0xcc, 0xff, 0xff,
    0x41, 0xcc, 0xff, 0xff, 0x41, 0xcd, 0xff, 0xff, 0x41, 0xcd, 0xff, 0xff, 0x41, 0xcd, 0xff, 0xff,
    0x41, 0xcd, 0xff, 0xff, 0x41, 0xcd, 0xff, 0xff, 0x41, 0xcd, 0xff, 0xff, 0x41, 0xcd, 0xff, 0xff,
    0x41, 0xcc, 0xff, 0xff, 0x41, 0xcc, 0xff, 0xff, 0x41, 0xcc, 0xff, 0xff, 0x41, 0xcc, 0xff, 0xff,
    0x41, 0xcc, 0xff, 0xff, 0x41, 0xcc, 0xff, 0xff, 0x41, 0xcc, 0xff, 0xff, 0x41, 0xcc, 0xff, 0xff,
    0x41, 0xcc, 0xff, 0xff, 0x41, 0xcc, 0xff, 0xff, 0x41, 0xcc, 0xff, 0xff, 0x41, 0xcc, 0xff, 0xff,
    0x41, 0xcc, 0xff, 0xff, 0x41, 0xcc, 0xff, 0xff, 0x41, 0xcc, 0xff, 0xff, 0x41, 0xcb, 0xff, 0xff,
    0x3d, 0xca, 0xff, 0xff, 0x3d, 0xca, 0xff, 0xff, 0x3f, 0xcc, 0xfe, 0xff, 0x43, 0xcd, 0xfd, 0xff,
    0x3e, 0xcb, 0xfb, 0xff, 0x41, 0xcb, 0xfe, 0xff, 0x42, 0xca, 0xfd, 0xff, 0x66, 0xcb, 0xf1, 0x5b,
    0x00, 0x00, 0x0d, 0x00, 0x00, 0x00, 0x00, 0x00, 0x00, 0x00, 0x00, 0x00, 0x00, 0x00, 0x00, 0x00,
    0x00, 0x00, 0x00, 0x00, 0x00, 0x00, 0x00, 0x00, 0x00, 0x00, 0x00, 0x00, 0x00, 0x00, 0x00, 0x00,
    0x00, 0x00, 0x00, 0x00, 0x00, 0x00, 0x00, 0x00, 0x00, 0x00, 0x00, 0x00, 0x00, 0x00, 0x00, 0x00,
    0x00, 0x00, 0x00, 0x00, 0x00, 0x00, 0x00, 0x00, 0x00, 0x00, 0x00, 0x00, 0x00, 0x00, 0x00, 0x00,
    0x5d, 0x5d, 0x5d, 0x00, 0x5d, 0x5d, 0x5d, 0x00, 0x5d, 0x5c, 0x5f, 0x00, 0x77, 0x63, 0x47, 0x00,
    0xaa, 0x72, 0x17, 0xff, 0xc0, 0x7a, 0x00, 0xff, 0xbe, 0x7b, 0x00, 0xff, 0xbe, 0x7b, 0x00, 0xff,
    0xbf, 0x79, 0x00, 0xff, 0xbf, 0x78, 0x00, 0xff, 0xbf, 0x78, 0x00, 0xff, 0xbf, 0x78, 0x00, 0xff,
    0xc0, 0x79, 0x01, 0xff, 0xc0, 0x79, 0x01, 0xff, 0xc0, 0x79, 0x01, 0xff, 0xc0, 0x79, 0x01, 0xff,
    0xc0, 0x79, 0x01, 0xff, 0xbf, 0x78, 0x00, 0xff, 0xbf, 0x78, 0x00, 0xff, 0xbf, 0x78, 0x00, 0xff,
    0xbf, 0x78, 0x00, 0xff, 0xbf, 0x78, 0x00, 0xff, 0xbf, 0x78, 0x00, 0xff, 0xbf, 0x78, 0x00, 0xff,
    0xc0, 0x79, 0x01, 0xff, 0xc0, 0x79, 0x01, 0xff, 0xc0, 0x79, 0x01, 0xff, 0xc0, 0x79, 0x01, 0xff,
    0xc0, 0x79, 0x01, 0xff, 0xc0, 0x79, 0x01, 0xff, 0xc0, 0x79, 0x01, 0xff, 0xc0, 0x79, 0x01, 0xff,
    0xc3, 0x7d, 0x04, 0xff, 0xb4, 0x73, 0x09, 0xff, 0xa5, 0x6f, 0x22, 0xff, 0x8e, 0x62, 0x50, 0xcb,
    0x8c, 0x64, 0xaa, 0xf7, 0x74, 0x55, 0xd2, 0xff, 0x66, 0x4f, 0xe2, 0xff, 0x5d, 0x4c, 0xec, 0xff,
    0x5f, 0x4b, 0xf0, 0xff, 0x5b, 0x4b, 0xf2, 0xff, 0x57, 0x4d, 0xf0, 0xff, 0x46, 0x55, 0xe7, 0xff,
    0x48, 0x80, 0xef, 0xcc, 0x5f, 0xb9, 0xff, 0xf7, 0x52, 0xc6, 0xff, 0xff, 0x47, 0xca, 0xff, 0xff,
    0x43, 0xcc, 0xff, 0xff, 0x41, 0xcc, 0xff, 0xff, 0x41, 0xcc, 0xff, 0xff, 0x41, 0xcc, 0xff, 0xff,
    0x3f, 0xcb, 0xff, 0xff, 0x3f, 0xcb, 0xff, 0xff, 0x3f, 0xcb, 0xff, 0xff, 0x3f, 0xcb, 0xff, 0xff,
    0x3f, 0xcb, 0xff, 0xff, 0x3f, 0xcb, 0xff, 0xff, 0x3f, 0xcb, 0xff, 0xff, 0x3f, 0xcb, 0xff, 0xff,
    0x3f, 0xcb, 0xff, 0xff, 0x3f, 0xcb, 0xff, 0xff, 0x3f, 0xcb, 0xff, 0xff, 0x3f, 0xcb, 0xff, 0xff,
    0x3f, 0xcb, 0xff, 0xff, 0x3f, 0xcb, 0xff, 0xff, 0x3f, 0xcb, 0xff, 0xff, 0x3f, 0xcb, 0xff, 0xff,
    0x3f, 0xcb, 0xff, 0xff, 0x3f, 0xcb, 0xff, 0xff, 0x3f, 0xcb, 0xff, 0xff, 0x3f, 0xca, 0xff, 0xff,
    0x3d, 0xca, 0xff, 0xff, 0x3b, 0xca, 0xff, 0xff, 0x3d, 0xcc, 0xfe, 0xff, 0x40, 0xca, 0xfd, 0xff,
    0x44, 0xc7, 0xff, 0xff, 0x45, 0xc4, 0xff, 0xff, 0x42, 0xc5, 0xfd, 0xe5, 0x70, 0xd4, 0xfd, 0x07,
    0x00, 0x00, 0x0d, 0x00, 0x00, 0x00, 0x00, 0x00, 0x00, 0x00, 0x00, 0x00, 0x00, 0x00, 0x00, 0x00,
    0x00, 0x00, 0x00, 0x00, 0x00, 0x00, 0x00, 0x00, 0x00, 0x00, 0x00, 0x00, 0x00, 0x00, 0x00, 0x00,
    0x00, 0x00, 0x00, 0x00, 0x00, 0x00, 0x00, 0x00, 0x00, 0x00, 0x00, 0x00, 0x00, 0x00, 0x00, 0x00,
    0x00, 0x00, 0x00, 0x00, 0x00, 0x00, 0x00, 0x00, 0x00, 0x00, 0x00, 0x00, 0x00, 0x00, 0x00, 0x00,
    0x5d, 0x5d, 0x5d, 0x00, 0x5d, 0x5d, 0x5d, 0x00, 0x5d, 0x5c, 0x5f, 0x00, 0x77, 0x63, 0x47, 0x00,
    0xaa, 0x72, 0x17, 0xff, 0xc0, 0x7a, 0x00, 0xff, 0xbe, 0x7b, 0x00, 0xff, 0xbe, 0x7b, 0x00, 0xff,
    0xbf, 0x79, 0x00, 0xff, 0xbf, 0x78, 0x00, 0xff, 0xbf, 0x78, 0x00, 0xff, 0xbf, 0x78, 0x00, 0xff,
    0xbf, 0x78, 0x00, 0xff, 0xbf, 0x78, 0x00, 0xff, 0xbf, 0x78, 0x00, 0xff, 0xbf, 0x78, 0x00, 0xff,
    0xbf, 0x78, 0x00, 0xff, 0xbf, 0x78, 0x00, 0xff, 0xbf, 0x78, 0x00, 0xff, 0xbf, 0x78, 0x00, 0xff,
    0xbf, 0x78, 0x00, 0xff, 0xbf, 0x78, 0x00, 0xff, 0xbf, 0x78, 0x00, 0xff, 0xbf, 0x78, 0x00, 0xff,
    0xbf, 0x78, 0x00, 0xff, 0xbf, 0x78, 0x00, 0xff, 0xbf, 0x78, 0x00, 0xff, 0xbf, 0x78, 0x00, 0xff,
    0xbf, 0x78, 0x00, 0xff, 0xbf, 0x78, 0x00, 0xff, 0xbf, 0x78, 0x00, 0xff, 0xbd, 0x77, 0x03, 0xff,
    0xb6, 0x73, 0x08, 0xff, 0xa8, 0x6f, 0x24, 0xff, 0x8c, 0x5d, 0x4c, 0xcb, 0x8f, 0x6a, 0x9b, 0xf7,
    0x74, 0x54, 0xd4, 0xff, 0x64, 0x49, 0xef, 0xff, 0x5f, 0x4c, 0xec, 0xff, 0x5b, 0x4c, 0xec, 0xff,
    0x59, 0x4a, 0xf1, 0xff, 0x59, 0x49, 0xf4, 0xff, 0x5d, 0x47, 0xf5, 0xff, 0x55, 0x4c, 0xef, 0xff,
    0x46, 0x5c, 0xe5, 0xff, 0x49, 0x7e, 0xee, 0xcc, 0x5f, 0xb9, 0xff, 0xf6, 0x54, 0xc6, 0xff, 0xff,
    0x45, 0xc8, 0xff, 0xff, 0x3f, 0xcb, 0xff, 0xff, 0x3f, 0xcb, 0xff, 0xff, 0x3f, 0xcb, 0xff, 0xff,
    0x3f, 0xcb, 0xff, 0xff, 0x3f, 0xcb, 0xff, 0xff, 0x3f, 0xcb, 0xff, 0xff, 0x3f, 0xcb, 0xff, 0xff,
    0x3f, 0xcb, 0xff, 0xff, 0x3f, 0xcb, 0xff, 0xff, 0x3f, 0xcb, 0xff, 0xff, 0x3f, 0xcb, 0xff, 0xff,
    0x3f, 0xcb, 0xff, 0xff, 0x3f, 0xcb, 0xff, 0xff, 0x3f, 0xcb, 0xff, 0xff, 0x3f, 0xcb, 0xff, 0xff,
    0x3f, 0xcb, 0xff, 0xff, 0x3f, 0xcb, 0xff, 0xff, 0x3f, 0xcb, 0xff, 0xff, 0x3f, 0xcb, 0xff, 0xff,
    0x3f, 0xcb, 0xff, 0xff, 0x3f, 0xcb, 0xff, 0xff, 0x3f, 0xcb, 0xff, 0xff, 0x3f, 0xca, 0xff, 0xff,
    0x3e, 0xc8, 0xff, 0xff, 0x3e, 0xc8, 0xff, 0xff, 0x3e, 0xca, 0xfd, 0xff, 0x41, 0xc8, 0xfd, 0xff,
    0x45, 0xc4, 0xff, 0xff, 0x52, 0xc6, 0xff, 0xff, 0x5b, 0xc7, 0xf5, 0x58, 0x7e, 0xca, 0xe9, 0x00,
    0x00, 0x00, 0x0a, 0x00, 0x00, 0x00, 0x00, 0x00, 0x00, 0x00, 0x00, 0x00, 0x00, 0x00, 0x00, 0x00,
    0x00, 0x00, 0x00, 0x00, 0x00, 0x00, 0x00, 0x00, 0x00, 0x00, 0x00, 0x00, 0x00, 0x00, 0x00, 0x00,
    0x00, 0x00, 0x00, 0x00, 0x00, 0x00, 0x00, 0x00, 0x00, 0x00, 0x00, 0x00, 0x00, 0x00, 0x00, 0x00,
    0x00, 0x00, 0x00, 0x00, 0x00, 0x00, 0x00, 0x00, 0x00, 0x00, 0x00, 0x00, 0x00, 0x00, 0x00, 0x00,
    0x5d, 0x5d, 0x5d, 0x00, 0x5d, 0x5d, 0x5d, 0x00, 0x5d, 0x5c, 0x5f, 0x00, 0x77, 0x63, 0x47, 0x00,
    0xaa, 0x72, 0x17, 0xff, 0xc0, 0x7a, 0x00, 0xff, 0xbe, 0x7b, 0x00, 0xff, 0xbe, 0x7b, 0x00, 0xff,
    0xbf, 0x79, 0x00, 0xff, 0xbf, 0x78, 0x00, 0xff, 0xbf, 0x78, 0x00, 0xff, 0xbf, 0x78, 0x00, 0xff,
    0xbf, 0x78, 0x00, 0xff, 0xbf, 0x78, 0x00, 0xff, 0xbf, 0x78, 0x00, 0xff, 0xbf, 0x78, 0x00, 0xff,
    0xbf, 0x78, 0x00, 0xff, 0xbf, 0x78, 0x00, 0xff, 0xbf, 0x78, 0x00, 0xff, 0xbf, 0x78, 0x00, 0xff,
    0xbf, 0x78, 0x00, 0xff, 0xbf, 0x78, 0x00, 0xff, 0xbf, 0x78, 0x00, 0xff, 0xbf, 0x78, 0x00, 0xff,
    0xbf, 0x78, 0x00, 0xff, 0xbf, 0x78, 0x00, 0xff, 0xbf, 0x78, 0x00, 0xff, 0xbf, 0x78, 0x00, 0xff,
    0xbf, 0x78, 0x00, 0xff, 0xbf, 0x78, 0x00, 0xff, 0xbf, 0x78, 0x00, 0xff, 0xb7, 0x75, 0x09, 0xff,
    0xa6, 0x6f, 0x1f, 0xff, 0x8a, 0x5e, 0x47, 0xcb, 0x83, 0x64, 0xa7, 0xf7, 0x70, 0x55, 0xd2, 0xff,
    0x66, 0x4e, 0xe5, 0xff, 0x5f, 0x4a, 0xef, 0xff, 0x5d, 0x4b, 0xed, 0xff, 0x59, 0x4b, 0xef, 0xff,
    0x53, 0x4b, 0xf1, 0xff, 0x53, 0x4b, 0xf2, 0xff, 0x59, 0x49, 0xf4, 0xff, 0x59, 0x4a, 0xf1, 0xff,
    0x57, 0x4f, 0xed, 0xff, 0x47, 0x55, 0xe2, 0xff, 0x4c, 0x7c, 0xed, 0xcc, 0x60, 0xb4, 0xff, 0xf7,
    0x4c, 0xc5, 0xff, 0xff, 0x3f, 0xcb, 0xff, 0xff, 0x3f, 0xcb, 0xff, 0xff, 0x3f, 0xcb, 0xff, 0xff,
    0x3f, 0xcb, 0xff, 0xff, 0x3f, 0xcb, 0xff, 0xff, 0x3f, 0xcb, 0xff, 0xff, 0x3f, 0xcb, 0xff, 0xff,
    0x3f, 0xcb, 0xff, 0xff, 0x3f, 0xcb, 0xff, 0xff, 0x3f, 0xcb, 0xff, 0xff, 0x3f, 0xcb, 0xff, 0xff,
    0x3f, 0xcb, 0xff, 0xff, 0x3f, 0xcb, 0xff, 0xff, 0x3f, 0xcb, 0xff, 0xff, 0x3f, 0xcb, 0xff, 0xff,
    0x3f, 0xcb, 0xff, 0xff, 0x3f, 0xcb, 0xff, 0xff, 0x3f, 0xcb, 0xff, 0xff, 0x3f, 0xcb, 0xff, 0xff,
    0x3f, 0xcb, 0xff, 0xff, 0x3f, 0xcb, 0xff, 0xff, 0x3f, 0xcb, 0xff, 0xff, 0x41, 0xca, 0xff, 0xff,
    0x42, 0xc7, 0xff, 0xff, 0x44, 0xc7, 0xff, 0xff, 0x44, 0xc8, 0xfe, 0xff, 0x44, 0xc9, 0xfd, 0xff,
    0x45, 0xc7, 0xfd, 0xff, 0x5b, 0xc5, 0xf1, 0x98, 0x8c, 0xc9, 0xdf, 0x00, 0xab, 0xc8, 0xd1, 0x00,
    0x00, 0x00, 0x03, 0x00, 0x00, 0x00, 0x00, 0x00, 0x00, 0x00, 0x00, 0x00, 0x00, 0x00, 0x00, 0x00,
    0x00, 0x00, 0x00, 0x00, 0x00, 0x00, 0x00, 0x00, 0x00, 0x00, 0x00, 0x00, 0x00, 0x00, 0x00, 0x00,
    0x00, 0x00, 0x00, 0x00, 0x00, 0x00, 0x00, 0x00, 0x00, 0x00, 0x00, 0x00, 0x00, 0x00, 0x00, 0x00,
    0x00, 0x00, 0x00, 0x00, 0x00, 0x00, 0x00, 0x00, 0x00, 0x00, 0x00, 0x00, 0x00, 0x00, 0x00, 0x00,
    0x5d, 0x5d, 0x5d, 0x00, 0x5d, 0x5d, 0x5d, 0x00, 0x5d, 0x5c, 0x5f, 0x00, 0x75, 0x64, 0x47, 0x00,
    0xa8, 0x72, 0x19, 0xff, 0xc0, 0x7a, 0x00, 0xff, 0xbe, 0x7a, 0x00, 0xff, 0xbc, 0x7b, 0x00, 0xff,
    0xbd, 0x78, 0x00, 0xff, 0xbf, 0x77, 0x01, 0xff, 0xbf, 0x77, 0x01, 0xff, 0xbf, 0x77, 0x01, 0xff,
    0xbf, 0x77, 0x01, 0xff, 0xbf, 0x77, 0x01, 0xff, 0xbf, 0x77, 0x01, 0xff, 0xbf, 0x77, 0x01, 0xff,
    0xbf, 0x77, 0x01, 0xff, 0xbf, 0x77, 0x01, 0xff, 0xbf, 0x77, 0x01, 0xff, 0xbf, 0x77, 0x01, 0xff,
    0xbf, 0x77, 0x01, 0xff, 0xbf, 0x77, 0x01, 0xff, 0xbf, 0x77, 0x01, 0xff, 0xbf, 0x78, 0x00, 0xff,
    0xbf, 0x78, 0x00, 0xff, 0xbf, 0x78, 0x00, 0xff, 0xbf, 0x78, 0x00, 0xff, 0xbf, 0x78, 0x00, 0xff,
    0xbf, 0x78, 0x00, 0xff, 0xbd, 0x76, 0x04, 0xff, 0xb7, 0x73, 0x0c, 0xff, 0xa5, 0x6b, 0x23, 0xff,
    0x8e, 0x64, 0x4d, 0xcb, 0x8b, 0x6c, 0x98, 0xf7, 0x6e, 0x56, 0xd2, 0xff, 0x59, 0x46, 0xea, 0xff,
    0x5d, 0x4a, 0xef, 0xff, 0x5b, 0x4b, 0xef, 0xff, 0x5b, 0x4b, 0xef, 0xff, 0x57, 0x4b, 0xf1, 0xff,
    0x51, 0x4c, 0xf1, 0xff, 0x51, 0x4b, 0xf2, 0xff, 0x57, 0x4a, 0xf2, 0xff, 0x5b, 0x4a, 0xf1, 0xff,
    0x5f, 0x4b, 0xf2, 0xff, 0x55, 0x4e, 0xea, 0xff, 0x46, 0x58, 0xe0, 0xff, 0x49, 0x7c, 0xec, 0xcc,
    0x5e, 0xbd, 0xff, 0xf7, 0x4c, 0xc5, 0xff, 0xff, 0x45, 0xc8, 0xff, 0xff, 0x41, 0xca, 0xff, 0xff,
    0x3f, 0xcb, 0xff, 0xff, 0x3f, 0xcb, 0xff, 0xff, 0x41, 0xca, 0xff, 0xff, 0x41, 0xca, 0xff, 0xff,
    0x3f, 0xcb, 0xff, 0xff, 0x3f, 0xcb, 0xff, 0xff, 0x3f, 0xcb, 0xff, 0xff, 0x3f, 0xcb, 0xff, 0xff,
    0x3f, 0xcb, 0xff, 0xff, 0x3f, 0xcb, 0xff, 0xff, 0x3f, 0xcb, 0xff, 0xff, 0x3f, 0xcb, 0xff, 0xff,
    0x3f, 0xcb, 0xff, 0xff, 0x3f, 0xcb, 0xff, 0xff, 0x3f, 0xca, 0xff, 0xff, 0x3f, 0xca, 0xff, 0xff,
    0x3f, 0xca, 0xff, 0xff, 0x3f, 0xca, 0xff, 0xff, 0x3f, 0xca, 0xff, 0xff, 0x41, 0xca, 0xff, 0xff,
    0x42, 0xc7, 0xff, 0xff, 0x44, 0xc7, 0xff, 0xff, 0x46, 0xc7, 0xff, 0xff, 0x4e, 0xc8, 0xfb, 0xff,
    0x5b, 0xc6, 0xef, 0x98, 0x70, 0xbd, 0xd9, 0x03, 0xab, 0xc8, 0xd1, 0x00, 0xc9, 0xce, 0xcd, 0x00,
    0x00, 0x00, 0x00, 0x00, 0x00, 0x00, 0x00, 0x00, 0x00, 0x00, 0x00, 0x00, 0x00, 0x00, 0x00, 0x00,
    0x00, 0x00, 0x00, 0x00, 0x00, 0x00, 0x00, 0x00, 0x00, 0x00, 0x00, 0x00, 0x00, 0x00, 0x00, 0x00,
    0x00, 0x00, 0x00, 0x00, 0x00, 0x00, 0x00, 0x00, 0x00, 0x00, 0x00, 0x00, 0x00, 0x00, 0x00, 0x00,
    0x00, 0x00, 0x00, 0x00, 0x00, 0x00, 0x00, 0x00, 0x00, 0x00, 0x00, 0x00, 0x00, 0x00, 0x00, 0x00,
    0x56, 0x59, 0x58, 0x00, 0x56, 0x59, 0x58, 0x00, 0x56, 0x58, 0x5a, 0x00, 0x71, 0x5e, 0x44, 0x00,
    0xa5, 0x6e, 0x18, 0xff, 0xbe, 0x76, 0x00, 0xff, 0xba, 0x77, 0x00, 0xff, 0xba, 0x77, 0x00, 0xff,
    0xba, 0x75, 0x00, 0xff, 0xba, 0x74, 0x00, 0xff, 0xba, 0x74, 0x00, 0xff, 0xba, 0x74, 0x00, 0xff,
    0xbc, 0x76, 0x01, 0xff, 0xbc, 0x76, 0x01, 0xff, 0xbc, 0x76, 0x01, 0xff, 0xbc, 0x76, 0x01, 0xff,
    0xbc, 0x76, 0x01, 0xff, 0xbc, 0x76, 0x01, 0xff, 0xbc, 0x76, 0x01, 0xff, 0xbc, 0x76, 0x01, 0xff,
    0xbc, 0x76, 0x01, 0xff, 0xbc, 0x76, 0x01, 0xff, 0xbc, 0x76, 0x01, 0xff, 0xbc, 0x76, 0x00, 0xff,
    0xc0, 0x77, 0x00, 0xff, 0xc0, 0x77, 0x00, 0xff, 0xbe, 0x78, 0x00, 0xff, 0xbe, 0x78, 0x00, 0xff,
    0xbe, 0x77, 0x00, 0xff, 0xb3, 0x70, 0x09, 0xff, 0xa7, 0x6d, 0x26, 0xff, 0x91, 0x63, 0x56, 0xcb,
    0x83, 0x64, 0xab, 0xf7, 0x68, 0x55, 0xd3, 0xff, 0x5e, 0x4d, 0xe6, 0xff, 0x5a, 0x49, 0xef, 0xff,
    0x5b, 0x4a, 0xf1, 0xff, 0x59, 0x4a, 0xf1, 0xff, 0x59, 0x4a, 0xf1, 0xff, 0x59, 0x4a, 0xf1, 0xff,
    0x57, 0x4b, 0xf1, 0xff, 0x57, 0x4b, 0xf1, 0xff, 0x59, 0x4a, 0xf1, 0xff, 0x59, 0x4b, 0xef, 0xff,
    0x5b, 0x4b, 0xef, 0xff, 0x57, 0x4c, 0xed, 0xff, 0x55, 0x50, 0xeb, 0xff, 0x46, 0x57, 0xe2, 0xff,
    0x46, 0x7b, 0xeb, 0xcc, 0x5e, 0xb4, 0xff, 0xf7, 0x53, 0xc4, 0xff, 0xff, 0x48, 0xca, 0xff, 0xff,
    0x40, 0xc8, 0xff, 0xff, 0x40, 0xc8, 0xff, 0xff, 0x42, 0xc8, 0xff, 0xff, 0x42, 0xc8, 0xff, 0xff,
    0x40, 0xc8, 0xff, 0xff, 0x40, 0xc8, 0xff, 0xff, 0x40, 0xc8, 0xff, 0xff, 0x40, 0xc8, 0xff, 0xff,
    0x40, 0xc8, 0xff, 0xff, 0x40, 0xc8, 0xff, 0xff, 0x40, 0xc8, 0xff, 0xff, 0x3e, 0xca, 0xfe, 0xff,
    0x3b, 0xc9, 0xfd, 0xff, 0x3b, 0xc9, 0xfd, 0xff, 0x3d, 0xc7, 0xff, 0xff, 0x3d, 0xc7, 0xff, 0xff,
    0x3f, 0xc6, 0xff, 0xff, 0x3f, 0xc6, 0xff, 0xff, 0x3f, 0xc6, 0xff, 0xff, 0x3d, 0xc8, 0xff, 0xff,
    0x3b, 0xc8, 0xff, 0xff, 0x3d, 0xc8, 0xff, 0xff, 0x45, 0xc5, 0xff, 0xea, 0x5f, 0xc6, 0xf5, 0x5a,
    0x89, 0xc5, 0xde, 0x00, 0xa9, 0xc7, 0xd2, 0x00, 0xbd, 0xc7, 0xcc, 0x00, 0xc5, 0xc7, 0xc9, 0x00,
    0x00, 0x00, 0x00, 0x00, 0x00, 0x00, 0x00, 0x00, 0x00, 0x00, 0x00, 0x00, 0x00, 0x00, 0x00, 0x00,
    0x00, 0x00, 0x00, 0x00, 0x00, 0x00, 0x00, 0x00, 0x00, 0x00, 0x00, 0x00, 0x00, 0x00, 0x00, 0x00,
    0x00, 0x00, 0x00, 0x00, 0x00, 0x00, 0x00, 0x00, 0x00, 0x00, 0x00, 0x00, 0x00, 0x00, 0x00, 0x00,
    0x00, 0x00, 0x00, 0x00, 0x00, 0x00, 0x00, 0x00, 0x00, 0x00, 0x00, 0x00, 0x00, 0x00, 0x00, 0x00,
    0x56, 0x59, 0x58, 0x00, 0x56, 0x58, 0x5a, 0x00, 0x56, 0x57, 0x5c, 0x00, 0x71, 0x5e, 0x45, 0x00,
    0xa5, 0x6e, 0x19, 0xff, 0xbc, 0x76, 0x01, 0xff, 0xba, 0x76, 0x01, 0xff, 0xba, 0x76, 0x01, 0xff,
    0xba, 0x74, 0x00, 0xff, 0xba, 0x74, 0x00, 0xff, 0xba, 0x74, 0x00, 0xff, 0xba, 0x74, 0x00, 0xff,
    0xba, 0x74, 0x00, 0xff, 0xba, 0x74, 0x00, 0xff, 0xba, 0x74, 0x00, 0xff, 0xba, 0x74, 0x00, 0xff,
    0xb8, 0x75, 0x00, 0xff, 0xb8, 0x75, 0x00, 0xff, 0xb8, 0x75, 0x00, 0xff, 0xb8, 0x75, 0x00, 0xff,
    0xb8, 0x75, 0x00, 0xff, 0xb8, 0x75, 0x00, 0xff, 0xb8, 0x75, 0x00, 0xff, 0xba, 0x75, 0x00, 0xff,
    0xbf, 0x75, 0x00, 0xff, 0xbf, 0x76, 0x00, 0xff, 0xba, 0x77, 0x00, 0xff, 0xb6, 0x76, 0x00, 0xff,
    0xb5, 0x75, 0x09, 0xff, 0xa5, 0x6b, 0x23, 0xff, 0x89, 0x59, 0x4c, 0xcb, 0x8c, 0x6a, 0x9f, 0xf7,
    0x68, 0x54, 0xd4, 0xff, 0x58, 0x49, 0xef, 0xff, 0x58, 0x49, 0xef, 0xff, 0x58, 0x49, 0xef, 0xff,
    0x59, 0x4a, 0xf1, 0xff, 0x59, 0x4a, 0xf1, 0xff, 0x59, 0x4a, 0xf1, 0xff, 0x59, 0x4a, 0xf1, 0xff,
    0x59, 0x4b, 0xef, 0xff, 0x59, 0x4b, 0xef, 0xff, 0x59, 0x4b, 0xef, 0xff, 0x59, 0x4b, 0xef, 0xff,
    0x59, 0x4b, 0xef, 0xff, 0x59, 0x4b, 0xef, 0xff, 0x59, 0x4b, 0xef, 0xff, 0x51, 0x4f, 0xea, 0xff,
    0x43, 0x57, 0xe1, 0xff, 0x49, 0x7b, 0xee, 0xcc, 0x5e, 0xb7, 0xff, 0xf6, 0x52, 0xc5, 0xff, 0xff,
    0x44, 0xc7, 0xff, 0xff, 0x40, 0xc9, 0xfe, 0xff, 0x42, 0xc8, 0xff, 0xff, 0x44, 0xc8, 0xff, 0xff,
    0x42, 0xc8, 0xff, 0xff, 0x40, 0xc8, 0xff, 0xff, 0x40, 0xc8, 0xff, 0xff, 0x40, 0xc8, 0xff, 0xff,
    0x40, 0xc8, 0xff, 0xff, 0x40, 0xc8, 0xff, 0xff, 0x40, 0xc8, 0xff, 0xff, 0x40, 0xc8, 0xff, 0xff,
    0x3d, 0xc8, 0xfd, 0xff, 0x3b, 0xc9, 0xfd, 0xff, 0x3d, 0xc7, 0xff, 0xff, 0x3d, 0xc7, 0xff, 0xff,
    0x3f, 0xc6, 0xff, 0xff, 0x41, 0xc6, 0xff, 0xff, 0x41, 0xc6, 0xff, 0xff, 0x3f, 0xc6, 0xff, 0xff,
    0x3d, 0xc8, 0xff, 0xf9, 0x47, 0xc7, 0xfb, 0x91, 0x5d, 0xc5, 0xf7, 0x0f, 0x80, 0xc5, 0xea, 0x00,
    0xab, 0xc7, 0xd2, 0x00, 0xc3, 0xc8, 0xc7, 0x00, 0xc5, 0xc7, 0xc9, 0x00, 0xc7, 0xc6, 0xc9, 0x00,
    0x00, 0x00, 0x00, 0x00, 0x00, 0x00, 0x00, 0x00, 0x00, 0x00, 0x00, 0x00, 0x00, 0x00, 0x00, 0x00,
    0x00, 0x00, 0x00, 0x00, 0x00, 0x00, 0x00, 0x00, 0x00, 0x00, 0x00, 0x00, 0x00, 0x00, 0x00, 0x00,
    0x00, 0x00, 0x00, 0x00, 0x00, 0x00, 0x00, 0x00, 0x00, 0x00, 0x00, 0x00, 0x00, 0x00, 0x00, 0x00,
    0x00, 0x00, 0x00, 0x00, 0x00, 0x00, 0x00, 0x00, 0x00, 0x00, 0x00, 0x00, 0x00, 0x00, 0x00, 0x00,
    0x56, 0x59, 0x58, 0x00, 0x56, 0x58, 0x5a, 0x00, 0x56, 0x57, 0x5c, 0x00, 0x71, 0x5e, 0x45, 0x00,
    0xa5, 0x6e, 0x19, 0xff, 0xbc, 0x76, 0x01, 0xff, 0xba, 0x76, 0x01, 0xff, 0xba, 0x76, 0x01, 0xff,
    0xba, 0x74, 0x00, 0xff, 0xba, 0x74, 0x00, 0xff, 0xba, 0x74, 0x00, 0xff, 0xba, 0x74, 0x00, 0xff,
    0xba, 0x74, 0x00, 0xff, 0xba, 0x74, 0x00, 0xff, 0xba, 0x74, 0x00, 0xff, 0xba, 0x74, 0x00, 0xff,
    0xb8, 0x75, 0x00, 0xff, 0xb8, 0x75, 0x00, 0xff, 0xb8, 0x75, 0x00, 0xff, 0xb8, 0x75, 0x00, 0xff,
    0xb8, 0x75, 0x00, 0xff, 0xb8, 0x75, 0x00, 0xff, 0xb8, 0x75, 0x00, 0xff, 0xba, 0x74, 0x00, 0xff,
    0xbc, 0x74, 0x00, 0xff, 0xba, 0x75, 0x00, 0xff, 0xb6, 0x78, 0x00, 0xff, 0xac, 0x75, 0x05, 0xff,
    0x9f, 0x6a, 0x1c, 0xff, 0x8e, 0x5f, 0x4e, 0xcb, 0x87, 0x67, 0xac, 0xf7, 0x6a, 0x51, 0xd0, 0xff,
    0x5e, 0x4d, 0xe6, 0xff, 0x58, 0x49, 0xef, 0xff, 0x58, 0x49, 0xef, 0xff, 0x58, 0x49, 0xef, 0xff,
    0x59, 0x4a, 0xf1, 0xff, 0x59, 0x4a, 0xf1, 0xff, 0x59, 0x4a, 0xf1, 0xff, 0x59, 0x4a, 0xf1, 0xff,
    0x59, 0x4b, 0xef, 0xff, 0x59, 0x4b, 0xef, 0xff, 0x59, 0x4b, 0xef, 0xff, 0x59, 0x4b, 0xef, 0xff,
    0x59, 0x4b, 0xef, 0xff, 0x59, 0x4b, 0xef, 0xff, 0x59, 0x4b, 0xef, 0xff, 0x57, 0x4c, 0xed, 0xff,
    0x52, 0x4d, 0xeb, 0xff, 0x44, 0x54, 0xe3, 0xff, 0x47, 0x7b, 0xee, 0xcc, 0x5c, 0xb5, 0xff, 0xf6,
    0x48, 0xc5, 0xff, 0xff, 0x3e, 0xca, 0xfd, 0xff, 0x40, 0xc9, 0xfe, 0xff, 0x40, 0xc8, 0xff, 0xff,
    0x40, 0xc8, 0xff, 0xff, 0x40, 0xc8, 0xff, 0xff, 0x40, 0xc8, 0xff, 0xff, 0x40, 0xc8, 0xff, 0xff,
    0x40, 0xc8, 0xff, 0xff, 0x40, 0xc8, 0xff, 0xff, 0x40, 0xc8, 0xff, 0xff, 0x40, 0xc8, 0xff, 0xff,
    0x41, 0xc7, 0xff, 0xff, 0x3f, 0xc7, 0xff, 0xff, 0x3d, 0xc8, 0xff, 0xff, 0x3f, 0xc6, 0xff, 0xff,
    0x41, 0xc6, 0xff, 0xff, 0x43, 0xc6, 0xff, 0xff, 0x45, 0xc5, 0xff, 0xfe, 0x45, 0xc5, 0xff, 0xaa,
    0x43, 0xc6, 0xff, 0x22, 0x5b, 0xc6, 0xf7, 0x00, 0x92, 0xc5, 0xe3, 0x00, 0xb2, 0xc6, 0xd5, 0x00,
    0xbf, 0xc8, 0xc9, 0x00, 0xc5, 0xc9, 0xc4, 0x00, 0xc7, 0xc9, 0xc4, 0x00, 0xc7, 0xc8, 0xc6, 0x00,
    0x00, 0x00, 0x00, 0x00, 0x00, 0x00, 0x00, 0x00, 0x00, 0x00, 0x00, 0x00, 0x00, 0x00, 0x00, 0x00,
    0x00, 0x00, 0x00, 0x00, 0x00, 0x00, 0x00, 0x00, 0x00, 0x00, 0x00, 0x00, 0x00, 0x00, 0x00, 0x00,
    0x00, 0x00, 0x00, 0x00, 0x00, 0x00, 0x00, 0x00, 0x00, 0x00, 0x00, 0x00, 0x00, 0x00, 0x00, 0x00,
    0x00, 0x00, 0x00, 0x00, 0x00, 0x00, 0x00, 0x00, 0x00, 0x00, 0x00, 0x00, 0x00, 0x00, 0x00, 0x00,
    0x56, 0x59, 0x58, 0x00, 0x56, 0x58, 0x5a, 0x00, 0x56, 0x57, 0x5c, 0x00, 0x71, 0x5e, 0x45, 0x00,
    0xa5, 0x6e, 0x19, 0xff, 0xbc, 0x76, 0x01, 0xff, 0xba, 0x76, 0x01, 0xff, 0xb8, 0x76, 0x01, 0xff,
    0xb8, 0x75, 0x00, 0xff, 0xba, 0x74, 0x00, 0xff, 0xba, 0x74, 0x00, 0xff, 0xba, 0x74, 0x00, 0xff,
    0xba, 0x74, 0x00, 0xff, 0xba, 0x74, 0x00, 0xff, 0xba, 0x74, 0x00, 0xff, 0xba, 0x74, 0x00, 0xff,
    0xb8, 0x75, 0x00, 0xff, 0xb8, 0x75, 0x00, 0xff, 0xb8, 0x75, 0x00, 0xff, 0xb8, 0x75, 0x00, 0xff,
    0xb8, 0x75, 0x00, 0xff, 0xb8, 0x75, 0x00, 0xff, 0xb8, 0x75, 0x00, 0xff, 0xba, 0x74, 0x00, 0xff,
    0xbc, 0x74, 0x00, 0xff, 0xb6, 0x74, 0x03, 0xff, 0xac, 0x73, 0x08, 0xff, 0x9c, 0x6b, 0x1f, 0xff,
    0x88, 0x5c, 0x4a, 0xcb, 0x8b, 0x66, 0x97, 0xf7, 0x70, 0x55, 0xd2, 0xff, 0x5c, 0x4a, 0xec, 0xff,
    0x5a, 0x4a, 0xee, 0xff, 0x58, 0x49, 0xef, 0xff, 0x58, 0x49, 0xef, 0xff, 0x58, 0x49, 0xef, 0xff,
    0x59, 0x4a, 0xf1, 0xff, 0x59, 0x4a, 0xf1, 0xff, 0x59, 0x4a, 0xf1, 0xff, 0x59, 0x4a, 0xf1, 0xff,
    0x59, 0x4b, 0xef, 0xff, 0x59, 0x4b, 0xef, 0xff, 0x59, 0x4b, 0xef, 0xff, 0x59, 0x4b, 0xef, 0xff,
    0x59, 0x4b, 0xef, 0xff, 0x59, 0x4b, 0xef, 0xff, 0x59, 0x4b, 0xef, 0xff, 0x59, 0x4a, 0xf1, 0xff,
    0x5a, 0x48, 0xf1, 0xff, 0x52, 0x4c, 0xec, 0xff, 0x42, 0x57, 0xe3, 0xff, 0x45, 0x7c, 0xee, 0xcc,
    0x58, 0xbc, 0xff, 0xf6, 0x48, 0xc5, 0xff, 0xff, 0x44, 0xc7, 0xff, 0xff, 0x40, 0xc8, 0xff, 0xff,
    0x40, 0xc8, 0xff, 0xff, 0x40, 0xc8, 0xff, 0xff, 0x40, 0xc8, 0xff, 0xff, 0x40, 0xc8, 0xff, 0xff,
    0x40, 0xc8, 0xff, 0xff, 0x40, 0xc8, 0xff, 0xff, 0x40, 0xc8, 0xff, 0xff, 0x42, 0xc8, 0xff, 0xff,
    0x43, 0xc6, 0xff, 0xff, 0x41, 0xc7, 0xff, 0xff, 0x3f, 0xc7, 0xff, 0xff, 0x3f, 0xc7, 0xff, 0xff,
    0x41, 0xc7, 0xff, 0xff, 0x4b, 0xc7, 0xfb, 0xc8, 0x5f, 0xc6, 0xf5, 0x3b, 0x67, 0xc6, 0xf2, 0x00,
    0x65, 0xc6, 0xf3, 0x00, 0x7e, 0xc5, 0xeb, 0x00, 0xb2, 0xc5, 0xd7, 0x00, 0xca, 0xc7, 0xca, 0x00,
    0xc9, 0xc8, 0xc4, 0x00, 0xc7, 0xc9, 0xc4, 0x00, 0xc7, 0xc9, 0xc4, 0x00, 0xc5, 0xc8, 0xc6, 0x00,
    0x00, 0x00, 0x00, 0x00, 0x00, 0x00, 0x00, 0x00, 0x00, 0x00, 0x00, 0x00, 0x00, 0x00, 0x00, 0x00,
    0x00, 0x00, 0x00, 0x00, 0x00, 0x00, 0x00, 0x00, 0x00, 0x00, 0x00, 0x00, 0x00, 0x00, 0x00, 0x00,
    0x00, 0x00, 0x00, 0x00, 0x00, 0x00, 0x00, 0x00, 0x00, 0x00, 0x00, 0x00, 0x00, 0x00, 0x00, 0x00,
    0x00, 0x00, 0x00, 0x00, 0x00, 0x00, 0x00, 0x00, 0x00, 0x00, 0x00, 0x00, 0x00, 0x00, 0x00, 0x00,
    0x56, 0x59, 0x58, 0x00, 0x56, 0x58, 0x5a, 0x00, 0x56, 0x57, 0x5c, 0x00, 0x71, 0x5e, 0x45, 0x00,
    0xa3, 0x6b, 0x17, 0xff, 0xba, 0x74, 0x00, 0xff, 0xba, 0x76, 0x01, 0xff, 0xb8, 0x76, 0x01, 0xff,
    0xb8, 0x74, 0x02, 0xff, 0xb8, 0x74, 0x02, 0xff, 0xb8, 0x74, 0x02, 0xff, 0xb8, 0x74, 0x02, 0xff,
    0xb8, 0x74, 0x02, 0xff, 0xb8, 0x74, 0x02, 0xff, 0xb8, 0x74, 0x02, 0xff, 0xb8, 0x74, 0x02, 0xff,
    0xb8, 0x75, 0x00, 0xff, 0xb8, 0x75, 0x00, 0xff, 0xb8, 0x75, 0x00, 0xff, 0xb8, 0x75, 0x00, 0xff,
    0xb8, 0x75, 0x00, 0xff, 0xb8, 0x75, 0x00, 0xff, 0xb8, 0x75, 0x00, 0xff, 0xbc, 0x76, 0x01, 0xff,
    0xbf, 0x76, 0x03, 0xff, 0xb4, 0x72, 0x0b, 0xff, 0x9e, 0x67, 0x1e, 0xff, 0x87, 0x5a, 0x4b, 0xcb,
    0x8b, 0x61, 0xac, 0xf7, 0x72, 0x53, 0xd3, 0xff, 0x64, 0x4d, 0xe3, 0xff, 0x5c, 0x4b, 0xeb, 0xff,
    0x5a, 0x4a, 0xee, 0xff, 0x58, 0x49, 0xef, 0xff, 0x58, 0x49, 0xef, 0xff, 0x58, 0x49, 0xef, 0xff,
    0x58, 0x49, 0xef, 0xff, 0x58, 0x49, 0xef, 0xff, 0x58, 0x49, 0xef, 0xff, 0x58, 0x49, 0xef, 0xff,
    0x58, 0x49, 0xef, 0xff, 0x58, 0x49, 0xef, 0xff, 0x58, 0x49, 0xef, 0xff, 0x58, 0x49, 0xef, 0xff,
    0x58, 0x49, 0xef, 0xff, 0x58, 0x49, 0xef, 0xff, 0x58, 0x49, 0xef, 0xff, 0x58, 0x49, 0xef, 0xff,
    0x5a, 0x48, 0xf1, 0xff, 0x58, 0x48, 0xf1, 0xff, 0x53, 0x49, 0xee, 0xff, 0x44, 0x52, 0xe6, 0xff,
    0x42, 0x79, 0xeb, 0xcc, 0x5b, 0xb3, 0xff, 0xf6, 0x50, 0xc3, 0xff, 0xff, 0x47, 0xc9, 0xff, 0xff,
    0x41, 0xc7, 0xff, 0xff, 0x3f, 0xc7, 0xff, 0xff, 0x3f, 0xc7, 0xff, 0xff, 0x3f, 0xc7, 0xff, 0xff,
    0x3e, 0xc6, 0xfd, 0xff, 0x3e, 0xc6, 0xfd, 0xff, 0x3e, 0xc6, 0xfd, 0xff, 0x40, 0xc6, 0xfd, 0xff,
    0x40, 0xc3, 0xfb, 0xff, 0x3f, 0xc5, 0xfc, 0xff, 0x3e, 0xc6, 0xfd, 0xff, 0x3e, 0xc6, 0xfd, 0xe1,
    0x40, 0xc7, 0xfa, 0x5e, 0x75, 0xe2, 0xff, 0x01, 0x8b, 0xc5, 0xde, 0x00, 0xa6, 0xc7, 0xd8, 0x00,
    0xa1, 0xc6, 0xd9, 0x00, 0xab, 0xc5, 0xd5, 0x00, 0xbf, 0xc6, 0xcc, 0x00, 0xc9, 0xc8, 0xc6, 0x00,
    0xc9, 0xc8, 0xc4, 0x00, 0xc9, 0xc8, 0xc6, 0x00, 0xc5, 0xc7, 0xc9, 0x00, 0xc3, 0xc7, 0xc9, 0x00,
    0x00, 0x00, 0x00, 0x00, 0x00, 0x00, 0x00, 0x00, 0x00, 0x00, 0x00, 0x00, 0x00, 0x00, 0x00, 0x00,
    0x00, 0x00, 0x00, 0x00, 0x00, 0x00, 0x00, 0x00, 0x00, 0x00, 0x00, 0x00, 0x00, 0x00, 0x00, 0x00,
    0x00, 0x00, 0x00, 0x00, 0x00, 0x00, 0x00, 0x00, 0x00, 0x00, 0x00, 0x00, 0x00, 0x00, 0x00, 0x00,
    0x00, 0x00, 0x00, 0x00, 0x00, 0x00, 0x00, 0x00, 0x00, 0x00, 0x00, 0x00, 0x00, 0x00, 0x00, 0x00,
    0x56, 0x59, 0x58, 0x00, 0x56, 0x58, 0x5a, 0x00, 0x56, 0x57, 0x5c, 0x00, 0x71, 0x5e, 0x45, 0x00,
    0xa3, 0x6b, 0x17, 0xff, 0xb9, 0x73, 0x00, 0xff, 0xb7, 0x74, 0x00, 0xff, 0xb6, 0x75, 0x00, 0xff,
    0xb7, 0x73, 0x01, 0xff, 0xb7, 0x73, 0x01, 0xff, 0xb7, 0x73, 0x01, 0xff, 0xb7, 0x73, 0x01, 0xff,
    0xb7, 0x73, 0x01, 0xff, 0xb7, 0x73, 0x01, 0xff, 0xb7, 0x73, 0x01, 0xff, 0xb7, 0x73, 0x01, 0xff,
    0xb7, 0x74, 0x00, 0xff, 0xb7, 0x74, 0x00, 0xff, 0xb7, 0x74, 0x00, 0xff, 0xb7, 0x74, 0x00, 0xff,
    0xb7, 0x74, 0x00, 0xff, 0xb7, 0x74, 0x00, 0xff, 0xb7, 0x74, 0x00, 0xff, 0xb5, 0x72, 0x02, 0xff,
    0xb4, 0x72, 0x0b, 0xff, 0xa0, 0x66, 0x1f, 0xff, 0x87, 0x57, 0x4a, 0xcb, 0x8c, 0x66, 0x9c, 0xf7,
    0x72, 0x52, 0xd4, 0xff, 0x62, 0x47, 0xef, 0xff, 0x5e, 0x4a, 0xec, 0xff, 0x5a, 0x4a, 0xec, 0xff,
    0x58, 0x4a, 0xee, 0xff, 0x58, 0x49, 0xef, 0xff, 0x58, 0x49, 0xef, 0xff, 0x58, 0x49, 0xef, 0xff,
    0x58, 0x49, 0xef, 0xff, 0x58, 0x49, 0xef, 0xff, 0x58, 0x49, 0xef, 0xff, 0x58, 0x49, 0xef, 0xff,
    0x58, 0x49, 0xef, 0xff, 0x58, 0x49, 0xef, 0xff, 0x58, 0x49, 0xef, 0xff, 0x58, 0x49, 0xef, 0xff,
    0x58, 0x49, 0xef, 0xff, 0x58, 0x49, 0xef, 0xff, 0x58, 0x49, 0xef, 0xff, 0x58, 0x48, 0xf1, 0xff,
    0x55, 0x47, 0xf2, 0xff, 0x57, 0x45, 0xf3, 0xff, 0x5c, 0x45, 0xf6, 0xff, 0x54, 0x4a, 0xef, 0xff,
    0x40, 0x55, 0xe1, 0xff, 0x46, 0x7a, 0xec, 0xcc, 0x5d, 0xb6, 0xff, 0xf6, 0x53, 0xc4, 0xff, 0xff,
    0x44, 0xc3, 0xff, 0xff, 0x3e, 0xc6, 0xfd, 0xff, 0x3e, 0xc6, 0xfd, 0xff, 0x3e, 0xc6, 0xfd, 0xff,
    0x3e, 0xc6, 0xfd, 0xff, 0x3e, 0xc6, 0xfd, 0xff, 0x3e, 0xc6, 0xfd, 0xff, 0x3e, 0xc6, 0xfd, 0xff,
    0x41, 0xc7, 0xff, 0xff, 0x48, 0xc6, 0xfa, 0xee, 0x54, 0xc3, 0xf3, 0x77, 0x5d, 0xc2, 0xed, 0x07,
    0x65, 0xca, 0xf0, 0x00, 0x77, 0xc5, 0xdf, 0x00, 0xab, 0xc8, 0xd1, 0x00, 0xc1, 0xc4, 0xc8, 0x00,
    0xc3, 0xc5, 0xcc, 0x00, 0xc5, 0xc6, 0xca, 0x00, 0xc9, 0xc7, 0xc7, 0x00, 0xc9, 0xc8, 0xc6, 0x00,
    0xc9, 0xc8, 0xc6, 0x00, 0xc7, 0xc7, 0xc7, 0x00, 0xc3, 0xc6, 0xca, 0x00, 0xc3, 0xc6, 0xca, 0x00,
    0x00, 0x00, 0x02, 0x00, 0x00, 0x00, 0x00, 0x00, 0x00, 0x00, 0x00, 0x00, 0x00, 0x00, 0x00, 0x00,
    0x00, 0x00, 0x00, 0x00, 0x00, 0x00, 0x00, 0x00, 0x00, 0x00, 0x00, 0x00, 0x00, 0x00, 0x00, 0x00,
    0x00, 0x00, 0x00, 0x00, 0x00, 0x00, 0x00, 0x00, 0x00, 0x00, 0x00, 0x00, 0x00, 0x00, 0x00, 0x00,
    0x00, 0x00, 0x00, 0x00, 0x00, 0x00, 0x00, 0x00, 0x00, 0x00, 0x00, 0x00, 0x00, 0x00, 0x00, 0x00,
    0x56, 0x59, 0x58, 0x00, 0x56, 0x58, 0x5a, 0x00, 0x56, 0x57, 0x5c, 0x00, 0x71, 0x5e, 0x45, 0x00,
    0xa3, 0x6b, 0x17, 0xff, 0xb9, 0x73, 0x00, 0xff, 0xb7, 0x74, 0x00, 0xff, 0xb5, 0x74, 0x00, 0xff,
    0xb6, 0x72, 0x00, 0xff, 0xb6, 0x72, 0x00, 0xff, 0xb6, 0x72, 0x00, 0xff, 0xb6, 0x72, 0x00, 0xff,
    0xb6, 0x72, 0x00, 0xff, 0xb6, 0x72, 0x00, 0xff, 0xb6, 0x72, 0x00, 0xff, 0xb6, 0x72, 0x00, 0xff,
    0xb6, 0x72, 0x00, 0xff, 0xb6, 0x72, 0x00, 0xff, 0xb6, 0x72, 0x00, 0xff, 0xb6, 0x72, 0x00, 0xff,
    0xb6, 0x72, 0x00, 0xff, 0xb6, 0x72, 0x00, 0xff, 0xb6, 0x72, 0x00, 0xff, 0xae, 0x6f, 0x08, 0xff,
    0xa0, 0x68, 0x1b, 0xff, 0x87, 0x58, 0x47, 0xcb, 0x86, 0x65, 0xac, 0xf7, 0x6c, 0x51, 0xd0, 0xff,
    0x63, 0x4a, 0xe5, 0xff, 0x5d, 0x47, 0xee, 0xff, 0x5b, 0x48, 0xed, 0xff, 0x59, 0x48, 0xed, 0xff,
    0x57, 0x48, 0xee, 0xff, 0x57, 0x48, 0xee, 0xff, 0x57, 0x48, 0xee, 0xff, 0x57, 0x48, 0xee, 0xff,
    0x57, 0x48, 0xee, 0xff, 0x57, 0x48, 0xee, 0xff, 0x57, 0x48, 0xee, 0xff, 0x57, 0x48, 0xee, 0xff,
    0x57, 0x48, 0xee, 0xff, 0x57, 0x48, 0xee, 0xff, 0x57, 0x48, 0xee, 0xff, 0x57, 0x48, 0xee, 0xff,
    0x57, 0x48, 0xee, 0xff, 0x57, 0x48, 0xee, 0xff, 0x57, 0x48, 0xee, 0xff, 0x55, 0x48, 0xf0, 0xff,
    0x4f, 0x48, 0xf2, 0xff, 0x51, 0x47, 0xf2, 0xff, 0x57, 0x45, 0xf3, 0xff, 0x57, 0x47, 0xf0, 0xff,
    0x53, 0x4a, 0xeb, 0xff, 0x45, 0x52, 0xe2, 0xff, 0x4a, 0x78, 0xee, 0xcc, 0x5f, 0xb2, 0xff, 0xf6,
    0x49, 0xbf, 0xff, 0xff, 0x3d, 0xc5, 0xfc, 0xff, 0x3d, 0xc5, 0xfc, 0xff, 0x3d, 0xc5, 0xfc, 0xff,
    0x3e, 0xc6, 0xfd, 0xff, 0x3e, 0xc6, 0xfd, 0xff, 0x3e, 0xc6, 0xfd, 0xff, 0x3e, 0xc6, 0xfd, 0xfa,
    0x3a, 0xc2, 0xfb, 0x99, 0x56, 0xc3, 0xf3, 0x15, 0x8b, 0xc5, 0xe2, 0x00, 0xa6, 0xc7, 0xd8, 0x00,
    0xa7, 0xc6, 0xd5, 0x00, 0xaf, 0xc7, 0xd1, 0x00, 0xbd, 0xc9, 0xce, 0x00, 0xc3, 0xc6, 0xca, 0x00,
    0xc6, 0xc3, 0xcb, 0x00, 0xc9, 0xc5, 0xca, 0x00, 0xcb, 0xc7, 0xc6, 0x00, 0xcb, 0xc8, 0xc4, 0x00,
    0xc7, 0xc7, 0xc7, 0x00, 0xc5, 0xc7, 0xc9, 0x00, 0xc5, 0xc6, 0xca, 0x00, 0xc5, 0xc6, 0xca, 0x00,
    0x00, 0x00, 0x02, 0x00, 0x00, 0x00, 0x00, 0x00, 0x00, 0x00, 0x00, 0x00, 0x00, 0x00, 0x00, 0x00,
    0x00, 0x00, 0x00, 0x00, 0x00, 0x00, 0x00, 0x00, 0x00, 0x00, 0x00, 0x00, 0x00, 0x00, 0x00, 0x00,
    0x00, 0x00, 0x00, 0x00, 0x00, 0x00, 0x00, 0x00, 0x00, 0x00, 0x00, 0x00, 0x00, 0x00, 0x00, 0x00,
    0x00, 0x00, 0x00, 0x00, 0x00, 0x00, 0x00, 0x00, 0x00, 0x00, 0x00, 0x00, 0x00, 0x00, 0x00, 0x00,
    0x56, 0x59, 0x58, 0x00, 0x56, 0x59, 0x58, 0x00, 0x58, 0x58, 0x5a, 0x00, 0x71, 0x5e, 0x44, 0x00,
    0xa1, 0x6c, 0x17, 0xff, 0xb7, 0x73, 0x01, 0xff, 0xb5, 0x73, 0x01, 0xff, 0xb5, 0x73, 0x01, 0xff,
    0xb6, 0x72, 0x00, 0xff, 0xb6, 0x72, 0x00, 0xff, 0xb6, 0x72, 0x00, 0xff, 0xb6, 0x72, 0x00, 0xff,
    0xb6, 0x72, 0x00, 0xff, 0xb6, 0x72, 0x00, 0xff, 0xb6, 0x72, 0x00, 0xff, 0xb6, 0x72, 0x00, 0xff,
    0xb6, 0x73, 0x00, 0xff, 0xb6, 0x73, 0x00, 0xff, 0xb6, 0x72, 0x00, 0xff, 0xb6, 0x72, 0x00, 0xff,
    0xb6, 0x72, 0x00, 0xff, 0xb4, 0x70, 0x03, 0xff, 0xae, 0x6e, 0x09, 0xff, 0x9e, 0x66, 0x1f, 0xff,
    0x88, 0x5c, 0x4a, 0xcb, 0x87, 0x68, 0x96, 0xf7, 0x69, 0x50, 0xcf, 0xff, 0x5a, 0x47, 0xec, 0xff,
    0x5b, 0x47, 0xee, 0xff, 0x59, 0x48, 0xee, 0xff, 0x59, 0x48, 0xee, 0xff, 0x59, 0x48, 0xee, 0xff,
    0x57, 0x48, 0xee, 0xff, 0x57, 0x48, 0xee, 0xff, 0x57, 0x48, 0xee, 0xff, 0x57, 0x48, 0xee, 0xff,
    0x57, 0x48, 0xee, 0xff, 0x57, 0x48, 0xee, 0xff, 0x57, 0x48, 0xee, 0xff, 0x57, 0x48, 0xee, 0xff,
    0x57, 0x48, 0xee, 0xff, 0x57, 0x48, 0xee, 0xff, 0x57, 0x48, 0xee, 0xff, 0x57, 0x48, 0xee, 0xff,
    0x57, 0x48, 0xee, 0xff, 0x57, 0x48, 0xee, 0xff, 0x57, 0x48, 0xee, 0xff, 0x55, 0x48, 0xee, 0xff,
    0x4f, 0x49, 0xf0, 0xff, 0x51, 0x48, 0xf0, 0xff, 0x57, 0x47, 0xf0, 0xff, 0x59, 0x47, 0xf0, 0xff,
    0x5a, 0x45, 0xef, 0xff, 0x55, 0x4b, 0xea, 0xff, 0x47, 0x56, 0xe1, 0xff, 0x48, 0x7a, 0xec, 0xcc,
    0x58, 0xb5, 0xff, 0xf6, 0x46, 0xbe, 0xff, 0xff, 0x40, 0xc1, 0xfe, 0xff, 0x3c, 0xc3, 0xfd, 0xff,
    0x3e, 0xc6, 0xfd, 0xff, 0x46, 0xc6, 0xfa, 0xff, 0x56, 0xc6, 0xf4, 0xb3, 0x5e, 0xc6, 0xf1, 0x24,
    0x60, 0xc5, 0xf2, 0x00, 0x79, 0xc4, 0xe7, 0x00, 0xac, 0xc5, 0xd3, 0x00, 0xc5, 0xc3, 0xc8, 0x00,
    0xc9, 0xc6, 0xc9, 0x00, 0xc6, 0xc5, 0xc8, 0x00, 0xc3, 0xc7, 0xc9, 0x00, 0xc3, 0xc7, 0xc9, 0x00,
    0xc7, 0xc5, 0xca, 0x00, 0xcb, 0xc6, 0xc9, 0x00, 0xcb, 0xc7, 0xc6, 0x00, 0xcb, 0xc7, 0xc6, 0x00,
    0xc7, 0xc7, 0xc7, 0x00, 0xc5, 0xc7, 0xc9, 0x00, 0xc5, 0xc7, 0xc9, 0x00, 0xc5, 0xc7, 0xc9, 0x00,
    0x00, 0x00, 0x00, 0x00, 0x00, 0x00, 0x00, 0x00, 0x00, 0x00, 0x00, 0x00, 0x00, 0x00, 0x00, 0x00,
    0x00, 0x00, 0x00, 0x00, 0x00, 0x00, 0x00, 0x00, 0x00, 0x00, 0x00, 0x00, 0x00, 0x00, 0x00, 0x00,
    0x00, 0x00, 0x00, 0x00, 0x00, 0x00, 0x00, 0x00, 0x00, 0x00, 0x00, 0x00, 0x00, 0x00, 0x00, 0x00,
    0x00, 0x00, 0x00, 0x00, 0x00, 0x00, 0x00, 0x00, 0x00, 0x00, 0x00, 0x00, 0x00, 0x00, 0x00, 0x00,
    0x55, 0x56, 0x53, 0x00, 0x55, 0x56, 0x53, 0x00, 0x57, 0x55, 0x53, 0x00, 0x6f, 0x5b, 0x3f, 0x00,
    0x9e, 0x6a, 0x17, 0xff, 0xb4, 0x70, 0x03, 0xff, 0xb2, 0x72, 0x01, 0xff, 0xb4, 0x71, 0x01, 0xff,
    0xb6, 0x71, 0x01, 0xff, 0xb6, 0x71, 0x01, 0xff, 0xb6, 0x71, 0x01, 0xff, 0xb6, 0x71, 0x01, 0xff,
    0xb6, 0x71, 0x01, 0xff, 0xb6, 0x71, 0x01, 0xff, 0xb6, 0x71, 0x01, 0xff, 0xb6, 0x72, 0x00, 0xff,
    0xb8, 0x74, 0x00, 0xff, 0xb8, 0x74, 0x00, 0xff, 0xb6, 0x72, 0x00, 0xff, 0xb6, 0x71, 0x01, 0xff,
    0xbc, 0x77, 0x07, 0xff, 0xae, 0x6e, 0x0b, 0xff, 0x9e, 0x69, 0x22, 0xff, 0x85, 0x5a, 0x4c, 0xcb,
    0x7e, 0x62, 0xa9, 0xf7, 0x66, 0x52, 0xd0, 0xff, 0x5c, 0x4a, 0xe4, 0xff, 0x58, 0x46, 0xed, 0xff,
    0x59, 0x48, 0xee, 0xff, 0x57, 0x48, 0xee, 0xff, 0x57, 0x48, 0xee, 0xff, 0x57, 0x48, 0xee, 0xff,
    0x57, 0x48, 0xee, 0xff, 0x57, 0x48, 0xee, 0xff, 0x57, 0x48, 0xee, 0xff, 0x57, 0x48, 0xee, 0xff,
    0x57, 0x48, 0xee, 0xff, 0x57, 0x48, 0xee, 0xff, 0x57, 0x48, 0xee, 0xff, 0x57, 0x48, 0xee, 0xff,
    0x57, 0x48, 0xee, 0xff, 0x57, 0x48, 0xee, 0xff, 0x57, 0x48, 0xee, 0xff, 0x57, 0x48, 0xee, 0xff,
    0x57, 0x48, 0xee, 0xff, 0x57, 0x48, 0xee, 0xff, 0x57, 0x48, 0xee, 0xff, 0x57, 0x48, 0xee, 0xff,
    0x54, 0x47, 0xed, 0xff, 0x56, 0x47, 0xed, 0xff, 0x58, 0x46, 0xed, 0xff, 0x58, 0x46, 0xed, 0xff,
    0x5a, 0x46, 0xed, 0xff, 0x58, 0x48, 0xea, 0xff, 0x54, 0x4a, 0xe7, 0xff, 0x44, 0x52, 0xdf, 0xff,
    0x46, 0x7b, 0xf2, 0xcc, 0x59, 0xb1, 0xff, 0xf6, 0x46, 0xbd, 0xff, 0xff, 0x3c, 0xc1, 0xfd, 0xff,
    0x3c, 0xc1, 0xfb, 0xcb, 0x55, 0xc2, 0xf0, 0x3e, 0x69, 0xa6, 0xc3, 0x00, 0x83, 0xa8, 0xb9, 0x00,
    0x00, 0x00, 0x0e, 0x00, 0x00, 0x00, 0x0b, 0x00, 0x00, 0x00, 0x05, 0x00, 0x00, 0x00, 0x02, 0x00,
    0x00, 0x00, 0x00, 0x00, 0x00, 0x00, 0x00, 0x00, 0x00, 0x00, 0x00, 0x00, 0x00, 0x00, 0x00, 0x00,
    0x00, 0x00, 0x02, 0x00, 0x02, 0x00, 0x00, 0x00, 0x02, 0x00, 0x00, 0x00, 0x02, 0x00, 0x00, 0x00,
    0x00, 0x00, 0x00, 0x00, 0x00, 0x00, 0x00, 0x00, 0x00, 0x00, 0x00, 0x00, 0x00, 0x00, 0x00, 0x00,
    0x00, 0x00, 0x00, 0x00, 0x00, 0x00, 0x00, 0x00, 0x00, 0x00, 0x00, 0x00, 0x00, 0x00, 0x00, 0x00,
    0x00, 0x00, 0x00, 0x00, 0x00, 0x00, 0x00, 0x00, 0x00, 0x00, 0x00, 0x00, 0x00, 0x00, 0x00, 0x00,
    0x00, 0x00, 0x00, 0x00, 0x00, 0x00, 0x00, 0x00, 0x00, 0x00, 0x00, 0x00, 0x00, 0x00, 0x00, 0x00,
    0x00, 0x00, 0x00, 0x00, 0x00, 0x00, 0x00, 0x00, 0x00, 0x00, 0x00, 0x00, 0x00, 0x00, 0x00, 0x00,
    0x55, 0x56, 0x53, 0x00, 0x57, 0x56, 0x52, 0x00, 0x59, 0x56, 0x52, 0x00, 0x71, 0x5b, 0x3f, 0x00,
    0x9e, 0x69, 0x19, 0xff, 0xb2, 0x70, 0x04, 0xff, 0xb2, 0x71, 0x03, 0xff, 0xb4, 0x71, 0x01, 0xff,
    0xb6, 0x71, 0x01, 0xff, 0xb6, 0x71, 0x01, 0xff, 0xb6, 0x71, 0x01, 0xff, 0xb6, 0x71, 0x01, 0xff,
    0xb6, 0x71, 0x01, 0xff, 0xb6, 0x71, 0x01, 0xff, 0xb6, 0x71, 0x01, 0xff, 0xb6, 0x72, 0x00, 0xff,
    0xb8, 0x74, 0x00, 0xff, 0xb8, 0x74, 0x00, 0xff, 0xb4, 0x73, 0x00, 0xff, 0xb0, 0x70, 0x04, 0xff,
    0xad, 0x6f, 0x0c, 0xff, 0x9d, 0x66, 0x24, 0xff, 0x81, 0x55, 0x48, 0xcb, 0x88, 0x69, 0x9b, 0xf7,
    0x66, 0x51, 0xd2, 0xff, 0x56, 0x47, 0xed, 0xff, 0x56, 0x47, 0xed, 0xff, 0x56, 0x47, 0xed, 0xff,
    0x57, 0x48, 0xee, 0xff, 0x57, 0x48, 0xee, 0xff, 0x57, 0x48, 0xee, 0xff, 0x57, 0x48, 0xee, 0xff,
    0x57, 0x48, 0xee, 0xff, 0x57, 0x48, 0xee, 0xff, 0x57, 0x48, 0xee, 0xff, 0x57, 0x48, 0xee, 0xff,
    0x57, 0x48, 0xee, 0xff, 0x57, 0x48, 0xee, 0xff, 0x57, 0x48, 0xee, 0xff, 0x57, 0x48, 0xee, 0xff,
    0x57, 0x48, 0xee, 0xff, 0x57, 0x48, 0xee, 0xff, 0x57, 0x48, 0xee, 0xff, 0x57, 0x48, 0xee, 0xff,
    0x57, 0x48, 0xee, 0xff, 0x57, 0x48, 0xee, 0xff, 0x57, 0x48, 0xee, 0xff, 0x57, 0x48, 0xee, 0xff,
    0x56, 0x47, 0xed, 0xff, 0x56, 0x47, 0xed, 0xff, 0x56, 0x48, 0xec, 0xff, 0x58, 0x47, 0xec, 0xff,
    0x58, 0x46, 0xed, 0xff, 0x5a, 0x46, 0xed, 0xff, 0x5a, 0x47, 0xec, 0xff, 0x52, 0x4a, 0xe8, 0xff,
    0x3f, 0x52, 0xe3, 0xff, 0x43, 0x71, 0xf0, 0xcc, 0x67, 0xb1, 0xff, 0xd8, 0x60, 0xbb, 0xff, 0x58,
    0x7b, 0xdb, 0xff, 0x01, 0x59, 0xa5, 0xc4, 0x00, 0x8b, 0xa9, 0xb4, 0x00, 0x9f, 0xa6, 0xa7, 0x00,
    0x00, 0x00, 0x00, 0x00, 0x00, 0x00, 0x00, 0x00, 0x00, 0x00, 0x00, 0x00, 0x00, 0x00, 0x00, 0x00,
    0x00, 0x00, 0x00, 0x00, 0x00, 0x00, 0x00, 0x00, 0x00, 0x00, 0x00, 0x00, 0x00, 0x00, 0x00, 0x00,
    0x00, 0x00, 0x00, 0x00, 0x00, 0x00, 0x00, 0x00, 0x00, 0x00, 0x00, 0x00, 0x00, 0x00, 0x00, 0x00,
    0x00, 0x00, 0x00, 0x00, 0x00, 0x00, 0x00, 0x00, 0x00, 0x00, 0x00, 0x00, 0x00, 0x00, 0x00, 0x00,
    0x00, 0x00, 0x00, 0x00, 0x00, 0x00, 0x00, 0x00, 0x00, 0x00, 0x00, 0x00, 0x00, 0x00, 0x00, 0x00,
    0x00, 0x00, 0x00, 0x00, 0x00, 0x00, 0x00, 0x00, 0x00, 0x00, 0x00, 0x00, 0x00, 0x00, 0x00, 0x00,
    0x00, 0x00, 0x00, 0x00, 0x00, 0x00, 0x00, 0x00, 0x00, 0x00, 0x00, 0x00, 0x00, 0x00, 0x00, 0x00,
    0x00, 0x00, 0x00, 0x00, 0x00, 0x00, 0x00, 0x00, 0x00, 0x00, 0x00, 0x00, 0x00, 0x00, 0x00, 0x00,
    0x55, 0x56, 0x53, 0x00, 0x57, 0x56, 0x52, 0x00, 0x59, 0x56, 0x52, 0x00, 0x71, 0x5b, 0x3f, 0x00,
    0x9e, 0x69, 0x19, 0xff, 0xb2, 0x70, 0x04, 0xff, 0xb2, 0x71, 0x03, 0xff, 0xb4, 0x71, 0x01, 0xff,
    0xb6, 0x71, 0x01, 0xff, 0xb6, 0x71, 0x01, 0xff, 0xb6, 0x71, 0x01, 0xff, 0xb6, 0x71, 0x01, 0xff,
    0xb6, 0x71, 0x01, 0xff, 0xb6, 0x71, 0x01, 0xff, 0xb6, 0x71, 0x01, 0xff, 0xb6, 0x71, 0x01, 0xff,
    0xb6, 0x72, 0x00, 0xff, 0xb4, 0x73, 0x00, 0xff, 0xb0, 0x74, 0x00, 0xff, 0xa6, 0x70, 0x09, 0xff,
    0x98, 0x65, 0x1d, 0xff, 0x86, 0x5b, 0x4e, 0xcb, 0x7f, 0x63, 0xaa, 0xf7, 0x65, 0x51, 0xcf, 0xff,
    0x5c, 0x4a, 0xe4, 0xff, 0x56, 0x47, 0xed, 0xff, 0x56, 0x47, 0xed, 0xff, 0x56, 0x47, 0xed, 0xff,
    0x56, 0x47, 0xed, 0xff, 0x56, 0x47, 0xed, 0xff, 0x56, 0x47, 0xed, 0xff, 0x56, 0x47, 0xed, 0xff,
    0x56, 0x47, 0xed, 0xff, 0x56, 0x47, 0xed, 0xff, 0x56, 0x47, 0xed, 0xff, 0x56, 0x47, 0xed, 0xff,
    0x56, 0x47, 0xed, 0xff, 0x56, 0x47, 0xed, 0xff, 0x56, 0x47, 0xed, 0xff, 0x56, 0x47, 0xed, 0xff,
    0x56, 0x47, 0xed, 0xff, 0x56, 0x47, 0xed, 0xff, 0x56, 0x47, 0xed, 0xff, 0x56, 0x47, 0xed, 0xff,
    0x56, 0x47, 0xed, 0xff, 0x56, 0x47, 0xed, 0xff, 0x54, 0x47, 0xed, 0xff, 0x54, 0x47, 0xed, 0xff,
    0x54, 0x46, 0xef, 0xff, 0x54, 0x47, 0xed, 0xff, 0x54, 0x48, 0xec, 0xff, 0x54, 0x48, 0xec, 0xff,
    0x56, 0x46, 0xef, 0xff, 0x58, 0x46, 0xef, 0xff, 0x58, 0x46, 0xed, 0xff, 0x56, 0x47, 0xed, 0xff,
    0x52, 0x4a, 0xef, 0xf3, 0x49, 0x46, 0xe4, 0x80, 0x4b, 0x4b, 0xd9, 0x08, 0x84, 0x8d, 0xf2, 0x00,
    0x83, 0x9c, 0xc5, 0x00, 0x8d, 0xa9, 0xb0, 0x00, 0x98, 0xa9, 0xa7, 0x00, 0xa2, 0xaa, 0xa4, 0x00,
    0x00, 0x01, 0x00, 0x00, 0x00, 0x00, 0x00, 0x00, 0x00, 0x00, 0x00, 0x00, 0x00, 0x00, 0x00, 0x00,
    0x00, 0x00, 0x00, 0x00, 0x00, 0x00, 0x00, 0x00, 0x00, 0x00, 0x00, 0x00, 0x00, 0x00, 0x00, 0x00,
    0x00, 0x00, 0x00, 0x00, 0x00, 0x00, 0x00, 0x00, 0x00, 0x00, 0x00, 0x00, 0x00, 0x00, 0x00, 0x00,
    0x00, 0x00, 0x00, 0x00, 0x00, 0x00, 0x00, 0x00, 0x00, 0x00, 0x00, 0x00, 0x00, 0x00, 0x00, 0x00,
    0x00, 0x00, 0x00, 0x00, 0x00, 0x00, 0x00, 0x00, 0x00, 0x00, 0x00, 0x00, 0x00, 0x00, 0x00, 0x00,
    0x00, 0x00, 0x00, 0x00, 0x00, 0x00, 0x00, 0x00, 0x00, 0x00, 0x00, 0x00, 0x00, 0x00, 0x00, 0x00,
    0x00, 0x00, 0x00, 0x00, 0x00, 0x00, 0x00, 0x00, 0x00, 0x00, 0x00, 0x00, 0x00, 0x00, 0x00, 0x00,
    0x00, 0x00, 0x00, 0x00, 0x00, 0x00, 0x00, 0x00, 0x00, 0x00, 0x00, 0x00, 0x00, 0x00, 0x00, 0x00,
    0x55, 0x56, 0x53, 0x00, 0x57, 0x56, 0x52, 0x00, 0x59, 0x56, 0x52, 0x00, 0x71, 0x5b, 0x3f, 0x00,
    0x9e, 0x69, 0x19, 0xff, 0xb2, 0x70, 0x04, 0xff, 0xb2, 0x71, 0x03, 0xff, 0xb2, 0x72, 0x01, 0xff,
    0xb3, 0x70, 0x00, 0xff, 0xb5, 0x70, 0x00, 0xff, 0xb5, 0x70, 0x00, 0xff, 0xb5, 0x70, 0x00, 0xff,
    0xb5, 0x70, 0x00, 0xff, 0xb5, 0x70, 0x00, 0xff, 0xb5, 0x70, 0x00, 0xff, 0xb5, 0x70, 0x00, 0xff,
    0xb6, 0x71, 0x01, 0xff, 0xb0, 0x70, 0x04, 0xff, 0xa6, 0x70, 0x09, 0xff, 0x96, 0x68, 0x1f, 0xff,
    0x85, 0x5d, 0x4f, 0xcb, 0x86, 0x64, 0x99, 0xf7, 0x68, 0x52, 0xd0, 0xff, 0x57, 0x46, 0xea, 0xff,
    0x56, 0x47, 0xed, 0xff, 0x56, 0x47, 0xed, 0xff, 0x56, 0x47, 0xed, 0xff, 0x56, 0x47, 0xed, 0xff,
    0x56, 0x47, 0xed, 0xff, 0x56, 0x47, 0xed, 0xff, 0x56, 0x47, 0xed, 0xff, 0x56, 0x47, 0xed, 0xff,
    0x56, 0x47, 0xed, 0xff, 0x56, 0x47, 0xed, 0xff, 0x56, 0x47, 0xed, 0xff, 0x56, 0x47, 0xed, 0xff,
    0x56, 0x47, 0xed, 0xff, 0x56, 0x47, 0xed, 0xff, 0x56, 0x47, 0xed, 0xff, 0x56, 0x47, 0xed, 0xff,
    0x56, 0x47, 0xed, 0xff, 0x56, 0x47, 0xed, 0xff, 0x56, 0x47, 0xed, 0xff, 0x56, 0x47, 0xed, 0xff,
    0x56, 0x47, 0xed, 0xff, 0x56, 0x47, 0xed, 0xff, 0x56, 0x47, 0xed, 0xff, 0x54, 0x46, 0xef, 0xff,
    0x54, 0x46, 0xef, 0xff, 0x54, 0x47, 0xed, 0xff, 0x54, 0x48, 0xec, 0xff, 0x54, 0x48, 0xec, 0xff,
    0x56, 0x45, 0xf0, 0xff, 0x56, 0x45, 0xf0, 0xff, 0x56, 0x46, 0xef, 0xfb, 0x5a, 0x49, 0xe7, 0x99,
    0x59, 0x46, 0xd6, 0x17, 0x90, 0x7b, 0xfe, 0x00, 0x98, 0x81, 0xf6, 0x00, 0x9f, 0x8a, 0xdd, 0x00,
    0xa9, 0x9d, 0xb8, 0x00, 0xad, 0xac, 0xa8, 0x00, 0xa0, 0xaa, 0xa2, 0x00, 0xa2, 0xab, 0xa3, 0x00,
    0x00, 0x01, 0x00, 0x00, 0x00, 0x00, 0x00, 0x00, 0x00, 0x00, 0x00, 0x00, 0x00, 0x00, 0x00, 0x00,
    0x00, 0x00, 0x00, 0x00, 0x00, 0x00, 0x00, 0x00, 0x00, 0x00, 0x00, 0x00, 0x00, 0x00, 0x00, 0x00,
    0x00, 0x00, 0x00, 0x00, 0x00, 0x00, 0x00, 0x00, 0x00, 0x00, 0x00, 0x00, 0x00, 0x00, 0x00, 0x00,
    0x00, 0x00, 0x00, 0x00, 0x00, 0x00, 0x00, 0x00, 0x00, 0x00, 0x00, 0x00, 0x00, 0x00, 0x00, 0x00,
    0x00, 0x00, 0x00, 0x00, 0x00, 0x00, 0x00, 0x00, 0x00, 0x00, 0x00, 0x00, 0x00, 0x00, 0x00, 0x00,
    0x00, 0x00, 0x00, 0x00, 0x00, 0x00, 0x00, 0x00, 0x00, 0x00, 0x00, 0x00, 0x00, 0x00, 0x00, 0x00,
    0x00, 0x00, 0x00, 0x00, 0x00, 0x00, 0x00, 0x00, 0x00, 0x00, 0x00, 0x00, 0x00, 0x00, 0x00, 0x00,
    0x00, 0x00, 0x00, 0x00, 0x00, 0x00, 0x00, 0x00, 0x00, 0x00, 0x00, 0x00, 0x00, 0x00, 0x00, 0x00,
    0x55, 0x56, 0x53, 0x00, 0x57, 0x56, 0x52, 0x00, 0x59, 0x56, 0x52, 0x00, 0x71, 0x5b, 0x3f, 0x00,
    0x9c, 0x67, 0x17, 0xff, 0xb0, 0x6e, 0x02, 0xff, 0xb0, 0x6e, 0x00, 0xff, 0xb0, 0x6f, 0x00, 0xff,
    0xb3, 0x6f, 0x02, 0xff, 0xb3, 0x6f, 0x02, 0xff, 0xb3, 0x6f, 0x02, 0xff, 0xb3, 0x6f, 0x02, 0xff,
    0xb3, 0x6f, 0x02, 0xff, 0xb3, 0x6f, 0x02, 0xff, 0xb3, 0x6f, 0x02, 0xff, 0xb3, 0x6f, 0x02, 0xff,
    0xb7, 0x72, 0x02, 0xff, 0xab, 0x6d, 0x0a, 0xff, 0x98, 0x65, 0x1d, 0xff, 0x87, 0x5e, 0x50, 0xcb,
    0x83, 0x5e, 0xab, 0xf7, 0x6b, 0x4e, 0xd2, 0xff, 0x5d, 0x49, 0xe2, 0xff, 0x55, 0x46, 0xea, 0xff,
    0x55, 0x46, 0xec, 0xff, 0x55, 0x45, 0xee, 0xff, 0x55, 0x45, 0xee, 0xff, 0x55, 0x45, 0xee, 0xff,
    0x55, 0x45, 0xee, 0xff, 0x55, 0x45, 0xee, 0xff, 0x55, 0x45, 0xee, 0xff, 0x55, 0x45, 0xee, 0xff,
    0x55, 0x46, 0xec, 0xff, 0x55, 0x46, 0xec, 0xff, 0x55, 0x46, 0xec, 0xff, 0x55, 0x46, 0xec, 0xff,
    0x55, 0x46, 0xec, 0xff, 0x55, 0x46, 0xec, 0xff, 0x55, 0x46, 0xec, 0xff, 0x55, 0x46, 0xec, 0xff,
    0x55, 0x45, 0xee, 0xff, 0x55, 0x45, 0xee, 0xff, 0x55, 0x45, 0xee, 0xff, 0x55, 0x45, 0xee, 0xff,
    0x55, 0x45, 0xee, 0xff, 0x55, 0x45, 0xee, 0xff, 0x55, 0x45, 0xee, 0xff, 0x57, 0x44, 0xee, 0xff,
    0x57, 0x44, 0xef, 0xff, 0x55, 0x41, 0xea, 0xff, 0x54, 0x45, 0xe6, 0xff, 0x59, 0x48, 0xed, 0xff,
    0x57, 0x44, 0xef, 0xff, 0x55, 0x43, 0xf1, 0xbb, 0x55, 0x46, 0xec, 0x2c, 0x5b, 0x4f, 0xd7, 0x00,
    0x9a, 0x90, 0xdc, 0x00, 0xa0, 0x9a, 0xc6, 0x00, 0x9e, 0x9d, 0xc0, 0x00, 0xa2, 0xa2, 0xb6, 0x00,
    0xa9, 0xa4, 0xaa, 0x00, 0xab, 0xa7, 0xa5, 0x00, 0xa2, 0xa8, 0xa5, 0x00, 0xa2, 0xa9, 0xa8, 0x00,
    0x00, 0x00, 0x00, 0x00, 0x00, 0x00, 0x00, 0x00, 0x00, 0x00, 0x00, 0x00, 0x00, 0x00, 0x00, 0x00,
    0x00, 0x00, 0x00, 0x00, 0x00, 0x00, 0x00, 0x00, 0x00, 0x00, 0x00, 0x00, 0x00, 0x00, 0x00, 0x00,
    0x00, 0x00, 0x00, 0x00, 0x00, 0x00, 0x00, 0x00, 0x00, 0x00, 0x00, 0x00, 0x00, 0x00, 0x00, 0x00,
    0x00, 0x00, 0x00, 0x00, 0x00, 0x00, 0x00, 0x00, 0x00, 0x00, 0x00, 0x00, 0x00, 0x00, 0x00, 0x00,
    0x00, 0x00, 0x00, 0x00, 0x00, 0x00, 0x00, 0x00, 0x00, 0x00, 0x00, 0x00, 0x00, 0x00, 0x00, 0x00,
    0x00, 0x00, 0x00, 0x00, 0x00, 0x00, 0x00, 0x00, 0x00, 0x00, 0x00, 0x00, 0x00, 0x00, 0x00, 0x00,
    0x00, 0x00, 0x00, 0x00, 0x00, 0x00, 0x00, 0x00, 0x00, 0x00, 0x00, 0x00, 0x00, 0x00, 0x00, 0x00,
    0x00, 0x00, 0x00, 0x00, 0x00, 0x00, 0x00, 0x00, 0x00, 0x00, 0x00, 0x00, 0x00, 0x00, 0x00, 0x00,
    0x55, 0x56, 0x53, 0x00, 0x57, 0x56, 0x52, 0x00, 0x59, 0x56, 0x52, 0x00, 0x71, 0x5b, 0x3f, 0x00,
    0x9c, 0x67, 0x17, 0xff, 0xb0, 0x6e, 0x02, 0xff, 0xb0, 0x6e, 0x00, 0xff, 0xb0, 0x6f, 0x00, 0xff,
    0xb2, 0x6e, 0x00, 0xff, 0xb2, 0x6e, 0x00, 0xff, 0xb2, 0x6e, 0x00, 0xff, 0xb2, 0x6e, 0x00, 0xff,
    0xb2, 0x6e, 0x00, 0xff, 0xb2, 0x6e, 0x00, 0xff, 0xb2, 0x6e, 0x00, 0xff, 0xb0, 0x6d, 0x04, 0xff,
    0xa9, 0x6a, 0x09, 0xff, 0x9b, 0x64, 0x21, 0xff, 0x86, 0x5b, 0x4e, 0xcb, 0x87, 0x65, 0x9b, 0xf7,
    0x6b, 0x4e, 0xd2, 0xff, 0x5b, 0x44, 0xee, 0xff, 0x57, 0x44, 0xee, 0xff, 0x55, 0x45, 0xee, 0xff,
    0x55, 0x45, 0xee, 0xff, 0x55, 0x45, 0xee, 0xff, 0x55, 0x45, 0xee, 0xff, 0x55, 0x45, 0xee, 0xff,
    0x55, 0x45, 0xee, 0xff, 0x55, 0x45, 0xee, 0xff, 0x55, 0x45, 0xee, 0xff, 0x55, 0x45, 0xee, 0xff,
    0x55, 0x46, 0xec, 0xff, 0x55, 0x46, 0xec, 0xff, 0x55, 0x46, 0xec, 0xff, 0x55, 0x46, 0xec, 0xff,
    0x55, 0x46, 0xec, 0xff, 0x55, 0x46, 0xec, 0xff, 0x55, 0x46, 0xec, 0xff, 0x55, 0x46, 0xec, 0xff,
    0x55, 0x45, 0xee, 0xff, 0x55, 0x45, 0xee, 0xff, 0x55, 0x45, 0xee, 0xff, 0x55, 0x45, 0xee, 0xff,
    0x55, 0x45, 0xee, 0xff, 0x55, 0x45, 0xee, 0xff, 0x57, 0x44, 0xee, 0xff, 0x57, 0x44, 0xee, 0xff,
    0x5a, 0x47, 0xf3, 0xff, 0x58, 0x43, 0xec, 0xff, 0x56, 0x43, 0xe8, 0xff, 0x5b, 0x48, 0xe4, 0xd4,
    0x5b, 0x4e, 0xd9, 0x49, 0x5d, 0x51, 0xd2, 0x00, 0x5d, 0x53, 0xcf, 0x00, 0x65, 0x5c, 0xb9, 0x00,
    0xa2, 0x9d, 0xbe, 0x00, 0xa8, 0xa8, 0xa8, 0x00, 0xa2, 0xab, 0xa3, 0x00, 0xa4, 0xab, 0xa3, 0x00,
    0xab, 0xa7, 0xa5, 0x00, 0xab, 0xa6, 0xa7, 0x00, 0xa7, 0xa6, 0xa7, 0x00, 0xa4, 0xa7, 0xa7, 0x00,
    0x00, 0x00, 0x00, 0x00, 0x00, 0x00, 0x00, 0x00, 0x00, 0x00, 0x00, 0x00, 0x00, 0x00, 0x00, 0x00,
    0x00, 0x00, 0x00, 0x00, 0x00, 0x00, 0x00, 0x00, 0x00, 0x00, 0x00, 0x00, 0x00, 0x00, 0x00, 0x00,
    0x00, 0x00, 0x00, 0x00, 0x00, 0x00, 0x00, 0x00, 0x00, 0x00, 0x00, 0x00, 0x00, 0x00, 0x00, 0x00,
    0x00, 0x00, 0x00, 0x00, 0x00, 0x00, 0x00, 0x00, 0x00, 0x00, 0x00, 0x00, 0x00, 0x00, 0x00, 0x00,
    0x00, 0x00, 0x00, 0x00, 0x00, 0x00, 0x00, 0x00, 0x00, 0x00, 0x00, 0x00, 0x00, 0x00, 0x00, 0x00,
    0x00, 0x00, 0x00, 0x00, 0x00, 0x00, 0x00, 0x00, 0x00, 0x00, 0x00, 0x00, 0x00, 0x00, 0x00, 0x00,
    0x00, 0x00, 0x00, 0x00, 0x00, 0x00, 0x00, 0x00, 0x00, 0x00, 0x00, 0x00, 0x00, 0x00, 0x00, 0x00,
    0x00, 0x00, 0x00, 0x00, 0x00, 0x00, 0x00, 0x00, 0x00, 0x00, 0x00, 0x00, 0x00, 0x00, 0x00, 0x00,
    0x55, 0x56, 0x53, 0x00, 0x57, 0x56, 0x52, 0x00, 0x59, 0x56, 0x52, 0x00, 0x71, 0x5b, 0x3f, 0x00,
    0x9c, 0x67, 0x17, 0xff, 0xb0, 0x6e, 0x02, 0xff, 0xb0, 0x6e, 0x00, 0xff, 0xb0, 0x6f, 0x00, 0xff,
    0xb2, 0x6e, 0x00, 0xff, 0xb2, 0x6e, 0x00, 0xff, 0xb2, 0x6e, 0x00, 0xff, 0xb2, 0x6e, 0x00, 0xff,
    0xb2, 0x6e, 0x00, 0xff, 0xb2, 0x6e, 0x00, 0xff, 0xb2, 0x6e, 0x00, 0xff, 0xaa, 0x6a, 0x0c, 0xff,
    0x9a, 0x63, 0x20, 0xff, 0x7f, 0x53, 0x48, 0xcc, 0x7f, 0x63, 0xaa, 0xf7, 0x69, 0x53, 0xd2, 0xff,
    0x5d, 0x49, 0xe2, 0xff, 0x57, 0x44, 0xee, 0xff, 0x55, 0x43, 0xf1, 0xff, 0x53, 0x44, 0xf1, 0xff,
    0x55, 0x44, 0xef, 0xff, 0x55, 0x45, 0xee, 0xff, 0x55, 0x45, 0xee, 0xff, 0x55, 0x45, 0xee, 0xff,
    0x55, 0x45, 0xee, 0xff, 0x55, 0x45, 0xee, 0xff, 0x55, 0x45, 0xee, 0xff, 0x55, 0x45, 0xee, 0xff,
    0x55, 0x46, 0xec, 0xff, 0x55, 0x46, 0xec, 0xff, 0x57, 0x45, 0xec, 0xff, 0x57, 0x45, 0xec, 0xff,
    0x55, 0x46, 0xec, 0xff, 0x55, 0x46, 0xec, 0xff, 0x55, 0x46, 0xec, 0xff, 0x55, 0x46, 0xec, 0xff,
    0x55, 0x45, 0xee, 0xff, 0x55, 0x45, 0xee, 0xff, 0x55, 0x45, 0xee, 0xff, 0x55, 0x45, 0xee, 0xff,
    0x55, 0x45, 0xee, 0xff, 0x55, 0x45, 0xee, 0xff, 0x55, 0x45, 0xee, 0xff, 0x55, 0x44, 0xef, 0xff,
    0x52, 0x42, 0xf0, 0xff, 0x55, 0x43, 0xf1, 0xe4, 0x5f, 0x4a, 0xf3, 0x66, 0x6b, 0x5d, 0xe5, 0x03,
    0x65, 0x63, 0xac, 0x00, 0x69, 0x6d, 0x97, 0x00, 0x6f, 0x6c, 0x96, 0x00, 0x73, 0x70, 0x8e, 0x00,
    0xa8, 0xa4, 0xae, 0x00, 0xa8, 0xa8, 0xa6, 0x00, 0xa6, 0xaa, 0xa4, 0x00, 0xa8, 0xa8, 0xa6, 0x00,
    0xab, 0xa4, 0xaa, 0x00, 0xad, 0xa4, 0xaa, 0x00, 0xa9, 0xa7, 0xa5, 0x00, 0xa9, 0xa7, 0xa5, 0x00,
    0x00, 0x00, 0x00, 0x00, 0x00, 0x00, 0x00, 0x00, 0x00, 0x00, 0x00, 0x00, 0x00, 0x00, 0x00, 0x00,
    0x00, 0x00, 0x00, 0x00, 0x00, 0x00, 0x00, 0x00, 0x00, 0x00, 0x00, 0x00, 0x00, 0x00, 0x00, 0x00,
    0x00, 0x00, 0x00, 0x00, 0x00, 0x00, 0x00, 0x00, 0x00, 0x00, 0x00, 0x00, 0x00, 0x00, 0x00, 0x00,
    0x00, 0x00, 0x00, 0x00, 0x00, 0x00, 0x00, 0x00, 0x00, 0x00, 0x00, 0x00, 0x00, 0x00, 0x00, 0x00,
    0x00, 0x00, 0x00, 0x00, 0x00, 0x00, 0x00, 0x00, 0x00, 0x00, 0x00, 0x00, 0x00, 0x00, 0x00, 0x00,
    0x00, 0x00, 0x00, 0x00, 0x00, 0x00, 0x00, 0x00, 0x00, 0x00, 0x00, 0x00, 0x00, 0x00, 0x00, 0x00,
    0x00, 0x00, 0x00, 0x00, 0x00, 0x00, 0x00, 0x00, 0x00, 0x00, 0x00, 0x00, 0x00, 0x00, 0x00, 0x00,
    0x00, 0x00, 0x00, 0x00, 0x00, 0x00, 0x00, 0x00, 0x00, 0x00, 0x00, 0x00, 0x00, 0x00, 0x00, 0x00,
    0x55, 0x56, 0x53, 0x00, 0x57, 0x55, 0x53, 0x00, 0x59, 0x55, 0x53, 0x00, 0x6f, 0x5b, 0x3f, 0x00,
    0x9a, 0x67, 0x17, 0xff, 0xb0, 0x6e, 0x02, 0xff, 0xb0, 0x6e, 0x00, 0xff, 0xb0, 0x6e, 0x00, 0xff,
    0xb2, 0x6e, 0x00, 0xff, 0xb2, 0x6e, 0x00, 0xff, 0xb4, 0x6d, 0x02, 0xff, 0xb2, 0x6d, 0x02, 0xff,
    0xb2, 0x6d, 0x02, 0xff, 0xae, 0x6c, 0x05, 0xff, 0xaa, 0x6a, 0x0c, 0xff, 0x9a, 0x62, 0x22, 0xff,
    0x80, 0x55, 0x4c, 0xcc, 0x85, 0x66, 0x9b, 0xf7, 0x64, 0x50, 0xce, 0xff, 0x56, 0x45, 0xe9, 0xff,
    0x55, 0x46, 0xea, 0xff, 0x55, 0x45, 0xee, 0xff, 0x53, 0x44, 0xf1, 0xff, 0x55, 0x43, 0xf1, 0xff,
    0x55, 0x44, 0xef, 0xff, 0x55, 0x45, 0xee, 0xff, 0x55, 0x45, 0xee, 0xff, 0x55, 0x45, 0xee, 0xff,
    0x55, 0x45, 0xee, 0xff, 0x55, 0x45, 0xee, 0xff, 0x55, 0x45, 0xee, 0xff, 0x55, 0x45, 0xee, 0xff,
    0x53, 0x44, 0xef, 0xff, 0x53, 0x44, 0xef, 0xff, 0x55, 0x45, 0xee, 0xff, 0x57, 0x44, 0xee, 0xff,
    0x57, 0x45, 0xec, 0xff, 0x57, 0x45, 0xec, 0xff, 0x55, 0x46, 0xec, 0xff, 0x55, 0x46, 0xec, 0xff,
    0x53, 0x45, 0xee, 0xff, 0x55, 0x45, 0xee, 0xff, 0x55, 0x45, 0xee, 0xff, 0x55, 0x45, 0xee, 0xff,
    0x55, 0x45, 0xee, 0xff, 0x55, 0x45, 0xee, 0xff, 0x55, 0x45, 0xee, 0xff, 0x55, 0x48, 0xe7, 0xf4,
    0x54, 0x49, 0xd6, 0x88, 0x55, 0x4b, 0xce, 0x0d, 0x5f, 0x4e, 0xd0, 0x00, 0x68, 0x5e, 0xc0, 0x00,
    0x6d, 0x70, 0x8f, 0x00, 0x73, 0x7a, 0x79, 0x00, 0x77, 0x7a, 0x78, 0x00, 0x7b, 0x7a, 0x78, 0x00,
    0xaa, 0xa8, 0xa6, 0x00, 0xaa, 0xa8, 0xa6, 0x00, 0xa8, 0xa8, 0xa6, 0x00, 0xaa, 0xa7, 0xa8, 0x00,
    0xab, 0xa3, 0xab, 0x00, 0xab, 0xa4, 0xaa, 0x00, 0xab, 0xa7, 0xa5, 0x00, 0xa9, 0xa8, 0xa3, 0x00,
    0x00, 0x01, 0x00, 0x00, 0x00, 0x00, 0x00, 0x00, 0x00, 0x00, 0x00, 0x00, 0x00, 0x00, 0x00, 0x00,
    0x00, 0x00, 0x00, 0x00, 0x00, 0x00, 0x00, 0x00, 0x00, 0x00, 0x00, 0x00, 0x00, 0x00, 0x00, 0x00,
    0x00, 0x00, 0x00, 0x00, 0x00, 0x00, 0x00, 0x00, 0x00, 0x00, 0x00, 0x00, 0x00, 0x00, 0x00, 0x00,
    0x00, 0x00, 0x00, 0x00, 0x00, 0x00, 0x00, 0x00, 0x00, 0x00, 0x00, 0x00, 0x00, 0x00, 0x00, 0x00,
    0x00, 0x00, 0x00, 0x00, 0x00, 0x00, 0x00, 0x00, 0x00, 0x00, 0x00, 0x00, 0x00, 0x00, 0x00, 0x00,
    0x00, 0x00, 0x00, 0x00, 0x00, 0x00, 0x00, 0x00, 0x00, 0x00, 0x00, 0x00, 0x00, 0x00, 0x00, 0x00,
    0x00, 0x00, 0x00, 0x00, 0x00, 0x00, 0x00, 0x00, 0x00, 0x00, 0x00, 0x00, 0x00, 0x00, 0x00, 0x00,
    0x00, 0x00, 0x00, 0x00, 0x00, 0x00, 0x00, 0x00, 0x00, 0x00, 0x00, 0x00, 0x00, 0x00, 0x00, 0x00,
    0x4f, 0x52, 0x52, 0x00, 0x52, 0x51, 0x52, 0x00, 0x56, 0x51, 0x52, 0x00, 0x6c, 0x56, 0x3e, 0x00,
    0x98, 0x65, 0x17, 0xff, 0xad, 0x6c, 0x02, 0xff, 0xad, 0x6d, 0x01, 0xff, 0xaf, 0x6d, 0x00, 0xff,
    0xb1, 0x6d, 0x00, 0xff, 0xb3, 0x6d, 0x00, 0xff, 0xb5, 0x6a, 0x02, 0xff, 0xb3, 0x6a, 0x04, 0xff,
    0xb1, 0x6e, 0x05, 0xff, 0xa5, 0x69, 0x0c, 0xff, 0x95, 0x60, 0x20, 0xff, 0x83, 0x59, 0x50, 0xcc,
    0x7c, 0x5e, 0xa9, 0xf7, 0x64, 0x4e, 0xd1, 0xff, 0x5a, 0x47, 0xe3, 0xff, 0x54, 0x44, 0xeb, 0xff,
    0x55, 0x46, 0xec, 0xff, 0x55, 0x45, 0xee, 0xff, 0x55, 0x44, 0xef, 0xff, 0x55, 0x44, 0xef, 0xff,
    0x56, 0x43, 0xec, 0xff, 0x56, 0x43, 0xec, 0xff, 0x56, 0x43, 0xec, 0xff, 0x56, 0x43, 0xec, 0xff,
    0x56, 0x43, 0xec, 0xff, 0x56, 0x43, 0xec, 0xff, 0x56, 0x43, 0xec, 0xff, 0x54, 0x43, 0xee, 0xff,
    0x4e, 0x42, 0xf1, 0xff, 0x4e, 0x42, 0xf3, 0xff, 0x54, 0x42, 0xf0, 0xff, 0x58, 0x42, 0xee, 0xff,
    0x5a, 0x42, 0xec, 0xff, 0x58, 0x44, 0xeb, 0xff, 0x54, 0x45, 0xe9, 0xff, 0x52, 0x45, 0xeb, 0xff,
    0x50, 0x44, 0xee, 0xff, 0x52, 0x43, 0xee, 0xff, 0x56, 0x43, 0xec, 0xff, 0x56, 0x43, 0xec, 0xff,
    0x52, 0x43, 0xee, 0xff, 0x52, 0x43, 0xee, 0xfd, 0x52, 0x43, 0xee, 0xa2, 0x58, 0x4d, 0xd8, 0x19,
    0x00, 0x00, 0x35, 0x00, 0x00, 0x00, 0x1e, 0x00, 0x00, 0x00, 0x1e, 0x00, 0x00, 0x00, 0x16, 0x00,
    0x00, 0x00, 0x08, 0x00, 0x00, 0x00, 0x00, 0x00, 0x00, 0x00, 0x00, 0x00, 0x00, 0x00, 0x00, 0x00,
    0x00, 0x00, 0x00, 0x00, 0x00, 0x00, 0x00, 0x00, 0x00, 0x00, 0x00, 0x00, 0x00, 0x00, 0x00, 0x00,
    0x02, 0x00, 0x02, 0x00, 0x02, 0x00, 0x02, 0x00, 0x02, 0x00, 0x00, 0x00, 0x00, 0x01, 0x00, 0x00,
    0x00, 0x00, 0x00, 0x00, 0x00, 0x00, 0x00, 0x00, 0x00, 0x00, 0x00, 0x00, 0x00, 0x00, 0x00, 0x00,
    0x00, 0x00, 0x00, 0x00, 0x00, 0x00, 0x00, 0x00, 0x00, 0x00, 0x00, 0x00, 0x00, 0x00, 0x00, 0x00,
    0x00, 0x00, 0x00, 0x00, 0x00, 0x00, 0x00, 0x00, 0x00, 0x00, 0x00, 0x00, 0x00, 0x00, 0x00, 0x00,
    0x00, 0x00, 0x00, 0x00, 0x00, 0x00, 0x00, 0x00, 0x00, 0x00, 0x00, 0x00, 0x00, 0x00, 0x00, 0x00,
    0x00, 0x00, 0x00, 0x00, 0x00, 0x00, 0x00, 0x00, 0x00, 0x00, 0x00, 0x00, 0x00, 0x00, 0x00, 0x00,
    0x00, 0x00, 0x00, 0x00, 0x00, 0x00, 0x00, 0x00, 0x00, 0x00, 0x00, 0x00, 0x00, 0x00, 0x00, 0x00,
    0x00, 0x00, 0x00, 0x00, 0x00, 0x00, 0x00, 0x00, 0x00, 0x00, 0x00, 0x00, 0x00, 0x00, 0x00, 0x00,
    0x00, 0x00, 0x00, 0x00, 0x00, 0x00, 0x00, 0x00, 0x00, 0x00, 0x00, 0x00, 0x00, 0x00, 0x00, 0x00,
    0x4f, 0x51, 0x53, 0x00, 0x52, 0x51, 0x53, 0x00, 0x54, 0x50, 0x53, 0x00, 0x6c, 0x56, 0x3e, 0x00,
    0x98, 0x65, 0x19, 0xff, 0xad, 0x6b, 0x04, 0xff, 0xad, 0x6c, 0x02, 0xff, 0xad, 0x6d, 0x01, 0xff,
    0xaf, 0x6d, 0x00, 0xff, 0xb1, 0x6c, 0x01, 0xff, 0xb3, 0x6b, 0x02, 0xff, 0xaf, 0x69, 0x07, 0xff,
    0xa2, 0x66, 0x0b, 0xff, 0x92, 0x61, 0x22, 0xff, 0x7f, 0x57, 0x4d, 0xcc, 0x82, 0x64, 0x9b, 0xf7,
    0x64, 0x4e, 0xd1, 0xff, 0x54, 0x44, 0xec, 0xff, 0x54, 0x44, 0xec, 0xff, 0x54, 0x44, 0xec, 0xff,
    0x55, 0x45, 0xee, 0xff, 0x55, 0x45, 0xee, 0xff, 0x55, 0x45, 0xee, 0xff, 0x55, 0x45, 0xee, 0xff,
    0x56, 0x43, 0xec, 0xff, 0x56, 0x43, 0xec, 0xff, 0x56, 0x43, 0xec, 0xff, 0x56, 0x43, 0xec, 0xff,
    0x56, 0x43, 0xec, 0xff, 0x56, 0x43, 0xec, 0xff, 0x56, 0x43, 0xec, 0xff, 0x54, 0x43, 0xee, 0xff,
    0x4e, 0x42, 0xf3, 0xff, 0x4e, 0x42, 0xf3, 0xff, 0x52, 0x42, 0xf0, 0xff, 0x56, 0x42, 0xee, 0xff,
    0x58, 0x43, 0xec, 0xff, 0x56, 0x43, 0xec, 0xff, 0x52, 0x45, 0xeb, 0xff, 0x50, 0x45, 0xeb, 0xff,
    0x52, 0x43, 0xee, 0xff, 0x54, 0x43, 0xee, 0xff, 0x56, 0x43, 0xec, 0xff, 0x56, 0x47, 0xe4, 0xff,
    0x56, 0x4d, 0xd9, 0xbb, 0x58, 0x51, 0xd1, 0x2f, 0x58, 0x51, 0xd0, 0x00, 0x60, 0x5b, 0xb9, 0x00,
    0x00, 0x00, 0x16, 0x00, 0x00, 0x00, 0x00, 0x00, 0x00, 0x00, 0x00, 0x00, 0x00, 0x00, 0x00, 0x00,
    0x00, 0x00, 0x00, 0x00, 0x00, 0x00, 0x00, 0x00, 0x00, 0x00, 0x00, 0x00, 0x00, 0x00, 0x00, 0x00,
    0x00, 0x00, 0x00, 0x00, 0x00, 0x00, 0x00, 0x00, 0x00, 0x00, 0x00, 0x00, 0x00, 0x00, 0x00, 0x00,
    0x00, 0x00, 0x00, 0x00, 0x00, 0x00, 0x00, 0x00, 0x00, 0x00, 0x00, 0x00, 0x00, 0x00, 0x00, 0x00,
    0x00, 0x00, 0x00, 0x00, 0x00, 0x00, 0x00, 0x00, 0x00, 0x00, 0x00, 0x00, 0x00, 0x00, 0x00, 0x00,
    0x00, 0x00, 0x00, 0x00, 0x00, 0x00, 0x00, 0x00, 0x00, 0x00, 0x00, 0x00, 0x00, 0x00, 0x00, 0x00,
    0x00, 0x00, 0x00, 0x00, 0x00, 0x00, 0x00, 0x00, 0x00, 0x00, 0x00, 0x00, 0x00, 0x00, 0x00, 0x00,
    0x00, 0x00, 0x00, 0x00, 0x00, 0x00, 0x00, 0x00, 0x00, 0x00, 0x00, 0x00, 0x00, 0x00, 0x00, 0x00,
    0x00, 0x00, 0x00, 0x00, 0x00, 0x00, 0x00, 0x00, 0x00, 0x00, 0x00, 0x00, 0x00, 0x00, 0x00, 0x00,
    0x00, 0x00, 0x00, 0x00, 0x00, 0x00, 0x00, 0x00, 0x00, 0x00, 0x00, 0x00, 0x00, 0x00, 0x00, 0x00,
    0x00, 0x00, 0x00, 0x00, 0x00, 0x00, 0x00, 0x00, 0x00, 0x00, 0x00, 0x00, 0x00, 0x00, 0x00, 0x00,
    0x00, 0x00, 0x00, 0x00, 0x00, 0x00, 0x00, 0x00, 0x00, 0x00, 0x00, 0x00, 0x00, 0x00, 0x00, 0x00,
    0x4f, 0x51, 0x53, 0x00, 0x52, 0x51, 0x53, 0x00, 0x54, 0x50, 0x53, 0x00, 0x6c, 0x56, 0x3e, 0x00,
    0x98, 0x65, 0x19, 0xff, 0xad, 0x6b, 0x04, 0xff, 0xad, 0x6c, 0x02, 0xff, 0xad, 0x6d, 0x01, 0xff,
    0xad, 0x6c, 0x02, 0xff, 0xaf, 0x6c, 0x02, 0xff, 0xaf, 0x6c, 0x01, 0xff, 0xa5, 0x69, 0x0c, 0xff,
    0x8f, 0x61, 0x20, 0xff, 0x74, 0x51, 0x46, 0xcc, 0x7a, 0x62, 0xaa, 0xf7, 0x66, 0x52, 0xd0, 0xff,
    0x5a, 0x47, 0xe3, 0xff, 0x54, 0x44, 0xec, 0xff, 0x54, 0x44, 0xec, 0xff, 0x54, 0x44, 0xec, 0xff,
    0x55, 0x45, 0xee, 0xff, 0x55, 0x45, 0xee, 0xff, 0x55, 0x45, 0xee, 0xff, 0x55, 0x45, 0xee, 0xff,
    0x56, 0x43, 0xec, 0xff, 0x56, 0x43, 0xec, 0xff, 0x56, 0x43, 0xec, 0xff, 0x56, 0x43, 0xec, 0xff,
    0x56, 0x43, 0xec, 0xff, 0x56, 0x43, 0xec, 0xff, 0x54, 0x44, 0xec, 0xff, 0x54, 0x43, 0xee, 0xff,
    0x52, 0x42, 0xf0, 0xff, 0x50, 0x44, 0xee, 0xff, 0x52, 0x45, 0xeb, 0xff, 0x54, 0x44, 0xeb, 0xff,
    0x54, 0x43, 0xee, 0xff, 0x52, 0x42, 0xf0, 0xff, 0x4e, 0x44, 0xee, 0xff, 0x50, 0x44, 0xee, 0xff,
    0x58, 0x42, 0xee, 0xff, 0x5a, 0x42, 0xec, 0xff, 0x56, 0x45, 0xe9, 0xd7, 0x58, 0x4f, 0xd4, 0x55,
    0x60, 0x60, 0xb0, 0x00, 0x66, 0x6a, 0x99, 0x00, 0x6a, 0x6d, 0x93, 0x00, 0x6e, 0x70, 0x8b, 0x00,
    0x00, 0x00, 0x06, 0x00, 0x00, 0x00, 0x00, 0x00, 0x00, 0x00, 0x00, 0x00, 0x00, 0x00, 0x00, 0x00,
    0x00, 0x00, 0x00, 0x00, 0x00, 0x00, 0x00, 0x00, 0x00, 0x00, 0x00, 0x00, 0x00, 0x00, 0x00, 0x00,
    0x00, 0x00, 0x00, 0x00, 0x00, 0x00, 0x00, 0x00, 0x00, 0x00, 0x00, 0x00, 0x00, 0x00, 0x00, 0x00,
    0x00, 0x00, 0x00, 0x00, 0x00, 0x00, 0x00, 0x00, 0x00, 0x00, 0x00, 0x00, 0x00, 0x00, 0x00, 0x00,
    0x00, 0x00, 0x00, 0x00, 0x00, 0x00, 0x00, 0x00, 0x00, 0x00, 0x00, 0x00, 0x00, 0x00, 0x00, 0x00,
    0x00, 0x00, 0x00, 0x00, 0x00, 0x00, 0x00, 0x00, 0x00, 0x00, 0x00, 0x00, 0x00, 0x00, 0x00, 0x00,
    0x00, 0x00, 0x00, 0x00, 0x00, 0x00, 0x00, 0x00, 0x00, 0x00, 0x00, 0x00, 0x00, 0x00, 0x00, 0x00,
    0x00, 0x00, 0x00, 0x00, 0x00, 0x00, 0x00, 0x00, 0x00, 0x00, 0x00, 0x00, 0x00, 0x00, 0x00, 0x00,
    0x00, 0x00, 0x00, 0x00, 0x00, 0x00, 0x00, 0x00, 0x00, 0x00, 0x00, 0x00, 0x00, 0x00, 0x00, 0x00,
    0x00, 0x00, 0x00, 0x00, 0x00, 0x00, 0x00, 0x00, 0x00, 0x00, 0x00, 0x00, 0x00, 0x00, 0x00, 0x00,
    0x00, 0x00, 0x00, 0x00, 0x00, 0x00, 0x00, 0x00, 0x00, 0x00, 0x00, 0x00, 0x00, 0x00, 0x00, 0x00,
    0x00, 0x00, 0x00, 0x00, 0x00, 0x00, 0x00, 0x00, 0x00, 0x00, 0x00, 0x00, 0x00, 0x00, 0x00, 0x00,
    0x4f, 0x51, 0x53, 0x00, 0x52, 0x51, 0x53, 0x00, 0x54, 0x50, 0x53, 0x00, 0x6c, 0x56, 0x3e, 0x00,
    0x98, 0x65, 0x19, 0xff, 0xad, 0x6b, 0x04, 0xff, 0xad, 0x6c, 0x02, 0xff, 0xad, 0x6c, 0x02, 0xff,
    0xad, 0x6b, 0x04, 0xff, 0xab, 0x6a, 0x07, 0xff, 0xa5, 0x69, 0x0c, 0xff, 0x92, 0x62, 0x21, 0xff,
    0x76, 0x53, 0x49, 0xcc, 0x7e, 0x66, 0x99, 0xf7, 0x61, 0x50, 0xcb, 0xff, 0x52, 0x45, 0xe6, 0xff,
    0x54, 0x44, 0xeb, 0xff, 0x54, 0x44, 0xec, 0xff, 0x54, 0x44, 0xec, 0xff, 0x54, 0x44, 0xec, 0xff,
    0x55, 0x45, 0xee, 0xff, 0x55, 0x45, 0xee, 0xff, 0x55, 0x45, 0xee, 0xff, 0x55, 0x45, 0xee, 0xff,
    0x56, 0x43, 0xec, 0xff, 0x56, 0x43, 0xec, 0xff, 0x56, 0x43, 0xec, 0xff, 0x56, 0x43, 0xec, 0xff,
    0x56, 0x43, 0xec, 0xff, 0x56, 0x43, 0xec, 0xff, 0x54, 0x44, 0xec, 0xff, 0x54, 0x44, 0xec, 0xff,
    0x54, 0x44, 0xec, 0xff, 0x52, 0x44, 0xec, 0xff, 0x52, 0x45, 0xeb, 0xff, 0x52, 0x45, 0xeb, 0xff,
    0x50, 0x44, 0xee, 0xff, 0x50, 0x44, 0xee, 0xff, 0x4e, 0x44, 0xee, 0xff, 0x52, 0x43, 0xee, 0xff,
    0x5c, 0x42, 0xec, 0xeb, 0x60, 0x46, 0xe3, 0x6f, 0x5e, 0x4f, 0xd3, 0x04, 0x62, 0x5c, 0xb8, 0x00,
    0x6a, 0x6d, 0x93, 0x00, 0x70, 0x77, 0x7d, 0x00, 0x74, 0x79, 0x78, 0x00, 0x76, 0x79, 0x76, 0x00,
    0x00, 0x00, 0x00, 0x00, 0x00, 0x00, 0x00, 0x00, 0x00, 0x00, 0x00, 0x00, 0x00, 0x00, 0x00, 0x00,
    0x00, 0x00, 0x00, 0x00, 0x00, 0x00, 0x00, 0x00, 0x00, 0x00, 0x00, 0x00, 0x00, 0x00, 0x00, 0x00,
    0x00, 0x00, 0x00, 0x00, 0x00, 0x00, 0x00, 0x00, 0x00, 0x00, 0x00, 0x00, 0x00, 0x00, 0x00, 0x00,
    0x00, 0x00, 0x00, 0x00, 0x00, 0x00, 0x00, 0x00, 0x00, 0x00, 0x00, 0x00, 0x00, 0x00, 0x00, 0x00,
    0x00, 0x00, 0x00, 0x00, 0x00, 0x00, 0x00, 0x00, 0x00, 0x00, 0x00, 0x00, 0x00, 0x00, 0x00, 0x00,
    0x00, 0x00, 0x00, 0x00, 0x00, 0x00, 0x00, 0x00, 0x00, 0x00, 0x00, 0x00, 0x00, 0x00, 0x00, 0x00,
    0x00, 0x00, 0x00, 0x00, 0x00, 0x00, 0x00, 0x00, 0x00, 0x00, 0x00, 0x00, 0x00, 0x00, 0x00, 0x00,
    0x00, 0x00, 0x00, 0x00, 0x00, 0x00, 0x00, 0x00, 0x00, 0x00, 0x00, 0x00, 0x00, 0x00, 0x00, 0x00,
    0x00, 0x00, 0x00, 0x00, 0x00, 0x00, 0x00, 0x00, 0x00, 0x00, 0x00, 0x00, 0x00, 0x00, 0x00, 0x00,
    0x00, 0x00, 0x00, 0x00, 0x00, 0x00, 0x00, 0x00, 0x00, 0x00, 0x00, 0x00, 0x00, 0x00, 0x00, 0x00,
    0x00, 0x00, 0x00, 0x00, 0x00, 0x00, 0x00, 0x00, 0x00, 0x00, 0x00, 0x00, 0x00, 0x00, 0x00, 0x00,
    0x00, 0x00, 0x00, 0x00, 0x00, 0x00, 0x00, 0x00, 0x00, 0x00, 0x00, 0x00, 0x00, 0x00, 0x00, 0x00,
    0x4f, 0x51, 0x53, 0x00, 0x52, 0x51, 0x53, 0x00, 0x54, 0x50, 0x53, 0x00, 0x6c, 0x56, 0x3e, 0x00,
    0x96, 0x62, 0x16, 0xff, 0xaa, 0x69, 0x02, 0xff, 0xaa, 0x6a, 0x00, 0xff, 0xaa, 0x6b, 0x00, 0xff,
    0xaf, 0x6e, 0x05, 0xff, 0xa1, 0x64, 0x0a, 0xff, 0x95, 0x60, 0x20, 0xff, 0x81, 0x56, 0x4d, 0xcc,
    0x7c, 0x5e, 0xa9, 0xf7, 0x64, 0x50, 0xce, 0xff, 0x5a, 0x4a, 0xde, 0xff, 0x54, 0x46, 0xe8, 0xff,
    0x54, 0x44, 0xeb, 0xff, 0x54, 0x44, 0xec, 0xff, 0x54, 0x44, 0xec, 0xff, 0x54, 0x44, 0xec, 0xff,
    0x54, 0x44, 0xec, 0xff, 0x54, 0x44, 0xec, 0xff, 0x54, 0x44, 0xec, 0xff, 0x54, 0x44, 0xec, 0xff,
    0x54, 0x41, 0xed, 0xff, 0x54, 0x41, 0xed, 0xff, 0x54, 0x41, 0xed, 0xff, 0x54, 0x41, 0xed, 0xff,
    0x54, 0x41, 0xed, 0xff, 0x54, 0x41, 0xed, 0xff, 0x54, 0x41, 0xed, 0xff, 0x54, 0x42, 0xeb, 0xff,
    0x52, 0x43, 0xea, 0xff, 0x50, 0x44, 0xea, 0xff, 0x50, 0x42, 0xed, 0xff, 0x4e, 0x42, 0xed, 0xff,
    0x50, 0x44, 0xea, 0xff, 0x50, 0x44, 0xea, 0xff, 0x52, 0x43, 0xea, 0xf6, 0x56, 0x42, 0xea, 0x88,
    0x5c, 0x44, 0xe9, 0x0e, 0x64, 0x4e, 0xd3, 0x00, 0x6e, 0x62, 0xa6, 0x00, 0x74, 0x6e, 0x8d, 0x00,
    0x74, 0x74, 0x82, 0x00, 0x76, 0x76, 0x7d, 0x00, 0x7a, 0x74, 0x7e, 0x00, 0x7a, 0x75, 0x7d, 0x00,
    0x00, 0x00, 0x02, 0x00, 0x00, 0x00, 0x00, 0x00, 0x00, 0x00, 0x00, 0x00, 0x00, 0x00, 0x00, 0x00,
    0x00, 0x00, 0x00, 0x00, 0x00, 0x00, 0x00, 0x00, 0x00, 0x00, 0x00, 0x00, 0x00, 0x00, 0x00, 0x00,
    0x00, 0x00, 0x00, 0x00, 0x00, 0x00, 0x00, 0x00, 0x00, 0x00, 0x00, 0x00, 0x00, 0x00, 0x00, 0x00,
    0x00, 0x00, 0x00, 0x00, 0x00, 0x00, 0x00, 0x00, 0x00, 0x00, 0x00, 0x00, 0x00, 0x00, 0x00, 0x00,
    0x00, 0x00, 0x00, 0x00, 0x00, 0x00, 0x00, 0x00, 0x00, 0x00, 0x00, 0x00, 0x00, 0x00, 0x00, 0x00,
    0x00, 0x00, 0x00, 0x00, 0x00, 0x00, 0x00, 0x00, 0x00, 0x00, 0x00, 0x00, 0x00, 0x00, 0x00, 0x00,
    0x00, 0x00, 0x00, 0x00, 0x00, 0x00, 0x00, 0x00, 0x00, 0x00, 0x00, 0x00, 0x00, 0x00, 0x00, 0x00,
    0x00, 0x00, 0x00, 0x00, 0x00, 0x00, 0x00, 0x00, 0x00, 0x00, 0x00, 0x00, 0x00, 0x00, 0x00, 0x00,
    0x00, 0x00, 0x00, 0x00, 0x00, 0x00, 0x00, 0x00, 0x00, 0x00, 0x00, 0x00, 0x00, 0x00, 0x00, 0x00,
    0x00, 0x00, 0x00, 0x00, 0x00, 0x00, 0x00, 0x00, 0x00, 0x00, 0x00, 0x00, 0x00, 0x00, 0x00, 0x00,
    0x00, 0x00, 0x00, 0x00, 0x00, 0x00, 0x00, 0x00, 0x00, 0x00, 0x00, 0x00, 0x00, 0x00, 0x00, 0x00,
    0x00, 0x00, 0x00, 0x00, 0x00, 0x00, 0x00, 0x00, 0x00, 0x00, 0x00, 0x00, 0x00, 0x00, 0x00, 0x00,
    0x4f, 0x51, 0x53, 0x00, 0x52, 0x51, 0x53, 0x00, 0x54, 0x50, 0x53, 0x00, 0x6c, 0x56, 0x3e, 0x00,
    0x96, 0x62, 0x16, 0xff, 0xaa, 0x69, 0x02, 0xff, 0xaa, 0x6a, 0x00, 0xff, 0xa8, 0x69, 0x02, 0xff,
    0xa0, 0x64, 0x07, 0xff, 0x94, 0x60, 0x22, 0xff, 0x7e, 0x51, 0x49, 0xcc, 0x84, 0x62, 0x97, 0xf7,
    0x66, 0x50, 0xce, 0xff, 0x54, 0x45, 0xe9, 0xff, 0x54, 0x46, 0xe8, 0xff, 0x54, 0x46, 0xe8, 0xff,
    0x54, 0x44, 0xeb, 0xff, 0x54, 0x44, 0xec, 0xff, 0x54, 0x44, 0xec, 0xff, 0x54, 0x44, 0xec, 0xff,
    0x54, 0x44, 0xec, 0xff, 0x54, 0x44, 0xec, 0xff, 0x54, 0x44, 0xec, 0xff, 0x54, 0x44, 0xec, 0xff,
    0x54, 0x41, 0xed, 0xff, 0x54, 0x41, 0xed, 0xff, 0x54, 0x41, 0xed, 0xff, 0x54, 0x41, 0xed, 0xff,
    0x54, 0x41, 0xed, 0xff, 0x54, 0x41, 0xed, 0xff, 0x54, 0x41, 0xed, 0xff, 0x54, 0x42, 0xeb, 0xff,
    0x52, 0x43, 0xea, 0xff, 0x52, 0x43, 0xea, 0xff, 0x50, 0x42, 0xed, 0xff, 0x50, 0x42, 0xed, 0xff,
    0x52, 0x43, 0xea, 0xfe, 0x59, 0x47, 0xe0, 0xaa, 0x5f, 0x4c, 0xd3, 0x20, 0x61, 0x50, 0xcb, 0x00,
    0x64, 0x52, 0xcb, 0x00, 0x6a, 0x5c, 0xb5, 0x00, 0x76, 0x6f, 0x8b, 0x00, 0x7a, 0x78, 0x76, 0x00,
    0x78, 0x77, 0x7a, 0x00, 0x78, 0x76, 0x7b, 0x00, 0x7a, 0x74, 0x7e, 0x00, 0x7c, 0x74, 0x7e, 0x00,
    0x02, 0x00, 0x02, 0x00, 0x00, 0x00, 0x00, 0x00, 0x00, 0x00, 0x00, 0x00, 0x00, 0x00, 0x00, 0x00,
    0x00, 0x00, 0x00, 0x00, 0x00, 0x00, 0x00, 0x00, 0x00, 0x00, 0x00, 0x00, 0x00, 0x00, 0x00, 0x00,
    0x00, 0x00, 0x00, 0x00, 0x00, 0x00, 0x00, 0x00, 0x00, 0x00, 0x00, 0x00, 0x00, 0x00, 0x00, 0x00,
    0x00, 0x00, 0x00, 0x00, 0x00, 0x00, 0x00, 0x00, 0x00, 0x00, 0x00, 0x00, 0x00, 0x00, 0x00, 0x00,
    0x00, 0x00, 0x00, 0x00, 0x00, 0x00, 0x00, 0x00, 0x00, 0x00, 0x00, 0x00, 0x00, 0x00, 0x00, 0x00,
    0x00, 0x00, 0x00, 0x00, 0x00, 0x00, 0x00, 0x00, 0x00, 0x00, 0x00, 0x00, 0x00, 0x00, 0x00, 0x00,
    0x00, 0x00, 0x00, 0x00, 0x00, 0x00, 0x00, 0x00, 0x00, 0x00, 0x00, 0x00, 0x00, 0x00, 0x00, 0x00,
    0x00, 0x00, 0x00, 0x00, 0x00, 0x00, 0x00, 0x00, 0x00, 0x00, 0x00, 0x00, 0x00, 0x00, 0x00, 0x00,
    0x00, 0x00, 0x00, 0x00, 0x00, 0x00, 0x00, 0x00, 0x00, 0x00, 0x00, 0x00, 0x00, 0x00, 0x00, 0x00,
    0x00, 0x00, 0x00, 0x00, 0x00, 0x00, 0x00, 0x00, 0x00, 0x00, 0x00, 0x00, 0x00, 0x00, 0x00, 0x00,
    0x00, 0x00, 0x00, 0x00, 0x00, 0x00, 0x00, 0x00, 0x00, 0x00, 0x00, 0x00, 0x00, 0x00, 0x00, 0x00,
    0x00, 0x00, 0x00, 0x00, 0x00, 0x00, 0x00, 0x00, 0x00, 0x00, 0x00, 0x00, 0x00, 0x00, 0x00, 0x00,
    0x4f, 0x51, 0x53, 0x00, 0x52, 0x51, 0x53, 0x00, 0x54, 0x50, 0x53, 0x00, 0x6c, 0x56, 0x3e, 0x00,
    0x96, 0x62, 0x16, 0xff, 0xaa, 0x69, 0x02, 0xff, 0xaa, 0x6a, 0x00, 0xff, 0xa2, 0x66, 0x0a, 0xff,
    0x8e, 0x5d, 0x1c, 0xff, 0x78, 0x50, 0x46, 0xcc, 0x78, 0x5b, 0xa4, 0xf7, 0x68, 0x53, 0xcf, 0xff,
    0x54, 0x49, 0xdd, 0xff, 0x4e, 0x46, 0xe6, 0xff, 0x50, 0x44, 0xe8, 0xff, 0x50, 0x44, 0xea, 0xff,
    0x52, 0x42, 0xeb, 0xff, 0x52, 0x42, 0xeb, 0xff, 0x52, 0x42, 0xeb, 0xff, 0x52, 0x42, 0xeb, 0xff,
    0x52, 0x42, 0xeb, 0xff, 0x52, 0x42, 0xeb, 0xff, 0x52, 0x42, 0xeb, 0xff, 0x52, 0x42, 0xeb, 0xff,
    0x54, 0x41, 0xed, 0xff, 0x54, 0x41, 0xed, 0xff, 0x54, 0x41, 0xed, 0xff, 0x54, 0x41, 0xed, 0xff,
    0x54, 0x41, 0xed, 0xff, 0x54, 0x41, 0xed, 0xff, 0x54, 0x41, 0xed, 0xff, 0x54, 0x42, 0xeb, 0xff,
    0x51, 0x42, 0xe9, 0xff, 0x51, 0x42, 0xe9, 0xff, 0x4f, 0x41, 0xec, 0xff, 0x51, 0x40, 0xec, 0xc7,
    0x57, 0x41, 0xe9, 0x39, 0x61, 0x4a, 0xd2, 0x00, 0x6c, 0x5e, 0xa7, 0x00, 0x70, 0x69, 0x91, 0x00,
    0x72, 0x6c, 0x91, 0x00, 0x74, 0x70, 0x89, 0x00, 0x74, 0x76, 0x7d, 0x00, 0x74, 0x79, 0x78, 0x00,
    0x76, 0x78, 0x78, 0x00, 0x76, 0x78, 0x78, 0x00, 0x78, 0x77, 0x7a, 0x00, 0x78, 0x77, 0x7a, 0x00,
    0x00, 0x00, 0x00, 0x00, 0x00, 0x00, 0x00, 0x00, 0x00, 0x00, 0x00, 0x00, 0x00, 0x00, 0x00, 0x00,
    0x00, 0x00, 0x00, 0x00, 0x00, 0x00, 0x00, 0x00, 0x00, 0x00, 0x00, 0x00, 0x00, 0x00, 0x00, 0x00,
    0x00, 0x00, 0x00, 0x00, 0x00, 0x00, 0x00, 0x00, 0x00, 0x00, 0x00, 0x00, 0x00, 0x00, 0x00, 0x00,
    0x00, 0x00, 0x00, 0x00, 0x00, 0x00, 0x00, 0x00, 0x00, 0x00, 0x00, 0x00, 0x00, 0x00, 0x00, 0x00,
    0x00, 0x00, 0x00, 0x00, 0x00, 0x00, 0x00, 0x00, 0x00, 0x00, 0x00, 0x00, 0x00, 0x00, 0x00, 0x00,
    0x00, 0x00, 0x00, 0x00, 0x00, 0x00, 0x00, 0x00, 0x00, 0x00, 0x00, 0x00, 0x00, 0x00, 0x00, 0x00,
    0x00, 0x00, 0x00, 0x00, 0x00, 0x00, 0x00, 0x00, 0x00, 0x00, 0x00, 0x00, 0x00, 0x00, 0x00, 0x00,
    0x00, 0x00, 0x00, 0x00, 0x00, 0x00, 0x00, 0x00, 0x00, 0x00, 0x00, 0x00, 0x00, 0x00, 0x00, 0x00,
    0x00, 0x00, 0x00, 0x00, 0x00, 0x00, 0x00, 0x00, 0x00, 0x00, 0x00, 0x00, 0x00, 0x00, 0x00, 0x00,
    0x00, 0x00, 0x00, 0x00, 0x00, 0x00, 0x00, 0x00, 0x00, 0x00, 0x00, 0x00, 0x00, 0x00, 0x00, 0x00,
    0x00, 0x00, 0x00, 0x00, 0x00, 0x00, 0x00, 0x00, 0x00, 0x00, 0x00, 0x00, 0x00, 0x00, 0x00, 0x00,
    0x00, 0x00, 0x00, 0x00, 0x00, 0x00, 0x00, 0x00, 0x00, 0x00, 0x00, 0x00, 0x00, 0x00, 0x00, 0x00,
    0x52, 0x51, 0x53, 0x00, 0x52, 0x51, 0x53, 0x00, 0x56, 0x50, 0x53, 0x00, 0x6c, 0x56, 0x3e, 0x00,
    0x94, 0x63, 0x15, 0xf6, 0xa6, 0x68, 0x05, 0xff, 0xa2, 0x66, 0x0a, 0xff, 0x92, 0x5e, 0x20, 0xff,
    0x77, 0x51, 0x49, 0xcb, 0x7a, 0x5f, 0x95, 0xf7, 0x64, 0x4f, 0xd0, 0xff, 0x51, 0x43, 0xe7, 0xff,
    0x4e, 0x46, 0xe6, 0xff, 0x4e, 0x46, 0xe6, 0xff, 0x50, 0x44, 0xea, 0xff, 0x50, 0x43, 0xeb, 0xff,
    0x52, 0x42, 0xeb, 0xff, 0x52, 0x42, 0xeb, 0xff, 0x52, 0x42, 0xeb, 0xff, 0x52, 0x42, 0xeb, 0xff,
    0x52, 0x42, 0xeb, 0xff, 0x52, 0x42, 0xeb, 0xff, 0x52, 0x42, 0xeb, 0xff, 0x52, 0x42, 0xeb, 0xff,
    0x52, 0x42, 0xeb, 0xff, 0x54, 0x42, 0xeb, 0xff, 0x54, 0x41, 0xed, 0xff, 0x54, 0x41, 0xed, 0xff,
    0x54, 0x41, 0xed, 0xff, 0x54, 0x41, 0xed, 0xff, 0x54, 0x41, 0xed, 0xff, 0x54, 0x42, 0xeb, 0xff,
    0x53, 0x42, 0xe9, 0xff, 0x53, 0x46, 0xe1, 0xd9, 0x55, 0x4b, 0xd5, 0x55, 0x5b, 0x4e, 0xcd, 0x00,
    0x63, 0x4d, 0xcc, 0x00, 0x6c, 0x57, 0xb5, 0x00, 0x74, 0x6b, 0x8c, 0x00, 0x78, 0x75, 0x76, 0x00,
    0x7a, 0x79, 0x75, 0x00, 0x78, 0x7a, 0x75, 0x00, 0x74, 0x7a, 0x76, 0x00, 0x74, 0x79, 0x78, 0x00,
    0x76, 0x79, 0x76, 0x00, 0x76, 0x79, 0x76, 0x00, 0x76, 0x79, 0x76, 0x00, 0x76, 0x79, 0x76, 0x00,
    0x00, 0x00, 0x00, 0x00, 0x00, 0x00, 0x00, 0x00, 0x00, 0x00, 0x00, 0x00, 0x00, 0x00, 0x00, 0x00,
    0x00, 0x00, 0x00, 0x00, 0x00, 0x00, 0x00, 0x00, 0x00, 0x00, 0x00, 0x00, 0x00, 0x00, 0x00, 0x00,
    0x00, 0x00, 0x00, 0x00, 0x00, 0x00, 0x00, 0x00, 0x00, 0x00, 0x00, 0x00, 0x00, 0x00, 0x00, 0x00,
    0x00, 0x00, 0x00, 0x00, 0x00, 0x00, 0x00, 0x00, 0x00, 0x00, 0x00, 0x00, 0x00, 0x00, 0x00, 0x00,
    0x00, 0x00, 0x00, 0x00, 0x00, 0x00, 0x00, 0x00, 0x00, 0x00, 0x00, 0x00, 0x00, 0x00, 0x00, 0x00,
    0x00, 0x00, 0x00, 0x00, 0x00, 0x00, 0x00, 0x00, 0x00, 0x00, 0x00, 0x00, 0x00, 0x00, 0x00, 0x00,
    0x00, 0x00, 0x00, 0x00, 0x00, 0x00, 0x00, 0x00, 0x00, 0x00, 0x00, 0x00, 0x00, 0x00, 0x00, 0x00,
    0x00, 0x00, 0x00, 0x00, 0x00, 0x00, 0x00, 0x00, 0x00, 0x00, 0x00, 0x00, 0x00, 0x00, 0x00, 0x00,
    0x00, 0x00, 0x00, 0x00, 0x00, 0x00, 0x00, 0x00, 0x00, 0x00, 0x00, 0x00, 0x00, 0x00, 0x00, 0x00,
    0x00, 0x00, 0x00, 0x00, 0x00, 0x00, 0x00, 0x00, 0x00, 0x00, 0x00, 0x00, 0x00, 0x00, 0x00, 0x00,
    0x00, 0x00, 0x00, 0x00, 0x00, 0x00, 0x00, 0x00, 0x00, 0x00, 0x00, 0x00, 0x00, 0x00, 0x00, 0x00,
    0x00, 0x00, 0x00, 0x00, 0x00, 0x00, 0x00, 0x00, 0x00, 0x00, 0x00, 0x00, 0x00, 0x00, 0x02, 0x00,
    0x68, 0x64, 0x6a, 0x00, 0x6b, 0x64, 0x6a, 0x00, 0x6d, 0x65, 0x66, 0x00, 0x81, 0x6d, 0x50, 0x00,
    0x93, 0x62, 0x14, 0xdb, 0x9c, 0x61, 0x07, 0xff, 0x8e, 0x5d, 0x1c, 0xff, 0x7a, 0x51, 0x4a, 0xcc,
    0x78, 0x5b, 0xa9, 0xf7, 0x5f, 0x4c, 0xd1, 0xff, 0x57, 0x44, 0xe2, 0xff, 0x51, 0x41, 0xea, 0xff,
    0x50, 0x43, 0xeb, 0xff, 0x50, 0x43, 0xeb, 0xff, 0x52, 0x42, 0xeb, 0xff, 0x52, 0x42, 0xed, 0xff,
    0x52, 0x42, 0xed, 0xff, 0x52, 0x42, 0xed, 0xff, 0x52, 0x42, 0xed, 0xff, 0x52, 0x42, 0xed, 0xff,
    0x52, 0x42, 0xed, 0xff, 0x52, 0x42, 0xed, 0xff, 0x50, 0x42, 0xed, 0xff, 0x50, 0x43, 0xeb, 0xff,
    0x4f, 0x42, 0xe9, 0xff, 0x51, 0x42, 0xe9, 0xff, 0x53, 0x40, 0xec, 0xff, 0x53, 0x3f, 0xed, 0xff,
    0x53, 0x3f, 0xed, 0xff, 0x53, 0x40, 0xec, 0xff, 0x55, 0x41, 0xea, 0xff, 0x55, 0x41, 0xe9, 0xed,
    0x55, 0x41, 0xe9, 0x77, 0x59, 0x4b, 0xd4, 0x07, 0x61, 0x5f, 0xa9, 0x00, 0x69, 0x68, 0x94, 0x00,
    0x72, 0x69, 0x91, 0x00, 0x78, 0x6b, 0x8a, 0x00, 0x7a, 0x71, 0x7e, 0x00, 0x7a, 0x74, 0x77, 0x00,
    0x02, 0x00, 0x00, 0x00, 0x00, 0x01, 0x00, 0x00, 0x00, 0x00, 0x00, 0x00, 0x00, 0x00, 0x00, 0x00,
    0x00, 0x00, 0x00, 0x00, 0x00, 0x00, 0x00, 0x00, 0x00, 0x00, 0x00, 0x00, 0x00, 0x00, 0x00, 0x00,
    0x00, 0x00, 0x00, 0x00, 0x00, 0x00, 0x00, 0x00, 0x00, 0x00, 0x00, 0x00, 0x00, 0x00, 0x00, 0x00,
    0x00, 0x00, 0x00, 0x00, 0x00, 0x00, 0x00, 0x00, 0x00, 0x00, 0x00, 0x00, 0x00, 0x00, 0x00, 0x00,
    0x00, 0x00, 0x00, 0x00, 0x00, 0x00, 0x00, 0x00, 0x00, 0x00, 0x00, 0x00, 0x00, 0x00, 0x00, 0x00,
    0x00, 0x00, 0x00, 0x00, 0x00, 0x00, 0x00, 0x00, 0x00, 0x00, 0x00, 0x00, 0x00, 0x00, 0x00, 0x00,
    0x00, 0x00, 0x00, 0x00, 0x00, 0x00, 0x00, 0x00, 0x00, 0x00, 0x00, 0x00, 0x00, 0x00, 0x00, 0x00,
    0x00, 0x00, 0x00, 0x00, 0x00, 0x00, 0x00, 0x00, 0x00, 0x00, 0x00, 0x00, 0x00, 0x00, 0x00, 0x00,
    0x00, 0x00, 0x00, 0x00, 0x00, 0x00, 0x00, 0x00, 0x00, 0x00, 0x00, 0x00, 0x00, 0x00, 0x00, 0x00,
    0x00, 0x00, 0x00, 0x00, 0x00, 0x00, 0x00, 0x00, 0x00, 0x00, 0x00, 0x00, 0x00, 0x00, 0x00, 0x00,
    0x00, 0x00, 0x00, 0x00, 0x00, 0x00, 0x00, 0x00, 0x00, 0x00, 0x00, 0x00, 0x00, 0x00, 0x00, 0x00,
    0x00, 0x00, 0x00, 0x00, 0x00, 0x00, 0x00, 0x00, 0x00, 0x00, 0x00, 0x00, 0x00, 0x00, 0x00, 0x00,
    0x00, 0x00, 0x00, 0x00, 0x00, 0x00, 0x00, 0x00, 0x00, 0x00, 0x00, 0x00, 0x00, 0x00, 0x00, 0x00,
    0x00, 0x00, 0x00, 0x00, 0x00, 0x00, 0x00, 0x00, 0x00, 0x00, 0x00, 0x00, 0x00, 0x00, 0x02, 0x00,
    0x66, 0x65, 0x6a, 0x00, 0x68, 0x65, 0x68, 0x00, 0x6b, 0x67, 0x65, 0x00, 0x7d, 0x6b, 0x55, 0x00,
    0x88, 0x5c, 0x21, 0xb4, 0x8c, 0x59, 0x24, 0xff, 0x75, 0x4c, 0x47, 0xcb, 0x7d, 0x5f, 0x98, 0xf7,
    0x61, 0x4b, 0xd1, 0xff, 0x51, 0x40, 0xec, 0xff, 0x51, 0x40, 0xec, 0xff, 0x51, 0x40, 0xec, 0xff,
    0x52, 0x42, 0xed, 0xff, 0x52, 0x42, 0xed, 0xff, 0x52, 0x42, 0xed, 0xff, 0x52, 0x42, 0xed, 0xff,
    0x52, 0x42, 0xed, 0xff, 0x52, 0x42, 0xed, 0xff, 0x52, 0x42, 0xed, 0xff, 0x52, 0x42, 0xed, 0xff,
    0x52, 0x42, 0xed, 0xff, 0x52, 0x42, 0xed, 0xff, 0x50, 0x42, 0xed, 0xff, 0x50, 0x43, 0xeb, 0xff,
    0x4f, 0x42, 0xe9, 0xff, 0x51, 0x42, 0xe9, 0xff, 0x51, 0x40, 0xec, 0xff, 0x53, 0x3f, 0xed, 0xff,
    0x53, 0x40, 0xec, 0xff, 0x55, 0x44, 0xe4, 0xf9, 0x5b, 0x4b, 0xd4, 0x91, 0x5d, 0x4e, 0xcc, 0x10,
    0x5b, 0x4f, 0xcc, 0x00, 0x5f, 0x59, 0xb7, 0x00, 0x69, 0x6c, 0x8e, 0x00, 0x72, 0x76, 0x76, 0x00,
    0x78, 0x76, 0x74, 0x00, 0x7c, 0x75, 0x74, 0x00, 0x7a, 0x74, 0x77, 0x00, 0x7a, 0x74, 0x77, 0x00,
    0x02, 0x00, 0x00, 0x00, 0x00, 0x00, 0x00, 0x00, 0x00, 0x00, 0x00, 0x00, 0x00, 0x00, 0x00, 0x00,
    0x00, 0x00, 0x00, 0x00, 0x00, 0x00, 0x00, 0x00, 0x00, 0x00, 0x00, 0x00, 0x00, 0x00, 0x00, 0x00,
    0x00, 0x00, 0x00, 0x00, 0x00, 0x00, 0x00, 0x00, 0x00, 0x00, 0x00, 0x00, 0x00, 0x00, 0x00, 0x00,
    0x00, 0x00, 0x00, 0x00, 0x00, 0x00, 0x00, 0x00, 0x00, 0x00, 0x00, 0x00, 0x00, 0x00, 0x00, 0x00,
    0x00, 0x00, 0x00, 0x00, 0x00, 0x00, 0x00, 0x00, 0x00, 0x00, 0x00, 0x00, 0x00, 0x00, 0x00, 0x00,
    0x00, 0x00, 0x00, 0x00, 0x00, 0x00, 0x00, 0x00, 0x00, 0x00, 0x00, 0x00, 0x00, 0x00, 0x00, 0x00,
    0x00, 0x00, 0x00, 0x00, 0x00, 0x00, 0x00, 0x00, 0x00, 0x00, 0x00, 0x00, 0x00, 0x00, 0x00, 0x00,
    0x00, 0x00, 0x00, 0x00, 0x00, 0x00, 0x00, 0x00, 0x00, 0x00, 0x00, 0x00, 0x00, 0x00, 0x00, 0x00,
    0x00, 0x00, 0x00, 0x00, 0x00, 0x00, 0x00, 0x00, 0x00, 0x00, 0x00, 0x00, 0x00, 0x00, 0x00, 0x00,
    0x00, 0x00, 0x00, 0x00, 0x00, 0x00, 0x00, 0x00, 0x00, 0x00, 0x00, 0x00, 0x00, 0x00, 0x00, 0x00,
    0x00, 0x00, 0x00, 0x00, 0x00, 0x00, 0x00, 0x00, 0x00, 0x00, 0x00, 0x00, 0x00, 0x00, 0x00, 0x00,
    0x00, 0x00, 0x00, 0x00, 0x00, 0x00, 0x00, 0x00, 0x00, 0x00, 0x00, 0x00, 0x00, 0x00, 0x00, 0x00,
    0x00, 0x00, 0x00, 0x00, 0x00, 0x00, 0x00, 0x00, 0x00, 0x00, 0x00, 0x00, 0x00, 0x00, 0x00, 0x00,
    0x00, 0x00, 0x00, 0x00, 0x00, 0x00, 0x00, 0x00, 0x00, 0x00, 0x00, 0x00, 0x00, 0x00, 0x00, 0x00,
    0x62, 0x66, 0x68, 0x00, 0x62, 0x67, 0x66, 0x00, 0x66, 0x68, 0x63, 0x00, 0x73, 0x69, 0x5d, 0x00,
    0x71, 0x51, 0x3f, 0x63, 0x73, 0x4c, 0x5b, 0xcc, 0x77, 0x55, 0xad, 0xf7, 0x63, 0x47, 0xd0, 0xff,
    0x57, 0x43, 0xe4, 0xff, 0x51, 0x40, 0xec, 0xff, 0x51, 0x40, 0xec, 0xff, 0x51, 0x40, 0xec, 0xff,
    0x51, 0x40, 0xec, 0xff, 0x51, 0x40, 0xec, 0xff, 0x51, 0x40, 0xec, 0xff, 0x51, 0x40, 0xec, 0xff,
    0x51, 0x40, 0xec, 0xff, 0x51, 0x40, 0xec, 0xff, 0x51, 0x40, 0xec, 0xff, 0x51, 0x40, 0xec, 0xff,
    0x51, 0x40, 0xec, 0xff, 0x51, 0x40, 0xec, 0xff, 0x51, 0x40, 0xec, 0xff, 0x51, 0x40, 0xec, 0xff,
    0x51, 0x41, 0xea, 0xff, 0x51, 0x40, 0xec, 0xff, 0x51, 0x40, 0xed, 0xff, 0x51, 0x40, 0xed, 0xff,
    0x51, 0x42, 0xe9, 0xb3, 0x59, 0x4c, 0xd2, 0x22, 0x67, 0x5e, 0xa9, 0x00, 0x6c, 0x68, 0x94, 0x00,
    0x66, 0x68, 0x93, 0x00, 0x68, 0x6b, 0x8c, 0x00, 0x6e, 0x71, 0x7e, 0x00, 0x72, 0x74, 0x76, 0x00,
    0x74, 0x76, 0x71, 0x00, 0x76, 0x76, 0x71, 0x00, 0x74, 0x74, 0x74, 0x00, 0x74, 0x74, 0x76, 0x00,
    0x00, 0x00, 0x00, 0x00, 0x00, 0x00, 0x00, 0x00, 0x00, 0x00, 0x00, 0x00, 0x00, 0x00, 0x00, 0x00,
    0x00, 0x00, 0x00, 0x00, 0x00, 0x00, 0x00, 0x00, 0x00, 0x00, 0x00, 0x00, 0x00, 0x00, 0x00, 0x00,
    0x00, 0x00, 0x00, 0x00, 0x00, 0x00, 0x00, 0x00, 0x00, 0x00, 0x00, 0x00, 0x00, 0x00, 0x00, 0x00,
    0x00, 0x00, 0x00, 0x00, 0x00, 0x00, 0x00, 0x00, 0x00, 0x00, 0x00, 0x00, 0x00, 0x00, 0x00, 0x00,
    0x00, 0x00, 0x00, 0x00, 0x00, 0x00, 0x00, 0x00, 0x00, 0x00, 0x00, 0x00, 0x00, 0x00, 0x00, 0x00,
    0x00, 0x00, 0x00, 0x00, 0x00, 0x00, 0x00, 0x00, 0x00, 0x00, 0x00, 0x00, 0x00, 0x00, 0x00, 0x00,
    0x00, 0x00, 0x00, 0x00, 0x00, 0x00, 0x00, 0x00, 0x00, 0x00, 0x00, 0x00, 0x00, 0x00, 0x00, 0x00,
    0x00, 0x00, 0x00, 0x00, 0x00, 0x00, 0x00, 0x00, 0x00, 0x00, 0x00, 0x00, 0x00, 0x00, 0x00, 0x00,
    0x00, 0x00, 0x00, 0x00, 0x00, 0x00, 0x00, 0x00, 0x00, 0x00, 0x00, 0x00, 0x00, 0x00, 0x00, 0x00,
    0x00, 0x00, 0x00, 0x00, 0x00, 0x00, 0x00, 0x00, 0x00, 0x00, 0x00, 0x00, 0x00, 0x00, 0x00, 0x00,
    0x00, 0x00, 0x00, 0x00, 0x00, 0x00, 0x00, 0x00, 0x00, 0x00, 0x00, 0x00, 0x00, 0x00, 0x00, 0x00,
    0x00, 0x00, 0x00, 0x00, 0x00, 0x00, 0x00, 0x00, 0x00, 0x00, 0x00, 0x00, 0x00, 0x00, 0x00, 0x00,
    0x00, 0x00, 0x00, 0x00, 0x00, 0x00, 0x00, 0x00, 0x00, 0x00, 0x00, 0x00, 0x00, 0x00, 0x00, 0x00,
    0x00, 0x00, 0x00, 0x00, 0x00, 0x00, 0x00, 0x00, 0x00, 0x00, 0x00, 0x00, 0x00, 0x00, 0x00, 0x00,
    0x60, 0x67, 0x68, 0x00, 0x60, 0x68, 0x66, 0x00, 0x62, 0x69, 0x63, 0x00, 0x68, 0x64, 0x6b, 0x00,
    0x64, 0x4c, 0x70, 0x11, 0x77, 0x57, 0xaa, 0xe7, 0x65, 0x48, 0xda, 0xff, 0x55, 0x3c, 0xeb, 0xff,
    0x53, 0x40, 0xec, 0xff, 0x51, 0x40, 0xec, 0xff, 0x51, 0x40, 0xec, 0xff, 0x51, 0x40, 0xec, 0xff,
    0x51, 0x40, 0xec, 0xff, 0x51, 0x40, 0xec, 0xff, 0x51, 0x40, 0xec, 0xff, 0x51, 0x40, 0xec, 0xff,
    0x51, 0x40, 0xec, 0xff, 0x51, 0x40, 0xec, 0xff, 0x51, 0x40, 0xec, 0xff, 0x51, 0x40, 0xec, 0xff,
    0x51, 0x40, 0xec, 0xff, 0x51, 0x40, 0xec, 0xff, 0x51, 0x40, 0xec, 0xff, 0x51, 0x40, 0xec, 0xff,
    0x51, 0x40, 0xec, 0xff, 0x4d, 0x3f, 0xf0, 0xff, 0x49, 0x3c, 0xf8, 0xc5, 0x4b, 0x3f, 0xf0, 0x38,
    0x56, 0x49, 0xd6, 0x00, 0x60, 0x58, 0xb4, 0x00, 0x6e, 0x6a, 0x8b, 0x00, 0x72, 0x74, 0x76, 0x00,
    0x70, 0x74, 0x76, 0x00, 0x70, 0x75, 0x74, 0x00, 0x72, 0x74, 0x76, 0x00, 0x72, 0x75, 0x74, 0x00,
    0x74, 0x75, 0x73, 0x00, 0x74, 0x75, 0x73, 0x00, 0x72, 0x75, 0x74, 0x00, 0x72, 0x75, 0x74, 0x00,
    0x00, 0x00, 0x00, 0x00, 0x00, 0x00, 0x00, 0x00, 0x00, 0x00, 0x00, 0x00, 0x00, 0x00, 0x00, 0x00,
    0x00, 0x00, 0x00, 0x00, 0x00, 0x00, 0x00, 0x00, 0x00, 0x00, 0x00, 0x00, 0x00, 0x00, 0x00, 0x00,
    0x00, 0x00, 0x00, 0x00, 0x00, 0x00, 0x00, 0x00, 0x00, 0x00, 0x00, 0x00, 0x00, 0x00, 0x00, 0x00,
    0x00, 0x00, 0x00, 0x00, 0x00, 0x00, 0x00, 0x00, 0x00, 0x00, 0x00, 0x00, 0x00, 0x00, 0x00, 0x00,
    0x00, 0x00, 0x00, 0x00, 0x00, 0x00, 0x00, 0x00, 0x00, 0x00, 0x00, 0x00, 0x00, 0x00, 0x00, 0x00,
    0x00, 0x00, 0x00, 0x00, 0x00, 0x00, 0x00, 0x00, 0x00, 0x00, 0x00, 0x00, 0x00, 0x00, 0x00, 0x00,
    0x00, 0x00, 0x00, 0x00, 0x00, 0x00, 0x00, 0x00, 0x00, 0x00, 0x00, 0x00, 0x00, 0x00, 0x00, 0x00,
    0x00, 0x00, 0x00, 0x00, 0x00, 0x00, 0x00, 0x00, 0x00, 0x00, 0x00, 0x00, 0x00, 0x00, 0x00, 0x00,
    0x00, 0x00, 0x00, 0x00, 0x00, 0x00, 0x00, 0x00, 0x00, 0x00, 0x00, 0x00, 0x00, 0x00, 0x00, 0x00,
    0x00, 0x00, 0x00, 0x00, 0x00, 0x00, 0x00, 0x00, 0x00, 0x00, 0x00, 0x00, 0x00, 0x00, 0x00, 0x00,
    0x00, 0x00, 0x00, 0x00, 0x00, 0x00, 0x00, 0x00, 0x00, 0x00, 0x00, 0x00, 0x00, 0x00, 0x00, 0x00,
    0x00, 0x00, 0x00, 0x00, 0x00, 0x00, 0x00, 0x00, 0x00, 0x00, 0x00, 0x00, 0x00, 0x00, 0x00, 0x00,
    0x00, 0x00, 0x00, 0x00, 0x00, 0x00, 0x00, 0x00, 0x00, 0x00, 0x00, 0x00, 0x00, 0x00, 0x00, 0x00,
    0x00, 0x00, 0x00, 0x00, 0x00, 0x00, 0x00, 0x00, 0x00, 0x00, 0x00, 0x00, 0x00, 0x00, 0x00, 0x00,
    0x62, 0x66, 0x68, 0x00, 0x62, 0x67, 0x66, 0x00, 0x64, 0x68, 0x65, 0x00, 0x60, 0x5c, 0x7d, 0x00,
    0x5c, 0x45, 0xaf, 0x00, 0x5f, 0x43, 0xd9, 0x6e, 0x5b, 0x43, 0xe8, 0xff, 0x55, 0x3f, 0xed, 0xff,
    0x52, 0x3f, 0xeb, 0xff, 0x50, 0x3f, 0xeb, 0xff, 0x50, 0x3f, 0xeb, 0xff, 0x50, 0x3f, 0xeb, 0xff,
    0x50, 0x3f, 0xeb, 0xff, 0x50, 0x3f, 0xeb, 0xff, 0x50, 0x3f, 0xeb, 0xff, 0x50, 0x3f, 0xeb, 0xff,
    0x50, 0x3f, 0xeb, 0xff, 0x50, 0x3f, 0xeb, 0xff, 0x50, 0x3f, 0xeb, 0xff, 0x50, 0x3f, 0xeb, 0xff,
    0x50, 0x3f, 0xeb, 0xff, 0x50, 0x3f, 0xeb, 0xff, 0x50, 0x3f, 0xeb, 0xff, 0x50, 0x3f, 0xeb, 0xff,
    0x50, 0x43, 0xeb, 0xe1, 0x4a, 0x3f, 0xf9, 0x5e, 0x0f, 0x0d, 0xe6, 0x01, 0x3f, 0x3e, 0xf7, 0x00,
    0x60, 0x59, 0xb3, 0x00, 0x70, 0x6b, 0x89, 0x00, 0x72, 0x71, 0x7c, 0x00, 0x74, 0x74, 0x76, 0x00,
    0x76, 0x75, 0x73, 0x00, 0x76, 0x75, 0x73, 0x00, 0x74, 0x76, 0x71, 0x00, 0x74, 0x75, 0x73, 0x00,
    0x72, 0x75, 0x74, 0x00, 0x72, 0x75, 0x74, 0x00, 0x74, 0x75, 0x73, 0x00, 0x74, 0x75, 0x73, 0x00,
    0x00, 0x00, 0x00, 0x00, 0x00, 0x00, 0x00, 0x00, 0x00, 0x00, 0x00, 0x00, 0x00, 0x00, 0x00, 0x00,
    0x00, 0x00, 0x00, 0x00, 0x00, 0x00, 0x00, 0x00, 0x00, 0x00, 0x00, 0x00, 0x00, 0x00, 0x00, 0x00,
    0x00, 0x00, 0x00, 0x00, 0x00, 0x00, 0x00, 0x00, 0x00, 0x00, 0x00, 0x00, 0x00, 0x00, 0x00, 0x00,
    0x00, 0x00, 0x00, 0x00, 0x00, 0x00, 0x00, 0x00, 0x00, 0x00, 0x00, 0x00, 0x00, 0x00, 0x00, 0x00,
    0x00, 0x00, 0x00, 0x00, 0x00, 0x00, 0x00, 0x00, 0x00, 0x00, 0x00, 0x00, 0x00, 0x00, 0x00, 0x00,
    0x00, 0x00, 0x00, 0x00, 0x00, 0x00, 0x00, 0x00, 0x00, 0x00, 0x00, 0x00, 0x00, 0x00, 0x00, 0x00,
    0x00, 0x00, 0x00, 0x00, 0x00, 0x00, 0x00, 0x00, 0x00, 0x00, 0x00, 0x00, 0x00, 0x00, 0x00, 0x00,
    0x00, 0x00, 0x00, 0x00, 0x00, 0x00, 0x00, 0x00, 0x00, 0x00, 0x00, 0x00, 0x00, 0x00, 0x00, 0x00,
    0x00, 0x00, 0x00, 0x00, 0x00, 0x00, 0x00, 0x00, 0x00, 0x00, 0x00, 0x00, 0x00, 0x00, 0x00, 0x00,
    0x00, 0x00, 0x00, 0x00, 0x00, 0x00, 0x00, 0x00, 0x00, 0x00, 0x00, 0x00, 0x00, 0x00, 0x00, 0x00,
    0x00, 0x00, 0x00, 0x00, 0x00, 0x00, 0x00, 0x00, 0x00, 0x00, 0x00, 0x00, 0x00, 0x00, 0x00, 0x00,
    0x00, 0x00, 0x00, 0x00, 0x00, 0x00, 0x00, 0x00, 0x00, 0x00, 0x00, 0x00, 0x00, 0x00, 0x00, 0x00,
    0x00, 0x00, 0x00, 0x00, 0x00, 0x00, 0x00, 0x00, 0x00, 0x00, 0x00, 0x00, 0x00, 0x00, 0x00, 0x00,
    0x00, 0x00, 0x00, 0x00, 0x00, 0x00, 0x00, 0x00, 0x00, 0x00, 0x00, 0x00, 0x00, 0x00, 0x00, 0x00,
    0x64, 0x67, 0x66, 0x00, 0x64, 0x67, 0x66, 0x00, 0x64, 0x68, 0x65, 0x00, 0x5e, 0x5d, 0x7d, 0x00,
    0x54, 0x45, 0xae, 0x00, 0x5e, 0x49, 0xde, 0x04, 0x55, 0x3f, 0xe5, 0xb4, 0x56, 0x40, 0xee, 0xff,
    0x52, 0x3f, 0xeb, 0xff, 0x50, 0x3f, 0xeb, 0xff, 0x50, 0x3f, 0xeb, 0xff, 0x50, 0x3f, 0xeb, 0xff,
    0x50, 0x3f, 0xeb, 0xff, 0x50, 0x3f, 0xeb, 0xff, 0x50, 0x3f, 0xeb, 0xff, 0x50, 0x3f, 0xeb, 0xff,
    0x50, 0x3f, 0xeb, 0xff, 0x50, 0x3f, 0xeb, 0xff, 0x50, 0x3f, 0xeb, 0xff, 0x50, 0x3f, 0xeb, 0xff,
    0x50, 0x3f, 0xeb, 0xff, 0x50, 0x3f, 0xeb, 0xff, 0x50, 0x3f, 0xeb, 0xee, 0x53, 0x44, 0xe4, 0x73,
    0x57, 0x4b, 0xd5, 0x07, 0x51, 0x49, 0xda, 0x00, 0x3f, 0x42, 0xef, 0x00, 0x45, 0x4a, 0xd6, 0x00,
    0x67, 0x65, 0x95, 0x00, 0x75, 0x73, 0x73, 0x00, 0x73, 0x72, 0x75, 0x00, 0x73, 0x72, 0x75, 0x00,
    0x7a, 0x73, 0x74, 0x00, 0x7a, 0x74, 0x73, 0x00, 0x76, 0x76, 0x71, 0x00, 0x74, 0x75, 0x73, 0x00,
    0x72, 0x75, 0x74, 0x00, 0x74, 0x74, 0x74, 0x00, 0x76, 0x76, 0x71, 0x00, 0x78, 0x75, 0x71, 0x00,
    0x02, 0x00, 0x00, 0x00, 0x00, 0x00, 0x00, 0x00, 0x00, 0x00, 0x00, 0x00, 0x00, 0x00, 0x00, 0x00,
    0x00, 0x00, 0x00, 0x00, 0x00, 0x00, 0x00, 0x00, 0x00, 0x00, 0x00, 0x00, 0x00, 0x00, 0x00, 0x00,
    0x00, 0x00, 0x00, 0x00, 0x00, 0x00, 0x00, 0x00, 0x00, 0x00, 0x00, 0x00, 0x00, 0x00, 0x00, 0x00,
    0x00, 0x00, 0x00, 0x00, 0x00, 0x00, 0x00, 0x00, 0x00, 0x00, 0x00, 0x00, 0x00, 0x00, 0x00, 0x00,
    0x00, 0x00, 0x00, 0x00, 0x00, 0x00, 0x00, 0x00, 0x00, 0x00, 0x00, 0x00, 0x00, 0x00, 0x00, 0x00,
    0x00, 0x00, 0x00, 0x00, 0x00, 0x00, 0x00, 0x00, 0x00, 0x00, 0x00, 0x00, 0x00, 0x00, 0x00, 0x00,
    0x00, 0x00, 0x00, 0x00, 0x00, 0x00, 0x00, 0x00, 0x00, 0x00, 0x00, 0x00, 0x00, 0x00, 0x00, 0x00,
    0x00, 0x00, 0x00, 0x00, 0x00, 0x00, 0x00, 0x00, 0x00, 0x00, 0x00, 0x00, 0x00, 0x00, 0x00, 0x00,
    0x00, 0x00, 0x00, 0x00, 0x00, 0x00, 0x00, 0x00, 0x00, 0x00, 0x00, 0x00, 0x00, 0x00, 0x00, 0x00,
    0x00, 0x00, 0x00, 0x00, 0x00, 0x00, 0x00, 0x00, 0x00, 0x00, 0x00, 0x00, 0x00, 0x00, 0x00, 0x00,
    0x00, 0x00, 0x00, 0x00, 0x00, 0x00, 0x00, 0x00, 0x00, 0x00, 0x00, 0x00, 0x00, 0x00, 0x00, 0x00,
    0x00, 0x00, 0x00, 0x00, 0x00, 0x00, 0x00, 0x00, 0x00, 0x00, 0x00, 0x00, 0x00, 0x00, 0x00, 0x00,
    0x00, 0x00, 0x00, 0x00, 0x00, 0x00, 0x00, 0x00, 0x00, 0x00, 0x00, 0x00, 0x00, 0x00, 0x00, 0x00,
    0x00, 0x00, 0x00, 0x00, 0x00, 0x00, 0x00, 0x00, 0x00, 0x00, 0x00, 0x00, 0x00, 0x00, 0x00, 0x00,
    0x66, 0x67, 0x65, 0x00, 0x64, 0x68, 0x63, 0x00, 0x64, 0x68, 0x65, 0x00, 0x62, 0x63, 0x6e, 0x00,
    0x62, 0x5d, 0x7e, 0x00, 0x58, 0x4c, 0x99, 0x00, 0x54, 0x3d, 0xcb, 0x0a, 0x58, 0x3d, 0xec, 0xbf,
    0x52, 0x3f, 0xeb, 0xff, 0x50, 0x3f, 0xeb, 0xff, 0x50, 0x3f, 0xeb, 0xff, 0x50, 0x3f, 0xeb, 0xff,
    0x50, 0x3f, 0xeb, 0xff, 0x50, 0x3f, 0xeb, 0xff, 0x50, 0x3f, 0xeb, 0xff, 0x50, 0x3f, 0xeb, 0xff,
    0x50, 0x3f, 0xeb, 0xff, 0x50, 0x3f, 0xeb, 0xff, 0x50, 0x3f, 0xeb, 0xff, 0x50, 0x3f, 0xeb, 0xff,
    0x50, 0x3f, 0xeb, 0xfa, 0x50, 0x3f, 0xeb, 0x91, 0x50, 0x3f, 0xeb, 0x13, 0x55, 0x48, 0xd5, 0x00,
    0x62, 0x5a, 0xa8, 0x00, 0x66, 0x62, 0x97, 0x00, 0x5e, 0x61, 0x9c, 0x00, 0x61, 0x66, 0x95, 0x00,
    0x6d, 0x6f, 0x7e, 0x00, 0x71, 0x74, 0x73, 0x00, 0x6f, 0x73, 0x75, 0x00, 0x71, 0x72, 0x76, 0x00,
    0x78, 0x72, 0x78, 0x00, 0x7a, 0x72, 0x76, 0x00, 0x74, 0x74, 0x74, 0x00, 0x72, 0x75, 0x74, 0x00,
    0x74, 0x75, 0x73, 0x00, 0x76, 0x76, 0x71, 0x00, 0x7d, 0x77, 0x6c, 0x00, 0x7f, 0x76, 0x6e, 0x00,
    0x04, 0x00, 0x00, 0x00, 0x00, 0x00, 0x00, 0x00, 0x00, 0x00, 0x00, 0x00, 0x00, 0x00, 0x00, 0x00,
    0x00, 0x00, 0x00, 0x00, 0x00, 0x00, 0x00, 0x00, 0x00, 0x00, 0x00, 0x00, 0x00, 0x00, 0x00, 0x00,
    0x00, 0x00, 0x00, 0x00, 0x00, 0x00, 0x00, 0x00, 0x00, 0x00, 0x00, 0x00, 0x00, 0x00, 0x00, 0x00,
    0x00, 0x00, 0x00, 0x00, 0x00, 0x00, 0x00, 0x00, 0x00, 0x00, 0x00, 0x00, 0x00, 0x00, 0x00, 0x00,
    0x00, 0x00, 0x00, 0x00, 0x00, 0x00, 0x00, 0x00, 0x00, 0x00, 0x00, 0x00, 0x00, 0x00, 0x00, 0x00,
    0x00, 0x00, 0x00, 0x00, 0x00, 0x00, 0x00, 0x00, 0x00, 0x00, 0x00, 0x00, 0x00, 0x00, 0x00, 0x00,
    0x00, 0x00, 0x00, 0x00, 0x00, 0x00, 0x00, 0x00, 0x00, 0x00, 0x00, 0x00, 0x00, 0x00, 0x00, 0x00,
    0x00, 0x00, 0x00, 0x00, 0x00, 0x00, 0x00, 0x00, 0x00, 0x00, 0x00, 0x00, 0x00, 0x00, 0x00, 0x00,
    0x00, 0x00, 0x00, 0x00, 0x00, 0x00, 0x00, 0x00, 0x00, 0x00, 0x00, 0x00, 0x00, 0x00, 0x00, 0x00,
    0x00, 0x00, 0x00, 0x00, 0x00, 0x00, 0x00, 0x00, 0x00, 0x00, 0x00, 0x00, 0x00, 0x00, 0x00, 0x00,
    0x00, 0x00, 0x00, 0x00, 0x00, 0x00, 0x00, 0x00, 0x00, 0x00, 0x00, 0x00, 0x00, 0x00, 0x00, 0x00,
    0x00, 0x00, 0x00, 0x00, 0x00, 0x00, 0x00, 0x00, 0x00, 0x00, 0x00, 0x00, 0x00, 0x00, 0x00, 0x00,
    0x00, 0x00, 0x00, 0x00, 0x00, 0x00, 0x00, 0x00, 0x00, 0x00, 0x00, 0x00, 0x00, 0x00, 0x00, 0x00,
    0x00, 0x00, 0x00, 0x00, 0x00, 0x00, 0x00, 0x00, 0x00, 0x00, 0x00, 0x00, 0x00, 0x01, 0x00, 0x00,
    0x66, 0x68, 0x63, 0x00, 0x66, 0x68, 0x63, 0x00, 0x64, 0x68, 0x65, 0x00, 0x64, 0x67, 0x66, 0x00,
    0x66, 0x67, 0x65, 0x00, 0x64, 0x5d, 0x7e, 0x00, 0x5a, 0x48, 0xab, 0x00, 0x61, 0x49, 0xd8, 0x04,
    0x54, 0x42, 0xe4, 0x84, 0x50, 0x3f, 0xeb, 0xfa, 0x50, 0x3f, 0xeb, 0xff, 0x50, 0x3f, 0xeb, 0xff,
    0x50, 0x3f, 0xeb, 0xff, 0x50, 0x3f, 0xeb, 0xff, 0x50, 0x3f, 0xeb, 0xff, 0x50, 0x3f, 0xeb, 0xff,
    0x50, 0x3f, 0xeb, 0xff, 0x50, 0x3f, 0xeb, 0xff, 0x50, 0x3f, 0xeb, 0xff, 0x54, 0x43, 0xe3, 0xae,
    0x58, 0x4a, 0xd3, 0x25, 0x5a, 0x4d, 0xcc, 0x00, 0x5a, 0x4d, 0xcc, 0x00, 0x60, 0x56, 0xb7, 0x00,
    0x6d, 0x67, 0x8d, 0x00, 0x79, 0x77, 0x7c, 0x00, 0x71, 0x73, 0x75, 0x00, 0x6f, 0x71, 0x71, 0x00,
    0x71, 0x74, 0x73, 0x00, 0x6f, 0x74, 0x73, 0x00, 0x6d, 0x74, 0x75, 0x00, 0x71, 0x73, 0x75, 0x00,
    0x78, 0x72, 0x78, 0x00, 0x78, 0x72, 0x78, 0x00, 0x74, 0x74, 0x76, 0x00, 0x72, 0x75, 0x74, 0x00,
    0x74, 0x75, 0x73, 0x00, 0x78, 0x76, 0x70, 0x00, 0x7f, 0x77, 0x6c, 0x00, 0x7f, 0x76, 0x6e, 0x00,
    0x04, 0x01, 0x00, 0x00, 0x00, 0x00, 0x00, 0x00, 0x00, 0x00, 0x00, 0x00, 0x00, 0x00, 0x00, 0x00,
    0x00, 0x00, 0x00, 0x00, 0x00, 0x00, 0x00, 0x00, 0x00, 0x00, 0x00, 0x00, 0x00, 0x00, 0x00, 0x00,
    0x00, 0x00, 0x00, 0x00, 0x00, 0x00, 0x00, 0x00, 0x00, 0x00, 0x00, 0x00, 0x00, 0x00, 0x00, 0x00,
    0x00, 0x00, 0x00, 0x00, 0x00, 0x00, 0x00, 0x00, 0x00, 0x00, 0x00, 0x00, 0x00, 0x00, 0x00, 0x00,
    0x00, 0x00, 0x00, 0x00, 0x00, 0x00, 0x00, 0x00, 0x00, 0x00, 0x00, 0x00, 0x00, 0x00, 0x00, 0x00,
    0x00, 0x00, 0x00, 0x00, 0x00, 0x00, 0x00, 0x00, 0x00, 0x00, 0x00, 0x00, 0x00, 0x00, 0x00, 0x00,
    0x00, 0x00, 0x00, 0x00, 0x00, 0x00, 0x00, 0x00, 0x00, 0x00, 0x00, 0x00, 0x00, 0x00, 0x00, 0x00,
    0x00, 0x00, 0x00, 0x00, 0x00, 0x00, 0x00, 0x00, 0x00, 0x00, 0x00, 0x00, 0x00, 0x00, 0x00, 0x00,
    0x00, 0x00, 0x00, 0x00, 0x00, 0x00, 0x00, 0x00, 0x00, 0x00, 0x00, 0x00, 0x00, 0x00, 0x00, 0x00,
    0x00, 0x00, 0x00, 0x00, 0x00, 0x00, 0x00, 0x00, 0x00, 0x00, 0x00, 0x00, 0x00, 0x00, 0x00, 0x00,
    0x00, 0x00, 0x00, 0x00, 0x00, 0x00, 0x00, 0x00, 0x00, 0x00, 0x00, 0x00, 0x00, 0x00, 0x00, 0x00,
    0x00, 0x00, 0x00, 0x00, 0x00, 0x00, 0x00, 0x00, 0x00, 0x00, 0x00, 0x00, 0x00, 0x00, 0x00, 0x00,
    0x00, 0x00, 0x00, 0x00, 0x00, 0x00, 0x00, 0x00, 0x00, 0x00, 0x00, 0x00, 0x00, 0x00, 0x00, 0x00,
    0x00, 0x00, 0x00, 0x00, 0x00, 0x00, 0x00, 0x00, 0x00, 0x00, 0x00, 0x00, 0x00, 0x00, 0x00, 0x00,
    0x00, 0x01, 0x00, 0x00, 0x00, 0x01, 0x00, 0x00, 0x00, 0x00, 0x00, 0x00, 0x00, 0x00, 0x00, 0x00,
    0x00, 0x00, 0x00, 0x00, 0x00, 0x00, 0x08, 0x00, 0x00, 0x00, 0x16, 0x00, 0x00, 0x00, 0x35, 0x00,
    0x55, 0x48, 0xd3, 0x00, 0x4d, 0x3f, 0xe9, 0x1e, 0x4d, 0x3f, 0xe9, 0x90, 0x4d, 0x3f, 0xe9, 0xde,
    0x4d, 0x3f, 0xe9, 0xff, 0x4d, 0x3f, 0xe9, 0xff, 0x4d, 0x3f, 0xe9, 0xff, 0x4f, 0x3e, 0xe9, 0xff,
    0x4f, 0x3f, 0xe8, 0xec, 0x51, 0x3f, 0xe8, 0x99, 0x51, 0x3e, 0xe9, 0x2e, 0x59, 0x48, 0xd3, 0x00,
    0x65, 0x5e, 0xa3, 0x00, 0x6b, 0x68, 0x8d, 0x00, 0x6b, 0x67, 0x8e, 0x00, 0x6d, 0x6a, 0x88, 0x00,
    0x00, 0x00, 0x08, 0x00, 0x00, 0x00, 0x00, 0x00, 0x00, 0x00, 0x00, 0x00, 0x00, 0x01, 0x00, 0x00,
    0x00, 0x01, 0x00, 0x00, 0x00, 0x01, 0x00, 0x00, 0x00, 0x00, 0x00, 0x00, 0x00, 0x00, 0x00, 0x00,
    0x02, 0x00, 0x00, 0x00, 0x02, 0x00, 0x00, 0x00, 0x00, 0x00, 0x00, 0x00, 0x00, 0x01, 0x00, 0x00,
    0x00, 0x01, 0x00, 0x00, 0x02, 0x01, 0x00, 0x00, 0x04, 0x01, 0x00, 0x00, 0x04, 0x01, 0x00, 0x00,
    0x02, 0x00, 0x00, 0x00, 0x00, 0x01, 0x00, 0x00, 0x00, 0x01, 0x00, 0x00, 0x00, 0x01, 0x00, 0x00,
    0x00, 0x01, 0x00, 0x00, 0x00, 0x01, 0x00, 0x00, 0x00, 0x01, 0x00, 0x00, 0x00, 0x01, 0x00, 0x00,
    0x00, 0x00, 0x00, 0x00, 0x00, 0x00, 0x00, 0x00, 0x00, 0x00, 0x00, 0x00, 0x00, 0x00, 0x00, 0x00,
    0x00, 0x00, 0x00, 0x00, 0x00, 0x00, 0x00, 0x00, 0x00, 0x00, 0x00, 0x00, 0x00, 0x00, 0x00, 0x00,
    0x00, 0x00, 0x00, 0x00, 0x00, 0x00, 0x00, 0x00, 0x00, 0x00, 0x00, 0x00, 0x00, 0x00, 0x00, 0x00,
    0x00, 0x00, 0x00, 0x00, 0x00, 0x00, 0x00, 0x00, 0x00, 0x00, 0x00, 0x00, 0x00, 0x00, 0x00, 0x00,
    0x00, 0x00, 0x00, 0x00, 0x00, 0x00, 0x00, 0x00, 0x00, 0x00, 0x00, 0x00, 0x00, 0x00, 0x00, 0x00,
    0x00, 0x00, 0x00, 0x00, 0x00, 0x00, 0x00, 0x00, 0x00, 0x00, 0x00, 0x00, 0x00, 0x00, 0x00, 0x00,
    0x00, 0x00, 0x00, 0x00, 0x00, 0x00, 0x00, 0x00, 0x00, 0x00, 0x00, 0x00, 0x00, 0x00, 0x00, 0x00,
    0x00, 0x00, 0x00, 0x00, 0x00, 0x00, 0x00, 0x00, 0x00, 0x00, 0x00, 0x00, 0x00, 0x00, 0x00, 0x00,
    0x00, 0x00, 0x00, 0x00, 0x00, 0x00, 0x00, 0x00, 0x00, 0x00, 0x00, 0x00, 0x00, 0x00, 0x00, 0x00,
    0x00, 0x00, 0x00, 0x00, 0x00, 0x00, 0x00, 0x00, 0x00, 0x00, 0x00, 0x00, 0x00, 0x00, 0x00, 0x00,
    0x00, 0x00, 0x00, 0x00, 0x00, 0x00, 0x00, 0x00, 0x00, 0x00, 0x00, 0x00, 0x00, 0x00, 0x00, 0x00,
    0x00, 0x00, 0x00, 0x00, 0x00, 0x00, 0x00, 0x00, 0x00, 0x00, 0x00, 0x00, 0x00, 0x00, 0x00, 0x00,
    0x00, 0x00, 0x00, 0x00, 0x00, 0x00, 0x00, 0x00, 0x00, 0x00, 0x00, 0x00, 0x00, 0x00, 0x00, 0x00,
    0x00, 0x00, 0x00, 0x00, 0x00, 0x00, 0x00, 0x00, 0x00, 0x00, 0x00, 0x00, 0x00, 0x00, 0x16, 0x00,
    0x5d, 0x56, 0xb5, 0x00, 0x57, 0x4c, 0xcb, 0x00, 0x57, 0x4c, 0xcb, 0x00, 0x57, 0x4c, 0xcb, 0x00,
    0x57, 0x4c, 0xcb, 0x1c, 0x57, 0x4c, 0xcb, 0x33, 0x57, 0x4c, 0xcb, 0x36, 0x57, 0x4c, 0xcb, 0x1d,
    0x57, 0x4d, 0xc9, 0x00, 0x59, 0x4c, 0xcb, 0x00, 0x59, 0x4b, 0xcd, 0x00, 0x5f, 0x56, 0xb5, 0x00,
    0x6d, 0x6b, 0x85, 0x00, 0x73, 0x76, 0x6e, 0x00, 0x73, 0x74, 0x72, 0x00, 0x73, 0x74, 0x72, 0x00,
    0x00, 0x01, 0x00, 0x00, 0x00, 0x01, 0x00, 0x00, 0x00, 0x01, 0x00, 0x00, 0x00, 0x01, 0x00, 0x00,
    0x00, 0x01, 0x00, 0x00, 0x00, 0x01, 0x00, 0x00, 0x00, 0x01, 0x00, 0x00, 0x00, 0x01, 0x00, 0x00,
    0x00, 0x01, 0x00, 0x00, 0x00, 0x01, 0x00, 0x00, 0x00, 0x01, 0x00, 0x00, 0x00, 0x01, 0x00, 0x00,
    0x00, 0x01, 0x00, 0x00, 0x00, 0x01, 0x00, 0x00, 0x00, 0x01, 0x00, 0x00, 0x00, 0x01, 0x00, 0x00,
    0x00, 0x01, 0x00, 0x00, 0x00, 0x01, 0x00, 0x00, 0x00, 0x01, 0x00, 0x00, 0x00, 0x01, 0x00, 0x00,
    0x00, 0x01, 0x00, 0x00, 0x00, 0x01, 0x00, 0x00, 0x00, 0x01, 0x00, 0x00, 0x00, 0x01, 0x00, 0x00,
    0x00, 0x00, 0x00, 0x00, 0x00, 0x00, 0x00, 0x00, 0x00, 0x00, 0x00, 0x00, 0x00, 0x00, 0x00, 0x00,
    0x00, 0x00, 0x00, 0x00, 0x00, 0x00, 0x00, 0x00, 0x00, 0x00, 0x00, 0x00, 0x00, 0x00, 0x00, 0x00,
    0x00, 0x00, 0x00, 0x00, 0x00, 0x00, 0x00, 0x00, 0x00, 0x00, 0x00, 0x00, 0x00, 0x00, 0x00, 0x00,
    0x00, 0x00, 0x00, 0x00, 0x00, 0x00, 0x00, 0x00, 0x00, 0x00, 0x00, 0x00, 0x00, 0x00, 0x00, 0x00,
    0x00, 0x00, 0x00, 0x00, 0x00, 0x00, 0x00, 0x00, 0x00, 0x00, 0x00, 0x00, 0x00, 0x00, 0x00, 0x00,
    0x00, 0x00, 0x00, 0x00, 0x00, 0x00, 0x00, 0x00, 0x00, 0x00, 0x00, 0x00, 0x00, 0x00, 0x00, 0x00,
    0x00, 0x00, 0x00, 0x00, 0x00, 0x00, 0x00, 0x00, 0x00, 0x00, 0x00, 0x00, 0x00, 0x00, 0x00, 0x00,
    0x00, 0x00, 0x00, 0x00, 0x00, 0x00, 0x00, 0x00, 0x00, 0x00, 0x00, 0x00, 0x00, 0x00, 0x00, 0x00,
    0x00, 0x00, 0x00, 0x00, 0x00, 0x00, 0x00, 0x00, 0x00, 0x00, 0x00, 0x00, 0x00, 0x00, 0x00, 0x00,
    0x00, 0x00, 0x00, 0x00, 0x00, 0x00, 0x00, 0x00, 0x00, 0x00, 0x00, 0x00, 0x00, 0x00, 0x00, 0x00,
    0x00, 0x00, 0x00, 0x00, 0x00, 0x00, 0x00, 0x00, 0x00, 0x00, 0x00, 0x00, 0x00, 0x00, 0x00, 0x00,
    0x00, 0x00, 0x00, 0x00, 0x00, 0x00, 0x00, 0x00, 0x00, 0x00, 0x00, 0x00, 0x00, 0x00, 0x00, 0x00,
    0x00, 0x00, 0x00, 0x00, 0x00, 0x00, 0x00, 0x00, 0x00, 0x00, 0x00, 0x00, 0x00, 0x00, 0x00, 0x00,
    0x00, 0x00, 0x00, 0x00, 0x00, 0x00, 0x00, 0x00, 0x00, 0x00, 0x00, 0x00, 0x00, 0x00, 0x06, 0x00,
    0x6b, 0x6a, 0x88, 0x00, 0x69, 0x67, 0x90, 0x00, 0x69, 0x67, 0x90, 0x00, 0x69, 0x67, 0x90, 0x00,
    0x69, 0x67, 0x90, 0x00, 0x69, 0x67, 0x90, 0x00, 0x69, 0x67, 0x90, 0x00, 0x69, 0x67, 0x90, 0x00,
    0x67, 0x67, 0x90, 0x00, 0x65, 0x67, 0x90, 0x00, 0x65, 0x67, 0x92, 0x00, 0x69, 0x6a, 0x8a, 0x00,
    0x6f, 0x71, 0x7a, 0x00, 0x73, 0x73, 0x73, 0x00, 0x71, 0x74, 0x73, 0x00, 0x71, 0x74, 0x73, 0x00,
    0x00, 0x00, 0x00, 0x00, 0x00, 0x00, 0x00, 0x00, 0x00, 0x00, 0x00, 0x00, 0x00, 0x00, 0x00, 0x00,
    0x00, 0x00, 0x00, 0x00, 0x00, 0x00, 0x00, 0x00, 0x00, 0x00, 0x00, 0x00, 0x00, 0x00, 0x00, 0x00,
    0x00, 0x00, 0x00, 0x00, 0x00, 0x00, 0x00, 0x00, 0x00, 0x00, 0x00, 0x00, 0x00, 0x00, 0x00, 0x00,
    0x00, 0x00, 0x00, 0x00, 0x00, 0x00, 0x00, 0x00, 0x00, 0x00, 0x00, 0x00, 0x00, 0x00, 0x00, 0x00,
    0x00, 0x01, 0x00, 0x00, 0x00, 0x01, 0x00, 0x00, 0x00, 0x01, 0x00, 0x00, 0x00, 0x01, 0x00, 0x00,
    0x00, 0x01, 0x00, 0x00, 0x00, 0x01, 0x00, 0x00, 0x00, 0x01, 0x00, 0x00, 0x00, 0x01, 0x00, 0x00,
    0x00, 0x00, 0x00, 0x00, 0x00, 0x00, 0x00, 0x00, 0x00, 0x00, 0x00, 0x00, 0x00, 0x00, 0x00, 0x00,
    0x00, 0x00, 0x00, 0x00, 0x00, 0x00, 0x00, 0x00, 0x00, 0x00, 0x00, 0x00, 0x00, 0x00, 0x00, 0x00,
    0x00, 0x00, 0x00, 0x00, 0x00, 0x00, 0x00, 0x00, 0x00, 0x00, 0x00, 0x00, 0x00, 0x00, 0x00, 0x00,
    0x00, 0x00, 0x00, 0x00, 0x00, 0x00, 0x00, 0x00, 0x00, 0x00, 0x00, 0x00, 0x00, 0x00, 0x00, 0x00,
    0x00, 0x00, 0x00, 0x00, 0x00, 0x00, 0x00, 0x00, 0x00, 0x00, 0x00, 0x00, 0x00, 0x00, 0x00, 0x00,
    0x00, 0x00, 0x00, 0x00, 0x00, 0x00, 0x00, 0x00, 0x00, 0x00, 0x00, 0x00, 0x00, 0x00, 0x00, 0x00,
    0x00, 0x00, 0x00, 0x00, 0x00, 0x00, 0x00, 0x00, 0x00, 0x00, 0x00, 0x00, 0x00, 0x00, 0x00, 0x00,
    0x00, 0x00, 0x00, 0x00, 0x00, 0x00, 0x00, 0x00, 0x00, 0x00, 0x00, 0x00, 0x00, 0x00, 0x00, 0x00,
    0x00, 0x00, 0x00, 0x00, 0x00, 0x00, 0x00, 0x00, 0x00, 0x00, 0x00, 0x00, 0x00, 0x00, 0x00, 0x00,
    0x00, 0x00, 0x00, 0x00, 0x00, 0x00, 0x00, 0x00, 0x00, 0x00, 0x00, 0x00, 0x00, 0x00, 0x00, 0x00,
    0x00, 0x00, 0x00, 0x00, 0x00, 0x00, 0x00, 0x00, 0x00, 0x00, 0x00, 0x00, 0x00, 0x00, 0x00, 0x00,
    0x00, 0x00, 0x00, 0x00, 0x00, 0x00, 0x00, 0x00, 0x00, 0x00, 0x00, 0x00, 0x00, 0x00, 0x00, 0x00,
    0x00, 0x00, 0x00, 0x00, 0x00, 0x00, 0x00, 0x00, 0x00, 0x00, 0x00, 0x00, 0x00, 0x00, 0x00, 0x00,
    0x00, 0x00, 0x00, 0x00, 0x00, 0x00, 0x00, 0x00, 0x00, 0x00, 0x00, 0x00, 0x00, 0x00, 0x00, 0x00,
    0x73, 0x73, 0x73, 0x00, 0x73, 0x73, 0x73, 0x00, 0x73, 0x73, 0x73, 0x00, 0x73, 0x73, 0x73, 0x00,
    0x73, 0x73, 0x73, 0x00, 0x73, 0x73, 0x73, 0x00, 0x73, 0x73, 0x73, 0x00, 0x73, 0x73, 0x73, 0x00,
    0x71, 0x74, 0x73, 0x00, 0x6f, 0x74, 0x73, 0x00, 0x6f, 0x74, 0x73, 0x00, 0x6f, 0x74, 0x73, 0x00,
    0x71, 0x73, 0x75, 0x00, 0x71, 0x73, 0x75, 0x00, 0x71, 0x74, 0x73, 0x00, 0x71, 0x74, 0x73, 0x00,
    0x00, 0x00, 0x00, 0x00, 0x00, 0x00, 0x00, 0x00, 0x00, 0x00, 0x00, 0x00, 0x00, 0x00, 0x00, 0x00,
    0x00, 0x00, 0x00, 0x00, 0x00, 0x00, 0x00, 0x00, 0x00, 0x00, 0x00, 0x00, 0x00, 0x00, 0x00, 0x00,
    0x00, 0x00, 0x00, 0x00, 0x00, 0x00, 0x00, 0x00, 0x00, 0x00, 0x00, 0x00, 0x00, 0x00, 0x00, 0x00,
    0x00, 0x00, 0x00, 0x00, 0x00, 0x00, 0x00, 0x00, 0x00, 0x00, 0x00, 0x00, 0x00, 0x00, 0x00, 0x00,
    0x00, 0x01, 0x00, 0x00, 0x00, 0x01, 0x00, 0x00, 0x00, 0x01, 0x00, 0x00, 0x00, 0x01, 0x00, 0x00,
    0x00, 0x01, 0x00, 0x00, 0x00, 0x01, 0x00, 0x00, 0x00, 0x01, 0x00, 0x00, 0x00, 0x01, 0x00, 0x00,
    0x00, 0x00, 0x00, 0x00, 0x00, 0x00, 0x00, 0x00, 0x00, 0x00, 0x00, 0x00, 0x00, 0x00, 0x00, 0x00,
    0x00, 0x00, 0x00, 0x00, 0x00, 0x00, 0x00, 0x00, 0x00, 0x00, 0x00, 0x00, 0x00, 0x00, 0x00, 0x00,
    0x00, 0x00, 0x00, 0x00, 0x00, 0x00, 0x00, 0x00, 0x00, 0x00, 0x00, 0x00, 0x00, 0x00, 0x00, 0x00,
    0x00, 0x00, 0x00, 0x00, 0x00, 0x00, 0x00, 0x00, 0x00, 0x00, 0x00, 0x00, 0x00, 0x00, 0x00, 0x00,
    0x00, 0x00, 0x00, 0x00, 0x00, 0x00, 0x00, 0x00, 0x00, 0x00, 0x00, 0x00, 0x00, 0x00, 0x00, 0x00,
    0x00, 0x00, 0x00, 0x00, 0x00, 0x00, 0x00, 0x00, 0x00, 0x00, 0x00, 0x00, 0x00, 0x00, 0x00, 0x00,
    0x00, 0x00, 0x00, 0x00, 0x00, 0x00, 0x00, 0x00, 0x00, 0x00, 0x00, 0x00, 0x00, 0x00, 0x00, 0x00,
    0x00, 0x00, 0x00, 0x00, 0x00, 0x00, 0x00, 0x00, 0x00, 0x00, 0x00, 0x00, 0x00, 0x00, 0x00, 0x00,
    0x00, 0x00, 0x00, 0x00, 0x00, 0x00, 0x00, 0x00, 0x00, 0x00, 0x00, 0x00, 0x00, 0x00, 0x00, 0x00,
    0x00, 0x00, 0x00, 0x00, 0x00, 0x00, 0x00, 0x00, 0x00, 0x00, 0x00, 0x00, 0x00, 0x00, 0x00, 0x00,
    0x00, 0x00, 0x00, 0x00, 0x00, 0x00, 0x00, 0x00, 0x00, 0x00, 0x00, 0x00, 0x00, 0x00, 0x00, 0x00,
    0x00, 0x00, 0x00, 0x00, 0x00, 0x00, 0x00, 0x00, 0x00, 0x00, 0x00, 0x00, 0x00, 0x00, 0x00, 0x00,
    0x00, 0x00, 0x00, 0x00, 0x00, 0x00, 0x00, 0x00, 0x00, 0x00, 0x00, 0x00, 0x00, 0x00, 0x00, 0x00,
    0x00, 0x00, 0x00, 0x00, 0x00, 0x00, 0x00, 0x00, 0x00, 0x00, 0x00, 0x00, 0x00, 0x00, 0x00, 0x00,
    0x74, 0x72, 0x72, 0x00, 0x74, 0x71, 0x74, 0x00, 0x74, 0x71, 0x74, 0x00, 0x74, 0x71, 0x74, 0x00,
    0x74, 0x71, 0x74, 0x00, 0x74, 0x71, 0x74, 0x00, 0x74, 0x71, 0x74, 0x00, 0x74, 0x71, 0x74, 0x00,
    0x74, 0x72, 0x72, 0x00, 0x74, 0x72, 0x72, 0x00, 0x74, 0x71, 0x74, 0x00, 0x74, 0x71, 0x74, 0x00,
    0x70, 0x72, 0x72, 0x00, 0x70, 0x72, 0x72, 0x00, 0x70, 0x72, 0x74, 0x00, 0x72, 0x71, 0x74, 0x00,
    0x00, 0x00, 0x02, 0x00, 0x00, 0x00, 0x02, 0x00, 0x00, 0x00, 0x02, 0x00, 0x00, 0x00, 0x02, 0x00,
    0x00, 0x00, 0x02, 0x00, 0x00, 0x00, 0x02, 0x00, 0x00, 0x00, 0x02, 0x00, 0x00, 0x00, 0x02, 0x00,
    0x00, 0x00, 0x02, 0x00, 0x00, 0x00, 0x02, 0x00, 0x00, 0x00, 0x02, 0x00, 0x00, 0x00, 0x02, 0x00,
    0x00, 0x00, 0x02, 0x00, 0x00, 0x00, 0x02, 0x00, 0x00, 0x00, 0x02, 0x00, 0x00, 0x00, 0x00, 0x00,
    0x00, 0x01, 0x00, 0x00, 0x00, 0x01, 0x00, 0x00, 0x00, 0x01, 0x00, 0x00, 0x00, 0x01, 0x00, 0x00,
    0x00, 0x01, 0x00, 0x00, 0x00, 0x01, 0x00, 0x00, 0x00, 0x01, 0x00, 0x00, 0x00, 0x01, 0x00, 0x00,
    0x00, 0x00, 0x00, 0x00, 0x00, 0x00, 0x00, 0x00, 0x00, 0x00, 0x00, 0x00, 0x00, 0x00, 0x00, 0x00,
    0x00, 0x00, 0x00, 0x00, 0x00, 0x00, 0x00, 0x00, 0x00, 0x00, 0x00, 0x00, 0x00, 0x00, 0x00, 0x00,
    0x00, 0x00, 0x00, 0x00, 0x00, 0x00, 0x00, 0x00, 0x00, 0x00, 0x00, 0x00, 0x00, 0x00, 0x00, 0x00,
    0x00, 0x00, 0x00, 0x00, 0x00, 0x00, 0x00, 0x00, 0x00, 0x00, 0x00, 0x00, 0x00, 0x00, 0x00, 0x00,
    0x00, 0x00, 0x00, 0x00, 0x00, 0x00, 0x00, 0x00, 0x00, 0x00, 0x00, 0x00, 0x00, 0x00, 0x00, 0x00,
    0x00, 0x00, 0x00, 0x00, 0x00, 0x00, 0x00, 0x00, 0x00, 0x00, 0x00, 0x00, 0x00, 0x00, 0x00, 0x00,
    0x00, 0x00, 0x00, 0x00, 0x00, 0x00, 0x00, 0x00, 0x00, 0x00, 0x00, 0x00, 0x00, 0x00, 0x00, 0x00,
    0x00, 0x00, 0x00, 0x00, 0x00, 0x00, 0x00, 0x00, 0x00, 0x00, 0x00, 0x00, 0x00, 0x00, 0x00, 0x00,
    0x00, 0x00, 0x00, 0x00, 0x00, 0x00, 0x00, 0x00, 0x00, 0x00, 0x00, 0x00, 0x00, 0x00, 0x00, 0x00,
    0x00, 0x00, 0x00, 0x00, 0x00, 0x00, 0x00, 0x00, 0x00, 0x00, 0x00, 0x00, 0x00, 0x00, 0x00, 0x00,
    0x00, 0x00, 0x00, 0x00, 0x00, 0x00, 0x00, 0x00, 0x00, 0x00, 0x00, 0x00, 0x00, 0x00, 0x00, 0x00,
    0x00, 0x00, 0x00, 0x00, 0x00, 0x00, 0x00, 0x00, 0x00, 0x00, 0x00, 0x00, 0x00, 0x00, 0x00, 0x00,
    0x00, 0x00, 0x00, 0x00, 0x00, 0x00, 0x00, 0x00, 0x00, 0x00, 0x00, 0x00, 0x00, 0x00, 0x00, 0x00,
    0x00, 0x00, 0x00, 0x00, 0x00, 0x00, 0x00, 0x00, 0x00, 0x00, 0x00, 0x00, 0x00, 0x00, 0x00, 0x00,
    0x74, 0x72, 0x72, 0x00, 0x74, 0x71, 0x74, 0x00, 0x74, 0x71, 0x74, 0x00, 0x74, 0x72, 0x72, 0x00,
    0x74, 0x72, 0x72, 0x00, 0x74, 0x72, 0x72, 0x00, 0x74, 0x72, 0x72, 0x00, 0x74, 0x72, 0x72, 0x00,
    0x72, 0x72, 0x72, 0x00, 0x74, 0x71, 0x74, 0x00, 0x76, 0x71, 0x74, 0x00, 0x74, 0x71, 0x74, 0x00,
    0x70, 0x72, 0x72, 0x00, 0x6e, 0x73, 0x72, 0x00, 0x72, 0x71, 0x74, 0x00, 0x72, 0x71, 0x74, 0x00,
    0x00, 0x00, 0x02, 0x00, 0x00, 0x00, 0x02, 0x00, 0x00, 0x00, 0x02, 0x00, 0x00, 0x00, 0x02, 0x00,
    0x00, 0x00, 0x02, 0x00, 0x00, 0x00, 0x02, 0x00, 0x00, 0x00, 0x02, 0x00, 0x00, 0x00, 0x02, 0x00,
    0x00, 0x00, 0x02, 0x00, 0x00, 0x00, 0x02, 0x00, 0x00, 0x00, 0x02, 0x00, 0x00, 0x00, 0x02, 0x00,
    0x00, 0x00, 0x02, 0x00, 0x00, 0x00, 0x02, 0x00, 0x00, 0x00, 0x02, 0x00, 0x00, 0x00, 0x02, 0x00,
    0x00, 0x00, 0x00, 0x00, 0x00, 0x01, 0x00, 0x00, 0x00, 0x01, 0x00, 0x00, 0x00, 0x01, 0x00, 0x00,
    0x00, 0x01, 0x00, 0x00, 0x00, 0x01, 0x00, 0x00, 0x00, 0x01, 0x00, 0x00, 0x00, 0x01, 0x00, 0x00,
    0x00, 0x00, 0x00, 0x00, 0x00, 0x00, 0x00, 0x00, 0x00, 0x00, 0x00, 0x00, 0x00, 0x00, 0x00, 0x00,
    0x00, 0x00, 0x00, 0x00, 0x00, 0x00, 0x00, 0x00, 0x00, 0x00, 0x00, 0x00, 0x00, 0x00, 0x00, 0x00,
    0x00, 0x00, 0x00, 0x00, 0x00, 0x00, 0x00, 0x00, 0x00, 0x00, 0x00, 0x00, 0x00, 0x00, 0x00, 0x00,
    0x00, 0x00, 0x00, 0x00, 0x00, 0x00, 0x00, 0x00, 0x00, 0x00, 0x00, 0x00, 0x00, 0x00, 0x00, 0x00,
    0x00, 0x00, 0x00, 0x00, 0x00, 0x00, 0x00, 0x00, 0x00, 0x00, 0x00, 0x00, 0x00, 0x00, 0x00, 0x00,
    0x00, 0x00, 0x00, 0x00, 0x00, 0x00, 0x00, 0x00, 0x00, 0x00, 0x00, 0x00, 0x00, 0x00, 0x00, 0x00,
    0x00, 0x00, 0x00, 0x00, 0x00, 0x00, 0x00, 0x00, 0x00, 0x00, 0x00, 0x00, 0x00, 0x00, 0x00, 0x00,
    0x00, 0x00, 0x00, 0x00, 0x00, 0x00, 0x00, 0x00, 0x00, 0x00, 0x00, 0x00, 0x00, 0x00, 0x00, 0x00,
    0x00, 0x00, 0x00, 0x00, 0x00, 0x00, 0x00, 0x00, 0x00, 0x00, 0x00, 0x00, 0x00, 0x00, 0x00, 0x00,
    0x00, 0x00, 0x00, 0x00, 0x00, 0x00, 0x00, 0x00, 0x00, 0x00, 0x00, 0x00, 0x00, 0x00, 0x00, 0x00,
    0x00, 0x00, 0x00, 0x00, 0x00, 0x00, 0x00, 0x00, 0x00, 0x00, 0x00, 0x00, 0x00, 0x00, 0x00, 0x00,
    0x00, 0x00, 0x00, 0x00, 0x00, 0x00, 0x00, 0x00, 0x00, 0x00, 0x00, 0x00, 0x00, 0x00, 0x00, 0x00,
    0x00, 0x00, 0x00, 0x00, 0x00, 0x00, 0x00, 0x00, 0x00, 0x00, 0x00, 0x00, 0x00, 0x00, 0x00, 0x00,
    0x00, 0x01, 0x00, 0x00, 0x00, 0x01, 0x00, 0x00, 0x00, 0x01, 0x00, 0x00, 0x00, 0x01, 0x00, 0x00,
    0x74, 0x73, 0x71, 0x00, 0x74, 0x72, 0x72, 0x00, 0x74, 0x72, 0x72, 0x00, 0x74, 0x73, 0x71, 0x00,
    0x74, 0x73, 0x71, 0x00, 0x74, 0x73, 0x71, 0x00, 0x74, 0x73, 0x71, 0x00, 0x72, 0x73, 0x71, 0x00,
    0x6c, 0x72, 0x74, 0x00, 0x6c, 0x72, 0x75, 0x00, 0x72, 0x70, 0x77, 0x00, 0x72, 0x70, 0x75, 0x00,
    0x6c, 0x73, 0x72, 0x00, 0x6c, 0x74, 0x71, 0x00, 0x72, 0x72, 0x72, 0x00, 0x74, 0x71, 0x74, 0x00,
    0x02, 0x00, 0x02, 0x00, 0x02, 0x00, 0x02, 0x00, 0x02, 0x00, 0x02, 0x00, 0x02, 0x00, 0x02, 0x00,
    0x02, 0x00, 0x02, 0x00, 0x02, 0x00, 0x02, 0x00, 0x02, 0x00, 0x02, 0x00, 0x02, 0x00, 0x02, 0x00,
    0x02, 0x00, 0x02, 0x00, 0x02, 0x00, 0x02, 0x00, 0x02, 0x00, 0x02, 0x00, 0x02, 0x00, 0x02, 0x00,
    0x02, 0x00, 0x02, 0x00, 0x02, 0x00, 0x02, 0x00, 0x02, 0x00, 0x02, 0x00, 0x02, 0x00, 0x02, 0x00,
    0x00, 0x00, 0x00, 0x00, 0x00, 0x01, 0x00, 0x00, 0x00, 0x01, 0x00, 0x00, 0x00, 0x01, 0x00, 0x00,
    0x00, 0x01, 0x00, 0x00, 0x00, 0x01, 0x00, 0x00, 0x00, 0x01, 0x00, 0x00, 0x00, 0x01, 0x00, 0x00,
    0x00, 0x00, 0x00, 0x00, 0x00, 0x00, 0x00, 0x00, 0x00, 0x00, 0x00, 0x00, 0x00, 0x00, 0x00, 0x00,
    0x00, 0x00, 0x00, 0x00, 0x00, 0x00, 0x00, 0x00, 0x00, 0x00, 0x00, 0x00, 0x00, 0x00, 0x00, 0x00,
    0x00, 0x00, 0x00, 0x00, 0x00, 0x00, 0x00, 0x00, 0x00, 0x00, 0x00, 0x00, 0x00, 0x00, 0x00, 0x00,
    0x00, 0x00, 0x00, 0x00, 0x00, 0x00, 0x00, 0x00, 0x00, 0x00, 0x00, 0x00, 0x00, 0x00, 0x00, 0x00,
    0x00, 0x00, 0x00, 0x00, 0x00, 0x00, 0x00, 0x00, 0x00, 0x00, 0x00, 0x00, 0x00, 0x00, 0x00, 0x00,
    0x00, 0x00, 0x00, 0x00, 0x00, 0x00, 0x00, 0x00, 0x00, 0x00, 0x00, 0x00, 0x00, 0x00, 0x00, 0x00,
    0x00, 0x00, 0x00, 0x00, 0x00, 0x00, 0x00, 0x00, 0x00, 0x00, 0x00, 0x00, 0x00, 0x00, 0x00, 0x00,
    0x00, 0x00, 0x00, 0x00, 0x00, 0x00, 0x00, 0x00, 0x00, 0x00, 0x00, 0x00, 0x00, 0x00, 0x00, 0x00,
    0x00, 0x00, 0x00, 0x00, 0x00, 0x00, 0x00, 0x00, 0x00, 0x00, 0x00, 0x00, 0x00, 0x00, 0x00, 0x00,
    0x00, 0x00, 0x00, 0x00, 0x00, 0x00, 0x00, 0x00, 0x00, 0x00, 0x00, 0x00, 0x00, 0x00, 0x00, 0x00,
    0x00, 0x00, 0x00, 0x00, 0x00, 0x00, 0x00, 0x00, 0x00, 0x00, 0x00, 0x00, 0x00, 0x00, 0x00, 0x00,
    0x00, 0x00, 0x00, 0x00, 0x00, 0x00, 0x00, 0x00, 0x00, 0x00, 0x00, 0x00, 0x00, 0x00, 0x00, 0x00,
    0x00, 0x00, 0x00, 0x00, 0x00, 0x00, 0x00, 0x00, 0x00, 0x00, 0x00, 0x00, 0x00, 0x00, 0x00, 0x00,
    0x00, 0x01, 0x00, 0x00, 0x00, 0x01, 0x00, 0x00, 0x00, 0x01, 0x00, 0x00, 0x00, 0x01, 0x00, 0x00,
    0x74, 0x73, 0x71, 0x00, 0x74, 0x73, 0x71, 0x00, 0x74, 0x73, 0x71, 0x00, 0x74, 0x73, 0x71, 0x00,
    0x74, 0x73, 0x6f, 0x00, 0x74, 0x73, 0x6f, 0x00, 0x74, 0x73, 0x6f, 0x00, 0x70, 0x73, 0x71, 0x00,
    0x6a, 0x73, 0x74, 0x00, 0x6a, 0x71, 0x77, 0x00, 0x70, 0x6f, 0x79, 0x00, 0x72, 0x70, 0x77, 0x00,
    0x6c, 0x73, 0x72, 0x00, 0x6c, 0x74, 0x71, 0x00, 0x72, 0x72, 0x72, 0x00, 0x74, 0x71, 0x74, 0x00,
    0x02, 0x00, 0x02, 0x00, 0x02, 0x00, 0x02, 0x00, 0x02, 0x00, 0x02, 0x00, 0x02, 0x00, 0x02, 0x00,
    0x02, 0x00, 0x02, 0x00, 0x02, 0x00, 0x02, 0x00, 0x02, 0x00, 0x02, 0x00, 0x02, 0x00, 0x02, 0x00,
    0x02, 0x00, 0x02, 0x00, 0x02, 0x00, 0x02, 0x00, 0x02, 0x00, 0x02, 0x00, 0x02, 0x00, 0x02, 0x00,
    0x02, 0x00, 0x02, 0x00, 0x02, 0x00, 0x02, 0x00, 0x02, 0x00, 0x02, 0x00, 0x02, 0x00, 0x02, 0x00,
    0x00, 0x00, 0x00, 0x00, 0x00, 0x01, 0x00, 0x00, 0x00, 0x01, 0x00, 0x00, 0x00, 0x01, 0x00, 0x00,
    0x00, 0x01, 0x00, 0x00, 0x00, 0x01, 0x00, 0x00, 0x00, 0x01, 0x00, 0x00, 0x00, 0x01, 0x00, 0x00,
    0x00, 0x00, 0x00, 0x00, 0x00, 0x00, 0x00, 0x00, 0x00, 0x00, 0x00, 0x00, 0x00, 0x00, 0x00, 0x00,
    0x00, 0x00, 0x00, 0x00, 0x00, 0x00, 0x00, 0x00, 0x00, 0x00, 0x00, 0x00, 0x00, 0x00, 0x00, 0x00,
    0x00, 0x00, 0x00, 0x00, 0x00, 0x00, 0x00, 0x00, 0x00, 0x00, 0x00, 0x00, 0x00, 0x00, 0x00, 0x00,
    0x00, 0x00, 0x00, 0x00, 0x00, 0x00, 0x00, 0x00, 0x00, 0x00, 0x00, 0x00, 0x00, 0x00, 0x00, 0x00,
    0x00, 0x00, 0x00, 0x00, 0x00, 0x00, 0x00, 0x00, 0x00, 0x00, 0x00, 0x00, 0x00, 0x00, 0x00, 0x00,
    0x00, 0x00, 0x00, 0x00, 0x00, 0x00, 0x00, 0x00, 0x00, 0x00, 0x00, 0x00, 0x00, 0x00, 0x00, 0x00,
    0x00, 0x00, 0x00, 0x00, 0x00, 0x00, 0x00, 0x00, 0x00, 0x00, 0x00, 0x00, 0x00, 0x00, 0x00, 0x00,
    0x00, 0x00, 0x00, 0x00, 0x00, 0x00, 0x00, 0x00, 0x00, 0x00, 0x00, 0x00, 0x00, 0x00, 0x00, 0x00,
    0x00, 0x00, 0x00, 0x00, 0x00, 0x00, 0x00, 0x00, 0x00, 0x00, 0x00, 0x00, 0x00, 0x00, 0x00, 0x00,
    0x00, 0x00, 0x00, 0x00, 0x00, 0x00, 0x00, 0x00, 0x00, 0x00, 0x00, 0x00, 0x00, 0x00, 0x00, 0x00,
    },
};
