/* Auto-generated by scripts/icon/webp2c.py from usb_err.webp (size=94x94) */
#include "lvgl.h"

const lv_image_dsc_t eos_icon_usb_err = {
    .header = {
        .magic = LV_IMAGE_HEADER_MAGIC,
        .cf = LV_COLOR_FORMAT_ARGB8888,
        .flags = 0,
        .w = 94,
        .h = 94,
        .stride = 376,
        .reserved_2 = 0,
    },
    .data_size = 35344,
    .data = (const uint8_t[]){
    0x00, 0x00, 0x00, 0x00, 0x00, 0x00, 0x00, 0x00, 0x00, 0x00, 0x00, 0x00, 0x00, 0x00, 0x00, 0x00,
    0x00, 0x00, 0x00, 0x00, 0x00, 0x00, 0x00, 0x00, 0x00, 0x00, 0x00, 0x00, 0x00, 0x00, 0x00, 0x00,
    0x00, 0x00, 0x00, 0x00, 0x00, 0x00, 0x00, 0x00, 0x00, 0x00, 0x00, 0x00, 0x00, 0x00, 0x00, 0x00,
    0x00, 0x00, 0x00, 0x00, 0x00, 0x00, 0x00, 0x00, 0x00, 0x00, 0x00, 0x00, 0x00, 0x00, 0x00, 0x00,
    0x00, 0x00, 0x00, 0x00, 0x00, 0x00, 0x00, 0x00, 0x00, 0x00, 0x00, 0x00, 0x00, 0x00, 0x00, 0x00,
    0x00, 0x00, 0x00, 0x00, 0x00, 0x00, 0x00, 0x00, 0x00, 0x00, 0x00, 0x00, 0x00, 0x00, 0x00, 0x00,
    0xfc, 0xfb, 0xfc, 0x00, 0xfc, 0xfb, 0xfc, 0x00, 0xfc, 0xfb, 0xfc, 0x00, 0xfc, 0xfb, 0xfc, 0x00,
    0xfc, 0xfb, 0xfc, 0x00, 0xfc, 0xfb, 0xfc, 0x00, 0xfa, 0xfa, 0xfa, 0x00, 0xfa, 0xfa, 0xfa, 0x00,
    0xfa, 0xfa, 0xfa, 0x00, 0xfa, 0xfa, 0xfa, 0x00, 0xf9, 0xf9, 0xf9, 0x00, 0xf9, 0xf9, 0xf9, 0x00,
    0xf9, 0xf9, 0xf9, 0x00, 0xf9, 0xf9, 0xf9, 0x00, 0xf9, 0xf9, 0xf9, 0x00, 0xf8, 0xf8, 0xf8, 0x00,
    0xf8, 0xf8, 0xf8, 0x00, 0xf7, 0xf7, 0xf7, 0x00, 0xf7, 0xf7, 0xf7, 0x00, 0xf6, 0xf6, 0xf6, 0x00,
    0xf6, 0xf6, 0xf6, 0x00, 0xf5, 0xf5, 0xf5, 0x00, 0xf3, 0xf3, 0xf3, 0x00, 0xf3, 0xf3, 0xf3, 0x00,
    0xf1, 0xf3, 0xf5, 0x00, 0xf1, 0xf3, 0xf5, 0x00, 0xf0, 0xf2, 0xf4, 0x00, 0xf0, 0xf2, 0xf4, 0x00,
    0xf0, 0xf2, 0xf4, 0x00, 0xf0, 0xf2, 0xf4, 0x00, 0xf0, 0xf2, 0xf4, 0x00, 0xf0, 0xf2, 0xf4, 0x00,
    0xe8, 0xea, 0xec, 0x00, 0xe8, 0xea, 0xec, 0x00, 0xe8, 0xea, 0xec, 0x00, 0xe8, 0xea, 0xec, 0x00,
    0xea, 0xea, 0xea, 0x00, 0xea, 0xea, 0xea, 0x00, 0xea, 0xea, 0xea, 0x00, 0xea, 0xea, 0xea, 0x00,
    0xbb, 0xbb, 0xbb, 0x00, 0xbb, 0xbb, 0xbb, 0x00, 0xbb, 0xbb, 0xbb, 0x00, 0xbb, 0xbb, 0xbb, 0x00,
    0xbd, 0xbc, 0xba, 0x00, 0xbd, 0xbc, 0xba, 0x00, 0xbb, 0xbc, 0xba, 0x00, 0xbb, 0xbc, 0xba, 0x00,
    0x01, 0x02, 0x00, 0x00, 0x01, 0x02, 0x00, 0x00, 0x00, 0x02, 0x00, 0x00, 0x00, 0x02, 0x00, 0x00,
    0x01, 0x01, 0x01, 0x00, 0x01, 0x01, 0x01, 0x00, 0x01, 0x01, 0x01, 0x00, 0x01, 0x01, 0x01, 0x00,
    0x00, 0x00, 0x00, 0x00, 0x00, 0x00, 0x00, 0x00, 0x00, 0x00, 0x00, 0x00, 0x00, 0x00, 0x00, 0x00,
    0x02, 0x00, 0x02, 0x00, 0x02, 0x00, 0x02, 0x00, 0x00, 0x00, 0x00, 0x00, 0x00, 0x00, 0x00, 0x00,
    0x00, 0x00, 0x00, 0x00, 0x00, 0x00, 0x00, 0x00, 0x00, 0x01, 0x00, 0x00, 0x00, 0x01, 0x00, 0x00,
    0x00, 0x01, 0x00, 0x00, 0x00, 0x01, 0x00, 0x00, 0x00, 0x00, 0x00, 0x00, 0x00, 0x00, 0x00, 0x00,
    0x00, 0x00, 0x00, 0x00, 0x00, 0x00, 0x00, 0x00, 0x00, 0x00, 0x00, 0x00, 0x00, 0x00, 0x00, 0x00,
    0x00, 0x00, 0x00, 0x00, 0x00, 0x00, 0x00, 0x00, 0x00, 0x00, 0x00, 0x00, 0x00, 0x00, 0x00, 0x00,
    0x00, 0x00, 0x00, 0x00, 0x00, 0x00, 0x00, 0x00, 0x00, 0x00, 0x00, 0x00, 0x00, 0x00, 0x00, 0x00,
    0x00, 0x00, 0x00, 0x00, 0x00, 0x00, 0x00, 0x00, 0x00, 0x00, 0x00, 0x00, 0x00, 0x00, 0x00, 0x00,
    0x00, 0x00, 0x00, 0x00, 0x00, 0x00, 0x00, 0x00, 0x00, 0x00, 0x00, 0x00, 0x00, 0x00, 0x00, 0x00,
    0x00, 0x00, 0x00, 0x00, 0x00, 0x00, 0x00, 0x00, 0xfc, 0xfb, 0xfc, 0x00, 0xfc, 0xfb, 0xfc, 0x00,
    0xfc, 0xfb, 0xfc, 0x00, 0xfc, 0xfb, 0xfc, 0x00, 0xfc, 0xfb, 0xfc, 0x00, 0xfc, 0xfb, 0xfc, 0x00,
    0xfa, 0xfa, 0xfa, 0x00, 0xfa, 0xfa, 0xfa, 0x00, 0xfa, 0xfa, 0xfa, 0x00, 0xfa, 0xfa, 0xfa, 0x00,
    0xf9, 0xf9, 0xf9, 0x00, 0xf9, 0xf9, 0xf9, 0x00, 0xf9, 0xf9, 0xf9, 0x00, 0xf9, 0xf9, 0xf9, 0x00,
    0xf9, 0xf9, 0xf9, 0x00, 0xf8, 0xf8, 0xf8, 0x00, 0xf8, 0xf8, 0xf8, 0x00, 0xf7, 0xf7, 0xf7, 0x00,
    0xf7, 0xf7, 0xf7, 0x00, 0xf6, 0xf6, 0xf6, 0x00, 0xf6, 0xf6, 0xf6, 0x00, 0xf5, 0xf5, 0xf5, 0x00,
    0xf3, 0xf3, 0xf3, 0x00, 0xf3, 0xf3, 0xf3, 0x00, 0xf1, 0xf3, 0xf5, 0x00, 0xf1, 0xf3, 0xf5, 0x00,
    0xf0, 0xf2, 0xf4, 0x00, 0xf0, 0xf2, 0xf4, 0x00, 0xf0, 0xf2, 0xf4, 0x00, 0xf0, 0xf2, 0xf4, 0x00,
    0xf0, 0xf2, 0xf4, 0x00, 0xf0, 0xf2, 0xf4, 0x00, 0xe8, 0xea, 0xec, 0x00, 0xe8, 0xea, 0xec, 0x00,
    0xe8, 0xea, 0xec, 0x00, 0xe8, 0xea, 0xec, 0x00, 0xea, 0xea, 0xea, 0x00, 0xea, 0xea, 0xea, 0x00,
    0xea, 0xea, 0xea, 0x00, 0xea, 0xea, 0xea, 0x00, 0xbb, 0xbb, 0xbb, 0x00, 0xbb, 0xbb, 0xbb, 0x00,
    0xbb, 0xbb, 0xbb, 0x00, 0xbb, 0xbb, 0xbb, 0x00, 0xbd, 0xbc, 0xba, 0x00, 0xbd, 0xbc, 0xba, 0x00,
    0xbb, 0xbc, 0xba, 0x00, 0xbb, 0xbc, 0xba, 0x00, 0x01, 0x02, 0x00, 0x00, 0x01, 0x02, 0x00, 0x00,
    0x00, 0x02, 0x00, 0x00, 0x00, 0x02, 0x00, 0x00, 0x01, 0x01, 0x01, 0x00, 0x01, 0x01, 0x01, 0x00,
    0x01, 0x01, 0x01, 0x00, 0x01, 0x01, 0x01, 0x00, 0x00, 0x00, 0x00, 0x00, 0x00, 0x00, 0x00, 0x00,
    0x00, 0x00, 0x00, 0x00, 0x00, 0x00, 0x00, 0x00, 0x02, 0x00, 0x02, 0x00, 0x02, 0x00, 0x02, 0x00,
    0x00, 0x00, 0x00, 0x00, 0x00, 0x00, 0x00, 0x00, 0x00, 0x00, 0x00, 0x00, 0x00, 0x00, 0x00, 0x00,
    0x00, 0x01, 0x00, 0x00, 0x00, 0x01, 0x00, 0x00, 0x00, 0x01, 0x00, 0x00, 0x00, 0x01, 0x00, 0x00,
    0x00, 0x00, 0x00, 0x00, 0x00, 0x00, 0x00, 0x00, 0x00, 0x00, 0x00, 0x00, 0x00, 0x00, 0x00, 0x00,
    0x00, 0x00, 0x00, 0x00, 0x00, 0x00, 0x00, 0x00, 0x00, 0x00, 0x00, 0x00, 0x00, 0x00, 0x00, 0x00,
    0x00, 0x00, 0x00, 0x00, 0x00, 0x00, 0x00, 0x00, 0x00, 0x00, 0x00, 0x00, 0x00, 0x00, 0x00, 0x00,
    0x00, 0x00, 0x00, 0x00, 0x00, 0x00, 0x00, 0x00, 0x00, 0x00, 0x00, 0x00, 0x00, 0x00, 0x00, 0x00,
    0x00, 0x00, 0x00, 0x00, 0x00, 0x00, 0x00, 0x00, 0x00, 0x00, 0x00, 0x00, 0x00, 0x00, 0x00, 0x00,
    0x00, 0x00, 0x00, 0x00, 0x00, 0x00, 0x00, 0x00, 0x00, 0x00, 0x00, 0x00, 0x00, 0x00, 0x00, 0x00,
    0xfc, 0xfb, 0xfc, 0x00, 0xfc, 0xfb, 0xfc, 0x00, 0xfc, 0xfb, 0xfc, 0x00, 0xfc, 0xfb, 0xfc, 0x00,
    0xfc, 0xfb, 0xfc, 0x00, 0xfc, 0xfb, 0xfc, 0x00, 0xfa, 0xfa, 0xfa, 0x00, 0xfa, 0xfa, 0xfa, 0x00,
    0xfa, 0xfa, 0xfa, 0x00, 0xfa, 0xfa, 0xfa, 0x00, 0xf9, 0xf9, 0xf9, 0x00, 0xf9, 0xf9, 0xf9, 0x00,
    0xf9, 0xf9, 0xf9, 0x00, 0xf9, 0xf9, 0xf9, 0x00, 0xf9, 0xf9, 0xf9, 0x00, 0xf8, 0xf8, 0xf8, 0x00,
    0xf8, 0xf8, 0xf8, 0x00, 0xf7, 0xf7, 0xf7, 0x00, 0xf7, 0xf7, 0xf7, 0x00, 0xf6, 0xf6, 0xf6, 0x00,
    0xf6, 0xf6, 0xf6, 0x00, 0xf5, 0xf5, 0xf5, 0x00, 0xf3, 0xf3, 0xf3, 0x00, 0xf3, 0xf3, 0xf3, 0x00,
    0xf1, 0xf3, 0xf5, 0x00, 0xf1, 0xf3, 0xf5, 0x00, 0xf0, 0xf2, 0xf4, 0x00, 0xf0, 0xf2, 0xf4, 0x00,
    0xf0, 0xf2, 0xf4, 0x00, 0xf0, 0xf2, 0xf4, 0x00, 0xf0, 0xf2, 0xf4, 0x00, 0xf0, 0xf2, 0xf4, 0x00,
    0xe8, 0xea, 0xec, 0x00, 0xe8, 0xea, 0xec, 0x00, 0xe8, 0xea, 0xec, 0x00, 0xe8, 0xea, 0xec, 0x00,
    0xea, 0xea, 0xea, 0x00, 0xea, 0xea, 0xea, 0x00, 0xea, 0xea, 0xea, 0x00, 0xea, 0xea, 0xea, 0x00,
    0xbb, 0xbb, 0xbb, 0x00, 0xbd, 0xbd, 0xbd, 0x00, 0xbb, 0xbb, 0xbb, 0x00, 0xbb, 0xbb, 0xbb, 0x00,
    0xbd, 0xbc, 0xba, 0x00, 0xbd, 0xbc, 0xba, 0x00, 0xbb, 0xbc, 0xba, 0x00, 0xbb, 0xbc, 0xba, 0x00,
    0x01, 0x02, 0x00, 0x00, 0x01, 0x02, 0x00, 0x00, 0x00, 0x02, 0x00, 0x00, 0x00, 0x02, 0x00, 0x00,
    0x01, 0x01, 0x01, 0x00, 0x01, 0x01, 0x01, 0x00, 0x01, 0x01, 0x01, 0x00, 0x01, 0x01, 0x01, 0x00,
    0x00, 0x00, 0x00, 0x00, 0x00, 0x00, 0x00, 0x00, 0x00, 0x00, 0x00, 0x00, 0x00, 0x00, 0x00, 0x00,
    0x02, 0x00, 0x02, 0x00, 0x02, 0x00, 0x02, 0x00, 0x00, 0x00, 0x00, 0x00, 0x00, 0x00, 0x00, 0x00,
    0x00, 0x00, 0x00, 0x00, 0x00, 0x00, 0x00, 0x00, 0x00, 0x01, 0x00, 0x00, 0x00, 0x01, 0x00, 0x00,
    0x00, 0x01, 0x00, 0x00, 0x00, 0x01, 0x00, 0x00, 0x00, 0x00, 0x00, 0x00, 0x00, 0x00, 0x00, 0x00,
    0x00, 0x00, 0x00, 0x00, 0x00, 0x00, 0x00, 0x00, 0x00, 0x00, 0x00, 0x00, 0x00, 0x00, 0x00, 0x00,
    0x00, 0x00, 0x00, 0x00, 0x00, 0x00, 0x00, 0x00, 0x00, 0x00, 0x00, 0x00, 0x00, 0x00, 0x00, 0x00,
    0x00, 0x00, 0x00, 0x00, 0x00, 0x00, 0x00, 0x00, 0x00, 0x00, 0x00, 0x00, 0x00, 0x00, 0x00, 0x00,
    0x00, 0x00, 0x00, 0x00, 0x00, 0x00, 0x00, 0x00, 0x00, 0x00, 0x00, 0x00, 0x00, 0x00, 0x00, 0x00,
    0x00, 0x00, 0x00, 0x00, 0x00, 0x00, 0x00, 0x00, 0x00, 0x00, 0x00, 0x00, 0x00, 0x00, 0x00, 0x00,
    0x00, 0x00, 0x00, 0x00, 0x00, 0x00, 0x00, 0x00, 0xfc, 0xfb, 0xfc, 0x00, 0xfc, 0xfb, 0xfc, 0x00,
    0xfc, 0xfb, 0xfc, 0x00, 0xfc, 0xfb, 0xfc, 0x00, 0xfc, 0xfb, 0xfc, 0x00, 0xfc, 0xfb, 0xfc, 0x00,
    0xfa, 0xfa, 0xfa, 0x00, 0xfa, 0xfa, 0xfa, 0x00, 0xfa, 0xfa, 0xfa, 0x00, 0xfa, 0xfa, 0xfa, 0x00,
    0xf9, 0xf9, 0xf9, 0x00, 0xf9, 0xf9, 0xf9, 0x00, 0xf9, 0xf9, 0xf9, 0x00, 0xf9, 0xf9, 0xf9, 0x00,
    0xf9, 0xf9, 0xf9, 0x00, 0xf8, 0xf8, 0xf8, 0x00, 0xf8, 0xf8, 0xf8, 0x00, 0xf7, 0xf7, 0xf7, 0x00,
    0xf7, 0xf7, 0xf7, 0x00, 0xf6, 0xf6, 0xf6, 0x00, 0xf6, 0xf6, 0xf6, 0x00, 0xf5, 0xf5, 0xf5, 0x00,
    0xf3, 0xf3, 0xf3, 0x00, 0xf3, 0xf3, 0xf3, 0x00, 0xf1, 0xf3, 0xf5, 0x00, 0xf1, 0xf3, 0xf5, 0x00,
    0xf0, 0xf2, 0xf4, 0x00, 0xf0, 0xf2, 0xf4, 0x00, 0xf0, 0xf2, 0xf4, 0x00, 0xf0, 0xf2, 0xf4, 0x00,
    0xf0, 0xf2, 0xf4, 0x00, 0xf0, 0xf2, 0xf4, 0x00, 0xe8, 0xea, 0xec, 0x00, 0xe8, 0xea, 0xec, 0x00,
    0xe8, 0xea, 0xec, 0x00, 0xe8, 0xea, 0xec, 0x00, 0xea, 0xe9, 0xec, 0x00, 0xea, 0xea, 0xea, 0x00,
    0xea, 0xea, 0xea, 0x00, 0xea, 0xea, 0xea, 0x00, 0xbb, 0xbb, 0xbb, 0x00, 0xbd, 0xbd, 0xbd, 0x00,
    0xbb, 0xbb, 0xbb, 0x00, 0xbb, 0xbb, 0xbb, 0x00, 0xbd, 0xbc, 0xba, 0x00, 0xbd, 0xbc, 0xba, 0x00,
    0xbb, 0xbc, 0xba, 0x00, 0xbb, 0xbc, 0xba, 0x00, 0x01, 0x02, 0x00, 0x00, 0x01, 0x02, 0x00, 0x00,
    0x00, 0x02, 0x00, 0x00, 0x00, 0x02, 0x00, 0x00, 0x01, 0x01, 0x01, 0x00, 0x01, 0x01, 0x01, 0x00,
    0x01, 0x01, 0x01, 0x00, 0x01, 0x01, 0x01, 0x00, 0x00, 0x00, 0x00, 0x00, 0x00, 0x00, 0x00, 0x00,
    0x00, 0x00, 0x00, 0x00, 0x00, 0x00, 0x00, 0x00, 0x02, 0x00, 0x02, 0x00, 0x02, 0x00, 0x02, 0x00,
    0x00, 0x00, 0x00, 0x00, 0x00, 0x00, 0x00, 0x00, 0x00, 0x00, 0x00, 0x00, 0x00, 0x00, 0x00, 0x00,
    0x00, 0x01, 0x00, 0x00, 0x00, 0x01, 0x00, 0x00, 0x00, 0x01, 0x00, 0x00, 0x00, 0x01, 0x00, 0x00,
    0x00, 0x00, 0x00, 0x00, 0x00, 0x00, 0x00, 0x00, 0x00, 0x00, 0x00, 0x00, 0x00, 0x00, 0x00, 0x00,
    0x00, 0x00, 0x00, 0x00, 0x00, 0x00, 0x00, 0x00, 0x00, 0x00, 0x00, 0x00, 0x00, 0x00, 0x00, 0x00,
    0x00, 0x00, 0x00, 0x00, 0x00, 0x00, 0x00, 0x00, 0x00, 0x00, 0x00, 0x00, 0x00, 0x00, 0x00, 0x00,
    0x00, 0x00, 0x00, 0x00, 0x00, 0x00, 0x00, 0x00, 0x00, 0x00, 0x00, 0x00, 0x00, 0x00, 0x00, 0x00,
    0x00, 0x00, 0x00, 0x00, 0x00, 0x00, 0x00, 0x00, 0x00, 0x00, 0x00, 0x00, 0x00, 0x00, 0x00, 0x00,
    0x00, 0x00, 0x00, 0x00, 0x00, 0x00, 0x00, 0x00, 0x00, 0x00, 0x00, 0x00, 0x00, 0x00, 0x00, 0x00,
    0xfc, 0xfb, 0xfc, 0x00, 0xfc, 0xfb, 0xfc, 0x00, 0xfc, 0xfb, 0xfc, 0x00, 0xfc, 0xfb, 0xfc, 0x00,
    0xfc, 0xfb, 0xfc, 0x00, 0xfc, 0xfb, 0xfc, 0x00, 0xfd, 0xfd, 0xfd, 0x03, 0xfd, 0xfd, 0xfd, 0x03,
    0xfe, 0xfd, 0xff, 0x03, 0xfe, 0xfd, 0xff, 0x03, 0xff, 0xfe, 0xff, 0x03, 0xff, 0xfe, 0xff, 0x03,
    0xff, 0xfe, 0xff, 0x03, 0xff, 0xfe, 0xff, 0x03, 0xff, 0xff, 0xff, 0x03, 0xff, 0xff, 0xff, 0x03,
    0xff, 0xff, 0xff, 0x03, 0xff, 0xff, 0xff, 0x03, 0xff, 0xff, 0xff, 0x03, 0xff, 0xff, 0xff, 0x03,
    0xff, 0xff, 0xff, 0x03, 0xff, 0xfe, 0xff, 0x03, 0xfe, 0xfd, 0xff, 0x03, 0xfe, 0xfd, 0xff, 0x03,
    0xfc, 0xfd, 0xff, 0x03, 0xfc, 0xfd, 0xff, 0x03, 0xfb, 0xfc, 0xfe, 0x03, 0xfb, 0xfc, 0xfe, 0x03,
    0xff, 0xff, 0xff, 0x03, 0xff, 0xff, 0xff, 0x03, 0xff, 0xff, 0xff, 0x03, 0xff, 0xff, 0xff, 0x03,
    0xff, 0xff, 0xff, 0x03, 0xff, 0xff, 0xff, 0x03, 0xff, 0xff, 0xff, 0x03, 0xff, 0xff, 0xff, 0x03,
    0xf8, 0xf7, 0xfa, 0x03, 0xff, 0xfe, 0xff, 0x03, 0xfd, 0xfc, 0xfe, 0x03, 0xc2, 0xc2, 0xc4, 0x04,
    0xfe, 0xfe, 0xfe, 0x01, 0xbd, 0xbd, 0xbd, 0x00, 0xbe, 0xbd, 0xbf, 0x00, 0xc1, 0xc1, 0xc1, 0x00,
    0xbf, 0xbd, 0xbb, 0x00, 0xbf, 0xbd, 0xbb, 0x00, 0xbd, 0xbd, 0xbb, 0x00, 0xbd, 0xbd, 0xbb, 0x00,
    0x00, 0x01, 0x00, 0x00, 0x00, 0x01, 0x00, 0x00, 0x00, 0x01, 0x00, 0x00, 0x00, 0x01, 0x00, 0x00,
    0x00, 0x00, 0x00, 0x00, 0x00, 0x00, 0x00, 0x00, 0x00, 0x00, 0x00, 0x00, 0x00, 0x00, 0x00, 0x00,
    0x00, 0x00, 0x00, 0x00, 0x00, 0x00, 0x00, 0x00, 0x00, 0x00, 0x00, 0x00, 0x00, 0x00, 0x00, 0x00,
    0x02, 0x00, 0x02, 0x00, 0x02, 0x00, 0x02, 0x00, 0x00, 0x00, 0x00, 0x00, 0x00, 0x00, 0x00, 0x00,
    0x00, 0x00, 0x00, 0x00, 0x00, 0x00, 0x00, 0x00, 0x00, 0x00, 0x00, 0x00, 0x00, 0x00, 0x00, 0x00,
    0x00, 0x00, 0x00, 0x00, 0x00, 0x00, 0x00, 0x00, 0x00, 0x00, 0x00, 0x00, 0x00, 0x00, 0x00, 0x00,
    0x00, 0x00, 0x00, 0x00, 0x00, 0x00, 0x00, 0x00, 0x00, 0x00, 0x00, 0x00, 0x00, 0x00, 0x00, 0x00,
    0x00, 0x00, 0x00, 0x00, 0x00, 0x00, 0x00, 0x00, 0x00, 0x00, 0x00, 0x00, 0x00, 0x00, 0x00, 0x00,
    0x00, 0x00, 0x00, 0x00, 0x00, 0x00, 0x00, 0x00, 0x00, 0x00, 0x00, 0x00, 0x00, 0x00, 0x00, 0x00,
    0x00, 0x00, 0x00, 0x00, 0x00, 0x00, 0x00, 0x00, 0x00, 0x00, 0x00, 0x00, 0x00, 0x00, 0x00, 0x00,
    0x00, 0x00, 0x00, 0x00, 0x00, 0x00, 0x00, 0x00, 0x00, 0x00, 0x00, 0x00, 0x00, 0x00, 0x00, 0x00,
    0x00, 0x00, 0x00, 0x00, 0x00, 0x00, 0x00, 0x00, 0xfc, 0xfb, 0xfc, 0x00, 0xfc, 0xfb, 0xfc, 0x00,
    0xfc, 0xfb, 0xfc, 0x00, 0xfc, 0xfb, 0xfc, 0x00, 0xfc, 0xfb, 0xfc, 0x00, 0xfa, 0xfa, 0xfa, 0x00,
    0xfa, 0xfa, 0xfa, 0x00, 0xf9, 0xf9, 0xf9, 0x00, 0xf9, 0xf8, 0xfb, 0x00, 0xf8, 0xf7, 0xfa, 0x00,
    0xf8, 0xf7, 0xfa, 0x00, 0xf7, 0xf6, 0xf8, 0x00, 0xf7, 0xf6, 0xf8, 0x00, 0xf7, 0xf6, 0xf8, 0x00,
    0xf7, 0xf6, 0xf8, 0x00, 0xf7, 0xf6, 0xf8, 0x00, 0xf7, 0xf6, 0xf8, 0x00, 0xf7, 0xf6, 0xf8, 0x00,
    0xf7, 0xf6, 0xf8, 0x00, 0xf6, 0xf5, 0xf7, 0x00, 0xf6, 0xf5, 0xf7, 0x00, 0xf5, 0xf4, 0xf6, 0x00,
    0xf3, 0xf3, 0xf5, 0x00, 0xf3, 0xf3, 0xf5, 0x00, 0xf1, 0xf3, 0xf5, 0x00, 0xf1, 0xf3, 0xf5, 0x00,
    0xf1, 0xf3, 0xf5, 0x00, 0xf1, 0xf3, 0xf5, 0x00, 0xf3, 0xf2, 0xf7, 0x00, 0xf3, 0xf2, 0xf7, 0x00,
    0xf2, 0xf3, 0xf8, 0x00, 0xf2, 0xf3, 0xf8, 0x00, 0xe6, 0xe6, 0xeb, 0x00, 0xe6, 0xe6, 0xeb, 0x00,
    0xe7, 0xe8, 0xec, 0x00, 0xe7, 0xe8, 0xec, 0x00, 0xea, 0xe9, 0xec, 0x00, 0xea, 0xe9, 0xec, 0x00,
    0xe9, 0xe8, 0xea, 0x00, 0xe5, 0xe5, 0xe7, 0x00, 0xbd, 0xbd, 0xbd, 0x00, 0xbd, 0xbd, 0xbd, 0x00,
    0xc5, 0xc4, 0xc6, 0x00, 0xbe, 0xbd, 0xbf, 0x00, 0xbf, 0xbc, 0xbd, 0x00, 0xbf, 0xbd, 0xbb, 0x00,
    0xbd, 0xbd, 0xbb, 0x00, 0xbd, 0xbd, 0xbb, 0x00, 0x00, 0x01, 0x00, 0x00, 0x00, 0x01, 0x00, 0x00,
    0x00, 0x01, 0x00, 0x00, 0x00, 0x01, 0x00, 0x00, 0x00, 0x00, 0x00, 0x00, 0x00, 0x00, 0x00, 0x00,
    0x00, 0x00, 0x00, 0x00, 0x00, 0x00, 0x00, 0x00, 0x00, 0x00, 0x00, 0x00, 0x00, 0x00, 0x00, 0x00,
    0x00, 0x00, 0x00, 0x00, 0x00, 0x00, 0x00, 0x00, 0x02, 0x00, 0x02, 0x00, 0x02, 0x00, 0x02, 0x00,
    0x00, 0x00, 0x00, 0x00, 0x00, 0x00, 0x00, 0x00, 0x00, 0x00, 0x00, 0x00, 0x00, 0x00, 0x00, 0x00,
    0x00, 0x00, 0x00, 0x00, 0x00, 0x00, 0x00, 0x00, 0x00, 0x00, 0x00, 0x00, 0x00, 0x00, 0x00, 0x00,
    0x00, 0x00, 0x00, 0x00, 0x00, 0x00, 0x00, 0x00, 0x00, 0x00, 0x00, 0x00, 0x00, 0x00, 0x00, 0x00,
    0x00, 0x00, 0x00, 0x00, 0x00, 0x00, 0x00, 0x00, 0x00, 0x00, 0x00, 0x00, 0x00, 0x00, 0x00, 0x00,
    0x00, 0x00, 0x00, 0x00, 0x00, 0x00, 0x00, 0x00, 0x00, 0x00, 0x00, 0x00, 0x00, 0x00, 0x00, 0x00,
    0x00, 0x00, 0x00, 0x00, 0x00, 0x00, 0x00, 0x00, 0x00, 0x00, 0x00, 0x00, 0x00, 0x00, 0x00, 0x00,
    0x00, 0x00, 0x00, 0x00, 0x00, 0x00, 0x00, 0x00, 0x00, 0x00, 0x00, 0x00, 0x00, 0x00, 0x00, 0x00,
    0x00, 0x00, 0x00, 0x00, 0x00, 0x00, 0x00, 0x00, 0x00, 0x00, 0x00, 0x00, 0x00, 0x00, 0x00, 0x00,
    0xfc, 0xfb, 0xfc, 0x00, 0xfc, 0xfb, 0xfc, 0x00, 0xf9, 0xfc, 0xfc, 0x00, 0xf9, 0xfc, 0xfc, 0x00,
    0xfc, 0xfb, 0xfc, 0x01, 0xfc, 0xfb, 0xfc, 0x00, 0xf9, 0xfc, 0xfc, 0x56, 0xf9, 0xfc, 0xfc, 0x91,
    0xf9, 0xfb, 0xfd, 0x8b, 0xf9, 0xfb, 0xfd, 0x8c, 0xf9, 0xfb, 0xfd, 0x8d, 0xf9, 0xfb, 0xfd, 0x8c,
    0xf9, 0xfb, 0xfd, 0x8c, 0xf9, 0xfb, 0xfd, 0x8d, 0xf9, 0xfb, 0xfd, 0x8d, 0xf8, 0xfa, 0xfc, 0x8c,
    0xf7, 0xf9, 0xfb, 0x8d, 0xf6, 0xf8, 0xfa, 0x8d, 0xf6, 0xf8, 0xfa, 0x8d, 0xf5, 0xf6, 0xf8, 0x8d,
    0xf5, 0xf6, 0xf8, 0x8d, 0xf4, 0xf5, 0xf7, 0x8d, 0xf2, 0xf4, 0xf6, 0x8d, 0xf2, 0xf4, 0xf6, 0x8d,
    0xf2, 0xf4, 0xf6, 0x8d, 0xf2, 0xf4, 0xf6, 0x8d, 0xf1, 0xf3, 0xf5, 0x8d, 0xf1, 0xf3, 0xf5, 0x8d,
    0xf2, 0xf1, 0xf5, 0x8d, 0xf2, 0xf1, 0xf5, 0x8d, 0xf0, 0xf1, 0xf5, 0x8d, 0xf0, 0xf1, 0xf5, 0x8d,
    0xec, 0xec, 0xf1, 0x8d, 0xec, 0xec, 0xf1, 0x8d, 0xec, 0xec, 0xf1, 0x8d, 0xec, 0xec, 0xf1, 0x8d,
    0xef, 0xee, 0xf0, 0x8d, 0xf5, 0xf4, 0xf6, 0x8c, 0xec, 0xec, 0xee, 0x91, 0xdb, 0xda, 0xdc, 0x78,
    0xb3, 0xb3, 0xb3, 0x09, 0xbf, 0xbf, 0xbf, 0x00, 0xfa, 0xfa, 0xfc, 0x01, 0xbf, 0xbe, 0xc1, 0x00,
    0xbf, 0xbc, 0xbd, 0x00, 0xbf, 0xbd, 0xbb, 0x00, 0xbd, 0xbd, 0xbb, 0x00, 0xbd, 0xbd, 0xbb, 0x00,
    0x00, 0x01, 0x00, 0x00, 0x00, 0x01, 0x00, 0x00, 0x00, 0x01, 0x00, 0x00, 0x00, 0x01, 0x00, 0x00,
    0x00, 0x00, 0x00, 0x00, 0x00, 0x00, 0x00, 0x00, 0x00, 0x00, 0x00, 0x00, 0x00, 0x00, 0x00, 0x00,
    0x00, 0x00, 0x00, 0x00, 0x00, 0x00, 0x00, 0x00, 0x00, 0x00, 0x00, 0x00, 0x00, 0x00, 0x00, 0x00,
    0x02, 0x00, 0x02, 0x00, 0x02, 0x00, 0x02, 0x00, 0x00, 0x00, 0x00, 0x00, 0x00, 0x00, 0x00, 0x00,
    0x00, 0x00, 0x00, 0x00, 0x00, 0x00, 0x00, 0x00, 0x00, 0x00, 0x00, 0x00, 0x00, 0x00, 0x00, 0x00,
    0x00, 0x00, 0x00, 0x00, 0x00, 0x00, 0x00, 0x00, 0x00, 0x00, 0x00, 0x00, 0x00, 0x00, 0x00, 0x00,
    0x00, 0x00, 0x00, 0x00, 0x00, 0x00, 0x00, 0x00, 0x00, 0x00, 0x00, 0x00, 0x00, 0x00, 0x00, 0x00,
    0x00, 0x00, 0x00, 0x00, 0x00, 0x00, 0x00, 0x00, 0x00, 0x00, 0x00, 0x00, 0x00, 0x00, 0x00, 0x00,
    0x00, 0x00, 0x00, 0x00, 0x00, 0x00, 0x00, 0x00, 0x00, 0x00, 0x00, 0x00, 0x00, 0x00, 0x00, 0x00,
    0x00, 0x00, 0x00, 0x00, 0x00, 0x00, 0x00, 0x00, 0x00, 0x00, 0x00, 0x00, 0x00, 0x00, 0x00, 0x00,
    0x00, 0x00, 0x00, 0x00, 0x00, 0x00, 0x00, 0x00, 0x00, 0x00, 0x00, 0x00, 0x00, 0x00, 0x00, 0x00,
    0x00, 0x00, 0x00, 0x00, 0x00, 0x00, 0x00, 0x00, 0xfe, 0xfb, 0xfc, 0x00, 0xfe, 0xfb, 0xfc, 0x00,
    0xf9, 0xfc, 0xfc, 0x00, 0xf9, 0xfb, 0xfd, 0x00, 0xf9, 0xfa, 0xff, 0x01, 0xf9, 0xf9, 0xff, 0x00,
    0xf9, 0xfa, 0xff, 0xcf, 0xf9, 0xfa, 0xff, 0xff, 0xf1, 0xf3, 0xf5, 0xfe, 0xf1, 0xf3, 0xf5, 0xff,
    0xf1, 0xf3, 0xf5, 0xff, 0xf1, 0xf3, 0xf5, 0xff, 0xf1, 0xf3, 0xf5, 0xff, 0xf1, 0xf3, 0xf5, 0xff,
    0xf1, 0xf3, 0xf5, 0xff, 0xf1, 0xf3, 0xf5, 0xff, 0xea, 0xec, 0xee, 0xff, 0xea, 0xec, 0xee, 0xff,
    0xea, 0xec, 0xee, 0xff, 0xe9, 0xeb, 0xed, 0xff, 0xe9, 0xeb, 0xed, 0xff, 0xe8, 0xea, 0xec, 0xff,
    0xe7, 0xe8, 0xea, 0xff, 0xe7, 0xe8, 0xea, 0xff, 0xe7, 0xe8, 0xea, 0xff, 0xe7, 0xe8, 0xea, 0xff,
    0xe6, 0xe7, 0xe9, 0xff, 0xe6, 0xe7, 0xe9, 0xff, 0xe3, 0xe1, 0xe6, 0xff, 0xe3, 0xe1, 0xe6, 0xff,
    0xe1, 0xe2, 0xe6, 0xff, 0xe0, 0xe1, 0xe5, 0xff, 0xdf, 0xdf, 0xe4, 0xff, 0xde, 0xde, 0xe3, 0xff,
    0xde, 0xde, 0xe3, 0xff, 0xde, 0xde, 0xe3, 0xff, 0xe1, 0xe0, 0xe2, 0xff, 0xd6, 0xd5, 0xd8, 0xfe,
    0xe2, 0xe1, 0xe3, 0xff, 0xcb, 0xca, 0xcc, 0xf2, 0x8c, 0x8b, 0x8d, 0x2f, 0xc0, 0xbf, 0xc2, 0x00,
    0x7b, 0x7b, 0x7d, 0x02, 0xbd, 0xbc, 0xbe, 0x00, 0xbf, 0xbc, 0xbd, 0x00, 0xbf, 0xbd, 0xbb, 0x00,
    0xbd, 0xbd, 0xbb, 0x00, 0xbd, 0xbd, 0xbb, 0x00, 0x00, 0x01, 0x00, 0x00, 0x00, 0x01, 0x00, 0x00,
    0x00, 0x01, 0x00, 0x00, 0x00, 0x01, 0x00, 0x00, 0x00, 0x00, 0x00, 0x00, 0x00, 0x00, 0x00, 0x00,
    0x00, 0x00, 0x00, 0x00, 0x00, 0x00, 0x00, 0x00, 0x00, 0x00, 0x00, 0x00, 0x00, 0x00, 0x00, 0x00,
    0x00, 0x00, 0x00, 0x00, 0x00, 0x00, 0x00, 0x00, 0x02, 0x00, 0x02, 0x00, 0x02, 0x00, 0x02, 0x00,
    0x00, 0x00, 0x00, 0x00, 0x00, 0x00, 0x00, 0x00, 0x00, 0x00, 0x00, 0x00, 0x00, 0x00, 0x00, 0x00,
    0x00, 0x00, 0x00, 0x00, 0x00, 0x00, 0x00, 0x00, 0x00, 0x00, 0x00, 0x00, 0x00, 0x00, 0x00, 0x00,
    0x00, 0x00, 0x00, 0x00, 0x00, 0x00, 0x00, 0x00, 0x00, 0x00, 0x00, 0x00, 0x00, 0x00, 0x00, 0x00,
    0x00, 0x00, 0x00, 0x00, 0x00, 0x00, 0x00, 0x00, 0x00, 0x00, 0x00, 0x00, 0x00, 0x00, 0x00, 0x00,
    0x00, 0x00, 0x00, 0x00, 0x00, 0x00, 0x00, 0x00, 0x00, 0x00, 0x00, 0x00, 0x00, 0x00, 0x00, 0x00,
    0x00, 0x00, 0x00, 0x00, 0x00, 0x00, 0x00, 0x00, 0x00, 0x00, 0x00, 0x00, 0x00, 0x00, 0x00, 0x00,
    0x00, 0x00, 0x00, 0x00, 0x00, 0x00, 0x00, 0x00, 0x00, 0x00, 0x00, 0x00, 0x00, 0x00, 0x00, 0x00,
    0x00, 0x00, 0x00, 0x00, 0x00, 0x00, 0x00, 0x00, 0x00, 0x00, 0x00, 0x00, 0x02, 0x00, 0x00, 0x00,
    0xad, 0xa5, 0xa8, 0x00, 0xab, 0xa6, 0xa7, 0x00, 0xa7, 0xa6, 0xa7, 0x00, 0xa2, 0xa6, 0xaa, 0x00,
    0xa3, 0xa7, 0xb6, 0x00, 0x4f, 0x52, 0x66, 0x03, 0xd6, 0xd8, 0xe6, 0xc8, 0xdc, 0xdd, 0xe6, 0xff,
    0xd8, 0xd8, 0xdd, 0xf9, 0xd8, 0xd9, 0xdb, 0xfb, 0xd8, 0xd9, 0xdb, 0xfb, 0xd7, 0xd8, 0xda, 0xfb,
    0xd7, 0xd8, 0xda, 0xfb, 0xd5, 0xd7, 0xd9, 0xfb, 0xd5, 0xd7, 0xd9, 0xfb, 0xd4, 0xd6, 0xd8, 0xfb,
    0xd3, 0xd5, 0xd7, 0xfb, 0xd2, 0xd3, 0xd6, 0xfb, 0xd2, 0xd3, 0xd6, 0xfb, 0xd1, 0xd2, 0xd4, 0xfb,
    0xd3, 0xd1, 0xd6, 0xfb, 0xd2, 0xd0, 0xd5, 0xfb, 0xd0, 0xcf, 0xd4, 0xfb, 0xd0, 0xcf, 0xd4, 0xfb,
    0xd0, 0xcf, 0xd4, 0xfb, 0xd0, 0xcf, 0xd4, 0xfb, 0xcf, 0xce, 0xd2, 0xfb, 0xcf, 0xce, 0xd2, 0xfb,
    0xcb, 0xc9, 0xce, 0xfb, 0xcb, 0xc9, 0xce, 0xfb, 0xcb, 0xc9, 0xce, 0xfb, 0xc9, 0xc8, 0xcd, 0xfb,
    0xc8, 0xc7, 0xcb, 0xfb, 0xc7, 0xc5, 0xca, 0xfb, 0xc5, 0xc6, 0xca, 0xfb, 0xc5, 0xc6, 0xca, 0xfb,
    0xc6, 0xc4, 0xc9, 0xfb, 0xc2, 0xc1, 0xc6, 0xfb, 0xc5, 0xc3, 0xc8, 0xfb, 0xb4, 0xb2, 0xb9, 0xed,
    0x6f, 0x6c, 0x73, 0x31, 0x78, 0x75, 0x7d, 0x00, 0x7d, 0x7b, 0x80, 0x02, 0x78, 0x77, 0x7a, 0x00,
    0x7a, 0x78, 0x78, 0x00, 0x7a, 0x78, 0x76, 0x00, 0x78, 0x79, 0x76, 0x00, 0x78, 0x7a, 0x75, 0x00,
    0x00, 0x02, 0x00, 0x00, 0x00, 0x02, 0x00, 0x00, 0x00, 0x01, 0x00, 0x00, 0x00, 0x01, 0x00, 0x00,
    0x00, 0x00, 0x00, 0x00, 0x00, 0x00, 0x00, 0x00, 0x00, 0x00, 0x00, 0x00, 0x00, 0x00, 0x00, 0x00,
    0x00, 0x00, 0x00, 0x00, 0x00, 0x00, 0x00, 0x00, 0x00, 0x00, 0x00, 0x00, 0x00, 0x00, 0x00, 0x00,
    0x02, 0x00, 0x02, 0x00, 0x02, 0x00, 0x02, 0x00, 0x02, 0x00, 0x02, 0x00, 0x02, 0x00, 0x02, 0x00,
    0x02, 0x00, 0x02, 0x00, 0x02, 0x00, 0x02, 0x00, 0x00, 0x00, 0x00, 0x00, 0x00, 0x00, 0x00, 0x00,
    0x00, 0x00, 0x00, 0x00, 0x00, 0x00, 0x00, 0x00, 0x00, 0x00, 0x00, 0x00, 0x00, 0x00, 0x00, 0x00,
    0x00, 0x00, 0x00, 0x00, 0x00, 0x00, 0x00, 0x00, 0x00, 0x00, 0x00, 0x00, 0x00, 0x00, 0x00, 0x00,
    0x00, 0x00, 0x00, 0x00, 0x00, 0x00, 0x00, 0x00, 0x00, 0x00, 0x00, 0x00, 0x00, 0x00, 0x00, 0x00,
    0x00, 0x00, 0x00, 0x00, 0x00, 0x00, 0x00, 0x00, 0x00, 0x00, 0x00, 0x00, 0x00, 0x00, 0x00, 0x00,
    0x00, 0x00, 0x00, 0x00, 0x00, 0x00, 0x00, 0x00, 0x00, 0x00, 0x00, 0x00, 0x00, 0x00, 0x00, 0x00,
    0x00, 0x00, 0x00, 0x00, 0x00, 0x00, 0x00, 0x00, 0x00, 0x00, 0x00, 0x00, 0x00, 0x00, 0x00, 0x00,
    0x00, 0x00, 0x00, 0x00, 0x02, 0x00, 0x00, 0x00, 0xab, 0xa5, 0xa8, 0x00, 0xab, 0xa6, 0xa7, 0x00,
    0xa4, 0xa8, 0xa5, 0x00, 0x9e, 0xa7, 0xa8, 0x00, 0x99, 0xa6, 0xb4, 0x00, 0x10, 0x1c, 0x2f, 0x03,
    0xdc, 0xe3, 0xf2, 0xcb, 0xe3, 0xe6, 0xf1, 0xff, 0xd6, 0xd9, 0xdd, 0xfd, 0xd8, 0xd9, 0xdb, 0xff,
    0xd8, 0xd9, 0xdb, 0xff, 0xd7, 0xd8, 0xda, 0xff, 0xd7, 0xd8, 0xda, 0xff, 0xd5, 0xd7, 0xd9, 0xff,
    0xd5, 0xd7, 0xd9, 0xff, 0xd4, 0xd6, 0xd8, 0xff, 0xd3, 0xd5, 0xd7, 0xff, 0xd2, 0xd3, 0xd6, 0xff,
    0xd2, 0xd3, 0xd6, 0xff, 0xd1, 0xd2, 0xd4, 0xff, 0xd3, 0xd1, 0xd6, 0xff, 0xd2, 0xd0, 0xd5, 0xff,
    0xd0, 0xcf, 0xd4, 0xff, 0xd0, 0xcf, 0xd4, 0xff, 0xd0, 0xcf, 0xd4, 0xff, 0xd0, 0xcf, 0xd4, 0xff,
    0xcf, 0xce, 0xd2, 0xff, 0xcf, 0xce, 0xd2, 0xff, 0xcb, 0xc9, 0xce, 0xff, 0xcb, 0xc9, 0xce, 0xff,
    0xcb, 0xc9, 0xce, 0xff, 0xc9, 0xc8, 0xcd, 0xff, 0xc8, 0xc7, 0xcb, 0xff, 0xc7, 0xc5, 0xca, 0xff,
    0xc5, 0xc6, 0xca, 0xff, 0xc5, 0xc6, 0xca, 0xff, 0xc6, 0xc4, 0xc9, 0xff, 0xc2, 0xc1, 0xc6, 0xfe,
    0xc5, 0xc2, 0xca, 0xff, 0xb4, 0xb2, 0xb9, 0xf1, 0x6f, 0x6b, 0x75, 0x31, 0x78, 0x75, 0x7e, 0x00,
    0x7d, 0x7a, 0x81, 0x02, 0x78, 0x76, 0x7b, 0x00, 0x7a, 0x77, 0x7a, 0x00, 0x7a, 0x78, 0x78, 0x00,
    0x78, 0x79, 0x76, 0x00, 0x78, 0x7a, 0x75, 0x00, 0x00, 0x02, 0x00, 0x00, 0x00, 0x02, 0x00, 0x00,
    0x00, 0x01, 0x00, 0x00, 0x00, 0x01, 0x00, 0x00, 0x00, 0x00, 0x00, 0x00, 0x00, 0x00, 0x00, 0x00,
    0x00, 0x00, 0x00, 0x00, 0x00, 0x00, 0x00, 0x00, 0x00, 0x00, 0x00, 0x00, 0x00, 0x00, 0x00, 0x00,
    0x00, 0x00, 0x00, 0x00, 0x00, 0x00, 0x00, 0x00, 0x02, 0x00, 0x02, 0x00, 0x02, 0x00, 0x02, 0x00,
    0x02, 0x00, 0x02, 0x00, 0x02, 0x00, 0x02, 0x00, 0x02, 0x00, 0x02, 0x00, 0x02, 0x00, 0x02, 0x00,
    0x00, 0x00, 0x00, 0x00, 0x00, 0x00, 0x00, 0x00, 0x00, 0x00, 0x00, 0x00, 0x00, 0x00, 0x00, 0x00,
    0x00, 0x00, 0x00, 0x00, 0x00, 0x00, 0x00, 0x00, 0x00, 0x00, 0x00, 0x00, 0x00, 0x00, 0x00, 0x00,
    0x00, 0x00, 0x00, 0x00, 0x00, 0x00, 0x00, 0x00, 0x00, 0x00, 0x00, 0x00, 0x00, 0x00, 0x00, 0x00,
    0x00, 0x00, 0x00, 0x00, 0x00, 0x00, 0x00, 0x00, 0x00, 0x00, 0x00, 0x00, 0x00, 0x00, 0x00, 0x00,
    0x00, 0x00, 0x00, 0x00, 0x00, 0x00, 0x00, 0x00, 0x00, 0x00, 0x00, 0x00, 0x00, 0x00, 0x00, 0x00,
    0x00, 0x00, 0x00, 0x00, 0x00, 0x00, 0x00, 0x00, 0x00, 0x00, 0x00, 0x00, 0x00, 0x00, 0x00, 0x00,
    0x00, 0x00, 0x00, 0x00, 0x00, 0x00, 0x00, 0x00, 0x00, 0x00, 0x00, 0x00, 0x00, 0x00, 0x00, 0x00,
    0xa4, 0xa6, 0xa8, 0x00, 0xa2, 0xa7, 0xa7, 0x00, 0xa4, 0xa9, 0xa3, 0x00, 0x9c, 0xa9, 0xa5, 0x00,
    0x8f, 0xab, 0xae, 0x00, 0x33, 0x4e, 0x55, 0x03, 0xcd, 0xda, 0xe1, 0xcb, 0xdd, 0xe4, 0xea, 0xff,
    0xd6, 0xd9, 0xdd, 0xfd, 0xd6, 0xda, 0xdb, 0xff, 0xd6, 0xda, 0xdb, 0xff, 0xd5, 0xd9, 0xda, 0xff,
    0xd5, 0xd9, 0xda, 0xff, 0xd3, 0xd7, 0xd9, 0xff, 0xd3, 0xd7, 0xd9, 0xff, 0xd2, 0xd6, 0xd8, 0xff,
    0xd1, 0xd5, 0xd7, 0xff, 0xd0, 0xd4, 0xd6, 0xff, 0xd0, 0xd4, 0xd6, 0xff, 0xd1, 0xd2, 0xd4, 0xff,
    0xd1, 0xd2, 0xd6, 0xff, 0xd0, 0xd0, 0xd5, 0xff, 0xce, 0xcf, 0xd4, 0xff, 0xce, 0xcf, 0xd4, 0xff,
    0xd0, 0xcf, 0xd4, 0xff, 0xd0, 0xcf, 0xd4, 0xff, 0xcf, 0xce, 0xd2, 0xff, 0xcf, 0xce, 0xd2, 0xff,
    0xcb, 0xc9, 0xce, 0xff, 0xcb, 0xc9, 0xce, 0xff, 0xcb, 0xc9, 0xce, 0xff, 0xc9, 0xc8, 0xcd, 0xff,
    0xc8, 0xc7, 0xcb, 0xff, 0xc7, 0xc5, 0xca, 0xff, 0xc5, 0xc6, 0xca, 0xff, 0xc5, 0xc6, 0xca, 0xff,
    0xc6, 0xc4, 0xc9, 0xff, 0xc2, 0xc1, 0xc6, 0xfe, 0xc5, 0xc2, 0xca, 0xff, 0xb4, 0xb2, 0xb9, 0xf1,
    0x6f, 0x6b, 0x75, 0x31, 0x78, 0x75, 0x7e, 0x00, 0x7d, 0x7a, 0x81, 0x02, 0x78, 0x76, 0x7b, 0x00,
    0x7a, 0x77, 0x7a, 0x00, 0x7a, 0x78, 0x78, 0x00, 0x78, 0x79, 0x76, 0x00, 0x78, 0x7a, 0x75, 0x00,
    0x00, 0x02, 0x00, 0x00, 0x00, 0x02, 0x00, 0x00, 0x00, 0x01, 0x00, 0x00, 0x00, 0x01, 0x00, 0x00,
    0x00, 0x00, 0x00, 0x00, 0x00, 0x00, 0x00, 0x00, 0x00, 0x00, 0x00, 0x00, 0x00, 0x00, 0x00, 0x00,
    0x00, 0x00, 0x00, 0x00, 0x00, 0x00, 0x00, 0x00, 0x00, 0x00, 0x00, 0x00, 0x00, 0x00, 0x00, 0x00,
    0x02, 0x00, 0x02, 0x00, 0x02, 0x00, 0x02, 0x00, 0x02, 0x00, 0x02, 0x00, 0x02, 0x00, 0x02, 0x00,
    0x02, 0x00, 0x02, 0x00, 0x02, 0x00, 0x02, 0x00, 0x00, 0x00, 0x00, 0x00, 0x00, 0x00, 0x00, 0x00,
    0x00, 0x00, 0x00, 0x00, 0x00, 0x00, 0x00, 0x00, 0x00, 0x00, 0x00, 0x00, 0x00, 0x00, 0x00, 0x00,
    0x00, 0x00, 0x00, 0x00, 0x00, 0x00, 0x00, 0x00, 0x00, 0x00, 0x00, 0x00, 0x00, 0x00, 0x00, 0x00,
    0x00, 0x00, 0x00, 0x00, 0x00, 0x00, 0x00, 0x00, 0x00, 0x00, 0x00, 0x00, 0x00, 0x00, 0x00, 0x00,
    0x00, 0x00, 0x00, 0x00, 0x00, 0x00, 0x00, 0x00, 0x00, 0x00, 0x00, 0x00, 0x00, 0x00, 0x00, 0x00,
    0x00, 0x00, 0x00, 0x00, 0x00, 0x00, 0x00, 0x00, 0x00, 0x00, 0x00, 0x00, 0x00, 0x00, 0x00, 0x00,
    0x00, 0x00, 0x00, 0x00, 0x00, 0x00, 0x00, 0x00, 0x00, 0x00, 0x00, 0x00, 0x00, 0x00, 0x00, 0x00,
    0x00, 0x00, 0x00, 0x00, 0x00, 0x00, 0x00, 0x00, 0xa0, 0xa7, 0xa8, 0x00, 0xa0, 0xa8, 0xa7, 0x00,
    0xa2, 0xaa, 0xa2, 0x00, 0x9a, 0xab, 0xa2, 0x00, 0x8c, 0xb2, 0xa7, 0x00, 0x24, 0x4c, 0x43, 0x03,
    0xcf, 0xe3, 0xe2, 0xcb, 0xd9, 0xe1, 0xe4, 0xff, 0xd4, 0xd9, 0xdd, 0xfd, 0xd6, 0xd9, 0xdd, 0xff,
    0xd6, 0xd9, 0xdd, 0xff, 0xd5, 0xd8, 0xdc, 0xff, 0xd5, 0xd8, 0xdc, 0xff, 0xd3, 0xd7, 0xd9, 0xff,
    0xd3, 0xd7, 0xd9, 0xff, 0xd2, 0xd6, 0xd8, 0xff, 0xd1, 0xd5, 0xd7, 0xff, 0xcf, 0xd3, 0xd4, 0xff,
    0xcf, 0xd3, 0xd4, 0xff, 0xce, 0xd2, 0xd3, 0xff, 0xd0, 0xd0, 0xd5, 0xff, 0xce, 0xcf, 0xd4, 0xff,
    0xce, 0xcf, 0xd4, 0xff, 0xce, 0xcf, 0xd4, 0xff, 0xce, 0xcc, 0xd1, 0xff, 0xcf, 0xce, 0xd2, 0xff,
    0xcf, 0xce, 0xd2, 0xff, 0xcf, 0xce, 0xd2, 0xff, 0xcb, 0xc9, 0xce, 0xff, 0xcb, 0xc9, 0xce, 0xff,
    0xcb, 0xc9, 0xce, 0xff, 0xc9, 0xc8, 0xcd, 0xff, 0xc8, 0xc7, 0xcb, 0xff, 0xc6, 0xc4, 0xc9, 0xff,
    0xc4, 0xc5, 0xc9, 0xff, 0xc4, 0xc5, 0xc9, 0xff, 0xc5, 0xc3, 0xc8, 0xff, 0xc1, 0xbf, 0xc6, 0xfe,
    0xc4, 0xc1, 0xc8, 0xff, 0xb3, 0xb1, 0xb8, 0xf1, 0x6f, 0x6b, 0x75, 0x31, 0x78, 0x75, 0x7e, 0x00,
    0x7d, 0x7a, 0x81, 0x02, 0x78, 0x76, 0x7b, 0x00, 0x7a, 0x77, 0x7a, 0x00, 0x7a, 0x78, 0x78, 0x00,
    0x78, 0x79, 0x76, 0x00, 0x78, 0x7a, 0x75, 0x00, 0x00, 0x02, 0x00, 0x00, 0x00, 0x02, 0x00, 0x00,
    0x00, 0x01, 0x00, 0x00, 0x00, 0x01, 0x00, 0x00, 0x00, 0x00, 0x00, 0x00, 0x00, 0x00, 0x00, 0x00,
    0x00, 0x00, 0x00, 0x00, 0x00, 0x00, 0x00, 0x00, 0x00, 0x00, 0x00, 0x00, 0x00, 0x00, 0x00, 0x00,
    0x00, 0x00, 0x00, 0x00, 0x00, 0x00, 0x00, 0x00, 0x02, 0x00, 0x02, 0x00, 0x02, 0x00, 0x02, 0x00,
    0x02, 0x00, 0x02, 0x00, 0x02, 0x00, 0x02, 0x00, 0x02, 0x00, 0x02, 0x00, 0x02, 0x00, 0x02, 0x00,
    0x00, 0x00, 0x00, 0x00, 0x00, 0x00, 0x00, 0x00, 0x00, 0x00, 0x00, 0x00, 0x00, 0x00, 0x00, 0x00,
    0x00, 0x00, 0x00, 0x00, 0x00, 0x00, 0x00, 0x00, 0x00, 0x00, 0x00, 0x00, 0x00, 0x00, 0x00, 0x00,
    0x00, 0x00, 0x00, 0x00, 0x00, 0x00, 0x00, 0x00, 0x00, 0x00, 0x00, 0x00, 0x00, 0x00, 0x00, 0x00,
    0x00, 0x00, 0x00, 0x00, 0x00, 0x00, 0x00, 0x00, 0x00, 0x00, 0x00, 0x00, 0x00, 0x00, 0x00, 0x00,
    0x00, 0x00, 0x00, 0x00, 0x00, 0x00, 0x00, 0x00, 0x00, 0x00, 0x00, 0x00, 0x00, 0x00, 0x00, 0x00,
    0x00, 0x00, 0x00, 0x00, 0x00, 0x00, 0x00, 0x00, 0x00, 0x00, 0x00, 0x00, 0x00, 0x00, 0x00, 0x00,
    0x00, 0x00, 0x00, 0x00, 0x00, 0x00, 0x00, 0x00, 0x00, 0x00, 0x00, 0x00, 0x00, 0x00, 0x00, 0x00,
    0xa0, 0xa8, 0xa7, 0x00, 0xa0, 0xa8, 0xa5, 0x00, 0xa2, 0xab, 0xa0, 0x00, 0x9a, 0xaf, 0x9b, 0x00,
    0x8b, 0xb5, 0x9c, 0x00, 0x16, 0x43, 0x2c, 0x03, 0xca, 0xe2, 0xd7, 0xcb, 0xd4, 0xde, 0xdc, 0xff,
    0xcd, 0xd2, 0xd6, 0xfd, 0xcf, 0xd1, 0xd8, 0xff, 0xcf, 0xd1, 0xd8, 0xff, 0xce, 0xd0, 0xd6, 0xff,
    0xce, 0xd0, 0xd6, 0xff, 0xcc, 0xd0, 0xd4, 0xff, 0xcc, 0xd0, 0xd4, 0xff, 0xcc, 0xd0, 0xd4, 0xff,
    0xcc, 0xd0, 0xd4, 0xff, 0xce, 0xd1, 0xd5, 0xff, 0xce, 0xd1, 0xd5, 0xff, 0xcc, 0xd0, 0xd4, 0xff,
    0xce, 0xcf, 0xd4, 0xff, 0xcc, 0xcd, 0xd1, 0xff, 0xcc, 0xcd, 0xd1, 0xff, 0xcb, 0xcc, 0xd0, 0xff,
    0xcb, 0xcb, 0xd2, 0xff, 0xc9, 0xc9, 0xcf, 0xff, 0xc9, 0xc9, 0xcf, 0xff, 0xc7, 0xc7, 0xce, 0xff,
    0xc5, 0xc2, 0xca, 0xff, 0xc5, 0xc2, 0xca, 0xff, 0xc5, 0xc2, 0xca, 0xff, 0xc5, 0xc2, 0xca, 0xff,
    0xc4, 0xc1, 0xc8, 0xff, 0xc5, 0xc2, 0xca, 0xff, 0xc3, 0xc3, 0xca, 0xff, 0xc3, 0xc3, 0xca, 0xff,
    0xc4, 0xc1, 0xc8, 0xff, 0xc0, 0xbe, 0xc5, 0xfe, 0xc2, 0xbf, 0xc9, 0xff, 0xb2, 0xaf, 0xb9, 0xf1,
    0x6f, 0x6b, 0x75, 0x31, 0x78, 0x75, 0x7e, 0x00, 0x7d, 0x7a, 0x81, 0x02, 0x78, 0x76, 0x7b, 0x00,
    0x7a, 0x77, 0x7a, 0x00, 0x7a, 0x78, 0x78, 0x00, 0x78, 0x79, 0x76, 0x00, 0x78, 0x7a, 0x75, 0x00,
    0x00, 0x02, 0x00, 0x00, 0x00, 0x02, 0x00, 0x00, 0x00, 0x01, 0x00, 0x00, 0x00, 0x01, 0x00, 0x00,
    0x00, 0x00, 0x00, 0x00, 0x00, 0x00, 0x00, 0x00, 0x00, 0x00, 0x00, 0x00, 0x00, 0x00, 0x00, 0x00,
    0x00, 0x00, 0x00, 0x00, 0x00, 0x00, 0x00, 0x00, 0x00, 0x00, 0x00, 0x00, 0x00, 0x00, 0x00, 0x00,
    0x02, 0x00, 0x02, 0x00, 0x02, 0x00, 0x02, 0x00, 0x02, 0x00, 0x02, 0x00, 0x02, 0x00, 0x02, 0x00,
    0x02, 0x00, 0x02, 0x00, 0x02, 0x00, 0x02, 0x00, 0x02, 0x00, 0x02, 0x00, 0x02, 0x00, 0x02, 0x00,
    0x02, 0x00, 0x02, 0x00, 0x02, 0x00, 0x02, 0x00, 0x00, 0x00, 0x00, 0x00, 0x00, 0x00, 0x00, 0x00,
    0x00, 0x00, 0x00, 0x00, 0x00, 0x00, 0x00, 0x00, 0x00, 0x00, 0x00, 0x00, 0x00, 0x00, 0x00, 0x00,
    0x00, 0x00, 0x00, 0x00, 0x00, 0x00, 0x00, 0x00, 0x00, 0x00, 0x00, 0x00, 0x00, 0x00, 0x00, 0x00,
    0x00, 0x00, 0x00, 0x00, 0x00, 0x00, 0x00, 0x00, 0x00, 0x00, 0x00, 0x00, 0x00, 0x00, 0x00, 0x00,
    0x00, 0x00, 0x00, 0x00, 0x00, 0x00, 0x00, 0x00, 0x00, 0x00, 0x00, 0x00, 0x00, 0x00, 0x00, 0x00,
    0x00, 0x00, 0x00, 0x00, 0x00, 0x00, 0x00, 0x00, 0x00, 0x00, 0x00, 0x00, 0x00, 0x00, 0x00, 0x00,
    0x00, 0x00, 0x00, 0x00, 0x00, 0x00, 0x00, 0x00, 0xa4, 0xa7, 0xa7, 0x00, 0xa2, 0xa9, 0xa3, 0x00,
    0xa2, 0xac, 0x9d, 0x00, 0x9c, 0xb1, 0x97, 0x00, 0x8f, 0xb9, 0x92, 0x00, 0x1c, 0x46, 0x22, 0x03,
    0xce, 0xe4, 0xd2, 0xcb, 0xd4, 0xde, 0xda, 0xff, 0xcd, 0xd2, 0xd6, 0xfd, 0xcf, 0xd1, 0xd8, 0xff,
    0xcf, 0xd1, 0xd8, 0xff, 0xce, 0xd0, 0xd6, 0xff, 0xce, 0xd0, 0xd6, 0xff, 0xcc, 0xcf, 0xd5, 0xff,
    0xcc, 0xd0, 0xd4, 0xff, 0xcc, 0xd0, 0xd4, 0xff, 0xcc, 0xd0, 0xd4, 0xff, 0xcc, 0xd0, 0xd4, 0xff,
    0xcc, 0xd0, 0xd4, 0xff, 0xcb, 0xce, 0xd2, 0xff, 0xcd, 0xce, 0xd2, 0xff, 0xcb, 0xcc, 0xd0, 0xff,
    0xcb, 0xcc, 0xd0, 0xff, 0xca, 0xcb, 0xcf, 0xff, 0xca, 0xca, 0xd1, 0xff, 0xc9, 0xc9, 0xcf, 0xff,
    0xc9, 0xc9, 0xcf, 0xff, 0xc7, 0xc7, 0xce, 0xff, 0xc5, 0xc2, 0xca, 0xff, 0xc5, 0xc2, 0xca, 0xff,
    0xc5, 0xc2, 0xca, 0xff, 0xc5, 0xc2, 0xca, 0xff, 0xc4, 0xc1, 0xc8, 0xff, 0xc4, 0xc1, 0xc8, 0xff,
    0xc2, 0xc2, 0xc8, 0xff, 0xc2, 0xc2, 0xc8, 0xff, 0xc2, 0xc0, 0xc7, 0xff, 0xbf, 0xbd, 0xc4, 0xfe,
    0xc1, 0xbe, 0xc8, 0xff, 0xb1, 0xae, 0xb7, 0xf1, 0x6f, 0x6b, 0x75, 0x31, 0x78, 0x75, 0x7e, 0x00,
    0x7d, 0x7a, 0x81, 0x02, 0x78, 0x76, 0x7b, 0x00, 0x7a, 0x77, 0x7a, 0x00, 0x7a, 0x78, 0x78, 0x00,
    0x78, 0x79, 0x76, 0x00, 0x78, 0x7a, 0x75, 0x00, 0x00, 0x02, 0x00, 0x00, 0x00, 0x02, 0x00, 0x00,
    0x00, 0x01, 0x00, 0x00, 0x00, 0x01, 0x00, 0x00, 0x00, 0x00, 0x00, 0x00, 0x00, 0x00, 0x00, 0x00,
    0x00, 0x00, 0x00, 0x00, 0x00, 0x00, 0x00, 0x00, 0x00, 0x00, 0x00, 0x00, 0x00, 0x00, 0x00, 0x00,
    0x00, 0x00, 0x00, 0x00, 0x00, 0x00, 0x00, 0x00, 0x02, 0x00, 0x02, 0x00, 0x02, 0x00, 0x02, 0x00,
    0x02, 0x00, 0x02, 0x00, 0x02, 0x00, 0x02, 0x00, 0x02, 0x00, 0x02, 0x00, 0x02, 0x00, 0x02, 0x00,
    0x02, 0x00, 0x02, 0x00, 0x02, 0x00, 0x02, 0x00, 0x02, 0x00, 0x02, 0x00, 0x02, 0x00, 0x02, 0x00,
    0x00, 0x00, 0x00, 0x00, 0x00, 0x00, 0x00, 0x00, 0x00, 0x00, 0x00, 0x00, 0x00, 0x00, 0x00, 0x00,
    0x00, 0x00, 0x00, 0x00, 0x00, 0x00, 0x00, 0x00, 0x00, 0x00, 0x00, 0x00, 0x00, 0x00, 0x00, 0x00,
    0x00, 0x00, 0x00, 0x00, 0x00, 0x00, 0x00, 0x00, 0x00, 0x00, 0x00, 0x00, 0x00, 0x00, 0x00, 0x00,
    0x00, 0x00, 0x00, 0x00, 0x00, 0x00, 0x00, 0x00, 0x00, 0x00, 0x00, 0x00, 0x00, 0x00, 0x00, 0x00,
    0x00, 0x00, 0x00, 0x00, 0x00, 0x00, 0x00, 0x00, 0x00, 0x00, 0x00, 0x00, 0x00, 0x00, 0x00, 0x00,
    0x00, 0x00, 0x00, 0x00, 0x00, 0x00, 0x00, 0x00, 0x00, 0x00, 0x00, 0x00, 0x02, 0x00, 0x00, 0x00,
    0xab, 0xa7, 0xa5, 0x00, 0xa9, 0xa9, 0xa2, 0x00, 0xa4, 0xad, 0x9b, 0x00, 0x9e, 0xb2, 0x93, 0x00,
    0x99, 0xbb, 0x8c, 0x00, 0x27, 0x48, 0x1c, 0x03, 0xd2, 0xe5, 0xce, 0xcb, 0xd6, 0xe0, 0xd7, 0xff,
    0xcf, 0xd3, 0xd4, 0xfd, 0xcf, 0xd1, 0xd8, 0xff, 0xcf, 0xd1, 0xd8, 0xff, 0xce, 0xd0, 0xd6, 0xff,
    0xce, 0xd0, 0xd6, 0xff, 0xcc, 0xcf, 0xd5, 0xff, 0xcc, 0xd0, 0xd4, 0xff, 0xcc, 0xd0, 0xd4, 0xff,
    0xcc, 0xd0, 0xd4, 0xff, 0xcc, 0xd0, 0xd4, 0xff, 0xcc, 0xd0, 0xd4, 0xff, 0xcb, 0xce, 0xd2, 0xff,
    0xcc, 0xcd, 0xd1, 0xff, 0xcb, 0xcc, 0xd0, 0xff, 0xcb, 0xcc, 0xd0, 0xff, 0xca, 0xcb, 0xcf, 0xff,
    0xca, 0xca, 0xd1, 0xff, 0xc9, 0xc9, 0xcf, 0xff, 0xc9, 0xc9, 0xcf, 0xff, 0xc7, 0xc7, 0xce, 0xff,
    0xc5, 0xc2, 0xca, 0xff, 0xc5, 0xc2, 0xca, 0xff, 0xc5, 0xc2, 0xca, 0xff, 0xc5, 0xc2, 0xca, 0xff,
    0xc4, 0xc1, 0xc8, 0xff, 0xc4, 0xc1, 0xc8, 0xff, 0xc2, 0xc2, 0xc8, 0xff, 0xc2, 0xc2, 0xc8, 0xff,
    0xc2, 0xc0, 0xc7, 0xff, 0xbf, 0xbd, 0xc4, 0xfe, 0xc1, 0xbe, 0xc8, 0xff, 0xb1, 0xae, 0xb7, 0xf1,
    0x6f, 0x6b, 0x75, 0x31, 0x78, 0x75, 0x7e, 0x00, 0x7d, 0x7a, 0x81, 0x02, 0x78, 0x76, 0x7b, 0x00,
    0x7a, 0x77, 0x7a, 0x00, 0x7a, 0x78, 0x78, 0x00, 0x78, 0x79, 0x76, 0x00, 0x78, 0x7a, 0x75, 0x00,
    0x00, 0x02, 0x00, 0x00, 0x00, 0x02, 0x00, 0x00, 0x00, 0x01, 0x00, 0x00, 0x00, 0x01, 0x00, 0x00,
    0x00, 0x00, 0x00, 0x00, 0x00, 0x00, 0x00, 0x00, 0x00, 0x00, 0x00, 0x00, 0x00, 0x00, 0x00, 0x00,
    0x00, 0x00, 0x00, 0x00, 0x00, 0x00, 0x00, 0x00, 0x00, 0x00, 0x00, 0x00, 0x00, 0x00, 0x00, 0x00,
    0x02, 0x00, 0x02, 0x00, 0x02, 0x00, 0x02, 0x00, 0x02, 0x00, 0x02, 0x00, 0x02, 0x00, 0x02, 0x00,
    0x02, 0x00, 0x02, 0x00, 0x02, 0x00, 0x02, 0x00, 0x02, 0x00, 0x02, 0x00, 0x02, 0x00, 0x02, 0x00,
    0x02, 0x00, 0x02, 0x00, 0x02, 0x00, 0x02, 0x00, 0x00, 0x00, 0x00, 0x00, 0x00, 0x00, 0x00, 0x00,
    0x00, 0x00, 0x00, 0x00, 0x00, 0x00, 0x00, 0x00, 0x00, 0x00, 0x00, 0x00, 0x00, 0x00, 0x00, 0x00,
    0x00, 0x00, 0x00, 0x00, 0x00, 0x00, 0x00, 0x00, 0x00, 0x00, 0x00, 0x00, 0x00, 0x00, 0x00, 0x00,
    0x00, 0x00, 0x00, 0x00, 0x00, 0x00, 0x00, 0x00, 0x00, 0x00, 0x00, 0x00, 0x00, 0x00, 0x00, 0x00,
    0x00, 0x00, 0x00, 0x00, 0x00, 0x00, 0x00, 0x00, 0x00, 0x00, 0x00, 0x00, 0x00, 0x00, 0x00, 0x00,
    0x00, 0x00, 0x00, 0x00, 0x00, 0x00, 0x00, 0x00, 0x00, 0x00, 0x00, 0x00, 0x00, 0x00, 0x00, 0x00,
    0x00, 0x00, 0x00, 0x00, 0x02, 0x00, 0x00, 0x00, 0xab, 0xa7, 0xa5, 0x00, 0xab, 0xa8, 0xa2, 0x00,
    0xa7, 0xac, 0x9b, 0x00, 0xa0, 0xb1, 0x95, 0x00, 0x9d, 0xb8, 0x8f, 0x00, 0x2b, 0x45, 0x1f, 0x03,
    0xd6, 0xe3, 0xd1, 0xcb, 0xda, 0xde, 0xd9, 0xff, 0xcf, 0xd3, 0xd4, 0xfd, 0xcf, 0xd1, 0xd8, 0xff,
    0xcf, 0xd1, 0xd8, 0xff, 0xce, 0xd0, 0xd6, 0xff, 0xce, 0xd0, 0xd6, 0xff, 0xcc, 0xcf, 0xd5, 0xff,
    0xcc, 0xd0, 0xd4, 0xff, 0xcc, 0xd0, 0xd4, 0xff, 0xcc, 0xd0, 0xd4, 0xff, 0xcc, 0xd0, 0xd4, 0xff,
    0xcc, 0xd0, 0xd4, 0xff, 0xcb, 0xce, 0xd2, 0xff, 0xcc, 0xcd, 0xd1, 0xff, 0xcb, 0xcc, 0xd0, 0xff,
    0xcb, 0xcc, 0xd0, 0xff, 0xca, 0xcb, 0xcf, 0xff, 0xca, 0xca, 0xd1, 0xff, 0xc9, 0xc9, 0xcf, 0xff,
    0xc9, 0xc9, 0xcf, 0xff, 0xc7, 0xc7, 0xce, 0xff, 0xc5, 0xc2, 0xca, 0xff, 0xc5, 0xc2, 0xca, 0xff,
    0xc5, 0xc2, 0xca, 0xff, 0xc5, 0xc2, 0xca, 0xff, 0xc4, 0xc1, 0xc8, 0xff, 0xc4, 0xc1, 0xc8, 0xff,
    0xc2, 0xc2, 0xc8, 0xff, 0xc2, 0xc2, 0xc8, 0xff, 0xc2, 0xc0, 0xc7, 0xff, 0xbf, 0xbd, 0xc4, 0xfe,
    0xc1, 0xbe, 0xc8, 0xff, 0xb1, 0xae, 0xb7, 0xf1, 0x6f, 0x6b, 0x75, 0x31, 0x78, 0x75, 0x7e, 0x00,
    0x7d, 0x7a, 0x81, 0x02, 0x78, 0x76, 0x7b, 0x00, 0x7a, 0x77, 0x7a, 0x00, 0x7a, 0x78, 0x78, 0x00,
    0x78, 0x79, 0x76, 0x00, 0x78, 0x7a, 0x75, 0x00, 0x00, 0x02, 0x00, 0x00, 0x00, 0x02, 0x00, 0x00,
    0x00, 0x01, 0x00, 0x00, 0x00, 0x01, 0x00, 0x00, 0x00, 0x00, 0x00, 0x00, 0x00, 0x00, 0x00, 0x00,
    0x00, 0x00, 0x00, 0x00, 0x00, 0x00, 0x00, 0x00, 0x00, 0x00, 0x00, 0x00, 0x00, 0x00, 0x00, 0x00,
    0x00, 0x00, 0x00, 0x00, 0x00, 0x00, 0x00, 0x00, 0x02, 0x00, 0x02, 0x00, 0x02, 0x00, 0x02, 0x00,
    0x02, 0x00, 0x02, 0x00, 0x02, 0x00, 0x02, 0x00, 0x02, 0x00, 0x02, 0x00, 0x02, 0x00, 0x02, 0x00,
    0x02, 0x00, 0x02, 0x00, 0x02, 0x00, 0x02, 0x00, 0x02, 0x00, 0x02, 0x00, 0x02, 0x00, 0x02, 0x00,
    0x00, 0x00, 0x00, 0x00, 0x00, 0x00, 0x00, 0x00, 0x00, 0x00, 0x00, 0x00, 0x00, 0x00, 0x00, 0x00,
    0x00, 0x00, 0x00, 0x00, 0x00, 0x00, 0x00, 0x00, 0x00, 0x00, 0x00, 0x00, 0x00, 0x00, 0x00, 0x00,
    0x00, 0x00, 0x00, 0x00, 0x00, 0x00, 0x00, 0x00, 0x00, 0x00, 0x00, 0x00, 0x00, 0x00, 0x00, 0x00,
    0x00, 0x00, 0x00, 0x00, 0x00, 0x00, 0x00, 0x00, 0x00, 0x00, 0x00, 0x00, 0x00, 0x00, 0x00, 0x00,
    0x00, 0x00, 0x00, 0x00, 0x00, 0x00, 0x00, 0x00, 0x00, 0x00, 0x00, 0x00, 0x00, 0x00, 0x00, 0x00,
    0x00, 0x00, 0x00, 0x00, 0x00, 0x00, 0x00, 0x00, 0x00, 0x00, 0x00, 0x00, 0x00, 0x01, 0x00, 0x00,
    0x97, 0x9b, 0x95, 0x00, 0x99, 0x9b, 0x94, 0x00, 0x9b, 0x9c, 0x91, 0x00, 0x97, 0x9f, 0x8d, 0x00,
    0x86, 0x9f, 0x8b, 0x00, 0x27, 0x3e, 0x2f, 0x03, 0xce, 0xd2, 0xcf, 0xcb, 0xdb, 0xd7, 0xda, 0xff,
    0xcd, 0xcb, 0xd0, 0xfd, 0xd4, 0xd4, 0xdb, 0xff, 0xcd, 0xcd, 0xd4, 0xff, 0xda, 0xda, 0xe1, 0xff,
    0xd3, 0xd3, 0xda, 0xff, 0xd3, 0xd3, 0xda, 0xff, 0xd3, 0xd3, 0xda, 0xff, 0xd3, 0xd3, 0xda, 0xff,
    0xcc, 0xcc, 0xd3, 0xff, 0xd4, 0xd4, 0xdb, 0xff, 0xda, 0xdb, 0xdf, 0xff, 0xcc, 0xcd, 0xd1, 0xff,
    0xcb, 0xcc, 0xd0, 0xff, 0xca, 0xcb, 0xcf, 0xff, 0xca, 0xcb, 0xcf, 0xff, 0xca, 0xcb, 0xcf, 0xff,
    0xc5, 0xc5, 0xcc, 0xff, 0xc4, 0xc4, 0xcb, 0xff, 0xbf, 0xbf, 0xc6, 0xff, 0xc0, 0xc0, 0xc7, 0xff,
    0xcb, 0xc8, 0xcf, 0xff, 0xcb, 0xc8, 0xcf, 0xff, 0xc9, 0xc9, 0xcf, 0xff, 0xc9, 0xc9, 0xcf, 0xff,
    0xc9, 0xc9, 0xcf, 0xff, 0xcc, 0xcc, 0xd3, 0xff, 0xc9, 0xc9, 0xcf, 0xff, 0xbf, 0xbf, 0xc6, 0xff,
    0xc1, 0xbf, 0xc6, 0xff, 0xbe, 0xbb, 0xc3, 0xfe, 0xc7, 0xc4, 0xce, 0xff, 0xaf, 0xab, 0xb5, 0xf1,
    0x6f, 0x6a, 0x74, 0x31, 0x79, 0x73, 0x7d, 0x00, 0x7d, 0x79, 0x80, 0x02, 0x79, 0x75, 0x7a, 0x00,
    0x79, 0x76, 0x78, 0x00, 0x79, 0x76, 0x77, 0x00, 0x77, 0x78, 0x75, 0x00, 0x77, 0x78, 0x74, 0x00,
    0x00, 0x02, 0x00, 0x00, 0x00, 0x02, 0x00, 0x00, 0x00, 0x01, 0x00, 0x00, 0x00, 0x01, 0x00, 0x00,
    0x00, 0x01, 0x00, 0x00, 0x00, 0x01, 0x00, 0x00, 0x00, 0x01, 0x00, 0x00, 0x00, 0x01, 0x00, 0x00,
    0x00, 0x00, 0x00, 0x00, 0x00, 0x00, 0x00, 0x00, 0x00, 0x00, 0x00, 0x00, 0x00, 0x00, 0x00, 0x00,
    0x00, 0x00, 0x00, 0x00, 0x00, 0x00, 0x00, 0x00, 0x00, 0x00, 0x00, 0x00, 0x00, 0x00, 0x00, 0x00,
    0x00, 0x00, 0x00, 0x00, 0x00, 0x00, 0x00, 0x00, 0x00, 0x00, 0x00, 0x00, 0x00, 0x00, 0x00, 0x00,
    0x00, 0x00, 0x00, 0x00, 0x00, 0x00, 0x00, 0x00, 0x00, 0x00, 0x00, 0x00, 0x00, 0x00, 0x00, 0x00,
    0x00, 0x00, 0x00, 0x00, 0x00, 0x00, 0x00, 0x00, 0x00, 0x00, 0x00, 0x00, 0x00, 0x00, 0x00, 0x00,
    0x00, 0x00, 0x00, 0x00, 0x00, 0x00, 0x00, 0x00, 0x00, 0x00, 0x00, 0x00, 0x00, 0x00, 0x00, 0x00,
    0x00, 0x00, 0x00, 0x00, 0x00, 0x00, 0x00, 0x00, 0x00, 0x00, 0x00, 0x00, 0x00, 0x00, 0x00, 0x00,
    0x00, 0x00, 0x00, 0x00, 0x00, 0x00, 0x00, 0x00, 0x00, 0x00, 0x00, 0x00, 0x00, 0x00, 0x00, 0x00,
    0x00, 0x00, 0x00, 0x00, 0x00, 0x00, 0x00, 0x00, 0x00, 0x00, 0x00, 0x00, 0x00, 0x00, 0x00, 0x00,
    0x00, 0x00, 0x00, 0x00, 0x00, 0x01, 0x00, 0x00, 0x94, 0x9b, 0x95, 0x00, 0x97, 0x9b, 0x95, 0x00,
    0x9d, 0x99, 0x95, 0x00, 0x97, 0x99, 0x99, 0x00, 0x82, 0x94, 0x9a, 0x00, 0x31, 0x43, 0x4c, 0x03,
    0xd3, 0xd0, 0xd8, 0xcb, 0xe1, 0xd7, 0xe0, 0xff, 0xcc, 0xc9, 0xd1, 0xfd, 0x97, 0x96, 0x9d, 0xff,
    0x66, 0x66, 0x6c, 0xff, 0x62, 0x62, 0x69, 0xff, 0x68, 0x68, 0x6f, 0xff, 0x68, 0x68, 0x6f, 0xff,
    0x68, 0x68, 0x6f, 0xff, 0x68, 0x68, 0x6f, 0xff, 0x69, 0x69, 0x70, 0xff, 0x61, 0x61, 0x68, 0xff,
    0x7f, 0x80, 0x84, 0xff, 0xcb, 0xcc, 0xd0, 0xff, 0xcb, 0xcc, 0xd0, 0xff, 0xca, 0xcb, 0xcf, 0xff,
    0xca, 0xcb, 0xcf, 0xff, 0xca, 0xcb, 0xcf, 0xff, 0xca, 0xca, 0xd1, 0xff, 0xc9, 0xc9, 0xcf, 0xff,
    0xc3, 0xc3, 0xca, 0xff, 0x80, 0x80, 0x87, 0xff, 0x61, 0x5e, 0x65, 0xff, 0x61, 0x5e, 0x65, 0xff,
    0x5f, 0x5f, 0x65, 0xff, 0x5f, 0x5f, 0x65, 0xff, 0x5f, 0x5f, 0x65, 0xff, 0x62, 0x62, 0x69, 0xff,
    0x5f, 0x5f, 0x65, 0xff, 0x55, 0x55, 0x5c, 0xff, 0x96, 0x94, 0x9b, 0xff, 0xc4, 0xc1, 0xc8, 0xfe,
    0xc2, 0xbf, 0xc9, 0xff, 0xb6, 0xb2, 0xbc, 0xf1, 0x6f, 0x6a, 0x74, 0x31, 0x79, 0x73, 0x7d, 0x00,
    0x7d, 0x79, 0x80, 0x02, 0x79, 0x75, 0x7a, 0x00, 0x79, 0x76, 0x78, 0x00, 0x79, 0x76, 0x77, 0x00,
    0x77, 0x78, 0x75, 0x00, 0x77, 0x78, 0x74, 0x00, 0x00, 0x02, 0x00, 0x00, 0x00, 0x02, 0x00, 0x00,
    0x00, 0x01, 0x00, 0x00, 0x00, 0x01, 0x00, 0x00, 0x00, 0x01, 0x00, 0x00, 0x00, 0x01, 0x00, 0x00,
    0x00, 0x01, 0x00, 0x00, 0x00, 0x01, 0x00, 0x00, 0x00, 0x00, 0x00, 0x00, 0x00, 0x00, 0x00, 0x00,
    0x00, 0x00, 0x00, 0x00, 0x00, 0x00, 0x00, 0x00, 0x00, 0x00, 0x00, 0x00, 0x00, 0x00, 0x00, 0x00,
    0x00, 0x00, 0x00, 0x00, 0x00, 0x00, 0x00, 0x00, 0x00, 0x00, 0x00, 0x00, 0x00, 0x00, 0x00, 0x00,
    0x00, 0x00, 0x00, 0x00, 0x00, 0x00, 0x00, 0x00, 0x00, 0x00, 0x00, 0x00, 0x00, 0x00, 0x00, 0x00,
    0x00, 0x00, 0x00, 0x00, 0x00, 0x00, 0x00, 0x00, 0x00, 0x00, 0x00, 0x00, 0x00, 0x00, 0x00, 0x00,
    0x00, 0x00, 0x00, 0x00, 0x00, 0x00, 0x00, 0x00, 0x00, 0x00, 0x00, 0x00, 0x00, 0x00, 0x00, 0x00,
    0x00, 0x00, 0x00, 0x00, 0x00, 0x00, 0x00, 0x00, 0x00, 0x00, 0x00, 0x00, 0x00, 0x00, 0x00, 0x00,
    0x00, 0x00, 0x00, 0x00, 0x00, 0x00, 0x00, 0x00, 0x00, 0x00, 0x00, 0x00, 0x00, 0x00, 0x00, 0x00,
    0x00, 0x00, 0x00, 0x00, 0x00, 0x00, 0x00, 0x00, 0x00, 0x00, 0x00, 0x00, 0x00, 0x00, 0x00, 0x00,
    0x00, 0x00, 0x00, 0x00, 0x00, 0x00, 0x00, 0x00, 0x00, 0x00, 0x00, 0x00, 0x00, 0x00, 0x00, 0x00,
    0x94, 0x9a, 0x97, 0x00, 0x97, 0x99, 0x99, 0x00, 0x9b, 0x95, 0x9f, 0x00, 0x94, 0x91, 0xa8, 0x00,
    0x8b, 0x90, 0xb6, 0x00, 0x09, 0x10, 0x33, 0x03, 0xcb, 0xc6, 0xd4, 0xcb, 0xd8, 0xd1, 0xd7, 0xff,
    0xd2, 0xcf, 0xd6, 0xfd, 0x53, 0x53, 0x5a, 0xff, 0x0f, 0x0f, 0x16, 0xff, 0x20, 0x20, 0x27, 0xff,
    0x1c, 0x1c, 0x23, 0xff, 0x1c, 0x1c, 0x23, 0xff, 0x1c, 0x1c, 0x23, 0xff, 0x1c, 0x1c, 0x23, 0xff,
    0x1f, 0x1f, 0x25, 0xff, 0x0e, 0x0e, 0x15, 0xff, 0x32, 0x33, 0x38, 0xff, 0xc0, 0xc1, 0xc6, 0xff,
    0xca, 0xcb, 0xcf, 0xff, 0xca, 0xcb, 0xcf, 0xff, 0xca, 0xcb, 0xcf, 0xff, 0xca, 0xcb, 0xcf, 0xff,
    0xca, 0xca, 0xd1, 0xff, 0xc7, 0xc7, 0xce, 0xff, 0xaa, 0xaa, 0xb1, 0xff, 0x2d, 0x2d, 0x33, 0xff,
    0x1b, 0x18, 0x20, 0xff, 0x1b, 0x18, 0x20, 0xff, 0x19, 0x19, 0x20, 0xff, 0x19, 0x19, 0x20, 0xff,
    0x19, 0x19, 0x20, 0xff, 0x1c, 0x1c, 0x23, 0xff, 0x19, 0x19, 0x20, 0xff, 0x0f, 0x0f, 0x16, 0xff,
    0x54, 0x51, 0x59, 0xff, 0xc5, 0xc2, 0xca, 0xfe, 0xc4, 0xc0, 0xca, 0xff, 0xad, 0xaa, 0xb4, 0xf1,
    0x6f, 0x6a, 0x74, 0x31, 0x79, 0x73, 0x7d, 0x00, 0x7d, 0x79, 0x80, 0x02, 0x79, 0x75, 0x7a, 0x00,
    0x79, 0x76, 0x78, 0x00, 0x79, 0x76, 0x77, 0x00, 0x77, 0x78, 0x75, 0x00, 0x77, 0x78, 0x74, 0x00,
    0x00, 0x02, 0x00, 0x00, 0x00, 0x02, 0x00, 0x00, 0x00, 0x01, 0x00, 0x00, 0x00, 0x01, 0x00, 0x00,
    0x00, 0x01, 0x00, 0x00, 0x00, 0x01, 0x00, 0x00, 0x00, 0x01, 0x00, 0x00, 0x00, 0x01, 0x00, 0x00,
    0x00, 0x00, 0x00, 0x00, 0x00, 0x00, 0x00, 0x00, 0x00, 0x00, 0x00, 0x00, 0x00, 0x00, 0x00, 0x00,
    0x00, 0x00, 0x00, 0x00, 0x00, 0x00, 0x00, 0x00, 0x00, 0x00, 0x00, 0x00, 0x00, 0x00, 0x00, 0x00,
    0x00, 0x00, 0x00, 0x00, 0x00, 0x00, 0x00, 0x00, 0x00, 0x00, 0x00, 0x00, 0x00, 0x00, 0x00, 0x00,
    0x00, 0x00, 0x00, 0x00, 0x00, 0x00, 0x00, 0x00, 0x00, 0x00, 0x00, 0x00, 0x00, 0x00, 0x00, 0x00,
    0x00, 0x00, 0x00, 0x00, 0x00, 0x00, 0x00, 0x00, 0x00, 0x00, 0x00, 0x00, 0x00, 0x00, 0x00, 0x00,
    0x00, 0x00, 0x00, 0x00, 0x00, 0x00, 0x00, 0x00, 0x00, 0x00, 0x00, 0x00, 0x00, 0x00, 0x00, 0x00,
    0x00, 0x00, 0x00, 0x00, 0x00, 0x00, 0x00, 0x00, 0x00, 0x00, 0x00, 0x00, 0x00, 0x00, 0x00, 0x00,
    0x00, 0x00, 0x00, 0x00, 0x00, 0x00, 0x00, 0x00, 0x00, 0x00, 0x00, 0x00, 0x00, 0x00, 0x00, 0x00,
    0x00, 0x00, 0x00, 0x00, 0x00, 0x00, 0x00, 0x00, 0x00, 0x00, 0x00, 0x00, 0x00, 0x00, 0x00, 0x00,
    0x00, 0x00, 0x00, 0x00, 0x00, 0x00, 0x00, 0x00, 0x97, 0x9a, 0x97, 0x00, 0x97, 0x98, 0x9a, 0x00,
    0x99, 0x95, 0x9f, 0x00, 0x94, 0x90, 0xaa, 0x00, 0x8c, 0x8c, 0xba, 0x00, 0x17, 0x19, 0x42, 0x03,
    0xcb, 0xc8, 0xd8, 0xcb, 0xda, 0xd5, 0xd8, 0xff, 0xce, 0xcc, 0xd3, 0xfd, 0x56, 0x56, 0x5d, 0xff,
    0x23, 0x23, 0x2a, 0xff, 0x31, 0x31, 0x38, 0xff, 0x2e, 0x2e, 0x35, 0xff, 0x2e, 0x2e, 0x35, 0xff,
    0x2e, 0x2e, 0x35, 0xff, 0x2e, 0x2e, 0x35, 0xff, 0x29, 0x29, 0x30, 0xff, 0x21, 0x21, 0x28, 0xff,
    0x31, 0x32, 0x36, 0xff, 0xc4, 0xc5, 0xc9, 0xff, 0xc9, 0xc9, 0xce, 0xff, 0xc9, 0xc9, 0xce, 0xff,
    0xc9, 0xc9, 0xce, 0xff, 0xc9, 0xc9, 0xce, 0xff, 0xbf, 0xbf, 0xc6, 0xff, 0xce, 0xce, 0xd5, 0xff,
    0xab, 0xab, 0xb2, 0xff, 0x31, 0x31, 0x38, 0xff, 0x2b, 0x29, 0x30, 0xff, 0x2b, 0x29, 0x30, 0xff,
    0x29, 0x29, 0x30, 0xff, 0x29, 0x29, 0x30, 0xff, 0x29, 0x29, 0x30, 0xff, 0x2d, 0x2d, 0x33, 0xff,
    0x29, 0x29, 0x30, 0xff, 0x20, 0x20, 0x27, 0xff, 0x55, 0x53, 0x5a, 0xff, 0xcd, 0xca, 0xd2, 0xfe,
    0xbb, 0xb8, 0xc2, 0xff, 0xab, 0xa8, 0xb2, 0xf1, 0x6f, 0x6a, 0x74, 0x31, 0x79, 0x73, 0x7d, 0x00,
    0x7d, 0x79, 0x80, 0x02, 0x79, 0x75, 0x7a, 0x00, 0x79, 0x76, 0x78, 0x00, 0x79, 0x76, 0x77, 0x00,
    0x77, 0x78, 0x75, 0x00, 0x77, 0x78, 0x74, 0x00, 0x00, 0x02, 0x00, 0x00, 0x00, 0x02, 0x00, 0x00,
    0x00, 0x01, 0x00, 0x00, 0x00, 0x01, 0x00, 0x00, 0x00, 0x01, 0x00, 0x00, 0x00, 0x01, 0x00, 0x00,
    0x00, 0x01, 0x00, 0x00, 0x00, 0x01, 0x00, 0x00, 0x00, 0x00, 0x00, 0x00, 0x00, 0x00, 0x00, 0x00,
    0x00, 0x00, 0x00, 0x00, 0x00, 0x00, 0x00, 0x00, 0x00, 0x00, 0x00, 0x00, 0x00, 0x00, 0x00, 0x00,
    0x00, 0x00, 0x00, 0x00, 0x00, 0x00, 0x00, 0x00, 0x00, 0x00, 0x00, 0x00, 0x00, 0x00, 0x00, 0x00,
    0x00, 0x00, 0x00, 0x00, 0x00, 0x00, 0x00, 0x00, 0x00, 0x00, 0x00, 0x00, 0x00, 0x00, 0x00, 0x00,
    0x00, 0x00, 0x00, 0x00, 0x00, 0x00, 0x00, 0x00, 0x00, 0x00, 0x00, 0x00, 0x00, 0x00, 0x00, 0x00,
    0x00, 0x00, 0x00, 0x00, 0x00, 0x00, 0x00, 0x00, 0x00, 0x00, 0x00, 0x00, 0x00, 0x00, 0x00, 0x00,
    0x00, 0x00, 0x00, 0x00, 0x00, 0x00, 0x00, 0x00, 0x00, 0x00, 0x00, 0x00, 0x00, 0x00, 0x00, 0x00,
    0x00, 0x00, 0x00, 0x00, 0x00, 0x00, 0x00, 0x00, 0x00, 0x00, 0x00, 0x00, 0x00, 0x00, 0x00, 0x00,
    0x00, 0x00, 0x00, 0x00, 0x00, 0x00, 0x00, 0x00, 0x00, 0x00, 0x00, 0x00, 0x00, 0x00, 0x00, 0x00,
    0x00, 0x00, 0x00, 0x00, 0x00, 0x00, 0x00, 0x00, 0x00, 0x00, 0x00, 0x00, 0x00, 0x00, 0x00, 0x00,
    0x99, 0x99, 0x97, 0x00, 0x97, 0x9a, 0x97, 0x00, 0x94, 0x9b, 0x95, 0x00, 0x92, 0x97, 0x9d, 0x00,
    0x89, 0x8e, 0xa8, 0x00, 0x11, 0x15, 0x32, 0x03, 0xce, 0xce, 0xd7, 0xcb, 0xd8, 0xd5, 0xd8, 0xff,
    0xd4, 0xd1, 0xd9, 0xfd, 0x5b, 0x5a, 0x64, 0xff, 0x27, 0x26, 0x2f, 0xff, 0x35, 0x34, 0x3d, 0xff,
    0x39, 0x39, 0x42, 0xff, 0x39, 0x39, 0x42, 0xff, 0x39, 0x39, 0x40, 0xff, 0x39, 0x39, 0x40, 0xff,
    0x40, 0x40, 0x47, 0xff, 0x2b, 0x2b, 0x32, 0xff, 0x47, 0x48, 0x4d, 0xff, 0xc5, 0xc6, 0xca, 0xff,
    0xc7, 0xc8, 0xcd, 0xff, 0xc7, 0xc8, 0xcd, 0xff, 0xc7, 0xc8, 0xcd, 0xff, 0xc7, 0xc8, 0xcd, 0xff,
    0xc4, 0xc4, 0xcb, 0xff, 0xc9, 0xc9, 0xcf, 0xff, 0xa9, 0xa9, 0xb0, 0xff, 0x3f, 0x3f, 0x46, 0xff,
    0x30, 0x30, 0x37, 0xff, 0x32, 0x32, 0x39, 0xff, 0x36, 0x36, 0x3d, 0xff, 0x38, 0x38, 0x3f, 0xff,
    0x32, 0x32, 0x39, 0xff, 0x30, 0x30, 0x37, 0xff, 0x35, 0x35, 0x3c, 0xff, 0x26, 0x26, 0x2c, 0xff,
    0x63, 0x61, 0x68, 0xff, 0xc5, 0xc2, 0xca, 0xfe, 0xb9, 0xb6, 0xc0, 0xff, 0xad, 0xaa, 0xb4, 0xf1,
    0x6f, 0x6a, 0x74, 0x31, 0x79, 0x73, 0x7d, 0x00, 0x7d, 0x79, 0x80, 0x02, 0x79, 0x75, 0x7a, 0x00,
    0x79, 0x76, 0x78, 0x00, 0x79, 0x76, 0x77, 0x00, 0x77, 0x78, 0x75, 0x00, 0x77, 0x78, 0x74, 0x00,
    0x00, 0x02, 0x00, 0x00, 0x00, 0x02, 0x00, 0x00, 0x00, 0x01, 0x00, 0x00, 0x00, 0x01, 0x00, 0x00,
    0x00, 0x01, 0x00, 0x00, 0x00, 0x01, 0x00, 0x00, 0x00, 0x01, 0x00, 0x00, 0x00, 0x01, 0x00, 0x00,
    0x00, 0x00, 0x00, 0x00, 0x00, 0x00, 0x00, 0x00, 0x00, 0x00, 0x00, 0x00, 0x00, 0x00, 0x00, 0x00,
    0x00, 0x00, 0x00, 0x00, 0x00, 0x00, 0x00, 0x00, 0x00, 0x00, 0x00, 0x00, 0x00, 0x00, 0x00, 0x00,
    0x00, 0x00, 0x00, 0x00, 0x00, 0x00, 0x00, 0x00, 0x00, 0x00, 0x00, 0x00, 0x00, 0x00, 0x00, 0x00,
    0x00, 0x00, 0x00, 0x00, 0x00, 0x00, 0x00, 0x00, 0x00, 0x00, 0x00, 0x00, 0x00, 0x00, 0x00, 0x00,
    0x00, 0x00, 0x00, 0x00, 0x00, 0x00, 0x00, 0x00, 0x00, 0x00, 0x00, 0x00, 0x00, 0x00, 0x00, 0x00,
    0x00, 0x00, 0x00, 0x00, 0x00, 0x00, 0x00, 0x00, 0x00, 0x00, 0x00, 0x00, 0x00, 0x00, 0x00, 0x00,
    0x00, 0x00, 0x00, 0x00, 0x00, 0x00, 0x00, 0x00, 0x00, 0x00, 0x00, 0x00, 0x00, 0x00, 0x00, 0x00,
    0x00, 0x00, 0x00, 0x00, 0x00, 0x00, 0x00, 0x00, 0x00, 0x00, 0x00, 0x00, 0x00, 0x00, 0x00, 0x00,
    0x00, 0x00, 0x00, 0x00, 0x00, 0x00, 0x00, 0x00, 0x00, 0x00, 0x00, 0x00, 0x00, 0x00, 0x00, 0x00,
    0x00, 0x00, 0x00, 0x00, 0x00, 0x00, 0x00, 0x00, 0x99, 0x99, 0x97, 0x00, 0x97, 0x9b, 0x95, 0x00,
    0x92, 0x9d, 0x92, 0x00, 0x90, 0x9a, 0x99, 0x00, 0x8c, 0x95, 0xa4, 0x00, 0x00, 0x02, 0x14, 0x03,
    0xca, 0xca, 0xd1, 0xcb, 0xd3, 0xd1, 0xd6, 0xff, 0xcd, 0xcd, 0xd4, 0xfd, 0x59, 0x58, 0x61, 0xff,
    0x28, 0x27, 0x30, 0xff, 0x37, 0x36, 0x3f, 0xff, 0x3e, 0x3d, 0x46, 0xff, 0x3e, 0x3d, 0x46, 0xff,
    0x3e, 0x3e, 0x45, 0xff, 0x3e, 0x3e, 0x45, 0xff, 0x44, 0x44, 0x4b, 0xff, 0x32, 0x32, 0x39, 0xff,
    0x4c, 0x4d, 0x51, 0xff, 0xc2, 0xc2, 0xc7, 0xff, 0xc6, 0xc7, 0xcb, 0xff, 0xc6, 0xc7, 0xcb, 0xff,
    0xc6, 0xc7, 0xcb, 0xff, 0xc6, 0xc7, 0xcb, 0xff, 0xc4, 0xc4, 0xcb, 0xff, 0xc9, 0xc9, 0xcf, 0xff,
    0xa9, 0xa9, 0xb0, 0xff, 0x3f, 0x3f, 0x46, 0xff, 0x35, 0x35, 0x3c, 0xff, 0x37, 0x37, 0x3e, 0xff,
    0x3c, 0x3c, 0x42, 0xff, 0x3e, 0x3e, 0x45, 0xff, 0x3b, 0x3a, 0x41, 0xff, 0x38, 0x38, 0x3f, 0xff,
    0x3e, 0x3e, 0x45, 0xff, 0x2e, 0x2e, 0x35, 0xff, 0x64, 0x62, 0x69, 0xff, 0xc6, 0xc3, 0xcb, 0xfe,
    0xb9, 0xb6, 0xc0, 0xff, 0xad, 0xaa, 0xb4, 0xf1, 0x6f, 0x6a, 0x74, 0x31, 0x79, 0x73, 0x7d, 0x00,
    0x7d, 0x79, 0x80, 0x02, 0x79, 0x75, 0x7a, 0x00, 0x79, 0x76, 0x78, 0x00, 0x79, 0x76, 0x77, 0x00,
    0x77, 0x78, 0x75, 0x00, 0x77, 0x78, 0x74, 0x00, 0x00, 0x02, 0x00, 0x00, 0x00, 0x02, 0x00, 0x00,
    0x00, 0x01, 0x00, 0x00, 0x00, 0x01, 0x00, 0x00, 0x00, 0x01, 0x00, 0x00, 0x00, 0x01, 0x00, 0x00,
    0x00, 0x01, 0x00, 0x00, 0x00, 0x01, 0x00, 0x00, 0x00, 0x00, 0x00, 0x00, 0x00, 0x00, 0x00, 0x00,
    0x00, 0x00, 0x00, 0x00, 0x00, 0x00, 0x00, 0x00, 0x00, 0x00, 0x00, 0x00, 0x00, 0x00, 0x00, 0x00,
    0x00, 0x00, 0x00, 0x00, 0x00, 0x00, 0x00, 0x00, 0x00, 0x00, 0x00, 0x00, 0x00, 0x00, 0x00, 0x00,
    0x00, 0x00, 0x00, 0x00, 0x00, 0x00, 0x00, 0x00, 0x00, 0x00, 0x00, 0x00, 0x00, 0x00, 0x00, 0x00,
    0x00, 0x00, 0x00, 0x00, 0x00, 0x00, 0x00, 0x00, 0x00, 0x00, 0x00, 0x00, 0x00, 0x00, 0x00, 0x00,
    0x00, 0x00, 0x00, 0x00, 0x00, 0x00, 0x00, 0x00, 0x00, 0x00, 0x00, 0x00, 0x00, 0x00, 0x00, 0x00,
    0x00, 0x00, 0x00, 0x00, 0x00, 0x00, 0x00, 0x00, 0x00, 0x00, 0x00, 0x00, 0x00, 0x00, 0x00, 0x00,
    0x00, 0x00, 0x00, 0x00, 0x00, 0x00, 0x00, 0x00, 0x00, 0x00, 0x00, 0x00, 0x00, 0x00, 0x00, 0x00,
    0x00, 0x00, 0x00, 0x00, 0x00, 0x00, 0x00, 0x00, 0x00, 0x00, 0x00, 0x00, 0x00, 0x00, 0x00, 0x00,
    0x00, 0x00, 0x00, 0x00, 0x00, 0x00, 0x00, 0x00, 0x00, 0x00, 0x00, 0x00, 0x00, 0x01, 0x00, 0x00,
    0x99, 0x9a, 0x95, 0x00, 0x97, 0x9b, 0x95, 0x00, 0x90, 0x9b, 0x97, 0x00, 0x8e, 0x9a, 0x9a, 0x00,
    0x8e, 0x96, 0xa1, 0x00, 0x01, 0x04, 0x0f, 0x03, 0xca, 0xc9, 0xd2, 0xcb, 0xd3, 0xd0, 0xd8, 0xff,
    0xcc, 0xcc, 0xd3, 0xfd, 0x5b, 0x5b, 0x62, 0xff, 0x2e, 0x2e, 0x35, 0xff, 0x3f, 0x3f, 0x46, 0xff,
    0x42, 0x41, 0x48, 0xff, 0x42, 0x41, 0x48, 0xff, 0x42, 0x41, 0x48, 0xff, 0x42, 0x41, 0x48, 0xff,
    0x4d, 0x4d, 0x54, 0xff, 0x40, 0x40, 0x47, 0xff, 0x55, 0x56, 0x5b, 0xff, 0xc3, 0xc4, 0xc8, 0xff,
    0xc6, 0xc7, 0xcb, 0xff, 0xc6, 0xc7, 0xcb, 0xff, 0xc6, 0xc7, 0xcb, 0xff, 0xc6, 0xc7, 0xcb, 0xff,
    0xc4, 0xc4, 0xcb, 0xff, 0xc9, 0xc9, 0xcf, 0xff, 0xa9, 0xa9, 0xb0, 0xff, 0x3f, 0x3f, 0x46, 0xff,
    0x3c, 0x3c, 0x42, 0xff, 0x3f, 0x3f, 0x46, 0xff, 0x43, 0x43, 0x49, 0xff, 0x45, 0x45, 0x4c, 0xff,
    0x46, 0x46, 0x4d, 0xff, 0x43, 0x43, 0x49, 0xff, 0x48, 0x48, 0x4f, 0xff, 0x39, 0x39, 0x40, 0xff,
    0x64, 0x62, 0x69, 0xff, 0xc6, 0xc3, 0xcb, 0xfe, 0xba, 0xb7, 0xc1, 0xff, 0xaf, 0xab, 0xb5, 0xf1,
    0x6f, 0x6a, 0x74, 0x31, 0x79, 0x73, 0x7d, 0x00, 0x7d, 0x79, 0x80, 0x02, 0x79, 0x75, 0x7a, 0x00,
    0x79, 0x76, 0x78, 0x00, 0x79, 0x76, 0x77, 0x00, 0x77, 0x78, 0x75, 0x00, 0x77, 0x78, 0x74, 0x00,
    0x00, 0x02, 0x00, 0x00, 0x00, 0x02, 0x00, 0x00, 0x00, 0x01, 0x00, 0x00, 0x00, 0x01, 0x00, 0x00,
    0x00, 0x01, 0x00, 0x00, 0x00, 0x01, 0x00, 0x00, 0x00, 0x01, 0x00, 0x00, 0x00, 0x01, 0x00, 0x00,
    0x00, 0x00, 0x00, 0x00, 0x00, 0x00, 0x00, 0x00, 0x00, 0x00, 0x00, 0x00, 0x00, 0x00, 0x00, 0x00,
    0x00, 0x00, 0x00, 0x00, 0x00, 0x00, 0x00, 0x00, 0x00, 0x00, 0x00, 0x00, 0x00, 0x00, 0x00, 0x00,
    0x00, 0x00, 0x00, 0x00, 0x00, 0x00, 0x00, 0x00, 0x00, 0x00, 0x00, 0x00, 0x00, 0x00, 0x00, 0x00,
    0x00, 0x00, 0x00, 0x00, 0x00, 0x00, 0x00, 0x00, 0x00, 0x00, 0x00, 0x00, 0x00, 0x00, 0x00, 0x00,
    0x00, 0x00, 0x00, 0x00, 0x00, 0x00, 0x00, 0x00, 0x00, 0x00, 0x00, 0x00, 0x00, 0x00, 0x00, 0x00,
    0x00, 0x00, 0x00, 0x00, 0x00, 0x00, 0x00, 0x00, 0x00, 0x00, 0x00, 0x00, 0x00, 0x00, 0x00, 0x00,
    0x00, 0x00, 0x00, 0x00, 0x00, 0x00, 0x00, 0x00, 0x00, 0x00, 0x00, 0x00, 0x00, 0x00, 0x00, 0x00,
    0x00, 0x00, 0x00, 0x00, 0x00, 0x00, 0x00, 0x00, 0x00, 0x00, 0x00, 0x00, 0x00, 0x00, 0x00, 0x00,
    0x00, 0x00, 0x00, 0x00, 0x00, 0x00, 0x00, 0x00, 0x00, 0x00, 0x00, 0x00, 0x00, 0x00, 0x00, 0x00,
    0x00, 0x00, 0x00, 0x00, 0x00, 0x01, 0x00, 0x00, 0x99, 0x9a, 0x95, 0x00, 0x97, 0x9b, 0x95, 0x00,
    0x90, 0x9a, 0x99, 0x00, 0x8e, 0x9a, 0x9a, 0x00, 0x8d, 0x94, 0x9a, 0x00, 0x17, 0x1c, 0x22, 0x03,
    0xce, 0xce, 0xd5, 0xcb, 0xd4, 0xd4, 0xdb, 0xff, 0xd0, 0xd0, 0xd6, 0xfd, 0x60, 0x60, 0x67, 0xff,
    0x35, 0x35, 0x3c, 0xff, 0x48, 0x48, 0x4f, 0xff, 0x5a, 0x5a, 0x61, 0xff, 0x5a, 0x5a, 0x61, 0xff,
    0x5a, 0x5a, 0x61, 0xff, 0x5a, 0x5a, 0x61, 0xff, 0x58, 0x58, 0x5e, 0xff, 0x4e, 0x4e, 0x55, 0xff,
    0x60, 0x61, 0x65, 0xff, 0xc5, 0xc6, 0xca, 0xff, 0xc6, 0xc7, 0xcb, 0xff, 0xc6, 0xc7, 0xcb, 0xff,
    0xc6, 0xc7, 0xcb, 0xff, 0xc6, 0xc7, 0xcb, 0xff, 0xc4, 0xc4, 0xcb, 0xff, 0xc9, 0xc9, 0xcf, 0xff,
    0xa9, 0xa9, 0xb0, 0xff, 0x3f, 0x3f, 0x46, 0xff, 0x42, 0x41, 0x48, 0xff, 0x44, 0x44, 0x4b, 0xff,
    0x47, 0x47, 0x4e, 0xff, 0x4b, 0x4b, 0x52, 0xff, 0x4e, 0x4e, 0x55, 0xff, 0x4c, 0x4c, 0x53, 0xff,
    0x51, 0x51, 0x57, 0xff, 0x42, 0x41, 0x48, 0xff, 0x65, 0x63, 0x6a, 0xff, 0xc7, 0xc5, 0xcc, 0xfe,
    0xba, 0xb7, 0xc1, 0xff, 0xaf, 0xab, 0xb5, 0xf1, 0x6f, 0x6a, 0x74, 0x31, 0x79, 0x73, 0x7d, 0x00,
    0x7d, 0x79, 0x80, 0x02, 0x79, 0x75, 0x7a, 0x00, 0x79, 0x76, 0x78, 0x00, 0x79, 0x76, 0x77, 0x00,
    0x77, 0x78, 0x75, 0x00, 0x77, 0x78, 0x74, 0x00, 0x00, 0x02, 0x00, 0x00, 0x00, 0x02, 0x00, 0x00,
    0x00, 0x01, 0x00, 0x00, 0x00, 0x01, 0x00, 0x00, 0x00, 0x01, 0x00, 0x00, 0x00, 0x01, 0x00, 0x00,
    0x00, 0x01, 0x00, 0x00, 0x00, 0x01, 0x00, 0x00, 0x00, 0x00, 0x00, 0x00, 0x00, 0x00, 0x00, 0x00,
    0x00, 0x00, 0x00, 0x00, 0x00, 0x00, 0x00, 0x00, 0x00, 0x00, 0x00, 0x00, 0x00, 0x00, 0x00, 0x00,
    0x00, 0x00, 0x00, 0x00, 0x00, 0x00, 0x00, 0x00, 0x00, 0x00, 0x00, 0x00, 0x00, 0x00, 0x00, 0x00,
    0x00, 0x00, 0x00, 0x00, 0x00, 0x00, 0x00, 0x00, 0x00, 0x00, 0x00, 0x00, 0x00, 0x00, 0x00, 0x00,
    0x00, 0x00, 0x00, 0x00, 0x00, 0x00, 0x00, 0x00, 0x00, 0x00, 0x00, 0x00, 0x00, 0x00, 0x00, 0x00,
    0x00, 0x00, 0x00, 0x00, 0x00, 0x00, 0x00, 0x00, 0x00, 0x00, 0x00, 0x00, 0x00, 0x00, 0x00, 0x00,
    0x00, 0x00, 0x00, 0x00, 0x00, 0x00, 0x00, 0x00, 0x00, 0x00, 0x00, 0x00, 0x00, 0x00, 0x00, 0x00,
    0x00, 0x00, 0x00, 0x00, 0x00, 0x00, 0x00, 0x00, 0x00, 0x00, 0x00, 0x00, 0x00, 0x00, 0x00, 0x00,
    0x00, 0x00, 0x00, 0x00, 0x00, 0x00, 0x00, 0x00, 0x00, 0x00, 0x00, 0x00, 0x00, 0x00, 0x00, 0x00,
    0x00, 0x00, 0x00, 0x00, 0x00, 0x00, 0x00, 0x00, 0x00, 0x00, 0x00, 0x00, 0x00, 0x00, 0x00, 0x00,
    0x8b, 0x8b, 0x89, 0x00, 0x89, 0x8c, 0x89, 0x00, 0x87, 0x8b, 0x8b, 0x00, 0x85, 0x8b, 0x8c, 0x00,
    0x83, 0x8a, 0x8b, 0x00, 0x00, 0x00, 0x04, 0x03, 0xc5, 0xc9, 0xcd, 0xcb, 0xcb, 0xcc, 0xd0, 0xff,
    0xc9, 0xc9, 0xce, 0xfd, 0x5d, 0x5e, 0x63, 0xff, 0x30, 0x31, 0x35, 0xff, 0x4e, 0x4f, 0x54, 0xff,
    0x68, 0x65, 0x6c, 0xff, 0x68, 0x65, 0x6c, 0xff, 0x68, 0x66, 0x6b, 0xff, 0x68, 0x66, 0x6b, 0xff,
    0x6a, 0x68, 0x6d, 0xff, 0x64, 0x62, 0x67, 0xff, 0x6d, 0x6c, 0x71, 0xff, 0xd0, 0xcf, 0xd4, 0xff,
    0xc4, 0xc2, 0xc7, 0xff, 0xc4, 0xc2, 0xc7, 0xff, 0xc4, 0xc2, 0xc7, 0xff, 0xc4, 0xc2, 0xc7, 0xff,
    0xc6, 0xc3, 0xcb, 0xff, 0xd0, 0xce, 0xd5, 0xff, 0xb0, 0xad, 0xb5, 0xff, 0x45, 0x42, 0x49, 0xff,
    0x42, 0x40, 0x47, 0xff, 0x48, 0x46, 0x4d, 0xff, 0x52, 0x4f, 0x56, 0xff, 0x58, 0x56, 0x5d, 0xff,
    0x5c, 0x5a, 0x61, 0xff, 0x5c, 0x5a, 0x61, 0xff, 0x5b, 0x58, 0x60, 0xff, 0x5c, 0x5a, 0x61, 0xff,
    0x7a, 0x78, 0x7f, 0xff, 0xc1, 0xbf, 0xc6, 0xfe, 0xb6, 0xb2, 0xbc, 0xff, 0xb0, 0xad, 0xb6, 0xf1,
    0x6f, 0x6a, 0x74, 0x31, 0x79, 0x73, 0x7d, 0x00, 0x7d, 0x79, 0x80, 0x02, 0x79, 0x75, 0x7a, 0x00,
    0x79, 0x76, 0x78, 0x00, 0x79, 0x76, 0x77, 0x00, 0x77, 0x78, 0x75, 0x00, 0x77, 0x78, 0x74, 0x00,
    0x00, 0x02, 0x00, 0x00, 0x00, 0x02, 0x00, 0x00, 0x00, 0x01, 0x00, 0x00, 0x00, 0x01, 0x00, 0x00,
    0x00, 0x01, 0x00, 0x00, 0x00, 0x01, 0x00, 0x00, 0x00, 0x01, 0x00, 0x00, 0x00, 0x01, 0x00, 0x00,
    0x00, 0x00, 0x00, 0x00, 0x00, 0x00, 0x00, 0x00, 0x00, 0x00, 0x00, 0x00, 0x00, 0x00, 0x00, 0x00,
    0x00, 0x00, 0x00, 0x00, 0x00, 0x00, 0x00, 0x00, 0x00, 0x00, 0x00, 0x00, 0x00, 0x00, 0x00, 0x00,
    0x00, 0x00, 0x00, 0x00, 0x00, 0x00, 0x00, 0x00, 0x00, 0x00, 0x00, 0x00, 0x00, 0x00, 0x00, 0x00,
    0x00, 0x00, 0x00, 0x00, 0x00, 0x00, 0x00, 0x00, 0x00, 0x00, 0x00, 0x00, 0x00, 0x00, 0x00, 0x00,
    0x00, 0x00, 0x00, 0x00, 0x00, 0x00, 0x00, 0x00, 0x00, 0x00, 0x00, 0x00, 0x00, 0x00, 0x00, 0x00,
    0x00, 0x00, 0x00, 0x00, 0x00, 0x00, 0x00, 0x00, 0x00, 0x00, 0x00, 0x00, 0x00, 0x00, 0x00, 0x00,
    0x00, 0x00, 0x00, 0x00, 0x00, 0x00, 0x00, 0x00, 0x00, 0x00, 0x00, 0x00, 0x00, 0x00, 0x00, 0x00,
    0x00, 0x00, 0x00, 0x00, 0x00, 0x00, 0x00, 0x00, 0x00, 0x00, 0x00, 0x00, 0x00, 0x00, 0x00, 0x00,
    0x00, 0x00, 0x00, 0x00, 0x00, 0x00, 0x00, 0x00, 0x00, 0x00, 0x00, 0x00, 0x00, 0x00, 0x00, 0x00,
    0x00, 0x00, 0x00, 0x00, 0x00, 0x00, 0x00, 0x00, 0x8b, 0x8b, 0x89, 0x00, 0x89, 0x8c, 0x89, 0x00,
    0x87, 0x8b, 0x8b, 0x00, 0x87, 0x8b, 0x8b, 0x00, 0x85, 0x89, 0x8b, 0x00, 0x00, 0x01, 0x03, 0x03,
    0xc5, 0xc9, 0xcb, 0xcb, 0xc9, 0xcd, 0xcf, 0xff, 0xc6, 0xc7, 0xcb, 0xfd, 0xaf, 0xb0, 0xb4, 0xff,
    0x72, 0x73, 0x78, 0xff, 0x85, 0x86, 0x8a, 0xff, 0x96, 0x94, 0x9b, 0xff, 0x96, 0x94, 0x9b, 0xff,
    0x96, 0x95, 0x99, 0xff, 0x96, 0x95, 0x99, 0xff, 0xa5, 0xa4, 0xa9, 0xff, 0x94, 0x92, 0x97, 0xff,
    0xb0, 0xae, 0xb3, 0xff, 0xd9, 0xd7, 0xdc, 0xff, 0xc4, 0xc2, 0xc7, 0xff, 0xc4, 0xc2, 0xc7, 0xff,
    0xc4, 0xc2, 0xc7, 0xff, 0xc4, 0xc2, 0xc7, 0xff, 0xc2, 0xc0, 0xc7, 0xff, 0xc5, 0xc2, 0xca, 0xff,
    0xbe, 0xbb, 0xc3, 0xff, 0x94, 0x91, 0x99, 0xff, 0x77, 0x74, 0x7c, 0xff, 0x7a, 0x78, 0x7f, 0xff,
    0x80, 0x7e, 0x85, 0xff, 0x85, 0x82, 0x8a, 0xff, 0x8c, 0x89, 0x91, 0xff, 0x8c, 0x89, 0x91, 0xff,
    0x8b, 0x88, 0x8f, 0xff, 0x8c, 0x89, 0x91, 0xff, 0xb4, 0xb2, 0xb9, 0xff, 0xc7, 0xc5, 0xcc, 0xfe,
    0xc5, 0xc2, 0xcb, 0xff, 0xaf, 0xab, 0xb5, 0xf1, 0x6f, 0x6a, 0x74, 0x31, 0x79, 0x73, 0x7d, 0x00,
    0x7d, 0x79, 0x80, 0x02, 0x79, 0x75, 0x7a, 0x00, 0x79, 0x76, 0x78, 0x00, 0x79, 0x76, 0x77, 0x00,
    0x77, 0x78, 0x75, 0x00, 0x77, 0x78, 0x74, 0x00, 0x00, 0x02, 0x00, 0x00, 0x00, 0x02, 0x00, 0x00,
    0x00, 0x01, 0x00, 0x00, 0x00, 0x01, 0x00, 0x00, 0x00, 0x01, 0x00, 0x00, 0x00, 0x01, 0x00, 0x00,
    0x00, 0x01, 0x00, 0x00, 0x00, 0x01, 0x00, 0x00, 0x00, 0x00, 0x00, 0x00, 0x00, 0x00, 0x00, 0x00,
    0x00, 0x00, 0x00, 0x00, 0x00, 0x00, 0x00, 0x00, 0x00, 0x00, 0x00, 0x00, 0x00, 0x00, 0x00, 0x00,
    0x00, 0x00, 0x00, 0x00, 0x00, 0x00, 0x00, 0x00, 0x00, 0x00, 0x00, 0x00, 0x00, 0x00, 0x00, 0x00,
    0x00, 0x00, 0x00, 0x00, 0x00, 0x00, 0x00, 0x00, 0x00, 0x00, 0x00, 0x00, 0x00, 0x00, 0x00, 0x00,
    0x00, 0x00, 0x00, 0x00, 0x00, 0x00, 0x00, 0x00, 0x00, 0x00, 0x00, 0x00, 0x00, 0x00, 0x00, 0x00,
    0x00, 0x00, 0x00, 0x00, 0x00, 0x00, 0x00, 0x00, 0x00, 0x00, 0x00, 0x00, 0x00, 0x00, 0x00, 0x00,
    0x00, 0x00, 0x00, 0x00, 0x00, 0x00, 0x00, 0x00, 0x00, 0x00, 0x00, 0x00, 0x00, 0x00, 0x00, 0x00,
    0x00, 0x00, 0x00, 0x00, 0x00, 0x00, 0x00, 0x00, 0x00, 0x00, 0x00, 0x00, 0x00, 0x00, 0x00, 0x00,
    0x00, 0x00, 0x00, 0x00, 0x00, 0x00, 0x00, 0x00, 0x00, 0x00, 0x00, 0x00, 0x00, 0x00, 0x00, 0x00,
    0x00, 0x00, 0x00, 0x00, 0x00, 0x00, 0x00, 0x00, 0x00, 0x00, 0x00, 0x00, 0x00, 0x00, 0x00, 0x00,
    0x89, 0x8b, 0x8b, 0x00, 0x89, 0x8b, 0x8b, 0x00, 0x87, 0x8b, 0x8b, 0x00, 0x87, 0x8b, 0x8b, 0x00,
    0x85, 0x89, 0x8b, 0x00, 0x00, 0x01, 0x03, 0x03, 0xc5, 0xc9, 0xcb, 0xcb, 0xc9, 0xcd, 0xcf, 0xff,
    0xc3, 0xc4, 0xc6, 0xfd, 0xd5, 0xd7, 0xd9, 0xff, 0xda, 0xdc, 0xde, 0xff, 0xdf, 0xdf, 0xe4, 0xff,
    0xdc, 0xda, 0xdf, 0xff, 0xdc, 0xda, 0xdf, 0xff, 0xdc, 0xda, 0xdf, 0xff, 0xdc, 0xda, 0xdf, 0xff,
    0xda, 0xd8, 0xdd, 0xff, 0xde, 0xdd, 0xe2, 0xff, 0xd6, 0xd5, 0xd9, 0xff, 0xc8, 0xc7, 0xcb, 0xff,
    0xc4, 0xc2, 0xc7, 0xff, 0xc4, 0xc2, 0xc7, 0xff, 0xc4, 0xc2, 0xc7, 0xff, 0xc4, 0xc2, 0xc7, 0xff,
    0xc2, 0xc0, 0xc7, 0xff, 0xbb, 0xb9, 0xc0, 0xff, 0xc5, 0xc2, 0xca, 0xff, 0xcb, 0xc8, 0xcf, 0xff,
    0xd5, 0xd3, 0xda, 0xff, 0xd6, 0xd4, 0xdb, 0xff, 0xd7, 0xd5, 0xdc, 0xff, 0xda, 0xd7, 0xdf, 0xff,
    0xd4, 0xd1, 0xd9, 0xff, 0xd4, 0xd1, 0xd9, 0xff, 0xd4, 0xd1, 0xd9, 0xff, 0xd4, 0xd1, 0xd9, 0xff,
    0xc5, 0xc2, 0xca, 0xff, 0xb9, 0xb7, 0xbe, 0xfe, 0xb1, 0xaf, 0xb6, 0xff, 0xa8, 0xa5, 0xac, 0xf1,
    0x6f, 0x6b, 0x72, 0x31, 0x79, 0x74, 0x7c, 0x00, 0x7d, 0x79, 0x80, 0x02, 0x79, 0x75, 0x7a, 0x00,
    0x79, 0x76, 0x78, 0x00, 0x79, 0x76, 0x77, 0x00, 0x77, 0x78, 0x75, 0x00, 0x77, 0x78, 0x74, 0x00,
    0x00, 0x02, 0x00, 0x00, 0x00, 0x02, 0x00, 0x00, 0x00, 0x01, 0x00, 0x00, 0x00, 0x01, 0x00, 0x00,
    0x00, 0x01, 0x00, 0x00, 0x00, 0x01, 0x00, 0x00, 0x00, 0x01, 0x00, 0x00, 0x00, 0x01, 0x00, 0x00,
    0x00, 0x00, 0x00, 0x00, 0x00, 0x00, 0x00, 0x00, 0x00, 0x00, 0x00, 0x00, 0x00, 0x00, 0x00, 0x00,
    0x00, 0x00, 0x00, 0x00, 0x00, 0x00, 0x00, 0x00, 0x00, 0x00, 0x00, 0x00, 0x00, 0x00, 0x00, 0x00,
    0x00, 0x00, 0x00, 0x00, 0x00, 0x00, 0x00, 0x00, 0x00, 0x00, 0x00, 0x00, 0x00, 0x00, 0x00, 0x00,
    0x00, 0x00, 0x00, 0x00, 0x00, 0x00, 0x00, 0x00, 0x00, 0x00, 0x00, 0x00, 0x00, 0x00, 0x00, 0x00,
    0x00, 0x00, 0x00, 0x00, 0x00, 0x00, 0x00, 0x00, 0x00, 0x00, 0x00, 0x00, 0x00, 0x00, 0x00, 0x00,
    0x00, 0x00, 0x00, 0x00, 0x00, 0x00, 0x00, 0x00, 0x00, 0x00, 0x00, 0x00, 0x00, 0x00, 0x00, 0x00,
    0x00, 0x00, 0x00, 0x00, 0x00, 0x00, 0x00, 0x00, 0x00, 0x00, 0x00, 0x00, 0x00, 0x00, 0x00, 0x00,
    0x00, 0x00, 0x00, 0x00, 0x00, 0x00, 0x00, 0x00, 0x00, 0x00, 0x00, 0x00, 0x00, 0x00, 0x00, 0x00,
    0x00, 0x00, 0x00, 0x00, 0x00, 0x00, 0x00, 0x00, 0x00, 0x00, 0x00, 0x00, 0x00, 0x00, 0x00, 0x00,
    0x00, 0x00, 0x00, 0x00, 0x00, 0x00, 0x00, 0x00, 0x89, 0x8b, 0x8b, 0x00, 0x89, 0x8b, 0x8b, 0x00,
    0x87, 0x8b, 0x8b, 0x00, 0x87, 0x8b, 0x8b, 0x00, 0x84, 0x88, 0x8a, 0x00, 0x00, 0x01, 0x03, 0x03,
    0xc5, 0xc9, 0xcb, 0xcb, 0xc9, 0xcd, 0xcf, 0xff, 0xc3, 0xc4, 0xc6, 0xfd, 0xc6, 0xc8, 0xca, 0xff,
    0xc0, 0xc2, 0xc4, 0xff, 0xc2, 0xc3, 0xc5, 0xff, 0xc5, 0xc3, 0xc8, 0xff, 0xc5, 0xc3, 0xc8, 0xff,
    0xc5, 0xc3, 0xc8, 0xff, 0xc5, 0xc3, 0xc8, 0xff, 0xc4, 0xc2, 0xc7, 0xff, 0xc6, 0xc4, 0xc9, 0xff,
    0xbb, 0xba, 0xbf, 0xff, 0xc7, 0xc5, 0xca, 0xff, 0xc2, 0xc1, 0xc6, 0xff, 0xc6, 0xc2, 0xc7, 0xff,
    0xc6, 0xc2, 0xc7, 0xff, 0xc4, 0xc2, 0xc7, 0xff, 0xc6, 0xc3, 0xcb, 0xff, 0xbe, 0xbb, 0xc3, 0xff,
    0xbe, 0xbb, 0xc3, 0xff, 0xc0, 0xbe, 0xc5, 0xff, 0xbb, 0xb9, 0xc0, 0xff, 0xba, 0xb8, 0xbf, 0xff,
    0xb9, 0xb7, 0xbe, 0xff, 0xb8, 0xb6, 0xbd, 0xff, 0xb8, 0xb6, 0xbd, 0xff, 0xb7, 0xb4, 0xbc, 0xff,
    0xb7, 0xb4, 0xbc, 0xff, 0xb7, 0xb4, 0xbc, 0xff, 0xad, 0xab, 0xb2, 0xff, 0xbb, 0xb9, 0xc0, 0xfe,
    0xb3, 0xb1, 0xb8, 0xff, 0xaa, 0xa8, 0xaf, 0xf1, 0x6f, 0x6b, 0x72, 0x31, 0x79, 0x74, 0x7c, 0x00,
    0x7d, 0x79, 0x80, 0x02, 0x79, 0x75, 0x7a, 0x00, 0x79, 0x76, 0x78, 0x00, 0x79, 0x76, 0x77, 0x00,
    0x77, 0x78, 0x75, 0x00, 0x77, 0x78, 0x74, 0x00, 0x00, 0x02, 0x00, 0x00, 0x00, 0x02, 0x00, 0x00,
    0x00, 0x01, 0x00, 0x00, 0x00, 0x01, 0x00, 0x00, 0x00, 0x01, 0x00, 0x00, 0x00, 0x01, 0x00, 0x00,
    0x00, 0x01, 0x00, 0x00, 0x00, 0x01, 0x00, 0x00, 0x00, 0x00, 0x00, 0x00, 0x00, 0x00, 0x00, 0x00,
    0x00, 0x00, 0x00, 0x00, 0x00, 0x00, 0x00, 0x00, 0x00, 0x00, 0x00, 0x00, 0x00, 0x00, 0x00, 0x00,
    0x00, 0x00, 0x00, 0x00, 0x00, 0x00, 0x00, 0x00, 0x00, 0x00, 0x00, 0x00, 0x00, 0x00, 0x00, 0x00,
    0x00, 0x00, 0x00, 0x00, 0x00, 0x00, 0x00, 0x00, 0x00, 0x00, 0x00, 0x00, 0x00, 0x00, 0x00, 0x00,
    0x00, 0x00, 0x00, 0x00, 0x00, 0x00, 0x00, 0x00, 0x00, 0x00, 0x00, 0x00, 0x00, 0x00, 0x00, 0x00,
    0x00, 0x00, 0x00, 0x00, 0x00, 0x00, 0x00, 0x00, 0x00, 0x00, 0x00, 0x00, 0x00, 0x00, 0x00, 0x00,
    0x00, 0x00, 0x00, 0x00, 0x00, 0x00, 0x00, 0x00, 0x00, 0x00, 0x00, 0x00, 0x00, 0x00, 0x00, 0x00,
    0x00, 0x00, 0x00, 0x00, 0x00, 0x00, 0x00, 0x00, 0x00, 0x00, 0x00, 0x00, 0x00, 0x00, 0x00, 0x00,
    0x00, 0x00, 0x00, 0x00, 0x00, 0x00, 0x00, 0x00, 0x00, 0x00, 0x00, 0x00, 0x00, 0x00, 0x00, 0x00,
    0x00, 0x00, 0x00, 0x00, 0x00, 0x00, 0x00, 0x00, 0x00, 0x00, 0x00, 0x00, 0x00, 0x00, 0x00, 0x00,
    0x89, 0x8b, 0x8b, 0x00, 0x89, 0x8b, 0x8b, 0x00, 0x87, 0x8c, 0x89, 0x00, 0x87, 0x8b, 0x8b, 0x00,
    0x84, 0x89, 0x88, 0x00, 0x02, 0x07, 0x06, 0x03, 0xc9, 0xce, 0xcd, 0xcb, 0xcb, 0xd0, 0xcf, 0xff,
    0xc3, 0xc4, 0xc6, 0xfd, 0xc4, 0xc6, 0xc8, 0xff, 0xc4, 0xc6, 0xc8, 0xff, 0xc4, 0xc6, 0xc8, 0xff,
    0xc6, 0xc4, 0xc9, 0xff, 0xc8, 0xc4, 0xc9, 0xff, 0xc8, 0xc4, 0xc9, 0xff, 0xc7, 0xc3, 0xc8, 0xff,
    0xc6, 0xc2, 0xc7, 0xff, 0xc4, 0xc0, 0xc6, 0xff, 0xc4, 0xc0, 0xc6, 0xff, 0xc3, 0xbf, 0xc4, 0xff,
    0xc3, 0xbf, 0xc4, 0xff, 0xc3, 0xbd, 0xc2, 0xff, 0xc3, 0xbd, 0xc2, 0xff, 0xc1, 0xbd, 0xc2, 0xff,
    0xbe, 0xbb, 0xc3, 0xff, 0xbe, 0xbb, 0xc3, 0xff, 0xbe, 0xbb, 0xc3, 0xff, 0xbd, 0xba, 0xc1, 0xff,
    0xbf, 0xba, 0xc1, 0xff, 0xbd, 0xb9, 0xc0, 0xff, 0xbd, 0xb9, 0xbf, 0xff, 0xbc, 0xb8, 0xbd, 0xff,
    0xbc, 0xb8, 0xbd, 0xff, 0xbb, 0xb7, 0xbc, 0xff, 0xbb, 0xb7, 0xbc, 0xff, 0xbb, 0xb7, 0xbc, 0xff,
    0xbb, 0xb7, 0xbc, 0xff, 0xb8, 0xb4, 0xb9, 0xfe, 0xb5, 0xb0, 0xb8, 0xff, 0xa5, 0xa0, 0xa8, 0xf1,
    0x6f, 0x6b, 0x72, 0x31, 0x79, 0x74, 0x7c, 0x00, 0x7d, 0x79, 0x80, 0x02, 0x79, 0x75, 0x7a, 0x00,
    0x79, 0x76, 0x78, 0x00, 0x79, 0x76, 0x77, 0x00, 0x77, 0x78, 0x75, 0x00, 0x77, 0x78, 0x75, 0x00,
    0x00, 0x01, 0x00, 0x00, 0x00, 0x01, 0x00, 0x00, 0x00, 0x01, 0x00, 0x00, 0x00, 0x01, 0x00, 0x00,
    0x00, 0x00, 0x00, 0x00, 0x00, 0x00, 0x00, 0x00, 0x00, 0x00, 0x00, 0x00, 0x00, 0x00, 0x00, 0x00,
    0x00, 0x00, 0x00, 0x00, 0x00, 0x00, 0x00, 0x00, 0x00, 0x00, 0x00, 0x00, 0x00, 0x00, 0x00, 0x00,
    0x00, 0x00, 0x00, 0x00, 0x00, 0x00, 0x00, 0x00, 0x00, 0x00, 0x00, 0x00, 0x00, 0x00, 0x00, 0x00,
    0x00, 0x00, 0x00, 0x00, 0x00, 0x00, 0x00, 0x00, 0x00, 0x00, 0x00, 0x00, 0x00, 0x00, 0x00, 0x00,
    0x00, 0x00, 0x00, 0x00, 0x00, 0x00, 0x00, 0x00, 0x00, 0x00, 0x00, 0x00, 0x00, 0x00, 0x00, 0x00,
    0x00, 0x00, 0x00, 0x00, 0x00, 0x00, 0x00, 0x00, 0x00, 0x00, 0x00, 0x00, 0x00, 0x00, 0x00, 0x00,
    0x00, 0x00, 0x00, 0x00, 0x00, 0x00, 0x00, 0x00, 0x00, 0x00, 0x00, 0x00, 0x00, 0x00, 0x00, 0x00,
    0x00, 0x00, 0x00, 0x00, 0x00, 0x00, 0x00, 0x00, 0x00, 0x00, 0x00, 0x00, 0x00, 0x00, 0x00, 0x00,
    0x00, 0x00, 0x00, 0x00, 0x00, 0x00, 0x00, 0x00, 0x00, 0x00, 0x00, 0x00, 0x00, 0x00, 0x00, 0x00,
    0x00, 0x00, 0x00, 0x00, 0x00, 0x00, 0x00, 0x00, 0x00, 0x00, 0x00, 0x00, 0x00, 0x00, 0x00, 0x00,
    0x00, 0x00, 0x00, 0x00, 0x00, 0x00, 0x00, 0x00, 0x89, 0x8b, 0x8b, 0x00, 0x89, 0x8b, 0x8b, 0x00,
    0x87, 0x8c, 0x89, 0x00, 0x87, 0x8c, 0x89, 0x00, 0x87, 0x8b, 0x8b, 0x00, 0x00, 0x00, 0x00, 0x03,
    0xc1, 0xc6, 0xc5, 0xcb, 0xc7, 0xcb, 0xcb, 0xff, 0xc4, 0xc6, 0xc8, 0xfd, 0xc4, 0xc6, 0xc8, 0xff,
    0xc4, 0xc6, 0xc8, 0xff, 0xc6, 0xc5, 0xc8, 0xff, 0xc8, 0xc4, 0xc9, 0xff, 0xc8, 0xc4, 0xc9, 0xff,
    0xc8, 0xc4, 0xc9, 0xff, 0xc7, 0xc3, 0xc8, 0xff, 0xc6, 0xc2, 0xc7, 0xff, 0xc4, 0xc0, 0xc6, 0xff,
    0xc4, 0xc0, 0xc6, 0xff, 0xc3, 0xbf, 0xc4, 0xff, 0xc4, 0xbe, 0xc3, 0xff, 0xc3, 0xbd, 0xc2, 0xff,
    0xc3, 0xbd, 0xc2, 0xff, 0xc3, 0xbd, 0xc2, 0xff, 0xc0, 0xbb, 0xc3, 0xff, 0xbe, 0xbb, 0xc3, 0xff,
    0xbe, 0xbb, 0xc3, 0xff, 0xbd, 0xba, 0xc1, 0xff, 0xbf, 0xba, 0xc1, 0xff, 0xbd, 0xb9, 0xc0, 0xff,
    0xbd, 0xb9, 0xbf, 0xff, 0xbc, 0xb8, 0xbd, 0xff, 0xbc, 0xb8, 0xbd, 0xff, 0xba, 0xb6, 0xbb, 0xff,
    0xba, 0xb6, 0xbb, 0xff, 0xba, 0xb6, 0xbb, 0xff, 0xbb, 0xb7, 0xbc, 0xff, 0xb8, 0xb4, 0xb9, 0xfe,
    0xb5, 0xb0, 0xb8, 0xff, 0xa5, 0xa0, 0xa8, 0xf1, 0x6f, 0x6b, 0x72, 0x31, 0x79, 0x74, 0x7c, 0x00,
    0x7d, 0x79, 0x80, 0x02, 0x79, 0x75, 0x7a, 0x00, 0x79, 0x76, 0x78, 0x00, 0x79, 0x76, 0x77, 0x00,
    0x77, 0x78, 0x75, 0x00, 0x77, 0x78, 0x75, 0x00, 0x00, 0x01, 0x00, 0x00, 0x00, 0x01, 0x00, 0x00,
    0x00, 0x01, 0x00, 0x00, 0x00, 0x01, 0x00, 0x00, 0x00, 0x00, 0x00, 0x00, 0x00, 0x00, 0x00, 0x00,
    0x00, 0x00, 0x00, 0x00, 0x00, 0x00, 0x00, 0x00, 0x00, 0x00, 0x00, 0x00, 0x00, 0x00, 0x00, 0x00,
    0x00, 0x00, 0x00, 0x00, 0x00, 0x00, 0x00, 0x00, 0x00, 0x00, 0x00, 0x00, 0x00, 0x00, 0x00, 0x00,
    0x00, 0x00, 0x00, 0x00, 0x00, 0x00, 0x00, 0x00, 0x00, 0x00, 0x00, 0x00, 0x00, 0x00, 0x00, 0x00,
    0x00, 0x00, 0x00, 0x00, 0x00, 0x00, 0x00, 0x00, 0x00, 0x00, 0x00, 0x00, 0x00, 0x00, 0x00, 0x00,
    0x00, 0x00, 0x00, 0x00, 0x00, 0x00, 0x00, 0x00, 0x00, 0x00, 0x00, 0x00, 0x00, 0x00, 0x00, 0x00,
    0x00, 0x00, 0x00, 0x00, 0x00, 0x00, 0x00, 0x00, 0x00, 0x00, 0x00, 0x00, 0x00, 0x00, 0x00, 0x00,
    0x00, 0x00, 0x00, 0x00, 0x00, 0x00, 0x00, 0x00, 0x00, 0x00, 0x00, 0x00, 0x00, 0x00, 0x00, 0x00,
    0x00, 0x00, 0x00, 0x00, 0x00, 0x00, 0x00, 0x00, 0x00, 0x00, 0x00, 0x00, 0x00, 0x00, 0x00, 0x00,
    0x00, 0x00, 0x00, 0x00, 0x00, 0x00, 0x00, 0x00, 0x00, 0x00, 0x00, 0x00, 0x00, 0x00, 0x00, 0x00,
    0x00, 0x00, 0x00, 0x00, 0x00, 0x00, 0x00, 0x00, 0x00, 0x00, 0x00, 0x00, 0x00, 0x00, 0x00, 0x00,
    0x89, 0x8b, 0x8b, 0x00, 0x89, 0x8b, 0x8b, 0x00, 0x87, 0x8c, 0x89, 0x00, 0x87, 0x8c, 0x89, 0x00,
    0x88, 0x8c, 0x8c, 0x00, 0x0c, 0x11, 0x10, 0x03, 0xbd, 0xc2, 0xc1, 0xcb, 0xc5, 0xca, 0xc9, 0xff,
    0xc4, 0xc6, 0xc8, 0xfd, 0xc6, 0xc5, 0xc8, 0xff, 0xc6, 0xc5, 0xc8, 0xff, 0xc6, 0xc5, 0xc8, 0xff,
    0xc8, 0xc4, 0xc9, 0xff, 0xc8, 0xc4, 0xc9, 0xff, 0xc8, 0xc4, 0xc9, 0xff, 0xc7, 0xc3, 0xc8, 0xff,
    0xc6, 0xc2, 0xc7, 0xff, 0xc3, 0xbf, 0xc4, 0xff, 0xc3, 0xbf, 0xc4, 0xff, 0xc2, 0xbe, 0xc3, 0xff,
    0xc3, 0xbd, 0xc2, 0xff, 0xc2, 0xbb, 0xc1, 0xff, 0xc2, 0xbb, 0xc1, 0xff, 0xc2, 0xbb, 0xc1, 0xff,
    0xbf, 0xba, 0xc1, 0xff, 0xbd, 0xba, 0xc1, 0xff, 0xbd, 0xba, 0xc1, 0xff, 0xbb, 0xb9, 0xc0, 0xff,
    0xbd, 0xb9, 0xc0, 0xff, 0xbc, 0xb7, 0xbf, 0xff, 0xbc, 0xb8, 0xbd, 0xff, 0xbb, 0xb7, 0xbc, 0xff,
    0xbc, 0xb8, 0xbd, 0xff, 0xba, 0xb6, 0xbb, 0xff, 0xba, 0xb6, 0xbb, 0xff, 0xba, 0xb6, 0xbb, 0xff,
    0xbb, 0xb7, 0xbc, 0xff, 0xb8, 0xb4, 0xb9, 0xfe, 0xb4, 0xb0, 0xb5, 0xff, 0xa5, 0xa1, 0xa6, 0xf1,
    0x6f, 0x6b, 0x71, 0x31, 0x79, 0x75, 0x7a, 0x00, 0x7d, 0x79, 0x7f, 0x02, 0x79, 0x75, 0x7a, 0x00,
    0x79, 0x76, 0x78, 0x00, 0x79, 0x76, 0x77, 0x00, 0x77, 0x78, 0x75, 0x00, 0x77, 0x78, 0x75, 0x00,
    0x00, 0x01, 0x00, 0x00, 0x00, 0x01, 0x00, 0x00, 0x00, 0x01, 0x00, 0x00, 0x00, 0x01, 0x00, 0x00,
    0x00, 0x00, 0x00, 0x00, 0x00, 0x00, 0x00, 0x00, 0x00, 0x00, 0x00, 0x00, 0x00, 0x00, 0x00, 0x00,
    0x00, 0x00, 0x00, 0x00, 0x00, 0x00, 0x00, 0x00, 0x00, 0x00, 0x00, 0x00, 0x00, 0x00, 0x00, 0x00,
    0x00, 0x00, 0x00, 0x00, 0x00, 0x00, 0x00, 0x00, 0x00, 0x00, 0x00, 0x00, 0x00, 0x00, 0x00, 0x00,
    0x00, 0x00, 0x00, 0x00, 0x00, 0x00, 0x00, 0x00, 0x00, 0x00, 0x00, 0x00, 0x00, 0x00, 0x00, 0x00,
    0x00, 0x00, 0x00, 0x00, 0x00, 0x00, 0x00, 0x00, 0x00, 0x00, 0x00, 0x00, 0x00, 0x00, 0x00, 0x00,
    0x00, 0x00, 0x00, 0x00, 0x00, 0x00, 0x00, 0x00, 0x00, 0x00, 0x00, 0x00, 0x00, 0x00, 0x00, 0x00,
    0x00, 0x00, 0x00, 0x00, 0x00, 0x00, 0x00, 0x00, 0x00, 0x00, 0x00, 0x00, 0x00, 0x00, 0x00, 0x00,
    0x00, 0x00, 0x00, 0x00, 0x00, 0x00, 0x00, 0x00, 0x00, 0x00, 0x00, 0x00, 0x00, 0x00, 0x00, 0x00,
    0x00, 0x00, 0x00, 0x00, 0x00, 0x00, 0x00, 0x00, 0x00, 0x00, 0x00, 0x00, 0x00, 0x00, 0x00, 0x00,
    0x00, 0x00, 0x00, 0x00, 0x00, 0x00, 0x00, 0x00, 0x00, 0x00, 0x00, 0x00, 0x00, 0x00, 0x00, 0x00,
    0x00, 0x00, 0x00, 0x00, 0x00, 0x00, 0x00, 0x00, 0x87, 0x8b, 0x8b, 0x00, 0x85, 0x8c, 0x8b, 0x00,
    0x85, 0x8d, 0x89, 0x00, 0x85, 0x8d, 0x89, 0x00, 0x83, 0x8b, 0x89, 0x00, 0x2e, 0x36, 0x34, 0x03,
    0xbc, 0xc4, 0xc2, 0xcb, 0xc9, 0xce, 0xcd, 0xff, 0xc6, 0xc5, 0xc8, 0xfd, 0xc8, 0xc5, 0xc8, 0xff,
    0xc8, 0xc5, 0xc8, 0xff, 0xc8, 0xc5, 0xc8, 0xff, 0xc8, 0xc4, 0xc9, 0xff, 0xc8, 0xc4, 0xc9, 0xff,
    0xc8, 0xc4, 0xc9, 0xff, 0xc7, 0xc3, 0xc8, 0xff, 0xc4, 0xc0, 0xc6, 0xff, 0xc3, 0xbf, 0xc4, 0xff,
    0xc3, 0xbf, 0xc4, 0xff, 0xc2, 0xbe, 0xc3, 0xff, 0xc3, 0xbd, 0xc2, 0xff, 0xc2, 0xbb, 0xc1, 0xff,
    0xc2, 0xbb, 0xc1, 0xff, 0xc2, 0xbb, 0xc1, 0xff, 0xbf, 0xba, 0xc1, 0xff, 0xbd, 0xba, 0xc1, 0xff,
    0xbd, 0xba, 0xc1, 0xff, 0xbb, 0xb9, 0xc0, 0xff, 0xbd, 0xb9, 0xc0, 0xff, 0xbc, 0xb7, 0xbf, 0xff,
    0xbc, 0xb8, 0xbd, 0xff, 0xbb, 0xb7, 0xbc, 0xff, 0xbc, 0xb8, 0xbd, 0xff, 0xb9, 0xb5, 0xba, 0xff,
    0xb9, 0xb5, 0xba, 0xff, 0xb9, 0xb5, 0xba, 0xff, 0xbb, 0xb7, 0xbc, 0xff, 0xb8, 0xb4, 0xb9, 0xfe,
    0xb4, 0xb0, 0xb5, 0xff, 0xa5, 0xa1, 0xa6, 0xf1, 0x6f, 0x6b, 0x71, 0x31, 0x7b, 0x74, 0x7a, 0x00,
    0x81, 0x79, 0x7f, 0x02, 0x7b, 0x75, 0x78, 0x00, 0x79, 0x76, 0x77, 0x00, 0x79, 0x76, 0x77, 0x00,
    0x79, 0x77, 0x75, 0x00, 0x79, 0x77, 0x75, 0x00, 0x02, 0x00, 0x00, 0x00, 0x00, 0x01, 0x00, 0x00,
    0x00, 0x01, 0x00, 0x00, 0x00, 0x01, 0x00, 0x00, 0x00, 0x00, 0x00, 0x00, 0x00, 0x00, 0x00, 0x00,
    0x00, 0x00, 0x00, 0x00, 0x00, 0x00, 0x00, 0x00, 0x00, 0x00, 0x00, 0x00, 0x00, 0x00, 0x00, 0x00,
    0x00, 0x00, 0x00, 0x00, 0x00, 0x00, 0x00, 0x00, 0x00, 0x00, 0x00, 0x00, 0x00, 0x00, 0x00, 0x00,
    0x00, 0x00, 0x00, 0x00, 0x00, 0x00, 0x00, 0x00, 0x00, 0x00, 0x00, 0x00, 0x00, 0x00, 0x00, 0x00,
    0x00, 0x00, 0x00, 0x00, 0x00, 0x00, 0x00, 0x00, 0x00, 0x00, 0x00, 0x00, 0x00, 0x00, 0x00, 0x00,
    0x00, 0x00, 0x00, 0x00, 0x00, 0x00, 0x00, 0x00, 0x00, 0x00, 0x00, 0x00, 0x00, 0x00, 0x00, 0x00,
    0x00, 0x00, 0x00, 0x00, 0x00, 0x00, 0x00, 0x00, 0x00, 0x00, 0x00, 0x00, 0x00, 0x00, 0x00, 0x00,
    0x00, 0x00, 0x00, 0x00, 0x00, 0x00, 0x00, 0x00, 0x00, 0x00, 0x00, 0x00, 0x00, 0x00, 0x00, 0x00,
    0x00, 0x00, 0x00, 0x00, 0x00, 0x00, 0x00, 0x00, 0x00, 0x00, 0x00, 0x00, 0x00, 0x00, 0x00, 0x00,
    0xe7, 0xe7, 0xe7, 0x00, 0xe7, 0xe7, 0xe7, 0x00, 0xe7, 0xe7, 0xe7, 0x00, 0xe7, 0xe7, 0xe7, 0x00,
    0xe8, 0xe8, 0xe8, 0x00, 0xe7, 0xe7, 0xe7, 0x00, 0xe7, 0xe7, 0xe5, 0x00, 0xe1, 0xe7, 0xe4, 0x00,
    0xbd, 0xc7, 0xc3, 0x00, 0xb8, 0xc7, 0xc2, 0x00, 0xbc, 0xcb, 0xc7, 0x00, 0xb6, 0xc6, 0xc1, 0x00,
    0xba, 0xc8, 0xc6, 0x00, 0x2f, 0x3e, 0x3b, 0x03, 0xb9, 0xc7, 0xc5, 0xcb, 0xc1, 0xcb, 0xc9, 0xff,
    0xc2, 0xc2, 0xc2, 0xfd, 0xc6, 0xc2, 0xc2, 0xff, 0xc6, 0xc2, 0xc2, 0xff, 0xc6, 0xc1, 0xc4, 0xff,
    0xc6, 0xc1, 0xc4, 0xff, 0xc6, 0xc1, 0xc4, 0xff, 0xc6, 0xc1, 0xc4, 0xff, 0xc5, 0xc0, 0xc3, 0xff,
    0xc5, 0xc0, 0xc3, 0xff, 0xc4, 0xbf, 0xc2, 0xff, 0xc4, 0xbf, 0xc2, 0xff, 0xc3, 0xbd, 0xc1, 0xff,
    0xc2, 0xbc, 0xbf, 0xff, 0xc1, 0xbb, 0xbe, 0xff, 0xbf, 0xba, 0xbd, 0xff, 0xbf, 0xb9, 0xbf, 0xff,
    0xbf, 0xbb, 0xc0, 0xff, 0xbf, 0xbb, 0xc0, 0xff, 0xbd, 0xb9, 0xbf, 0xff, 0xbc, 0xb8, 0xbd, 0xff,
    0xbc, 0xb8, 0xbd, 0xff, 0xbb, 0xb7, 0xbc, 0xff, 0xbb, 0xb7, 0xbc, 0xff, 0xbb, 0xb7, 0xbc, 0xff,
    0xb5, 0xb1, 0xb7, 0xff, 0xb8, 0xb4, 0xb9, 0xff, 0xb8, 0xb4, 0xb7, 0xff, 0xb8, 0xb4, 0xb7, 0xff,
    0xb3, 0xad, 0xb0, 0xff, 0xb2, 0xac, 0xaf, 0xfe, 0xb5, 0xaf, 0xb3, 0xff, 0xa6, 0xa0, 0xa3, 0xf1,
    0x6f, 0x6b, 0x71, 0x31, 0x98, 0x8f, 0x95, 0x00, 0x8c, 0x7d, 0x82, 0x02, 0x9f, 0x93, 0x95, 0x00,
    0x9e, 0x9c, 0x9c, 0x00, 0x97, 0x97, 0x97, 0x00, 0x9f, 0x98, 0x97, 0x00, 0x9d, 0x94, 0x93, 0x00,
    0x83, 0x7f, 0x7d, 0x00, 0x81, 0x7f, 0x7d, 0x00, 0x7f, 0x7f, 0x7f, 0x00, 0x7f, 0x7f, 0x7f, 0x00,
    0x7f, 0x7f, 0x7f, 0x00, 0x7f, 0x7f, 0x7f, 0x00, 0x7f, 0x7f, 0x7f, 0x00, 0x7f, 0x7f, 0x7f, 0x00,
    0x00, 0x00, 0x00, 0x00, 0x00, 0x00, 0x00, 0x00, 0x00, 0x00, 0x00, 0x00, 0x00, 0x00, 0x00, 0x00,
    0x00, 0x00, 0x00, 0x00, 0x00, 0x00, 0x00, 0x00, 0x00, 0x00, 0x00, 0x00, 0x00, 0x00, 0x00, 0x00,
    0x00, 0x00, 0x00, 0x00, 0x00, 0x00, 0x00, 0x00, 0x00, 0x00, 0x00, 0x00, 0x00, 0x00, 0x00, 0x00,
    0x00, 0x00, 0x00, 0x00, 0x00, 0x00, 0x00, 0x00, 0x00, 0x00, 0x00, 0x00, 0x00, 0x00, 0x00, 0x00,
    0x00, 0x00, 0x00, 0x00, 0x00, 0x00, 0x00, 0x00, 0x00, 0x00, 0x00, 0x00, 0x00, 0x00, 0x00, 0x00,
    0x00, 0x00, 0x00, 0x00, 0x00, 0x00, 0x00, 0x00, 0x00, 0x00, 0x00, 0x00, 0x00, 0x00, 0x00, 0x00,
    0x00, 0x00, 0x00, 0x00, 0x00, 0x00, 0x00, 0x00, 0x00, 0x00, 0x00, 0x00, 0x00, 0x00, 0x00, 0x00,
    0x00, 0x00, 0x00, 0x00, 0x00, 0x00, 0x00, 0x00, 0xe7, 0xe7, 0xe7, 0x00, 0xe7, 0xe7, 0xe7, 0x00,
    0xe7, 0xe7, 0xe7, 0x00, 0xe7, 0xe7, 0xe7, 0x00, 0xee, 0xee, 0xee, 0x00, 0xe9, 0xe9, 0xe9, 0x00,
    0xe4, 0xe5, 0xe3, 0x00, 0xde, 0xe1, 0xde, 0x00, 0xbd, 0xc7, 0xc3, 0x00, 0xb8, 0xc5, 0xc1, 0x00,
    0xba, 0xc6, 0xc2, 0x00, 0xa2, 0xaf, 0xab, 0x03, 0xd4, 0xe0, 0xde, 0x02, 0x70, 0x7c, 0x7a, 0x04,
    0xbe, 0xca, 0xc8, 0xcb, 0xc1, 0xc8, 0xc7, 0xff, 0xc0, 0xc0, 0xc0, 0xfd, 0xc4, 0xbf, 0xc0, 0xff,
    0xc4, 0xbf, 0xc0, 0xff, 0xc4, 0xbf, 0xc0, 0xff, 0xc4, 0xbf, 0xc2, 0xff, 0xc4, 0xbf, 0xc2, 0xff,
    0xc4, 0xbf, 0xc2, 0xff, 0xc4, 0xbf, 0xc2, 0xff, 0xc3, 0xbd, 0xc1, 0xff, 0xc4, 0xbf, 0xc2, 0xff,
    0xc4, 0xbf, 0xc2, 0xff, 0xc3, 0xbd, 0xc1, 0xff, 0xc2, 0xbc, 0xbf, 0xff, 0xc1, 0xbb, 0xbe, 0xff,
    0xbf, 0xba, 0xbd, 0xff, 0xbf, 0xba, 0xbd, 0xff, 0xbf, 0xbb, 0xc0, 0xff, 0xbf, 0xbb, 0xc0, 0xff,
    0xbd, 0xb9, 0xbf, 0xff, 0xbc, 0xb8, 0xbd, 0xff, 0xbc, 0xb8, 0xbd, 0xff, 0xbb, 0xb7, 0xbc, 0xff,
    0xbb, 0xb7, 0xbc, 0xff, 0xbb, 0xb7, 0xbc, 0xff, 0xb5, 0xb1, 0xb7, 0xff, 0xb6, 0xb2, 0xb8, 0xff,
    0xb6, 0xb3, 0xb6, 0xff, 0xb6, 0xb3, 0xb6, 0xff, 0xb3, 0xad, 0xb0, 0xff, 0xb2, 0xac, 0xaf, 0xfe,
    0xb5, 0xaf, 0xb3, 0xff, 0xa6, 0xa0, 0xa3, 0xf1, 0x83, 0x7f, 0x84, 0x32, 0x9b, 0x93, 0x97, 0x00,
    0x96, 0x85, 0x88, 0x04, 0x9f, 0x90, 0x93, 0x00, 0x9b, 0x98, 0x99, 0x00, 0x99, 0x99, 0x99, 0x00,
    0xa5, 0x9c, 0x9c, 0x00, 0x9d, 0x94, 0x93, 0x00, 0x83, 0x7f, 0x7d, 0x00, 0x81, 0x7f, 0x7d, 0x00,
    0x7f, 0x7f, 0x7f, 0x00, 0x7f, 0x7f, 0x7f, 0x00, 0x7f, 0x7f, 0x7f, 0x00, 0x7f, 0x7f, 0x7f, 0x00,
    0x7f, 0x7f, 0x7f, 0x00, 0x7f, 0x7f, 0x7f, 0x00, 0x00, 0x00, 0x00, 0x00, 0x00, 0x00, 0x00, 0x00,
    0x00, 0x00, 0x00, 0x00, 0x00, 0x00, 0x00, 0x00, 0x00, 0x00, 0x00, 0x00, 0x00, 0x00, 0x00, 0x00,
    0x00, 0x00, 0x00, 0x00, 0x00, 0x00, 0x00, 0x00, 0x00, 0x00, 0x00, 0x00, 0x00, 0x00, 0x00, 0x00,
    0x00, 0x00, 0x00, 0x00, 0x00, 0x00, 0x00, 0x00, 0x00, 0x00, 0x00, 0x00, 0x00, 0x00, 0x00, 0x00,
    0x00, 0x00, 0x00, 0x00, 0x00, 0x00, 0x00, 0x00, 0x00, 0x00, 0x00, 0x00, 0x00, 0x00, 0x00, 0x00,
    0x00, 0x00, 0x00, 0x00, 0x00, 0x00, 0x00, 0x00, 0x00, 0x00, 0x00, 0x00, 0x00, 0x00, 0x00, 0x00,
    0x00, 0x00, 0x00, 0x00, 0x00, 0x00, 0x00, 0x00, 0x00, 0x00, 0x00, 0x00, 0x00, 0x00, 0x00, 0x00,
    0x00, 0x00, 0x00, 0x00, 0x00, 0x00, 0x00, 0x00, 0x00, 0x00, 0x00, 0x00, 0x00, 0x00, 0x00, 0x00,
    0xe7, 0xe7, 0xe7, 0x00, 0xe7, 0xe7, 0xe7, 0x00, 0xe7, 0xe7, 0xe7, 0x00, 0xe8, 0xe8, 0xe8, 0x00,
    0xe8, 0xe8, 0xe8, 0x00, 0xe8, 0xe8, 0xe8, 0x00, 0xe5, 0xe6, 0xe4, 0x00, 0xe4, 0xe5, 0xe3, 0x00,
    0xf9, 0xfd, 0xfa, 0x01, 0xfd, 0xff, 0xfd, 0x03, 0xc6, 0xc9, 0xc7, 0x00, 0xc3, 0xc6, 0xc3, 0x00,
    0xc7, 0xc7, 0xc7, 0x00, 0xc5, 0xc5, 0xc5, 0x00, 0xbd, 0xbd, 0xbd, 0xc9, 0xc2, 0xc2, 0xc2, 0xff,
    0xbd, 0xbb, 0xbb, 0xfd, 0xbf, 0xbb, 0xbb, 0xff, 0xbf, 0xbb, 0xbb, 0xff, 0xbf, 0xbb, 0xbb, 0xff,
    0xbf, 0xba, 0xbd, 0xff, 0xbf, 0xba, 0xbd, 0xff, 0xc1, 0xbb, 0xbe, 0xff, 0xc1, 0xbb, 0xbe, 0xff,
    0xc2, 0xbc, 0xbf, 0xff, 0xc2, 0xbc, 0xbf, 0xff, 0xc3, 0xbd, 0xc1, 0xff, 0xc2, 0xbc, 0xbf, 0xff,
    0xc1, 0xbb, 0xbe, 0xff, 0xbf, 0xba, 0xbd, 0xff, 0xbf, 0xba, 0xbd, 0xff, 0xbf, 0xba, 0xbd, 0xff,
    0xbc, 0xb8, 0xbd, 0xff, 0xbc, 0xb8, 0xbd, 0xff, 0xbc, 0xb8, 0xbd, 0xff, 0xbb, 0xb7, 0xbc, 0xff,
    0xbb, 0xb7, 0xbc, 0xff, 0xba, 0xb6, 0xbb, 0xff, 0xba, 0xb6, 0xbb, 0xff, 0xba, 0xb6, 0xbb, 0xff,
    0xb5, 0xb1, 0xb7, 0xff, 0xb6, 0xb2, 0xb8, 0xff, 0xb6, 0xb3, 0xb6, 0xff, 0xb6, 0xb3, 0xb6, 0xff,
    0xb3, 0xae, 0xaf, 0xff, 0xb2, 0xad, 0xad, 0xfe, 0xb4, 0xaf, 0xb0, 0xff, 0xa6, 0xa0, 0xa3, 0xf0,
    0x6d, 0x67, 0x6a, 0x2e, 0x96, 0x8e, 0x92, 0x00, 0x8f, 0x80, 0x82, 0x02, 0x10, 0x04, 0x06, 0x01,
    0xae, 0xa9, 0xaa, 0x03, 0x9c, 0x99, 0x9a, 0x00, 0x9b, 0x95, 0x93, 0x00, 0x98, 0x90, 0x8f, 0x00,
    0x83, 0x7f, 0x7d, 0x00, 0x81, 0x7f, 0x7d, 0x00, 0x7f, 0x7f, 0x7f, 0x00, 0x7f, 0x7f, 0x7f, 0x00,
    0x7f, 0x7f, 0x7f, 0x00, 0x7f, 0x7f, 0x7f, 0x00, 0x7f, 0x7f, 0x7f, 0x00, 0x7f, 0x7f, 0x7f, 0x00,
    0x00, 0x00, 0x00, 0x00, 0x00, 0x00, 0x00, 0x00, 0x00, 0x00, 0x00, 0x00, 0x00, 0x00, 0x00, 0x00,
    0x00, 0x00, 0x00, 0x00, 0x00, 0x00, 0x00, 0x00, 0x00, 0x00, 0x00, 0x00, 0x00, 0x00, 0x00, 0x00,
    0x00, 0x00, 0x00, 0x00, 0x00, 0x00, 0x00, 0x00, 0x00, 0x00, 0x00, 0x00, 0x00, 0x00, 0x00, 0x00,
    0x00, 0x00, 0x00, 0x00, 0x00, 0x00, 0x00, 0x00, 0x00, 0x00, 0x00, 0x00, 0x00, 0x00, 0x00, 0x00,
    0x00, 0x00, 0x00, 0x00, 0x00, 0x00, 0x00, 0x00, 0x00, 0x00, 0x00, 0x00, 0x00, 0x00, 0x00, 0x00,
    0x00, 0x00, 0x00, 0x00, 0x00, 0x00, 0x00, 0x00, 0x00, 0x00, 0x00, 0x00, 0x00, 0x00, 0x00, 0x00,
    0x00, 0x00, 0x00, 0x00, 0x00, 0x00, 0x00, 0x00, 0x00, 0x00, 0x00, 0x00, 0x00, 0x00, 0x00, 0x00,
    0x00, 0x00, 0x00, 0x00, 0x00, 0x00, 0x00, 0x00, 0xe7, 0xe7, 0xe7, 0x00, 0xe7, 0xe7, 0xe7, 0x00,
    0xe7, 0xe7, 0xe7, 0x00, 0xe7, 0xe7, 0xe7, 0x00, 0xdc, 0xdc, 0xdc, 0x00, 0xe2, 0xe2, 0xe2, 0x00,
    0xeb, 0xec, 0xea, 0x00, 0xf3, 0xf1, 0xef, 0x01, 0xf6, 0xf2, 0xf1, 0x01, 0xca, 0xc6, 0xc4, 0x00,
    0xff, 0xfd, 0xfb, 0x09, 0xf4, 0xf0, 0xee, 0x29, 0xfe, 0xfa, 0xfa, 0x38, 0xf0, 0xe9, 0xea, 0x3c,
    0xcf, 0xc8, 0xc9, 0xd6, 0xd2, 0xcb, 0xcc, 0xff, 0xcb, 0xc4, 0xc5, 0xfd, 0xcb, 0xc4, 0xc5, 0xff,
    0xcb, 0xc4, 0xc5, 0xff, 0xc9, 0xc4, 0xc5, 0xff, 0xc9, 0xc3, 0xc6, 0xff, 0xc9, 0xc3, 0xc6, 0xff,
    0xc9, 0xc3, 0xc6, 0xff, 0xc9, 0xc3, 0xc6, 0xff, 0xc3, 0xbd, 0xc1, 0xff, 0xc3, 0xbd, 0xc1, 0xff,
    0xc3, 0xbd, 0xc1, 0xff, 0xc2, 0xbc, 0xbf, 0xff, 0xc1, 0xbb, 0xbe, 0xff, 0xbf, 0xba, 0xbd, 0xff,
    0xbf, 0xba, 0xbd, 0xff, 0xbf, 0xba, 0xbd, 0xff, 0xbc, 0xb8, 0xbd, 0xff, 0xbc, 0xb8, 0xbd, 0xff,
    0xbc, 0xb8, 0xbd, 0xff, 0xbb, 0xb7, 0xbc, 0xff, 0xbb, 0xb7, 0xbc, 0xff, 0xba, 0xb6, 0xbb, 0xff,
    0xba, 0xb6, 0xbb, 0xff, 0xba, 0xb6, 0xbb, 0xff, 0xb5, 0xb1, 0xb7, 0xff, 0xb5, 0xb1, 0xb7, 0xff,
    0xb5, 0xb2, 0xb5, 0xff, 0xb7, 0xb2, 0xb5, 0xff, 0xb3, 0xae, 0xaf, 0xff, 0xb2, 0xad, 0xad, 0xff,
    0xb4, 0xaf, 0xb0, 0xff, 0xa6, 0xa1, 0xa2, 0xf5, 0xab, 0xa5, 0xa8, 0x5d, 0xf0, 0xe8, 0xec, 0x2f,
    0xe1, 0xd7, 0xd9, 0x25, 0xff, 0xf9, 0xfa, 0x04, 0x98, 0x90, 0x92, 0x00, 0xfa, 0xf5, 0xf6, 0x02,
    0x9d, 0x97, 0x96, 0x00, 0xa1, 0x9b, 0x99, 0x00, 0x83, 0x7f, 0x7d, 0x00, 0x81, 0x7f, 0x7d, 0x00,
    0x7f, 0x7f, 0x7f, 0x00, 0x7f, 0x7f, 0x7f, 0x00, 0x7f, 0x7f, 0x7f, 0x00, 0x7f, 0x7f, 0x7f, 0x00,
    0x7f, 0x7f, 0x7f, 0x00, 0x7f, 0x7f, 0x7f, 0x00, 0x00, 0x00, 0x00, 0x00, 0x00, 0x00, 0x00, 0x00,
    0x00, 0x00, 0x00, 0x00, 0x00, 0x00, 0x00, 0x00, 0x00, 0x00, 0x00, 0x00, 0x00, 0x00, 0x00, 0x00,
    0x00, 0x00, 0x00, 0x00, 0x00, 0x00, 0x00, 0x00, 0x00, 0x00, 0x00, 0x00, 0x00, 0x00, 0x00, 0x00,
    0x00, 0x00, 0x00, 0x00, 0x00, 0x00, 0x00, 0x00, 0x00, 0x00, 0x00, 0x00, 0x00, 0x00, 0x00, 0x00,
    0x00, 0x00, 0x00, 0x00, 0x00, 0x00, 0x00, 0x00, 0x00, 0x00, 0x00, 0x00, 0x00, 0x00, 0x00, 0x00,
    0x00, 0x00, 0x00, 0x00, 0x00, 0x00, 0x00, 0x00, 0x00, 0x00, 0x00, 0x00, 0x00, 0x00, 0x00, 0x00,
    0x00, 0x00, 0x00, 0x00, 0x00, 0x00, 0x00, 0x00, 0x00, 0x00, 0x00, 0x00, 0x00, 0x00, 0x00, 0x00,
    0x00, 0x00, 0x00, 0x00, 0x00, 0x00, 0x00, 0x00, 0x00, 0x00, 0x00, 0x00, 0x00, 0x00, 0x00, 0x00,
    0xe7, 0xe7, 0xe7, 0x00, 0xe7, 0xe7, 0xe7, 0x00, 0xe7, 0xe7, 0xe7, 0x00, 0xe7, 0xe7, 0xe7, 0x00,
    0xeb, 0xeb, 0xeb, 0x00, 0xe1, 0xe1, 0xe1, 0x00, 0xff, 0xff, 0xff, 0x01, 0xe4, 0xe2, 0xe0, 0x00,
    0xb7, 0xb1, 0xaf, 0x03, 0xff, 0xfd, 0xfc, 0x69, 0xff, 0xf8, 0xf8, 0xd1, 0xef, 0xe6, 0xe5, 0xf8,
    0xe4, 0xda, 0xdc, 0xfd, 0xe4, 0xda, 0xdc, 0xfd, 0xe3, 0xd9, 0xdb, 0xff, 0xe3, 0xd9, 0xdb, 0xff,
    0xe2, 0xd8, 0xda, 0xff, 0xe2, 0xd8, 0xda, 0xff, 0xe1, 0xd7, 0xd9, 0xff, 0xdd, 0xd6, 0xd7, 0xff,
    0xdd, 0xd5, 0xd9, 0xff, 0xdc, 0xd4, 0xd8, 0xff, 0xdc, 0xd4, 0xd8, 0xff, 0xdc, 0xd4, 0xd8, 0xff,
    0xd2, 0xca, 0xcd, 0xff, 0xd2, 0xca, 0xcd, 0xff, 0xd2, 0xca, 0xcd, 0xff, 0xd1, 0xc9, 0xcc, 0xff,
    0xcd, 0xc8, 0xcb, 0xff, 0xcc, 0xc7, 0xca, 0xff, 0xcc, 0xc7, 0xca, 0xff, 0xcc, 0xc7, 0xca, 0xff,
    0xc5, 0xbf, 0xc4, 0xff, 0xc5, 0xbf, 0xc4, 0xff, 0xc5, 0xbf, 0xc4, 0xff, 0xc5, 0xbf, 0xc4, 0xff,
    0xc1, 0xba, 0xc0, 0xff, 0xc1, 0xba, 0xc0, 0xff, 0xc1, 0xbb, 0xbe, 0xff, 0xc1, 0xbb, 0xbe, 0xff,
    0xbc, 0xb6, 0xba, 0xff, 0xbc, 0xb6, 0xba, 0xff, 0xbc, 0xb6, 0xba, 0xff, 0xbc, 0xb6, 0xba, 0xff,
    0xbf, 0xb8, 0xb9, 0xff, 0xbe, 0xb7, 0xb8, 0xff, 0xb7, 0xb0, 0xb1, 0xff, 0xb6, 0xaf, 0xb0, 0xff,
    0xb9, 0xb1, 0xb5, 0xfd, 0xb9, 0xb1, 0xb5, 0xfc, 0xb9, 0xb2, 0xb3, 0xf4, 0xb9, 0xb2, 0xb3, 0xc1,
    0xd4, 0xca, 0xcc, 0x4d, 0x9c, 0x92, 0x94, 0x00, 0x88, 0x81, 0x82, 0x02, 0xa4, 0x9d, 0x9e, 0x00,
    0x83, 0x7e, 0x7f, 0x00, 0x81, 0x7f, 0x7f, 0x00, 0x81, 0x7f, 0x7f, 0x00, 0x81, 0x7f, 0x7f, 0x00,
    0x81, 0x7e, 0x81, 0x00, 0x81, 0x7e, 0x81, 0x00, 0x81, 0x7e, 0x81, 0x00, 0x81, 0x7e, 0x81, 0x00,
    0x00, 0x00, 0x00, 0x00, 0x00, 0x00, 0x00, 0x00, 0x00, 0x00, 0x00, 0x00, 0x00, 0x00, 0x00, 0x00,
    0x00, 0x00, 0x00, 0x00, 0x00, 0x00, 0x00, 0x00, 0x00, 0x00, 0x00, 0x00, 0x00, 0x00, 0x00, 0x00,
    0x00, 0x00, 0x00, 0x00, 0x00, 0x00, 0x00, 0x00, 0x00, 0x00, 0x00, 0x00, 0x00, 0x00, 0x00, 0x00,
    0x00, 0x00, 0x00, 0x00, 0x00, 0x00, 0x00, 0x00, 0x00, 0x00, 0x00, 0x00, 0x00, 0x00, 0x00, 0x00,
    0x00, 0x00, 0x00, 0x00, 0x00, 0x00, 0x00, 0x00, 0x00, 0x00, 0x00, 0x00, 0x00, 0x00, 0x00, 0x00,
    0x00, 0x00, 0x00, 0x00, 0x00, 0x00, 0x00, 0x00, 0x00, 0x00, 0x00, 0x00, 0x00, 0x00, 0x00, 0x00,
    0x00, 0x00, 0x00, 0x00, 0x00, 0x00, 0x00, 0x00, 0x00, 0x00, 0x00, 0x00, 0x00, 0x00, 0x00, 0x00,
    0x00, 0x00, 0x00, 0x00, 0x00, 0x00, 0x00, 0x00, 0xe7, 0xe7, 0xe7, 0x00, 0xe7, 0xe7, 0xe7, 0x00,
    0xe7, 0xe7, 0xe7, 0x00, 0xe7, 0xe7, 0xe7, 0x00, 0xe7, 0xe7, 0xe7, 0x00, 0xe8, 0xe8, 0xe8, 0x00,
    0xfd, 0xfd, 0xfb, 0x02, 0xe5, 0xe3, 0xe1, 0x00, 0xff, 0xf9, 0xf8, 0x8a, 0xff, 0xf8, 0xf8, 0xff,
    0xe3, 0xda, 0xd9, 0xfe, 0xd2, 0xc9, 0xc8, 0xff, 0xcf, 0xc6, 0xc7, 0xff, 0xcf, 0xc6, 0xc7, 0xff,
    0xce, 0xc4, 0xc6, 0xff, 0xce, 0xc4, 0xc6, 0xff, 0xcd, 0xc3, 0xc5, 0xff, 0xcd, 0xc3, 0xc5, 0xff,
    0xcc, 0xc2, 0xc4, 0xff, 0xc9, 0xc1, 0xc2, 0xff, 0xc9, 0xc0, 0xc4, 0xff, 0xc7, 0xbf, 0xc3, 0xff,
    0xc9, 0xc0, 0xc4, 0xff, 0xc9, 0xc0, 0xc4, 0xff, 0xc9, 0xc0, 0xc4, 0xff, 0xc9, 0xc0, 0xc4, 0xff,
    0xca, 0xc2, 0xc5, 0xff, 0xc9, 0xc0, 0xc4, 0xff, 0xc5, 0xc0, 0xc3, 0xff, 0xc4, 0xbf, 0xc2, 0xff,
    0xc4, 0xbf, 0xc2, 0xff, 0xc4, 0xbf, 0xc2, 0xff, 0xbd, 0xb7, 0xbc, 0xff, 0xbd, 0xb7, 0xbc, 0xff,
    0xbd, 0xb7, 0xbc, 0xff, 0xbd, 0xb7, 0xbc, 0xff, 0xb9, 0xb2, 0xb8, 0xff, 0xb9, 0xb2, 0xb8, 0xff,
    0xb9, 0xb3, 0xb6, 0xff, 0xb9, 0xb3, 0xb6, 0xff, 0xb4, 0xae, 0xb1, 0xff, 0xb4, 0xae, 0xb1, 0xff,
    0xb4, 0xae, 0xb1, 0xff, 0xb4, 0xae, 0xb1, 0xff, 0xb5, 0xad, 0xaf, 0xff, 0xb4, 0xac, 0xad, 0xff,
    0xad, 0xa5, 0xa7, 0xff, 0xab, 0xa4, 0xa5, 0xff, 0xa8, 0x9d, 0xa1, 0xff, 0xa6, 0x9e, 0xa1, 0xff,
    0xa2, 0x9f, 0xa0, 0xff, 0xa4, 0x9f, 0xa0, 0xff, 0xa6, 0x9d, 0x9e, 0xfd, 0xc4, 0xb8, 0xba, 0x5e,
    0x9d, 0x96, 0x97, 0x00, 0xff, 0xfd, 0xfe, 0x02, 0x81, 0x7f, 0x7f, 0x00, 0x81, 0x7f, 0x7f, 0x00,
    0x81, 0x7f, 0x7f, 0x00, 0x81, 0x7f, 0x7f, 0x00, 0x81, 0x7e, 0x81, 0x00, 0x81, 0x7e, 0x81, 0x00,
    0x81, 0x7e, 0x81, 0x00, 0x81, 0x7e, 0x81, 0x00, 0x00, 0x00, 0x00, 0x00, 0x00, 0x00, 0x00, 0x00,
    0x00, 0x00, 0x00, 0x00, 0x00, 0x00, 0x00, 0x00, 0x00, 0x00, 0x00, 0x00, 0x00, 0x00, 0x00, 0x00,
    0x00, 0x00, 0x00, 0x00, 0x00, 0x00, 0x00, 0x00, 0x00, 0x00, 0x00, 0x00, 0x00, 0x00, 0x00, 0x00,
    0x00, 0x00, 0x00, 0x00, 0x00, 0x00, 0x00, 0x00, 0x00, 0x00, 0x00, 0x00, 0x00, 0x00, 0x00, 0x00,
    0x00, 0x00, 0x00, 0x00, 0x00, 0x00, 0x00, 0x00, 0x00, 0x00, 0x00, 0x00, 0x00, 0x00, 0x00, 0x00,
    0x00, 0x00, 0x00, 0x00, 0x00, 0x00, 0x00, 0x00, 0x00, 0x00, 0x00, 0x00, 0x00, 0x00, 0x00, 0x00,
    0x00, 0x00, 0x00, 0x00, 0x00, 0x00, 0x00, 0x00, 0x00, 0x00, 0x00, 0x00, 0x00, 0x00, 0x00, 0x00,
    0x00, 0x00, 0x00, 0x00, 0x00, 0x00, 0x00, 0x00, 0x00, 0x00, 0x00, 0x00, 0x00, 0x00, 0x00, 0x00,
    0xe7, 0xe7, 0xe7, 0x00, 0xe7, 0xe7, 0xe7, 0x00, 0xe7, 0xe7, 0xe7, 0x00, 0xe7, 0xe7, 0xe7, 0x00,
    0xe4, 0xe4, 0xe4, 0x00, 0xf1, 0xf1, 0xf1, 0x03, 0xe1, 0xe2, 0xdf, 0x00, 0xf1, 0xef, 0xed, 0x3c,
    0xef, 0xeb, 0xea, 0xf1, 0xc6, 0xc2, 0xc1, 0xfd, 0xba, 0xb6, 0xb4, 0xfc, 0xb2, 0xae, 0xac, 0xfe,
    0xa7, 0xa2, 0xa3, 0xff, 0xa9, 0xa2, 0xa3, 0xff, 0xa8, 0xa1, 0xa2, 0xff, 0xa8, 0xa1, 0xa2, 0xff,
    0xa7, 0xa0, 0xa1, 0xff, 0xa7, 0xa0, 0xa1, 0xff, 0xa6, 0x9e, 0xa0, 0xff, 0xa2, 0x9e, 0x9e, 0xff,
    0xa2, 0x9d, 0xa0, 0xff, 0xa1, 0x9c, 0x9f, 0xff, 0xa1, 0x9c, 0x9f, 0xff, 0xa1, 0x9c, 0x9f, 0xff,
    0x9a, 0x95, 0x98, 0xff, 0x9a, 0x95, 0x98, 0xff, 0x9a, 0x95, 0x98, 0xff, 0x99, 0x93, 0x97, 0xff,
    0x98, 0x92, 0x95, 0xff, 0x97, 0x91, 0x94, 0xff, 0x97, 0x91, 0x94, 0xff, 0x97, 0x91, 0x94, 0xff,
    0x8e, 0x8a, 0x8f, 0xff, 0x8e, 0x8a, 0x8f, 0xff, 0x8e, 0x8a, 0x8f, 0xff, 0x8e, 0x8a, 0x8f, 0xff,
    0x8b, 0x85, 0x8a, 0xff, 0x8b, 0x85, 0x8a, 0xff, 0x8b, 0x85, 0x89, 0xff, 0x8b, 0x85, 0x89, 0xff,
    0x86, 0x81, 0x84, 0xff, 0x86, 0x81, 0x84, 0xff, 0x86, 0x81, 0x84, 0xff, 0x86, 0x81, 0x84, 0xff,
    0x82, 0x7d, 0x7e, 0xff, 0x81, 0x7c, 0x7d, 0xff, 0x7a, 0x75, 0x76, 0xff, 0x7a, 0x73, 0x74, 0xff,
    0x82, 0x79, 0x7a, 0xff, 0x80, 0x79, 0x7a, 0xff, 0x7a, 0x7a, 0x7a, 0xfe, 0x7c, 0x7a, 0x7a, 0xfa,
    0x95, 0x89, 0x8b, 0xff, 0xad, 0x9e, 0xa1, 0xdd, 0xcb, 0xc4, 0xc5, 0x17, 0x94, 0x91, 0x92, 0x00,
    0x81, 0x7f, 0x7f, 0x02, 0x81, 0x7f, 0x7f, 0x00, 0x7f, 0x7f, 0x7f, 0x00, 0x7f, 0x7f, 0x7f, 0x00,
    0x7f, 0x7e, 0x81, 0x00, 0x7f, 0x7e, 0x81, 0x00, 0x7f, 0x7e, 0x81, 0x00, 0x7f, 0x7e, 0x81, 0x00,
    0x00, 0x00, 0x00, 0x00, 0x00, 0x00, 0x00, 0x00, 0x00, 0x00, 0x00, 0x00, 0x00, 0x00, 0x00, 0x00,
    0x00, 0x00, 0x00, 0x00, 0x00, 0x00, 0x00, 0x00, 0x00, 0x00, 0x00, 0x00, 0x00, 0x00, 0x00, 0x00,
    0x00, 0x00, 0x00, 0x00, 0x00, 0x00, 0x00, 0x00, 0x00, 0x00, 0x00, 0x00, 0x00, 0x00, 0x00, 0x00,
    0x00, 0x00, 0x00, 0x00, 0x00, 0x00, 0x00, 0x00, 0x00, 0x00, 0x00, 0x00, 0x00, 0x00, 0x00, 0x00,
    0x00, 0x00, 0x00, 0x00, 0x00, 0x00, 0x00, 0x00, 0x00, 0x00, 0x00, 0x00, 0x00, 0x00, 0x00, 0x00,
    0x00, 0x00, 0x00, 0x00, 0x00, 0x00, 0x00, 0x00, 0x00, 0x00, 0x00, 0x00, 0x00, 0x00, 0x00, 0x00,
    0x00, 0x00, 0x00, 0x00, 0x00, 0x00, 0x00, 0x00, 0x00, 0x00, 0x00, 0x00, 0x00, 0x00, 0x00, 0x00,
    0x00, 0x00, 0x00, 0x00, 0x00, 0x00, 0x00, 0x00, 0xe7, 0xe7, 0xe7, 0x00, 0xe7, 0xe7, 0xe7, 0x00,
    0xe7, 0xe7, 0xe7, 0x00, 0xe7, 0xe7, 0xe7, 0x00, 0xe8, 0xe8, 0xe8, 0x00, 0x9c, 0x9c, 0x9c, 0x05,
    0xe8, 0xe9, 0xe6, 0x00, 0xcd, 0xce, 0xcb, 0x7f, 0xc9, 0xc8, 0xc6, 0xff, 0xa3, 0xa1, 0x9f, 0xf9,
    0xab, 0xa9, 0xa7, 0xff, 0xa5, 0xa3, 0xa1, 0xff, 0x9e, 0x99, 0x9a, 0xff, 0x9e, 0x99, 0x9a, 0xff,
    0x9d, 0x98, 0x99, 0xff, 0x9d, 0x98, 0x99, 0xff, 0x9b, 0x97, 0x97, 0xff, 0x9b, 0x97, 0x97, 0xff,
    0x9a, 0x95, 0x96, 0xff, 0x99, 0x94, 0x95, 0xff, 0x99, 0x93, 0x97, 0xff, 0x98, 0x92, 0x95, 0xff,
    0x98, 0x92, 0x95, 0xff, 0x98, 0x92, 0x95, 0xff, 0x91, 0x8b, 0x8e, 0xff, 0x91, 0x8b, 0x8e, 0xff,
    0x91, 0x8b, 0x8e, 0xff, 0x90, 0x8a, 0x8d, 0xff, 0x8f, 0x89, 0x8c, 0xff, 0x8d, 0x88, 0x8b, 0xff,
    0x8d, 0x88, 0x8b, 0xff, 0x8d, 0x88, 0x8b, 0xff, 0x84, 0x80, 0x86, 0xff, 0x84, 0x80, 0x86, 0xff,
    0x84, 0x80, 0x86, 0xff, 0x84, 0x80, 0x86, 0xff, 0x82, 0x7b, 0x81, 0xff, 0x82, 0x7b, 0x81, 0xff,
    0x82, 0x7c, 0x7f, 0xff, 0x82, 0x7c, 0x7f, 0xff, 0x7d, 0x77, 0x7b, 0xff, 0x7d, 0x77, 0x7b, 0xff,
    0x7d, 0x77, 0x7b, 0xff, 0x7d, 0x77, 0x7b, 0xff, 0x76, 0x71, 0x72, 0xff, 0x74, 0x6f, 0x70, 0xff,
    0x6e, 0x69, 0x6a, 0xff, 0x6d, 0x68, 0x69, 0xff, 0x6a, 0x63, 0x64, 0xff, 0x68, 0x63, 0x64, 0xff,
    0x64, 0x64, 0x64, 0xff, 0x66, 0x64, 0x64, 0xfe, 0x71, 0x67, 0x69, 0xfc, 0x89, 0x7d, 0x7f, 0xfe,
    0x6b, 0x66, 0x66, 0x54, 0x96, 0x93, 0x94, 0x00, 0x81, 0x7f, 0x7f, 0x04, 0x81, 0x7f, 0x7f, 0x00,
    0x7f, 0x7f, 0x7f, 0x00, 0x7f, 0x7f, 0x7f, 0x00, 0x7f, 0x7e, 0x81, 0x00, 0x7f, 0x7e, 0x81, 0x00,
    0x7f, 0x7e, 0x81, 0x00, 0x7f, 0x7e, 0x81, 0x00, 0x00, 0x00, 0x00, 0x00, 0x00, 0x00, 0x00, 0x00,
    0x00, 0x00, 0x00, 0x00, 0x00, 0x00, 0x00, 0x00, 0x00, 0x00, 0x00, 0x00, 0x00, 0x00, 0x00, 0x00,
    0x00, 0x00, 0x00, 0x00, 0x00, 0x00, 0x00, 0x00, 0x00, 0x00, 0x00, 0x00, 0x00, 0x00, 0x00, 0x00,
    0x00, 0x00, 0x00, 0x00, 0x00, 0x00, 0x00, 0x00, 0x00, 0x00, 0x00, 0x00, 0x00, 0x00, 0x00, 0x00,
    0x00, 0x00, 0x00, 0x00, 0x00, 0x00, 0x00, 0x00, 0x00, 0x00, 0x00, 0x00, 0x00, 0x00, 0x00, 0x00,
    0x00, 0x00, 0x00, 0x00, 0x00, 0x00, 0x00, 0x00, 0x00, 0x00, 0x00, 0x00, 0x00, 0x00, 0x00, 0x00,
    0x00, 0x00, 0x00, 0x00, 0x00, 0x00, 0x00, 0x00, 0x00, 0x00, 0x00, 0x00, 0x00, 0x00, 0x00, 0x00,
    0x00, 0x00, 0x00, 0x00, 0x00, 0x00, 0x00, 0x00, 0x00, 0x00, 0x00, 0x00, 0x00, 0x00, 0x00, 0x00,
    0x68, 0x68, 0x68, 0x00, 0x68, 0x68, 0x68, 0x00, 0x68, 0x68, 0x68, 0x00, 0x68, 0x68, 0x68, 0x00,
    0x65, 0x63, 0x63, 0x00, 0x72, 0x6f, 0x70, 0x03, 0x65, 0x63, 0x63, 0x00, 0xa7, 0xa5, 0xa5, 0xa0,
    0xa7, 0xa5, 0xa5, 0xff, 0xa3, 0xa0, 0xa1, 0xfa, 0xa3, 0xa1, 0x9f, 0xff, 0x9f, 0x9e, 0x9c, 0xff,
    0x9b, 0x97, 0x97, 0xff, 0x9b, 0x97, 0x97, 0xff, 0x9a, 0x95, 0x96, 0xff, 0x9a, 0x95, 0x96, 0xff,
    0x97, 0x95, 0x95, 0xff, 0x97, 0x95, 0x95, 0xff, 0x96, 0x93, 0x94, 0xff, 0x95, 0x92, 0x93, 0xff,
    0x97, 0x91, 0x94, 0xff, 0x96, 0x90, 0x93, 0xff, 0x96, 0x90, 0x93, 0xff, 0x96, 0x90, 0x93, 0xff,
    0x8f, 0x89, 0x8c, 0xff, 0x8f, 0x89, 0x8c, 0xff, 0x8f, 0x89, 0x8c, 0xff, 0x8d, 0x88, 0x8b, 0xff,
    0x8c, 0x87, 0x8a, 0xff, 0x8b, 0x85, 0x89, 0xff, 0x8b, 0x85, 0x89, 0xff, 0x8b, 0x85, 0x89, 0xff,
    0x82, 0x7e, 0x83, 0xff, 0x82, 0x7e, 0x83, 0xff, 0x82, 0x7e, 0x83, 0xff, 0x82, 0x7e, 0x83, 0xff,
    0x7d, 0x79, 0x7f, 0xff, 0x7d, 0x79, 0x7f, 0xff, 0x7d, 0x79, 0x7f, 0xff, 0x7d, 0x79, 0x7f, 0xff,
    0x76, 0x72, 0x78, 0xff, 0x76, 0x72, 0x78, 0xff, 0x76, 0x73, 0x76, 0xff, 0x76, 0x73, 0x76, 0xff,
    0x75, 0x6f, 0x73, 0xff, 0x73, 0x6d, 0x70, 0xff, 0x6d, 0x67, 0x6a, 0xff, 0x6c, 0x66, 0x69, 0xff,
    0x6c, 0x66, 0x69, 0xff, 0x6c, 0x66, 0x69, 0xff, 0x6a, 0x66, 0x69, 0xff, 0x6a, 0x66, 0x69, 0xff,
    0x5b, 0x56, 0x59, 0xfb, 0x54, 0x4f, 0x52, 0xff, 0x49, 0x46, 0x49, 0x70, 0x5b, 0x5a, 0x5c, 0x00,
    0x3e, 0x3d, 0x3f, 0x05, 0x3e, 0x3d, 0x3f, 0x00, 0x3e, 0x3d, 0x3f, 0x00, 0x3e, 0x3d, 0x3f, 0x00,
    0x3e, 0x3d, 0x3f, 0x00, 0x3e, 0x3d, 0x3f, 0x00, 0x3e, 0x3d, 0x3f, 0x00, 0x3e, 0x3d, 0x3f, 0x00,
    0x00, 0x00, 0x00, 0x00, 0x00, 0x00, 0x00, 0x00, 0x00, 0x00, 0x00, 0x00, 0x00, 0x00, 0x00, 0x00,
    0x00, 0x00, 0x00, 0x00, 0x00, 0x00, 0x00, 0x00, 0x00, 0x00, 0x00, 0x00, 0x00, 0x00, 0x00, 0x00,
    0x00, 0x00, 0x00, 0x00, 0x00, 0x00, 0x00, 0x00, 0x00, 0x00, 0x00, 0x00, 0x00, 0x00, 0x00, 0x00,
    0x00, 0x00, 0x00, 0x00, 0x00, 0x00, 0x00, 0x00, 0x00, 0x00, 0x00, 0x00, 0x00, 0x00, 0x00, 0x00,
    0x00, 0x00, 0x00, 0x00, 0x00, 0x00, 0x00, 0x00, 0x00, 0x00, 0x00, 0x00, 0x00, 0x00, 0x00, 0x00,
    0x00, 0x00, 0x00, 0x00, 0x00, 0x00, 0x00, 0x00, 0x00, 0x00, 0x00, 0x00, 0x00, 0x00, 0x00, 0x00,
    0x00, 0x00, 0x00, 0x00, 0x00, 0x00, 0x00, 0x00, 0x00, 0x00, 0x00, 0x00, 0x00, 0x00, 0x00, 0x00,
    0x00, 0x00, 0x00, 0x00, 0x00, 0x00, 0x00, 0x00, 0x68, 0x68, 0x68, 0x00, 0x68, 0x68, 0x68, 0x00,
    0x68, 0x68, 0x68, 0x00, 0x68, 0x68, 0x68, 0x00, 0x09, 0x07, 0x07, 0x01, 0xf1, 0xee, 0xef, 0x02,
    0x6b, 0x68, 0x69, 0x00, 0x8b, 0x89, 0x89, 0xa7, 0xa0, 0x9e, 0x9e, 0xff, 0x9f, 0x9d, 0x9d, 0xfb,
    0x9d, 0x9b, 0x99, 0xff, 0x9d, 0x9b, 0x99, 0xff, 0x99, 0x94, 0x95, 0xff, 0x99, 0x94, 0x95, 0xff,
    0x98, 0x93, 0x94, 0xff, 0x98, 0x93, 0x94, 0xff, 0x95, 0x92, 0x93, 0xff, 0x95, 0x92, 0x93, 0xff,
    0x94, 0x91, 0x92, 0xff, 0x92, 0x90, 0x90, 0xff, 0x94, 0x8f, 0x92, 0xff, 0x93, 0x8e, 0x91, 0xff,
    0x93, 0x8e, 0x91, 0xff, 0x93, 0x8e, 0x91, 0xff, 0x8c, 0x87, 0x8a, 0xff, 0x8c, 0x87, 0x8a, 0xff,
    0x8c, 0x87, 0x8a, 0xff, 0x8b, 0x85, 0x89, 0xff, 0x8a, 0x84, 0x88, 0xff, 0x89, 0x83, 0x86, 0xff,
    0x89, 0x83, 0x86, 0xff, 0x89, 0x83, 0x86, 0xff, 0x80, 0x7c, 0x81, 0xff, 0x80, 0x7c, 0x81, 0xff,
    0x80, 0x7c, 0x81, 0xff, 0x80, 0x7c, 0x81, 0xff, 0x7b, 0x77, 0x7c, 0xff, 0x7b, 0x77, 0x7c, 0xff,
    0x7b, 0x77, 0x7c, 0xff, 0x7b, 0x77, 0x7c, 0xff, 0x74, 0x70, 0x75, 0xff, 0x74, 0x70, 0x75, 0xff,
    0x74, 0x71, 0x74, 0xff, 0x74, 0x71, 0x74, 0xff, 0x73, 0x6d, 0x70, 0xff, 0x70, 0x6b, 0x6e, 0xff,
    0x6b, 0x65, 0x68, 0xff, 0x69, 0x64, 0x67, 0xff, 0x6b, 0x65, 0x68, 0xff, 0x6b, 0x65, 0x68, 0xff,
    0x68, 0x65, 0x68, 0xff, 0x68, 0x65, 0x68, 0xff, 0x59, 0x56, 0x59, 0xfa, 0x52, 0x4f, 0x52, 0xff,
    0x47, 0x46, 0x49, 0x7a, 0x5b, 0x5a, 0x5c, 0x00, 0x3e, 0x3d, 0x3f, 0x04, 0x3e, 0x3d, 0x3f, 0x00,
    0x3e, 0x3d, 0x3f, 0x00, 0x3e, 0x3d, 0x3f, 0x00, 0x3e, 0x3d, 0x3f, 0x00, 0x3e, 0x3d, 0x3f, 0x00,
    0x3e, 0x3d, 0x3f, 0x00, 0x3e, 0x3d, 0x3f, 0x00, 0x00, 0x00, 0x00, 0x00, 0x00, 0x00, 0x00, 0x00,
    0x00, 0x00, 0x00, 0x00, 0x00, 0x00, 0x00, 0x00, 0x00, 0x00, 0x00, 0x00, 0x00, 0x00, 0x00, 0x00,
    0x00, 0x00, 0x00, 0x00, 0x00, 0x00, 0x00, 0x00, 0x00, 0x00, 0x00, 0x00, 0x00, 0x00, 0x00, 0x00,
    0x00, 0x00, 0x00, 0x00, 0x00, 0x00, 0x00, 0x00, 0x00, 0x00, 0x00, 0x00, 0x00, 0x00, 0x00, 0x00,
    0x00, 0x00, 0x00, 0x00, 0x00, 0x00, 0x00, 0x00, 0x00, 0x00, 0x00, 0x00, 0x00, 0x00, 0x00, 0x00,
    0x00, 0x00, 0x00, 0x00, 0x00, 0x00, 0x00, 0x00, 0x00, 0x00, 0x00, 0x00, 0x00, 0x00, 0x00, 0x00,
    0x00, 0x00, 0x00, 0x00, 0x00, 0x00, 0x00, 0x00, 0x00, 0x00, 0x00, 0x00, 0x00, 0x00, 0x00, 0x00,
    0x00, 0x00, 0x00, 0x00, 0x00, 0x00, 0x00, 0x00, 0x00, 0x00, 0x00, 0x00, 0x00, 0x00, 0x00, 0x00,
    0x68, 0x68, 0x68, 0x00, 0x68, 0x68, 0x68, 0x00, 0x68, 0x68, 0x68, 0x00, 0x68, 0x68, 0x68, 0x00,
    0x08, 0x05, 0x06, 0x01, 0xf5, 0xf3, 0xf3, 0x02, 0x61, 0x5f, 0x5f, 0x00, 0x8b, 0x89, 0x89, 0xa7,
    0x9d, 0x9a, 0x9b, 0xff, 0x99, 0x97, 0x97, 0xfb, 0x9b, 0x99, 0x97, 0xff, 0x9d, 0x9b, 0x99, 0xff,
    0x99, 0x94, 0x95, 0xff, 0x99, 0x94, 0x95, 0xff, 0x98, 0x93, 0x94, 0xff, 0x98, 0x93, 0x94, 0xff,
    0x95, 0x92, 0x93, 0xff, 0x95, 0x92, 0x93, 0xff, 0x94, 0x91, 0x92, 0xff, 0x92, 0x90, 0x90, 0xff,
    0x92, 0x8f, 0x92, 0xff, 0x91, 0x8e, 0x91, 0xff, 0x91, 0x8e, 0x91, 0xff, 0x91, 0x8e, 0x91, 0xff,
    0x8a, 0x87, 0x8a, 0xff, 0x8a, 0x87, 0x8a, 0xff, 0x8a, 0x87, 0x8a, 0xff, 0x89, 0x86, 0x89, 0xff,
    0x88, 0x85, 0x88, 0xff, 0x87, 0x84, 0x86, 0xff, 0x87, 0x84, 0x86, 0xff, 0x87, 0x84, 0x86, 0xff,
    0x80, 0x7c, 0x81, 0xff, 0x80, 0x7c, 0x81, 0xff, 0x80, 0x7c, 0x81, 0xff, 0x80, 0x7c, 0x81, 0xff,
    0x7b, 0x77, 0x7c, 0xff, 0x7b, 0x77, 0x7c, 0xff, 0x7b, 0x77, 0x7c, 0xff, 0x7b, 0x77, 0x7c, 0xff,
    0x74, 0x70, 0x75, 0xff, 0x74, 0x70, 0x75, 0xff, 0x74, 0x71, 0x74, 0xff, 0x74, 0x71, 0x74, 0xff,
    0x71, 0x6d, 0x70, 0xff, 0x6e, 0x6b, 0x6e, 0xff, 0x68, 0x64, 0x6a, 0xff, 0x67, 0x63, 0x68, 0xff,
    0x67, 0x64, 0x67, 0xff, 0x67, 0x64, 0x67, 0xff, 0x67, 0x64, 0x67, 0xff, 0x67, 0x64, 0x67, 0xff,
    0x58, 0x55, 0x58, 0xfa, 0x51, 0x4e, 0x51, 0xff, 0x46, 0x45, 0x47, 0x7a, 0x5a, 0x59, 0x5b, 0x00,
    0x3d, 0x3c, 0x3e, 0x04, 0x3d, 0x3c, 0x3e, 0x00, 0x3b, 0x3c, 0x3e, 0x00, 0x3b, 0x3c, 0x3e, 0x00,
    0x3b, 0x3c, 0x3e, 0x00, 0x3b, 0x3c, 0x3e, 0x00, 0x3b, 0x3c, 0x3e, 0x00, 0x3b, 0x3c, 0x3e, 0x00,
    0x00, 0x00, 0x00, 0x00, 0x00, 0x00, 0x00, 0x00, 0x00, 0x00, 0x00, 0x00, 0x00, 0x00, 0x00, 0x00,
    0x00, 0x00, 0x00, 0x00, 0x00, 0x00, 0x00, 0x00, 0x00, 0x00, 0x00, 0x00, 0x00, 0x00, 0x00, 0x00,
    0x00, 0x00, 0x00, 0x00, 0x00, 0x00, 0x00, 0x00, 0x00, 0x00, 0x00, 0x00, 0x00, 0x00, 0x00, 0x00,
    0x00, 0x00, 0x00, 0x00, 0x00, 0x00, 0x00, 0x00, 0x00, 0x00, 0x00, 0x00, 0x00, 0x00, 0x00, 0x00,
    0x00, 0x00, 0x00, 0x00, 0x00, 0x00, 0x00, 0x00, 0x00, 0x00, 0x00, 0x00, 0x00, 0x00, 0x00, 0x00,
    0x00, 0x00, 0x00, 0x00, 0x00, 0x00, 0x00, 0x00, 0x00, 0x00, 0x00, 0x00, 0x00, 0x00, 0x00, 0x00,
    0x00, 0x00, 0x00, 0x00, 0x00, 0x00, 0x00, 0x00, 0x00, 0x00, 0x00, 0x00, 0x00, 0x00, 0x00, 0x00,
    0x00, 0x00, 0x00, 0x00, 0x00, 0x00, 0x00, 0x00, 0x68, 0x68, 0x68, 0x00, 0x68, 0x68, 0x68, 0x00,
    0x68, 0x68, 0x68, 0x00, 0x68, 0x68, 0x68, 0x00, 0x07, 0x04, 0x05, 0x01, 0x7d, 0x7b, 0x7b, 0x02,
    0x66, 0x64, 0x64, 0x00, 0x8f, 0x8c, 0x8d, 0xa7, 0x97, 0x95, 0x95, 0xff, 0x97, 0x95, 0x95, 0xfb,
    0x9b, 0x99, 0x97, 0xff, 0x9d, 0x9b, 0x99, 0xff, 0x99, 0x94, 0x95, 0xff, 0x99, 0x94, 0x95, 0xff,
    0x98, 0x93, 0x94, 0xff, 0x98, 0x93, 0x94, 0xff, 0x95, 0x92, 0x93, 0xff, 0x95, 0x92, 0x93, 0xff,
    0x94, 0x91, 0x92, 0xff, 0x92, 0x90, 0x90, 0xff, 0x92, 0x8f, 0x92, 0xff, 0x90, 0x8d, 0x90, 0xff,
    0x90, 0x8d, 0x90, 0xff, 0x90, 0x8d, 0x90, 0xff, 0x89, 0x86, 0x89, 0xff, 0x89, 0x86, 0x89, 0xff,
    0x89, 0x86, 0x89, 0xff, 0x88, 0x85, 0x88, 0xff, 0x87, 0x84, 0x86, 0xff, 0x84, 0x81, 0x84, 0xff,
    0x84, 0x81, 0x84, 0xff, 0x83, 0x80, 0x83, 0xff, 0x82, 0x7e, 0x83, 0xff, 0x81, 0x7d, 0x82, 0xff,
    0x81, 0x7d, 0x82, 0xff, 0x7f, 0x7b, 0x80, 0xff, 0x7a, 0x76, 0x7b, 0xff, 0x7a, 0x76, 0x7b, 0xff,
    0x7a, 0x76, 0x7b, 0xff, 0x7a, 0x76, 0x7b, 0xff, 0x73, 0x6f, 0x74, 0xff, 0x73, 0x6f, 0x74, 0xff,
    0x73, 0x70, 0x73, 0xff, 0x73, 0x70, 0x73, 0xff, 0x6f, 0x6c, 0x6f, 0xff, 0x6d, 0x6a, 0x6d, 0xff,
    0x67, 0x63, 0x68, 0xff, 0x66, 0x62, 0x67, 0xff, 0x67, 0x64, 0x67, 0xff, 0x67, 0x64, 0x67, 0xff,
    0x67, 0x64, 0x67, 0xff, 0x67, 0x64, 0x67, 0xff, 0x57, 0x54, 0x57, 0xfa, 0x50, 0x4d, 0x50, 0xff,
    0x45, 0x44, 0x46, 0x7a, 0x58, 0x58, 0x5a, 0x00, 0x3d, 0x3c, 0x3e, 0x04, 0x3d, 0x3c, 0x3e, 0x00,
    0x3b, 0x3c, 0x3e, 0x00, 0x3b, 0x3c, 0x3e, 0x00, 0x3b, 0x3c, 0x3e, 0x00, 0x3b, 0x3c, 0x3e, 0x00,
    0x3b, 0x3c, 0x3e, 0x00, 0x3b, 0x3c, 0x3e, 0x00, 0x00, 0x00, 0x00, 0x00, 0x00, 0x00, 0x00, 0x00,
    0x00, 0x00, 0x00, 0x00, 0x00, 0x00, 0x00, 0x00, 0x00, 0x00, 0x00, 0x00, 0x00, 0x00, 0x00, 0x00,
    0x00, 0x00, 0x00, 0x00, 0x00, 0x00, 0x00, 0x00, 0x00, 0x00, 0x00, 0x00, 0x00, 0x00, 0x00, 0x00,
    0x00, 0x00, 0x00, 0x00, 0x00, 0x00, 0x00, 0x00, 0x00, 0x00, 0x00, 0x00, 0x00, 0x00, 0x00, 0x00,
    0x00, 0x00, 0x00, 0x00, 0x00, 0x00, 0x00, 0x00, 0x00, 0x00, 0x00, 0x00, 0x00, 0x00, 0x00, 0x00,
    0x00, 0x00, 0x00, 0x00, 0x00, 0x00, 0x00, 0x00, 0x00, 0x00, 0x00, 0x00, 0x00, 0x00, 0x00, 0x00,
    0x00, 0x00, 0x00, 0x00, 0x00, 0x00, 0x00, 0x00, 0x00, 0x00, 0x00, 0x00, 0x00, 0x00, 0x00, 0x00,
    0x00, 0x00, 0x00, 0x00, 0x00, 0x00, 0x00, 0x00, 0x00, 0x00, 0x00, 0x00, 0x00, 0x00, 0x00, 0x00,
    0x68, 0x68, 0x68, 0x00, 0x68, 0x68, 0x68, 0x00, 0x68, 0x68, 0x68, 0x00, 0x68, 0x68, 0x68, 0x00,
    0x03, 0x01, 0x01, 0x01, 0x81, 0x7f, 0x7f, 0x02, 0x6a, 0x67, 0x68, 0x00, 0x8b, 0x89, 0x89, 0xa7,
    0x92, 0x90, 0x90, 0xff, 0x92, 0x90, 0x90, 0xfb, 0x92, 0x90, 0x90, 0xff, 0x92, 0x90, 0x90, 0xff,
    0x94, 0x90, 0x90, 0xff, 0x94, 0x90, 0x90, 0xff, 0x94, 0x90, 0x90, 0xff, 0x94, 0x90, 0x90, 0xff,
    0x92, 0x8f, 0x92, 0xff, 0x92, 0x8f, 0x92, 0xff, 0x92, 0x8f, 0x92, 0xff, 0x92, 0x8f, 0x92, 0xff,
    0x8e, 0x8b, 0x8d, 0xff, 0x8e, 0x8b, 0x8d, 0xff, 0x8e, 0x8b, 0x8d, 0xff, 0x8e, 0x8b, 0x8d, 0xff,
    0x87, 0x84, 0x86, 0xff, 0x87, 0x84, 0x86, 0xff, 0x87, 0x84, 0x86, 0xff, 0x86, 0x82, 0x85, 0xff,
    0x84, 0x81, 0x84, 0xff, 0x83, 0x80, 0x83, 0xff, 0x83, 0x80, 0x83, 0xff, 0x83, 0x80, 0x83, 0xff,
    0x7c, 0x78, 0x7d, 0xff, 0x7c, 0x78, 0x7d, 0xff, 0x7c, 0x78, 0x7d, 0xff, 0x7c, 0x78, 0x7d, 0xff,
    0x78, 0x74, 0x79, 0xff, 0x78, 0x74, 0x79, 0xff, 0x78, 0x74, 0x79, 0xff, 0x78, 0x74, 0x79, 0xff,
    0x71, 0x6d, 0x72, 0xff, 0x71, 0x6d, 0x72, 0xff, 0x71, 0x6d, 0x72, 0xff, 0x71, 0x6d, 0x72, 0xff,
    0x6d, 0x69, 0x6e, 0xff, 0x6b, 0x67, 0x6c, 0xff, 0x65, 0x61, 0x66, 0xff, 0x64, 0x60, 0x65, 0xff,
    0x61, 0x5e, 0x61, 0xff, 0x61, 0x5e, 0x61, 0xff, 0x61, 0x5e, 0x61, 0xff, 0x61, 0x5e, 0x61, 0xff,
    0x57, 0x54, 0x57, 0xfa, 0x50, 0x4d, 0x50, 0xff, 0x45, 0x44, 0x46, 0x7a, 0x58, 0x58, 0x5a, 0x00,
    0x3e, 0x3d, 0x3f, 0x04, 0x3e, 0x3d, 0x3f, 0x00, 0x3c, 0x3d, 0x3f, 0x00, 0x3c, 0x3d, 0x3f, 0x00,
    0x3c, 0x3d, 0x3f, 0x00, 0x3c, 0x3d, 0x3f, 0x00, 0x3c, 0x3d, 0x3f, 0x00, 0x3c, 0x3d, 0x3f, 0x00,
    0x00, 0x00, 0x00, 0x00, 0x00, 0x00, 0x00, 0x00, 0x00, 0x00, 0x00, 0x00, 0x00, 0x00, 0x00, 0x00,
    0x00, 0x00, 0x00, 0x00, 0x00, 0x00, 0x00, 0x00, 0x00, 0x00, 0x00, 0x00, 0x00, 0x00, 0x00, 0x00,
    0x00, 0x00, 0x00, 0x00, 0x00, 0x00, 0x00, 0x00, 0x00, 0x00, 0x00, 0x00, 0x00, 0x00, 0x00, 0x00,
    0x00, 0x00, 0x00, 0x00, 0x00, 0x00, 0x00, 0x00, 0x00, 0x00, 0x00, 0x00, 0x00, 0x00, 0x00, 0x00,
    0x00, 0x00, 0x00, 0x00, 0x00, 0x00, 0x00, 0x00, 0x00, 0x00, 0x00, 0x00, 0x00, 0x00, 0x00, 0x00,
    0x00, 0x00, 0x00, 0x00, 0x00, 0x00, 0x00, 0x00, 0x00, 0x00, 0x00, 0x00, 0x00, 0x00, 0x00, 0x00,
    0x00, 0x00, 0x00, 0x00, 0x00, 0x00, 0x00, 0x00, 0x00, 0x00, 0x00, 0x00, 0x00, 0x00, 0x00, 0x00,
    0x00, 0x00, 0x00, 0x00, 0x00, 0x00, 0x00, 0x00, 0x68, 0x68, 0x68, 0x00, 0x68, 0x68, 0x68, 0x00,
    0x68, 0x68, 0x68, 0x00, 0x68, 0x68, 0x68, 0x00, 0x03, 0x01, 0x01, 0x01, 0x81, 0x7f, 0x7f, 0x02,
    0x6a, 0x67, 0x68, 0x00, 0x8b, 0x89, 0x89, 0xa7, 0x91, 0x8f, 0x8f, 0xff, 0x91, 0x8f, 0x8f, 0xfb,
    0x92, 0x90, 0x90, 0xff, 0x92, 0x90, 0x90, 0xff, 0x94, 0x90, 0x90, 0xff, 0x94, 0x90, 0x90, 0xff,
    0x93, 0x8e, 0x8f, 0xff, 0x93, 0x8e, 0x8f, 0xff, 0x91, 0x8e, 0x91, 0xff, 0x91, 0x8e, 0x91, 0xff,
    0x90, 0x8d, 0x90, 0xff, 0x90, 0x8d, 0x90, 0xff, 0x8b, 0x88, 0x8b, 0xff, 0x8b, 0x88, 0x8b, 0xff,
    0x8b, 0x88, 0x8b, 0xff, 0x8b, 0x88, 0x8b, 0xff, 0x84, 0x81, 0x84, 0xff, 0x84, 0x81, 0x84, 0xff,
    0x84, 0x81, 0x84, 0xff, 0x83, 0x80, 0x83, 0xff, 0x82, 0x7f, 0x82, 0xff, 0x81, 0x7e, 0x81, 0xff,
    0x81, 0x7e, 0x81, 0xff, 0x81, 0x7e, 0x81, 0xff, 0x7a, 0x76, 0x7b, 0xff, 0x7a, 0x76, 0x7b, 0xff,
    0x7a, 0x76, 0x7b, 0xff, 0x7a, 0x76, 0x7b, 0xff, 0x75, 0x71, 0x76, 0xff, 0x75, 0x71, 0x76, 0xff,
    0x75, 0x71, 0x76, 0xff, 0x75, 0x71, 0x76, 0xff, 0x6e, 0x6a, 0x6f, 0xff, 0x6e, 0x6a, 0x6f, 0xff,
    0x6e, 0x6a, 0x6f, 0xff, 0x6e, 0x6a, 0x6f, 0xff, 0x6b, 0x67, 0x6c, 0xff, 0x68, 0x64, 0x6a, 0xff,
    0x63, 0x5f, 0x64, 0xff, 0x61, 0x5d, 0x63, 0xff, 0x61, 0x5e, 0x61, 0xff, 0x61, 0x5e, 0x61, 0xff,
    0x61, 0x5e, 0x61, 0xff, 0x61, 0x5e, 0x61, 0xff, 0x56, 0x53, 0x55, 0xfa, 0x4f, 0x4c, 0x4e, 0xff,
    0x44, 0x43, 0x45, 0x7a, 0x57, 0x57, 0x59, 0x00, 0x3e, 0x3d, 0x3f, 0x04, 0x3e, 0x3d, 0x3f, 0x00,
    0x3c, 0x3d, 0x3f, 0x00, 0x3c, 0x3d, 0x3f, 0x00, 0x3c, 0x3d, 0x3f, 0x00, 0x3c, 0x3d, 0x3f, 0x00,
    0x3c, 0x3d, 0x3f, 0x00, 0x3c, 0x3d, 0x3f, 0x00, 0x00, 0x00, 0x00, 0x00, 0x00, 0x00, 0x00, 0x00,
    0x00, 0x00, 0x00, 0x00, 0x00, 0x00, 0x00, 0x00, 0x00, 0x00, 0x00, 0x00, 0x00, 0x00, 0x00, 0x00,
    0x00, 0x00, 0x00, 0x00, 0x00, 0x00, 0x00, 0x00, 0x00, 0x00, 0x00, 0x00, 0x00, 0x00, 0x00, 0x00,
    0x00, 0x00, 0x00, 0x00, 0x00, 0x00, 0x00, 0x00, 0x00, 0x00, 0x00, 0x00, 0x00, 0x00, 0x00, 0x00,
    0x00, 0x00, 0x00, 0x00, 0x00, 0x00, 0x00, 0x00, 0x00, 0x00, 0x00, 0x00, 0x00, 0x00, 0x00, 0x00,
    0x00, 0x00, 0x00, 0x00, 0x00, 0x00, 0x00, 0x00, 0x00, 0x00, 0x00, 0x00, 0x00, 0x00, 0x00, 0x00,
    0x00, 0x00, 0x00, 0x00, 0x00, 0x00, 0x00, 0x00, 0x00, 0x00, 0x00, 0x00, 0x00, 0x00, 0x00, 0x00,
    0x00, 0x00, 0x00, 0x00, 0x00, 0x00, 0x00, 0x00, 0x00, 0x00, 0x00, 0x00, 0x00, 0x00, 0x00, 0x00,
    0x68, 0x68, 0x68, 0x00, 0x68, 0x68, 0x68, 0x00, 0x68, 0x68, 0x68, 0x00, 0x68, 0x68, 0x68, 0x00,
    0x03, 0x01, 0x01, 0x01, 0x81, 0x7f, 0x7f, 0x02, 0x6a, 0x67, 0x68, 0x00, 0x8b, 0x89, 0x89, 0xa7,
    0x91, 0x8f, 0x8f, 0xff, 0x91, 0x8f, 0x8f, 0xfb, 0x92, 0x90, 0x90, 0xff, 0x92, 0x90, 0x90, 0xff,
    0x94, 0x90, 0x90, 0xff, 0x93, 0x8e, 0x8f, 0xff, 0x93, 0x8e, 0x8f, 0xff, 0x92, 0x8d, 0x8e, 0xff,
    0x8f, 0x8c, 0x8e, 0xff, 0x8e, 0x8b, 0x8d, 0xff, 0x8e, 0x8b, 0x8d, 0xff, 0x8d, 0x89, 0x8c, 0xff,
    0x88, 0x85, 0x88, 0xff, 0x88, 0x85, 0x88, 0xff, 0x88, 0x85, 0x88, 0xff, 0x88, 0x85, 0x88, 0xff,
    0x81, 0x7e, 0x81, 0xff, 0x81, 0x7e, 0x81, 0xff, 0x81, 0x7e, 0x81, 0xff, 0x80, 0x7d, 0x7f, 0xff,
    0x7f, 0x7b, 0x7e, 0xff, 0x7d, 0x7a, 0x7d, 0xff, 0x7d, 0x7a, 0x7d, 0xff, 0x7d, 0x7a, 0x7d, 0xff,
    0x76, 0x72, 0x78, 0xff, 0x76, 0x72, 0x78, 0xff, 0x76, 0x72, 0x78, 0xff, 0x76, 0x72, 0x78, 0xff,
    0x72, 0x6e, 0x73, 0xff, 0x72, 0x6e, 0x73, 0xff, 0x72, 0x6e, 0x73, 0xff, 0x72, 0x6e, 0x73, 0xff,
    0x6b, 0x68, 0x6a, 0xff, 0x6b, 0x68, 0x6a, 0xff, 0x6b, 0x68, 0x6a, 0xff, 0x6b, 0x68, 0x6a, 0xff,
    0x67, 0x64, 0x67, 0xff, 0x65, 0x62, 0x65, 0xff, 0x5f, 0x5c, 0x5f, 0xff, 0x5e, 0x5b, 0x5e, 0xff,
    0x5f, 0x5f, 0x61, 0xff, 0x5f, 0x5f, 0x61, 0xff, 0x60, 0x5d, 0x60, 0xff, 0x60, 0x5d, 0x60, 0xff,
    0x55, 0x51, 0x54, 0xfa, 0x4e, 0x4a, 0x4d, 0xff, 0x42, 0x42, 0x44, 0x7a, 0x56, 0x55, 0x58, 0x00,
    0x3f, 0x3e, 0x40, 0x04, 0x3e, 0x3d, 0x3f, 0x00, 0x3c, 0x3d, 0x3f, 0x00, 0x3c, 0x3d, 0x3f, 0x00,
    0x3c, 0x3d, 0x3f, 0x00, 0x3c, 0x3d, 0x3f, 0x00, 0x3c, 0x3d, 0x3f, 0x00, 0x3c, 0x3d, 0x3f, 0x00,
    0x00, 0x00, 0x00, 0x00, 0x00, 0x00, 0x00, 0x00, 0x02, 0x00, 0x00, 0x00, 0x02, 0x00, 0x00, 0x00,
    0x00, 0x00, 0x00, 0x00, 0x00, 0x00, 0x00, 0x00, 0x00, 0x00, 0x00, 0x00, 0x00, 0x00, 0x00, 0x00,
    0x00, 0x00, 0x00, 0x00, 0x00, 0x00, 0x00, 0x00, 0x00, 0x00, 0x00, 0x00, 0x00, 0x00, 0x00, 0x00,
    0x00, 0x00, 0x00, 0x00, 0x00, 0x00, 0x00, 0x00, 0x00, 0x00, 0x00, 0x00, 0x00, 0x00, 0x00, 0x00,
    0x00, 0x00, 0x00, 0x00, 0x00, 0x00, 0x00, 0x00, 0x00, 0x00, 0x00, 0x00, 0x00, 0x00, 0x00, 0x00,
    0x00, 0x00, 0x00, 0x00, 0x00, 0x00, 0x00, 0x00, 0x00, 0x00, 0x00, 0x00, 0x00, 0x00, 0x00, 0x00,
    0x00, 0x00, 0x00, 0x00, 0x00, 0x00, 0x00, 0x00, 0x00, 0x00, 0x00, 0x00, 0x00, 0x00, 0x00, 0x00,
    0x00, 0x00, 0x00, 0x00, 0x00, 0x00, 0x00, 0x00, 0x68, 0x68, 0x68, 0x00, 0x68, 0x68, 0x68, 0x00,
    0x68, 0x68, 0x68, 0x00, 0x68, 0x68, 0x68, 0x00, 0x03, 0x01, 0x01, 0x01, 0x81, 0x7f, 0x7f, 0x02,
    0x6a, 0x67, 0x68, 0x00, 0x8b, 0x89, 0x89, 0xa7, 0x90, 0x8e, 0x8e, 0xff, 0x90, 0x8e, 0x8e, 0xfb,
    0x91, 0x8f, 0x8f, 0xff, 0x91, 0x8f, 0x8f, 0xff, 0x94, 0x90, 0x90, 0xff, 0x93, 0x8e, 0x8f, 0xff,
    0x93, 0x8e, 0x8f, 0xff, 0x93, 0x8e, 0x8f, 0xff, 0x89, 0x86, 0x89, 0xff, 0x89, 0x86, 0x89, 0xff,
    0x89, 0x86, 0x89, 0xff, 0x8a, 0x87, 0x8a, 0xff, 0x86, 0x82, 0x85, 0xff, 0x86, 0x82, 0x85, 0xff,
    0x86, 0x82, 0x85, 0xff, 0x86, 0x82, 0x85, 0xff, 0x80, 0x7d, 0x7f, 0xff, 0x80, 0x7d, 0x7f, 0xff,
    0x80, 0x7d, 0x7f, 0xff, 0x7f, 0x7b, 0x7e, 0xff, 0x7c, 0x79, 0x7c, 0xff, 0x7b, 0x78, 0x7b, 0xff,
    0x7b, 0x78, 0x7b, 0xff, 0x7b, 0x78, 0x7b, 0xff, 0x74, 0x70, 0x75, 0xff, 0x73, 0x6f, 0x74, 0xff,
    0x73, 0x6f, 0x74, 0xff, 0x73, 0x6f, 0x74, 0xff, 0x6f, 0x6b, 0x71, 0xff, 0x6e, 0x6a, 0x6f, 0xff,
    0x6e, 0x6a, 0x6f, 0xff, 0x6e, 0x6a, 0x6f, 0xff, 0x67, 0x64, 0x67, 0xff, 0x67, 0x64, 0x67, 0xff,
    0x67, 0x64, 0x67, 0xff, 0x67, 0x64, 0x67, 0xff, 0x64, 0x61, 0x63, 0xff, 0x5f, 0x5f, 0x61, 0xff,
    0x5b, 0x5a, 0x5c, 0xff, 0x5b, 0x59, 0x5e, 0xff, 0x5c, 0x5d, 0x62, 0xff, 0x5c, 0x5d, 0x62, 0xff,
    0x5e, 0x5d, 0x62, 0xff, 0x5e, 0x5d, 0x62, 0xff, 0x53, 0x51, 0x56, 0xfa, 0x4c, 0x4a, 0x4f, 0xff,
    0x40, 0x41, 0x46, 0x7a, 0x54, 0x55, 0x59, 0x00, 0x3d, 0x3e, 0x40, 0x04, 0x3e, 0x3d, 0x3f, 0x00,
    0x40, 0x3d, 0x3e, 0x00, 0x40, 0x3e, 0x3c, 0x00, 0x3c, 0x3e, 0x3e, 0x00, 0x3c, 0x3d, 0x3f, 0x00,
    0x40, 0x3c, 0x3f, 0x00, 0x40, 0x3d, 0x3e, 0x00, 0x04, 0x00, 0x00, 0x00, 0x04, 0x00, 0x00, 0x00,
    0x02, 0x00, 0x02, 0x00, 0x02, 0x00, 0x02, 0x00, 0x00, 0x00, 0x00, 0x00, 0x00, 0x00, 0x00, 0x00,
    0x00, 0x00, 0x00, 0x00, 0x00, 0x00, 0x00, 0x00, 0x00, 0x00, 0x00, 0x00, 0x00, 0x00, 0x00, 0x00,
    0x00, 0x00, 0x00, 0x00, 0x00, 0x00, 0x00, 0x00, 0x00, 0x00, 0x00, 0x00, 0x00, 0x00, 0x00, 0x00,
    0x00, 0x00, 0x00, 0x00, 0x00, 0x00, 0x00, 0x00, 0x00, 0x00, 0x00, 0x00, 0x00, 0x00, 0x00, 0x00,
    0x00, 0x00, 0x00, 0x00, 0x00, 0x00, 0x00, 0x00, 0x00, 0x00, 0x00, 0x00, 0x00, 0x00, 0x00, 0x00,
    0x00, 0x00, 0x00, 0x00, 0x00, 0x00, 0x00, 0x00, 0x00, 0x00, 0x00, 0x00, 0x00, 0x00, 0x00, 0x00,
    0x00, 0x00, 0x00, 0x00, 0x00, 0x00, 0x00, 0x00, 0x00, 0x00, 0x00, 0x00, 0x00, 0x00, 0x00, 0x00,
    0x52, 0x51, 0x52, 0x00, 0x52, 0x51, 0x52, 0x00, 0x52, 0x51, 0x52, 0x00, 0x52, 0x51, 0x52, 0x00,
    0x03, 0x01, 0x01, 0x01, 0x80, 0x7d, 0x7e, 0x02, 0x50, 0x4e, 0x4e, 0x00, 0x80, 0x7d, 0x7e, 0xa7,
    0x8f, 0x8c, 0x8d, 0xff, 0x8f, 0x8c, 0x8d, 0xfb, 0x8f, 0x8c, 0x8d, 0xff, 0x8f, 0x8c, 0x8d, 0xff,
    0x90, 0x8b, 0x8c, 0xff, 0x90, 0x8b, 0x8c, 0xff, 0x91, 0x8c, 0x8d, 0xff, 0x90, 0x8b, 0x8c, 0xff,
    0x8e, 0x8b, 0x8d, 0xff, 0x8d, 0x89, 0x8c, 0xff, 0x8d, 0x89, 0x8c, 0xff, 0x8a, 0x87, 0x8a, 0xff,
    0x86, 0x82, 0x85, 0xff, 0x86, 0x82, 0x85, 0xff, 0x86, 0x82, 0x85, 0xff, 0x86, 0x82, 0x85, 0xff,
    0x80, 0x7d, 0x7f, 0xff, 0x80, 0x7d, 0x7f, 0xff, 0x80, 0x7d, 0x7f, 0xff, 0x80, 0x7d, 0x7f, 0xff,
    0x7b, 0x78, 0x7b, 0xff, 0x7b, 0x78, 0x7b, 0xff, 0x7b, 0x78, 0x7b, 0xff, 0x7a, 0x77, 0x7a, 0xff,
    0x75, 0x71, 0x76, 0xff, 0x73, 0x6f, 0x74, 0xff, 0x73, 0x6f, 0x74, 0xff, 0x71, 0x6d, 0x72, 0xff,
    0x6e, 0x6a, 0x6f, 0xff, 0x6e, 0x6a, 0x6f, 0xff, 0x6d, 0x69, 0x6e, 0xff, 0x6b, 0x67, 0x6c, 0xff,
    0x67, 0x64, 0x67, 0xff, 0x67, 0x64, 0x67, 0xff, 0x64, 0x63, 0x66, 0xff, 0x63, 0x62, 0x65, 0xff,
    0x5e, 0x5d, 0x60, 0xff, 0x5c, 0x5e, 0x60, 0xff, 0x5b, 0x5c, 0x60, 0xff, 0x5a, 0x5a, 0x61, 0xff,
    0x59, 0x5b, 0x64, 0xff, 0x59, 0x5b, 0x64, 0xff, 0x59, 0x5a, 0x65, 0xff, 0x57, 0x5a, 0x65, 0xff,
    0x4d, 0x4f, 0x58, 0xfa, 0x46, 0x48, 0x51, 0xff, 0x3d, 0x40, 0x46, 0x7a, 0x51, 0x53, 0x5a, 0x00,
    0x3c, 0x3f, 0x43, 0x04, 0xa4, 0xa1, 0xa2, 0x00, 0xaf, 0xa6, 0xa1, 0x00, 0xad, 0xa4, 0x9d, 0x00,
    0xa3, 0xa5, 0xa0, 0x00, 0xa3, 0xa3, 0xa3, 0x00, 0xab, 0xa1, 0xa5, 0x00, 0xaf, 0xa1, 0xa3, 0x00,
    0xc6, 0xba, 0xb6, 0x00, 0xc4, 0xba, 0xb7, 0x00, 0xc0, 0xb7, 0xbd, 0x00, 0xbc, 0xb7, 0xbf, 0x00,
    0xba, 0xb9, 0xbc, 0x00, 0xb8, 0xbb, 0xba, 0x00, 0xb8, 0xbb, 0xba, 0x00, 0xb8, 0xbb, 0xba, 0x00,
    0x00, 0x00, 0x00, 0x00, 0x00, 0x00, 0x00, 0x00, 0x00, 0x00, 0x00, 0x00, 0x00, 0x00, 0x00, 0x00,
    0x00, 0x00, 0x00, 0x00, 0x00, 0x00, 0x00, 0x00, 0x00, 0x00, 0x00, 0x00, 0x00, 0x00, 0x00, 0x00,
    0x00, 0x00, 0x00, 0x00, 0x00, 0x00, 0x00, 0x00, 0x00, 0x00, 0x00, 0x00, 0x00, 0x00, 0x00, 0x00,
    0x00, 0x00, 0x00, 0x00, 0x00, 0x00, 0x00, 0x00, 0x00, 0x00, 0x00, 0x00, 0x00, 0x00, 0x00, 0x00,
    0x00, 0x00, 0x00, 0x00, 0x00, 0x00, 0x00, 0x00, 0x00, 0x00, 0x00, 0x00, 0x00, 0x00, 0x00, 0x00,
    0x00, 0x00, 0x00, 0x00, 0x00, 0x00, 0x00, 0x00, 0x52, 0x51, 0x52, 0x00, 0x52, 0x51, 0x52, 0x00,
    0x52, 0x51, 0x52, 0x00, 0x52, 0x51, 0x52, 0x00, 0x03, 0x01, 0x01, 0x01, 0x80, 0x7d, 0x7e, 0x02,
    0x50, 0x4e, 0x4e, 0x00, 0x80, 0x7d, 0x7e, 0xa7, 0x8e, 0x8b, 0x8c, 0xff, 0x8e, 0x8b, 0x8c, 0xfb,
    0x8d, 0x8a, 0x8b, 0xff, 0x8d, 0x8a, 0x8b, 0xff, 0x8f, 0x8a, 0x8b, 0xff, 0x8f, 0x8a, 0x8b, 0xff,
    0x8d, 0x89, 0x89, 0xff, 0x8d, 0x89, 0x89, 0xff, 0x8a, 0x87, 0x8a, 0xff, 0x8a, 0x87, 0x8a, 0xff,
    0x89, 0x86, 0x89, 0xff, 0x89, 0x86, 0x89, 0xff, 0x84, 0x81, 0x84, 0xff, 0x84, 0x81, 0x84, 0xff,
    0x84, 0x81, 0x84, 0xff, 0x84, 0x81, 0x84, 0xff, 0x80, 0x7d, 0x7f, 0xff, 0x80, 0x7d, 0x7f, 0xff,
    0x80, 0x7d, 0x7f, 0xff, 0x80, 0x7d, 0x7f, 0xff, 0x7a, 0x77, 0x7a, 0xff, 0x7a, 0x77, 0x7a, 0xff,
    0x7a, 0x77, 0x7a, 0xff, 0x79, 0x76, 0x78, 0xff, 0x76, 0x72, 0x78, 0xff, 0x73, 0x6f, 0x74, 0xff,
    0x73, 0x6f, 0x74, 0xff, 0x71, 0x6d, 0x72, 0xff, 0x6f, 0x6b, 0x71, 0xff, 0x6e, 0x6a, 0x6f, 0xff,
    0x6d, 0x69, 0x6e, 0xff, 0x6a, 0x66, 0x6b, 0xff, 0x67, 0x63, 0x68, 0xff, 0x67, 0x63, 0x68, 0xff,
    0x64, 0x62, 0x67, 0xff, 0x61, 0x5f, 0x64, 0xff, 0x5e, 0x5d, 0x62, 0xff, 0x5c, 0x5d, 0x62, 0xff,
    0x5b, 0x5b, 0x62, 0xff, 0x5b, 0x5b, 0x62, 0xff, 0x5b, 0x5a, 0x64, 0xff, 0x59, 0x5a, 0x65, 0xff,
    0x57, 0x5a, 0x65, 0xff, 0x57, 0x5a, 0x65, 0xff, 0x4b, 0x4f, 0x59, 0xfa, 0x44, 0x48, 0x53, 0xff,
    0x3b, 0x3e, 0x49, 0x7a, 0x4f, 0x53, 0x5b, 0x00, 0x3c, 0x3e, 0x45, 0x04, 0xa2, 0xa1, 0xa3, 0x00,
    0xaf, 0xa6, 0xa1, 0x00, 0xad, 0xa4, 0x9e, 0x00, 0xa3, 0xa3, 0xa3, 0x00, 0xa3, 0xa1, 0xa6, 0x00,
    0xab, 0xa0, 0xa6, 0x00, 0xaf, 0xa0, 0xa5, 0x00, 0xc6, 0xba, 0xb7, 0x00, 0xc4, 0xba, 0xb7, 0x00,
    0xc0, 0xb8, 0xbc, 0x00, 0xbc, 0xb8, 0xbd, 0x00, 0xb8, 0xbb, 0xba, 0x00, 0xb8, 0xbc, 0xb9, 0x00,
    0xb6, 0xbc, 0xb9, 0x00, 0xb6, 0xbc, 0xb9, 0x00, 0x00, 0x00, 0x00, 0x00, 0x00, 0x00, 0x00, 0x00,
    0x00, 0x00, 0x00, 0x00, 0x00, 0x00, 0x00, 0x00, 0x00, 0x00, 0x00, 0x00, 0x00, 0x00, 0x00, 0x00,
    0x00, 0x00, 0x00, 0x00, 0x00, 0x00, 0x00, 0x00, 0x00, 0x00, 0x00, 0x00, 0x00, 0x00, 0x00, 0x00,
    0x00, 0x00, 0x00, 0x00, 0x00, 0x00, 0x00, 0x00, 0x00, 0x00, 0x00, 0x00, 0x00, 0x00, 0x00, 0x00,
    0x00, 0x00, 0x00, 0x00, 0x00, 0x00, 0x00, 0x00, 0x00, 0x00, 0x00, 0x00, 0x00, 0x00, 0x00, 0x00,
    0x00, 0x00, 0x00, 0x00, 0x00, 0x00, 0x00, 0x00, 0x00, 0x00, 0x00, 0x00, 0x00, 0x00, 0x00, 0x00,
    0x52, 0x51, 0x52, 0x00, 0x52, 0x51, 0x52, 0x00, 0x52, 0x51, 0x52, 0x00, 0x52, 0x51, 0x52, 0x00,
    0x03, 0x01, 0x01, 0x01, 0x80, 0x7d, 0x7e, 0x02, 0x50, 0x4e, 0x4e, 0x00, 0x80, 0x7d, 0x7e, 0xa7,
    0x8e, 0x8b, 0x8c, 0xff, 0x8e, 0x8b, 0x8c, 0xfb, 0x8d, 0x8a, 0x8b, 0xff, 0x8b, 0x89, 0x89, 0xff,
    0x8c, 0x87, 0x88, 0xff, 0x8b, 0x86, 0x87, 0xff, 0x8a, 0x85, 0x86, 0xff, 0x8a, 0x85, 0x86, 0xff,
    0x87, 0x84, 0x86, 0xff, 0x87, 0x84, 0x86, 0xff, 0x86, 0x82, 0x85, 0xff, 0x86, 0x82, 0x85, 0xff,
    0x81, 0x7e, 0x81, 0xff, 0x81, 0x7e, 0x81, 0xff, 0x81, 0x7e, 0x81, 0xff, 0x81, 0x7e, 0x81, 0xff,
    0x7c, 0x79, 0x7c, 0xff, 0x7c, 0x79, 0x7c, 0xff, 0x7c, 0x79, 0x7c, 0xff, 0x7c, 0x79, 0x7c, 0xff,
    0x76, 0x73, 0x76, 0xff, 0x76, 0x73, 0x76, 0xff, 0x76, 0x73, 0x76, 0xff, 0x76, 0x73, 0x76, 0xff,
    0x75, 0x71, 0x76, 0xff, 0x73, 0x6f, 0x74, 0xff, 0x73, 0x6f, 0x74, 0xff, 0x71, 0x6d, 0x72, 0xff,
    0x6f, 0x6b, 0x71, 0xff, 0x6e, 0x6a, 0x6f, 0xff, 0x6b, 0x67, 0x6c, 0xff, 0x67, 0x63, 0x68, 0xff,
    0x67, 0x63, 0x68, 0xff, 0x67, 0x62, 0x6a, 0xff, 0x66, 0x61, 0x69, 0xff, 0x60, 0x5b, 0x63, 0xff,
    0x60, 0x5b, 0x63, 0xff, 0x5e, 0x5c, 0x63, 0xff, 0x5d, 0x5b, 0x62, 0xff, 0x5d, 0x5b, 0x62, 0xff,
    0x5d, 0x5b, 0x62, 0xff, 0x5d, 0x5b, 0x62, 0xff, 0x5a, 0x59, 0x62, 0xff, 0x5a, 0x59, 0x62, 0xff,
    0x4e, 0x4d, 0x58, 0xfa, 0x45, 0x46, 0x51, 0xff, 0x3c, 0x3d, 0x48, 0x7a, 0x50, 0x51, 0x5c, 0x00,
    0x3d, 0x3e, 0x49, 0x04, 0xa0, 0xa0, 0xa7, 0x00, 0xa5, 0xa5, 0xa7, 0x00, 0xa5, 0xa1, 0xa6, 0x00,
    0xa5, 0x9f, 0xab, 0x00, 0xa5, 0x9d, 0xae, 0x00, 0xa7, 0x9e, 0xab, 0x00, 0xa9, 0x9f, 0xa9, 0x00,
    0xc0, 0xb7, 0xbd, 0x00, 0xbe, 0xba, 0xba, 0x00, 0xbc, 0xbc, 0xb7, 0x00, 0xba, 0xbc, 0xb7, 0x00,
    0xb8, 0xbc, 0xb7, 0x00, 0xb6, 0xbd, 0xb7, 0x00, 0xb6, 0xbd, 0xb7, 0x00, 0xb6, 0xbd, 0xb7, 0x00,
    0x00, 0x01, 0x00, 0x00, 0x00, 0x00, 0x00, 0x00, 0x00, 0x00, 0x00, 0x00, 0x00, 0x00, 0x00, 0x00,
    0x00, 0x00, 0x00, 0x00, 0x00, 0x00, 0x00, 0x00, 0x00, 0x00, 0x00, 0x00, 0x00, 0x00, 0x00, 0x00,
    0x00, 0x00, 0x00, 0x00, 0x00, 0x00, 0x00, 0x00, 0x00, 0x00, 0x00, 0x00, 0x00, 0x00, 0x00, 0x00,
    0x00, 0x00, 0x00, 0x00, 0x00, 0x00, 0x00, 0x00, 0x00, 0x00, 0x00, 0x00, 0x00, 0x00, 0x00, 0x00,
    0x00, 0x00, 0x00, 0x00, 0x00, 0x00, 0x00, 0x00, 0x00, 0x00, 0x00, 0x00, 0x00, 0x00, 0x00, 0x00,
    0x00, 0x00, 0x00, 0x00, 0x00, 0x00, 0x00, 0x00, 0x52, 0x51, 0x52, 0x00, 0x52, 0x51, 0x52, 0x00,
    0x52, 0x51, 0x52, 0x00, 0x52, 0x51, 0x52, 0x00, 0x03, 0x01, 0x01, 0x01, 0x80, 0x7d, 0x7e, 0x02,
    0x50, 0x4e, 0x4e, 0x00, 0x80, 0x7d, 0x7e, 0xa7, 0x8d, 0x8a, 0x8b, 0xff, 0x8d, 0x8a, 0x8b, 0xfb,
    0x8d, 0x8a, 0x8b, 0xff, 0x8d, 0x8a, 0x8b, 0xff, 0x88, 0x83, 0x84, 0xff, 0x88, 0x83, 0x84, 0xff,
    0x88, 0x83, 0x84, 0xff, 0x86, 0x82, 0x82, 0xff, 0x86, 0x82, 0x85, 0xff, 0x84, 0x81, 0x84, 0xff,
    0x84, 0x81, 0x84, 0xff, 0x83, 0x80, 0x83, 0xff, 0x7f, 0x7b, 0x7e, 0xff, 0x7f, 0x7b, 0x7e, 0xff,
    0x7f, 0x7b, 0x7e, 0xff, 0x7f, 0x7b, 0x7e, 0xff, 0x7a, 0x77, 0x7a, 0xff, 0x7a, 0x77, 0x7a, 0xff,
    0x7a, 0x77, 0x7a, 0xff, 0x7a, 0x77, 0x7a, 0xff, 0x73, 0x70, 0x73, 0xff, 0x74, 0x71, 0x74, 0xff,
    0x74, 0x71, 0x74, 0xff, 0x74, 0x71, 0x74, 0xff, 0x74, 0x70, 0x75, 0xff, 0x73, 0x6f, 0x74, 0xff,
    0x73, 0x6f, 0x74, 0xff, 0x71, 0x6d, 0x72, 0xff, 0x6e, 0x6a, 0x6f, 0xff, 0x6d, 0x69, 0x6e, 0xff,
    0x6a, 0x66, 0x6b, 0xff, 0x67, 0x62, 0x6a, 0xff, 0x67, 0x62, 0x6a, 0xff, 0x66, 0x60, 0x6b, 0xff,
    0x64, 0x5e, 0x68, 0xff, 0x5e, 0x58, 0x62, 0xff, 0x5f, 0x59, 0x64, 0xff, 0x5f, 0x59, 0x64, 0xff,
    0x5f, 0x59, 0x64, 0xff, 0x5f, 0x5a, 0x62, 0xff, 0x5e, 0x59, 0x61, 0xff, 0x5e, 0x59, 0x61, 0xff,
    0x5c, 0x59, 0x62, 0xff, 0x59, 0x57, 0x63, 0xff, 0x4c, 0x4b, 0x5c, 0xfa, 0x43, 0x44, 0x56, 0xff,
    0x38, 0x3a, 0x4e, 0x7a, 0x4c, 0x4f, 0x61, 0x00, 0x39, 0x3f, 0x49, 0x04, 0x9c, 0x9f, 0xaa, 0x00,
    0xa1, 0xa1, 0xaf, 0x00, 0x9d, 0x9a, 0xb6, 0x00, 0x99, 0x94, 0xc5, 0x00, 0x97, 0x93, 0xc8, 0x00,
    0x99, 0x97, 0xbe, 0x00, 0x9b, 0x9b, 0xb6, 0x00, 0xb6, 0xb5, 0xc5, 0x00, 0xb8, 0xb8, 0xbf, 0x00,
    0xb8, 0xba, 0xbc, 0x00, 0xb6, 0xbc, 0xb9, 0x00, 0xb6, 0xbc, 0xb9, 0x00, 0xb6, 0xbc, 0xb9, 0x00,
    0xb6, 0xbd, 0xb7, 0x00, 0xb6, 0xbd, 0xb7, 0x00, 0x00, 0x01, 0x00, 0x00, 0x00, 0x00, 0x00, 0x00,
    0x00, 0x00, 0x00, 0x00, 0x00, 0x00, 0x00, 0x00, 0x00, 0x00, 0x00, 0x00, 0x00, 0x00, 0x00, 0x00,
    0x00, 0x00, 0x00, 0x00, 0x00, 0x00, 0x00, 0x00, 0x00, 0x00, 0x00, 0x00, 0x00, 0x00, 0x00, 0x00,
    0x00, 0x00, 0x00, 0x00, 0x00, 0x00, 0x00, 0x00, 0x00, 0x00, 0x00, 0x00, 0x00, 0x00, 0x00, 0x00,
    0x00, 0x00, 0x00, 0x00, 0x00, 0x00, 0x00, 0x00, 0x00, 0x00, 0x00, 0x00, 0x00, 0x00, 0x00, 0x00,
    0x00, 0x00, 0x00, 0x00, 0x00, 0x00, 0x00, 0x00, 0x00, 0x00, 0x00, 0x00, 0x00, 0x00, 0x00, 0x00,
    0x52, 0x51, 0x52, 0x00, 0x52, 0x51, 0x52, 0x00, 0x52, 0x51, 0x52, 0x00, 0x52, 0x51, 0x52, 0x00,
    0x01, 0x00, 0x00, 0x01, 0x7c, 0x7a, 0x7a, 0x02, 0x52, 0x50, 0x50, 0x00, 0x7b, 0x79, 0x79, 0xa7,
    0x8b, 0x89, 0x89, 0xff, 0x8b, 0x89, 0x89, 0xfb, 0x8b, 0x89, 0x89, 0xff, 0x8a, 0x88, 0x88, 0xff,
    0x8b, 0x85, 0x89, 0xff, 0x89, 0x83, 0x86, 0xff, 0x88, 0x82, 0x85, 0xff, 0x88, 0x82, 0x85, 0xff,
    0x84, 0x81, 0x84, 0xff, 0x84, 0x81, 0x84, 0xff, 0x83, 0x80, 0x83, 0xff, 0x83, 0x80, 0x83, 0xff,
    0x7f, 0x7b, 0x7e, 0xff, 0x7f, 0x7b, 0x7e, 0xff, 0x7f, 0x7b, 0x7e, 0xff, 0x7f, 0x7b, 0x7e, 0xff,
    0x7a, 0x77, 0x7a, 0xff, 0x7a, 0x77, 0x7a, 0xff, 0x7a, 0x77, 0x7a, 0xff, 0x7a, 0x77, 0x7a, 0xff,
    0x79, 0x75, 0x7a, 0xff, 0x75, 0x71, 0x76, 0xff, 0x72, 0x6e, 0x73, 0xff, 0x72, 0x6e, 0x73, 0xff,
    0x72, 0x6e, 0x73, 0xff, 0x71, 0x6d, 0x72, 0xff, 0x71, 0x6d, 0x72, 0xff, 0x6e, 0x6a, 0x6f, 0xff,
    0x6c, 0x67, 0x6f, 0xff, 0x6b, 0x66, 0x6e, 0xff, 0x67, 0x62, 0x6a, 0xff, 0x65, 0x60, 0x68, 0xff,
    0x67, 0x61, 0x6d, 0xff, 0x65, 0x5f, 0x6b, 0xff, 0x60, 0x5a, 0x66, 0xff, 0x5e, 0x58, 0x64, 0xff,
    0x5f, 0x59, 0x65, 0xff, 0x5e, 0x58, 0x64, 0xff, 0x60, 0x57, 0x64, 0xff, 0x5f, 0x56, 0x63, 0xff,
    0x5f, 0x56, 0x63, 0xff, 0x5c, 0x54, 0x63, 0xff, 0x5a, 0x54, 0x65, 0xff, 0x56, 0x53, 0x68, 0xff,
    0x47, 0x48, 0x61, 0xfa, 0x43, 0x47, 0x64, 0xff, 0x36, 0x3d, 0x5e, 0x7a, 0x3e, 0x4a, 0x64, 0x00,
    0x43, 0x52, 0x5b, 0x06, 0xdf, 0xe9, 0xf3, 0x02, 0xa2, 0x9e, 0xbc, 0x02, 0xe4, 0xdc, 0xff, 0x01,
    0x83, 0x86, 0xf0, 0x00, 0x79, 0x80, 0xf3, 0x00, 0x7e, 0x88, 0xdd, 0x00, 0x84, 0x8e, 0xc8, 0x00,
    0xb6, 0xbe, 0xdc, 0x00, 0xb6, 0xbc, 0xcd, 0x00, 0xb0, 0xb6, 0xc7, 0x00, 0xb1, 0xb5, 0xc4, 0x00,
    0xb4, 0xb9, 0xbf, 0x00, 0xb4, 0xbb, 0xba, 0x00, 0xb6, 0xbc, 0xb9, 0x00, 0xb6, 0xbd, 0xb7, 0x00,
    0x00, 0x01, 0x00, 0x00, 0x00, 0x00, 0x00, 0x00, 0x00, 0x00, 0x00, 0x00, 0x00, 0x00, 0x00, 0x00,
    0x00, 0x00, 0x00, 0x00, 0x00, 0x00, 0x00, 0x00, 0x00, 0x00, 0x00, 0x00, 0x00, 0x00, 0x00, 0x00,
    0x00, 0x00, 0x00, 0x00, 0x00, 0x00, 0x00, 0x00, 0x00, 0x00, 0x00, 0x00, 0x00, 0x00, 0x00, 0x00,
    0x00, 0x00, 0x00, 0x00, 0x00, 0x00, 0x00, 0x00, 0x00, 0x00, 0x00, 0x00, 0x00, 0x00, 0x00, 0x00,
    0x00, 0x00, 0x00, 0x00, 0x00, 0x00, 0x00, 0x00, 0x00, 0x00, 0x00, 0x00, 0x00, 0x00, 0x00, 0x00,
    0x00, 0x00, 0x00, 0x00, 0x00, 0x00, 0x00, 0x00, 0x52, 0x51, 0x52, 0x00, 0x52, 0x51, 0x52, 0x00,
    0x52, 0x51, 0x52, 0x00, 0x52, 0x51, 0x52, 0x00, 0x00, 0x00, 0x00, 0x01, 0x8a, 0x88, 0x88, 0x02,
    0x55, 0x52, 0x53, 0x00, 0x7d, 0x7b, 0x7b, 0xa7, 0x89, 0x87, 0x87, 0xff, 0x89, 0x87, 0x87, 0xfb,
    0x89, 0x87, 0x87, 0xff, 0x88, 0x86, 0x86, 0xff, 0x89, 0x83, 0x86, 0xff, 0x88, 0x82, 0x85, 0xff,
    0x86, 0x81, 0x84, 0xff, 0x86, 0x81, 0x84, 0xff, 0x83, 0x80, 0x83, 0xff, 0x83, 0x80, 0x83, 0xff,
    0x82, 0x7f, 0x82, 0xff, 0x82, 0x7f, 0x82, 0xff, 0x7d, 0x7a, 0x7d, 0xff, 0x7d, 0x7a, 0x7d, 0xff,
    0x7d, 0x7a, 0x7d, 0xff, 0x7d, 0x7a, 0x7d, 0xff, 0x79, 0x76, 0x78, 0xff, 0x79, 0x76, 0x78, 0xff,
    0x79, 0x76, 0x78, 0xff, 0x79, 0x76, 0x78, 0xff, 0x76, 0x72, 0x78, 0xff, 0x74, 0x70, 0x75, 0xff,
    0x71, 0x6d, 0x72, 0xff, 0x6f, 0x6b, 0x71, 0xff, 0x6f, 0x6b, 0x71, 0xff, 0x6e, 0x6a, 0x6f, 0xff,
    0x6e, 0x6a, 0x6f, 0xff, 0x6c, 0x68, 0x6d, 0xff, 0x6a, 0x65, 0x6c, 0xff, 0x68, 0x64, 0x6b, 0xff,
    0x65, 0x60, 0x68, 0xff, 0x64, 0x5e, 0x68, 0xff, 0x65, 0x5e, 0x6d, 0xff, 0x63, 0x5b, 0x6c, 0xff,
    0x5f, 0x57, 0x68, 0xff, 0x5f, 0x57, 0x68, 0xff, 0x5e, 0x56, 0x67, 0xff, 0x5e, 0x57, 0x66, 0xff,
    0x5f, 0x55, 0x64, 0xff, 0x5f, 0x55, 0x64, 0xff, 0x5c, 0x54, 0x65, 0xff, 0x5a, 0x52, 0x68, 0xff,
    0x54, 0x50, 0x6a, 0xff, 0x4e, 0x50, 0x6d, 0xff, 0x3e, 0x43, 0x69, 0xfa, 0x2c, 0x37, 0x61, 0xff,
    0x25, 0x32, 0x62, 0x7a, 0x40, 0x54, 0x7e, 0x00, 0x1b, 0x38, 0x56, 0x04, 0x85, 0x9f, 0xbf, 0x00,
    0x8d, 0x94, 0xc9, 0x00, 0x84, 0x8a, 0xdd, 0x00, 0x72, 0x81, 0xfc, 0x00, 0x0f, 0x24, 0xa2, 0x02,
    0x85, 0x9b, 0xfc, 0x03, 0x75, 0x89, 0xcc, 0x02, 0xdb, 0xea, 0xff, 0x01, 0xa7, 0xaf, 0xcc, 0x00,
    0xaf, 0xb0, 0xdb, 0x00, 0xad, 0xad, 0xd6, 0x00, 0xb2, 0xb5, 0xc9, 0x00, 0xb4, 0xb9, 0xbf, 0x00,
    0xb6, 0xbb, 0xba, 0x00, 0xb8, 0xbc, 0xb9, 0x00, 0x00, 0x00, 0x00, 0x00, 0x00, 0x00, 0x00, 0x00,
    0x00, 0x00, 0x00, 0x00, 0x00, 0x00, 0x00, 0x00, 0x00, 0x00, 0x00, 0x00, 0x00, 0x00, 0x00, 0x00,
    0x00, 0x00, 0x00, 0x00, 0x00, 0x00, 0x00, 0x00, 0x00, 0x00, 0x00, 0x00, 0x00, 0x00, 0x00, 0x00,
    0x00, 0x00, 0x00, 0x00, 0x00, 0x00, 0x00, 0x00, 0x00, 0x00, 0x00, 0x00, 0x00, 0x00, 0x00, 0x00,
    0x00, 0x00, 0x00, 0x00, 0x00, 0x00, 0x00, 0x00, 0x00, 0x00, 0x00, 0x00, 0x00, 0x00, 0x00, 0x00,
    0x00, 0x00, 0x00, 0x00, 0x00, 0x00, 0x00, 0x00, 0x00, 0x00, 0x00, 0x00, 0x00, 0x00, 0x00, 0x00,
    0x52, 0x51, 0x52, 0x00, 0x52, 0x51, 0x52, 0x00, 0x52, 0x51, 0x52, 0x00, 0x52, 0x51, 0x52, 0x00,
    0x02, 0x00, 0x00, 0x01, 0x7d, 0x7b, 0x7b, 0x02, 0x52, 0x50, 0x50, 0x00, 0x7c, 0x7a, 0x7a, 0xa7,
    0x86, 0x83, 0x84, 0xff, 0x86, 0x83, 0x84, 0xfb, 0x86, 0x83, 0x84, 0xff, 0x84, 0x82, 0x82, 0xff,
    0x85, 0x80, 0x83, 0xff, 0x84, 0x7e, 0x82, 0xff, 0x83, 0x7d, 0x81, 0xff, 0x83, 0x7d, 0x81, 0xff,
    0x80, 0x7d, 0x7f, 0xff, 0x80, 0x7d, 0x7f, 0xff, 0x7f, 0x7b, 0x7e, 0xff, 0x7f, 0x7b, 0x7e, 0xff,
    0x7a, 0x77, 0x7a, 0xff, 0x7a, 0x77, 0x7a, 0xff, 0x7a, 0x77, 0x7a, 0xff, 0x7a, 0x77, 0x7a, 0xff,
    0x75, 0x72, 0x75, 0xff, 0x75, 0x72, 0x75, 0xff, 0x75, 0x72, 0x75, 0xff, 0x75, 0x72, 0x75, 0xff,
    0x73, 0x6f, 0x74, 0xff, 0x71, 0x6d, 0x72, 0xff, 0x6d, 0x69, 0x6e, 0xff, 0x6c, 0x68, 0x6d, 0xff,
    0x6c, 0x68, 0x6d, 0xff, 0x6b, 0x67, 0x6c, 0xff, 0x6b, 0x67, 0x6c, 0xff, 0x68, 0x64, 0x6a, 0xff,
    0x66, 0x61, 0x69, 0xff, 0x65, 0x60, 0x68, 0xff, 0x61, 0x5d, 0x64, 0xff, 0x5f, 0x59, 0x64, 0xff,
    0x65, 0x5e, 0x6d, 0xff, 0x60, 0x57, 0x6b, 0xff, 0x5f, 0x56, 0x6a, 0xff, 0x60, 0x57, 0x6b, 0xff,
    0x5e, 0x55, 0x69, 0xff, 0x5e, 0x56, 0x67, 0xff, 0x5d, 0x55, 0x66, 0xff, 0x5d, 0x54, 0x68, 0xff,
    0x58, 0x51, 0x6b, 0xff, 0x54, 0x50, 0x6e, 0xff, 0x4c, 0x4e, 0x72, 0xff, 0x44, 0x4d, 0x77, 0xff,
    0x36, 0x43, 0x75, 0xfa, 0x22, 0x36, 0x6e, 0xff, 0x19, 0x2f, 0x6d, 0x79, 0x2d, 0x4d, 0x90, 0x00,
    0xa0, 0xcc, 0xff, 0x24, 0xa2, 0xcf, 0xff, 0x26, 0xae, 0xd1, 0xff, 0x24, 0xa3, 0xc1, 0xff, 0x15,
    0xaa, 0xce, 0xff, 0x02, 0x65, 0x8b, 0xe6, 0x00, 0x76, 0x97, 0xe3, 0x00, 0x7c, 0x99, 0xd2, 0x00,
    0x9b, 0xb2, 0xd3, 0x00, 0xac, 0xb8, 0xdf, 0x04, 0x8f, 0x8c, 0xd8, 0x02, 0xa4, 0x9e, 0xe8, 0x00,
    0xae, 0xb0, 0xd4, 0x00, 0xb2, 0xb7, 0xc4, 0x00, 0xb6, 0xb9, 0xbf, 0x00, 0xb8, 0xba, 0xbc, 0x00,
    0x00, 0x00, 0x00, 0x00, 0x00, 0x00, 0x00, 0x00, 0x00, 0x00, 0x00, 0x00, 0x00, 0x00, 0x00, 0x00,
    0x00, 0x00, 0x00, 0x00, 0x00, 0x00, 0x00, 0x00, 0x00, 0x00, 0x00, 0x00, 0x00, 0x00, 0x00, 0x00,
    0x00, 0x00, 0x00, 0x00, 0x00, 0x00, 0x00, 0x00, 0x00, 0x00, 0x00, 0x00, 0x00, 0x00, 0x00, 0x00,
    0x00, 0x00, 0x00, 0x00, 0x00, 0x00, 0x00, 0x00, 0x00, 0x00, 0x00, 0x00, 0x00, 0x00, 0x00, 0x00,
    0x00, 0x00, 0x00, 0x00, 0x00, 0x00, 0x00, 0x00, 0x00, 0x00, 0x00, 0x00, 0x00, 0x00, 0x00, 0x00,
    0x00, 0x00, 0x00, 0x00, 0x00, 0x00, 0x00, 0x00, 0x52, 0x51, 0x52, 0x00, 0x52, 0x51, 0x52, 0x00,
    0x52, 0x51, 0x52, 0x00, 0x52, 0x51, 0x52, 0x00, 0x07, 0x04, 0x05, 0x01, 0x5f, 0x5d, 0x5d, 0x03,
    0x4d, 0x4a, 0x4b, 0x00, 0x78, 0x75, 0x76, 0xa7, 0x83, 0x81, 0x81, 0xff, 0x83, 0x81, 0x81, 0xfb,
    0x83, 0x81, 0x81, 0xff, 0x82, 0x80, 0x80, 0xff, 0x83, 0x7d, 0x81, 0xff, 0x82, 0x7c, 0x7f, 0xff,
    0x81, 0x7b, 0x7e, 0xff, 0x81, 0x7b, 0x7e, 0xff, 0x7d, 0x7a, 0x7d, 0xff, 0x7d, 0x7a, 0x7d, 0xff,
    0x7c, 0x79, 0x7c, 0xff, 0x7c, 0x79, 0x7c, 0xff, 0x78, 0x74, 0x77, 0xff, 0x78, 0x74, 0x77, 0xff,
    0x78, 0x74, 0x77, 0xff, 0x78, 0x74, 0x77, 0xff, 0x73, 0x70, 0x73, 0xff, 0x73, 0x70, 0x73, 0xff,
    0x73, 0x70, 0x73, 0xff, 0x73, 0x6f, 0x74, 0xff, 0x71, 0x6d, 0x72, 0xff, 0x6e, 0x6a, 0x6f, 0xff,
    0x6b, 0x67, 0x6c, 0xff, 0x6a, 0x66, 0x6b, 0xff, 0x68, 0x64, 0x6a, 0xff, 0x67, 0x63, 0x68, 0xff,
    0x67, 0x63, 0x68, 0xff, 0x65, 0x61, 0x66, 0xff, 0x64, 0x5f, 0x67, 0xff, 0x63, 0x5e, 0x65, 0xff,
    0x5f, 0x5a, 0x62, 0xff, 0x5d, 0x57, 0x61, 0xff, 0x61, 0x5c, 0x6a, 0xff, 0x5d, 0x57, 0x6a, 0xff,
    0x5d, 0x57, 0x6a, 0xff, 0x5d, 0x56, 0x6c, 0xff, 0x5d, 0x55, 0x6d, 0xff, 0x5c, 0x53, 0x6e, 0xff,
    0x59, 0x51, 0x6e, 0xff, 0x55, 0x51, 0x71, 0xff, 0x4c, 0x4e, 0x76, 0xff, 0x45, 0x4c, 0x7d, 0xff,
    0x3c, 0x4a, 0x80, 0xff, 0x36, 0x48, 0x85, 0xff, 0x41, 0x59, 0x9e, 0xfe, 0x4e, 0x6d, 0xba, 0xff,
    0x59, 0x7c, 0xd1, 0xe6, 0x6e, 0x9a, 0xf7, 0xdb, 0x5f, 0x95, 0xfc, 0xee, 0x63, 0x9c, 0xff, 0xf2,
    0x5b, 0x8c, 0xfb, 0xef, 0x62, 0x92, 0xfc, 0xe5, 0x6d, 0x9e, 0xff, 0xd0, 0x7a, 0xaa, 0xff, 0xa8,
    0x88, 0xb4, 0xff, 0x72, 0x99, 0xc1, 0xff, 0x32, 0xc7, 0xe8, 0xff, 0x0b, 0x92, 0xa7, 0xe3, 0x00,
    0x47, 0x4a, 0xa7, 0x01, 0x8f, 0x8d, 0xe6, 0x04, 0xaa, 0xac, 0xdc, 0x00, 0xae, 0xb3, 0xcd, 0x00,
    0xb2, 0xb1, 0xcf, 0x00, 0xb4, 0xb3, 0xcc, 0x00, 0x00, 0x00, 0x0a, 0x00, 0x00, 0x00, 0x03, 0x00,
    0x00, 0x01, 0x00, 0x00, 0x00, 0x01, 0x00, 0x00, 0x00, 0x00, 0x00, 0x00, 0x00, 0x00, 0x02, 0x00,
    0x00, 0x00, 0x00, 0x00, 0x00, 0x00, 0x00, 0x00, 0x00, 0x00, 0x00, 0x00, 0x00, 0x00, 0x00, 0x00,
    0x00, 0x00, 0x00, 0x00, 0x00, 0x00, 0x00, 0x00, 0x00, 0x00, 0x00, 0x00, 0x00, 0x00, 0x00, 0x00,
    0x00, 0x00, 0x00, 0x00, 0x00, 0x00, 0x00, 0x00, 0x00, 0x00, 0x00, 0x00, 0x00, 0x00, 0x00, 0x00,
    0x00, 0x00, 0x00, 0x00, 0x00, 0x00, 0x00, 0x00, 0x00, 0x00, 0x00, 0x00, 0x00, 0x00, 0x00, 0x00,
    0x52, 0x51, 0x52, 0x00, 0x52, 0x51, 0x52, 0x00, 0x52, 0x51, 0x52, 0x00, 0x52, 0x51, 0x52, 0x00,
    0x04, 0x01, 0x04, 0x01, 0x81, 0x7e, 0x81, 0x02, 0x50, 0x4d, 0x50, 0x00, 0x78, 0x74, 0x77, 0xa7,
    0x81, 0x7e, 0x81, 0xff, 0x81, 0x7e, 0x81, 0xfb, 0x81, 0x7e, 0x81, 0xff, 0x80, 0x7d, 0x7f, 0xff,
    0x82, 0x7c, 0x7f, 0xff, 0x81, 0x7b, 0x7e, 0xff, 0x7f, 0x7a, 0x7d, 0xff, 0x7f, 0x7a, 0x7d, 0xff,
    0x7c, 0x79, 0x7c, 0xff, 0x7c, 0x79, 0x7c, 0xff, 0x7b, 0x78, 0x7b, 0xff, 0x7b, 0x78, 0x7b, 0xff,
    0x76, 0x72, 0x78, 0xff, 0x76, 0x72, 0x78, 0xff, 0x76, 0x72, 0x78, 0xff, 0x76, 0x72, 0x78, 0xff,
    0x72, 0x6e, 0x73, 0xff, 0x72, 0x6e, 0x73, 0xff, 0x72, 0x6e, 0x73, 0xff, 0x72, 0x6e, 0x73, 0xff,
    0x6f, 0x6b, 0x72, 0xff, 0x6d, 0x68, 0x70, 0xff, 0x6a, 0x65, 0x6c, 0xff, 0x67, 0x62, 0x6a, 0xff,
    0x66, 0x61, 0x69, 0xff, 0x65, 0x60, 0x68, 0xff, 0x65, 0x60, 0x68, 0xff, 0x63, 0x5e, 0x65, 0xff,
    0x61, 0x5d, 0x64, 0xff, 0x60, 0x5b, 0x63, 0xff, 0x5f, 0x5a, 0x62, 0xff, 0x5e, 0x5b, 0x65, 0xff,
    0x5b, 0x59, 0x67, 0xff, 0x57, 0x56, 0x66, 0xff, 0x5a, 0x55, 0x6a, 0xff, 0x57, 0x53, 0x6c, 0xff,
    0x53, 0x4e, 0x6c, 0xff, 0x57, 0x51, 0x77, 0xff, 0x50, 0x4c, 0x78, 0xff, 0x3d, 0x40, 0x74, 0xff,
    0x26, 0x37, 0x76, 0xff, 0x45, 0x5e, 0xa7, 0xff, 0x60, 0x7e, 0xce, 0xff, 0x69, 0x8b, 0xe3, 0xff,
    0x64, 0x8c, 0xec, 0xff, 0x58, 0x87, 0xef, 0xff, 0x4c, 0x83, 0xf0, 0xff, 0x46, 0x7f, 0xf3, 0xff,
    0x40, 0x7b, 0xf5, 0xff, 0x3d, 0x77, 0xf4, 0xff, 0x3d, 0x75, 0xf2, 0xff, 0x3b, 0x72, 0xf0, 0xff,
    0x3a, 0x73, 0xeb, 0xff, 0x41, 0x79, 0xf0, 0xff, 0x4e, 0x84, 0xf8, 0xff, 0x59, 0x8d, 0xf9, 0xfa,
    0x77, 0xa8, 0xff, 0xc3, 0x88, 0xae, 0xff, 0x6e, 0xbc, 0xd2, 0xff, 0x16, 0x6c, 0x79, 0xcd, 0x00,
    0x8a, 0x94, 0xc7, 0x02, 0x92, 0x97, 0xc4, 0x02, 0x80, 0x7c, 0xbf, 0x00, 0x88, 0x83, 0xc1, 0x00,
    0x9a, 0x9d, 0xc1, 0x00, 0xa5, 0xb0, 0xbe, 0x00, 0xaa, 0xb7, 0xb7, 0x00, 0xa5, 0xb1, 0xad, 0x00,
    0xaa, 0xb0, 0xb1, 0x00, 0xac, 0xaf, 0xb3, 0x00, 0x00, 0x00, 0x00, 0x00, 0x00, 0x00, 0x00, 0x00,
    0x00, 0x00, 0x00, 0x00, 0x00, 0x00, 0x00, 0x00, 0x00, 0x00, 0x00, 0x00, 0x00, 0x00, 0x00, 0x00,
    0x00, 0x00, 0x00, 0x00, 0x00, 0x00, 0x00, 0x00, 0x00, 0x00, 0x00, 0x00, 0x00, 0x00, 0x00, 0x00,
    0x00, 0x00, 0x00, 0x00, 0x00, 0x00, 0x00, 0x00, 0x00, 0x00, 0x00, 0x00, 0x00, 0x00, 0x00, 0x00,
    0x00, 0x00, 0x00, 0x00, 0x00, 0x00, 0x00, 0x00, 0x52, 0x51, 0x52, 0x00, 0x52, 0x51, 0x52, 0x00,
    0x52, 0x51, 0x52, 0x00, 0x52, 0x51, 0x52, 0x00, 0x04, 0x01, 0x04, 0x01, 0x81, 0x7e, 0x81, 0x02,
    0x50, 0x4d, 0x50, 0x00, 0x78, 0x74, 0x77, 0xa7, 0x81, 0x7e, 0x81, 0xff, 0x81, 0x7e, 0x81, 0xfb,
    0x81, 0x7e, 0x81, 0xff, 0x80, 0x7d, 0x7f, 0xff, 0x82, 0x7c, 0x7f, 0xff, 0x81, 0x7b, 0x7e, 0xff,
    0x7f, 0x7a, 0x7d, 0xff, 0x7f, 0x7a, 0x7d, 0xff, 0x7c, 0x79, 0x7c, 0xff, 0x7c, 0x79, 0x7c, 0xff,
    0x7b, 0x78, 0x7b, 0xff, 0x7b, 0x78, 0x7b, 0xff, 0x76, 0x72, 0x78, 0xff, 0x76, 0x72, 0x78, 0xff,
    0x76, 0x72, 0x78, 0xff, 0x76, 0x72, 0x78, 0xff, 0x72, 0x6e, 0x73, 0xff, 0x72, 0x6e, 0x73, 0xff,
    0x72, 0x6e, 0x73, 0xff, 0x72, 0x6e, 0x73, 0xff, 0x6f, 0x6b, 0x72, 0xff, 0x6d, 0x68, 0x70, 0xff,
    0x6a, 0x65, 0x6c, 0xff, 0x67, 0x62, 0x6a, 0xff, 0x66, 0x61, 0x69, 0xff, 0x65, 0x60, 0x68, 0xff,
    0x65, 0x60, 0x68, 0xff, 0x63, 0x5e, 0x65, 0xff, 0x61, 0x5d, 0x64, 0xff, 0x60, 0x5b, 0x63, 0xff,
    0x60, 0x5b, 0x63, 0xff, 0x5e, 0x5b, 0x65, 0xff, 0x58, 0x58, 0x66, 0xff, 0x55, 0x55, 0x68, 0xff,
    0x57, 0x54, 0x69, 0xff, 0x55, 0x52, 0x6e, 0xff, 0x55, 0x54, 0x79, 0xff, 0x43, 0x46, 0x73, 0xff,
    0x40, 0x46, 0x7e, 0xff, 0x47, 0x54, 0x9b, 0xff, 0x63, 0x7b, 0xd0, 0xff, 0x68, 0x88, 0xe7, 0xff,
    0x6b, 0x90, 0xf5, 0xff, 0x5c, 0x85, 0xf2, 0xff, 0x4d, 0x7c, 0xf1, 0xff, 0x45, 0x77, 0xf6, 0xff,
    0x3c, 0x75, 0xf6, 0xfe, 0x38, 0x74, 0xfa, 0xfd, 0x37, 0x72, 0xfa, 0xfe, 0x37, 0x6f, 0xf8, 0xfe,
    0x36, 0x6e, 0xf7, 0xfe, 0x34, 0x6d, 0xf5, 0xfe, 0x32, 0x6a, 0xf3, 0xfd, 0x2f, 0x67, 0xf0, 0xfc,
    0x2c, 0x65, 0xed, 0xfb, 0x2d, 0x65, 0xe9, 0xfe, 0x43, 0x74, 0xf2, 0xff, 0x56, 0x80, 0xf6, 0xff,
    0x7a, 0x99, 0xff, 0xdd, 0x99, 0xb0, 0xff, 0x6d, 0xc7, 0xd9, 0xff, 0x07, 0x7c, 0x84, 0xc4, 0x00,
    0x90, 0x8d, 0xe2, 0x04, 0x7b, 0x77, 0xc7, 0x00, 0x8f, 0x99, 0xce, 0x00, 0x96, 0xa9, 0xc3, 0x00,
    0xa0, 0xb2, 0xb9, 0x00, 0xa4, 0xb2, 0xb0, 0x00, 0xaa, 0xaf, 0xb3, 0x00, 0xaf, 0xaf, 0xb6, 0x00,
    0x00, 0x00, 0x00, 0x00, 0x00, 0x00, 0x00, 0x00, 0x00, 0x00, 0x00, 0x00, 0x00, 0x00, 0x00, 0x00,
    0x00, 0x00, 0x00, 0x00, 0x00, 0x00, 0x00, 0x00, 0x00, 0x00, 0x00, 0x00, 0x00, 0x00, 0x00, 0x00,
    0x00, 0x00, 0x00, 0x00, 0x00, 0x00, 0x00, 0x00, 0x00, 0x00, 0x00, 0x00, 0x00, 0x00, 0x00, 0x00,
    0x00, 0x00, 0x00, 0x00, 0x00, 0x00, 0x00, 0x00, 0x00, 0x00, 0x00, 0x00, 0x00, 0x00, 0x00, 0x00,
    0x52, 0x51, 0x52, 0x00, 0x52, 0x51, 0x52, 0x00, 0x52, 0x51, 0x52, 0x00, 0x52, 0x51, 0x52, 0x00,
    0x04, 0x01, 0x04, 0x01, 0x81, 0x7e, 0x81, 0x02, 0x50, 0x4d, 0x50, 0x00, 0x78, 0x74, 0x77, 0xa7,
    0x81, 0x7e, 0x81, 0xff, 0x81, 0x7e, 0x81, 0xfb, 0x81, 0x7e, 0x81, 0xff, 0x80, 0x7d, 0x7f, 0xff,
    0x82, 0x7c, 0x7f, 0xff, 0x81, 0x7b, 0x7e, 0xff, 0x7f, 0x7a, 0x7d, 0xff, 0x7f, 0x7a, 0x7d, 0xff,
    0x7c, 0x79, 0x7c, 0xff, 0x7c, 0x79, 0x7c, 0xff, 0x7b, 0x78, 0x7b, 0xff, 0x7b, 0x78, 0x7b, 0xff,
    0x76, 0x72, 0x78, 0xff, 0x76, 0x72, 0x78, 0xff, 0x76, 0x72, 0x78, 0xff, 0x76, 0x72, 0x78, 0xff,
    0x72, 0x6e, 0x73, 0xff, 0x72, 0x6e, 0x73, 0xff, 0x72, 0x6e, 0x73, 0xff, 0x72, 0x6e, 0x73, 0xff,
    0x6f, 0x6b, 0x72, 0xff, 0x6d, 0x68, 0x70, 0xff, 0x6a, 0x65, 0x6c, 0xff, 0x67, 0x62, 0x6a, 0xff,
    0x66, 0x61, 0x69, 0xff, 0x65, 0x60, 0x68, 0xff, 0x65, 0x60, 0x68, 0xff, 0x63, 0x5e, 0x65, 0xff,
    0x61, 0x5d, 0x64, 0xff, 0x60, 0x5b, 0x63, 0xff, 0x60, 0x5b, 0x63, 0xff, 0x5d, 0x5a, 0x64, 0xff,
    0x58, 0x57, 0x67, 0xff, 0x56, 0x56, 0x6a, 0xff, 0x57, 0x54, 0x69, 0xff, 0x54, 0x51, 0x6d, 0xff,
    0x4b, 0x50, 0x76, 0xff, 0x3e, 0x4a, 0x7f, 0xff, 0x51, 0x68, 0xab, 0xff, 0x7a, 0x93, 0xea, 0xff,
    0x7f, 0x99, 0xff, 0xff, 0x6d, 0x88, 0xfc, 0xff, 0x5a, 0x7a, 0xf4, 0xff, 0x4f, 0x71, 0xf2, 0xff,
    0x44, 0x6d, 0xf3, 0xff, 0x40, 0x6b, 0xf8, 0xff, 0x3b, 0x6c, 0xfc, 0xff, 0x39, 0x6b, 0xfe, 0xff,
    0x38, 0x6a, 0xfd, 0xff, 0x38, 0x6b, 0xfb, 0xff, 0x36, 0x6a, 0xfa, 0xff, 0x39, 0x6c, 0xfc, 0xff,
    0x3b, 0x6f, 0xff, 0xff, 0x39, 0x6c, 0xfc, 0xff, 0x32, 0x65, 0xf6, 0xff, 0x31, 0x5f, 0xf2, 0xfe,
    0x38, 0x5b, 0xf4, 0xfb, 0x3d, 0x5a, 0xf0, 0xfb, 0x44, 0x61, 0xec, 0xfe, 0x6f, 0x8a, 0xff, 0xff,
    0x86, 0x9a, 0xff, 0xbd, 0xaa, 0xb7, 0xff, 0x2a, 0x76, 0x77, 0xcb, 0x00, 0x6e, 0x72, 0xbd, 0x03,
    0x8d, 0xa2, 0xe3, 0x00, 0x8a, 0xa5, 0xd0, 0x00, 0x98, 0xac, 0xbb, 0x00, 0xa7, 0xb1, 0xb4, 0x00,
    0xb1, 0xae, 0xb7, 0x00, 0xb4, 0xac, 0xb6, 0x00, 0x00, 0x00, 0x00, 0x00, 0x00, 0x00, 0x00, 0x00,
    0x00, 0x00, 0x00, 0x00, 0x00, 0x00, 0x00, 0x00, 0x00, 0x00, 0x00, 0x00, 0x00, 0x00, 0x00, 0x00,
    0x00, 0x00, 0x00, 0x00, 0x00, 0x00, 0x00, 0x00, 0x00, 0x00, 0x00, 0x00, 0x00, 0x00, 0x00, 0x00,
    0x00, 0x00, 0x00, 0x00, 0x00, 0x00, 0x00, 0x00, 0x00, 0x00, 0x00, 0x00, 0x00, 0x00, 0x00, 0x00,
    0x00, 0x00, 0x00, 0x00, 0x00, 0x00, 0x00, 0x00, 0x52, 0x51, 0x52, 0x00, 0x52, 0x51, 0x52, 0x00,
    0x52, 0x51, 0x52, 0x00, 0x52, 0x51, 0x52, 0x00, 0x04, 0x01, 0x04, 0x01, 0x81, 0x7e, 0x81, 0x02,
    0x50, 0x4d, 0x50, 0x00, 0x78, 0x74, 0x77, 0xa7, 0x81, 0x7e, 0x81, 0xff, 0x81, 0x7e, 0x81, 0xfb,
    0x81, 0x7e, 0x81, 0xff, 0x80, 0x7d, 0x7f, 0xff, 0x82, 0x7c, 0x7f, 0xff, 0x81, 0x7b, 0x7e, 0xff,
    0x7f, 0x7a, 0x7d, 0xff, 0x7f, 0x7a, 0x7d, 0xff, 0x7c, 0x79, 0x7c, 0xff, 0x7c, 0x79, 0x7c, 0xff,
    0x7b, 0x78, 0x7b, 0xff, 0x7b, 0x78, 0x7b, 0xff, 0x76, 0x72, 0x78, 0xff, 0x76, 0x72, 0x78, 0xff,
    0x76, 0x72, 0x78, 0xff, 0x76, 0x72, 0x78, 0xff, 0x72, 0x6e, 0x73, 0xff, 0x72, 0x6e, 0x73, 0xff,
    0x72, 0x6e, 0x73, 0xff, 0x72, 0x6e, 0x73, 0xff, 0x6f, 0x6b, 0x72, 0xff, 0x6d, 0x68, 0x70, 0xff,
    0x6a, 0x65, 0x6c, 0xff, 0x67, 0x62, 0x6a, 0xff, 0x66, 0x61, 0x69, 0xff, 0x65, 0x60, 0x68, 0xff,
    0x65, 0x60, 0x68, 0xff, 0x61, 0x5d, 0x64, 0xff, 0x60, 0x5b, 0x63, 0xff, 0x5f, 0x5a, 0x62, 0xff,
    0x5f, 0x5a, 0x62, 0xff, 0x5d, 0x59, 0x65, 0xff, 0x58, 0x55, 0x6a, 0xff, 0x55, 0x53, 0x6c, 0xff,
    0x53, 0x53, 0x6e, 0xff, 0x4c, 0x4f, 0x73, 0xff, 0x3b, 0x47, 0x7a, 0xff, 0x6a, 0x7f, 0xc2, 0xff,
    0x83, 0xa3, 0xf9, 0xff, 0x76, 0x9a, 0xff, 0xff, 0x5d, 0x77, 0xf5, 0xff, 0x50, 0x68, 0xf1, 0xff,
    0x4a, 0x66, 0xf3, 0xff, 0x51, 0x6f, 0xff, 0xff, 0x45, 0x66, 0xfc, 0xff, 0x41, 0x66, 0xff, 0xff,
    0x3d, 0x66, 0xff, 0xff, 0x3a, 0x65, 0xff, 0xff, 0x38, 0x66, 0xff, 0xff, 0x38, 0x66, 0xff, 0xff,
    0x37, 0x66, 0xfe, 0xff, 0x38, 0x67, 0xff, 0xff, 0x37, 0x66, 0xfe, 0xff, 0x36, 0x65, 0xfd, 0xff,
    0x35, 0x64, 0xfb, 0xff, 0x38, 0x60, 0xfd, 0xff, 0x45, 0x61, 0xff, 0xff, 0x37, 0x52, 0xf6, 0xff,
    0x35, 0x54, 0xec, 0xfd, 0x38, 0x55, 0xe4, 0xfb, 0x53, 0x69, 0xf1, 0xff, 0x88, 0x95, 0xff, 0xe6,
    0xad, 0xb5, 0xff, 0x4a, 0x70, 0x79, 0xcb, 0x00, 0x95, 0xaa, 0xf4, 0x04, 0x89, 0xa0, 0xde, 0x00,
    0x90, 0x9f, 0xca, 0x00, 0xa0, 0xa8, 0xc5, 0x00, 0xaa, 0xaa, 0xbd, 0x00, 0xb0, 0xac, 0xb8, 0x00,
    0x00, 0x00, 0x00, 0x00, 0x00, 0x00, 0x00, 0x00, 0x00, 0x00, 0x00, 0x00, 0x00, 0x00, 0x00, 0x00,
    0x00, 0x00, 0x00, 0x00, 0x00, 0x00, 0x00, 0x00, 0x00, 0x00, 0x00, 0x00, 0x00, 0x00, 0x00, 0x00,
    0x00, 0x00, 0x00, 0x00, 0x00, 0x00, 0x00, 0x00, 0x00, 0x00, 0x00, 0x00, 0x00, 0x00, 0x00, 0x00,
    0x00, 0x00, 0x00, 0x00, 0x00, 0x00, 0x00, 0x00, 0x00, 0x00, 0x00, 0x00, 0x00, 0x00, 0x00, 0x00,
    0x52, 0x51, 0x52, 0x00, 0x52, 0x51, 0x52, 0x00, 0x52, 0x51, 0x52, 0x00, 0x52, 0x51, 0x52, 0x00,
    0x07, 0x03, 0x06, 0x01, 0x56, 0x53, 0x55, 0x03, 0x4f, 0x4c, 0x4e, 0x00, 0x74, 0x71, 0x74, 0xa7,
    0x7a, 0x77, 0x7a, 0xff, 0x7a, 0x77, 0x7a, 0xfb, 0x7a, 0x77, 0x7a, 0xff, 0x79, 0x76, 0x78, 0xff,
    0x79, 0x75, 0x7a, 0xff, 0x78, 0x74, 0x79, 0xff, 0x76, 0x72, 0x78, 0xff, 0x76, 0x72, 0x78, 0xff,
    0x75, 0x72, 0x75, 0xff, 0x75, 0x72, 0x75, 0xff, 0x74, 0x71, 0x74, 0xff, 0x74, 0x71, 0x74, 0xff,
    0x6f, 0x6b, 0x71, 0xff, 0x6f, 0x6b, 0x71, 0xff, 0x6f, 0x6b, 0x71, 0xff, 0x6f, 0x6b, 0x71, 0xff,
    0x6b, 0x67, 0x6c, 0xff, 0x6b, 0x67, 0x6c, 0xff, 0x6b, 0x67, 0x6c, 0xff, 0x6b, 0x67, 0x6c, 0xff,
    0x65, 0x60, 0x68, 0xff, 0x65, 0x60, 0x68, 0xff, 0x65, 0x60, 0x68, 0xff, 0x65, 0x60, 0x68, 0xff,
    0x62, 0x5f, 0x68, 0xff, 0x5e, 0x5b, 0x65, 0xff, 0x60, 0x5b, 0x65, 0xff, 0x60, 0x5b, 0x65, 0xff,
    0x5d, 0x5a, 0x64, 0xff, 0x5d, 0x5a, 0x64, 0xff, 0x5f, 0x59, 0x64, 0xff, 0x5c, 0x57, 0x66, 0xff,
    0x4f, 0x4d, 0x67, 0xff, 0x4d, 0x4d, 0x6f, 0xff, 0x4a, 0x4e, 0x76, 0xff, 0x41, 0x4c, 0x83, 0xff,
    0x7c, 0x8e, 0xd7, 0xff, 0x88, 0xa5, 0xff, 0xff, 0x64, 0x8b, 0xf6, 0xff, 0x47, 0x6d, 0xeb, 0xff,
    0x4d, 0x69, 0xfb, 0xff, 0x4d, 0x63, 0xff, 0xff, 0x48, 0x60, 0xfe, 0xff, 0x44, 0x5e, 0xfd, 0xff,
    0x42, 0x60, 0xff, 0xff, 0x41, 0x61, 0xff, 0xff, 0x3e, 0x5f, 0xff, 0xff, 0x3b, 0x5e, 0xff, 0xff,
    0x38, 0x5e, 0xff, 0xff, 0x37, 0x5c, 0xff, 0xff, 0x37, 0x5d, 0xff, 0xff, 0x36, 0x5c, 0xfe, 0xff,
    0x36, 0x5c, 0xfe, 0xff, 0x36, 0x5c, 0xfe, 0xff, 0x36, 0x5c, 0xfe, 0xff, 0x35, 0x59, 0xfc, 0xff,
    0x37, 0x55, 0xfb, 0xff, 0x3a, 0x57, 0xfb, 0xff, 0x37, 0x59, 0xf5, 0xff, 0x32, 0x51, 0xee, 0xff,
    0x30, 0x46, 0xe9, 0xfb, 0x40, 0x50, 0xeb, 0xff, 0x76, 0x82, 0xff, 0xf6, 0xa1, 0xa8, 0xff, 0x54,
    0x93, 0x98, 0xee, 0x00, 0xba, 0xbd, 0xff, 0x04, 0x95, 0x97, 0xef, 0x00, 0xa0, 0xa5, 0xed, 0x00,
    0x9c, 0xa8, 0xc6, 0x00, 0x98, 0xaa, 0xb0, 0x00, 0x00, 0x00, 0x00, 0x00, 0x00, 0x00, 0x00, 0x00,
    0x00, 0x00, 0x00, 0x00, 0x00, 0x00, 0x00, 0x00, 0x00, 0x00, 0x00, 0x00, 0x00, 0x00, 0x00, 0x00,
    0x00, 0x00, 0x00, 0x00, 0x00, 0x00, 0x00, 0x00, 0x00, 0x00, 0x00, 0x00, 0x00, 0x00, 0x00, 0x00,
    0x00, 0x00, 0x00, 0x00, 0x00, 0x00, 0x00, 0x00, 0x00, 0x00, 0x00, 0x00, 0x00, 0x00, 0x00, 0x00,
    0x00, 0x00, 0x00, 0x00, 0x00, 0x00, 0x00, 0x00, 0x52, 0x51, 0x52, 0x00, 0x52, 0x51, 0x52, 0x00,
    0x52, 0x51, 0x52, 0x00, 0x52, 0x51, 0x52, 0x00, 0x55, 0x51, 0x54, 0x00, 0x55, 0x51, 0x54, 0x03,
    0x4b, 0x48, 0x4b, 0x00, 0x74, 0x71, 0x74, 0xa3, 0x7a, 0x77, 0x7a, 0xff, 0x7a, 0x77, 0x7a, 0xfa,
    0x79, 0x76, 0x78, 0xff, 0x79, 0x76, 0x78, 0xff, 0x79, 0x75, 0x7a, 0xff, 0x76, 0x72, 0x78, 0xff,
    0x75, 0x71, 0x76, 0xff, 0x75, 0x71, 0x76, 0xff, 0x74, 0x71, 0x74, 0xff, 0x74, 0x71, 0x74, 0xff,
    0x73, 0x70, 0x73, 0xff, 0x73, 0x70, 0x73, 0xff, 0x6e, 0x6a, 0x6f, 0xff, 0x6e, 0x6a, 0x6f, 0xff,
    0x6e, 0x6a, 0x6f, 0xff, 0x6e, 0x6a, 0x6f, 0xff, 0x6a, 0x66, 0x6b, 0xff, 0x6a, 0x66, 0x6b, 0xff,
    0x6a, 0x66, 0x6b, 0xff, 0x6b, 0x67, 0x6c, 0xff, 0x65, 0x60, 0x68, 0xff, 0x65, 0x60, 0x68, 0xff,
    0x65, 0x60, 0x68, 0xff, 0x65, 0x60, 0x68, 0xff, 0x61, 0x5d, 0x67, 0xff, 0x5e, 0x5b, 0x65, 0xff,
    0x60, 0x5b, 0x65, 0xff, 0x5f, 0x59, 0x64, 0xff, 0x5b, 0x58, 0x61, 0xff, 0x5b, 0x58, 0x61, 0xff,
    0x5d, 0x57, 0x61, 0xff, 0x5b, 0x55, 0x66, 0xff, 0x5b, 0x58, 0x74, 0xff, 0x3f, 0x43, 0x6e, 0xff,
    0x3e, 0x48, 0x82, 0xff, 0x72, 0x84, 0xd0, 0xff, 0x88, 0xa2, 0xff, 0xff, 0x66, 0x85, 0xf9, 0xff,
    0x49, 0x6c, 0xef, 0xff, 0x43, 0x67, 0xf7, 0xff, 0x44, 0x60, 0xff, 0xff, 0x43, 0x5a, 0xff, 0xff,
    0x3e, 0x55, 0xfc, 0xff, 0x3b, 0x54, 0xfd, 0xff, 0x3b, 0x54, 0xfd, 0xff, 0x39, 0x54, 0xfd, 0xff,
    0x39, 0x53, 0xfe, 0xff, 0x36, 0x53, 0xfd, 0xff, 0x34, 0x53, 0xfd, 0xff, 0x33, 0x52, 0xfc, 0xff,
    0x33, 0x52, 0xfc, 0xff, 0x33, 0x52, 0xfc, 0xff, 0x33, 0x52, 0xfc, 0xff, 0x33, 0x52, 0xfc, 0xff,
    0x33, 0x52, 0xfc, 0xff, 0x31, 0x52, 0xf9, 0xff, 0x30, 0x51, 0xf7, 0xff, 0x31, 0x52, 0xf8, 0xff,
    0x34, 0x56, 0xf9, 0xff, 0x38, 0x57, 0xfc, 0xff, 0x35, 0x4c, 0xfc, 0xff, 0x30, 0x41, 0xeb, 0xfc,
    0x47, 0x59, 0xef, 0xfd, 0x7e, 0x8b, 0xff, 0xf2, 0xa8, 0xad, 0xff, 0x45, 0x91, 0x91, 0xf1, 0x00,
    0x8d, 0x88, 0xfd, 0x02, 0x93, 0x94, 0xf6, 0x00, 0x93, 0xa2, 0xc6, 0x00, 0x9d, 0xb4, 0xbb, 0x00,
    0x00, 0x00, 0x00, 0x00, 0x00, 0x00, 0x00, 0x00, 0x00, 0x00, 0x00, 0x00, 0x00, 0x00, 0x00, 0x00,
    0x00, 0x00, 0x00, 0x00, 0x00, 0x00, 0x00, 0x00, 0x00, 0x00, 0x00, 0x00, 0x00, 0x00, 0x00, 0x00,
    0x00, 0x00, 0x00, 0x00, 0x00, 0x00, 0x00, 0x00, 0x00, 0x00, 0x00, 0x00, 0x00, 0x00, 0x00, 0x00,
    0x00, 0x00, 0x00, 0x00, 0x00, 0x00, 0x00, 0x00, 0x00, 0x00, 0x00, 0x00, 0x00, 0x00, 0x00, 0x00,
    0x52, 0x51, 0x52, 0x00, 0x52, 0x51, 0x52, 0x00, 0x52, 0x51, 0x52, 0x00, 0x52, 0x51, 0x52, 0x00,
    0x55, 0x51, 0x54, 0x00, 0x40, 0x3c, 0x3f, 0x04, 0x54, 0x50, 0x53, 0x00, 0x6d, 0x6a, 0x6d, 0x9a,
    0x7a, 0x77, 0x7a, 0xff, 0x7a, 0x77, 0x7a, 0xf9, 0x79, 0x76, 0x78, 0xff, 0x79, 0x76, 0x78, 0xff,
    0x79, 0x75, 0x7a, 0xff, 0x76, 0x72, 0x78, 0xff, 0x75, 0x71, 0x76, 0xff, 0x75, 0x71, 0x76, 0xff,
    0x74, 0x71, 0x74, 0xff, 0x74, 0x71, 0x74, 0xff, 0x73, 0x70, 0x73, 0xff, 0x73, 0x70, 0x73, 0xff,
    0x6e, 0x6a, 0x6f, 0xff, 0x6e, 0x6a, 0x6f, 0xff, 0x6e, 0x6a, 0x6f, 0xff, 0x6e, 0x6a, 0x6f, 0xff,
    0x6a, 0x66, 0x6b, 0xff, 0x6a, 0x66, 0x6b, 0xff, 0x6a, 0x66, 0x6b, 0xff, 0x6b, 0x67, 0x6c, 0xff,
    0x65, 0x60, 0x68, 0xff, 0x64, 0x5f, 0x67, 0xff, 0x64, 0x5f, 0x67, 0xff, 0x64, 0x5f, 0x67, 0xff,
    0x5f, 0x5c, 0x66, 0xff, 0x5d, 0x5a, 0x64, 0xff, 0x5f, 0x59, 0x64, 0xff, 0x5e, 0x58, 0x62, 0xff,
    0x5b, 0x58, 0x61, 0xff, 0x5b, 0x58, 0x61, 0xff, 0x5d, 0x57, 0x61, 0xff, 0x59, 0x56, 0x66, 0xff,
    0x4e, 0x50, 0x6d, 0xff, 0x3b, 0x43, 0x76, 0xff, 0x5a, 0x6e, 0xba, 0xff, 0x83, 0x9d, 0xff, 0xff,
    0x64, 0x84, 0xff, 0xff, 0x49, 0x68, 0xf7, 0xff, 0x4b, 0x67, 0xff, 0xff, 0x3e, 0x58, 0xf8, 0xff,
    0x3c, 0x56, 0xfc, 0xff, 0x39, 0x53, 0xfe, 0xff, 0x37, 0x51, 0xfc, 0xff, 0x36, 0x4f, 0xf8, 0xff,
    0x35, 0x4e, 0xf7, 0xff, 0x34, 0x4d, 0xf6, 0xff, 0x34, 0x4c, 0xf7, 0xff, 0x31, 0x4b, 0xf6, 0xff,
    0x31, 0x4b, 0xf8, 0xff, 0x30, 0x49, 0xf8, 0xff, 0x2e, 0x49, 0xf8, 0xff, 0x2e, 0x49, 0xf8, 0xff,
    0x2f, 0x4a, 0xfa, 0xff, 0x2f, 0x4a, 0xfa, 0xff, 0x2f, 0x4b, 0xf8, 0xff, 0x2c, 0x4a, 0xf7, 0xff,
    0x24, 0x4b, 0xf4, 0xff, 0x26, 0x4c, 0xf5, 0xff, 0x2f, 0x4f, 0xf7, 0xff, 0x35, 0x50, 0xfb, 0xff,
    0x3b, 0x50, 0xfe, 0xff, 0x30, 0x46, 0xf2, 0xff, 0x29, 0x46, 0xe5, 0xfc, 0x44, 0x5d, 0xeb, 0xff,
    0x75, 0x86, 0xfc, 0xde, 0xa1, 0xa9, 0xff, 0x22, 0x93, 0x90, 0xff, 0x00, 0x7f, 0x7c, 0xe3, 0x02,
    0xa0, 0xa9, 0xd3, 0x00, 0x9c, 0xab, 0xb6, 0x00, 0x00, 0x00, 0x00, 0x00, 0x00, 0x00, 0x00, 0x00,
    0x00, 0x00, 0x00, 0x00, 0x00, 0x00, 0x00, 0x00, 0x00, 0x00, 0x00, 0x00, 0x00, 0x00, 0x00, 0x00,
    0x00, 0x00, 0x00, 0x00, 0x00, 0x00, 0x00, 0x00, 0x00, 0x00, 0x00, 0x00, 0x00, 0x00, 0x00, 0x00,
    0x00, 0x00, 0x00, 0x00, 0x00, 0x00, 0x00, 0x00, 0x00, 0x00, 0x00, 0x00, 0x00, 0x00, 0x00, 0x00,
    0x00, 0x00, 0x00, 0x00, 0x00, 0x00, 0x00, 0x00, 0x52, 0x51, 0x52, 0x00, 0x52, 0x51, 0x52, 0x00,
    0x52, 0x51, 0x52, 0x00, 0x52, 0x51, 0x52, 0x00, 0x50, 0x4d, 0x50, 0x00, 0x3f, 0x3b, 0x3e, 0x05,
    0x54, 0x50, 0x53, 0x00, 0x73, 0x70, 0x73, 0x8a, 0x7a, 0x77, 0x7a, 0xff, 0x79, 0x76, 0x78, 0xfa,
    0x78, 0x74, 0x77, 0xff, 0x78, 0x74, 0x77, 0xff, 0x78, 0x74, 0x79, 0xff, 0x75, 0x71, 0x76, 0xff,
    0x74, 0x70, 0x75, 0xff, 0x74, 0x70, 0x75, 0xff, 0x73, 0x70, 0x73, 0xff, 0x73, 0x70, 0x73, 0xff,
    0x72, 0x6f, 0x71, 0xff, 0x72, 0x6f, 0x71, 0xff, 0x6d, 0x69, 0x6e, 0xff, 0x6d, 0x69, 0x6e, 0xff,
    0x6d, 0x69, 0x6e, 0xff, 0x6d, 0x69, 0x6e, 0xff, 0x68, 0x64, 0x6a, 0xff, 0x68, 0x64, 0x6a, 0xff,
    0x68, 0x64, 0x6a, 0xff, 0x6b, 0x67, 0x6c, 0xff, 0x65, 0x60, 0x68, 0xff, 0x64, 0x5f, 0x67, 0xff,
    0x64, 0x5f, 0x67, 0xff, 0x64, 0x5f, 0x67, 0xff, 0x5f, 0x5c, 0x66, 0xff, 0x5d, 0x59, 0x65, 0xff,
    0x5f, 0x58, 0x67, 0xff, 0x5e, 0x57, 0x66, 0xff, 0x5a, 0x56, 0x62, 0xff, 0x58, 0x56, 0x62, 0xff,
    0x56, 0x56, 0x62, 0xff, 0x50, 0x53, 0x6b, 0xff, 0x3c, 0x43, 0x72, 0xff, 0x4c, 0x5b, 0xa2, 0xff,
    0x83, 0x9b, 0xfd, 0xff, 0x6a, 0x87, 0xff, 0xff, 0x47, 0x67, 0xfa, 0xff, 0x43, 0x61, 0xff, 0xff,
    0x3e, 0x55, 0xfc, 0xff, 0x37, 0x4e, 0xf7, 0xff, 0x37, 0x50, 0xfe, 0xff, 0x37, 0x50, 0xfe, 0xff,
    0x35, 0x50, 0xfb, 0xff, 0x33, 0x4e, 0xf9, 0xff, 0x34, 0x4d, 0xf6, 0xff, 0x32, 0x4a, 0xf5, 0xff,
    0x30, 0x47, 0xf7, 0xff, 0x2f, 0x44, 0xf9, 0xff, 0x2d, 0x41, 0xf8, 0xff, 0x2d, 0x41, 0xf8, 0xff,
    0x2b, 0x43, 0xf5, 0xff, 0x2b, 0x43, 0xf5, 0xff, 0x2d, 0x45, 0xf9, 0xff, 0x2c, 0x44, 0xf6, 0xff,
    0x2f, 0x47, 0xf4, 0xff, 0x2a, 0x47, 0xf2, 0xff, 0x22, 0x47, 0xee, 0xff, 0x25, 0x47, 0xf0, 0xff,
    0x2d, 0x46, 0xf6, 0xff, 0x32, 0x47, 0xf7, 0xff, 0x35, 0x46, 0xf7, 0xff, 0x35, 0x47, 0xf6, 0xff,
    0x2d, 0x46, 0xef, 0xff, 0x32, 0x48, 0xe6, 0xfa, 0x58, 0x66, 0xf1, 0xff, 0x7b, 0x81, 0xff, 0xab,
    0x8f, 0x8a, 0xff, 0x00, 0x34, 0x32, 0x9f, 0x02, 0xd7, 0xdd, 0xff, 0x01, 0x98, 0xa1, 0xc2, 0x00,
    0x00, 0x00, 0x00, 0x00, 0x00, 0x00, 0x00, 0x00, 0x00, 0x00, 0x00, 0x00, 0x00, 0x00, 0x00, 0x00,
    0x00, 0x00, 0x00, 0x00, 0x00, 0x00, 0x00, 0x00, 0x00, 0x00, 0x00, 0x00, 0x00, 0x00, 0x00, 0x00,
    0x00, 0x00, 0x00, 0x00, 0x00, 0x00, 0x00, 0x00, 0x00, 0x00, 0x00, 0x00, 0x00, 0x00, 0x00, 0x00,
    0x00, 0x00, 0x00, 0x00, 0x00, 0x00, 0x00, 0x00, 0x00, 0x00, 0x00, 0x00, 0x00, 0x00, 0x00, 0x00,
    0x52, 0x51, 0x52, 0x00, 0x52, 0x51, 0x52, 0x00, 0x52, 0x51, 0x52, 0x00, 0x52, 0x51, 0x52, 0x00,
    0x53, 0x52, 0x54, 0x00, 0x66, 0x66, 0x68, 0x05, 0x52, 0x51, 0x53, 0x00, 0x6d, 0x6d, 0x6f, 0x6d,
    0x6f, 0x6e, 0x70, 0xff, 0x73, 0x72, 0x75, 0xfb, 0x74, 0x74, 0x76, 0xff, 0x72, 0x71, 0x74, 0xff,
    0x74, 0x70, 0x75, 0xff, 0x73, 0x6f, 0x74, 0xff, 0x73, 0x6f, 0x74, 0xff, 0x72, 0x6e, 0x73, 0xff,
    0x73, 0x6f, 0x74, 0xff, 0x72, 0x6e, 0x73, 0xff, 0x72, 0x6e, 0x73, 0xff, 0x71, 0x6d, 0x72, 0xff,
    0x6c, 0x68, 0x6d, 0xff, 0x6c, 0x68, 0x6d, 0xff, 0x6c, 0x68, 0x6d, 0xff, 0x6c, 0x68, 0x6d, 0xff,
    0x67, 0x63, 0x68, 0xff, 0x67, 0x63, 0x68, 0xff, 0x67, 0x63, 0x68, 0xff, 0x64, 0x60, 0x65, 0xff,
    0x64, 0x60, 0x65, 0xff, 0x64, 0x60, 0x65, 0xff, 0x64, 0x60, 0x65, 0xff, 0x63, 0x5e, 0x65, 0xff,
    0x5f, 0x5c, 0x66, 0xff, 0x5d, 0x58, 0x67, 0xff, 0x5f, 0x55, 0x6d, 0xff, 0x5d, 0x52, 0x6b, 0xff,
    0x5a, 0x54, 0x65, 0xff, 0x52, 0x55, 0x62, 0xff, 0x4c, 0x54, 0x65, 0xff, 0x40, 0x4f, 0x75, 0xff,
    0x2d, 0x41, 0x8b, 0xff, 0x64, 0x7d, 0xe4, 0xff, 0x67, 0x7f, 0xfd, 0xff, 0x49, 0x61, 0xf1, 0xff,
    0x3f, 0x58, 0xfa, 0xff, 0x39, 0x51, 0xfc, 0xff, 0x34, 0x4a, 0xfb, 0xff, 0x32, 0x48, 0xf8, 0xff,
    0x30, 0x49, 0xf8, 0xff, 0x2c, 0x45, 0xf5, 0xff, 0x34, 0x4b, 0xf9, 0xff, 0x32, 0x4a, 0xf5, 0xff,
    0x24, 0x3d, 0xe6, 0xff, 0x23, 0x3a, 0xe8, 0xff, 0x24, 0x3a, 0xf3, 0xff, 0x23, 0x35, 0xf8, 0xff,
    0x25, 0x37, 0xfc, 0xff, 0x25, 0x38, 0xf9, 0xff, 0x25, 0x3c, 0xf1, 0xff, 0x25, 0x40, 0xf2, 0xff,
    0x28, 0x41, 0xf7, 0xff, 0x29, 0x40, 0xf5, 0xff, 0x2f, 0x46, 0xef, 0xff, 0x28, 0x41, 0xe3, 0xff,
    0x39, 0x51, 0xf1, 0xff, 0x2c, 0x41, 0xe9, 0xff, 0x37, 0x47, 0xfd, 0xff, 0x25, 0x34, 0xee, 0xff,
    0x2e, 0x3c, 0xf2, 0xff, 0x35, 0x42, 0xf4, 0xff, 0x3b, 0x43, 0xf6, 0xff, 0x41, 0x45, 0xf1, 0xfe,
    0x40, 0x3e, 0xe0, 0xfb, 0x71, 0x6c, 0xff, 0xff, 0x85, 0x7d, 0xff, 0x4f, 0x58, 0x56, 0xcf, 0x00,
    0xa5, 0xab, 0xff, 0x03, 0x5e, 0x68, 0xb0, 0x00, 0x00, 0x00, 0x00, 0x00, 0x00, 0x00, 0x00, 0x00,
    0x00, 0x00, 0x00, 0x00, 0x00, 0x00, 0x00, 0x00, 0x00, 0x00, 0x00, 0x00, 0x00, 0x00, 0x00, 0x00,
    0x00, 0x00, 0x00, 0x00, 0x00, 0x00, 0x00, 0x00, 0x00, 0x00, 0x00, 0x00, 0x00, 0x00, 0x00, 0x00,
    0x00, 0x00, 0x00, 0x00, 0x00, 0x00, 0x00, 0x00, 0x00, 0x00, 0x00, 0x00, 0x00, 0x00, 0x00, 0x00,
    0x00, 0x00, 0x00, 0x00, 0x00, 0x00, 0x00, 0x00, 0x52, 0x51, 0x52, 0x00, 0x52, 0x51, 0x52, 0x00,
    0x52, 0x51, 0x52, 0x00, 0x52, 0x51, 0x52, 0x00, 0x52, 0x51, 0x53, 0x00, 0x72, 0x71, 0x74, 0x04,
    0x4f, 0x4e, 0x51, 0x00, 0x5b, 0x5a, 0x5c, 0x50, 0x6c, 0x6b, 0x6e, 0xfb, 0x71, 0x70, 0x73, 0xfd,
    0x73, 0x72, 0x75, 0xfe, 0x72, 0x71, 0x74, 0xff, 0x72, 0x6e, 0x73, 0xff, 0x72, 0x6e, 0x73, 0xff,
    0x72, 0x6e, 0x73, 0xff, 0x71, 0x6d, 0x72, 0xff, 0x72, 0x6e, 0x73, 0xff, 0x71, 0x6d, 0x72, 0xff,
    0x71, 0x6d, 0x72, 0xff, 0x6f, 0x6b, 0x71, 0xff, 0x6b, 0x67, 0x6c, 0xff, 0x6b, 0x67, 0x6c, 0xff,
    0x6b, 0x67, 0x6c, 0xff, 0x6b, 0x67, 0x6c, 0xff, 0x66, 0x62, 0x67, 0xff, 0x66, 0x62, 0x67, 0xff,
    0x66, 0x62, 0x67, 0xff, 0x64, 0x60, 0x65, 0xff, 0x64, 0x60, 0x65, 0xff, 0x64, 0x60, 0x65, 0xff,
    0x64, 0x60, 0x65, 0xff, 0x63, 0x5f, 0x64, 0xff, 0x5f, 0x5d, 0x64, 0xff, 0x5d, 0x58, 0x67, 0xff,
    0x5f, 0x54, 0x6f, 0xff, 0x5d, 0x51, 0x6e, 0xff, 0x58, 0x52, 0x65, 0xff, 0x51, 0x51, 0x66, 0xff,
    0x47, 0x51, 0x6a, 0xff, 0x39, 0x4a, 0x7e, 0xff, 0x38, 0x4e, 0xb1, 0xff, 0x5b, 0x74, 0xf4, 0xff,
    0x55, 0x6a, 0xfd, 0xff, 0x3f, 0x53, 0xf6, 0xff, 0x38, 0x4a, 0xfb, 0xff, 0x30, 0x45, 0xfc, 0xff,
    0x2a, 0x3f, 0xf9, 0xff, 0x29, 0x3f, 0xf6, 0xff, 0x33, 0x48, 0xfb, 0xff, 0x28, 0x3f, 0xe8, 0xff,
    0x32, 0x47, 0xe0, 0xff, 0x3c, 0x52, 0xe2, 0xff, 0x38, 0x4d, 0xd9, 0xff, 0x29, 0x3d, 0xd3, 0xff,
    0x38, 0x49, 0xf5, 0xff, 0x2a, 0x3a, 0xf7, 0xff, 0x24, 0x36, 0xfb, 0xff, 0x24, 0x36, 0xf9, 0xff,
    0x24, 0x3a, 0xf1, 0xff, 0x27, 0x3d, 0xef, 0xff, 0x2a, 0x3c, 0xf4, 0xff, 0x2c, 0x3f, 0xed, 0xff,
    0x32, 0x45, 0xdf, 0xff, 0x2e, 0x41, 0xcd, 0xff, 0x3c, 0x4a, 0xd1, 0xff, 0x2c, 0x37, 0xc7, 0xff,
    0x2a, 0x32, 0xdd, 0xff, 0x29, 0x31, 0xeb, 0xff, 0x28, 0x33, 0xea, 0xff, 0x2f, 0x38, 0xef, 0xff,
    0x3c, 0x3b, 0xf3, 0xff, 0x45, 0x3e, 0xf5, 0xff, 0x47, 0x3a, 0xed, 0xfc, 0x5c, 0x4e, 0xf9, 0xff,
    0x7a, 0x72, 0xff, 0xc2, 0x94, 0x91, 0xff, 0x07, 0x4c, 0x50, 0xc4, 0x00, 0x46, 0x4e, 0xb7, 0x00,
    0x00, 0x00, 0x00, 0x00, 0x00, 0x00, 0x00, 0x00, 0x00, 0x00, 0x00, 0x00, 0x00, 0x00, 0x00, 0x00,
    0x00, 0x00, 0x00, 0x00, 0x00, 0x00, 0x00, 0x00, 0x00, 0x00, 0x00, 0x00, 0x00, 0x00, 0x00, 0x00,
    0x00, 0x00, 0x00, 0x00, 0x00, 0x00, 0x00, 0x00, 0x00, 0x00, 0x00, 0x00, 0x00, 0x00, 0x00, 0x00,
    0x00, 0x00, 0x00, 0x00, 0x00, 0x00, 0x00, 0x00, 0x00, 0x00, 0x00, 0x00, 0x00, 0x00, 0x00, 0x00,
    0x52, 0x51, 0x52, 0x00, 0x52, 0x51, 0x52, 0x00, 0x52, 0x51, 0x52, 0x00, 0x52, 0x51, 0x52, 0x00,
    0x50, 0x50, 0x52, 0x00, 0x57, 0x57, 0x59, 0x03, 0x4d, 0x4c, 0x4e, 0x00, 0x6b, 0x6a, 0x6d, 0x2c,
    0x64, 0x63, 0x66, 0xe8, 0x6f, 0x6e, 0x70, 0xff, 0x73, 0x72, 0x75, 0xfe, 0x72, 0x71, 0x74, 0xff,
    0x72, 0x6e, 0x73, 0xff, 0x72, 0x6e, 0x73, 0xff, 0x72, 0x6e, 0x73, 0xff, 0x71, 0x6d, 0x72, 0xff,
    0x72, 0x6e, 0x73, 0xff, 0x71, 0x6d, 0x72, 0xff, 0x71, 0x6d, 0x72, 0xff, 0x6f, 0x6b, 0x71, 0xff,
    0x6b, 0x67, 0x6c, 0xff, 0x6b, 0x67, 0x6c, 0xff, 0x6b, 0x67, 0x6c, 0xff, 0x6b, 0x67, 0x6c, 0xff,
    0x66, 0x62, 0x67, 0xff, 0x66, 0x62, 0x67, 0xff, 0x66, 0x62, 0x67, 0xff, 0x64, 0x60, 0x65, 0xff,
    0x64, 0x60, 0x65, 0xff, 0x63, 0x5f, 0x64, 0xff, 0x63, 0x5f, 0x64, 0xff, 0x63, 0x5f, 0x64, 0xff,
    0x5e, 0x5d, 0x62, 0xff, 0x5c, 0x58, 0x64, 0xff, 0x5e, 0x54, 0x6a, 0xff, 0x5c, 0x50, 0x6b, 0xff,
    0x58, 0x51, 0x67, 0xff, 0x51, 0x50, 0x69, 0xff, 0x47, 0x4c, 0x74, 0xff, 0x39, 0x44, 0x89, 0xff,
    0x4b, 0x5b, 0xce, 0xff, 0x54, 0x66, 0xfa, 0xff, 0x47, 0x57, 0xfa, 0xff, 0x35, 0x45, 0xf6, 0xff,
    0x30, 0x3d, 0xfc, 0xff, 0x2b, 0x3b, 0xfe, 0xff, 0x26, 0x38, 0xfd, 0xff, 0x26, 0x3a, 0xf9, 0xff,
    0x25, 0x39, 0xe9, 0xff, 0x30, 0x43, 0xdb, 0xff, 0x4a, 0x59, 0xcf, 0xff, 0xad, 0xba, 0xff, 0xff,
    0xc5, 0xd3, 0xff, 0xff, 0x5f, 0x6e, 0xd0, 0xff, 0x26, 0x34, 0xbb, 0xff, 0x39, 0x4a, 0xeb, 0xff,
    0x26, 0x3b, 0xf0, 0xff, 0x24, 0x38, 0xf6, 0xff, 0x28, 0x38, 0xf5, 0xff, 0x2c, 0x39, 0xf1, 0xff,
    0x39, 0x42, 0xf2, 0xff, 0x3a, 0x43, 0xe1, 0xff, 0x3c, 0x47, 0xc7, 0xff, 0x90, 0x9a, 0xff, 0xff,
    0xc6, 0xce, 0xff, 0xff, 0x82, 0x84, 0xe8, 0xff, 0x33, 0x34, 0xc6, 0xff, 0x2f, 0x2f, 0xdc, 0xff,
    0x2b, 0x30, 0xe5, 0xff, 0x2b, 0x31, 0xeb, 0xff, 0x30, 0x31, 0xec, 0xff, 0x39, 0x35, 0xf0, 0xff,
    0x4a, 0x3c, 0xfb, 0xff, 0x4b, 0x3a, 0xf3, 0xfd, 0x4e, 0x42, 0xee, 0xff, 0x66, 0x5e, 0xfc, 0x4a,
    0x51, 0x4f, 0xdc, 0x00, 0x67, 0x68, 0xec, 0x03, 0x00, 0x00, 0x00, 0x00, 0x00, 0x00, 0x00, 0x00,
    0x00, 0x00, 0x00, 0x00, 0x00, 0x00, 0x00, 0x00, 0x00, 0x00, 0x00, 0x00, 0x00, 0x00, 0x00, 0x00,
    0x00, 0x00, 0x00, 0x00, 0x00, 0x00, 0x00, 0x00, 0x00, 0x00, 0x00, 0x00, 0x00, 0x00, 0x00, 0x00,
    0x00, 0x00, 0x00, 0x00, 0x00, 0x00, 0x00, 0x00, 0x00, 0x00, 0x00, 0x00, 0x00, 0x00, 0x00, 0x00,
    0x00, 0x00, 0x00, 0x00, 0x00, 0x00, 0x00, 0x00, 0x52, 0x51, 0x52, 0x00, 0x52, 0x51, 0x52, 0x00,
    0x52, 0x51, 0x52, 0x00, 0x52, 0x51, 0x52, 0x00, 0x53, 0x52, 0x54, 0x00, 0x07, 0x06, 0x09, 0x01,
    0x05, 0x04, 0x06, 0x01, 0xf6, 0xf5, 0xf7, 0x02, 0x5e, 0x5d, 0x60, 0xc8, 0x6c, 0x6b, 0x6e, 0xff,
    0x71, 0x70, 0x73, 0xfc, 0x72, 0x71, 0x74, 0xff, 0x72, 0x6e, 0x73, 0xff, 0x72, 0x6e, 0x73, 0xff,
    0x71, 0x6d, 0x72, 0xff, 0x71, 0x6d, 0x72, 0xff, 0x6f, 0x6b, 0x71, 0xff, 0x6f, 0x6b, 0x71, 0xff,
    0x6e, 0x6a, 0x6f, 0xff, 0x6e, 0x6a, 0x6f, 0xff, 0x6a, 0x66, 0x6b, 0xff, 0x6a, 0x66, 0x6b, 0xff,
    0x6a, 0x66, 0x6b, 0xff, 0x6a, 0x66, 0x6b, 0xff, 0x65, 0x61, 0x66, 0xff, 0x65, 0x61, 0x66, 0xff,
    0x65, 0x61, 0x66, 0xff, 0x64, 0x60, 0x65, 0xff, 0x64, 0x60, 0x65, 0xff, 0x63, 0x5f, 0x64, 0xff,
    0x63, 0x5f, 0x64, 0xff, 0x61, 0x5f, 0x64, 0xff, 0x5a, 0x5b, 0x5f, 0xff, 0x5a, 0x56, 0x60, 0xff,
    0x5c, 0x53, 0x66, 0xff, 0x5b, 0x50, 0x68, 0xff, 0x57, 0x4f, 0x67, 0xff, 0x4d, 0x4a, 0x6d, 0xff,
    0x44, 0x46, 0x7c, 0xff, 0x38, 0x3c, 0x94, 0xff, 0x53, 0x5d, 0xe2, 0xff, 0x3b, 0x48, 0xec, 0xff,
    0x3d, 0x47, 0xfa, 0xff, 0x30, 0x38, 0xf9, 0xff, 0x2c, 0x36, 0xff, 0xff, 0x2a, 0x35, 0xff, 0xff,
    0x26, 0x35, 0xff, 0xff, 0x24, 0x36, 0xf9, 0xff, 0x2a, 0x3a, 0xf0, 0xff, 0x41, 0x52, 0xe3, 0xff,
    0xa2, 0xae, 0xff, 0xff, 0xda, 0xe3, 0xff, 0xff, 0xde, 0xe5, 0xff, 0xff, 0xca, 0xd1, 0xff, 0xff,
    0x65, 0x6f, 0xd2, 0xff, 0x2b, 0x3a, 0xbe, 0xff, 0x2e, 0x40, 0xe3, 0xff, 0x2a, 0x3a, 0xf0, 0xff,
    0x30, 0x39, 0xf0, 0xff, 0x36, 0x3b, 0xea, 0xff, 0x3e, 0x40, 0xdd, 0xff, 0x40, 0x41, 0xc5, 0xff,
    0x96, 0x9c, 0xfd, 0xff, 0xdf, 0xe8, 0xff, 0xff, 0xdb, 0xdf, 0xff, 0xff, 0xd2, 0xd1, 0xff, 0xff,
    0x79, 0x76, 0xf8, 0xff, 0x33, 0x32, 0xd6, 0xff, 0x29, 0x2d, 0xe0, 0xff, 0x28, 0x2b, 0xe7, 0xff,
    0x2c, 0x2c, 0xe9, 0xff, 0x32, 0x2c, 0xee, 0xff, 0x3e, 0x2f, 0xf7, 0xff, 0x4a, 0x3a, 0xfe, 0xfc,
    0x4a, 0x3e, 0xf8, 0xff, 0x47, 0x3d, 0xee, 0xa6, 0x53, 0x4d, 0xf2, 0x00, 0x73, 0x70, 0xff, 0x02,
    0x00, 0x00, 0x00, 0x00, 0x00, 0x00, 0x00, 0x00, 0x00, 0x00, 0x00, 0x00, 0x00, 0x00, 0x00, 0x00,
    0x00, 0x00, 0x00, 0x00, 0x00, 0x00, 0x00, 0x00, 0x00, 0x00, 0x00, 0x00, 0x00, 0x00, 0x00, 0x00,
    0x00, 0x00, 0x00, 0x00, 0x00, 0x00, 0x00, 0x00, 0x00, 0x00, 0x00, 0x00, 0x00, 0x00, 0x00, 0x00,
    0x00, 0x00, 0x00, 0x00, 0x00, 0x00, 0x00, 0x00, 0x00, 0x00, 0x00, 0x00, 0x00, 0x00, 0x00, 0x00,
    0x52, 0x51, 0x52, 0x00, 0x52, 0x51, 0x52, 0x00, 0x52, 0x51, 0x52, 0x00, 0x52, 0x51, 0x52, 0x00,
    0x50, 0x50, 0x52, 0x00, 0x52, 0x51, 0x53, 0x00, 0x58, 0x58, 0x5a, 0x03, 0x4e, 0x4d, 0x50, 0x00,
    0x5e, 0x5d, 0x60, 0x84, 0x5d, 0x5c, 0x5f, 0xff, 0x6b, 0x6a, 0x6d, 0xfc, 0x66, 0x66, 0x68, 0xff,
    0x69, 0x67, 0x6c, 0xff, 0x69, 0x67, 0x6c, 0xff, 0x68, 0x66, 0x6b, 0xff, 0x68, 0x66, 0x6b, 0xff,
    0x68, 0x64, 0x6a, 0xff, 0x68, 0x64, 0x6a, 0xff, 0x67, 0x63, 0x68, 0xff, 0x67, 0x63, 0x68, 0xff,
    0x63, 0x5f, 0x64, 0xff, 0x63, 0x5f, 0x64, 0xff, 0x63, 0x5f, 0x64, 0xff, 0x63, 0x5f, 0x64, 0xff,
    0x5e, 0x5a, 0x5f, 0xff, 0x5e, 0x5a, 0x5f, 0xff, 0x5e, 0x5a, 0x5f, 0xff, 0x5e, 0x5a, 0x5f, 0xff,
    0x5e, 0x59, 0x61, 0xff, 0x5e, 0x59, 0x61, 0xff, 0x5e, 0x59, 0x61, 0xff, 0x5c, 0x5a, 0x5f, 0xff,
    0x59, 0x5a, 0x5c, 0xff, 0x56, 0x57, 0x5c, 0xff, 0x5b, 0x53, 0x62, 0xff, 0x59, 0x50, 0x66, 0xff,
    0x54, 0x4e, 0x68, 0xff, 0x49, 0x44, 0x6e, 0xff, 0x43, 0x3f, 0x86, 0xff, 0x4d, 0x4b, 0xb6, 0xff,
    0x4c, 0x50, 0xe6, 0xff, 0x3d, 0x45, 0xf7, 0xff, 0x37, 0x3d, 0xfd, 0xff, 0x30, 0x35, 0xff, 0xff,
    0x2b, 0x2f, 0xff, 0xff, 0x26, 0x2e, 0xff, 0xff, 0x1f, 0x2d, 0xfe, 0xff, 0x21, 0x2f, 0xfa, 0xff,
    0x1e, 0x28, 0xe8, 0xff, 0x4b, 0x55, 0xec, 0xff, 0xc8, 0xd4, 0xff, 0xff, 0xdb, 0xe2, 0xff, 0xff,
    0xe0, 0xde, 0xff, 0xff, 0xe1, 0xdf, 0xff, 0xff, 0xc3, 0xca, 0xff, 0xff, 0x5d, 0x67, 0xca, 0xff,
    0x29, 0x34, 0xc2, 0xff, 0x34, 0x3c, 0xe1, 0xff, 0x35, 0x35, 0xde, 0xff, 0x43, 0x3f, 0xd8, 0xff,
    0x45, 0x42, 0xbe, 0xff, 0x9f, 0xa0, 0xfb, 0xff, 0xe4, 0xea, 0xff, 0xff, 0xd7, 0xdf, 0xff, 0xff,
    0xcc, 0xd1, 0xf9, 0xff, 0xd2, 0xd3, 0xff, 0xff, 0x95, 0x93, 0xff, 0xff, 0x21, 0x20, 0xc4, 0xff,
    0x27, 0x29, 0xdf, 0xff, 0x25, 0x27, 0xe6, 0xff, 0x27, 0x25, 0xe9, 0xff, 0x2a, 0x24, 0xed, 0xff,
    0x2f, 0x22, 0xf1, 0xff, 0x36, 0x28, 0xf5, 0xfd, 0x3d, 0x30, 0xf8, 0xff, 0x44, 0x3a, 0xfb, 0xe0,
    0x3f, 0x37, 0xf1, 0x18, 0x48, 0x40, 0xf8, 0x00, 0x00, 0x00, 0x00, 0x00, 0x00, 0x00, 0x00, 0x00,
    0x00, 0x00, 0x00, 0x00, 0x00, 0x00, 0x00, 0x00, 0x00, 0x00, 0x00, 0x00, 0x00, 0x00, 0x00, 0x00,
    0x00, 0x00, 0x00, 0x00, 0x00, 0x00, 0x00, 0x00, 0x00, 0x00, 0x00, 0x00, 0x00, 0x00, 0x00, 0x00,
    0x00, 0x00, 0x00, 0x00, 0x00, 0x00, 0x00, 0x00, 0x00, 0x00, 0x00, 0x00, 0x00, 0x00, 0x00, 0x00,
    0x00, 0x00, 0x00, 0x00, 0x00, 0x00, 0x00, 0x00, 0x52, 0x51, 0x52, 0x00, 0x52, 0x51, 0x52, 0x00,
    0x52, 0x51, 0x52, 0x00, 0x52, 0x51, 0x52, 0x00, 0x4e, 0x4d, 0x50, 0x00, 0x52, 0x51, 0x53, 0x00,
    0x05, 0x04, 0x06, 0x02, 0x55, 0x54, 0x57, 0x00, 0x62, 0x61, 0x63, 0x30, 0x5a, 0x59, 0x5b, 0xf9,
    0x65, 0x64, 0x67, 0xfe, 0x63, 0x62, 0x65, 0xfe, 0x69, 0x67, 0x6c, 0xff, 0x69, 0x67, 0x6c, 0xff,
    0x68, 0x66, 0x6b, 0xff, 0x68, 0x66, 0x6b, 0xff, 0x68, 0x64, 0x6a, 0xff, 0x68, 0x64, 0x6a, 0xff,
    0x67, 0x63, 0x68, 0xff, 0x67, 0x63, 0x68, 0xff, 0x63, 0x5f, 0x64, 0xff, 0x63, 0x5f, 0x64, 0xff,
    0x63, 0x5f, 0x64, 0xff, 0x63, 0x5f, 0x64, 0xff, 0x5e, 0x5a, 0x5f, 0xff, 0x5e, 0x5a, 0x5f, 0xff,
    0x5e, 0x5a, 0x5f, 0xff, 0x5e, 0x5a, 0x5f, 0xff, 0x5e, 0x59, 0x61, 0xff, 0x5e, 0x59, 0x61, 0xff,
    0x5e, 0x59, 0x61, 0xff, 0x5c, 0x5a, 0x5f, 0xff, 0x58, 0x5a, 0x5a, 0xff, 0x55, 0x57, 0x59, 0xff,
    0x59, 0x54, 0x5e, 0xff, 0x58, 0x4f, 0x63, 0xff, 0x54, 0x4d, 0x69, 0xff, 0x48, 0x41, 0x72, 0xff,
    0x43, 0x3a, 0x90, 0xff, 0x4b, 0x46, 0xc0, 0xff, 0x44, 0x47, 0xe8, 0xff, 0x39, 0x3c, 0xf6, 0xff,
    0x32, 0x34, 0xf9, 0xff, 0x2e, 0x2e, 0xfe, 0xff, 0x29, 0x2a, 0xff, 0xff, 0x24, 0x2a, 0xff, 0xff,
    0x1c, 0x2a, 0xf9, 0xff, 0x1e, 0x2b, 0xf6, 0xff, 0x25, 0x2e, 0xf2, 0xff, 0x2c, 0x31, 0xd2, 0xff,
    0x60, 0x66, 0xc7, 0xff, 0xd6, 0xdc, 0xff, 0xff, 0xeb, 0xe7, 0xff, 0xff, 0xdf, 0xdb, 0xff, 0xff,
    0xe2, 0xe3, 0xff, 0xff, 0xcc, 0xd2, 0xff, 0xff, 0x64, 0x67, 0xd6, 0xff, 0x46, 0x47, 0xcb, 0xff,
    0x3d, 0x39, 0xc0, 0xff, 0x48, 0x41, 0xbb, 0xff, 0xa3, 0xa0, 0xfa, 0xff, 0xdc, 0xde, 0xff, 0xff,
    0xdb, 0xde, 0xff, 0xff, 0xd2, 0xd9, 0xfa, 0xff, 0xd7, 0xdf, 0xff, 0xff, 0xaa, 0xb2, 0xff, 0xff,
    0x3f, 0x43, 0xcb, 0xff, 0x21, 0x23, 0xcb, 0xff, 0x24, 0x28, 0xe0, 0xff, 0x22, 0x24, 0xe8, 0xff,
    0x24, 0x22, 0xeb, 0xff, 0x28, 0x20, 0xee, 0xff, 0x2a, 0x1f, 0xf0, 0xff, 0x2c, 0x21, 0xf2, 0xfe,
    0x2f, 0x24, 0xf3, 0xfe, 0x32, 0x28, 0xf5, 0xf9, 0x37, 0x2e, 0xf8, 0x4d, 0x41, 0x39, 0xff, 0x00,
    0x00, 0x00, 0x00, 0x00, 0x00, 0x00, 0x00, 0x00, 0x00, 0x00, 0x00, 0x00, 0x00, 0x00, 0x00, 0x00,
    0x00, 0x00, 0x00, 0x00, 0x00, 0x00, 0x00, 0x00, 0x00, 0x00, 0x00, 0x00, 0x00, 0x00, 0x00, 0x00,
    0x00, 0x00, 0x00, 0x00, 0x00, 0x00, 0x00, 0x00, 0x00, 0x00, 0x00, 0x00, 0x00, 0x00, 0x00, 0x00,
    0x00, 0x00, 0x00, 0x00, 0x00, 0x00, 0x00, 0x00, 0x00, 0x00, 0x00, 0x00, 0x00, 0x00, 0x00, 0x00,
    0x52, 0x51, 0x52, 0x00, 0x52, 0x51, 0x52, 0x00, 0x52, 0x51, 0x52, 0x00, 0x52, 0x51, 0x52, 0x00,
    0x53, 0x52, 0x54, 0x00, 0x4f, 0x4e, 0x51, 0x00, 0x54, 0x53, 0x55, 0x00, 0x02, 0x02, 0x04, 0x01,
    0x66, 0x66, 0x68, 0x00, 0x55, 0x54, 0x57, 0xa8, 0x5b, 0x5a, 0x5c, 0xff, 0x5e, 0x5d, 0x60, 0xfb,
    0x69, 0x67, 0x6c, 0xff, 0x69, 0x67, 0x6c, 0xff, 0x68, 0x66, 0x6b, 0xff, 0x68, 0x66, 0x6b, 0xff,
    0x66, 0x65, 0x6a, 0xff, 0x66, 0x65, 0x6a, 0xff, 0x65, 0x64, 0x68, 0xff, 0x65, 0x64, 0x68, 0xff,
    0x61, 0x5f, 0x64, 0xff, 0x61, 0x5f, 0x64, 0xff, 0x61, 0x5f, 0x64, 0xff, 0x61, 0x5f, 0x64, 0xff,
    0x5c, 0x5a, 0x5f, 0xff, 0x5c, 0x5a, 0x5f, 0xff, 0x5c, 0x5a, 0x5f, 0xff, 0x5c, 0x5a, 0x5f, 0xff,
    0x5c, 0x5a, 0x61, 0xff, 0x5c, 0x5a, 0x61, 0xff, 0x5c, 0x5a, 0x61, 0xff, 0x5c, 0x5a, 0x5f, 0xff,
    0x56, 0x5a, 0x5a, 0xff, 0x53, 0x58, 0x57, 0xff, 0x57, 0x55, 0x5c, 0xff, 0x56, 0x50, 0x61, 0xff,
    0x52, 0x4d, 0x69, 0xff, 0x46, 0x3f, 0x77, 0xff, 0x44, 0x38, 0x99, 0xff, 0x4b, 0x42, 0xc8, 0xff,
    0x3f, 0x3f, 0xe5, 0xff, 0x33, 0x35, 0xf2, 0xff, 0x2b, 0x2c, 0xf4, 0xff, 0x29, 0x2a, 0xf9, 0xff,
    0x26, 0x27, 0xfb, 0xff, 0x22, 0x29, 0xf9, 0xff, 0x1b, 0x2b, 0xf5, 0xff, 0x1d, 0x2c, 0xf2, 0xff,
    0x2d, 0x33, 0xf8, 0xff, 0x30, 0x31, 0xe5, 0xff, 0x25, 0x24, 0xb4, 0xff, 0x6a, 0x6b, 0xd6, 0xff,
    0xd3, 0xd5, 0xff, 0xff, 0xe3, 0xe2, 0xff, 0xff, 0xdd, 0xd9, 0xff, 0xff, 0xea, 0xe6, 0xff, 0xff,
    0xd4, 0xd3, 0xff, 0xff, 0x6d, 0x6b, 0xbb, 0xff, 0x4e, 0x4a, 0xa1, 0xff, 0xa3, 0x9f, 0xed, 0xff,
    0xe8, 0xea, 0xff, 0xff, 0xd9, 0xdd, 0xff, 0xff, 0xd4, 0xd6, 0xff, 0xff, 0xd5, 0xd8, 0xff, 0xff,
    0xb1, 0xbc, 0xff, 0xff, 0x3b, 0x48, 0xc3, 0xff, 0x10, 0x1a, 0xb8, 0xff, 0x22, 0x29, 0xde, 0xff,
    0x1f, 0x25, 0xe3, 0xff, 0x22, 0x23, 0xe9, 0xff, 0x24, 0x21, 0xee, 0xff, 0x26, 0x1f, 0xf0, 0xff,
    0x28, 0x20, 0xee, 0xff, 0x28, 0x21, 0xec, 0xff, 0x28, 0x20, 0xee, 0xfa, 0x2a, 0x22, 0xf0, 0xff,
    0x2f, 0x26, 0xf7, 0x77, 0x3d, 0x34, 0xff, 0x00, 0x00, 0x00, 0x00, 0x00, 0x00, 0x00, 0x00, 0x00,
    0x00, 0x00, 0x00, 0x00, 0x00, 0x00, 0x00, 0x00, 0x00, 0x00, 0x00, 0x00, 0x00, 0x00, 0x00, 0x00,
    0x00, 0x00, 0x00, 0x00, 0x00, 0x00, 0x00, 0x00, 0x00, 0x00, 0x00, 0x00, 0x00, 0x00, 0x00, 0x00,
    0x00, 0x00, 0x00, 0x00, 0x00, 0x00, 0x00, 0x00, 0x00, 0x00, 0x00, 0x00, 0x00, 0x00, 0x00, 0x00,
    0x00, 0x00, 0x00, 0x00, 0x00, 0x00, 0x00, 0x00, 0x52, 0x51, 0x52, 0x00, 0x52, 0x51, 0x52, 0x00,
    0x52, 0x51, 0x52, 0x00, 0x52, 0x51, 0x52, 0x00, 0x4b, 0x4a, 0x4c, 0x00, 0x4f, 0x4e, 0x51, 0x00,
    0x4f, 0x4e, 0x51, 0x00, 0x5f, 0x5f, 0x61, 0x03, 0x6a, 0x69, 0x6c, 0x00, 0x50, 0x50, 0x52, 0x35,
    0x55, 0x54, 0x57, 0xf2, 0x5b, 0x5a, 0x5c, 0xfd, 0x69, 0x67, 0x6c, 0xfd, 0x69, 0x67, 0x6c, 0xff,
    0x68, 0x66, 0x6b, 0xff, 0x68, 0x66, 0x6b, 0xff, 0x66, 0x65, 0x6a, 0xff, 0x66, 0x65, 0x6a, 0xff,
    0x65, 0x64, 0x68, 0xff, 0x65, 0x64, 0x68, 0xff, 0x5f, 0x5e, 0x63, 0xff, 0x5f, 0x5e, 0x63, 0xff,
    0x5f, 0x5e, 0x63, 0xff, 0x5f, 0x5e, 0x63, 0xff, 0x5b, 0x59, 0x5e, 0xff, 0x5b, 0x59, 0x5e, 0xff,
    0x5b, 0x59, 0x5e, 0xff, 0x5b, 0x59, 0x5e, 0xff, 0x5b, 0x58, 0x60, 0xff, 0x5b, 0x58, 0x60, 0xff,
    0x5b, 0x58, 0x60, 0xff, 0x59, 0x5a, 0x5e, 0xff, 0x54, 0x58, 0x5a, 0xff, 0x52, 0x56, 0x58, 0xff,
    0x56, 0x55, 0x59, 0xff, 0x55, 0x50, 0x5f, 0xff, 0x52, 0x4c, 0x6b, 0xff, 0x45, 0x3c, 0x79, 0xff,
    0x42, 0x34, 0xa1, 0xff, 0x4a, 0x3c, 0xd0, 0xff, 0x39, 0x36, 0xe6, 0xff, 0x2d, 0x2d, 0xf1, 0xff,
    0x29, 0x29, 0xf3, 0xff, 0x27, 0x27, 0xf7, 0xff, 0x27, 0x27, 0xf8, 0xff, 0x23, 0x27, 0xf8, 0xff,
    0x1f, 0x2a, 0xf5, 0xff, 0x21, 0x2a, 0xf3, 0xff, 0x27, 0x28, 0xf5, 0xff, 0x23, 0x23, 0xe6, 0xff,
    0x2b, 0x2a, 0xdc, 0xff, 0x24, 0x25, 0xb6, 0xff, 0x61, 0x64, 0xc7, 0xff, 0xc9, 0xcb, 0xff, 0xff,
    0xdf, 0xde, 0xff, 0xff, 0xe2, 0xdf, 0xff, 0xff, 0xe1, 0xe2, 0xff, 0xff, 0xda, 0xda, 0xff, 0xff,
    0xc9, 0xc4, 0xf4, 0xff, 0xe8, 0xe4, 0xff, 0xff, 0xde, 0xe0, 0xff, 0xff, 0xd4, 0xd7, 0xfd, 0xff,
    0xd7, 0xd8, 0xff, 0xff, 0xc1, 0xc2, 0xff, 0xff, 0x2b, 0x31, 0xad, 0xff, 0x1b, 0x22, 0xbc, 0xff,
    0x26, 0x2c, 0xdf, 0xff, 0x1a, 0x20, 0xe0, 0xff, 0x1d, 0x22, 0xe5, 0xff, 0x1f, 0x20, 0xe8, 0xff,
    0x23, 0x1f, 0xee, 0xff, 0x25, 0x1e, 0xee, 0xff, 0x25, 0x1f, 0xed, 0xff, 0x25, 0x1f, 0xed, 0xff,
    0x26, 0x20, 0xee, 0xfa, 0x26, 0x1f, 0xf0, 0xff, 0x28, 0x21, 0xf3, 0x9d, 0x3a, 0x32, 0xff, 0x00,
    0x00, 0x00, 0x00, 0x00, 0x00, 0x00, 0x00, 0x00, 0x00, 0x00, 0x00, 0x00, 0x00, 0x00, 0x00, 0x00,
    0x00, 0x00, 0x00, 0x00, 0x00, 0x00, 0x00, 0x00, 0x00, 0x00, 0x00, 0x00, 0x00, 0x00, 0x00, 0x00,
    0x00, 0x00, 0x00, 0x00, 0x00, 0x00, 0x00, 0x00, 0x00, 0x00, 0x00, 0x00, 0x00, 0x00, 0x00, 0x00,
    0x00, 0x00, 0x00, 0x00, 0x00, 0x00, 0x00, 0x00, 0x00, 0x00, 0x00, 0x00, 0x00, 0x00, 0x00, 0x00,
    0x00, 0x00, 0x00, 0x00, 0x00, 0x00, 0x00, 0x00, 0x00, 0x00, 0x00, 0x00, 0x00, 0x00, 0x00, 0x00,
    0x00, 0x00, 0x02, 0x00, 0x00, 0x00, 0x02, 0x00, 0x00, 0x00, 0x02, 0x00, 0x00, 0x00, 0x02, 0x00,
    0x07, 0x06, 0x09, 0x03, 0x4e, 0x4d, 0x50, 0x00, 0x4b, 0x4a, 0x4c, 0x81, 0x45, 0x44, 0x46, 0xff,
    0x5c, 0x5a, 0x5f, 0xf9, 0x65, 0x64, 0x68, 0xff, 0x65, 0x64, 0x68, 0xff, 0x63, 0x61, 0x66, 0xff,
    0x68, 0x66, 0x6b, 0xff, 0x65, 0x64, 0x68, 0xff, 0x62, 0x60, 0x65, 0xff, 0x5e, 0x5d, 0x62, 0xff,
    0x5f, 0x5d, 0x64, 0xff, 0x5f, 0x5d, 0x64, 0xff, 0x5f, 0x5d, 0x64, 0xff, 0x5f, 0x5d, 0x64, 0xff,
    0x5b, 0x58, 0x60, 0xff, 0x5b, 0x58, 0x60, 0xff, 0x5b, 0x58, 0x60, 0xff, 0x5b, 0x58, 0x60, 0xff,
    0x5a, 0x57, 0x5e, 0xff, 0x5a, 0x57, 0x5e, 0xff, 0x5a, 0x57, 0x5e, 0xff, 0x56, 0x56, 0x5d, 0xff,
    0x51, 0x55, 0x5e, 0xff, 0x4f, 0x53, 0x5b, 0xff, 0x53, 0x54, 0x58, 0xff, 0x52, 0x50, 0x5c, 0xff,
    0x49, 0x44, 0x60, 0xff, 0x44, 0x39, 0x7b, 0xff, 0x43, 0x30, 0xac, 0xff, 0x48, 0x37, 0xdb, 0xff,
    0x36, 0x2c, 0xed, 0xff, 0x2b, 0x27, 0xf7, 0xff, 0x29, 0x26, 0xf8, 0xff, 0x29, 0x26, 0xf8, 0xff,
    0x27, 0x26, 0xfa, 0xff, 0x26, 0x25, 0xf9, 0xff, 0x26, 0x25, 0xf7, 0xff, 0x26, 0x23, 0xf7, 0xff,
    0x25, 0x20, 0xf9, 0xff, 0x25, 0x22, 0xf6, 0xff, 0x23, 0x27, 0xed, 0xff, 0x28, 0x2d, 0xdc, 0xff,
    0x1f, 0x25, 0xb4, 0xff, 0x62, 0x67, 0xd1, 0xff, 0xcd, 0xcf, 0xff, 0xff, 0xe0, 0xe3, 0xff, 0xff,
    0xdf, 0xe3, 0xf9, 0xff, 0xe1, 0xe3, 0xf7, 0xff, 0xe7, 0xe2, 0xf7, 0xff, 0xe7, 0xe1, 0xf9, 0xff,
    0xde, 0xdc, 0xf6, 0xff, 0xe1, 0xe1, 0xff, 0xff, 0xbd, 0xbd, 0xff, 0xff, 0x44, 0x40, 0xb7, 0xff,
    0x2e, 0x27, 0xc3, 0xff, 0x28, 0x1f, 0xd4, 0xff, 0x25, 0x1d, 0xdd, 0xff, 0x21, 0x1b, 0xe2, 0xff,
    0x20, 0x1f, 0xe7, 0xff, 0x1e, 0x1e, 0xe9, 0xff, 0x23, 0x1f, 0xee, 0xff, 0x23, 0x1e, 0xf0, 0xff,
    0x23, 0x1e, 0xf0, 0xff, 0x23, 0x1e, 0xf0, 0xff, 0x23, 0x1e, 0xf0, 0xfb, 0x23, 0x1e, 0xf0, 0xff,
    0x26, 0x22, 0xf2, 0xaf, 0x28, 0x25, 0xf3, 0x00, 0x00, 0x00, 0x00, 0x00, 0x00, 0x00, 0x00, 0x00,
    0x00, 0x00, 0x00, 0x00, 0x00, 0x00, 0x00, 0x00, 0x00, 0x00, 0x00, 0x00, 0x00, 0x00, 0x00, 0x00,
    0x00, 0x00, 0x00, 0x00, 0x00, 0x00, 0x00, 0x00, 0x00, 0x00, 0x00, 0x00, 0x00, 0x00, 0x00, 0x00,
    0x00, 0x00, 0x00, 0x00, 0x00, 0x00, 0x00, 0x00, 0x00, 0x00, 0x00, 0x00, 0x00, 0x00, 0x00, 0x00,
    0x00, 0x00, 0x00, 0x00, 0x00, 0x00, 0x00, 0x00, 0x00, 0x00, 0x00, 0x00, 0x00, 0x00, 0x00, 0x00,
    0x00, 0x00, 0x00, 0x00, 0x00, 0x00, 0x00, 0x00, 0x00, 0x00, 0x02, 0x00, 0x00, 0x00, 0x02, 0x00,
    0x00, 0x00, 0x02, 0x00, 0x00, 0x00, 0x02, 0x00, 0x05, 0x04, 0x06, 0x01, 0x03, 0x03, 0x05, 0x01,
    0x78, 0x77, 0x7a, 0x06, 0x49, 0x49, 0x4b, 0xad, 0x4c, 0x4a, 0x4f, 0xff, 0x56, 0x55, 0x59, 0xfb,
    0x5f, 0x5e, 0x63, 0xfd, 0x61, 0x5f, 0x64, 0xff, 0x63, 0x61, 0x66, 0xff, 0x63, 0x61, 0x66, 0xff,
    0x62, 0x60, 0x65, 0xff, 0x5f, 0x5e, 0x63, 0xff, 0x5e, 0x5c, 0x63, 0xff, 0x5e, 0x5c, 0x63, 0xff,
    0x5e, 0x5c, 0x63, 0xff, 0x5e, 0x5c, 0x63, 0xff, 0x5a, 0x57, 0x5e, 0xff, 0x5a, 0x57, 0x5e, 0xff,
    0x5a, 0x57, 0x5e, 0xff, 0x5a, 0x57, 0x5e, 0xff, 0x58, 0x56, 0x5d, 0xff, 0x58, 0x56, 0x5d, 0xff,
    0x58, 0x56, 0x5d, 0xff, 0x56, 0x56, 0x5f, 0xff, 0x50, 0x52, 0x60, 0xff, 0x4e, 0x51, 0x5c, 0xff,
    0x52, 0x52, 0x59, 0xff, 0x51, 0x4f, 0x5b, 0xff, 0x49, 0x44, 0x60, 0xff, 0x41, 0x38, 0x7a, 0xff,
    0x41, 0x30, 0xae, 0xff, 0x47, 0x33, 0xdf, 0xff, 0x35, 0x28, 0xf0, 0xff, 0x2d, 0x25, 0xfa, 0xff,
    0x2b, 0x25, 0xfa, 0xff, 0x29, 0x25, 0xfa, 0xff, 0x29, 0x25, 0xfa, 0xff, 0x28, 0x24, 0xf9, 0xff,
    0x2a, 0x24, 0xf9, 0xff, 0x28, 0x22, 0xf9, 0xff, 0x26, 0x21, 0xfc, 0xff, 0x23, 0x22, 0xf8, 0xff,
    0x21, 0x25, 0xf1, 0xff, 0x24, 0x29, 0xe5, 0xff, 0x22, 0x25, 0xcb, 0xff, 0x1f, 0x22, 0x9f, 0xff,
    0x62, 0x67, 0xaa, 0xff, 0xe1, 0xe4, 0xff, 0xff, 0xdf, 0xe1, 0xf1, 0xff, 0xe3, 0xe3, 0xec, 0xff,
    0xe7, 0xe3, 0xea, 0xff, 0xe5, 0xe1, 0xed, 0xff, 0xd7, 0xd6, 0xed, 0xff, 0xb8, 0xba, 0xeb, 0xff,
    0x4d, 0x4b, 0xad, 0xff, 0x25, 0x22, 0xad, 0xff, 0x2e, 0x1f, 0xd1, 0xff, 0x2a, 0x1a, 0xde, 0xff,
    0x29, 0x1a, 0xe2, 0xff, 0x25, 0x1a, 0xe4, 0xff, 0x21, 0x1d, 0xe6, 0xff, 0x1f, 0x1d, 0xe8, 0xff,
    0x21, 0x1d, 0xed, 0xff, 0x1f, 0x1d, 0xef, 0xff, 0x1f, 0x1c, 0xf0, 0xff, 0x1f, 0x1c, 0xf0, 0xff,
    0x23, 0x1e, 0xf0, 0xfb, 0x23, 0x1f, 0xee, 0xff, 0x2e, 0x2c, 0xf7, 0xba, 0x43, 0x42, 0xff, 0x08,
    0x00, 0x00, 0x00, 0x00, 0x00, 0x00, 0x00, 0x00, 0x00, 0x00, 0x00, 0x00, 0x00, 0x00, 0x00, 0x00,
    0x00, 0x00, 0x00, 0x00, 0x00, 0x00, 0x00, 0x00, 0x00, 0x00, 0x00, 0x00, 0x00, 0x00, 0x00, 0x00,
    0x00, 0x00, 0x00, 0x00, 0x00, 0x00, 0x00, 0x00, 0x00, 0x00, 0x00, 0x00, 0x00, 0x00, 0x00, 0x00,
    0x00, 0x00, 0x00, 0x00, 0x00, 0x00, 0x00, 0x00, 0x00, 0x00, 0x00, 0x00, 0x00, 0x00, 0x00, 0x00,
    0x00, 0x00, 0x00, 0x00, 0x00, 0x00, 0x00, 0x00, 0x00, 0x00, 0x00, 0x00, 0x00, 0x00, 0x00, 0x00,
    0x00, 0x00, 0x02, 0x00, 0x00, 0x00, 0x02, 0x00, 0x00, 0x00, 0x02, 0x00, 0x00, 0x00, 0x02, 0x00,
    0x4f, 0x4e, 0x51, 0x00, 0xff, 0xff, 0xff, 0x01, 0x48, 0x47, 0x4a, 0x00, 0x5f, 0x5f, 0x61, 0x0c,
    0x4b, 0x49, 0x4e, 0xae, 0x46, 0x44, 0x49, 0xff, 0x4f, 0x4e, 0x52, 0xfc, 0x5a, 0x58, 0x5d, 0xfb,
    0x5c, 0x5d, 0x62, 0xfe, 0x5c, 0x5d, 0x62, 0xff, 0x5b, 0x5c, 0x60, 0xff, 0x5b, 0x5c, 0x60, 0xff,
    0x5c, 0x5c, 0x63, 0xff, 0x5c, 0x5c, 0x63, 0xff, 0x5c, 0x5c, 0x63, 0xff, 0x5c, 0x5c, 0x63, 0xff,
    0x58, 0x58, 0x5e, 0xff, 0x58, 0x58, 0x5e, 0xff, 0x58, 0x58, 0x5e, 0xff, 0x58, 0x58, 0x5e, 0xff,
    0x56, 0x56, 0x5d, 0xff, 0x56, 0x56, 0x5d, 0xff, 0x56, 0x56, 0x5d, 0xff, 0x54, 0x56, 0x5f, 0xff,
    0x4e, 0x54, 0x5e, 0xff, 0x4c, 0x51, 0x5c, 0xff, 0x50, 0x52, 0x59, 0xff, 0x51, 0x4f, 0x5b, 0xff,
    0x47, 0x45, 0x5e, 0xff, 0x41, 0x39, 0x78, 0xff, 0x42, 0x33, 0xaa, 0xff, 0x47, 0x36, 0xda, 0xff,
    0x35, 0x29, 0xef, 0xff, 0x2d, 0x25, 0xfa, 0xff, 0x2b, 0x25, 0xfa, 0xff, 0x2b, 0x25, 0xfa, 0xff,
    0x29, 0x25, 0xfa, 0xff, 0x28, 0x24, 0xf9, 0xff, 0x2a, 0x24, 0xf9, 0xff, 0x28, 0x24, 0xf6, 0xff,
    0x26, 0x26, 0xf3, 0xff, 0x25, 0x25, 0xf0, 0xff, 0x25, 0x26, 0xee, 0xff, 0x2a, 0x28, 0xe5, 0xff,
    0x38, 0x33, 0xdd, 0xff, 0x36, 0x31, 0xb3, 0xff, 0x37, 0x36, 0x82, 0xff, 0xd3, 0xd1, 0xf8, 0xff,
    0xe2, 0xdb, 0xef, 0xff, 0xe8, 0xde, 0xe7, 0xff, 0xe6, 0xdf, 0xe7, 0xff, 0xe2, 0xde, 0xea, 0xff,
    0xe8, 0xeb, 0xff, 0xff, 0x93, 0x98, 0xce, 0xff, 0x16, 0x17, 0x82, 0xff, 0x30, 0x2b, 0xc2, 0xff,
    0x2c, 0x1d, 0xd7, 0xff, 0x2a, 0x17, 0xe3, 0xff, 0x29, 0x19, 0xe4, 0xff, 0x25, 0x1a, 0xe2, 0xff,
    0x22, 0x1c, 0xe3, 0xff, 0x1f, 0x1d, 0xe6, 0xff, 0x1f, 0x1f, 0xec, 0xff, 0x1f, 0x1d, 0xef, 0xff,
    0x1f, 0x1d, 0xef, 0xff, 0x1f, 0x1d, 0xef, 0xff, 0x23, 0x1f, 0xee, 0xfb, 0x23, 0x1f, 0xed, 0xff,
    0x21, 0x20, 0xe8, 0xbc, 0x50, 0x4f, 0xff, 0x08, 0x00, 0x00, 0x00, 0x00, 0x00, 0x00, 0x00, 0x00,
    0x00, 0x00, 0x00, 0x00, 0x00, 0x00, 0x00, 0x00, 0x00, 0x00, 0x00, 0x00, 0x00, 0x00, 0x00, 0x00,
    0x00, 0x00, 0x00, 0x00, 0x00, 0x00, 0x00, 0x00, 0x00, 0x00, 0x00, 0x00, 0x00, 0x00, 0x00, 0x00,
    0x00, 0x00, 0x00, 0x00, 0x00, 0x00, 0x00, 0x00, 0x00, 0x00, 0x00, 0x00, 0x00, 0x00, 0x00, 0x00,
    0x00, 0x00, 0x00, 0x00, 0x00, 0x00, 0x00, 0x00, 0x00, 0x00, 0x00, 0x00, 0x00, 0x00, 0x00, 0x00,
    0x00, 0x00, 0x00, 0x00, 0x00, 0x00, 0x00, 0x00, 0x00, 0x00, 0x02, 0x00, 0x00, 0x00, 0x02, 0x00,
    0x00, 0x00, 0x02, 0x00, 0x00, 0x00, 0x02, 0x00, 0x4f, 0x4e, 0x51, 0x00, 0x4e, 0x4d, 0x50, 0x00,
    0x81, 0x80, 0x83, 0x02, 0x4f, 0x4e, 0x51, 0x00, 0x50, 0x4f, 0x54, 0x0a, 0x46, 0x44, 0x49, 0x89,
    0x40, 0x3e, 0x43, 0xfa, 0x4b, 0x49, 0x4e, 0xff, 0x52, 0x53, 0x57, 0xfd, 0x54, 0x55, 0x59, 0xfc,
    0x56, 0x57, 0x5c, 0xfd, 0x56, 0x57, 0x5c, 0xfe, 0x5c, 0x5c, 0x63, 0xff, 0x5c, 0x5c, 0x63, 0xff,
    0x5c, 0x5c, 0x63, 0xff, 0x5c, 0x5c, 0x63, 0xff, 0x58, 0x58, 0x5e, 0xff, 0x58, 0x58, 0x5e, 0xff,
    0x58, 0x58, 0x5e, 0xff, 0x58, 0x58, 0x5e, 0xff, 0x56, 0x56, 0x5d, 0xff, 0x56, 0x56, 0x5d, 0xff,
    0x56, 0x56, 0x5d, 0xff, 0x54, 0x56, 0x5f, 0xff, 0x4e, 0x54, 0x5e, 0xff, 0x4c, 0x51, 0x5c, 0xff,
    0x50, 0x52, 0x59, 0xff, 0x4f, 0x4f, 0x5b, 0xff, 0x47, 0x45, 0x5e, 0xff, 0x41, 0x3b, 0x75, 0xff,
    0x42, 0x37, 0xa4, 0xff, 0x47, 0x39, 0xd4, 0xff, 0x34, 0x29, 0xea, 0xff, 0x2c, 0x23, 0xf9, 0xff,
    0x2a, 0x24, 0xf9, 0xff, 0x2a, 0x24, 0xf9, 0xff, 0x2a, 0x24, 0xf9, 0xff, 0x28, 0x23, 0xf7, 0xff,
    0x29, 0x21, 0xf6, 0xff, 0x27, 0x22, 0xf5, 0xff, 0x25, 0x25, 0xf0, 0xff, 0x25, 0x27, 0xed, 0xff,
    0x2a, 0x25, 0xea, 0xff, 0x30, 0x2a, 0xdf, 0xff, 0x2f, 0x26, 0xc0, 0xff, 0x33, 0x2b, 0xa1, 0xff,
    0x98, 0x98, 0xdc, 0xff, 0xe1, 0xe0, 0xff, 0xff, 0xe8, 0xdc, 0xf3, 0xff, 0xec, 0xdf, 0xec, 0xff,
    0xe8, 0xdf, 0xec, 0xff, 0xe0, 0xdf, 0xef, 0xff, 0xdd, 0xe3, 0xf9, 0xff, 0xbf, 0xc8, 0xf8, 0xff,
    0x4b, 0x50, 0xad, 0xff, 0x24, 0x21, 0xaa, 0xff, 0x2e, 0x1f, 0xd1, 0xff, 0x2c, 0x19, 0xde, 0xff,
    0x29, 0x1b, 0xdf, 0xff, 0x23, 0x1a, 0xdd, 0xff, 0x22, 0x1d, 0xe2, 0xff, 0x1e, 0x1d, 0xe3, 0xff,
    0x1e, 0x1e, 0xe9, 0xff, 0x1c, 0x1d, 0xec, 0xff, 0x1e, 0x1d, 0xec, 0xff, 0x1e, 0x1d, 0xec, 0xff,
    0x21, 0x1e, 0xec, 0xfb, 0x21, 0x20, 0xe8, 0xff, 0x2a, 0x2a, 0xed, 0xb2, 0x6b, 0x6c, 0xff, 0x02,
    0x00, 0x00, 0x00, 0x00, 0x00, 0x00, 0x00, 0x00, 0x00, 0x00, 0x00, 0x00, 0x00, 0x00, 0x00, 0x00,
    0x00, 0x00, 0x00, 0x00, 0x00, 0x00, 0x00, 0x00, 0x00, 0x00, 0x00, 0x00, 0x00, 0x00, 0x00, 0x00,
    0x00, 0x00, 0x00, 0x00, 0x00, 0x00, 0x00, 0x00, 0x00, 0x00, 0x00, 0x00, 0x00, 0x00, 0x00, 0x00,
    0x00, 0x00, 0x00, 0x00, 0x00, 0x00, 0x00, 0x00, 0x00, 0x00, 0x00, 0x00, 0x00, 0x00, 0x00, 0x00,
    0x00, 0x00, 0x00, 0x00, 0x00, 0x00, 0x00, 0x00, 0x00, 0x00, 0x00, 0x00, 0x00, 0x00, 0x00, 0x00,
    0x00, 0x00, 0x02, 0x00, 0x00, 0x00, 0x02, 0x00, 0x00, 0x00, 0x02, 0x00, 0x00, 0x00, 0x02, 0x00,
    0x4d, 0x4c, 0x4e, 0x00, 0x49, 0x49, 0x4b, 0x00, 0x4d, 0x4c, 0x4e, 0x00, 0x03, 0x03, 0x05, 0x01,
    0x55, 0x54, 0x57, 0x03, 0x47, 0x46, 0x49, 0x00, 0x3f, 0x3e, 0x40, 0x3f, 0x3d, 0x3c, 0x3e, 0xb7,
    0x39, 0x3a, 0x3f, 0xfd, 0x3d, 0x3e, 0x42, 0xff, 0x43, 0x43, 0x48, 0xff, 0x47, 0x48, 0x4d, 0xff,
    0x4f, 0x4f, 0x56, 0xfc, 0x4b, 0x4b, 0x52, 0xff, 0x4e, 0x4e, 0x55, 0xff, 0x54, 0x54, 0x5b, 0xff,
    0x53, 0x53, 0x5a, 0xff, 0x53, 0x53, 0x5a, 0xff, 0x53, 0x53, 0x5a, 0xff, 0x53, 0x53, 0x5a, 0xff,
    0x52, 0x52, 0x59, 0xff, 0x51, 0x51, 0x57, 0xff, 0x4f, 0x4f, 0x56, 0xff, 0x4c, 0x4f, 0x55, 0xff,
    0x4a, 0x4e, 0x57, 0xff, 0x49, 0x4d, 0x56, 0xff, 0x4a, 0x4c, 0x54, 0xff, 0x49, 0x49, 0x56, 0xff,
    0x42, 0x41, 0x58, 0xff, 0x35, 0x32, 0x64, 0xff, 0x35, 0x2e, 0x8f, 0xff, 0x41, 0x37, 0xc6, 0xff,
    0x34, 0x2a, 0xe9, 0xff, 0x2c, 0x23, 0xf9, 0xff, 0x2c, 0x23, 0xf9, 0xff, 0x2a, 0x22, 0xf7, 0xff,
    0x2a, 0x22, 0xf7, 0xff, 0x29, 0x21, 0xf6, 0xff, 0x29, 0x21, 0xf6, 0xff, 0x27, 0x22, 0xf6, 0xff,
    0x24, 0x22, 0xf3, 0xff, 0x24, 0x21, 0xec, 0xff, 0x36, 0x2c, 0xeb, 0xff, 0x37, 0x2d, 0xd2, 0xff,
    0x3e, 0x36, 0xb2, 0xff, 0x9d, 0x9a, 0xee, 0xff, 0xea, 0xed, 0xff, 0xff, 0xdd, 0xde, 0xf7, 0xff,
    0xec, 0xe2, 0xfa, 0xff, 0xee, 0xde, 0xf8, 0xff, 0xe5, 0xde, 0xf8, 0xff, 0xe4, 0xe6, 0xfc, 0xff,
    0xcd, 0xd9, 0xec, 0xff, 0xcd, 0xdb, 0xfb, 0xff, 0xb9, 0xc2, 0xfe, 0xff, 0x56, 0x5a, 0xbb, 0xff,
    0x1e, 0x15, 0xa9, 0xff, 0x2f, 0x25, 0xd1, 0xff, 0x28, 0x1f, 0xd4, 0xff, 0x23, 0x1c, 0xd8, 0xff,
    0x21, 0x1d, 0xdf, 0xff, 0x1e, 0x1d, 0xe3, 0xff, 0x1d, 0x1d, 0xe8, 0xff, 0x1b, 0x1d, 0xe9, 0xff,
    0x1e, 0x1d, 0xea, 0xff, 0x1e, 0x1e, 0xe9, 0xff, 0x21, 0x20, 0xe8, 0xfa, 0x21, 0x21, 0xe5, 0xff,
    0x2d, 0x2f, 0xee, 0xa1, 0x2a, 0x2c, 0xe9, 0x00, 0x00, 0x00, 0x00, 0x00, 0x00, 0x00, 0x00, 0x00,
    0x00, 0x00, 0x00, 0x00, 0x00, 0x00, 0x00, 0x00, 0x00, 0x00, 0x00, 0x00, 0x00, 0x00, 0x00, 0x00,
    0x00, 0x00, 0x00, 0x00, 0x00, 0x00, 0x00, 0x00, 0x00, 0x00, 0x00, 0x00, 0x00, 0x00, 0x00, 0x00,
    0x00, 0x00, 0x00, 0x00, 0x00, 0x00, 0x00, 0x00, 0x00, 0x00, 0x00, 0x00, 0x00, 0x00, 0x00, 0x00,
    0x00, 0x00, 0x00, 0x00, 0x00, 0x00, 0x00, 0x00, 0x00, 0x00, 0x00, 0x00, 0x00, 0x00, 0x00, 0x00,
    0x00, 0x00, 0x00, 0x00, 0x00, 0x00, 0x00, 0x00, 0x00, 0x00, 0x02, 0x00, 0x00, 0x00, 0x02, 0x00,
    0x00, 0x00, 0x02, 0x00, 0x00, 0x00, 0x02, 0x00, 0x4d, 0x4c, 0x4e, 0x00, 0x48, 0x47, 0x4a, 0x00,
    0x4e, 0x4d, 0x50, 0x00, 0x4d, 0x4c, 0x4e, 0x00, 0x00, 0x00, 0x00, 0x01, 0x57, 0x57, 0x59, 0x03,
    0x4f, 0x4e, 0x51, 0x00, 0x7b, 0x7b, 0x7d, 0x04, 0x43, 0x43, 0x48, 0x3e, 0x3d, 0x3e, 0x42, 0x99,
    0x3b, 0x3b, 0x40, 0xdb, 0x32, 0x33, 0x38, 0xf4, 0x44, 0x44, 0x4b, 0xfe, 0x3e, 0x3e, 0x45, 0xff,
    0x3d, 0x3d, 0x44, 0xff, 0x40, 0x40, 0x47, 0xff, 0x3f, 0x3f, 0x46, 0xff, 0x3f, 0x3f, 0x46, 0xff,
    0x3f, 0x3f, 0x46, 0xff, 0x3f, 0x3f, 0x46, 0xff, 0x3e, 0x3e, 0x45, 0xff, 0x3e, 0x3e, 0x45, 0xff,
    0x3d, 0x3d, 0x44, 0xff, 0x3b, 0x3d, 0x44, 0xff, 0x39, 0x3e, 0x44, 0xff, 0x39, 0x3e, 0x44, 0xff,
    0x3a, 0x3b, 0x44, 0xff, 0x3c, 0x39, 0x47, 0xff, 0x36, 0x33, 0x4a, 0xff, 0x29, 0x28, 0x55, 0xff,
    0x2e, 0x2b, 0x80, 0xff, 0x41, 0x3a, 0xc0, 0xff, 0x33, 0x2b, 0xe4, 0xff, 0x2a, 0x22, 0xf7, 0xff,
    0x2a, 0x22, 0xf7, 0xff, 0x29, 0x21, 0xf6, 0xff, 0x29, 0x21, 0xf6, 0xff, 0x28, 0x20, 0xf5, 0xff,
    0x28, 0x20, 0xf5, 0xff, 0x26, 0x21, 0xf3, 0xff, 0x22, 0x21, 0xee, 0xff, 0x37, 0x36, 0xf7, 0xff,
    0x3a, 0x32, 0xde, 0xff, 0x38, 0x2e, 0xb8, 0xff, 0xa1, 0x9b, 0xf7, 0xff, 0xe3, 0xe2, 0xff, 0xff,
    0xdf, 0xe4, 0xff, 0xff, 0xe0, 0xe1, 0xff, 0xff, 0xe2, 0xd6, 0xff, 0xff, 0xca, 0xba, 0xef, 0xff,
    0xaf, 0xa5, 0xdd, 0xff, 0xd7, 0xd6, 0xff, 0xff, 0xd6, 0xdf, 0xff, 0xff, 0xc5, 0xd1, 0xeb, 0xff,
    0xd0, 0xd9, 0xfa, 0xff, 0xbd, 0xc2, 0xfc, 0xff, 0x40, 0x42, 0xad, 0xff, 0x1b, 0x19, 0xa6, 0xff,
    0x2e, 0x2a, 0xcc, 0xff, 0x27, 0x24, 0xd6, 0xff, 0x21, 0x1e, 0xdd, 0xff, 0x1d, 0x1c, 0xe2, 0xff,
    0x1c, 0x1d, 0xe5, 0xff, 0x1a, 0x1d, 0xe5, 0xff, 0x1b, 0x1e, 0xe6, 0xff, 0x1d, 0x1e, 0xe6, 0xff,
    0x20, 0x20, 0xe4, 0xfa, 0x20, 0x22, 0xe1, 0xff, 0x2d, 0x30, 0xeb, 0x7e, 0x2a, 0x2e, 0xe5, 0x00,
    0x00, 0x00, 0x00, 0x00, 0x00, 0x00, 0x00, 0x00, 0x00, 0x00, 0x00, 0x00, 0x00, 0x00, 0x00, 0x00,
    0x00, 0x00, 0x00, 0x00, 0x00, 0x00, 0x00, 0x00, 0x00, 0x00, 0x00, 0x00, 0x00, 0x00, 0x00, 0x00,
    0x00, 0x00, 0x00, 0x00, 0x00, 0x00, 0x00, 0x00, 0x00, 0x00, 0x00, 0x00, 0x00, 0x00, 0x00, 0x00,
    0x00, 0x00, 0x00, 0x00, 0x00, 0x00, 0x00, 0x00, 0x00, 0x00, 0x00, 0x00, 0x00, 0x00, 0x00, 0x00,
    0x00, 0x00, 0x00, 0x00, 0x00, 0x00, 0x00, 0x00, 0x00, 0x00, 0x00, 0x00, 0x00, 0x00, 0x00, 0x00,
    0x00, 0x00, 0x02, 0x00, 0x00, 0x00, 0x02, 0x00, 0x00, 0x00, 0x02, 0x00, 0x00, 0x00, 0x02, 0x00,
    0x49, 0x49, 0x4b, 0x00, 0x4e, 0x4d, 0x50, 0x00, 0x48, 0x47, 0x4a, 0x00, 0x49, 0x49, 0x4b, 0x00,
    0x52, 0x51, 0x53, 0x00, 0x03, 0x03, 0x05, 0x01, 0x55, 0x54, 0x57, 0x03, 0x7b, 0x7b, 0x7d, 0x02,
    0x4b, 0x4c, 0x50, 0x00, 0x51, 0x51, 0x56, 0x00, 0x5f, 0x5f, 0x64, 0x0d, 0x48, 0x49, 0x4e, 0x38,
    0x42, 0x41, 0x48, 0x7b, 0x31, 0x31, 0x38, 0xf5, 0x27, 0x27, 0x2e, 0xff, 0x2f, 0x2f, 0x36, 0xfe,
    0x2e, 0x2e, 0x35, 0xff, 0x2e, 0x2e, 0x35, 0xff, 0x2e, 0x2e, 0x35, 0xff, 0x2e, 0x2e, 0x35, 0xff,
    0x2d, 0x2d, 0x33, 0xff, 0x2d, 0x2d, 0x33, 0xff, 0x2d, 0x2d, 0x33, 0xff, 0x2b, 0x2d, 0x33, 0xff,
    0x29, 0x2e, 0x32, 0xff, 0x29, 0x2d, 0x33, 0xff, 0x2b, 0x2b, 0x37, 0xff, 0x2d, 0x29, 0x3a, 0xff,
    0x2c, 0x28, 0x40, 0xff, 0x1e, 0x1d, 0x48, 0xff, 0x1e, 0x1d, 0x6b, 0xff, 0x36, 0x33, 0xaf, 0xff,
    0x35, 0x2b, 0xe3, 0xff, 0x2d, 0x22, 0xf7, 0xff, 0x2a, 0x22, 0xf7, 0xff, 0x29, 0x21, 0xf6, 0xff,
    0x27, 0x22, 0xf6, 0xff, 0x27, 0x1f, 0xf4, 0xff, 0x27, 0x20, 0xf2, 0xff, 0x27, 0x21, 0xef, 0xff,
    0x2a, 0x2d, 0xee, 0xff, 0x30, 0x33, 0xe0, 0xff, 0x31, 0x2c, 0xba, 0xff, 0x92, 0x8d, 0xf4, 0xff,
    0xe2, 0xe1, 0xff, 0xff, 0xed, 0xf0, 0xff, 0xff, 0xd1, 0xd7, 0xf6, 0xff, 0xd8, 0xd5, 0xff, 0xff,
    0xc7, 0xb8, 0xff, 0xff, 0x53, 0x3f, 0xa4, 0xff, 0x22, 0x12, 0x7f, 0xff, 0x68, 0x5f, 0xbe, 0xff,
    0xcd, 0xcd, 0xff, 0xff, 0xdc, 0xde, 0xff, 0xff, 0xd5, 0xd4, 0xdf, 0xff, 0xdb, 0xdd, 0xf1, 0xff,
    0xb3, 0xc2, 0xfd, 0xff, 0x43, 0x52, 0xb4, 0xff, 0x1c, 0x1f, 0xaa, 0xff, 0x20, 0x1e, 0xc6, 0xff,
    0x21, 0x1e, 0xdc, 0xff, 0x1d, 0x1c, 0xe2, 0xff, 0x19, 0x1e, 0xe1, 0xff, 0x18, 0x1f, 0xe2, 0xff,
    0x19, 0x20, 0xe3, 0xff, 0x1b, 0x20, 0xe3, 0xfe, 0x1e, 0x21, 0xe2, 0xfd, 0x20, 0x23, 0xdf, 0xfc,
    0x2d, 0x31, 0xe9, 0x55, 0x2a, 0x2e, 0xe4, 0x00, 0x00, 0x00, 0x00, 0x00, 0x00, 0x00, 0x00, 0x00,
    0x00, 0x00, 0x00, 0x00, 0x00, 0x00, 0x00, 0x00, 0x00, 0x00, 0x00, 0x00, 0x00, 0x00, 0x00, 0x00,
    0x00, 0x00, 0x00, 0x00, 0x00, 0x00, 0x00, 0x00, 0x00, 0x00, 0x00, 0x00, 0x00, 0x00, 0x00, 0x00,
    0x00, 0x00, 0x00, 0x00, 0x00, 0x00, 0x00, 0x00, 0x00, 0x00, 0x00, 0x00, 0x00, 0x00, 0x00, 0x00,
    0x00, 0x00, 0x00, 0x00, 0x00, 0x00, 0x00, 0x00, 0x00, 0x00, 0x00, 0x00, 0x00, 0x00, 0x00, 0x00,
    0x00, 0x00, 0x00, 0x00, 0x00, 0x00, 0x00, 0x00, 0x00, 0x00, 0x02, 0x00, 0x00, 0x00, 0x02, 0x00,
    0x00, 0x00, 0x02, 0x00, 0x00, 0x00, 0x02, 0x00, 0x58, 0x58, 0x5a, 0x00, 0x49, 0x49, 0x4b, 0x00,
    0x4d, 0x4c, 0x4e, 0x00, 0x4e, 0x4d, 0x50, 0x00, 0x49, 0x49, 0x4b, 0x00, 0x50, 0x50, 0x52, 0x00,
    0x4d, 0x4c, 0x4e, 0x00, 0x4b, 0x4a, 0x4c, 0x00, 0x55, 0x56, 0x5b, 0x03, 0x4d, 0x4e, 0x52, 0x03,
    0x1f, 0x1f, 0x24, 0x03, 0x52, 0x53, 0x57, 0x00, 0x45, 0x45, 0x4c, 0x26, 0x34, 0x34, 0x3a, 0xe8,
    0x29, 0x29, 0x30, 0xff, 0x2b, 0x2b, 0x32, 0xfd, 0x2a, 0x2a, 0x31, 0xff, 0x2a, 0x2a, 0x31, 0xff,
    0x2a, 0x2a, 0x31, 0xff, 0x2a, 0x2a, 0x31, 0xff, 0x29, 0x29, 0x30, 0xff, 0x29, 0x29, 0x30, 0xff,
    0x28, 0x28, 0x2f, 0xff, 0x26, 0x28, 0x2f, 0xff, 0x24, 0x29, 0x2d, 0xff, 0x24, 0x29, 0x2f, 0xff,
    0x25, 0x25, 0x31, 0xff, 0x25, 0x24, 0x34, 0xff, 0x25, 0x24, 0x3b, 0xff, 0x1b, 0x1a, 0x3f, 0xff,
    0x15, 0x15, 0x53, 0xff, 0x2c, 0x27, 0x93, 0xff, 0x39, 0x2e, 0xdb, 0xff, 0x2f, 0x24, 0xf3, 0xff,
    0x2b, 0x22, 0xf5, 0xff, 0x27, 0x22, 0xf6, 0xff, 0x27, 0x21, 0xf8, 0xff, 0x25, 0x1e, 0xf6, 0xff,
    0x27, 0x20, 0xf2, 0xff, 0x29, 0x23, 0xec, 0xff, 0x27, 0x29, 0xe1, 0xff, 0x27, 0x29, 0xc5, 0xff,
    0x8c, 0x89, 0xfe, 0xff, 0xd6, 0xd2, 0xff, 0xff, 0xde, 0xde, 0xff, 0xff, 0xd6, 0xd9, 0xf8, 0xff,
    0xd4, 0xd9, 0xff, 0xff, 0xc0, 0xbd, 0xff, 0xff, 0x59, 0x4a, 0xbc, 0xff, 0x2e, 0x1b, 0xa4, 0xff,
    0x39, 0x26, 0xbb, 0xff, 0x28, 0x1b, 0xa1, 0xff, 0x6a, 0x65, 0xc5, 0xff, 0xcd, 0xcf, 0xff, 0xff,
    0xe3, 0xe3, 0xf7, 0xff, 0xd3, 0xda, 0xe7, 0xff, 0xd7, 0xeb, 0xff, 0xff, 0xaf, 0xc2, 0xff, 0xff,
    0x52, 0x5a, 0xd1, 0xff, 0x21, 0x20, 0xbd, 0xff, 0x23, 0x20, 0xd9, 0xff, 0x1d, 0x1d, 0xe1, 0xff,
    0x19, 0x1e, 0xdf, 0xff, 0x17, 0x20, 0xdd, 0xff, 0x19, 0x20, 0xe3, 0xff, 0x19, 0x21, 0xe1, 0xfe,
    0x21, 0x25, 0xe2, 0xff, 0x20, 0x24, 0xdc, 0xe5, 0x2f, 0x33, 0xe4, 0x21, 0x2c, 0x31, 0xdd, 0x00,
    0x00, 0x00, 0x00, 0x00, 0x00, 0x00, 0x00, 0x00, 0x00, 0x00, 0x00, 0x00, 0x00, 0x00, 0x00, 0x00,
    0x00, 0x00, 0x00, 0x00, 0x00, 0x00, 0x00, 0x00, 0x00, 0x00, 0x00, 0x00, 0x00, 0x00, 0x00, 0x00,
    0x00, 0x00, 0x00, 0x00, 0x00, 0x00, 0x00, 0x00, 0x00, 0x00, 0x00, 0x00, 0x00, 0x00, 0x00, 0x00,
    0x00, 0x00, 0x00, 0x00, 0x00, 0x00, 0x00, 0x00, 0x00, 0x00, 0x00, 0x00, 0x00, 0x00, 0x00, 0x00,
    0x00, 0x00, 0x00, 0x00, 0x00, 0x00, 0x00, 0x00, 0x00, 0x00, 0x00, 0x00, 0x00, 0x00, 0x00, 0x00,
    0x00, 0x00, 0x00, 0x00, 0x00, 0x00, 0x00, 0x00, 0x00, 0x00, 0x00, 0x00, 0x00, 0x00, 0x00, 0x00,
    0x00, 0x00, 0x00, 0x00, 0x00, 0x00, 0x00, 0x00, 0x00, 0x00, 0x00, 0x00, 0x00, 0x00, 0x00, 0x00,
    0x00, 0x00, 0x02, 0x00, 0x00, 0x00, 0x02, 0x00, 0x00, 0x00, 0x02, 0x00, 0x00, 0x00, 0x02, 0x00,
    0x47, 0x48, 0x4d, 0x00, 0x46, 0x47, 0x4b, 0x00, 0x4c, 0x4d, 0x51, 0x03, 0x47, 0x48, 0x4d, 0x00,
    0x4c, 0x4f, 0x54, 0x2c, 0x37, 0x3b, 0x3f, 0xeb, 0x2e, 0x31, 0x35, 0xff, 0x33, 0x36, 0x3a, 0xfd,
    0x35, 0x38, 0x3c, 0xff, 0x35, 0x38, 0x3c, 0xff, 0x35, 0x38, 0x3c, 0xff, 0x34, 0x37, 0x3b, 0xff,
    0x33, 0x35, 0x3c, 0xff, 0x32, 0x34, 0x3a, 0xff, 0x30, 0x33, 0x39, 0xff, 0x30, 0x33, 0x39, 0xff,
    0x2e, 0x33, 0x39, 0xff, 0x2e, 0x32, 0x3b, 0xff, 0x2f, 0x2f, 0x3d, 0xff, 0x2f, 0x2e, 0x40, 0xff,
    0x2b, 0x2a, 0x41, 0xff, 0x2a, 0x26, 0x44, 0xff, 0x25, 0x20, 0x4a, 0xff, 0x2d, 0x25, 0x78, 0xff,
    0x46, 0x3b, 0xd3, 0xff, 0x33, 0x28, 0xe9, 0xff, 0x28, 0x20, 0xee, 0xff, 0x26, 0x20, 0xf7, 0xff,
    0x23, 0x1c, 0xfa, 0xff, 0x22, 0x1c, 0xf8, 0xff, 0x26, 0x1e, 0xf1, 0xff, 0x2a, 0x23, 0xe8, 0xff,
    0x26, 0x20, 0xd3, 0xff, 0x50, 0x4b, 0xdb, 0xff, 0xce, 0xc6, 0xff, 0xff, 0xe9, 0xe4, 0xff, 0xff,
    0xdf, 0xdb, 0xff, 0xff, 0xdd, 0xdf, 0xff, 0xff, 0xb5, 0xba, 0xff, 0xff, 0x41, 0x42, 0xb1, 0xff,
    0x33, 0x28, 0xba, 0xff, 0x31, 0x22, 0xc8, 0xff, 0x2f, 0x1f, 0xce, 0xff, 0x2f, 0x22, 0xc8, 0xff,
    0x15, 0x10, 0x97, 0xff, 0x60, 0x65, 0xc9, 0xff, 0xbd, 0xcc, 0xff, 0xff, 0xc6, 0xda, 0xfd, 0xff,
    0xb7, 0xca, 0xee, 0xff, 0xd4, 0xe2, 0xff, 0xff, 0x92, 0x99, 0xff, 0xff, 0x2a, 0x2b, 0xbc, 0xff,
    0x22, 0x21, 0xd3, 0xff, 0x1c, 0x1c, 0xde, 0xff, 0x19, 0x1f, 0xdd, 0xff, 0x16, 0x1e, 0xdc, 0xff,
    0x16, 0x1f, 0xe2, 0xff, 0x1e, 0x28, 0xea, 0xfc, 0x1e, 0x28, 0xe1, 0xff, 0x1b, 0x24, 0xd4, 0xb2,
    0x1b, 0x21, 0xc6, 0x00, 0x00, 0x00, 0xa1, 0x03, 0x00, 0x00, 0x00, 0x00, 0x00, 0x00, 0x00, 0x00,
    0x00, 0x00, 0x00, 0x00, 0x00, 0x00, 0x00, 0x00, 0x00, 0x00, 0x00, 0x00, 0x00, 0x00, 0x00, 0x00,
    0x00, 0x00, 0x00, 0x00, 0x00, 0x00, 0x00, 0x00, 0x00, 0x00, 0x00, 0x00, 0x00, 0x00, 0x00, 0x00,
    0x00, 0x00, 0x00, 0x00, 0x00, 0x00, 0x00, 0x00, 0x00, 0x00, 0x00, 0x00, 0x00, 0x00, 0x00, 0x00,
    0x00, 0x00, 0x00, 0x00, 0x00, 0x00, 0x00, 0x00, 0x00, 0x00, 0x00, 0x00, 0x00, 0x00, 0x00, 0x00,
    0x00, 0x00, 0x00, 0x00, 0x00, 0x00, 0x00, 0x00, 0x00, 0x00, 0x00, 0x00, 0x00, 0x00, 0x00, 0x00,
    0x00, 0x00, 0x00, 0x00, 0x00, 0x00, 0x00, 0x00, 0x00, 0x00, 0x00, 0x00, 0x00, 0x00, 0x00, 0x00,
    0x00, 0x00, 0x00, 0x00, 0x00, 0x00, 0x00, 0x00, 0x00, 0x00, 0x02, 0x00, 0x00, 0x00, 0x02, 0x00,
    0x00, 0x00, 0x02, 0x00, 0x00, 0x00, 0x02, 0x00, 0x47, 0x48, 0x4d, 0x00, 0x42, 0x42, 0x47, 0x00,
    0x7b, 0x7b, 0x80, 0x02, 0x43, 0x43, 0x48, 0x00, 0x4f, 0x52, 0x56, 0x29, 0x3b, 0x3e, 0x42, 0xeb,
    0x32, 0x35, 0x39, 0xff, 0x35, 0x38, 0x3c, 0xfd, 0x37, 0x3b, 0x3f, 0xff, 0x37, 0x3b, 0x3f, 0xff,
    0x37, 0x3b, 0x3f, 0xff, 0x36, 0x39, 0x3d, 0xff, 0x35, 0x37, 0x3e, 0xff, 0x34, 0x36, 0x3d, 0xff,
    0x33, 0x35, 0x3c, 0xff, 0x33, 0x35, 0x3c, 0xff, 0x31, 0x35, 0x3c, 0xff, 0x31, 0x35, 0x3d, 0xff,
    0x32, 0x31, 0x3f, 0xff, 0x32, 0x30, 0x42, 0xff, 0x2d, 0x2c, 0x43, 0xff, 0x2a, 0x28, 0x41, 0xff,
    0x2b, 0x25, 0x43, 0xff, 0x29, 0x23, 0x63, 0xff, 0x3f, 0x37, 0xbc, 0xfe, 0x32, 0x2a, 0xdd, 0xfe,
    0x28, 0x23, 0xe8, 0xff, 0x26, 0x20, 0xf5, 0xff, 0x20, 0x1c, 0xf9, 0xff, 0x20, 0x1c, 0xf8, 0xff,
    0x24, 0x1f, 0xf1, 0xff, 0x28, 0x23, 0xe8, 0xff, 0x28, 0x24, 0xd9, 0xff, 0x29, 0x24, 0xbb, 0xff,
    0x8e, 0x85, 0xf2, 0xff, 0xe0, 0xd9, 0xff, 0xff, 0xe4, 0xe0, 0xff, 0xff, 0xb5, 0xb4, 0xff, 0xff,
    0x39, 0x41, 0xb2, 0xff, 0x1b, 0x20, 0xac, 0xff, 0x29, 0x23, 0xc8, 0xff, 0x29, 0x1d, 0xd3, 0xff,
    0x29, 0x1b, 0xd8, 0xff, 0x29, 0x1d, 0xd3, 0xff, 0x23, 0x1f, 0xbf, 0xff, 0x1b, 0x21, 0xa4, 0xff,
    0x4a, 0x5b, 0xb7, 0xff, 0xb5, 0xc8, 0xff, 0xff, 0xc6, 0xd4, 0xff, 0xff, 0xb7, 0xc0, 0xff, 0xff,
    0x5c, 0x61, 0xd2, 0xff, 0x24, 0x27, 0xba, 0xff, 0x22, 0x21, 0xd3, 0xff, 0x1c, 0x1d, 0xdc, 0xff,
    0x19, 0x20, 0xdc, 0xff, 0x14, 0x20, 0xdb, 0xff, 0x12, 0x1c, 0xde, 0xff, 0x10, 0x1b, 0xd9, 0xfd,
    0x1d, 0x29, 0xdb, 0xff, 0x30, 0x3c, 0xe2, 0x5a, 0x28, 0x2e, 0xca, 0x00, 0x02, 0x06, 0x9b, 0x03,
    0x00, 0x00, 0x00, 0x00, 0x00, 0x00, 0x00, 0x00, 0x00, 0x00, 0x00, 0x00, 0x00, 0x00, 0x00, 0x00,
    0x00, 0x00, 0x00, 0x00, 0x00, 0x00, 0x00, 0x00, 0x00, 0x00, 0x00, 0x00, 0x00, 0x00, 0x00, 0x00,
    0x00, 0x00, 0x00, 0x00, 0x00, 0x00, 0x00, 0x00, 0x00, 0x00, 0x00, 0x00, 0x00, 0x00, 0x00, 0x00,
    0x00, 0x00, 0x00, 0x00, 0x00, 0x00, 0x00, 0x00, 0x00, 0x00, 0x00, 0x00, 0x00, 0x00, 0x00, 0x00,
    0x00, 0x00, 0x00, 0x00, 0x00, 0x00, 0x00, 0x00, 0x00, 0x00, 0x00, 0x00, 0x00, 0x00, 0x00, 0x00,
    0x00, 0x00, 0x00, 0x00, 0x00, 0x00, 0x00, 0x00, 0x00, 0x00, 0x00, 0x00, 0x00, 0x00, 0x00, 0x00,
    0x00, 0x00, 0x00, 0x00, 0x00, 0x00, 0x00, 0x00, 0x00, 0x00, 0x00, 0x00, 0x00, 0x00, 0x00, 0x00,
    0x00, 0x00, 0x02, 0x00, 0x00, 0x00, 0x02, 0x00, 0x00, 0x00, 0x02, 0x00, 0x00, 0x00, 0x02, 0x00,
    0x45, 0x46, 0x4a, 0x00, 0x42, 0x42, 0x47, 0x00, 0x7b, 0x7b, 0x80, 0x02, 0x4f, 0x50, 0x55, 0x00,
    0x53, 0x56, 0x5b, 0x28, 0x3e, 0x42, 0x46, 0xeb, 0x35, 0x38, 0x3c, 0xff, 0x3a, 0x3d, 0x41, 0xfd,
    0x3c, 0x3f, 0x43, 0xff, 0x3c, 0x3f, 0x43, 0xff, 0x3c, 0x3f, 0x43, 0xff, 0x3b, 0x3e, 0x42, 0xff,
    0x3a, 0x3c, 0x42, 0xff, 0x39, 0x3b, 0x41, 0xff, 0x37, 0x3b, 0x3f, 0xff, 0x37, 0x3b, 0x3f, 0xff,
    0x35, 0x3a, 0x40, 0xff, 0x35, 0x39, 0x42, 0xff, 0x36, 0x37, 0x42, 0xff, 0x36, 0x35, 0x45, 0xff,
    0x32, 0x32, 0x46, 0xff, 0x2b, 0x2a, 0x41, 0xff, 0x2c, 0x28, 0x41, 0xff, 0x21, 0x1b, 0x55, 0xff,
    0x35, 0x2e, 0xa3, 0xff, 0x34, 0x2e, 0xce, 0xfe, 0x2c, 0x28, 0xe4, 0xff, 0x24, 0x21, 0xee, 0xff,
    0x1f, 0x1d, 0xf3, 0xff, 0x1d, 0x1d, 0xf3, 0xff, 0x21, 0x20, 0xed, 0xff, 0x23, 0x22, 0xe8, 0xff,
    0x28, 0x29, 0xeb, 0xff, 0x2c, 0x2a, 0xd9, 0xff, 0x2c, 0x25, 0xba, 0xff, 0x83, 0x7b, 0xfe, 0xff,
    0x9a, 0x95, 0xff, 0xff, 0x41, 0x42, 0xc1, 0xff, 0x17, 0x1f, 0xb0, 0xff, 0x26, 0x2d, 0xcd, 0xff,
    0x24, 0x21, 0xd1, 0xff, 0x28, 0x1d, 0xd7, 0xff, 0x28, 0x1d, 0xd7, 0xff, 0x28, 0x20, 0xd3, 0xff,
    0x32, 0x2e, 0xd5, 0xff, 0x27, 0x28, 0xbe, 0xff, 0x16, 0x1c, 0x9f, 0xff, 0x4c, 0x56, 0xc8, 0xff,
    0x9c, 0xa4, 0xff, 0xff, 0x5a, 0x5f, 0xd0, 0xff, 0x1f, 0x1f, 0xac, 0xff, 0x2d, 0x2c, 0xd0, 0xff,
    0x20, 0x20, 0xd6, 0xff, 0x1a, 0x1e, 0xdb, 0xff, 0x16, 0x20, 0xd9, 0xff, 0x14, 0x20, 0xd9, 0xff,
    0x12, 0x1e, 0xd9, 0xfd, 0x12, 0x1d, 0xd4, 0xff, 0x1f, 0x2b, 0xd6, 0xd3, 0x34, 0x3e, 0xdc, 0x0d,
    0x25, 0x2c, 0xbf, 0x00, 0x00, 0x00, 0x85, 0x01, 0x00, 0x00, 0x00, 0x00, 0x00, 0x00, 0x00, 0x00,
    0x00, 0x00, 0x00, 0x00, 0x00, 0x00, 0x00, 0x00, 0x00, 0x00, 0x00, 0x00, 0x00, 0x00, 0x00, 0x00,
    0x00, 0x00, 0x00, 0x00, 0x00, 0x00, 0x00, 0x00, 0x00, 0x00, 0x00, 0x00, 0x00, 0x00, 0x00, 0x00,
    0x00, 0x00, 0x00, 0x00, 0x00, 0x00, 0x00, 0x00, 0x00, 0x00, 0x00, 0x00, 0x00, 0x00, 0x00, 0x00,
    0x00, 0x00, 0x00, 0x00, 0x00, 0x00, 0x00, 0x00, 0x00, 0x00, 0x00, 0x00, 0x00, 0x00, 0x00, 0x00,
    0x00, 0x00, 0x00, 0x00, 0x00, 0x00, 0x00, 0x00, 0x00, 0x00, 0x00, 0x00, 0x00, 0x00, 0x00, 0x00,
    0x00, 0x00, 0x00, 0x00, 0x00, 0x00, 0x00, 0x00, 0x00, 0x00, 0x00, 0x00, 0x00, 0x00, 0x00, 0x00,
    0x00, 0x00, 0x00, 0x00, 0x00, 0x00, 0x00, 0x00, 0x00, 0x00, 0x02, 0x00, 0x00, 0x00, 0x02, 0x00,
    0x00, 0x00, 0x02, 0x00, 0x00, 0x00, 0x02, 0x00, 0x3f, 0x40, 0x44, 0x00, 0x48, 0x49, 0x4e, 0x00,
    0x79, 0x7a, 0x7f, 0x02, 0x44, 0x45, 0x49, 0x00, 0x56, 0x59, 0x5d, 0x29, 0x41, 0x44, 0x48, 0xeb,
    0x37, 0x3b, 0x3f, 0xff, 0x3c, 0x3f, 0x43, 0xfd, 0x3e, 0x42, 0x46, 0xff, 0x3e, 0x42, 0x46, 0xff,
    0x3e, 0x42, 0x46, 0xff, 0x3d, 0x40, 0x44, 0xff, 0x3c, 0x3e, 0x45, 0xff, 0x3b, 0x3d, 0x44, 0xff,
    0x3a, 0x3d, 0x41, 0xff, 0x3a, 0x3d, 0x41, 0xff, 0x38, 0x3d, 0x41, 0xff, 0x38, 0x3c, 0x42, 0xff,
    0x39, 0x3a, 0x43, 0xff, 0x39, 0x39, 0x45, 0xff, 0x36, 0x38, 0x48, 0xff, 0x2e, 0x2e, 0x43, 0xff,
    0x2c, 0x28, 0x40, 0xfe, 0x24, 0x1f, 0x50, 0xff, 0x2f, 0x2a, 0x8a, 0xea, 0x39, 0x33, 0xbf, 0xed,
    0x33, 0x2e, 0xde, 0xff, 0x21, 0x21, 0xe7, 0xfe, 0x1b, 0x1f, 0xec, 0xff, 0x19, 0x1f, 0xed, 0xff,
    0x1b, 0x21, 0xe8, 0xff, 0x1d, 0x21, 0xe7, 0xff, 0x14, 0x1c, 0xde, 0xff, 0x23, 0x26, 0xe0, 0xff,
    0x20, 0x1f, 0xca, 0xff, 0x21, 0x1e, 0xc0, 0xff, 0x2e, 0x2e, 0xc9, 0xff, 0x10, 0x14, 0xb0, 0xff,
    0x18, 0x23, 0xc7, 0xff, 0x17, 0x22, 0xcd, 0xff, 0x20, 0x20, 0xd6, 0xff, 0x24, 0x1d, 0xd9, 0xff,
    0x24, 0x1e, 0xd7, 0xff, 0x24, 0x20, 0xd4, 0xff, 0x1e, 0x1c, 0xca, 0xff, 0x21, 0x20, 0xc6, 0xff,
    0x23, 0x24, 0xc4, 0xff, 0x15, 0x17, 0xad, 0xff, 0x1e, 0x20, 0xaf, 0xff, 0x19, 0x1b, 0xaf, 0xff,
    0x23, 0x23, 0xc7, 0xff, 0x18, 0x18, 0xc9, 0xff, 0x1d, 0x1d, 0xd8, 0xff, 0x18, 0x1e, 0xd8, 0xff,
    0x16, 0x20, 0xd5, 0xff, 0x14, 0x21, 0xd3, 0xff, 0x18, 0x25, 0xd7, 0xfa, 0x22, 0x30, 0xd8, 0xff,
    0x24, 0x35, 0xcd, 0x66, 0x1f, 0x2d, 0xbf, 0x00, 0x05, 0x11, 0xa3, 0x03, 0x29, 0x32, 0xc5, 0x00,
    0x00, 0x00, 0x00, 0x00, 0x00, 0x00, 0x00, 0x00, 0x00, 0x00, 0x00, 0x00, 0x00, 0x00, 0x00, 0x00,
    0x00, 0x00, 0x00, 0x00, 0x00, 0x00, 0x00, 0x00, 0x00, 0x00, 0x00, 0x00, 0x00, 0x00, 0x00, 0x00,
    0x00, 0x00, 0x00, 0x00, 0x00, 0x00, 0x00, 0x00, 0x00, 0x00, 0x00, 0x00, 0x00, 0x00, 0x00, 0x00,
    0x00, 0x00, 0x00, 0x00, 0x00, 0x00, 0x00, 0x00, 0x00, 0x00, 0x00, 0x00, 0x00, 0x00, 0x00, 0x00,
    0x00, 0x00, 0x00, 0x00, 0x00, 0x00, 0x00, 0x00, 0x00, 0x00, 0x00, 0x00, 0x00, 0x00, 0x00, 0x00,
    0x00, 0x00, 0x00, 0x00, 0x00, 0x00, 0x00, 0x00, 0x00, 0x00, 0x00, 0x00, 0x00, 0x00, 0x00, 0x00,
    0x00, 0x00, 0x00, 0x00, 0x00, 0x00, 0x00, 0x00, 0x00, 0x00, 0x00, 0x00, 0x00, 0x00, 0x00, 0x00,
    0x00, 0x00, 0x02, 0x00, 0x00, 0x00, 0x02, 0x00, 0x00, 0x00, 0x02, 0x00, 0x00, 0x00, 0x02, 0x00,
    0x4a, 0x4b, 0x4d, 0x00, 0x3f, 0x41, 0x43, 0x00, 0x7e, 0x80, 0x82, 0x02, 0x48, 0x4a, 0x4c, 0x00,
    0x54, 0x55, 0x59, 0x29, 0x48, 0x49, 0x4e, 0xea, 0x43, 0x46, 0x4a, 0xff, 0x3f, 0x43, 0x47, 0xfd,
    0x42, 0x45, 0x49, 0xff, 0x42, 0x45, 0x49, 0xff, 0x42, 0x45, 0x49, 0xff, 0x41, 0x44, 0x48, 0xff,
    0x3f, 0x43, 0x47, 0xff, 0x3e, 0x42, 0x46, 0xff, 0x3d, 0x40, 0x44, 0xff, 0x3d, 0x41, 0x43, 0xff,
    0x3d, 0x42, 0x41, 0xff, 0x3d, 0x41, 0x43, 0xff, 0x3c, 0x3f, 0x43, 0xff, 0x3c, 0x3e, 0x45, 0xff,
    0x39, 0x39, 0x45, 0xff, 0x32, 0x31, 0x41, 0xff, 0x2d, 0x2b, 0x3e, 0xfc, 0x2a, 0x29, 0x4e, 0xff,
    0x36, 0x35, 0x7c, 0xba, 0x52, 0x50, 0xc2, 0x78, 0x35, 0x30, 0xd5, 0xfd, 0x1a, 0x19, 0xd9, 0xfe,
    0x1b, 0x22, 0xe7, 0xff, 0x17, 0x23, 0xe7, 0xff, 0x16, 0x22, 0xe4, 0xff, 0x16, 0x23, 0xe2, 0xff,
    0x17, 0x23, 0xde, 0xff, 0x19, 0x24, 0xdb, 0xff, 0x1e, 0x24, 0xd7, 0xff, 0x20, 0x25, 0xd3, 0xff,
    0x20, 0x26, 0xd0, 0xff, 0x1e, 0x27, 0xd0, 0xff, 0x1a, 0x26, 0xd3, 0xff, 0x1a, 0x24, 0xd7, 0xff,
    0x1c, 0x20, 0xd7, 0xff, 0x20, 0x1e, 0xd9, 0xff, 0x20, 0x1f, 0xd7, 0xff, 0x22, 0x1f, 0xd6, 0xff,
    0x22, 0x20, 0xd4, 0xff, 0x21, 0x20, 0xd1, 0xff, 0x21, 0x20, 0xd1, 0xff, 0x1f, 0x1f, 0xd0, 0xff,
    0x1f, 0x1f, 0xcf, 0xff, 0x1e, 0x1d, 0xcf, 0xff, 0x1c, 0x1c, 0xd2, 0xff, 0x1a, 0x1b, 0xd6, 0xff,
    0x19, 0x1d, 0xd7, 0xff, 0x1b, 0x1f, 0xd6, 0xff, 0x18, 0x21, 0xd1, 0xff, 0x17, 0x23, 0xcc, 0xfa,
    0x20, 0x2c, 0xcc, 0xff, 0x28, 0x39, 0xcb, 0xbd, 0x55, 0x6c, 0xea, 0x09, 0x1a, 0x33, 0xb3, 0x00,
    0x16, 0x29, 0xc3, 0x01, 0x14, 0x25, 0xcb, 0x00, 0x00, 0x00, 0x00, 0x00, 0x00, 0x00, 0x00, 0x00,
    0x00, 0x00, 0x00, 0x00, 0x00, 0x00, 0x00, 0x00, 0x00, 0x00, 0x00, 0x00, 0x00, 0x00, 0x00, 0x00,
    0x00, 0x00, 0x00, 0x00, 0x00, 0x00, 0x00, 0x00, 0x00, 0x00, 0x00, 0x00, 0x00, 0x00, 0x00, 0x00,
    0x00, 0x00, 0x00, 0x00, 0x00, 0x00, 0x00, 0x00, 0x00, 0x00, 0x00, 0x00, 0x00, 0x00, 0x00, 0x00,
    0x00, 0x00, 0x00, 0x00, 0x00, 0x00, 0x00, 0x00, 0x00, 0x00, 0x00, 0x00, 0x00, 0x00, 0x00, 0x00,
    0x00, 0x00, 0x00, 0x00, 0x00, 0x00, 0x00, 0x00, 0x00, 0x00, 0x00, 0x00, 0x00, 0x00, 0x00, 0x00,
    0x00, 0x00, 0x00, 0x00, 0x00, 0x00, 0x00, 0x00, 0x00, 0x00, 0x00, 0x00, 0x00, 0x00, 0x00, 0x00,
    0x00, 0x00, 0x00, 0x00, 0x00, 0x00, 0x00, 0x00, 0x00, 0x00, 0x02, 0x00, 0x00, 0x00, 0x02, 0x00,
    0x00, 0x00, 0x02, 0x00, 0x00, 0x00, 0x02, 0x00, 0x47, 0x49, 0x4b, 0x00, 0x45, 0x47, 0x49, 0x00,
    0x71, 0x73, 0x75, 0x02, 0x46, 0x48, 0x4a, 0x00, 0x6a, 0x6b, 0x6f, 0x1f, 0x4a, 0x4a, 0x4f, 0xde,
    0x37, 0x3b, 0x3f, 0xff, 0x3d, 0x40, 0x44, 0xfc, 0x3f, 0x43, 0x47, 0xfe, 0x3f, 0x43, 0x47, 0xfe,
    0x3f, 0x43, 0x47, 0xfe, 0x3f, 0x43, 0x47, 0xfe, 0x3b, 0x3e, 0x42, 0xfe, 0x3b, 0x3e, 0x42, 0xfe,
    0x3a, 0x3e, 0x3f, 0xfe, 0x3a, 0x3e, 0x3e, 0xfe, 0x3a, 0x3e, 0x3e, 0xfe, 0x3a, 0x3e, 0x3e, 0xfe,
    0x39, 0x3d, 0x3d, 0xfe, 0x39, 0x3c, 0x40, 0xfe, 0x35, 0x37, 0x3f, 0xfe, 0x30, 0x31, 0x3c, 0xfe,
    0x2e, 0x2d, 0x3d, 0xf9, 0x30, 0x30, 0x4b, 0xff, 0x44, 0x45, 0x77, 0xbb, 0x91, 0x92, 0xed, 0x09,
    0x40, 0x3c, 0xd5, 0xb6, 0x26, 0x25, 0xdd, 0xff, 0x18, 0x24, 0xdf, 0xfb, 0x14, 0x24, 0xe1, 0xff,
    0x11, 0x23, 0xe0, 0xff, 0x13, 0x23, 0xe0, 0xff, 0x15, 0x24, 0xdd, 0xff, 0x17, 0x25, 0xdb, 0xff,
    0x18, 0x24, 0xd8, 0xff, 0x1a, 0x24, 0xd8, 0xff, 0x1a, 0x24, 0xd7, 0xff, 0x1a, 0x24, 0xd7, 0xff,
    0x1a, 0x24, 0xd8, 0xff, 0x1a, 0x23, 0xda, 0xff, 0x1a, 0x1f, 0xd9, 0xff, 0x1c, 0x1f, 0xd9, 0xff,
    0x1e, 0x1f, 0xd7, 0xff, 0x1e, 0x1f, 0xd7, 0xff, 0x1e, 0x1f, 0xd7, 0xff, 0x1d, 0x1e, 0xd6, 0xff,
    0x1d, 0x1d, 0xd8, 0xff, 0x1b, 0x1b, 0xd8, 0xff, 0x19, 0x1c, 0xd8, 0xff, 0x18, 0x1b, 0xd7, 0xff,
    0x18, 0x1b, 0xd7, 0xff, 0x18, 0x1b, 0xd6, 0xff, 0x18, 0x1c, 0xd4, 0xff, 0x19, 0x1f, 0xd2, 0xff,
    0x19, 0x21, 0xcf, 0xfd, 0x19, 0x23, 0xca, 0xff, 0x22, 0x2d, 0xcb, 0xf2, 0x2e, 0x3b, 0xc9, 0x37,
    0x18, 0x2c, 0xa6, 0x00, 0x20, 0x35, 0xac, 0x03, 0x1d, 0x2f, 0xb5, 0x00, 0x1d, 0x2c, 0xbb, 0x00,
    0x00, 0x00, 0x00, 0x00, 0x00, 0x00, 0x00, 0x00, 0x00, 0x00, 0x00, 0x00, 0x00, 0x00, 0x00, 0x00,
    0x00, 0x00, 0x00, 0x00, 0x00, 0x00, 0x00, 0x00, 0x00, 0x00, 0x00, 0x00, 0x00, 0x00, 0x00, 0x00,
    0x00, 0x00, 0x00, 0x00, 0x00, 0x00, 0x00, 0x00, 0x00, 0x00, 0x00, 0x00, 0x00, 0x00, 0x00, 0x00,
    0x00, 0x00, 0x00, 0x00, 0x00, 0x00, 0x00, 0x00, 0x00, 0x00, 0x00, 0x00, 0x00, 0x00, 0x00, 0x00,
    0x00, 0x00, 0x00, 0x00, 0x00, 0x00, 0x00, 0x00, 0x00, 0x00, 0x00, 0x00, 0x00, 0x00, 0x00, 0x00,
    0x00, 0x00, 0x00, 0x00, 0x00, 0x00, 0x00, 0x00, 0x00, 0x00, 0x00, 0x00, 0x00, 0x00, 0x00, 0x00,
    0x00, 0x00, 0x00, 0x00, 0x00, 0x00, 0x00, 0x00, 0x00, 0x00, 0x00, 0x00, 0x00, 0x00, 0x00, 0x00,
    0x00, 0x00, 0x02, 0x00, 0x00, 0x00, 0x02, 0x00, 0x00, 0x00, 0x02, 0x00, 0x00, 0x00, 0x02, 0x00,
    0x46, 0x48, 0x4a, 0x00, 0x4b, 0x4c, 0x4e, 0x00, 0x07, 0x09, 0x0b, 0x01, 0x03, 0x04, 0x06, 0x02,
    0x46, 0x47, 0x4b, 0x00, 0x47, 0x48, 0x4d, 0xa5, 0x3e, 0x3f, 0x43, 0xff, 0x2f, 0x32, 0x36, 0xfb,
    0x32, 0x35, 0x39, 0xfe, 0x30, 0x35, 0x39, 0xfe, 0x30, 0x35, 0x39, 0xfe, 0x30, 0x35, 0x39, 0xfe,
    0x33, 0x36, 0x3a, 0xfe, 0x33, 0x36, 0x3a, 0xfe, 0x32, 0x36, 0x37, 0xfe, 0x32, 0x36, 0x36, 0xfe,
    0x30, 0x37, 0x36, 0xfe, 0x30, 0x37, 0x36, 0xfe, 0x2e, 0x36, 0x34, 0xfe, 0x2e, 0x35, 0x36, 0xfe,
    0x2d, 0x32, 0x38, 0xfe, 0x2c, 0x30, 0x38, 0xfe, 0x2e, 0x31, 0x3c, 0xfd, 0x36, 0x38, 0x4c, 0xff,
    0x41, 0x46, 0x67, 0x83, 0x3f, 0x44, 0x8e, 0x00, 0x30, 0x2e, 0xbb, 0x24, 0x2d, 0x2e, 0xdf, 0xd9,
    0x18, 0x27, 0xdb, 0xff, 0x12, 0x26, 0xde, 0xfb, 0x0f, 0x25, 0xdd, 0xff, 0x11, 0x24, 0xde, 0xff,
    0x17, 0x24, 0xdd, 0xff, 0x1b, 0x24, 0xdb, 0xff, 0x18, 0x24, 0xd8, 0xff, 0x18, 0x24, 0xd8, 0xff,
    0x18, 0x23, 0xda, 0xff, 0x1a, 0x23, 0xda, 0xff, 0x1a, 0x22, 0xdb, 0xff, 0x1c, 0x22, 0xdb, 0xff,
    0x1b, 0x20, 0xda, 0xff, 0x1b, 0x20, 0xda, 0xff, 0x1b, 0x20, 0xda, 0xff, 0x1b, 0x20, 0xda, 0xff,
    0x1a, 0x1f, 0xd9, 0xff, 0x18, 0x1f, 0xd6, 0xff, 0x16, 0x1f, 0xd6, 0xff, 0x15, 0x1e, 0xd5, 0xff,
    0x15, 0x1d, 0xd7, 0xff, 0x14, 0x1c, 0xd6, 0xff, 0x14, 0x1d, 0xd4, 0xff, 0x16, 0x1d, 0xd2, 0xff,
    0x18, 0x1f, 0xcf, 0xff, 0x19, 0x21, 0xcf, 0xfd, 0x19, 0x21, 0xcd, 0xfc, 0x19, 0x22, 0xcc, 0xfe,
    0x20, 0x27, 0xcf, 0x5f, 0x23, 0x29, 0xc5, 0x00, 0x06, 0x0c, 0x96, 0x03, 0x31, 0x38, 0xab, 0x00,
    0x33, 0x3c, 0x93, 0x00, 0x37, 0x40, 0x8a, 0x00, 0x00, 0x00, 0x00, 0x00, 0x00, 0x00, 0x00, 0x00,
    0x00, 0x00, 0x00, 0x00, 0x00, 0x00, 0x00, 0x00, 0x00, 0x00, 0x00, 0x00, 0x00, 0x00, 0x00, 0x00,
    0x00, 0x00, 0x00, 0x00, 0x00, 0x00, 0x00, 0x00, 0x00, 0x00, 0x00, 0x00, 0x00, 0x00, 0x00, 0x00,
    0x00, 0x00, 0x00, 0x00, 0x00, 0x00, 0x00, 0x00, 0x00, 0x00, 0x00, 0x00, 0x00, 0x00, 0x00, 0x00,
    0x00, 0x00, 0x00, 0x00, 0x00, 0x00, 0x00, 0x00, 0x00, 0x00, 0x00, 0x00, 0x00, 0x00, 0x00, 0x00,
    0x00, 0x00, 0x00, 0x00, 0x00, 0x00, 0x00, 0x00, 0x00, 0x00, 0x00, 0x00, 0x00, 0x00, 0x00, 0x00,
    0x00, 0x00, 0x00, 0x00, 0x00, 0x00, 0x00, 0x00, 0x00, 0x00, 0x00, 0x00, 0x00, 0x00, 0x00, 0x00,
    0x00, 0x00, 0x00, 0x00, 0x00, 0x00, 0x00, 0x00, 0x00, 0x00, 0x02, 0x00, 0x00, 0x00, 0x02, 0x00,
    0x00, 0x00, 0x02, 0x00, 0x00, 0x00, 0x02, 0x00, 0x45, 0x47, 0x49, 0x00, 0x44, 0x45, 0x47, 0x00,
    0x40, 0x42, 0x44, 0x00, 0x24, 0x26, 0x28, 0x02, 0x4a, 0x4a, 0x4f, 0x00, 0x4e, 0x4f, 0x54, 0x20,
    0x45, 0x46, 0x4a, 0xab, 0x32, 0x33, 0x38, 0xf2, 0x33, 0x36, 0x3a, 0xfe, 0x31, 0x36, 0x3a, 0xff,
    0x31, 0x36, 0x3a, 0xff, 0x30, 0x35, 0x39, 0xff, 0x30, 0x35, 0x39, 0xff, 0x30, 0x34, 0x38, 0xff,
    0x2f, 0x33, 0x35, 0xff, 0x2d, 0x34, 0x33, 0xff, 0x2d, 0x34, 0x33, 0xff, 0x2d, 0x34, 0x33, 0xff,
    0x2c, 0x33, 0x32, 0xff, 0x2c, 0x32, 0x34, 0xff, 0x2a, 0x2f, 0x33, 0xff, 0x2b, 0x30, 0x36, 0xfe,
    0x30, 0x33, 0x3c, 0xee, 0x3a, 0x3f, 0x4c, 0x92, 0x69, 0x6f, 0x80, 0x0d, 0x25, 0x29, 0x61, 0x03,
    0x38, 0x35, 0xb7, 0x00, 0x39, 0x39, 0xe1, 0x31, 0x1c, 0x29, 0xd4, 0xe6, 0x16, 0x29, 0xd7, 0xff,
    0x13, 0x26, 0xd9, 0xfa, 0x15, 0x25, 0xdb, 0xfe, 0x19, 0x22, 0xd9, 0xff, 0x1b, 0x22, 0xd7, 0xff,
    0x19, 0x23, 0xd5, 0xff, 0x19, 0x23, 0xd5, 0xff, 0x18, 0x20, 0xd7, 0xff, 0x18, 0x20, 0xd9, 0xff,
    0x1b, 0x21, 0xd9, 0xff, 0x1b, 0x21, 0xd9, 0xff, 0x1b, 0x21, 0xd9, 0xff, 0x1b, 0x20, 0xda, 0xff,
    0x1a, 0x22, 0xdb, 0xff, 0x1a, 0x22, 0xdb, 0xff, 0x19, 0x21, 0xda, 0xff, 0x18, 0x20, 0xd7, 0xff,
    0x16, 0x22, 0xd6, 0xff, 0x13, 0x1f, 0xd4, 0xff, 0x11, 0x1d, 0xd1, 0xff, 0x13, 0x1f, 0xd4, 0xff,
    0x15, 0x20, 0xd2, 0xff, 0x14, 0x1d, 0xcd, 0xff, 0x18, 0x1e, 0xca, 0xfb, 0x1a, 0x21, 0xca, 0xfe,
    0x1b, 0x23, 0xca, 0xfe, 0x19, 0x23, 0xca, 0x72, 0x19, 0x22, 0xcc, 0x00, 0x0f, 0x16, 0xb2, 0x02,
    0x28, 0x2a, 0xab, 0x00, 0x41, 0x40, 0xa0, 0x00, 0x45, 0x45, 0x7b, 0x00, 0x4b, 0x4b, 0x6d, 0x00,
    0x00, 0x00, 0x00, 0x00, 0x00, 0x00, 0x00, 0x00, 0x00, 0x00, 0x00, 0x00, 0x00, 0x00, 0x00, 0x00,
    0x00, 0x00, 0x00, 0x00, 0x00, 0x00, 0x00, 0x00, 0x00, 0x00, 0x00, 0x00, 0x00, 0x00, 0x00, 0x00,
    0x00, 0x00, 0x00, 0x00, 0x00, 0x00, 0x00, 0x00, 0x00, 0x00, 0x00, 0x00, 0x00, 0x00, 0x00, 0x00,
    0x00, 0x00, 0x00, 0x00, 0x00, 0x00, 0x00, 0x00, 0x00, 0x00, 0x00, 0x00, 0x00, 0x00, 0x00, 0x00,
    0x00, 0x00, 0x00, 0x00, 0x00, 0x00, 0x00, 0x00, 0x00, 0x00, 0x00, 0x00, 0x00, 0x00, 0x00, 0x00,
    0x00, 0x00, 0x00, 0x00, 0x00, 0x00, 0x00, 0x00, 0x00, 0x00, 0x00, 0x00, 0x00, 0x00, 0x00, 0x00,
    0x00, 0x00, 0x00, 0x00, 0x00, 0x00, 0x00, 0x00, 0x00, 0x00, 0x00, 0x00, 0x00, 0x00, 0x00, 0x00,
    0x00, 0x00, 0x02, 0x00, 0x00, 0x00, 0x02, 0x00, 0x00, 0x00, 0x02, 0x00, 0x00, 0x00, 0x02, 0x00,
    0x36, 0x35, 0x37, 0x00, 0x36, 0x35, 0x37, 0x00, 0x36, 0x35, 0x37, 0x00, 0x36, 0x35, 0x37, 0x00,
    0x01, 0x02, 0x07, 0x01, 0x31, 0x32, 0x36, 0x00, 0x6d, 0x6d, 0x72, 0x05, 0x4e, 0x4f, 0x54, 0x22,
    0x44, 0x47, 0x4b, 0x33, 0x42, 0x48, 0x4b, 0x33, 0x42, 0x48, 0x4b, 0x33, 0x42, 0x48, 0x4b, 0x33,
    0x43, 0x49, 0x4d, 0x33, 0x42, 0x48, 0x4b, 0x33, 0x42, 0x48, 0x4b, 0x33, 0x41, 0x47, 0x49, 0x34,
    0x40, 0x46, 0x47, 0x34, 0x3f, 0x45, 0x46, 0x33, 0x3f, 0x45, 0x46, 0x33, 0x3d, 0x44, 0x45, 0x34,
    0x36, 0x3c, 0x40, 0x34, 0x41, 0x46, 0x4c, 0x32, 0x51, 0x56, 0x5c, 0x1d, 0xec, 0xf1, 0xf7, 0x01,
    0x53, 0x57, 0x59, 0x00, 0x44, 0x45, 0x6b, 0x00, 0x30, 0x2c, 0x9c, 0x03, 0x26, 0x25, 0xbe, 0x00,
    0x2d, 0x35, 0xd3, 0x31, 0x1f, 0x2c, 0xd2, 0xd6, 0x13, 0x1c, 0xcc, 0xff, 0x15, 0x1a, 0xcd, 0xf9,
    0x1c, 0x21, 0xd4, 0xfd, 0x1c, 0x23, 0xd1, 0xff, 0x1c, 0x24, 0xcf, 0xff, 0x1c, 0x23, 0xd1, 0xff,
    0x1b, 0x1f, 0xd5, 0xff, 0x1b, 0x1f, 0xd5, 0xff, 0x1c, 0x23, 0xd1, 0xff, 0x1c, 0x23, 0xd1, 0xff,
    0x1a, 0x21, 0xd6, 0xff, 0x1b, 0x21, 0xd9, 0xff, 0x19, 0x22, 0xd9, 0xff, 0x19, 0x22, 0xd9, 0xff,
    0x18, 0x20, 0xd7, 0xff, 0x16, 0x1f, 0xd6, 0xff, 0x12, 0x1e, 0xd2, 0xff, 0x0d, 0x1b, 0xcf, 0xff,
    0x0d, 0x1c, 0xcd, 0xff, 0x12, 0x21, 0xce, 0xff, 0x14, 0x21, 0xcc, 0xfe, 0x14, 0x1c, 0xc6, 0xfb,
    0x17, 0x1f, 0xc4, 0xff, 0x20, 0x26, 0xc9, 0xf7, 0x17, 0x1c, 0xbd, 0x6a, 0x0b, 0x15, 0xb5, 0x00,
    0x3c, 0x4f, 0xef, 0x03, 0x2f, 0x43, 0xcd, 0x00, 0x41, 0x48, 0xa4, 0x00, 0x5b, 0x5a, 0x93, 0x00,
    0x61, 0x5b, 0x7c, 0x00, 0x69, 0x5e, 0x72, 0x00, 0x00, 0x00, 0x00, 0x00, 0x00, 0x00, 0x00, 0x00,
    0x00, 0x00, 0x00, 0x00, 0x00, 0x00, 0x00, 0x00, 0x00, 0x00, 0x00, 0x00, 0x00, 0x00, 0x00, 0x00,
    0x00, 0x00, 0x00, 0x00, 0x00, 0x00, 0x00, 0x00, 0x00, 0x00, 0x00, 0x00, 0x00, 0x00, 0x00, 0x00,
    0x00, 0x00, 0x00, 0x00, 0x00, 0x00, 0x00, 0x00, 0x00, 0x00, 0x00, 0x00, 0x00, 0x00, 0x00, 0x00,
    0x00, 0x00, 0x00, 0x00, 0x00, 0x00, 0x00, 0x00, 0x00, 0x00, 0x00, 0x00, 0x00, 0x00, 0x00, 0x00,
    0x00, 0x00, 0x00, 0x00, 0x00, 0x00, 0x00, 0x00, 0x00, 0x00, 0x00, 0x00, 0x00, 0x00, 0x00, 0x00,
    0x00, 0x00, 0x00, 0x00, 0x00, 0x00, 0x00, 0x00, 0x00, 0x00, 0x00, 0x00, 0x00, 0x00, 0x00, 0x00,
    0x00, 0x00, 0x00, 0x00, 0x00, 0x00, 0x00, 0x00, 0x00, 0x00, 0x02, 0x00, 0x00, 0x00, 0x02, 0x00,
    0x00, 0x00, 0x02, 0x00, 0x00, 0x00, 0x02, 0x00, 0x36, 0x35, 0x37, 0x00, 0x36, 0x35, 0x37, 0x00,
    0x36, 0x35, 0x37, 0x00, 0x36, 0x35, 0x37, 0x00, 0x36, 0x37, 0x3b, 0x00, 0x83, 0x83, 0x88, 0x02,
    0x01, 0x02, 0x07, 0x01, 0x31, 0x32, 0x36, 0x00, 0x1d, 0x20, 0x24, 0x00, 0x1b, 0x20, 0x24, 0x00,
    0x1b, 0x20, 0x24, 0x00, 0x1b, 0x20, 0x24, 0x00, 0x1c, 0x21, 0x25, 0x00, 0x1c, 0x21, 0x25, 0x00,
    0x1c, 0x21, 0x25, 0x00, 0x1c, 0x21, 0x25, 0x00, 0x29, 0x2f, 0x30, 0x00, 0x29, 0x2f, 0x30, 0x00,
    0x29, 0x2f, 0x30, 0x00, 0x29, 0x2f, 0x30, 0x00, 0x26, 0x2c, 0x2f, 0x00, 0x1f, 0x25, 0x28, 0x00,
    0x23, 0x28, 0x2c, 0x00, 0x00, 0x00, 0x02, 0x02, 0x7c, 0x7f, 0x7c, 0x02, 0x4f, 0x50, 0x69, 0x00,
    0x35, 0x33, 0x88, 0x00, 0x41, 0x40, 0xbb, 0x04, 0x2c, 0x33, 0xbf, 0x00, 0x2f, 0x38, 0xd3, 0x18,
    0x2e, 0x33, 0xda, 0xa9, 0x21, 0x23, 0xd2, 0xfe, 0x1d, 0x21, 0xd0, 0xff, 0x1d, 0x22, 0xce, 0xfc,
    0x1d, 0x25, 0xca, 0xfc, 0x1d, 0x24, 0xcb, 0xff, 0x1b, 0x1f, 0xd2, 0xff, 0x1b, 0x1f, 0xd2, 0xff,
    0x19, 0x22, 0xcc, 0xff, 0x19, 0x22, 0xcc, 0xff, 0x18, 0x21, 0xd1, 0xff, 0x18, 0x20, 0xd5, 0xff,
    0x16, 0x20, 0xd5, 0xff, 0x16, 0x20, 0xd5, 0xff, 0x14, 0x1e, 0xd2, 0xff, 0x13, 0x1d, 0xd1, 0xff,
    0x0f, 0x1b, 0xcd, 0xff, 0x11, 0x1f, 0xce, 0xfe, 0x12, 0x21, 0xcc, 0xfd, 0x0d, 0x1c, 0xc2, 0xfc,
    0x0f, 0x1d, 0xbf, 0xfd, 0x17, 0x24, 0xc1, 0xff, 0x1d, 0x27, 0xc0, 0xdb, 0x24, 0x2d, 0xc2, 0x49,
    0x20, 0x25, 0xb8, 0x00, 0x15, 0x1e, 0xac, 0x03, 0x0c, 0x20, 0xa3, 0x01, 0x30, 0x45, 0xaa, 0x00,
    0x54, 0x5c, 0x96, 0x00, 0x59, 0x56, 0x74, 0x00, 0x6b, 0x5e, 0x72, 0x00, 0x71, 0x5f, 0x6d, 0x00,
    0x00, 0x00, 0x00, 0x00, 0x00, 0x00, 0x00, 0x00, 0x00, 0x00, 0x00, 0x00, 0x00, 0x00, 0x00, 0x00,
    0x00, 0x00, 0x00, 0x00, 0x00, 0x00, 0x00, 0x00, 0x00, 0x00, 0x00, 0x00, 0x00, 0x00, 0x00, 0x00,
    0x00, 0x00, 0x00, 0x00, 0x00, 0x00, 0x00, 0x00, 0x00, 0x00, 0x00, 0x00, 0x00, 0x00, 0x00, 0x00,
    0x00, 0x00, 0x00, 0x00, 0x00, 0x00, 0x00, 0x00, 0x00, 0x00, 0x00, 0x00, 0x00, 0x00, 0x00, 0x00,
    0x00, 0x00, 0x00, 0x00, 0x00, 0x00, 0x00, 0x00, 0x00, 0x00, 0x00, 0x00, 0x00, 0x00, 0x00, 0x00,
    0x00, 0x00, 0x00, 0x00, 0x00, 0x00, 0x00, 0x00, 0x00, 0x00, 0x00, 0x00, 0x00, 0x00, 0x00, 0x00,
    0x00, 0x00, 0x00, 0x00, 0x00, 0x00, 0x00, 0x00, 0x00, 0x00, 0x00, 0x00, 0x00, 0x00, 0x00, 0x00,
    0x00, 0x00, 0x02, 0x00, 0x00, 0x00, 0x02, 0x00, 0x00, 0x00, 0x02, 0x00, 0x00, 0x00, 0x02, 0x00,
    0x36, 0x35, 0x37, 0x00, 0x36, 0x35, 0x37, 0x00, 0x36, 0x35, 0x37, 0x00, 0x36, 0x35, 0x37, 0x00,
    0x36, 0x37, 0x3b, 0x00, 0x34, 0x34, 0x39, 0x00, 0x35, 0x35, 0x3a, 0x00, 0x03, 0x03, 0x08, 0x02,
    0x00, 0x00, 0x02, 0x02, 0x00, 0x00, 0x02, 0x02, 0x00, 0x00, 0x02, 0x02, 0x00, 0x00, 0x02, 0x02,
    0x00, 0x01, 0x03, 0x02, 0x00, 0x01, 0x03, 0x02, 0x00, 0x00, 0x02, 0x02, 0x00, 0x00, 0x02, 0x02,
    0x00, 0x00, 0x00, 0x02, 0x00, 0x00, 0x00, 0x02, 0x00, 0x00, 0x00, 0x02, 0x00, 0x00, 0x00, 0x02,
    0x02, 0x06, 0x07, 0x02, 0x00, 0x02, 0x04, 0x02, 0x00, 0x00, 0x00, 0x01, 0x29, 0x2d, 0x31, 0x00,
    0x54, 0x55, 0x59, 0x00, 0x50, 0x51, 0x63, 0x00, 0x43, 0x4a, 0x79, 0x00, 0x39, 0x43, 0x92, 0x00,
    0x25, 0x2d, 0xa2, 0x02, 0x00, 0x00, 0x8b, 0x01, 0x43, 0x49, 0xe8, 0x06, 0x2e, 0x32, 0xdc, 0x5a,
    0x1d, 0x22, 0xce, 0xd9, 0x1d, 0x23, 0xcd, 0xff, 0x1d, 0x26, 0xc6, 0xfe, 0x1d, 0x25, 0xc8, 0xfe,
    0x1b, 0x21, 0xcd, 0xfa, 0x1b, 0x20, 0xcf, 0xfb, 0x19, 0x23, 0xca, 0xfd, 0x18, 0x22, 0xc9, 0xfd,
    0x15, 0x1f, 0xcb, 0xfe, 0x14, 0x1d, 0xcb, 0xfe, 0x12, 0x1e, 0xcb, 0xfe, 0x12, 0x1e, 0xcb, 0xfe,
    0x13, 0x1c, 0xca, 0xfc, 0x13, 0x1c, 0xca, 0xfb, 0x0f, 0x1c, 0xc9, 0xfa, 0x12, 0x20, 0xc8, 0xfd,
    0x15, 0x23, 0xc4, 0xff, 0x0f, 0x1f, 0xba, 0xff, 0x11, 0x22, 0xb3, 0xf3, 0x1d, 0x2e, 0xb8, 0x8c,
    0x26, 0x36, 0xbc, 0x15, 0x1f, 0x29, 0xac, 0x00, 0x3b, 0x3f, 0xc0, 0x04, 0x22, 0x24, 0x96, 0x00,
    0x49, 0x55, 0xa3, 0x00, 0x4e, 0x59, 0x8a, 0x00, 0x5f, 0x5e, 0x75, 0x00, 0x6b, 0x62, 0x6e, 0x00,
    0x71, 0x60, 0x6e, 0x00, 0x73, 0x5e, 0x6f, 0x00, 0x00, 0x00, 0x00, 0x00, 0x00, 0x00, 0x00, 0x00,
    0x00, 0x00, 0x00, 0x00, 0x00, 0x00, 0x00, 0x00, 0x00, 0x00, 0x00, 0x00, 0x00, 0x00, 0x00, 0x00,
    0x00, 0x00, 0x00, 0x00, 0x00, 0x00, 0x00, 0x00, 0x00, 0x00, 0x00, 0x00, 0x00, 0x00, 0x00, 0x00,
    0x00, 0x00, 0x00, 0x00, 0x00, 0x00, 0x00, 0x00, 0x00, 0x00, 0x00, 0x00, 0x00, 0x00, 0x00, 0x00,
    0x00, 0x00, 0x00, 0x00, 0x00, 0x00, 0x00, 0x00, 0x00, 0x00, 0x00, 0x00, 0x00, 0x00, 0x00, 0x00,
    0x00, 0x00, 0x00, 0x00, 0x00, 0x00, 0x00, 0x00, 0x00, 0x00, 0x00, 0x00, 0x00, 0x00, 0x00, 0x00,
    0x00, 0x00, 0x00, 0x00, 0x00, 0x00, 0x00, 0x00, 0x00, 0x00, 0x00, 0x00, 0x00, 0x00, 0x00, 0x00,
    0x00, 0x00, 0x00, 0x00, 0x00, 0x00, 0x00, 0x00, 0x00, 0x00, 0x02, 0x00, 0x00, 0x00, 0x02, 0x00,
    0x00, 0x00, 0x02, 0x00, 0x00, 0x00, 0x02, 0x00, 0x36, 0x35, 0x37, 0x00, 0x36, 0x35, 0x37, 0x00,
    0x36, 0x35, 0x37, 0x00, 0x36, 0x35, 0x37, 0x00, 0x36, 0x34, 0x39, 0x00, 0x36, 0x34, 0x39, 0x00,
    0x32, 0x30, 0x35, 0x00, 0x36, 0x34, 0x39, 0x00, 0x22, 0x21, 0x23, 0x00, 0x20, 0x22, 0x22, 0x00,
    0x20, 0x22, 0x22, 0x00, 0x20, 0x22, 0x22, 0x00, 0x21, 0x23, 0x23, 0x00, 0x21, 0x23, 0x23, 0x00,
    0x21, 0x23, 0x23, 0x00, 0x21, 0x23, 0x23, 0x00, 0x2f, 0x31, 0x31, 0x00, 0x2f, 0x31, 0x31, 0x00,
    0x2f, 0x31, 0x31, 0x00, 0x2f, 0x31, 0x31, 0x00, 0x2e, 0x30, 0x30, 0x00, 0x2a, 0x2d, 0x2c, 0x00,
    0x2d, 0x2f, 0x2f, 0x00, 0x30, 0x32, 0x34, 0x00, 0x5c, 0x5a, 0x5f, 0x00, 0x57, 0x58, 0x63, 0x00,
    0x48, 0x51, 0x66, 0x00, 0x31, 0x3f, 0x6f, 0x00, 0x39, 0x44, 0x9d, 0x00, 0x0c, 0x14, 0x90, 0x03,
    0x52, 0x58, 0xf0, 0x03, 0x21, 0x25, 0xcf, 0x00, 0x1d, 0x22, 0xce, 0x10, 0x1d, 0x24, 0xcb, 0x6c,
    0x1d, 0x28, 0xc3, 0xcb, 0x1f, 0x2b, 0xc4, 0xf5, 0x1b, 0x23, 0xc8, 0xff, 0x1b, 0x22, 0xcc, 0xfe,
    0x18, 0x22, 0xc9, 0xff, 0x17, 0x22, 0xc6, 0xff, 0x13, 0x1f, 0xc5, 0xfe, 0x13, 0x1f, 0xc5, 0xfd,
    0x0f, 0x1e, 0xc4, 0xfe, 0x0f, 0x1e, 0xc4, 0xfe, 0x10, 0x1c, 0xc3, 0xff, 0x11, 0x1e, 0xc4, 0xff,
    0x10, 0x1d, 0xc1, 0xff, 0x11, 0x1d, 0xbd, 0xfc, 0x16, 0x22, 0xb6, 0xe1, 0x1f, 0x2c, 0xba, 0x94,
    0x1d, 0x2d, 0xba, 0x29, 0x13, 0x25, 0xad, 0x00, 0x22, 0x31, 0xb3, 0x02, 0x3a, 0x47, 0xbd, 0x03,
    0x2d, 0x32, 0x9e, 0x00, 0x38, 0x3a, 0x8e, 0x00, 0x5d, 0x60, 0x8f, 0x00, 0x62, 0x61, 0x78, 0x00,
    0x69, 0x61, 0x6c, 0x00, 0x71, 0x63, 0x6a, 0x00, 0x73, 0x5f, 0x70, 0x00, 0x73, 0x5d, 0x70, 0x00,
    0x00, 0x00, 0x00, 0x00, 0x00, 0x00, 0x00, 0x00, 0x00, 0x00, 0x00, 0x00, 0x00, 0x00, 0x00, 0x00,
    0x00, 0x00, 0x00, 0x00, 0x00, 0x00, 0x00, 0x00, 0x00, 0x00, 0x00, 0x00, 0x00, 0x00, 0x00, 0x00,
    0x00, 0x00, 0x00, 0x00, 0x00, 0x00, 0x00, 0x00, 0x00, 0x00, 0x00, 0x00, 0x00, 0x00, 0x00, 0x00,
    0x00, 0x00, 0x00, 0x00, 0x00, 0x00, 0x00, 0x00, 0x00, 0x00, 0x00, 0x00, 0x00, 0x00, 0x00, 0x00,
    0x00, 0x00, 0x00, 0x00, 0x00, 0x00, 0x00, 0x00, 0x00, 0x00, 0x00, 0x00, 0x00, 0x00, 0x00, 0x00,
    0x00, 0x00, 0x00, 0x00, 0x00, 0x00, 0x00, 0x00, 0x00, 0x00, 0x00, 0x00, 0x00, 0x00, 0x00, 0x00,
    0x00, 0x00, 0x00, 0x00, 0x00, 0x00, 0x00, 0x00, 0x00, 0x00, 0x00, 0x00, 0x00, 0x00, 0x00, 0x00,
    0x00, 0x00, 0x02, 0x00, 0x00, 0x00, 0x02, 0x00, 0x00, 0x00, 0x02, 0x00, 0x00, 0x00, 0x02, 0x00,
    0x36, 0x35, 0x37, 0x00, 0x36, 0x35, 0x37, 0x00, 0x36, 0x35, 0x37, 0x00, 0x36, 0x35, 0x37, 0x00,
    0x36, 0x34, 0x39, 0x00, 0x38, 0x34, 0x39, 0x00, 0x38, 0x34, 0x39, 0x00, 0x38, 0x34, 0x37, 0x00,
    0x24, 0x21, 0x22, 0x00, 0x22, 0x23, 0x20, 0x00, 0x22, 0x23, 0x20, 0x00, 0x22, 0x23, 0x20, 0x00,
    0x25, 0x23, 0x21, 0x00, 0x26, 0x25, 0x23, 0x00, 0x28, 0x27, 0x25, 0x00, 0x2a, 0x28, 0x26, 0x00,
    0x2b, 0x29, 0x27, 0x00, 0x2c, 0x2a, 0x28, 0x00, 0x2e, 0x2d, 0x2b, 0x00, 0x2f, 0x2e, 0x2c, 0x00,
    0x31, 0x2f, 0x2d, 0x00, 0x31, 0x2f, 0x2d, 0x00, 0x31, 0x2f, 0x2d, 0x00, 0x31, 0x2f, 0x2d, 0x00,
    0x56, 0x56, 0x56, 0x00, 0x56, 0x56, 0x5d, 0x00, 0x4e, 0x53, 0x60, 0x00, 0x44, 0x4e, 0x6d, 0x00,
    0x42, 0x4f, 0x88, 0x00, 0x2e, 0x38, 0x98, 0x00, 0x15, 0x1a, 0xaf, 0x01, 0x05, 0x07, 0xb6, 0x03,
    0x1b, 0x20, 0xcf, 0x00, 0x19, 0x21, 0xc6, 0x00, 0x45, 0x53, 0xe7, 0x05, 0x21, 0x31, 0xc0, 0x41,
    0x18, 0x23, 0xbe, 0x82, 0x1f, 0x28, 0xca, 0xb2, 0x15, 0x1f, 0xc4, 0xd6, 0x1d, 0x27, 0xcc, 0xee,
    0x13, 0x21, 0xc0, 0xfa, 0x13, 0x22, 0xbf, 0xfe, 0x11, 0x22, 0xbf, 0xfc, 0x11, 0x22, 0xbf, 0xf4,
    0x0e, 0x20, 0xbd, 0xe1, 0x1c, 0x2e, 0xcb, 0xc0, 0x0f, 0x21, 0xbe, 0x95, 0x14, 0x23, 0xb5, 0x5a,
    0x33, 0x3f, 0xbc, 0x18, 0x25, 0x2f, 0xad, 0x00, 0x0d, 0x19, 0xab, 0x00, 0x00, 0x06, 0x9d, 0x03,
    0x0c, 0x16, 0xa2, 0x03, 0x1e, 0x26, 0x9b, 0x00, 0x34, 0x38, 0x8b, 0x00, 0x40, 0x3f, 0x78, 0x00,
    0x65, 0x5c, 0x84, 0x00, 0x6d, 0x5c, 0x78, 0x00, 0x71, 0x60, 0x70, 0x00, 0x73, 0x5f, 0x70, 0x00,
    0x71, 0x5c, 0x72, 0x00, 0x71, 0x5b, 0x75, 0x00, 0x00, 0x00, 0x00, 0x00, 0x00, 0x00, 0x00, 0x00,
    0x00, 0x00, 0x00, 0x00, 0x00, 0x00, 0x00, 0x00, 0x00, 0x00, 0x00, 0x00, 0x00, 0x00, 0x00, 0x00,
    0x00, 0x00, 0x00, 0x00, 0x00, 0x00, 0x00, 0x00, 0x00, 0x00, 0x00, 0x00, 0x00, 0x00, 0x00, 0x00,
    0x00, 0x00, 0x00, 0x00, 0x00, 0x00, 0x00, 0x00, 0x00, 0x00, 0x00, 0x00, 0x00, 0x00, 0x00, 0x00,
    0x00, 0x00, 0x00, 0x00, 0x00, 0x00, 0x00, 0x00, 0x00, 0x00, 0x00, 0x00, 0x00, 0x00, 0x00, 0x00,
    0x00, 0x00, 0x00, 0x00, 0x00, 0x00, 0x00, 0x00, 0x00, 0x00, 0x00, 0x00, 0x00, 0x00, 0x00, 0x00,
    0x00, 0x00, 0x00, 0x00, 0x00, 0x00, 0x00, 0x00, 0x00, 0x00, 0x00, 0x00, 0x00, 0x00, 0x00, 0x00,
    0x00, 0x00, 0x00, 0x00, 0x00, 0x00, 0x00, 0x00, 0x00, 0x00, 0x02, 0x00, 0x00, 0x00, 0x02, 0x00,
    0x00, 0x00, 0x02, 0x00, 0x00, 0x00, 0x02, 0x00, 0x36, 0x35, 0x37, 0x00, 0x36, 0x35, 0x37, 0x00,
    0x36, 0x35, 0x37, 0x00, 0x36, 0x35, 0x37, 0x00, 0x38, 0x34, 0x39, 0x00, 0x38, 0x34, 0x39, 0x00,
    0x38, 0x34, 0x39, 0x00, 0x38, 0x34, 0x37, 0x00, 0x24, 0x22, 0x20, 0x00, 0x24, 0x23, 0x1f, 0x00,
    0x24, 0x23, 0x1f, 0x00, 0x24, 0x23, 0x1f, 0x00, 0x27, 0x24, 0x20, 0x00, 0x28, 0x25, 0x21, 0x00,
    0x2a, 0x27, 0x23, 0x00, 0x2c, 0x28, 0x24, 0x00, 0x2d, 0x2a, 0x26, 0x00, 0x2e, 0x2b, 0x27, 0x00,
    0x30, 0x2d, 0x29, 0x00, 0x31, 0x2e, 0x2a, 0x00, 0x33, 0x2f, 0x2b, 0x00, 0x33, 0x2f, 0x2b, 0x00,
    0x33, 0x2f, 0x2b, 0x00, 0x33, 0x2f, 0x2d, 0x00, 0x58, 0x56, 0x56, 0x00, 0x54, 0x56, 0x58, 0x00,
    0x50, 0x54, 0x5d, 0x00, 0x49, 0x52, 0x67, 0x00, 0x41, 0x4f, 0x78, 0x00, 0x35, 0x43, 0x95, 0x00,
    0x27, 0x2c, 0xbf, 0x00, 0x1f, 0x1f, 0xd3, 0x00, 0x18, 0x1c, 0xcd, 0x01, 0x00, 0x00, 0xa2, 0x03,
    0x19, 0x28, 0xb8, 0x01, 0x22, 0x33, 0xbe, 0x00, 0x1b, 0x28, 0xbf, 0x00, 0x6d, 0x77, 0xff, 0x03,
    0x1e, 0x28, 0xcd, 0x1a, 0x1b, 0x25, 0xca, 0x2a, 0x16, 0x26, 0xc2, 0x35, 0x16, 0x27, 0xbf, 0x3d,
    0x14, 0x28, 0xbf, 0x38, 0x14, 0x28, 0xbf, 0x2d, 0x12, 0x25, 0xbd, 0x21, 0x21, 0x34, 0xcc, 0x0b,
    0x14, 0x28, 0xbf, 0x00, 0x17, 0x27, 0xb4, 0x00, 0x00, 0x00, 0x6e, 0x01, 0x04, 0x0c, 0x83, 0x03,
    0x0f, 0x18, 0xad, 0x01, 0x15, 0x1d, 0xbb, 0x00, 0x1e, 0x25, 0xb8, 0x00, 0x28, 0x2e, 0xa3, 0x00,
    0x37, 0x3d, 0x83, 0x00, 0x45, 0x42, 0x6e, 0x00, 0x6b, 0x59, 0x7e, 0x00, 0x73, 0x5b, 0x78, 0x00,
    0x75, 0x5d, 0x73, 0x00, 0x73, 0x5d, 0x70, 0x00, 0x71, 0x5b, 0x75, 0x00, 0x6f, 0x5a, 0x77, 0x00,
    },
};
