/* Auto-generated by scripts/icon/webp2c.py from usb_ok.webp (size=94x94) */
#include "lvgl.h"

const lv_image_dsc_t eos_icon_usb_ok = {
    .header = {
        .magic = LV_IMAGE_HEADER_MAGIC,
        .cf = LV_COLOR_FORMAT_ARGB8888,
        .flags = 0,
        .w = 94,
        .h = 94,
        .stride = 376,
        .reserved_2 = 0,
    },
    .data_size = 35344,
    .data = (const uint8_t[]){
    0x00, 0x00, 0x00, 0x00, 0x00, 0x00, 0x00, 0x00, 0x00, 0x00, 0x00, 0x00, 0x00, 0x00, 0x00, 0x00,
    0x00, 0x00, 0x00, 0x00, 0x00, 0x00, 0x00, 0x00, 0x00, 0x00, 0x00, 0x00, 0x00, 0x00, 0x00, 0x00,
    0x00, 0x00, 0x00, 0x00, 0x00, 0x00, 0x00, 0x00, 0x00, 0x00, 0x00, 0x00, 0x00, 0x00, 0x00, 0x00,
    0x00, 0x00, 0x00, 0x00, 0x00, 0x00, 0x00, 0x00, 0x00, 0x00, 0x00, 0x00, 0x00, 0x00, 0x00, 0x00,
    0x00, 0x00, 0x00, 0x00, 0x00, 0x00, 0x00, 0x00, 0x00, 0x00, 0x00, 0x00, 0x00, 0x00, 0x00, 0x00,
    0x00, 0x00, 0x00, 0x00, 0x00, 0x00, 0x00, 0x00, 0x00, 0x00, 0x00, 0x00, 0x00, 0x00, 0x00, 0x00,
    0xf3, 0xf3, 0xf3, 0x00, 0xf3, 0xf3, 0xf3, 0x00, 0xf3, 0xf3, 0xf3, 0x00, 0xf3, 0xf3, 0xf3, 0x00,
    0xf3, 0xf3, 0xf3, 0x00, 0xf5, 0xf5, 0xf5, 0x00, 0xf5, 0xf5, 0xf5, 0x00, 0xf6, 0xf6, 0xf6, 0x00,
    0xf6, 0xf6, 0xf6, 0x00, 0xf7, 0xf7, 0xf7, 0x00, 0xf7, 0xf7, 0xf7, 0x00, 0xf8, 0xf8, 0xf8, 0x00,
    0xf8, 0xf8, 0xf8, 0x00, 0xf8, 0xf8, 0xf8, 0x00, 0xf8, 0xf8, 0xf8, 0x00, 0xf7, 0xf7, 0xf7, 0x00,
    0xf6, 0xf6, 0xf6, 0x00, 0xf5, 0xf5, 0xf5, 0x00, 0xf5, 0xf5, 0xf5, 0x00, 0xf5, 0xf5, 0xf5, 0x00,
    0xf5, 0xf5, 0xf5, 0x00, 0xf5, 0xf5, 0xf5, 0x00, 0xf3, 0xf3, 0xf3, 0x00, 0xf3, 0xf3, 0xf3, 0x00,
    0xf3, 0xf3, 0xf3, 0x00, 0xf3, 0xf3, 0xf3, 0x00, 0xf2, 0xf2, 0xf2, 0x00, 0xf2, 0xf2, 0xf2, 0x00,
    0xf2, 0xf2, 0xf2, 0x00, 0xf2, 0xf2, 0xf2, 0x00, 0xf2, 0xf2, 0xf2, 0x00, 0xf2, 0xf2, 0xf2, 0x00,
    0xea, 0xea, 0xea, 0x00, 0xea, 0xea, 0xea, 0x00, 0xea, 0xea, 0xea, 0x00, 0xea, 0xea, 0xea, 0x00,
    0xea, 0xea, 0xea, 0x00, 0xea, 0xea, 0xea, 0x00, 0xea, 0xea, 0xea, 0x00, 0xea, 0xea, 0xea, 0x00,
    0x91, 0x8f, 0x8f, 0x00, 0x8d, 0x90, 0x8f, 0x00, 0x85, 0x91, 0x8f, 0x00, 0x87, 0x91, 0x8f, 0x00,
    0x91, 0x8f, 0x8f, 0x00, 0x93, 0x8e, 0x8f, 0x00, 0x8d, 0x90, 0x8f, 0x00, 0x8b, 0x90, 0x8f, 0x00,
    0x00, 0x00, 0x00, 0x00, 0x00, 0x00, 0x00, 0x00, 0x00, 0x00, 0x00, 0x00, 0x00, 0x00, 0x00, 0x00,
    0x00, 0x00, 0x00, 0x00, 0x00, 0x00, 0x00, 0x00, 0x00, 0x00, 0x00, 0x00, 0x00, 0x00, 0x00, 0x00,
    0x00, 0x00, 0x00, 0x00, 0x00, 0x00, 0x00, 0x00, 0x00, 0x00, 0x00, 0x00, 0x00, 0x00, 0x00, 0x00,
    0x00, 0x00, 0x00, 0x00, 0x00, 0x00, 0x00, 0x00, 0x00, 0x00, 0x00, 0x00, 0x00, 0x00, 0x00, 0x00,
    0x00, 0x00, 0x00, 0x00, 0x00, 0x00, 0x00, 0x00, 0x00, 0x00, 0x00, 0x00, 0x00, 0x00, 0x00, 0x00,
    0x00, 0x00, 0x00, 0x00, 0x00, 0x00, 0x00, 0x00, 0x00, 0x00, 0x00, 0x00, 0x00, 0x00, 0x00, 0x00,
    0x00, 0x00, 0x00, 0x00, 0x00, 0x00, 0x00, 0x00, 0x00, 0x00, 0x00, 0x00, 0x00, 0x00, 0x00, 0x00,
    0x00, 0x00, 0x00, 0x00, 0x00, 0x00, 0x00, 0x00, 0x00, 0x00, 0x00, 0x00, 0x00, 0x00, 0x00, 0x00,
    0x00, 0x00, 0x00, 0x00, 0x00, 0x00, 0x00, 0x00, 0x00, 0x00, 0x00, 0x00, 0x00, 0x00, 0x00, 0x00,
    0x00, 0x00, 0x00, 0x00, 0x00, 0x00, 0x00, 0x00, 0x00, 0x00, 0x00, 0x00, 0x00, 0x00, 0x00, 0x00,
    0x00, 0x00, 0x00, 0x00, 0x00, 0x00, 0x00, 0x00, 0x00, 0x00, 0x00, 0x00, 0x00, 0x00, 0x00, 0x00,
    0x00, 0x00, 0x00, 0x00, 0x00, 0x00, 0x00, 0x00, 0xf3, 0xf3, 0xf3, 0x00, 0xf3, 0xf3, 0xf3, 0x00,
    0xf3, 0xf3, 0xf3, 0x00, 0xf3, 0xf3, 0xf3, 0x00, 0xf3, 0xf3, 0xf3, 0x00, 0xf5, 0xf5, 0xf5, 0x00,
    0xf5, 0xf5, 0xf5, 0x00, 0xf6, 0xf6, 0xf6, 0x00, 0xf6, 0xf6, 0xf6, 0x00, 0xf7, 0xf7, 0xf7, 0x00,
    0xf7, 0xf7, 0xf7, 0x00, 0xf8, 0xf8, 0xf8, 0x00, 0xf8, 0xf8, 0xf8, 0x00, 0xf8, 0xf8, 0xf8, 0x00,
    0xf8, 0xf8, 0xf8, 0x00, 0xf7, 0xf7, 0xf7, 0x00, 0xf6, 0xf6, 0xf6, 0x00, 0xf5, 0xf5, 0xf5, 0x00,
    0xf5, 0xf5, 0xf5, 0x00, 0xf5, 0xf5, 0xf5, 0x00, 0xf5, 0xf5, 0xf5, 0x00, 0xf5, 0xf5, 0xf5, 0x00,
    0xf3, 0xf3, 0xf3, 0x00, 0xf3, 0xf3, 0xf3, 0x00, 0xf3, 0xf3, 0xf3, 0x00, 0xf3, 0xf3, 0xf3, 0x00,
    0xf2, 0xf2, 0xf2, 0x00, 0xf2, 0xf2, 0xf2, 0x00, 0xf2, 0xf2, 0xf2, 0x00, 0xf2, 0xf2, 0xf2, 0x00,
    0xf2, 0xf2, 0xf2, 0x00, 0xf2, 0xf2, 0xf2, 0x00, 0xea, 0xea, 0xea, 0x00, 0xea, 0xea, 0xea, 0x00,
    0xea, 0xea, 0xea, 0x00, 0xea, 0xea, 0xea, 0x00, 0xea, 0xea, 0xea, 0x00, 0xea, 0xea, 0xea, 0x00,
    0xea, 0xea, 0xea, 0x00, 0xea, 0xea, 0xea, 0x00, 0x91, 0x8f, 0x8f, 0x00, 0x8d, 0x90, 0x8f, 0x00,
    0x87, 0x91, 0x8f, 0x00, 0x89, 0x90, 0x8f, 0x00, 0x91, 0x8f, 0x8f, 0x00, 0x93, 0x8e, 0x8f, 0x00,
    0x8d, 0x90, 0x8f, 0x00, 0x8b, 0x90, 0x8f, 0x00, 0x00, 0x00, 0x00, 0x00, 0x00, 0x00, 0x00, 0x00,
    0x00, 0x00, 0x00, 0x00, 0x00, 0x00, 0x00, 0x00, 0x00, 0x00, 0x00, 0x00, 0x00, 0x00, 0x00, 0x00,
    0x00, 0x00, 0x00, 0x00, 0x00, 0x00, 0x00, 0x00, 0x00, 0x00, 0x00, 0x00, 0x00, 0x00, 0x00, 0x00,
    0x00, 0x00, 0x00, 0x00, 0x00, 0x00, 0x00, 0x00, 0x00, 0x00, 0x00, 0x00, 0x00, 0x00, 0x00, 0x00,
    0x00, 0x00, 0x00, 0x00, 0x00, 0x00, 0x00, 0x00, 0x00, 0x00, 0x00, 0x00, 0x00, 0x00, 0x00, 0x00,
    0x00, 0x00, 0x00, 0x00, 0x00, 0x00, 0x00, 0x00, 0x00, 0x00, 0x00, 0x00, 0x00, 0x00, 0x00, 0x00,
    0x00, 0x00, 0x00, 0x00, 0x00, 0x00, 0x00, 0x00, 0x00, 0x00, 0x00, 0x00, 0x00, 0x00, 0x00, 0x00,
    0x00, 0x00, 0x00, 0x00, 0x00, 0x00, 0x00, 0x00, 0x00, 0x00, 0x00, 0x00, 0x00, 0x00, 0x00, 0x00,
    0x00, 0x00, 0x00, 0x00, 0x00, 0x00, 0x00, 0x00, 0x00, 0x00, 0x00, 0x00, 0x00, 0x00, 0x00, 0x00,
    0x00, 0x00, 0x00, 0x00, 0x00, 0x00, 0x00, 0x00, 0x00, 0x00, 0x00, 0x00, 0x00, 0x00, 0x00, 0x00,
    0x00, 0x00, 0x00, 0x00, 0x00, 0x00, 0x00, 0x00, 0x00, 0x00, 0x00, 0x00, 0x00, 0x00, 0x00, 0x00,
    0x00, 0x00, 0x00, 0x00, 0x00, 0x00, 0x00, 0x00, 0x00, 0x00, 0x00, 0x00, 0x00, 0x00, 0x00, 0x00,
    0xf3, 0xf3, 0xf3, 0x00, 0xf3, 0xf3, 0xf3, 0x00, 0xf3, 0xf3, 0xf3, 0x00, 0xf3, 0xf3, 0xf3, 0x00,
    0xf3, 0xf3, 0xf3, 0x00, 0xf5, 0xf5, 0xf5, 0x00, 0xf5, 0xf5, 0xf5, 0x00, 0xf6, 0xf6, 0xf6, 0x00,
    0xf6, 0xf6, 0xf6, 0x00, 0xf7, 0xf7, 0xf7, 0x00, 0xf7, 0xf7, 0xf7, 0x00, 0xf8, 0xf8, 0xf8, 0x00,
    0xf8, 0xf8, 0xf8, 0x00, 0xf8, 0xf8, 0xf8, 0x00, 0xf8, 0xf8, 0xf8, 0x00, 0xf7, 0xf7, 0xf7, 0x00,
    0xf6, 0xf6, 0xf6, 0x00, 0xf5, 0xf5, 0xf5, 0x00, 0xf5, 0xf5, 0xf5, 0x00, 0xf5, 0xf5, 0xf5, 0x00,
    0xf5, 0xf5, 0xf5, 0x00, 0xf5, 0xf5, 0xf5, 0x00, 0xf3, 0xf3, 0xf3, 0x00, 0xf3, 0xf3, 0xf3, 0x00,
    0xf3, 0xf3, 0xf3, 0x00, 0xf3, 0xf3, 0xf3, 0x00, 0xf2, 0xf2, 0xf2, 0x00, 0xf2, 0xf2, 0xf2, 0x00,
    0xf2, 0xf2, 0xf2, 0x00, 0xf2, 0xf2, 0xf2, 0x00, 0xf2, 0xf2, 0xf2, 0x00, 0xf2, 0xf2, 0xf2, 0x00,
    0xea, 0xea, 0xea, 0x00, 0xea, 0xea, 0xea, 0x00, 0xea, 0xea, 0xea, 0x00, 0xea, 0xea, 0xea, 0x00,
    0xea, 0xea, 0xea, 0x00, 0xea, 0xea, 0xea, 0x00, 0xea, 0xea, 0xea, 0x00, 0xea, 0xea, 0xea, 0x00,
    0x8f, 0x8f, 0x8f, 0x00, 0x8f, 0x8f, 0x8f, 0x00, 0x8d, 0x90, 0x8f, 0x00, 0x8f, 0x8f, 0x8f, 0x00,
    0x93, 0x8e, 0x8f, 0x00, 0x93, 0x8e, 0x8f, 0x00, 0x8f, 0x8f, 0x8f, 0x00, 0x8d, 0x90, 0x8f, 0x00,
    0x00, 0x00, 0x00, 0x00, 0x00, 0x00, 0x00, 0x00, 0x00, 0x00, 0x00, 0x00, 0x00, 0x00, 0x00, 0x00,
    0x00, 0x00, 0x00, 0x00, 0x00, 0x00, 0x00, 0x00, 0x00, 0x00, 0x00, 0x00, 0x00, 0x00, 0x00, 0x00,
    0x00, 0x00, 0x00, 0x00, 0x00, 0x00, 0x00, 0x00, 0x00, 0x00, 0x00, 0x00, 0x00, 0x00, 0x00, 0x00,
    0x00, 0x00, 0x00, 0x00, 0x00, 0x00, 0x00, 0x00, 0x00, 0x00, 0x00, 0x00, 0x00, 0x00, 0x00, 0x00,
    0x00, 0x00, 0x00, 0x00, 0x00, 0x00, 0x00, 0x00, 0x00, 0x00, 0x00, 0x00, 0x00, 0x00, 0x00, 0x00,
    0x00, 0x00, 0x00, 0x00, 0x00, 0x00, 0x00, 0x00, 0x00, 0x00, 0x00, 0x00, 0x00, 0x00, 0x00, 0x00,
    0x00, 0x00, 0x00, 0x00, 0x00, 0x00, 0x00, 0x00, 0x00, 0x00, 0x00, 0x00, 0x00, 0x00, 0x00, 0x00,
    0x00, 0x00, 0x00, 0x00, 0x00, 0x00, 0x00, 0x00, 0x00, 0x00, 0x00, 0x00, 0x00, 0x00, 0x00, 0x00,
    0x00, 0x00, 0x00, 0x00, 0x00, 0x00, 0x00, 0x00, 0x00, 0x00, 0x00, 0x00, 0x00, 0x00, 0x00, 0x00,
    0x00, 0x00, 0x00, 0x00, 0x00, 0x00, 0x00, 0x00, 0x00, 0x00, 0x00, 0x00, 0x00, 0x00, 0x00, 0x00,
    0x00, 0x00, 0x00, 0x00, 0x00, 0x00, 0x00, 0x00, 0x00, 0x00, 0x00, 0x00, 0x00, 0x00, 0x00, 0x00,
    0x00, 0x00, 0x00, 0x00, 0x00, 0x00, 0x00, 0x00, 0xf3, 0xf3, 0xf3, 0x00, 0xf3, 0xf3, 0xf3, 0x00,
    0xf3, 0xf3, 0xf3, 0x00, 0xf3, 0xf3, 0xf3, 0x00, 0xf3, 0xf3, 0xf3, 0x00, 0xf5, 0xf5, 0xf5, 0x00,
    0xf5, 0xf5, 0xf5, 0x00, 0xf6, 0xf6, 0xf6, 0x00, 0xf6, 0xf6, 0xf6, 0x00, 0xf7, 0xf7, 0xf7, 0x00,
    0xf7, 0xf7, 0xf7, 0x00, 0xf8, 0xf8, 0xf8, 0x00, 0xf8, 0xf8, 0xf8, 0x00, 0xf8, 0xf8, 0xf8, 0x00,
    0xf8, 0xf8, 0xf8, 0x00, 0xf7, 0xf7, 0xf7, 0x00, 0xf6, 0xf6, 0xf6, 0x00, 0xf5, 0xf5, 0xf5, 0x00,
    0xf5, 0xf5, 0xf5, 0x00, 0xf5, 0xf5, 0xf5, 0x00, 0xf5, 0xf5, 0xf5, 0x00, 0xf5, 0xf5, 0xf5, 0x00,
    0xf3, 0xf3, 0xf3, 0x00, 0xf3, 0xf3, 0xf3, 0x00, 0xf3, 0xf3, 0xf3, 0x00, 0xf3, 0xf3, 0xf3, 0x00,
    0xf2, 0xf2, 0xf2, 0x00, 0xf2, 0xf2, 0xf2, 0x00, 0xf2, 0xf2, 0xf2, 0x00, 0xf2, 0xf2, 0xf2, 0x00,
    0xf2, 0xf2, 0xf2, 0x00, 0xf2, 0xf2, 0xf2, 0x00, 0xea, 0xea, 0xea, 0x00, 0xea, 0xea, 0xea, 0x00,
    0xea, 0xea, 0xea, 0x00, 0xea, 0xea, 0xea, 0x00, 0xea, 0xea, 0xea, 0x00, 0xea, 0xea, 0xea, 0x00,
    0xea, 0xea, 0xea, 0x00, 0xea, 0xea, 0xea, 0x00, 0x8f, 0x8f, 0x8f, 0x00, 0x8f, 0x8f, 0x8f, 0x00,
    0x93, 0x8e, 0x8f, 0x00, 0x95, 0x8e, 0x8f, 0x00, 0x97, 0x8e, 0x8f, 0x00, 0x95, 0x8e, 0x8f, 0x00,
    0x91, 0x8f, 0x8f, 0x00, 0x8f, 0x8f, 0x8f, 0x00, 0x00, 0x00, 0x00, 0x00, 0x00, 0x00, 0x00, 0x00,
    0x00, 0x00, 0x00, 0x00, 0x00, 0x00, 0x00, 0x00, 0x00, 0x00, 0x00, 0x00, 0x00, 0x00, 0x00, 0x00,
    0x00, 0x00, 0x00, 0x00, 0x00, 0x00, 0x00, 0x00, 0x00, 0x00, 0x00, 0x00, 0x00, 0x00, 0x00, 0x00,
    0x00, 0x00, 0x00, 0x00, 0x00, 0x00, 0x00, 0x00, 0x00, 0x00, 0x00, 0x00, 0x00, 0x00, 0x00, 0x00,
    0x00, 0x00, 0x00, 0x00, 0x00, 0x00, 0x00, 0x00, 0x00, 0x00, 0x00, 0x00, 0x00, 0x00, 0x00, 0x00,
    0x00, 0x00, 0x00, 0x00, 0x00, 0x00, 0x00, 0x00, 0x00, 0x00, 0x00, 0x00, 0x00, 0x00, 0x00, 0x00,
    0x00, 0x00, 0x00, 0x00, 0x00, 0x00, 0x00, 0x00, 0x00, 0x00, 0x00, 0x00, 0x00, 0x00, 0x00, 0x00,
    0x00, 0x00, 0x00, 0x00, 0x00, 0x00, 0x00, 0x00, 0x00, 0x00, 0x00, 0x00, 0x00, 0x00, 0x00, 0x00,
    0x00, 0x00, 0x00, 0x00, 0x00, 0x00, 0x00, 0x00, 0x00, 0x00, 0x00, 0x00, 0x00, 0x00, 0x00, 0x00,
    0x00, 0x00, 0x00, 0x00, 0x00, 0x00, 0x00, 0x00, 0x00, 0x00, 0x00, 0x00, 0x00, 0x00, 0x00, 0x00,
    0x00, 0x00, 0x00, 0x00, 0x00, 0x00, 0x00, 0x00, 0x00, 0x00, 0x00, 0x00, 0x00, 0x00, 0x00, 0x00,
    0x00, 0x00, 0x00, 0x00, 0x00, 0x00, 0x00, 0x00, 0x00, 0x00, 0x00, 0x00, 0x00, 0x00, 0x00, 0x00,
    0xf3, 0xf3, 0xf3, 0x00, 0xf3, 0xf3, 0xf3, 0x00, 0xf3, 0xf3, 0xf3, 0x00, 0xf3, 0xf3, 0xf3, 0x00,
    0xec, 0xec, 0xec, 0x00, 0xf3, 0xf3, 0xf3, 0x00, 0xd6, 0xd6, 0xd6, 0x03, 0xf8, 0xf8, 0xf8, 0x03,
    0xfe, 0xfd, 0xff, 0x03, 0xfe, 0xfd, 0xff, 0x03, 0xfe, 0xfd, 0xff, 0x03, 0xfe, 0xfd, 0xff, 0x03,
    0xfe, 0xfd, 0xff, 0x03, 0xfe, 0xfd, 0xff, 0x03, 0xfe, 0xfd, 0xff, 0x03, 0xfe, 0xfd, 0xff, 0x03,
    0xff, 0xfe, 0xff, 0x03, 0xff, 0xfe, 0xff, 0x03, 0xff, 0xfe, 0xff, 0x03, 0xff, 0xfe, 0xff, 0x03,
    0xff, 0xfe, 0xff, 0x03, 0xff, 0xfe, 0xff, 0x03, 0xfe, 0xfd, 0xff, 0x03, 0xfe, 0xfd, 0xff, 0x03,
    0xfe, 0xfd, 0xff, 0x03, 0xfe, 0xfd, 0xff, 0x03, 0xfd, 0xfc, 0xfe, 0x03, 0xfd, 0xfc, 0xfe, 0x03,
    0xff, 0xff, 0xff, 0x03, 0xff, 0xff, 0xff, 0x03, 0xff, 0xff, 0xff, 0x03, 0xff, 0xff, 0xff, 0x03,
    0xff, 0xff, 0xff, 0x03, 0xff, 0xfe, 0xff, 0x03, 0xff, 0xfe, 0xff, 0x03, 0xff, 0xfe, 0xff, 0x03,
    0xfe, 0xfe, 0xfe, 0x03, 0xff, 0xff, 0xff, 0x03, 0xfd, 0xfd, 0xfd, 0x03, 0xc0, 0xc0, 0xc0, 0x04,
    0xfc, 0xfd, 0xff, 0x01, 0x94, 0x90, 0x93, 0x00, 0x95, 0x89, 0x8b, 0x00, 0x9d, 0x8c, 0x8f, 0x00,
    0x9b, 0x8d, 0x8f, 0x00, 0x97, 0x8e, 0x8f, 0x00, 0x93, 0x8e, 0x8f, 0x00, 0x8f, 0x8f, 0x8f, 0x00,
    0x00, 0x00, 0x00, 0x00, 0x00, 0x00, 0x00, 0x00, 0x00, 0x00, 0x00, 0x00, 0x00, 0x00, 0x00, 0x00,
    0x00, 0x00, 0x00, 0x00, 0x00, 0x00, 0x00, 0x00, 0x00, 0x00, 0x00, 0x00, 0x00, 0x00, 0x00, 0x00,
    0x00, 0x00, 0x00, 0x00, 0x00, 0x00, 0x00, 0x00, 0x00, 0x00, 0x00, 0x00, 0x00, 0x00, 0x00, 0x00,
    0x00, 0x00, 0x00, 0x00, 0x00, 0x00, 0x00, 0x00, 0x00, 0x00, 0x00, 0x00, 0x00, 0x00, 0x00, 0x00,
    0x00, 0x00, 0x00, 0x00, 0x00, 0x00, 0x00, 0x00, 0x00, 0x00, 0x00, 0x00, 0x00, 0x00, 0x00, 0x00,
    0x00, 0x00, 0x00, 0x00, 0x00, 0x00, 0x00, 0x00, 0x00, 0x00, 0x00, 0x00, 0x00, 0x00, 0x00, 0x00,
    0x00, 0x00, 0x00, 0x00, 0x00, 0x00, 0x00, 0x00, 0x00, 0x00, 0x00, 0x00, 0x00, 0x00, 0x00, 0x00,
    0x00, 0x00, 0x00, 0x00, 0x00, 0x00, 0x00, 0x00, 0x00, 0x00, 0x00, 0x00, 0x00, 0x00, 0x00, 0x00,
    0x00, 0x00, 0x00, 0x00, 0x00, 0x00, 0x00, 0x00, 0x00, 0x00, 0x00, 0x00, 0x00, 0x00, 0x00, 0x00,
    0x00, 0x00, 0x00, 0x00, 0x00, 0x00, 0x00, 0x00, 0x00, 0x00, 0x00, 0x00, 0x00, 0x00, 0x00, 0x00,
    0x00, 0x00, 0x00, 0x00, 0x00, 0x00, 0x00, 0x00, 0x00, 0x00, 0x00, 0x00, 0x00, 0x00, 0x00, 0x00,
    0x00, 0x00, 0x00, 0x00, 0x00, 0x00, 0x00, 0x00, 0xf3, 0xf3, 0xf3, 0x00, 0xf3, 0xf3, 0xf3, 0x00,
    0xf3, 0xf3, 0xf3, 0x00, 0xf3, 0xf3, 0xf3, 0x00, 0xf3, 0xf3, 0xf3, 0x00, 0xf7, 0xf7, 0xf7, 0x00,
    0xf2, 0xf2, 0xf2, 0x00, 0xf6, 0xf6, 0xf6, 0x00, 0xf6, 0xf5, 0xf7, 0x00, 0xf6, 0xf5, 0xf7, 0x00,
    0xf6, 0xf5, 0xf7, 0x00, 0xf6, 0xf5, 0xf7, 0x00, 0xf6, 0xf5, 0xf7, 0x00, 0xf6, 0xf5, 0xf7, 0x00,
    0xf6, 0xf5, 0xf7, 0x00, 0xf5, 0xf4, 0xf6, 0x00, 0xf5, 0xf4, 0xf6, 0x00, 0xf3, 0xf3, 0xf5, 0x00,
    0xf3, 0xf3, 0xf5, 0x00, 0xf3, 0xf3, 0xf5, 0x00, 0xf3, 0xf3, 0xf5, 0x00, 0xf3, 0xf3, 0xf5, 0x00,
    0xf2, 0xf1, 0xf4, 0x00, 0xf2, 0xf1, 0xf4, 0x00, 0xf2, 0xf1, 0xf4, 0x00, 0xf2, 0xf1, 0xf4, 0x00,
    0xf2, 0xf1, 0xf4, 0x00, 0xf2, 0xf1, 0xf4, 0x00, 0xf2, 0xf1, 0xf4, 0x00, 0xf2, 0xf1, 0xf4, 0x00,
    0xf3, 0xf3, 0xf5, 0x00, 0xf3, 0xf3, 0xf5, 0x00, 0xeb, 0xea, 0xed, 0x00, 0xeb, 0xea, 0xed, 0x00,
    0xeb, 0xea, 0xed, 0x00, 0xea, 0xe9, 0xec, 0x00, 0xea, 0xea, 0xea, 0x00, 0xea, 0xea, 0xea, 0x00,
    0xeb, 0xeb, 0xeb, 0x00, 0xeb, 0xeb, 0xeb, 0x00, 0x87, 0x89, 0x8b, 0x00, 0x91, 0x8b, 0x8e, 0x00,
    0x9c, 0x86, 0x89, 0x00, 0xa8, 0x8d, 0x92, 0x00, 0x9f, 0x8c, 0x8f, 0x00, 0x99, 0x8d, 0x8f, 0x00,
    0x93, 0x8e, 0x8f, 0x00, 0x91, 0x8f, 0x8f, 0x00, 0x00, 0x00, 0x00, 0x00, 0x00, 0x00, 0x00, 0x00,
    0x00, 0x00, 0x00, 0x00, 0x00, 0x00, 0x00, 0x00, 0x00, 0x00, 0x00, 0x00, 0x00, 0x00, 0x00, 0x00,
    0x00, 0x00, 0x00, 0x00, 0x00, 0x00, 0x00, 0x00, 0x00, 0x00, 0x00, 0x00, 0x00, 0x00, 0x00, 0x00,
    0x00, 0x00, 0x00, 0x00, 0x00, 0x00, 0x00, 0x00, 0x00, 0x00, 0x00, 0x00, 0x00, 0x00, 0x00, 0x00,
    0x00, 0x00, 0x00, 0x00, 0x00, 0x00, 0x00, 0x00, 0x00, 0x00, 0x00, 0x00, 0x00, 0x00, 0x00, 0x00,
    0x00, 0x00, 0x00, 0x00, 0x00, 0x00, 0x00, 0x00, 0x00, 0x00, 0x00, 0x00, 0x00, 0x00, 0x00, 0x00,
    0x00, 0x00, 0x00, 0x00, 0x00, 0x00, 0x00, 0x00, 0x00, 0x00, 0x00, 0x00, 0x00, 0x00, 0x00, 0x00,
    0x00, 0x00, 0x00, 0x00, 0x00, 0x00, 0x00, 0x00, 0x00, 0x00, 0x00, 0x00, 0x00, 0x00, 0x00, 0x00,
    0x00, 0x00, 0x00, 0x00, 0x00, 0x00, 0x00, 0x00, 0x00, 0x00, 0x00, 0x00, 0x00, 0x00, 0x00, 0x00,
    0x00, 0x00, 0x00, 0x00, 0x00, 0x00, 0x00, 0x00, 0x00, 0x00, 0x00, 0x00, 0x00, 0x00, 0x00, 0x00,
    0x00, 0x00, 0x00, 0x00, 0x00, 0x00, 0x00, 0x00, 0x00, 0x00, 0x00, 0x00, 0x00, 0x00, 0x00, 0x00,
    0x00, 0x00, 0x00, 0x00, 0x00, 0x00, 0x00, 0x00, 0x00, 0x00, 0x00, 0x00, 0x00, 0x00, 0x00, 0x00,
    0xf3, 0xf3, 0xf3, 0x00, 0xf3, 0xf3, 0xf3, 0x00, 0xf1, 0xf4, 0xf3, 0x00, 0xf1, 0xf4, 0xf3, 0x00,
    0xf9, 0xf9, 0xf9, 0x01, 0xf7, 0xf7, 0xf7, 0x00, 0xfc, 0xfb, 0xfc, 0x56, 0xf8, 0xf8, 0xf8, 0x91,
    0xf8, 0xfa, 0xfc, 0x8b, 0xf8, 0xfa, 0xfc, 0x8c, 0xf8, 0xfa, 0xfc, 0x8c, 0xf8, 0xfa, 0xfc, 0x8c,
    0xf8, 0xfa, 0xfc, 0x8c, 0xf8, 0xfa, 0xfc, 0x8d, 0xf8, 0xfa, 0xfc, 0x8d, 0xf8, 0xfa, 0xfc, 0x8c,
    0xf4, 0xf5, 0xf7, 0x8d, 0xf4, 0xf5, 0xf7, 0x8d, 0xf4, 0xf5, 0xf7, 0x8d, 0xf4, 0xf5, 0xf7, 0x8d,
    0xf4, 0xf5, 0xf7, 0x8d, 0xf4, 0xf5, 0xf7, 0x8d, 0xf2, 0xf4, 0xf6, 0x8d, 0xf2, 0xf4, 0xf6, 0x8d,
    0xf5, 0xf4, 0xf6, 0x8d, 0xf5, 0xf4, 0xf6, 0x8d, 0xf3, 0xf3, 0xf5, 0x8d, 0xf3, 0xf3, 0xf5, 0x8d,
    0xf2, 0xf1, 0xf4, 0x8d, 0xf2, 0xf1, 0xf4, 0x8d, 0xf2, 0xf1, 0xf4, 0x8d, 0xf2, 0xf1, 0xf4, 0x8d,
    0xea, 0xe9, 0xec, 0x8d, 0xea, 0xe9, 0xec, 0x8d, 0xea, 0xe9, 0xec, 0x8d, 0xea, 0xe9, 0xec, 0x8d,
    0xe3, 0xe3, 0xe3, 0x8d, 0xeb, 0xeb, 0xeb, 0x8c, 0xe7, 0xe7, 0xe7, 0x91, 0xd7, 0xd7, 0xd7, 0x78,
    0xa8, 0xaa, 0xac, 0x09, 0x98, 0x90, 0x93, 0x00, 0x41, 0x24, 0x29, 0x01, 0xaf, 0x8d, 0x93, 0x00,
    0xa3, 0x8b, 0x8f, 0x00, 0x9b, 0x8d, 0x8f, 0x00, 0x95, 0x8e, 0x8f, 0x00, 0x91, 0x8f, 0x8f, 0x00,
    0x00, 0x00, 0x00, 0x00, 0x00, 0x00, 0x00, 0x00, 0x00, 0x00, 0x00, 0x00, 0x00, 0x00, 0x00, 0x00,
    0x00, 0x00, 0x00, 0x00, 0x00, 0x00, 0x00, 0x00, 0x00, 0x00, 0x00, 0x00, 0x00, 0x00, 0x00, 0x00,
    0x00, 0x00, 0x00, 0x00, 0x00, 0x00, 0x00, 0x00, 0x00, 0x00, 0x00, 0x00, 0x00, 0x00, 0x00, 0x00,
    0x00, 0x00, 0x00, 0x00, 0x00, 0x00, 0x00, 0x00, 0x00, 0x00, 0x00, 0x00, 0x00, 0x00, 0x00, 0x00,
    0x00, 0x00, 0x00, 0x00, 0x00, 0x00, 0x00, 0x00, 0x00, 0x00, 0x00, 0x00, 0x00, 0x00, 0x00, 0x00,
    0x00, 0x00, 0x00, 0x00, 0x00, 0x00, 0x00, 0x00, 0x00, 0x00, 0x00, 0x00, 0x00, 0x00, 0x00, 0x00,
    0x00, 0x00, 0x00, 0x00, 0x00, 0x00, 0x00, 0x00, 0x00, 0x00, 0x00, 0x00, 0x00, 0x00, 0x00, 0x00,
    0x00, 0x00, 0x00, 0x00, 0x00, 0x00, 0x00, 0x00, 0x00, 0x00, 0x00, 0x00, 0x00, 0x00, 0x00, 0x00,
    0x00, 0x00, 0x00, 0x00, 0x00, 0x00, 0x00, 0x00, 0x00, 0x00, 0x00, 0x00, 0x00, 0x00, 0x00, 0x00,
    0x00, 0x00, 0x00, 0x00, 0x00, 0x00, 0x00, 0x00, 0x00, 0x00, 0x00, 0x00, 0x00, 0x00, 0x00, 0x00,
    0x00, 0x00, 0x00, 0x00, 0x00, 0x00, 0x00, 0x00, 0x00, 0x00, 0x00, 0x00, 0x00, 0x00, 0x00, 0x00,
    0x00, 0x00, 0x00, 0x00, 0x00, 0x00, 0x00, 0x00, 0xf3, 0xf4, 0xf2, 0x00, 0xf3, 0xf4, 0xf2, 0x00,
    0xf1, 0xf5, 0xf2, 0x00, 0xef, 0xf4, 0xf3, 0x00, 0xf4, 0xfb, 0xfc, 0x01, 0xeb, 0xf1, 0xf3, 0x00,
    0xe7, 0xeb, 0xed, 0xcf, 0xfb, 0xfd, 0xfd, 0xff, 0xf0, 0xf2, 0xf4, 0xfe, 0xf0, 0xf2, 0xf4, 0xff,
    0xf0, 0xf2, 0xf4, 0xff, 0xf0, 0xf2, 0xf4, 0xff, 0xf0, 0xf2, 0xf4, 0xff, 0xf0, 0xf2, 0xf4, 0xff,
    0xf0, 0xf2, 0xf4, 0xff, 0xf0, 0xf2, 0xf4, 0xff, 0xe8, 0xea, 0xec, 0xff, 0xe8, 0xea, 0xec, 0xff,
    0xe8, 0xea, 0xec, 0xff, 0xe8, 0xea, 0xec, 0xff, 0xe8, 0xea, 0xec, 0xff, 0xe8, 0xea, 0xec, 0xff,
    0xe7, 0xe8, 0xea, 0xff, 0xe7, 0xe8, 0xea, 0xff, 0xe9, 0xe8, 0xea, 0xff, 0xe9, 0xe8, 0xea, 0xff,
    0xe8, 0xe7, 0xe9, 0xff, 0xe8, 0xe7, 0xe9, 0xff, 0xe3, 0xe2, 0xe5, 0xff, 0xe3, 0xe2, 0xe5, 0xff,
    0xe3, 0xe2, 0xe5, 0xff, 0xe2, 0xe1, 0xe3, 0xff, 0xe2, 0xe1, 0xe3, 0xff, 0xe1, 0xe0, 0xe2, 0xff,
    0xe1, 0xe0, 0xe2, 0xff, 0xe1, 0xe0, 0xe2, 0xff, 0xea, 0xe9, 0xec, 0xff, 0xdd, 0xdc, 0xdf, 0xfe,
    0xe5, 0xe5, 0xe7, 0xff, 0xcc, 0xcb, 0xcd, 0xf2, 0x83, 0x84, 0x86, 0x2f, 0x8e, 0x86, 0x8a, 0x00,
    0x91, 0x79, 0x7d, 0x02, 0xad, 0x90, 0x95, 0x00, 0x9f, 0x8c, 0x8f, 0x00, 0x99, 0x8d, 0x8f, 0x00,
    0x93, 0x8e, 0x8f, 0x00, 0x91, 0x8f, 0x8f, 0x00, 0x00, 0x00, 0x00, 0x00, 0x00, 0x00, 0x00, 0x00,
    0x00, 0x00, 0x00, 0x00, 0x00, 0x00, 0x00, 0x00, 0x00, 0x00, 0x00, 0x00, 0x00, 0x00, 0x00, 0x00,
    0x00, 0x00, 0x00, 0x00, 0x00, 0x00, 0x00, 0x00, 0x00, 0x00, 0x00, 0x00, 0x00, 0x00, 0x00, 0x00,
    0x00, 0x00, 0x00, 0x00, 0x00, 0x00, 0x00, 0x00, 0x00, 0x00, 0x00, 0x00, 0x00, 0x00, 0x00, 0x00,
    0x00, 0x00, 0x00, 0x00, 0x00, 0x00, 0x00, 0x00, 0x00, 0x00, 0x00, 0x00, 0x00, 0x00, 0x00, 0x00,
    0x00, 0x00, 0x00, 0x00, 0x00, 0x00, 0x00, 0x00, 0x00, 0x00, 0x00, 0x00, 0x00, 0x00, 0x00, 0x00,
    0x00, 0x00, 0x00, 0x00, 0x00, 0x00, 0x00, 0x00, 0x00, 0x00, 0x00, 0x00, 0x00, 0x00, 0x00, 0x00,
    0x00, 0x00, 0x00, 0x00, 0x00, 0x00, 0x00, 0x00, 0x00, 0x00, 0x00, 0x00, 0x00, 0x00, 0x00, 0x00,
    0x00, 0x00, 0x00, 0x00, 0x00, 0x00, 0x00, 0x00, 0x00, 0x00, 0x00, 0x00, 0x00, 0x00, 0x00, 0x00,
    0x00, 0x00, 0x00, 0x00, 0x00, 0x00, 0x00, 0x00, 0x00, 0x00, 0x00, 0x00, 0x00, 0x00, 0x00, 0x00,
    0x00, 0x00, 0x00, 0x00, 0x00, 0x00, 0x00, 0x00, 0x00, 0x00, 0x00, 0x00, 0x00, 0x00, 0x00, 0x00,
    0x00, 0x00, 0x00, 0x00, 0x00, 0x00, 0x00, 0x00, 0x00, 0x00, 0x00, 0x00, 0x00, 0x01, 0x00, 0x00,
    0x9d, 0xa0, 0x97, 0x00, 0x9c, 0x9f, 0x96, 0x00, 0xa0, 0xa5, 0x9d, 0x00, 0x00, 0x00, 0x00, 0x01,
    0x92, 0xa3, 0xa7, 0x00, 0x43, 0x53, 0x59, 0x03, 0xdb, 0xe6, 0xe9, 0xc8, 0xd9, 0xdd, 0xdf, 0xff,
    0xd5, 0xd7, 0xd9, 0xf9, 0xd5, 0xd7, 0xd9, 0xfb, 0xd5, 0xd7, 0xd9, 0xfb, 0xd5, 0xd7, 0xd9, 0xfb,
    0xd5, 0xd7, 0xd9, 0xfb, 0xd5, 0xd7, 0xd9, 0xfb, 0xd5, 0xd7, 0xd9, 0xfb, 0xd5, 0xd7, 0xd9, 0xfb,
    0xd1, 0xd2, 0xd4, 0xfb, 0xd1, 0xd2, 0xd4, 0xfb, 0xd1, 0xd2, 0xd4, 0xfb, 0xd1, 0xd2, 0xd4, 0xfb,
    0xd1, 0xd2, 0xd4, 0xfb, 0xd1, 0xd2, 0xd4, 0xfb, 0xd0, 0xd1, 0xd3, 0xfb, 0xd0, 0xd1, 0xd3, 0xfb,
    0xd2, 0xd1, 0xd3, 0xfb, 0xd2, 0xd1, 0xd3, 0xfb, 0xd0, 0xd0, 0xd2, 0xfb, 0xd0, 0xd0, 0xd2, 0xfb,
    0xcc, 0xca, 0xcf, 0xfb, 0xcc, 0xca, 0xcf, 0xfb, 0xcc, 0xca, 0xcf, 0xfb, 0xcb, 0xc9, 0xce, 0xfb,
    0xcb, 0xc9, 0xce, 0xfb, 0xc9, 0xc8, 0xcd, 0xfb, 0xc9, 0xc9, 0xcb, 0xfb, 0xc9, 0xc9, 0xcb, 0xfb,
    0xc7, 0xc5, 0xca, 0xfb, 0xc2, 0xc1, 0xc6, 0xfb, 0xc6, 0xc4, 0xc9, 0xfb, 0xb6, 0xb5, 0xb7, 0xed,
    0x70, 0x72, 0x74, 0x31, 0x76, 0x75, 0x77, 0x00, 0x87, 0x7f, 0x83, 0x02, 0x80, 0x76, 0x7a, 0x00,
    0x7e, 0x76, 0x7a, 0x00, 0x7c, 0x76, 0x7a, 0x00, 0x7a, 0x78, 0x78, 0x00, 0x7a, 0x78, 0x78, 0x00,
    0x00, 0x00, 0x00, 0x00, 0x00, 0x00, 0x00, 0x00, 0x00, 0x00, 0x00, 0x00, 0x00, 0x00, 0x00, 0x00,
    0x00, 0x00, 0x00, 0x00, 0x00, 0x00, 0x00, 0x00, 0x00, 0x00, 0x00, 0x00, 0x00, 0x00, 0x00, 0x00,
    0x00, 0x00, 0x00, 0x00, 0x00, 0x00, 0x00, 0x00, 0x00, 0x00, 0x00, 0x00, 0x00, 0x00, 0x00, 0x00,
    0x00, 0x00, 0x00, 0x00, 0x00, 0x00, 0x00, 0x00, 0x00, 0x00, 0x00, 0x00, 0x00, 0x00, 0x00, 0x00,
    0x00, 0x00, 0x00, 0x00, 0x00, 0x00, 0x00, 0x00, 0x00, 0x00, 0x00, 0x00, 0x00, 0x00, 0x00, 0x00,
    0x00, 0x00, 0x00, 0x00, 0x00, 0x00, 0x00, 0x00, 0x00, 0x00, 0x00, 0x00, 0x00, 0x00, 0x00, 0x00,
    0x00, 0x00, 0x00, 0x00, 0x00, 0x00, 0x00, 0x00, 0x00, 0x00, 0x00, 0x00, 0x00, 0x00, 0x00, 0x00,
    0x00, 0x00, 0x00, 0x00, 0x00, 0x00, 0x00, 0x00, 0x00, 0x00, 0x00, 0x00, 0x00, 0x00, 0x00, 0x00,
    0x00, 0x00, 0x00, 0x00, 0x00, 0x00, 0x00, 0x00, 0x00, 0x00, 0x00, 0x00, 0x00, 0x00, 0x00, 0x00,
    0x00, 0x00, 0x00, 0x00, 0x00, 0x00, 0x00, 0x00, 0x00, 0x00, 0x00, 0x00, 0x00, 0x00, 0x00, 0x00,
    0x00, 0x00, 0x00, 0x00, 0x00, 0x00, 0x00, 0x00, 0x00, 0x00, 0x00, 0x00, 0x00, 0x00, 0x00, 0x00,
    0x00, 0x00, 0x00, 0x00, 0x00, 0x01, 0x00, 0x00, 0xa2, 0xa4, 0x9d, 0x00, 0xa0, 0xa2, 0x9b, 0x00,
    0x9b, 0x9f, 0x9a, 0x00, 0x9a, 0xa2, 0xa5, 0x00, 0x90, 0xa2, 0xb1, 0x00, 0x39, 0x4d, 0x5c, 0x03,
    0xd6, 0xe1, 0xe8, 0xcb, 0xe2, 0xe8, 0xe9, 0xff, 0xd3, 0xd7, 0xd9, 0xfd, 0xd5, 0xd7, 0xd9, 0xff,
    0xd5, 0xd7, 0xd9, 0xff, 0xd5, 0xd7, 0xd9, 0xff, 0xd5, 0xd7, 0xd9, 0xff, 0xd5, 0xd7, 0xd9, 0xff,
    0xd5, 0xd7, 0xd9, 0xff, 0xd5, 0xd7, 0xd9, 0xff, 0xd1, 0xd2, 0xd4, 0xff, 0xd1, 0xd2, 0xd4, 0xff,
    0xd1, 0xd2, 0xd4, 0xff, 0xd1, 0xd2, 0xd4, 0xff, 0xd1, 0xd2, 0xd4, 0xff, 0xd1, 0xd2, 0xd4, 0xff,
    0xd0, 0xd1, 0xd3, 0xff, 0xd0, 0xd1, 0xd3, 0xff, 0xd2, 0xd1, 0xd3, 0xff, 0xd2, 0xd1, 0xd3, 0xff,
    0xd0, 0xd0, 0xd2, 0xff, 0xd0, 0xd0, 0xd2, 0xff, 0xcc, 0xca, 0xcf, 0xff, 0xcc, 0xca, 0xcf, 0xff,
    0xcc, 0xca, 0xcf, 0xff, 0xcb, 0xc9, 0xce, 0xff, 0xcb, 0xc9, 0xce, 0xff, 0xc9, 0xc8, 0xcd, 0xff,
    0xc9, 0xc9, 0xcb, 0xff, 0xc9, 0xc8, 0xcd, 0xff, 0xc7, 0xc5, 0xcc, 0xff, 0xc2, 0xc0, 0xc7, 0xfe,
    0xc6, 0xc4, 0xc9, 0xff, 0xb6, 0xb4, 0xb9, 0xf1, 0x70, 0x72, 0x74, 0x31, 0x74, 0x75, 0x77, 0x00,
    0x81, 0x80, 0x83, 0x02, 0x78, 0x77, 0x7a, 0x00, 0x78, 0x77, 0x7a, 0x00, 0x78, 0x77, 0x7a, 0x00,
    0x7a, 0x78, 0x78, 0x00, 0x7a, 0x78, 0x78, 0x00, 0x00, 0x00, 0x00, 0x00, 0x00, 0x00, 0x00, 0x00,
    0x00, 0x00, 0x00, 0x00, 0x00, 0x00, 0x00, 0x00, 0x00, 0x00, 0x00, 0x00, 0x00, 0x00, 0x00, 0x00,
    0x00, 0x00, 0x00, 0x00, 0x00, 0x00, 0x00, 0x00, 0x00, 0x00, 0x00, 0x00, 0x00, 0x00, 0x00, 0x00,
    0x00, 0x00, 0x00, 0x00, 0x00, 0x00, 0x00, 0x00, 0x00, 0x00, 0x00, 0x00, 0x00, 0x00, 0x00, 0x00,
    0x00, 0x00, 0x00, 0x00, 0x00, 0x00, 0x00, 0x00, 0x00, 0x00, 0x00, 0x00, 0x00, 0x00, 0x00, 0x00,
    0x00, 0x00, 0x00, 0x00, 0x00, 0x00, 0x00, 0x00, 0x00, 0x00, 0x00, 0x00, 0x00, 0x00, 0x00, 0x00,
    0x00, 0x00, 0x00, 0x00, 0x00, 0x00, 0x00, 0x00, 0x00, 0x00, 0x00, 0x00, 0x00, 0x00, 0x00, 0x00,
    0x00, 0x00, 0x00, 0x00, 0x00, 0x00, 0x00, 0x00, 0x00, 0x00, 0x00, 0x00, 0x00, 0x00, 0x00, 0x00,
    0x00, 0x00, 0x00, 0x00, 0x00, 0x00, 0x00, 0x00, 0x00, 0x00, 0x00, 0x00, 0x00, 0x00, 0x00, 0x00,
    0x00, 0x00, 0x00, 0x00, 0x00, 0x00, 0x00, 0x00, 0x00, 0x00, 0x00, 0x00, 0x00, 0x00, 0x00, 0x00,
    0x00, 0x00, 0x00, 0x00, 0x00, 0x00, 0x00, 0x00, 0x00, 0x00, 0x00, 0x00, 0x00, 0x00, 0x00, 0x00,
    0x00, 0x00, 0x00, 0x00, 0x00, 0x00, 0x00, 0x00, 0x00, 0x00, 0x00, 0x00, 0x00, 0x00, 0x00, 0x00,
    0x9b, 0x9a, 0x9c, 0x00, 0x9d, 0x9c, 0xa0, 0x00, 0x9d, 0x9d, 0xa4, 0x00, 0x91, 0x97, 0xa6, 0x00,
    0x8b, 0x97, 0xb7, 0x00, 0x0a, 0x1a, 0x37, 0x03, 0xd5, 0xde, 0xea, 0xcb, 0xd5, 0xda, 0xde, 0xff,
    0xd3, 0xd7, 0xd9, 0xfd, 0xd3, 0xd7, 0xd9, 0xff, 0xd3, 0xd7, 0xd9, 0xff, 0xd3, 0xd7, 0xd9, 0xff,
    0xd3, 0xd7, 0xd9, 0xff, 0xd3, 0xd7, 0xd9, 0xff, 0xd3, 0xd7, 0xd9, 0xff, 0xd3, 0xd7, 0xd9, 0xff,
    0xcf, 0xd3, 0xd4, 0xff, 0xcf, 0xd3, 0xd4, 0xff, 0xcf, 0xd3, 0xd4, 0xff, 0xcf, 0xd3, 0xd4, 0xff,
    0xd1, 0xd2, 0xd4, 0xff, 0xd1, 0xd2, 0xd4, 0xff, 0xd0, 0xd1, 0xd3, 0xff, 0xd0, 0xd1, 0xd3, 0xff,
    0xd0, 0xd1, 0xd3, 0xff, 0xd0, 0xd1, 0xd3, 0xff, 0xce, 0xd0, 0xd2, 0xff, 0xce, 0xd0, 0xd2, 0xff,
    0xcc, 0xca, 0xcf, 0xff, 0xcc, 0xca, 0xcf, 0xff, 0xcc, 0xca, 0xcf, 0xff, 0xcb, 0xc9, 0xce, 0xff,
    0xcb, 0xc9, 0xce, 0xff, 0xc9, 0xc8, 0xcd, 0xff, 0xc9, 0xc9, 0xcb, 0xff, 0xc9, 0xc8, 0xcd, 0xff,
    0xc7, 0xc5, 0xcc, 0xff, 0xc2, 0xc0, 0xc7, 0xfe, 0xc6, 0xc4, 0xc9, 0xff, 0xb6, 0xb4, 0xb9, 0xf1,
    0x72, 0x71, 0x74, 0x31, 0x77, 0x76, 0x78, 0x00, 0x81, 0x80, 0x83, 0x02, 0x78, 0x77, 0x7a, 0x00,
    0x78, 0x77, 0x7a, 0x00, 0x78, 0x77, 0x7a, 0x00, 0x78, 0x78, 0x78, 0x00, 0x78, 0x78, 0x78, 0x00,
    0x00, 0x00, 0x00, 0x00, 0x00, 0x00, 0x00, 0x00, 0x00, 0x00, 0x00, 0x00, 0x00, 0x00, 0x00, 0x00,
    0x00, 0x00, 0x00, 0x00, 0x00, 0x00, 0x00, 0x00, 0x00, 0x00, 0x00, 0x00, 0x00, 0x00, 0x00, 0x00,
    0x00, 0x00, 0x00, 0x00, 0x00, 0x00, 0x00, 0x00, 0x00, 0x00, 0x00, 0x00, 0x00, 0x00, 0x00, 0x00,
    0x00, 0x00, 0x00, 0x00, 0x00, 0x00, 0x00, 0x00, 0x00, 0x00, 0x00, 0x00, 0x00, 0x00, 0x00, 0x00,
    0x00, 0x00, 0x00, 0x00, 0x00, 0x00, 0x00, 0x00, 0x00, 0x00, 0x00, 0x00, 0x00, 0x00, 0x00, 0x00,
    0x00, 0x00, 0x00, 0x00, 0x00, 0x00, 0x00, 0x00, 0x00, 0x00, 0x00, 0x00, 0x00, 0x00, 0x00, 0x00,
    0x00, 0x00, 0x00, 0x00, 0x00, 0x00, 0x00, 0x00, 0x00, 0x00, 0x00, 0x00, 0x00, 0x00, 0x00, 0x00,
    0x00, 0x00, 0x00, 0x00, 0x00, 0x00, 0x00, 0x00, 0x00, 0x00, 0x00, 0x00, 0x00, 0x00, 0x00, 0x00,
    0x00, 0x00, 0x00, 0x00, 0x00, 0x00, 0x00, 0x00, 0x00, 0x00, 0x00, 0x00, 0x00, 0x00, 0x00, 0x00,
    0x00, 0x00, 0x00, 0x00, 0x00, 0x00, 0x00, 0x00, 0x00, 0x00, 0x00, 0x00, 0x00, 0x00, 0x00, 0x00,
    0x00, 0x00, 0x00, 0x00, 0x00, 0x00, 0x00, 0x00, 0x00, 0x00, 0x00, 0x00, 0x00, 0x00, 0x00, 0x00,
    0x00, 0x00, 0x00, 0x00, 0x00, 0x00, 0x02, 0x00, 0xa4, 0xa2, 0xa9, 0x00, 0x9d, 0x9a, 0xa4, 0x00,
    0xa0, 0x9f, 0xa8, 0x00, 0x93, 0x99, 0xa8, 0x00, 0x8f, 0x9e, 0xb5, 0x00, 0x06, 0x18, 0x2c, 0x03,
    0xd1, 0xdc, 0xe5, 0xcb, 0xdf, 0xe5, 0xe9, 0xff, 0xd3, 0xd7, 0xdb, 0xfd, 0xd3, 0xd7, 0xd9, 0xff,
    0xd3, 0xd7, 0xd9, 0xff, 0xd3, 0xd7, 0xd9, 0xff, 0xd3, 0xd7, 0xd9, 0xff, 0xd3, 0xd7, 0xd9, 0xff,
    0xd3, 0xd7, 0xd9, 0xff, 0xd3, 0xd7, 0xd9, 0xff, 0xce, 0xd2, 0xd3, 0xff, 0xcf, 0xd3, 0xd4, 0xff,
    0xcf, 0xd3, 0xd4, 0xff, 0xcf, 0xd3, 0xd4, 0xff, 0xd1, 0xd2, 0xd4, 0xff, 0xd1, 0xd2, 0xd4, 0xff,
    0xd0, 0xd1, 0xd3, 0xff, 0xd0, 0xd1, 0xd3, 0xff, 0xd0, 0xd1, 0xd3, 0xff, 0xd0, 0xd1, 0xd3, 0xff,
    0xce, 0xd0, 0xd2, 0xff, 0xce, 0xcf, 0xd4, 0xff, 0xcc, 0xca, 0xcf, 0xff, 0xcc, 0xca, 0xcf, 0xff,
    0xcc, 0xca, 0xcf, 0xff, 0xc9, 0xc8, 0xcd, 0xff, 0xcb, 0xc9, 0xce, 0xff, 0xc9, 0xc8, 0xcd, 0xff,
    0xc9, 0xc8, 0xcd, 0xff, 0xc9, 0xc8, 0xcd, 0xff, 0xc6, 0xc3, 0xcb, 0xff, 0xc1, 0xbf, 0xc6, 0xfe,
    0xc5, 0xc3, 0xc8, 0xff, 0xb4, 0xb3, 0xb8, 0xf1, 0x71, 0x70, 0x73, 0x31, 0x77, 0x76, 0x78, 0x00,
    0x80, 0x7f, 0x82, 0x02, 0x78, 0x77, 0x7a, 0x00, 0x78, 0x77, 0x7a, 0x00, 0x78, 0x77, 0x7a, 0x00,
    0x78, 0x78, 0x78, 0x00, 0x78, 0x78, 0x78, 0x00, 0x00, 0x00, 0x00, 0x00, 0x00, 0x00, 0x00, 0x00,
    0x00, 0x00, 0x00, 0x00, 0x00, 0x00, 0x00, 0x00, 0x00, 0x00, 0x00, 0x00, 0x00, 0x00, 0x00, 0x00,
    0x00, 0x00, 0x00, 0x00, 0x00, 0x00, 0x00, 0x00, 0x00, 0x00, 0x00, 0x00, 0x00, 0x00, 0x00, 0x00,
    0x00, 0x00, 0x00, 0x00, 0x00, 0x00, 0x00, 0x00, 0x00, 0x00, 0x00, 0x00, 0x00, 0x00, 0x00, 0x00,
    0x00, 0x00, 0x00, 0x00, 0x00, 0x00, 0x00, 0x00, 0x00, 0x00, 0x00, 0x00, 0x00, 0x00, 0x00, 0x00,
    0x00, 0x00, 0x00, 0x00, 0x00, 0x00, 0x00, 0x00, 0x00, 0x00, 0x00, 0x00, 0x00, 0x00, 0x00, 0x00,
    0x00, 0x00, 0x00, 0x00, 0x00, 0x00, 0x00, 0x00, 0x00, 0x00, 0x00, 0x00, 0x00, 0x00, 0x00, 0x00,
    0x00, 0x00, 0x00, 0x00, 0x00, 0x00, 0x00, 0x00, 0x00, 0x00, 0x00, 0x00, 0x00, 0x00, 0x00, 0x00,
    0x00, 0x00, 0x00, 0x00, 0x00, 0x00, 0x00, 0x00, 0x00, 0x00, 0x00, 0x00, 0x00, 0x00, 0x00, 0x00,
    0x00, 0x00, 0x00, 0x00, 0x00, 0x00, 0x00, 0x00, 0x00, 0x00, 0x00, 0x00, 0x00, 0x00, 0x00, 0x00,
    0x00, 0x00, 0x00, 0x00, 0x00, 0x00, 0x00, 0x00, 0x00, 0x00, 0x00, 0x00, 0x00, 0x00, 0x00, 0x00,
    0x00, 0x00, 0x00, 0x00, 0x00, 0x00, 0x00, 0x00, 0x00, 0x00, 0x00, 0x00, 0x00, 0x00, 0x02, 0x00,
    0xa0, 0x9e, 0xa3, 0x00, 0x9e, 0x9d, 0xa2, 0x00, 0x9d, 0x9e, 0xa3, 0x00, 0x95, 0xa1, 0xa0, 0x00,
    0x89, 0xa4, 0x97, 0x00, 0x1e, 0x3c, 0x2e, 0x03, 0xcb, 0xd9, 0xd9, 0xcb, 0xdc, 0xe1, 0xe7, 0xff,
    0xce, 0xd1, 0xd5, 0xfd, 0xd0, 0xd0, 0xd5, 0xff, 0xd0, 0xd0, 0xd5, 0xff, 0xd0, 0xd0, 0xd5, 0xff,
    0xd0, 0xd0, 0xd5, 0xff, 0xd0, 0xd0, 0xd5, 0xff, 0xce, 0xd1, 0xd5, 0xff, 0xcc, 0xd0, 0xd4, 0xff,
    0xcc, 0xd0, 0xd4, 0xff, 0xca, 0xcd, 0xd1, 0xff, 0xca, 0xcd, 0xd1, 0xff, 0xca, 0xcd, 0xd1, 0xff,
    0xcc, 0xcd, 0xd1, 0xff, 0xcc, 0xcd, 0xd1, 0xff, 0xcb, 0xcc, 0xd0, 0xff, 0xcb, 0xcc, 0xd0, 0xff,
    0xcb, 0xcc, 0xd0, 0xff, 0xcb, 0xcc, 0xd0, 0xff, 0xca, 0xcb, 0xcf, 0xff, 0xca, 0xcb, 0xcf, 0xff,
    0xc7, 0xc5, 0xcc, 0xff, 0xc7, 0xc5, 0xcc, 0xff, 0xc7, 0xc5, 0xcc, 0xff, 0xc8, 0xc6, 0xcd, 0xff,
    0xc2, 0xc0, 0xc7, 0xff, 0xc2, 0xc0, 0xc7, 0xff, 0xc2, 0xc1, 0xc6, 0xff, 0xc2, 0xc1, 0xc6, 0xff,
    0xc5, 0xc2, 0xca, 0xff, 0xc0, 0xbe, 0xc5, 0xfe, 0xc4, 0xc2, 0xc7, 0xff, 0xb3, 0xb2, 0xb7, 0xf1,
    0x71, 0x6f, 0x74, 0x31, 0x78, 0x76, 0x7b, 0x00, 0x7f, 0x7e, 0x81, 0x02, 0x79, 0x78, 0x7b, 0x00,
    0x78, 0x77, 0x7a, 0x00, 0x78, 0x77, 0x7a, 0x00, 0x78, 0x78, 0x78, 0x00, 0x78, 0x78, 0x78, 0x00,
    0x00, 0x00, 0x00, 0x00, 0x00, 0x00, 0x00, 0x00, 0x00, 0x00, 0x00, 0x00, 0x00, 0x00, 0x00, 0x00,
    0x00, 0x00, 0x00, 0x00, 0x00, 0x00, 0x00, 0x00, 0x00, 0x00, 0x00, 0x00, 0x00, 0x00, 0x00, 0x00,
    0x00, 0x00, 0x00, 0x00, 0x00, 0x00, 0x00, 0x00, 0x00, 0x00, 0x00, 0x00, 0x00, 0x00, 0x00, 0x00,
    0x00, 0x00, 0x00, 0x00, 0x00, 0x00, 0x00, 0x00, 0x00, 0x00, 0x00, 0x00, 0x00, 0x00, 0x00, 0x00,
    0x00, 0x00, 0x00, 0x00, 0x00, 0x00, 0x00, 0x00, 0x00, 0x00, 0x00, 0x00, 0x00, 0x00, 0x00, 0x00,
    0x00, 0x00, 0x00, 0x00, 0x00, 0x00, 0x00, 0x00, 0x00, 0x00, 0x00, 0x00, 0x00, 0x00, 0x00, 0x00,
    0x00, 0x00, 0x00, 0x00, 0x00, 0x00, 0x00, 0x00, 0x00, 0x00, 0x00, 0x00, 0x00, 0x00, 0x00, 0x00,
    0x00, 0x00, 0x00, 0x00, 0x00, 0x00, 0x00, 0x00, 0x00, 0x00, 0x00, 0x00, 0x00, 0x00, 0x00, 0x00,
    0x00, 0x00, 0x00, 0x00, 0x00, 0x00, 0x00, 0x00, 0x00, 0x00, 0x00, 0x00, 0x00, 0x00, 0x00, 0x00,
    0x00, 0x00, 0x00, 0x00, 0x00, 0x00, 0x00, 0x00, 0x00, 0x00, 0x00, 0x00, 0x00, 0x00, 0x00, 0x00,
    0x00, 0x00, 0x00, 0x00, 0x00, 0x00, 0x00, 0x00, 0x00, 0x00, 0x00, 0x00, 0x00, 0x00, 0x00, 0x00,
    0x00, 0x00, 0x00, 0x00, 0x00, 0x00, 0x00, 0x00, 0xa0, 0x9f, 0xa1, 0x00, 0x9d, 0x9f, 0xa1, 0x00,
    0x9b, 0xa0, 0xa0, 0x00, 0x95, 0xa5, 0x99, 0x00, 0x89, 0xaa, 0x8c, 0x00, 0x1e, 0x42, 0x23, 0x03,
    0xca, 0xdb, 0xd1, 0xcb, 0xdc, 0xe1, 0xe5, 0xff, 0xce, 0xd1, 0xd5, 0xfd, 0xd0, 0xd0, 0xd5, 0xff,
    0xd0, 0xd0, 0xd5, 0xff, 0xd0, 0xd0, 0xd5, 0xff, 0xd0, 0xd0, 0xd5, 0xff, 0xd0, 0xd0, 0xd5, 0xff,
    0xce, 0xd1, 0xd5, 0xff, 0xcc, 0xd0, 0xd4, 0xff, 0xcb, 0xce, 0xd2, 0xff, 0xca, 0xcd, 0xd1, 0xff,
    0xca, 0xcd, 0xd1, 0xff, 0xca, 0xcd, 0xd1, 0xff, 0xcc, 0xcd, 0xd1, 0xff, 0xcc, 0xcd, 0xd1, 0xff,
    0xcb, 0xcc, 0xd0, 0xff, 0xcb, 0xcc, 0xd0, 0xff, 0xcb, 0xcc, 0xd0, 0xff, 0xcb, 0xcc, 0xd0, 0xff,
    0xca, 0xcb, 0xcf, 0xff, 0xca, 0xcb, 0xcf, 0xff, 0xc7, 0xc5, 0xcc, 0xff, 0xc7, 0xc5, 0xcc, 0xff,
    0xc7, 0xc5, 0xcc, 0xff, 0xc7, 0xc5, 0xcc, 0xff, 0xc2, 0xc0, 0xc7, 0xff, 0xc2, 0xc0, 0xc7, 0xff,
    0xc2, 0xc1, 0xc6, 0xff, 0xc2, 0xc1, 0xc6, 0xff, 0xc4, 0xc1, 0xc8, 0xff, 0xbf, 0xbd, 0xc4, 0xfe,
    0xc2, 0xc1, 0xc6, 0xff, 0xb2, 0xb1, 0xb5, 0xf1, 0x70, 0x6e, 0x73, 0x31, 0x78, 0x76, 0x7b, 0x00,
    0x7e, 0x7d, 0x7f, 0x02, 0x79, 0x78, 0x7b, 0x00, 0x78, 0x77, 0x7a, 0x00, 0x78, 0x77, 0x7a, 0x00,
    0x78, 0x78, 0x78, 0x00, 0x78, 0x78, 0x78, 0x00, 0x00, 0x00, 0x00, 0x00, 0x00, 0x00, 0x00, 0x00,
    0x00, 0x00, 0x00, 0x00, 0x00, 0x00, 0x00, 0x00, 0x00, 0x00, 0x00, 0x00, 0x00, 0x00, 0x00, 0x00,
    0x00, 0x00, 0x00, 0x00, 0x00, 0x00, 0x00, 0x00, 0x00, 0x00, 0x00, 0x00, 0x00, 0x00, 0x00, 0x00,
    0x00, 0x00, 0x00, 0x00, 0x00, 0x00, 0x00, 0x00, 0x00, 0x00, 0x00, 0x00, 0x00, 0x00, 0x00, 0x00,
    0x00, 0x00, 0x00, 0x00, 0x00, 0x00, 0x00, 0x00, 0x00, 0x00, 0x00, 0x00, 0x00, 0x00, 0x00, 0x00,
    0x00, 0x00, 0x00, 0x00, 0x00, 0x00, 0x00, 0x00, 0x00, 0x00, 0x00, 0x00, 0x00, 0x00, 0x00, 0x00,
    0x00, 0x00, 0x00, 0x00, 0x00, 0x00, 0x00, 0x00, 0x00, 0x00, 0x00, 0x00, 0x00, 0x00, 0x00, 0x00,
    0x00, 0x00, 0x00, 0x00, 0x00, 0x00, 0x00, 0x00, 0x00, 0x00, 0x00, 0x00, 0x00, 0x00, 0x00, 0x00,
    0x00, 0x00, 0x00, 0x00, 0x00, 0x00, 0x00, 0x00, 0x00, 0x00, 0x00, 0x00, 0x00, 0x00, 0x00, 0x00,
    0x00, 0x00, 0x00, 0x00, 0x00, 0x00, 0x00, 0x00, 0x00, 0x00, 0x00, 0x00, 0x00, 0x00, 0x00, 0x00,
    0x00, 0x00, 0x00, 0x00, 0x00, 0x00, 0x00, 0x00, 0x00, 0x00, 0x00, 0x00, 0x00, 0x00, 0x00, 0x00,
    0x00, 0x00, 0x00, 0x00, 0x00, 0x00, 0x00, 0x00, 0x00, 0x00, 0x00, 0x00, 0x00, 0x00, 0x00, 0x00,
    0x9c, 0x9e, 0xa0, 0x00, 0x9c, 0x9e, 0xa0, 0x00, 0x9a, 0xa0, 0x9d, 0x00, 0x94, 0xa4, 0x98, 0x00,
    0x89, 0xa9, 0x8d, 0x00, 0x1e, 0x42, 0x23, 0x03, 0xca, 0xdd, 0xcd, 0xcb, 0xdc, 0xe5, 0xdf, 0xff,
    0xce, 0xd2, 0xd3, 0xfd, 0xd0, 0xd0, 0xd5, 0xff, 0xd0, 0xd0, 0xd5, 0xff, 0xd0, 0xd0, 0xd5, 0xff,
    0xd0, 0xd0, 0xd5, 0xff, 0xd0, 0xd0, 0xd5, 0xff, 0xce, 0xd1, 0xd5, 0xff, 0xcc, 0xd0, 0xd4, 0xff,
    0xcb, 0xce, 0xd2, 0xff, 0xca, 0xcd, 0xd1, 0xff, 0xca, 0xcd, 0xd1, 0xff, 0xca, 0xcd, 0xd1, 0xff,
    0xcb, 0xcc, 0xd0, 0xff, 0xcb, 0xcc, 0xd0, 0xff, 0xcb, 0xcc, 0xd0, 0xff, 0xcb, 0xcc, 0xd0, 0xff,
    0xcb, 0xcc, 0xd0, 0xff, 0xcb, 0xcc, 0xd0, 0xff, 0xca, 0xcb, 0xcf, 0xff, 0xca, 0xcb, 0xcf, 0xff,
    0xc7, 0xc5, 0xcc, 0xff, 0xc7, 0xc5, 0xcc, 0xff, 0xc7, 0xc5, 0xcc, 0xff, 0xc7, 0xc5, 0xcc, 0xff,
    0xc2, 0xc0, 0xc7, 0xff, 0xc2, 0xc0, 0xc7, 0xff, 0xc2, 0xc1, 0xc6, 0xff, 0xc2, 0xc1, 0xc6, 0xff,
    0xc4, 0xc1, 0xc8, 0xff, 0xbf, 0xbd, 0xc4, 0xfe, 0xc2, 0xc1, 0xc6, 0xff, 0xb2, 0xb1, 0xb5, 0xf1,
    0x70, 0x6e, 0x73, 0x31, 0x79, 0x77, 0x7c, 0x00, 0x7e, 0x7d, 0x7f, 0x02, 0x79, 0x78, 0x7b, 0x00,
    0x78, 0x77, 0x7a, 0x00, 0x78, 0x77, 0x7a, 0x00, 0x78, 0x78, 0x78, 0x00, 0x78, 0x78, 0x78, 0x00,
    0x00, 0x00, 0x00, 0x00, 0x00, 0x00, 0x00, 0x00, 0x00, 0x00, 0x00, 0x00, 0x00, 0x00, 0x00, 0x00,
    0x00, 0x00, 0x00, 0x00, 0x00, 0x00, 0x00, 0x00, 0x00, 0x00, 0x00, 0x00, 0x00, 0x00, 0x00, 0x00,
    0x00, 0x00, 0x00, 0x00, 0x00, 0x00, 0x00, 0x00, 0x00, 0x00, 0x00, 0x00, 0x00, 0x00, 0x00, 0x00,
    0x00, 0x00, 0x00, 0x00, 0x00, 0x00, 0x00, 0x00, 0x00, 0x00, 0x00, 0x00, 0x00, 0x00, 0x00, 0x00,
    0x00, 0x00, 0x00, 0x00, 0x00, 0x00, 0x00, 0x00, 0x00, 0x00, 0x00, 0x00, 0x00, 0x00, 0x00, 0x00,
    0x00, 0x00, 0x00, 0x00, 0x00, 0x00, 0x00, 0x00, 0x00, 0x00, 0x00, 0x00, 0x00, 0x00, 0x00, 0x00,
    0x00, 0x00, 0x00, 0x00, 0x00, 0x00, 0x00, 0x00, 0x00, 0x00, 0x00, 0x00, 0x00, 0x00, 0x00, 0x00,
    0x00, 0x00, 0x00, 0x00, 0x00, 0x00, 0x00, 0x00, 0x00, 0x00, 0x00, 0x00, 0x00, 0x00, 0x00, 0x00,
    0x00, 0x00, 0x00, 0x00, 0x00, 0x00, 0x00, 0x00, 0x00, 0x00, 0x00, 0x00, 0x00, 0x00, 0x00, 0x00,
    0x00, 0x00, 0x00, 0x00, 0x00, 0x00, 0x00, 0x00, 0x00, 0x00, 0x00, 0x00, 0x00, 0x00, 0x00, 0x00,
    0x00, 0x00, 0x00, 0x00, 0x00, 0x00, 0x00, 0x00, 0x00, 0x00, 0x00, 0x00, 0x00, 0x00, 0x00, 0x00,
    0x00, 0x00, 0x00, 0x00, 0x00, 0x00, 0x00, 0x00, 0x9c, 0x9f, 0x9e, 0x00, 0x9a, 0x9f, 0x9e, 0x00,
    0x98, 0xa0, 0x9d, 0x00, 0x92, 0xa3, 0x9a, 0x00, 0x83, 0xa8, 0x92, 0x00, 0x1a, 0x3f, 0x29, 0x03,
    0xc9, 0xdb, 0xcf, 0xcb, 0xde, 0xe4, 0xdf, 0xff, 0xd1, 0xd2, 0xd4, 0xfd, 0xd0, 0xd0, 0xd5, 0xff,
    0xd0, 0xd0, 0xd5, 0xff, 0xd0, 0xd0, 0xd5, 0xff, 0xd0, 0xd0, 0xd5, 0xff, 0xd0, 0xd0, 0xd5, 0xff,
    0xce, 0xd1, 0xd5, 0xff, 0xcc, 0xd0, 0xd4, 0xff, 0xcb, 0xce, 0xd2, 0xff, 0xca, 0xcd, 0xd1, 0xff,
    0xca, 0xcd, 0xd1, 0xff, 0xca, 0xcd, 0xd1, 0xff, 0xcb, 0xcc, 0xd0, 0xff, 0xcb, 0xcc, 0xd0, 0xff,
    0xcb, 0xcc, 0xd0, 0xff, 0xcb, 0xcc, 0xd0, 0xff, 0xca, 0xcb, 0xcf, 0xff, 0xcb, 0xcc, 0xd0, 0xff,
    0xca, 0xcb, 0xcf, 0xff, 0xca, 0xcb, 0xcf, 0xff, 0xc7, 0xc5, 0xcc, 0xff, 0xc7, 0xc5, 0xcc, 0xff,
    0xc7, 0xc5, 0xcc, 0xff, 0xc7, 0xc5, 0xcc, 0xff, 0xc2, 0xc0, 0xc7, 0xff, 0xc2, 0xc0, 0xc7, 0xff,
    0xc2, 0xc1, 0xc6, 0xff, 0xc2, 0xc1, 0xc6, 0xff, 0xc4, 0xc1, 0xc8, 0xff, 0xbf, 0xbd, 0xc4, 0xfe,
    0xc2, 0xc1, 0xc6, 0xff, 0xb2, 0xb1, 0xb5, 0xf1, 0x70, 0x6e, 0x73, 0x31, 0x79, 0x77, 0x7c, 0x00,
    0x7e, 0x7d, 0x7f, 0x02, 0x79, 0x78, 0x7b, 0x00, 0x78, 0x77, 0x7a, 0x00, 0x78, 0x77, 0x7a, 0x00,
    0x78, 0x78, 0x78, 0x00, 0x78, 0x78, 0x78, 0x00, 0x00, 0x00, 0x00, 0x00, 0x00, 0x00, 0x00, 0x00,
    0x00, 0x00, 0x00, 0x00, 0x00, 0x00, 0x00, 0x00, 0x00, 0x00, 0x00, 0x00, 0x00, 0x00, 0x00, 0x00,
    0x00, 0x00, 0x00, 0x00, 0x00, 0x00, 0x00, 0x00, 0x00, 0x00, 0x00, 0x00, 0x00, 0x00, 0x00, 0x00,
    0x00, 0x00, 0x00, 0x00, 0x00, 0x00, 0x00, 0x00, 0x00, 0x00, 0x00, 0x00, 0x00, 0x00, 0x00, 0x00,
    0x00, 0x00, 0x00, 0x00, 0x00, 0x00, 0x00, 0x00, 0x00, 0x00, 0x00, 0x00, 0x00, 0x00, 0x00, 0x00,
    0x00, 0x00, 0x00, 0x00, 0x00, 0x00, 0x00, 0x00, 0x00, 0x00, 0x00, 0x00, 0x00, 0x00, 0x00, 0x00,
    0x00, 0x00, 0x00, 0x00, 0x00, 0x00, 0x00, 0x00, 0x00, 0x00, 0x00, 0x00, 0x00, 0x00, 0x00, 0x00,
    0x00, 0x00, 0x00, 0x00, 0x00, 0x00, 0x00, 0x00, 0x00, 0x00, 0x00, 0x00, 0x00, 0x00, 0x00, 0x00,
    0x00, 0x00, 0x00, 0x00, 0x00, 0x00, 0x00, 0x00, 0x00, 0x00, 0x00, 0x00, 0x00, 0x00, 0x00, 0x00,
    0x00, 0x00, 0x00, 0x00, 0x00, 0x00, 0x00, 0x00, 0x00, 0x00, 0x00, 0x00, 0x00, 0x00, 0x00, 0x00,
    0x00, 0x00, 0x00, 0x00, 0x00, 0x00, 0x00, 0x00, 0x00, 0x00, 0x00, 0x00, 0x00, 0x00, 0x00, 0x00,
    0x00, 0x00, 0x00, 0x00, 0x00, 0x00, 0x00, 0x00, 0x00, 0x00, 0x00, 0x00, 0x00, 0x00, 0x00, 0x00,
    0x9c, 0xa0, 0x9d, 0x00, 0x9a, 0xa1, 0x9b, 0x00, 0x98, 0xa0, 0x9d, 0x00, 0x8e, 0xa2, 0x9d, 0x00,
    0x78, 0xa5, 0x99, 0x00, 0x24, 0x50, 0x47, 0x03, 0xc5, 0xd7, 0xd8, 0xcb, 0xd2, 0xd5, 0xdb, 0xff,
    0xd2, 0xd3, 0xd7, 0xfd, 0xd2, 0xd3, 0xd7, 0xff, 0xd2, 0xd3, 0xd7, 0xff, 0xd3, 0xd4, 0xd8, 0xff,
    0xd1, 0xd2, 0xd6, 0xff, 0xd0, 0xd0, 0xd5, 0xff, 0xd0, 0xd0, 0xd5, 0xff, 0xd0, 0xd0, 0xd5, 0xff,
    0xce, 0xcf, 0xd4, 0xff, 0xcd, 0xce, 0xd2, 0xff, 0xd1, 0xd4, 0xd8, 0xff, 0xcc, 0xd0, 0xd4, 0xff,
    0xcb, 0xcc, 0xd0, 0xff, 0xcb, 0xcc, 0xd0, 0xff, 0xca, 0xcb, 0xcf, 0xff, 0xca, 0xcb, 0xcf, 0xff,
    0xc9, 0xc9, 0xcf, 0xff, 0xc7, 0xc7, 0xce, 0xff, 0xc2, 0xc2, 0xc8, 0xff, 0xc4, 0xc4, 0xcb, 0xff,
    0xc8, 0xc6, 0xcd, 0xff, 0xc8, 0xc6, 0xcd, 0xff, 0xc8, 0xc6, 0xcd, 0xff, 0xc8, 0xc6, 0xcd, 0xff,
    0xc7, 0xc5, 0xcc, 0xff, 0xcc, 0xc9, 0xd1, 0xff, 0xc8, 0xc6, 0xcd, 0xff, 0xbf, 0xbd, 0xc4, 0xff,
    0xc1, 0xc0, 0xc4, 0xff, 0xbe, 0xbc, 0xc1, 0xfe, 0xc8, 0xc7, 0xcb, 0xff, 0xb0, 0xae, 0xb3, 0xf1,
    0x6f, 0x6d, 0x72, 0x31, 0x78, 0x76, 0x7b, 0x00, 0x7d, 0x7b, 0x80, 0x02, 0x78, 0x76, 0x7b, 0x00,
    0x77, 0x76, 0x78, 0x00, 0x77, 0x76, 0x78, 0x00, 0x77, 0x77, 0x77, 0x00, 0x77, 0x77, 0x77, 0x00,
    0x00, 0x00, 0x00, 0x00, 0x00, 0x00, 0x00, 0x00, 0x00, 0x01, 0x00, 0x00, 0x00, 0x01, 0x00, 0x00,
    0x00, 0x01, 0x00, 0x00, 0x00, 0x01, 0x00, 0x00, 0x00, 0x01, 0x00, 0x00, 0x00, 0x01, 0x00, 0x00,
    0x00, 0x00, 0x00, 0x00, 0x00, 0x00, 0x00, 0x00, 0x00, 0x00, 0x00, 0x00, 0x00, 0x00, 0x00, 0x00,
    0x00, 0x00, 0x00, 0x00, 0x00, 0x00, 0x00, 0x00, 0x00, 0x00, 0x00, 0x00, 0x00, 0x00, 0x00, 0x00,
    0x00, 0x00, 0x00, 0x00, 0x00, 0x00, 0x00, 0x00, 0x00, 0x00, 0x00, 0x00, 0x00, 0x00, 0x00, 0x00,
    0x00, 0x00, 0x00, 0x00, 0x00, 0x00, 0x00, 0x00, 0x00, 0x00, 0x00, 0x00, 0x00, 0x00, 0x00, 0x00,
    0x00, 0x00, 0x00, 0x00, 0x00, 0x00, 0x00, 0x00, 0x00, 0x00, 0x00, 0x00, 0x00, 0x00, 0x00, 0x00,
    0x00, 0x00, 0x00, 0x00, 0x00, 0x00, 0x00, 0x00, 0x00, 0x00, 0x00, 0x00, 0x00, 0x00, 0x00, 0x00,
    0x00, 0x00, 0x00, 0x00, 0x00, 0x00, 0x00, 0x00, 0x00, 0x00, 0x00, 0x00, 0x00, 0x00, 0x00, 0x00,
    0x00, 0x00, 0x00, 0x00, 0x00, 0x00, 0x00, 0x00, 0x00, 0x00, 0x00, 0x00, 0x00, 0x00, 0x00, 0x00,
    0x00, 0x00, 0x00, 0x00, 0x00, 0x00, 0x00, 0x00, 0x00, 0x00, 0x00, 0x00, 0x00, 0x00, 0x00, 0x00,
    0x00, 0x00, 0x00, 0x00, 0x00, 0x01, 0x00, 0x00, 0x9c, 0xa0, 0x9b, 0x00, 0x9a, 0xa1, 0x9b, 0x00,
    0x98, 0xa0, 0x9e, 0x00, 0x8c, 0xa1, 0xa0, 0x00, 0x76, 0xa2, 0x9f, 0x00, 0x22, 0x4d, 0x4d, 0x03,
    0xc4, 0xd3, 0xdc, 0xcb, 0xd2, 0xd3, 0xde, 0xff, 0xd2, 0xd2, 0xd9, 0xfd, 0x99, 0x9a, 0x9e, 0xff,
    0x69, 0x6a, 0x6e, 0xff, 0x60, 0x61, 0x65, 0xff, 0x68, 0x69, 0x6d, 0xff, 0x68, 0x69, 0x6d, 0xff,
    0x68, 0x69, 0x6d, 0xff, 0x68, 0x69, 0x6d, 0xff, 0x6b, 0x6c, 0x71, 0xff, 0x5f, 0x5f, 0x64, 0xff,
    0x7c, 0x7f, 0x83, 0xff, 0xcb, 0xce, 0xd2, 0xff, 0xcb, 0xcc, 0xd0, 0xff, 0xcb, 0xcc, 0xd0, 0xff,
    0xca, 0xcb, 0xcf, 0xff, 0xca, 0xcb, 0xcf, 0xff, 0xc6, 0xc6, 0xcd, 0xff, 0xc4, 0xc4, 0xcb, 0xff,
    0xbf, 0xbf, 0xc6, 0xff, 0x7c, 0x7c, 0x83, 0xff, 0x64, 0x62, 0x69, 0xff, 0x64, 0x62, 0x69, 0xff,
    0x64, 0x62, 0x69, 0xff, 0x64, 0x62, 0x69, 0xff, 0x63, 0x61, 0x68, 0xff, 0x68, 0x65, 0x6c, 0xff,
    0x64, 0x62, 0x69, 0xff, 0x5b, 0x58, 0x60, 0xff, 0x96, 0x95, 0x99, 0xff, 0xc4, 0xc2, 0xc7, 0xfe,
    0xc4, 0xc2, 0xc7, 0xff, 0xb7, 0xb5, 0xba, 0xf1, 0x6f, 0x6d, 0x72, 0x31, 0x78, 0x76, 0x7b, 0x00,
    0x7d, 0x7b, 0x80, 0x02, 0x78, 0x76, 0x7b, 0x00, 0x77, 0x76, 0x78, 0x00, 0x77, 0x76, 0x78, 0x00,
    0x77, 0x77, 0x77, 0x00, 0x77, 0x77, 0x77, 0x00, 0x00, 0x00, 0x00, 0x00, 0x00, 0x00, 0x00, 0x00,
    0x00, 0x01, 0x00, 0x00, 0x00, 0x01, 0x00, 0x00, 0x00, 0x01, 0x00, 0x00, 0x00, 0x01, 0x00, 0x00,
    0x00, 0x01, 0x00, 0x00, 0x00, 0x01, 0x00, 0x00, 0x00, 0x00, 0x00, 0x00, 0x00, 0x00, 0x00, 0x00,
    0x00, 0x00, 0x00, 0x00, 0x00, 0x00, 0x00, 0x00, 0x00, 0x00, 0x00, 0x00, 0x00, 0x00, 0x00, 0x00,
    0x00, 0x00, 0x00, 0x00, 0x00, 0x00, 0x00, 0x00, 0x00, 0x00, 0x00, 0x00, 0x00, 0x00, 0x00, 0x00,
    0x00, 0x00, 0x00, 0x00, 0x00, 0x00, 0x00, 0x00, 0x00, 0x00, 0x00, 0x00, 0x00, 0x00, 0x00, 0x00,
    0x00, 0x00, 0x00, 0x00, 0x00, 0x00, 0x00, 0x00, 0x00, 0x00, 0x00, 0x00, 0x00, 0x00, 0x00, 0x00,
    0x00, 0x00, 0x00, 0x00, 0x00, 0x00, 0x00, 0x00, 0x00, 0x00, 0x00, 0x00, 0x00, 0x00, 0x00, 0x00,
    0x00, 0x00, 0x00, 0x00, 0x00, 0x00, 0x00, 0x00, 0x00, 0x00, 0x00, 0x00, 0x00, 0x00, 0x00, 0x00,
    0x00, 0x00, 0x00, 0x00, 0x00, 0x00, 0x00, 0x00, 0x00, 0x00, 0x00, 0x00, 0x00, 0x00, 0x00, 0x00,
    0x00, 0x00, 0x00, 0x00, 0x00, 0x00, 0x00, 0x00, 0x00, 0x00, 0x00, 0x00, 0x00, 0x00, 0x00, 0x00,
    0x00, 0x00, 0x00, 0x00, 0x00, 0x00, 0x00, 0x00, 0x00, 0x00, 0x00, 0x00, 0x00, 0x00, 0x00, 0x00,
    0x9b, 0x9e, 0x9c, 0x00, 0x99, 0x9f, 0x9c, 0x00, 0x97, 0x9e, 0x9d, 0x00, 0x8f, 0x9e, 0xa0, 0x00,
    0x7c, 0x9e, 0xa4, 0x00, 0x28, 0x4a, 0x52, 0x03, 0xc6, 0xd3, 0xdc, 0xcb, 0xd2, 0xd4, 0xdd, 0xff,
    0xd0, 0xd0, 0xd6, 0xfd, 0x54, 0x55, 0x59, 0xff, 0x08, 0x09, 0x0e, 0xff, 0x1a, 0x1b, 0x1f, 0xff,
    0x19, 0x1a, 0x1e, 0xff, 0x19, 0x1a, 0x1e, 0xff, 0x19, 0x1a, 0x1e, 0xff, 0x19, 0x1a, 0x1e, 0xff,
    0x1b, 0x1c, 0x20, 0xff, 0x0f, 0x10, 0x15, 0xff, 0x32, 0x35, 0x39, 0xff, 0xbb, 0xbe, 0xc2, 0xff,
    0xca, 0xcb, 0xcf, 0xff, 0xca, 0xcb, 0xcf, 0xff, 0xca, 0xcb, 0xcf, 0xff, 0xca, 0xcb, 0xcf, 0xff,
    0xc6, 0xc6, 0xcd, 0xff, 0xc3, 0xc3, 0xca, 0xff, 0xa7, 0xa7, 0xae, 0xff, 0x29, 0x29, 0x30, 0xff,
    0x16, 0x14, 0x1b, 0xff, 0x16, 0x14, 0x1b, 0xff, 0x16, 0x14, 0x1b, 0xff, 0x16, 0x14, 0x1b, 0xff,
    0x15, 0x13, 0x1a, 0xff, 0x1a, 0x17, 0x1e, 0xff, 0x16, 0x14, 0x1b, 0xff, 0x0d, 0x0a, 0x12, 0xff,
    0x53, 0x51, 0x56, 0xff, 0xc5, 0xc3, 0xc8, 0xfe, 0xc4, 0xc2, 0xc7, 0xff, 0xaf, 0xad, 0xb2, 0xf1,
    0x6f, 0x6d, 0x72, 0x31, 0x78, 0x76, 0x7b, 0x00, 0x7d, 0x7b, 0x80, 0x02, 0x78, 0x76, 0x7b, 0x00,
    0x77, 0x76, 0x78, 0x00, 0x77, 0x76, 0x78, 0x00, 0x77, 0x77, 0x77, 0x00, 0x77, 0x77, 0x77, 0x00,
    0x00, 0x00, 0x00, 0x00, 0x00, 0x00, 0x00, 0x00, 0x00, 0x01, 0x00, 0x00, 0x00, 0x01, 0x00, 0x00,
    0x00, 0x01, 0x00, 0x00, 0x00, 0x01, 0x00, 0x00, 0x00, 0x01, 0x00, 0x00, 0x00, 0x01, 0x00, 0x00,
    0x00, 0x00, 0x00, 0x00, 0x00, 0x00, 0x00, 0x00, 0x00, 0x00, 0x00, 0x00, 0x00, 0x00, 0x00, 0x00,
    0x00, 0x00, 0x00, 0x00, 0x00, 0x00, 0x00, 0x00, 0x00, 0x00, 0x00, 0x00, 0x00, 0x00, 0x00, 0x00,
    0x00, 0x00, 0x00, 0x00, 0x00, 0x00, 0x00, 0x00, 0x00, 0x00, 0x00, 0x00, 0x00, 0x00, 0x00, 0x00,
    0x00, 0x00, 0x00, 0x00, 0x00, 0x00, 0x00, 0x00, 0x00, 0x00, 0x00, 0x00, 0x00, 0x00, 0x00, 0x00,
    0x00, 0x00, 0x00, 0x00, 0x00, 0x00, 0x00, 0x00, 0x00, 0x00, 0x00, 0x00, 0x00, 0x00, 0x00, 0x00,
    0x00, 0x00, 0x00, 0x00, 0x00, 0x00, 0x00, 0x00, 0x00, 0x00, 0x00, 0x00, 0x00, 0x00, 0x00, 0x00,
    0x00, 0x00, 0x00, 0x00, 0x00, 0x00, 0x00, 0x00, 0x00, 0x00, 0x00, 0x00, 0x00, 0x00, 0x00, 0x00,
    0x00, 0x00, 0x00, 0x00, 0x00, 0x00, 0x00, 0x00, 0x00, 0x00, 0x00, 0x00, 0x00, 0x00, 0x00, 0x00,
    0x00, 0x00, 0x00, 0x00, 0x00, 0x00, 0x00, 0x00, 0x00, 0x00, 0x00, 0x00, 0x00, 0x00, 0x00, 0x00,
    0x00, 0x00, 0x00, 0x00, 0x00, 0x00, 0x00, 0x00, 0x9d, 0x9d, 0x9d, 0x00, 0x9b, 0x9e, 0x9d, 0x00,
    0x99, 0x9d, 0x9f, 0x00, 0x91, 0x9c, 0xa4, 0x00, 0x84, 0x9a, 0xa9, 0x00, 0x30, 0x46, 0x57, 0x03,
    0xc7, 0xd0, 0xdc, 0xcb, 0xcf, 0xd3, 0xdb, 0xff, 0xcd, 0xcd, 0xd4, 0xfd, 0x5c, 0x5d, 0x62, 0xff,
    0x1b, 0x1c, 0x20, 0xff, 0x2e, 0x2e, 0x33, 0xff, 0x2d, 0x2d, 0x32, 0xff, 0x2d, 0x2d, 0x32, 0xff,
    0x2d, 0x2d, 0x32, 0xff, 0x2d, 0x2d, 0x32, 0xff, 0x2b, 0x2c, 0x31, 0xff, 0x2b, 0x2c, 0x31, 0xff,
    0x3b, 0x3e, 0x42, 0xff, 0xc4, 0xc7, 0xcb, 0xff, 0xca, 0xcb, 0xcf, 0xff, 0xca, 0xcb, 0xcf, 0xff,
    0xca, 0xcb, 0xcf, 0xff, 0xca, 0xcb, 0xcf, 0xff, 0xc3, 0xc3, 0xca, 0xff, 0xd1, 0xd1, 0xd8, 0xff,
    0xae, 0xae, 0xb5, 0xff, 0x34, 0x34, 0x3a, 0xff, 0x2c, 0x2a, 0x31, 0xff, 0x2c, 0x2a, 0x31, 0xff,
    0x2c, 0x2a, 0x31, 0xff, 0x2c, 0x2a, 0x31, 0xff, 0x2b, 0x29, 0x30, 0xff, 0x30, 0x2d, 0x35, 0xff,
    0x2c, 0x2a, 0x31, 0xff, 0x23, 0x20, 0x28, 0xff, 0x55, 0x53, 0x58, 0xff, 0xcd, 0xcb, 0xd0, 0xfe,
    0xbb, 0xba, 0xbf, 0xff, 0xac, 0xab, 0xb0, 0xf1, 0x6f, 0x6d, 0x72, 0x31, 0x78, 0x76, 0x7b, 0x00,
    0x7d, 0x7b, 0x80, 0x02, 0x78, 0x76, 0x7b, 0x00, 0x77, 0x76, 0x78, 0x00, 0x77, 0x76, 0x78, 0x00,
    0x77, 0x77, 0x77, 0x00, 0x77, 0x77, 0x77, 0x00, 0x00, 0x00, 0x00, 0x00, 0x00, 0x00, 0x00, 0x00,
    0x00, 0x01, 0x00, 0x00, 0x00, 0x01, 0x00, 0x00, 0x00, 0x01, 0x00, 0x00, 0x00, 0x01, 0x00, 0x00,
    0x00, 0x01, 0x00, 0x00, 0x00, 0x01, 0x00, 0x00, 0x00, 0x00, 0x00, 0x00, 0x00, 0x00, 0x00, 0x00,
    0x00, 0x00, 0x00, 0x00, 0x00, 0x00, 0x00, 0x00, 0x00, 0x00, 0x00, 0x00, 0x00, 0x00, 0x00, 0x00,
    0x00, 0x00, 0x00, 0x00, 0x00, 0x00, 0x00, 0x00, 0x00, 0x00, 0x00, 0x00, 0x00, 0x00, 0x00, 0x00,
    0x00, 0x00, 0x00, 0x00, 0x00, 0x00, 0x00, 0x00, 0x00, 0x00, 0x00, 0x00, 0x00, 0x00, 0x00, 0x00,
    0x00, 0x00, 0x00, 0x00, 0x00, 0x00, 0x00, 0x00, 0x00, 0x00, 0x00, 0x00, 0x00, 0x00, 0x00, 0x00,
    0x00, 0x00, 0x00, 0x00, 0x00, 0x00, 0x00, 0x00, 0x00, 0x00, 0x00, 0x00, 0x00, 0x00, 0x00, 0x00,
    0x00, 0x00, 0x00, 0x00, 0x00, 0x00, 0x00, 0x00, 0x00, 0x00, 0x00, 0x00, 0x00, 0x00, 0x00, 0x00,
    0x00, 0x00, 0x00, 0x00, 0x00, 0x00, 0x00, 0x00, 0x00, 0x00, 0x00, 0x00, 0x00, 0x00, 0x00, 0x00,
    0x00, 0x00, 0x00, 0x00, 0x00, 0x00, 0x00, 0x00, 0x00, 0x00, 0x00, 0x00, 0x00, 0x00, 0x00, 0x00,
    0x00, 0x00, 0x00, 0x00, 0x00, 0x00, 0x00, 0x00, 0x00, 0x00, 0x00, 0x00, 0x00, 0x00, 0x00, 0x00,
    0x9d, 0x9d, 0x9d, 0x00, 0x9d, 0x9c, 0x9f, 0x00, 0x9b, 0x9c, 0xa0, 0x00, 0x95, 0x9a, 0xa7, 0x00,
    0x8d, 0x97, 0xb0, 0x00, 0x00, 0x06, 0x22, 0x03, 0xca, 0xd3, 0xe1, 0xcb, 0xce, 0xd2, 0xda, 0xff,
    0xcd, 0xcd, 0xd4, 0xfd, 0x5c, 0x5a, 0x5f, 0xff, 0x26, 0x25, 0x2a, 0xff, 0x34, 0x33, 0x38, 0xff,
    0x38, 0x36, 0x3b, 0xff, 0x38, 0x36, 0x3b, 0xff, 0x36, 0x37, 0x3b, 0xff, 0x36, 0x37, 0x3b, 0xff,
    0x36, 0x37, 0x3b, 0xff, 0x29, 0x2a, 0x2e, 0xff, 0x3c, 0x3f, 0x43, 0xff, 0xbd, 0xc0, 0xc4, 0xff,
    0xc5, 0xc6, 0xca, 0xff, 0xc5, 0xc6, 0xca, 0xff, 0xc5, 0xc6, 0xca, 0xff, 0xc5, 0xc6, 0xca, 0xff,
    0xc2, 0xc0, 0xc7, 0xff, 0xcc, 0xc9, 0xd1, 0xff, 0xac, 0xaa, 0xb1, 0xff, 0x3b, 0x39, 0x40, 0xff,
    0x33, 0x31, 0x38, 0xff, 0x36, 0x33, 0x3a, 0xff, 0x39, 0x37, 0x3e, 0xff, 0x3b, 0x39, 0x40, 0xff,
    0x3d, 0x3a, 0x41, 0xff, 0x38, 0x35, 0x3d, 0xff, 0x3a, 0x38, 0x3f, 0xff, 0x28, 0x25, 0x2c, 0xff,
    0x5e, 0x5d, 0x62, 0xff, 0xc4, 0xc2, 0xc7, 0xfe, 0xbd, 0xbb, 0xc0, 0xff, 0xb6, 0xb4, 0xb9, 0xf1,
    0x6f, 0x6d, 0x72, 0x31, 0x78, 0x76, 0x7b, 0x00, 0x7d, 0x7b, 0x80, 0x02, 0x78, 0x76, 0x7b, 0x00,
    0x77, 0x76, 0x78, 0x00, 0x77, 0x76, 0x78, 0x00, 0x77, 0x77, 0x77, 0x00, 0x77, 0x77, 0x77, 0x00,
    0x00, 0x00, 0x00, 0x00, 0x00, 0x00, 0x00, 0x00, 0x00, 0x00, 0x00, 0x00, 0x00, 0x00, 0x00, 0x00,
    0x00, 0x00, 0x00, 0x00, 0x00, 0x00, 0x00, 0x00, 0x00, 0x00, 0x00, 0x00, 0x00, 0x00, 0x00, 0x00,
    0x00, 0x00, 0x00, 0x00, 0x00, 0x00, 0x00, 0x00, 0x00, 0x00, 0x00, 0x00, 0x00, 0x00, 0x00, 0x00,
    0x00, 0x00, 0x00, 0x00, 0x00, 0x00, 0x00, 0x00, 0x00, 0x00, 0x00, 0x00, 0x00, 0x00, 0x00, 0x00,
    0x00, 0x00, 0x00, 0x00, 0x00, 0x00, 0x00, 0x00, 0x00, 0x00, 0x00, 0x00, 0x00, 0x00, 0x00, 0x00,
    0x00, 0x00, 0x00, 0x00, 0x00, 0x00, 0x00, 0x00, 0x00, 0x00, 0x00, 0x00, 0x00, 0x00, 0x00, 0x00,
    0x00, 0x00, 0x00, 0x00, 0x00, 0x00, 0x00, 0x00, 0x00, 0x00, 0x00, 0x00, 0x00, 0x00, 0x00, 0x00,
    0x00, 0x00, 0x00, 0x00, 0x00, 0x00, 0x00, 0x00, 0x00, 0x00, 0x00, 0x00, 0x00, 0x00, 0x00, 0x00,
    0x00, 0x00, 0x00, 0x00, 0x00, 0x00, 0x00, 0x00, 0x00, 0x00, 0x00, 0x00, 0x00, 0x00, 0x00, 0x00,
    0x00, 0x00, 0x00, 0x00, 0x00, 0x00, 0x00, 0x00, 0x00, 0x00, 0x00, 0x00, 0x00, 0x00, 0x00, 0x00,
    0x00, 0x00, 0x00, 0x00, 0x00, 0x00, 0x00, 0x00, 0x00, 0x00, 0x00, 0x00, 0x00, 0x00, 0x00, 0x00,
    0x00, 0x00, 0x00, 0x00, 0x00, 0x00, 0x00, 0x00, 0x9f, 0x9c, 0x9f, 0x00, 0x9f, 0x9b, 0xa0, 0x00,
    0x9d, 0x9b, 0xa2, 0x00, 0x99, 0x97, 0xaa, 0x00, 0x92, 0x91, 0xb6, 0x00, 0x04, 0x06, 0x2a, 0x03,
    0xc9, 0xce, 0xe0, 0xcb, 0xcc, 0xd3, 0xd9, 0xff, 0xce, 0xcf, 0xd4, 0xfd, 0x5e, 0x5d, 0x62, 0xff,
    0x2c, 0x2b, 0x2f, 0xff, 0x3d, 0x3b, 0x40, 0xff, 0x3b, 0x3a, 0x3f, 0xff, 0x3b, 0x3a, 0x3f, 0xff,
    0x39, 0x3a, 0x3f, 0xff, 0x39, 0x3a, 0x3f, 0xff, 0x3b, 0x3b, 0x40, 0xff, 0x31, 0x32, 0x36, 0xff,
    0x41, 0x44, 0x48, 0xff, 0xbb, 0xbe, 0xc2, 0xff, 0xc5, 0xc6, 0xca, 0xff, 0xc5, 0xc6, 0xca, 0xff,
    0xc5, 0xc6, 0xca, 0xff, 0xc5, 0xc6, 0xca, 0xff, 0xc2, 0xc0, 0xc7, 0xff, 0xcc, 0xc9, 0xd1, 0xff,
    0xac, 0xaa, 0xb1, 0xff, 0x3b, 0x39, 0x40, 0xff, 0x38, 0x35, 0x3d, 0xff, 0x3a, 0x38, 0x3f, 0xff,
    0x3f, 0x3c, 0x44, 0xff, 0x41, 0x3f, 0x46, 0xff, 0x3e, 0x3b, 0x42, 0xff, 0x3a, 0x38, 0x3f, 0xff,
    0x3b, 0x39, 0x40, 0xff, 0x2a, 0x27, 0x2f, 0xff, 0x63, 0x61, 0x66, 0xff, 0xc7, 0xc5, 0xca, 0xfe,
    0xbd, 0xbb, 0xc0, 0xff, 0xb3, 0xb2, 0xb7, 0xf1, 0x6f, 0x6d, 0x72, 0x31, 0x78, 0x76, 0x7b, 0x00,
    0x7d, 0x7b, 0x80, 0x02, 0x78, 0x76, 0x7b, 0x00, 0x77, 0x76, 0x78, 0x00, 0x77, 0x76, 0x78, 0x00,
    0x77, 0x77, 0x77, 0x00, 0x77, 0x77, 0x77, 0x00, 0x00, 0x00, 0x00, 0x00, 0x00, 0x00, 0x00, 0x00,
    0x00, 0x00, 0x00, 0x00, 0x00, 0x00, 0x00, 0x00, 0x00, 0x00, 0x00, 0x00, 0x00, 0x00, 0x00, 0x00,
    0x00, 0x00, 0x00, 0x00, 0x00, 0x00, 0x00, 0x00, 0x00, 0x00, 0x00, 0x00, 0x00, 0x00, 0x00, 0x00,
    0x00, 0x00, 0x00, 0x00, 0x00, 0x00, 0x00, 0x00, 0x00, 0x00, 0x00, 0x00, 0x00, 0x00, 0x00, 0x00,
    0x00, 0x00, 0x00, 0x00, 0x00, 0x00, 0x00, 0x00, 0x00, 0x00, 0x00, 0x00, 0x00, 0x00, 0x00, 0x00,
    0x00, 0x00, 0x00, 0x00, 0x00, 0x00, 0x00, 0x00, 0x00, 0x00, 0x00, 0x00, 0x00, 0x00, 0x00, 0x00,
    0x00, 0x00, 0x00, 0x00, 0x00, 0x00, 0x00, 0x00, 0x00, 0x00, 0x00, 0x00, 0x00, 0x00, 0x00, 0x00,
    0x00, 0x00, 0x00, 0x00, 0x00, 0x00, 0x00, 0x00, 0x00, 0x00, 0x00, 0x00, 0x00, 0x00, 0x00, 0x00,
    0x00, 0x00, 0x00, 0x00, 0x00, 0x00, 0x00, 0x00, 0x00, 0x00, 0x00, 0x00, 0x00, 0x00, 0x00, 0x00,
    0x00, 0x00, 0x00, 0x00, 0x00, 0x00, 0x00, 0x00, 0x00, 0x00, 0x00, 0x00, 0x00, 0x00, 0x00, 0x00,
    0x00, 0x00, 0x00, 0x00, 0x00, 0x00, 0x00, 0x00, 0x00, 0x00, 0x00, 0x00, 0x00, 0x00, 0x00, 0x00,
    0x00, 0x00, 0x00, 0x00, 0x00, 0x00, 0x00, 0x00, 0x00, 0x00, 0x00, 0x00, 0x00, 0x00, 0x00, 0x00,
    0x9f, 0x9c, 0x9f, 0x00, 0x9f, 0x9b, 0xa0, 0x00, 0x9d, 0x9a, 0xa4, 0x00, 0x9b, 0x96, 0xac, 0x00,
    0x96, 0x8b, 0xb8, 0x00, 0x0f, 0x07, 0x33, 0x03, 0xc4, 0xca, 0xdb, 0xcb, 0xce, 0xd6, 0xd9, 0xff,
    0xd1, 0xd2, 0xd6, 0xfd, 0x63, 0x61, 0x66, 0xff, 0x33, 0x32, 0x36, 0xff, 0x47, 0x45, 0x4a, 0xff,
    0x47, 0x45, 0x4a, 0xff, 0x47, 0x45, 0x4a, 0xff, 0x45, 0x46, 0x4a, 0xff, 0x45, 0x46, 0x4a, 0xff,
    0x47, 0x48, 0x4d, 0xff, 0x43, 0x43, 0x48, 0xff, 0x4d, 0x51, 0x55, 0xff, 0xbd, 0xc0, 0xc4, 0xff,
    0xc5, 0xc6, 0xca, 0xff, 0xc5, 0xc6, 0xca, 0xff, 0xc5, 0xc6, 0xca, 0xff, 0xc5, 0xc6, 0xca, 0xff,
    0xc2, 0xc0, 0xc7, 0xff, 0xcc, 0xc9, 0xd1, 0xff, 0xac, 0xaa, 0xb1, 0xff, 0x3b, 0x39, 0x40, 0xff,
    0x3f, 0x3c, 0x44, 0xff, 0x42, 0x40, 0x47, 0xff, 0x46, 0x43, 0x4b, 0xff, 0x48, 0x46, 0x4d, 0xff,
    0x49, 0x47, 0x4e, 0xff, 0x45, 0x42, 0x49, 0xff, 0x47, 0x45, 0x4a, 0xff, 0x34, 0x33, 0x38, 0xff,
    0x68, 0x66, 0x6b, 0xff, 0xc8, 0xc7, 0xcb, 0xfe, 0xba, 0xb9, 0xbd, 0xff, 0xaf, 0xad, 0xb2, 0xf1,
    0x6f, 0x6e, 0x70, 0x31, 0x78, 0x77, 0x7a, 0x00, 0x7d, 0x7c, 0x7e, 0x02, 0x78, 0x77, 0x7a, 0x00,
    0x77, 0x76, 0x78, 0x00, 0x77, 0x76, 0x78, 0x00, 0x77, 0x77, 0x77, 0x00, 0x77, 0x77, 0x77, 0x00,
    0x00, 0x00, 0x00, 0x00, 0x00, 0x00, 0x00, 0x00, 0x00, 0x00, 0x00, 0x00, 0x00, 0x00, 0x00, 0x00,
    0x00, 0x00, 0x00, 0x00, 0x00, 0x00, 0x00, 0x00, 0x00, 0x00, 0x00, 0x00, 0x00, 0x00, 0x00, 0x00,
    0x00, 0x00, 0x00, 0x00, 0x00, 0x00, 0x00, 0x00, 0x00, 0x00, 0x00, 0x00, 0x00, 0x00, 0x00, 0x00,
    0x00, 0x00, 0x00, 0x00, 0x00, 0x00, 0x00, 0x00, 0x00, 0x00, 0x00, 0x00, 0x00, 0x00, 0x00, 0x00,
    0x00, 0x00, 0x00, 0x00, 0x00, 0x00, 0x00, 0x00, 0x00, 0x00, 0x00, 0x00, 0x00, 0x00, 0x00, 0x00,
    0x00, 0x00, 0x00, 0x00, 0x00, 0x00, 0x00, 0x00, 0x00, 0x00, 0x00, 0x00, 0x00, 0x00, 0x00, 0x00,
    0x00, 0x00, 0x00, 0x00, 0x00, 0x00, 0x00, 0x00, 0x00, 0x00, 0x00, 0x00, 0x00, 0x00, 0x00, 0x00,
    0x00, 0x00, 0x00, 0x00, 0x00, 0x00, 0x00, 0x00, 0x00, 0x00, 0x00, 0x00, 0x00, 0x00, 0x00, 0x00,
    0x00, 0x00, 0x00, 0x00, 0x00, 0x00, 0x00, 0x00, 0x00, 0x00, 0x00, 0x00, 0x00, 0x00, 0x00, 0x00,
    0x00, 0x00, 0x00, 0x00, 0x00, 0x00, 0x00, 0x00, 0x00, 0x00, 0x00, 0x00, 0x00, 0x00, 0x00, 0x00,
    0x00, 0x00, 0x00, 0x00, 0x00, 0x00, 0x00, 0x00, 0x00, 0x00, 0x00, 0x00, 0x00, 0x00, 0x00, 0x00,
    0x00, 0x00, 0x00, 0x00, 0x00, 0x00, 0x00, 0x00, 0x9f, 0x9c, 0x9f, 0x00, 0x9f, 0x9b, 0xa0, 0x00,
    0x9d, 0x9b, 0xa2, 0x00, 0x9d, 0x97, 0xaa, 0x00, 0x99, 0x8c, 0xb2, 0x00, 0x16, 0x0d, 0x30, 0x03,
    0xc3, 0xc7, 0xd4, 0xcb, 0xcf, 0xd7, 0xdb, 0xff, 0xd1, 0xd2, 0xd6, 0xfd, 0x65, 0x64, 0x68, 0xff,
    0x39, 0x37, 0x3c, 0xff, 0x4e, 0x4c, 0x51, 0xff, 0x57, 0x56, 0x5b, 0xff, 0x57, 0x56, 0x5b, 0xff,
    0x55, 0x56, 0x5b, 0xff, 0x55, 0x56, 0x5b, 0xff, 0x59, 0x5a, 0x5e, 0xff, 0x56, 0x57, 0x5c, 0xff,
    0x5f, 0x62, 0x66, 0xff, 0xc8, 0xcb, 0xcf, 0xff, 0xc4, 0xc5, 0xc9, 0xff, 0xc4, 0xc5, 0xc9, 0xff,
    0xc4, 0xc5, 0xc9, 0xff, 0xc4, 0xc5, 0xc9, 0xff, 0xc2, 0xc0, 0xc7, 0xff, 0xcc, 0xc9, 0xd1, 0xff,
    0xac, 0xaa, 0xb1, 0xff, 0x3b, 0x39, 0x40, 0xff, 0x45, 0x42, 0x49, 0xff, 0x47, 0x45, 0x4c, 0xff,
    0x4b, 0x48, 0x4f, 0xff, 0x4e, 0x4c, 0x53, 0xff, 0x58, 0x56, 0x5d, 0xff, 0x54, 0x51, 0x59, 0xff,
    0x56, 0x55, 0x59, 0xff, 0x44, 0x42, 0x47, 0xff, 0x6c, 0x6b, 0x6f, 0xff, 0xcb, 0xc9, 0xce, 0xfe,
    0xb9, 0xb7, 0xbc, 0xff, 0xab, 0xaa, 0xae, 0xf1, 0x6f, 0x6e, 0x70, 0x31, 0x78, 0x77, 0x7a, 0x00,
    0x7d, 0x7c, 0x7e, 0x02, 0x78, 0x77, 0x7a, 0x00, 0x77, 0x76, 0x78, 0x00, 0x77, 0x76, 0x78, 0x00,
    0x77, 0x77, 0x77, 0x00, 0x77, 0x77, 0x77, 0x00, 0x00, 0x00, 0x00, 0x00, 0x00, 0x00, 0x00, 0x00,
    0x00, 0x00, 0x00, 0x00, 0x00, 0x00, 0x00, 0x00, 0x00, 0x00, 0x00, 0x00, 0x00, 0x00, 0x00, 0x00,
    0x00, 0x00, 0x00, 0x00, 0x00, 0x00, 0x00, 0x00, 0x00, 0x00, 0x00, 0x00, 0x00, 0x00, 0x00, 0x00,
    0x00, 0x00, 0x00, 0x00, 0x00, 0x00, 0x00, 0x00, 0x00, 0x00, 0x00, 0x00, 0x00, 0x00, 0x00, 0x00,
    0x00, 0x00, 0x00, 0x00, 0x00, 0x00, 0x00, 0x00, 0x00, 0x00, 0x00, 0x00, 0x00, 0x00, 0x00, 0x00,
    0x00, 0x00, 0x00, 0x00, 0x00, 0x00, 0x00, 0x00, 0x00, 0x00, 0x00, 0x00, 0x00, 0x00, 0x00, 0x00,
    0x00, 0x00, 0x00, 0x00, 0x00, 0x00, 0x00, 0x00, 0x00, 0x00, 0x00, 0x00, 0x00, 0x00, 0x00, 0x00,
    0x00, 0x00, 0x00, 0x00, 0x00, 0x00, 0x00, 0x00, 0x00, 0x00, 0x00, 0x00, 0x00, 0x00, 0x00, 0x00,
    0x00, 0x00, 0x00, 0x00, 0x00, 0x00, 0x00, 0x00, 0x00, 0x00, 0x00, 0x00, 0x00, 0x00, 0x00, 0x00,
    0x00, 0x00, 0x00, 0x00, 0x00, 0x00, 0x00, 0x00, 0x00, 0x00, 0x00, 0x00, 0x00, 0x00, 0x00, 0x00,
    0x00, 0x00, 0x00, 0x00, 0x00, 0x00, 0x00, 0x00, 0x00, 0x00, 0x00, 0x00, 0x00, 0x00, 0x00, 0x00,
    0x00, 0x00, 0x00, 0x00, 0x00, 0x00, 0x00, 0x00, 0x00, 0x00, 0x00, 0x00, 0x00, 0x00, 0x00, 0x00,
    0x8b, 0x88, 0x8b, 0x00, 0x8b, 0x88, 0x8b, 0x00, 0x89, 0x89, 0x8b, 0x00, 0x89, 0x87, 0x8e, 0x00,
    0x86, 0x84, 0x92, 0x00, 0x00, 0x00, 0x0b, 0x03, 0xc8, 0xca, 0xd1, 0xcb, 0xce, 0xd2, 0xd3, 0xff,
    0xc6, 0xc8, 0xca, 0xfd, 0x63, 0x65, 0x67, 0xff, 0x2b, 0x2d, 0x2f, 0xff, 0x4b, 0x4c, 0x4e, 0xff,
    0x66, 0x66, 0x6b, 0xff, 0x66, 0x66, 0x6b, 0xff, 0x66, 0x66, 0x6b, 0xff, 0x66, 0x66, 0x6b, 0xff,
    0x61, 0x62, 0x66, 0xff, 0x61, 0x62, 0x66, 0xff, 0x6a, 0x6b, 0x6f, 0xff, 0xc5, 0xc6, 0xca, 0xff,
    0xc4, 0xc5, 0xc9, 0xff, 0xc4, 0xc5, 0xc9, 0xff, 0xc4, 0xc5, 0xc9, 0xff, 0xc4, 0xc5, 0xc9, 0xff,
    0xc2, 0xc0, 0xc7, 0xff, 0xc7, 0xc5, 0xcc, 0xff, 0xb3, 0xb1, 0xb8, 0xff, 0x3d, 0x3a, 0x41, 0xff,
    0x38, 0x35, 0x3d, 0xff, 0x41, 0x3f, 0x46, 0xff, 0x4e, 0x4c, 0x51, 0xff, 0x57, 0x56, 0x5b, 0xff,
    0x5d, 0x5c, 0x60, 0xff, 0x5b, 0x59, 0x5e, 0xff, 0x57, 0x56, 0x5b, 0xff, 0x55, 0x53, 0x58, 0xff,
    0x80, 0x7e, 0x83, 0xff, 0xc6, 0xc4, 0xc9, 0xfe, 0xb3, 0xb2, 0xb7, 0xff, 0xad, 0xac, 0xb1, 0xf1,
    0x6f, 0x6e, 0x70, 0x31, 0x78, 0x77, 0x7a, 0x00, 0x7d, 0x7c, 0x7e, 0x02, 0x78, 0x77, 0x7a, 0x00,
    0x77, 0x76, 0x78, 0x00, 0x77, 0x76, 0x78, 0x00, 0x77, 0x76, 0x78, 0x00, 0x77, 0x76, 0x78, 0x00,
    0x00, 0x00, 0x02, 0x00, 0x00, 0x00, 0x02, 0x00, 0x00, 0x00, 0x00, 0x00, 0x00, 0x00, 0x00, 0x00,
    0x00, 0x00, 0x00, 0x00, 0x00, 0x00, 0x00, 0x00, 0x00, 0x00, 0x00, 0x00, 0x00, 0x00, 0x00, 0x00,
    0x00, 0x00, 0x00, 0x00, 0x00, 0x00, 0x00, 0x00, 0x00, 0x00, 0x00, 0x00, 0x00, 0x00, 0x00, 0x00,
    0x00, 0x00, 0x00, 0x00, 0x00, 0x00, 0x00, 0x00, 0x00, 0x00, 0x00, 0x00, 0x00, 0x00, 0x00, 0x00,
    0x00, 0x00, 0x00, 0x00, 0x00, 0x00, 0x00, 0x00, 0x00, 0x00, 0x00, 0x00, 0x00, 0x00, 0x00, 0x00,
    0x00, 0x00, 0x00, 0x00, 0x00, 0x00, 0x00, 0x00, 0x00, 0x00, 0x00, 0x00, 0x00, 0x00, 0x00, 0x00,
    0x00, 0x00, 0x00, 0x00, 0x00, 0x00, 0x00, 0x00, 0x00, 0x00, 0x00, 0x00, 0x00, 0x00, 0x00, 0x00,
    0x00, 0x00, 0x00, 0x00, 0x00, 0x00, 0x00, 0x00, 0x00, 0x00, 0x00, 0x00, 0x00, 0x00, 0x00, 0x00,
    0x00, 0x00, 0x00, 0x00, 0x00, 0x00, 0x00, 0x00, 0x00, 0x00, 0x00, 0x00, 0x00, 0x00, 0x00, 0x00,
    0x00, 0x00, 0x00, 0x00, 0x00, 0x00, 0x00, 0x00, 0x00, 0x00, 0x00, 0x00, 0x00, 0x00, 0x00, 0x00,
    0x00, 0x00, 0x00, 0x00, 0x00, 0x00, 0x00, 0x00, 0x00, 0x00, 0x00, 0x00, 0x00, 0x00, 0x00, 0x00,
    0x00, 0x00, 0x00, 0x00, 0x00, 0x00, 0x00, 0x00, 0x8b, 0x88, 0x8b, 0x00, 0x8b, 0x88, 0x8b, 0x00,
    0x89, 0x89, 0x89, 0x00, 0x89, 0x89, 0x89, 0x00, 0x86, 0x88, 0x8a, 0x00, 0x00, 0x01, 0x03, 0x03,
    0xca, 0xcb, 0xcd, 0xcb, 0xd0, 0xd1, 0xd3, 0xff, 0xd0, 0xd1, 0xd3, 0xfd, 0xab, 0xad, 0xaf, 0xff,
    0x74, 0x75, 0x77, 0xff, 0x83, 0x84, 0x86, 0xff, 0x95, 0x96, 0x9b, 0xff, 0x95, 0x96, 0x9b, 0xff,
    0x95, 0x96, 0x9b, 0xff, 0x95, 0x96, 0x9b, 0xff, 0x99, 0x9a, 0x9e, 0xff, 0x97, 0x97, 0x9c, 0xff,
    0xb5, 0xb6, 0xba, 0xff, 0xd0, 0xd0, 0xd5, 0xff, 0xc3, 0xc4, 0xc8, 0xff, 0xc3, 0xc4, 0xc8, 0xff,
    0xc3, 0xc4, 0xc8, 0xff, 0xc3, 0xc4, 0xc8, 0xff, 0xc6, 0xc3, 0xcb, 0xff, 0xc4, 0xc1, 0xc8, 0xff,
    0xc2, 0xc0, 0xc7, 0xff, 0x96, 0x94, 0x9b, 0xff, 0x73, 0x71, 0x78, 0xff, 0x79, 0x77, 0x7e, 0xff,
    0x80, 0x7e, 0x83, 0xff, 0x86, 0x84, 0x89, 0xff, 0x92, 0x90, 0x95, 0xff, 0x8f, 0x8e, 0x92, 0xff,
    0x8d, 0x8b, 0x90, 0xff, 0x89, 0x88, 0x8d, 0xff, 0xbb, 0xba, 0xbf, 0xff, 0xc5, 0xc3, 0xc8, 0xfe,
    0xbd, 0xbb, 0xc0, 0xff, 0xab, 0xaa, 0xae, 0xf1, 0x6f, 0x6e, 0x70, 0x31, 0x78, 0x77, 0x7a, 0x00,
    0x7d, 0x7c, 0x7e, 0x02, 0x78, 0x77, 0x7a, 0x00, 0x77, 0x76, 0x78, 0x00, 0x77, 0x76, 0x78, 0x00,
    0x77, 0x76, 0x78, 0x00, 0x77, 0x76, 0x78, 0x00, 0x00, 0x00, 0x02, 0x00, 0x00, 0x00, 0x02, 0x00,
    0x00, 0x00, 0x00, 0x00, 0x00, 0x00, 0x00, 0x00, 0x00, 0x00, 0x00, 0x00, 0x00, 0x00, 0x00, 0x00,
    0x00, 0x00, 0x00, 0x00, 0x00, 0x00, 0x00, 0x00, 0x00, 0x00, 0x00, 0x00, 0x00, 0x00, 0x00, 0x00,
    0x00, 0x00, 0x00, 0x00, 0x00, 0x00, 0x00, 0x00, 0x00, 0x00, 0x00, 0x00, 0x00, 0x00, 0x00, 0x00,
    0x00, 0x00, 0x00, 0x00, 0x00, 0x00, 0x00, 0x00, 0x00, 0x00, 0x00, 0x00, 0x00, 0x00, 0x00, 0x00,
    0x00, 0x00, 0x00, 0x00, 0x00, 0x00, 0x00, 0x00, 0x00, 0x00, 0x00, 0x00, 0x00, 0x00, 0x00, 0x00,
    0x00, 0x00, 0x00, 0x00, 0x00, 0x00, 0x00, 0x00, 0x00, 0x00, 0x00, 0x00, 0x00, 0x00, 0x00, 0x00,
    0x00, 0x00, 0x00, 0x00, 0x00, 0x00, 0x00, 0x00, 0x00, 0x00, 0x00, 0x00, 0x00, 0x00, 0x00, 0x00,
    0x00, 0x00, 0x00, 0x00, 0x00, 0x00, 0x00, 0x00, 0x00, 0x00, 0x00, 0x00, 0x00, 0x00, 0x00, 0x00,
    0x00, 0x00, 0x00, 0x00, 0x00, 0x00, 0x00, 0x00, 0x00, 0x00, 0x00, 0x00, 0x00, 0x00, 0x00, 0x00,
    0x00, 0x00, 0x00, 0x00, 0x00, 0x00, 0x00, 0x00, 0x00, 0x00, 0x00, 0x00, 0x00, 0x00, 0x00, 0x00,
    0x00, 0x00, 0x00, 0x00, 0x00, 0x00, 0x00, 0x00, 0x00, 0x00, 0x00, 0x00, 0x00, 0x00, 0x00, 0x00,
    0x89, 0x89, 0x89, 0x00, 0x89, 0x89, 0x89, 0x00, 0x89, 0x89, 0x89, 0x00, 0x89, 0x89, 0x89, 0x00,
    0x86, 0x88, 0x8a, 0x00, 0x00, 0x01, 0x03, 0x03, 0xca, 0xcb, 0xcd, 0xcb, 0xd0, 0xd1, 0xd3, 0xff,
    0xc2, 0xc3, 0xc5, 0xfd, 0xce, 0xd0, 0xd2, 0xff, 0xe0, 0xe1, 0xe3, 0xff, 0xde, 0xdf, 0xe1, 0xff,
    0xdc, 0xdd, 0xe2, 0xff, 0xdc, 0xdd, 0xe2, 0xff, 0xdc, 0xdd, 0xe2, 0xff, 0xdc, 0xdd, 0xe2, 0xff,
    0xda, 0xdb, 0xdf, 0xff, 0xd8, 0xd8, 0xdd, 0xff, 0xd7, 0xd7, 0xdc, 0xff, 0xcb, 0xcc, 0xd0, 0xff,
    0xc3, 0xc4, 0xc8, 0xff, 0xc3, 0xc4, 0xc8, 0xff, 0xc3, 0xc4, 0xc8, 0xff, 0xc3, 0xc4, 0xc8, 0xff,
    0xc6, 0xc3, 0xcb, 0xff, 0xbf, 0xbd, 0xc4, 0xff, 0xc5, 0xc2, 0xca, 0xff, 0xd0, 0xce, 0xd5, 0xff,
    0xd7, 0xd5, 0xdc, 0xff, 0xd7, 0xd5, 0xdc, 0xff, 0xd8, 0xd4, 0xd9, 0xff, 0xd9, 0xd5, 0xdb, 0xff,
    0xd9, 0xd7, 0xdc, 0xff, 0xd7, 0xd6, 0xdb, 0xff, 0xd4, 0xd3, 0xd6, 0xff, 0xd2, 0xd1, 0xd3, 0xff,
    0xd4, 0xd3, 0xd6, 0xff, 0xbb, 0xbb, 0xbd, 0xfe, 0xbf, 0xbe, 0xc1, 0xff, 0xa9, 0xa8, 0xaa, 0xf1,
    0x6f, 0x6e, 0x70, 0x31, 0x78, 0x77, 0x7a, 0x00, 0x7d, 0x7c, 0x7e, 0x02, 0x78, 0x77, 0x7a, 0x00,
    0x77, 0x76, 0x78, 0x00, 0x77, 0x76, 0x78, 0x00, 0x77, 0x76, 0x78, 0x00, 0x77, 0x76, 0x78, 0x00,
    0x00, 0x00, 0x02, 0x00, 0x00, 0x00, 0x02, 0x00, 0x00, 0x00, 0x00, 0x00, 0x00, 0x00, 0x00, 0x00,
    0x00, 0x00, 0x00, 0x00, 0x00, 0x00, 0x00, 0x00, 0x00, 0x00, 0x00, 0x00, 0x00, 0x00, 0x00, 0x00,
    0x00, 0x00, 0x00, 0x00, 0x00, 0x00, 0x00, 0x00, 0x00, 0x00, 0x00, 0x00, 0x00, 0x00, 0x00, 0x00,
    0x00, 0x00, 0x00, 0x00, 0x00, 0x00, 0x00, 0x00, 0x00, 0x00, 0x00, 0x00, 0x00, 0x00, 0x00, 0x00,
    0x00, 0x00, 0x00, 0x00, 0x00, 0x00, 0x00, 0x00, 0x00, 0x00, 0x00, 0x00, 0x00, 0x00, 0x00, 0x00,
    0x00, 0x00, 0x00, 0x00, 0x00, 0x00, 0x00, 0x00, 0x00, 0x00, 0x00, 0x00, 0x00, 0x00, 0x00, 0x00,
    0x00, 0x00, 0x00, 0x00, 0x00, 0x00, 0x00, 0x00, 0x00, 0x00, 0x00, 0x00, 0x00, 0x00, 0x00, 0x00,
    0x00, 0x00, 0x00, 0x00, 0x00, 0x00, 0x00, 0x00, 0x00, 0x00, 0x00, 0x00, 0x00, 0x00, 0x00, 0x00,
    0x00, 0x00, 0x00, 0x00, 0x00, 0x00, 0x00, 0x00, 0x00, 0x00, 0x00, 0x00, 0x00, 0x00, 0x00, 0x00,
    0x00, 0x00, 0x00, 0x00, 0x00, 0x00, 0x00, 0x00, 0x00, 0x00, 0x00, 0x00, 0x00, 0x00, 0x00, 0x00,
    0x00, 0x00, 0x00, 0x00, 0x00, 0x00, 0x00, 0x00, 0x00, 0x00, 0x00, 0x00, 0x00, 0x00, 0x00, 0x00,
    0x00, 0x00, 0x00, 0x00, 0x00, 0x00, 0x00, 0x00, 0x89, 0x89, 0x89, 0x00, 0x89, 0x89, 0x89, 0x00,
    0x89, 0x89, 0x89, 0x00, 0x89, 0x89, 0x89, 0x00, 0x86, 0x88, 0x8a, 0x00, 0x00, 0x01, 0x03, 0x03,
    0xca, 0xcb, 0xcd, 0xcb, 0xd0, 0xd1, 0xd3, 0xff, 0xbe, 0xc0, 0xc2, 0xfd, 0xc7, 0xc9, 0xcb, 0xff,
    0xc4, 0xc6, 0xc8, 0xff, 0xc3, 0xc4, 0xc6, 0xff, 0xc7, 0xc8, 0xcd, 0xff, 0xc7, 0xc8, 0xcd, 0xff,
    0xc7, 0xc8, 0xcd, 0xff, 0xc7, 0xc8, 0xcd, 0xff, 0xc3, 0xc4, 0xc8, 0xff, 0xc5, 0xc6, 0xca, 0xff,
    0xc6, 0xc7, 0xcb, 0xff, 0xcc, 0xcd, 0xd1, 0xff, 0xc3, 0xc4, 0xc8, 0xff, 0xc3, 0xc4, 0xc8, 0xff,
    0xc3, 0xc4, 0xc8, 0xff, 0xc3, 0xc4, 0xc8, 0xff, 0xc1, 0xbf, 0xc6, 0xff, 0xbf, 0xbd, 0xc4, 0xff,
    0xb2, 0xb0, 0xb7, 0xff, 0xc0, 0xbe, 0xc5, 0xff, 0xc4, 0xc1, 0xc8, 0xff, 0xc0, 0xbe, 0xc5, 0xff,
    0xbc, 0xb8, 0xbd, 0xff, 0xb8, 0xb4, 0xb9, 0xff, 0xbf, 0xbd, 0xc2, 0xff, 0xbd, 0xbb, 0xc0, 0xff,
    0xba, 0xb9, 0xbc, 0xff, 0xb7, 0xb6, 0xb8, 0xff, 0xbb, 0xbb, 0xbd, 0xff, 0xb0, 0xaf, 0xb1, 0xfe,
    0xb8, 0xb7, 0xba, 0xff, 0xa8, 0xa7, 0xa9, 0xf1, 0x6f, 0x6e, 0x70, 0x31, 0x78, 0x77, 0x7a, 0x00,
    0x7d, 0x7c, 0x7e, 0x02, 0x78, 0x77, 0x7a, 0x00, 0x77, 0x76, 0x78, 0x00, 0x77, 0x76, 0x78, 0x00,
    0x77, 0x76, 0x78, 0x00, 0x77, 0x76, 0x78, 0x00, 0x00, 0x00, 0x02, 0x00, 0x00, 0x00, 0x02, 0x00,
    0x00, 0x00, 0x00, 0x00, 0x00, 0x00, 0x00, 0x00, 0x00, 0x00, 0x00, 0x00, 0x00, 0x00, 0x00, 0x00,
    0x00, 0x00, 0x00, 0x00, 0x00, 0x00, 0x00, 0x00, 0x00, 0x00, 0x00, 0x00, 0x00, 0x00, 0x00, 0x00,
    0x00, 0x00, 0x00, 0x00, 0x00, 0x00, 0x00, 0x00, 0x00, 0x00, 0x00, 0x00, 0x00, 0x00, 0x00, 0x00,
    0x00, 0x00, 0x00, 0x00, 0x00, 0x00, 0x00, 0x00, 0x00, 0x00, 0x00, 0x00, 0x00, 0x00, 0x00, 0x00,
    0x00, 0x00, 0x00, 0x00, 0x00, 0x00, 0x00, 0x00, 0x00, 0x00, 0x00, 0x00, 0x00, 0x00, 0x00, 0x00,
    0x00, 0x00, 0x00, 0x00, 0x00, 0x00, 0x00, 0x00, 0x00, 0x00, 0x00, 0x00, 0x00, 0x00, 0x00, 0x00,
    0x00, 0x00, 0x00, 0x00, 0x00, 0x00, 0x00, 0x00, 0x00, 0x00, 0x00, 0x00, 0x00, 0x00, 0x00, 0x00,
    0x00, 0x00, 0x00, 0x00, 0x00, 0x00, 0x00, 0x00, 0x00, 0x00, 0x00, 0x00, 0x00, 0x00, 0x00, 0x00,
    0x00, 0x00, 0x00, 0x00, 0x00, 0x00, 0x00, 0x00, 0x00, 0x00, 0x00, 0x00, 0x00, 0x00, 0x00, 0x00,
    0x00, 0x00, 0x00, 0x00, 0x00, 0x00, 0x00, 0x00, 0x00, 0x00, 0x00, 0x00, 0x00, 0x00, 0x00, 0x00,
    0x00, 0x00, 0x00, 0x00, 0x00, 0x00, 0x00, 0x00, 0x00, 0x00, 0x00, 0x00, 0x00, 0x00, 0x00, 0x00,
    0x89, 0x89, 0x89, 0x00, 0x89, 0x89, 0x89, 0x00, 0x89, 0x89, 0x89, 0x00, 0x89, 0x89, 0x89, 0x00,
    0x82, 0x83, 0x85, 0x00, 0x00, 0x01, 0x03, 0x03, 0xcc, 0xce, 0xd0, 0xcb, 0xcd, 0xcf, 0xd1, 0xff,
    0xc5, 0xc7, 0xc9, 0xfd, 0xc4, 0xc6, 0xc8, 0xff, 0xc5, 0xc7, 0xc9, 0xff, 0xc4, 0xc6, 0xc8, 0xff,
    0xc4, 0xc5, 0xc9, 0xff, 0xc4, 0xc5, 0xc9, 0xff, 0xc4, 0xc5, 0xc9, 0xff, 0xc4, 0xc5, 0xc9, 0xff,
    0xc3, 0xc4, 0xc8, 0xff, 0xc3, 0xc4, 0xc8, 0xff, 0xc3, 0xc4, 0xc8, 0xff, 0xc3, 0xc4, 0xc8, 0xff,
    0xbf, 0xbd, 0xc2, 0xff, 0xbf, 0xbd, 0xc2, 0xff, 0xbf, 0xbd, 0xc2, 0xff, 0xbf, 0xbd, 0xc2, 0xff,
    0xbe, 0xbb, 0xc3, 0xff, 0xbe, 0xbb, 0xc3, 0xff, 0xbe, 0xbb, 0xc3, 0xff, 0xbe, 0xbb, 0xc3, 0xff,
    0xbe, 0xbb, 0xc3, 0xff, 0xbe, 0xbb, 0xc3, 0xff, 0xc0, 0xbc, 0xc1, 0xff, 0xbf, 0xbb, 0xc0, 0xff,
    0xbb, 0xba, 0xbf, 0xff, 0xba, 0xb9, 0xbd, 0xff, 0xba, 0xb9, 0xbc, 0xff, 0xba, 0xb9, 0xbc, 0xff,
    0xb7, 0xb6, 0xb8, 0xff, 0xb6, 0xb5, 0xb7, 0xfe, 0xb7, 0xb6, 0xb8, 0xff, 0xa5, 0xa5, 0xa7, 0xf1,
    0x6f, 0x6e, 0x70, 0x31, 0x78, 0x77, 0x7a, 0x00, 0x7d, 0x7c, 0x7e, 0x02, 0x78, 0x77, 0x7a, 0x00,
    0x77, 0x76, 0x78, 0x00, 0x77, 0x76, 0x78, 0x00, 0x77, 0x77, 0x77, 0x00, 0x77, 0x77, 0x77, 0x00,
    0x00, 0x00, 0x00, 0x00, 0x00, 0x00, 0x00, 0x00, 0x00, 0x00, 0x00, 0x00, 0x00, 0x00, 0x00, 0x00,
    0x00, 0x00, 0x00, 0x00, 0x00, 0x00, 0x00, 0x00, 0x00, 0x00, 0x00, 0x00, 0x00, 0x00, 0x00, 0x00,
    0x00, 0x00, 0x00, 0x00, 0x00, 0x00, 0x00, 0x00, 0x00, 0x00, 0x00, 0x00, 0x00, 0x00, 0x00, 0x00,
    0x00, 0x00, 0x00, 0x00, 0x00, 0x00, 0x00, 0x00, 0x00, 0x00, 0x00, 0x00, 0x00, 0x00, 0x00, 0x00,
    0x00, 0x00, 0x00, 0x00, 0x00, 0x00, 0x00, 0x00, 0x00, 0x00, 0x00, 0x00, 0x00, 0x00, 0x00, 0x00,
    0x00, 0x00, 0x00, 0x00, 0x00, 0x00, 0x00, 0x00, 0x00, 0x00, 0x00, 0x00, 0x00, 0x00, 0x00, 0x00,
    0x00, 0x00, 0x00, 0x00, 0x00, 0x00, 0x00, 0x00, 0x00, 0x00, 0x00, 0x00, 0x00, 0x00, 0x00, 0x00,
    0x00, 0x00, 0x00, 0x00, 0x00, 0x00, 0x00, 0x00, 0x00, 0x00, 0x00, 0x00, 0x00, 0x00, 0x00, 0x00,
    0x00, 0x00, 0x00, 0x00, 0x00, 0x00, 0x00, 0x00, 0x00, 0x00, 0x00, 0x00, 0x00, 0x00, 0x00, 0x00,
    0x00, 0x00, 0x00, 0x00, 0x00, 0x00, 0x00, 0x00, 0x00, 0x00, 0x00, 0x00, 0x00, 0x00, 0x00, 0x00,
    0x00, 0x00, 0x00, 0x00, 0x00, 0x00, 0x00, 0x00, 0x00, 0x00, 0x00, 0x00, 0x00, 0x00, 0x00, 0x00,
    0x00, 0x00, 0x00, 0x00, 0x00, 0x00, 0x00, 0x00, 0x89, 0x89, 0x89, 0x00, 0x89, 0x89, 0x89, 0x00,
    0x89, 0x89, 0x89, 0x00, 0x89, 0x89, 0x89, 0x00, 0x83, 0x84, 0x86, 0x00, 0x00, 0x00, 0x02, 0x03,
    0xbd, 0xbf, 0xc1, 0xcb, 0xcc, 0xce, 0xd0, 0xff, 0xc5, 0xc7, 0xc9, 0xfd, 0xc4, 0xc6, 0xc8, 0xff,
    0xc5, 0xc7, 0xc9, 0xff, 0xc4, 0xc6, 0xc8, 0xff, 0xc4, 0xc5, 0xc9, 0xff, 0xc4, 0xc5, 0xc9, 0xff,
    0xc4, 0xc5, 0xc9, 0xff, 0xc4, 0xc5, 0xc9, 0xff, 0xc3, 0xc4, 0xc8, 0xff, 0xc3, 0xc4, 0xc8, 0xff,
    0xc3, 0xc4, 0xc8, 0xff, 0xc3, 0xc4, 0xc8, 0xff, 0xbf, 0xbd, 0xc2, 0xff, 0xbf, 0xbd, 0xc2, 0xff,
    0xbf, 0xbd, 0xc2, 0xff, 0xbf, 0xbd, 0xc2, 0xff, 0xbe, 0xbb, 0xc3, 0xff, 0xbe, 0xbb, 0xc3, 0xff,
    0xbe, 0xbb, 0xc3, 0xff, 0xbd, 0xba, 0xc1, 0xff, 0xbd, 0xba, 0xc1, 0xff, 0xc0, 0xbb, 0xc3, 0xff,
    0xc0, 0xbc, 0xc1, 0xff, 0xbf, 0xbb, 0xc0, 0xff, 0xbb, 0xba, 0xbf, 0xff, 0xba, 0xb9, 0xbd, 0xff,
    0xba, 0xb9, 0xbd, 0xff, 0xba, 0xb9, 0xbc, 0xff, 0xb7, 0xb6, 0xb8, 0xff, 0xb6, 0xb5, 0xb7, 0xfe,
    0xb7, 0xb6, 0xb8, 0xff, 0xa5, 0xa5, 0xa7, 0xf1, 0x6f, 0x6e, 0x70, 0x31, 0x78, 0x77, 0x7a, 0x00,
    0x7d, 0x7c, 0x7e, 0x02, 0x78, 0x77, 0x7a, 0x00, 0x77, 0x76, 0x78, 0x00, 0x77, 0x76, 0x78, 0x00,
    0x77, 0x77, 0x77, 0x00, 0x77, 0x77, 0x77, 0x00, 0x00, 0x00, 0x00, 0x00, 0x00, 0x00, 0x00, 0x00,
    0x00, 0x00, 0x00, 0x00, 0x00, 0x00, 0x00, 0x00, 0x00, 0x00, 0x00, 0x00, 0x00, 0x00, 0x00, 0x00,
    0x00, 0x00, 0x00, 0x00, 0x00, 0x00, 0x00, 0x00, 0x00, 0x00, 0x00, 0x00, 0x00, 0x00, 0x00, 0x00,
    0x00, 0x00, 0x00, 0x00, 0x00, 0x00, 0x00, 0x00, 0x00, 0x00, 0x00, 0x00, 0x00, 0x00, 0x00, 0x00,
    0x00, 0x00, 0x00, 0x00, 0x00, 0x00, 0x00, 0x00, 0x00, 0x00, 0x00, 0x00, 0x00, 0x00, 0x00, 0x00,
    0x00, 0x00, 0x00, 0x00, 0x00, 0x00, 0x00, 0x00, 0x00, 0x00, 0x00, 0x00, 0x00, 0x00, 0x00, 0x00,
    0x00, 0x00, 0x00, 0x00, 0x00, 0x00, 0x00, 0x00, 0x00, 0x00, 0x00, 0x00, 0x00, 0x00, 0x00, 0x00,
    0x00, 0x00, 0x00, 0x00, 0x00, 0x00, 0x00, 0x00, 0x00, 0x00, 0x00, 0x00, 0x00, 0x00, 0x00, 0x00,
    0x00, 0x00, 0x00, 0x00, 0x00, 0x00, 0x00, 0x00, 0x00, 0x00, 0x00, 0x00, 0x00, 0x00, 0x00, 0x00,
    0x00, 0x00, 0x00, 0x00, 0x00, 0x00, 0x00, 0x00, 0x00, 0x00, 0x00, 0x00, 0x00, 0x00, 0x00, 0x00,
    0x00, 0x00, 0x00, 0x00, 0x00, 0x00, 0x00, 0x00, 0x00, 0x00, 0x00, 0x00, 0x00, 0x00, 0x00, 0x00,
    0x00, 0x00, 0x00, 0x00, 0x00, 0x00, 0x00, 0x00, 0x00, 0x00, 0x00, 0x00, 0x00, 0x00, 0x00, 0x00,
    0x87, 0x8a, 0x89, 0x00, 0x87, 0x8a, 0x89, 0x00, 0x87, 0x8a, 0x89, 0x00, 0x87, 0x8a, 0x89, 0x00,
    0x89, 0x8a, 0x8c, 0x00, 0x06, 0x08, 0x0a, 0x03, 0xc4, 0xc6, 0xc8, 0xcb, 0xc7, 0xc9, 0xcb, 0xff,
    0xc7, 0xc6, 0xc9, 0xfd, 0xc6, 0xc5, 0xc8, 0xff, 0xc7, 0xc5, 0xca, 0xff, 0xc6, 0xc4, 0xc9, 0xff,
    0xc6, 0xc4, 0xc9, 0xff, 0xc6, 0xc4, 0xc9, 0xff, 0xc6, 0xc3, 0xcb, 0xff, 0xc4, 0xc4, 0xcb, 0xff,
    0xc3, 0xc3, 0xca, 0xff, 0xc1, 0xc3, 0xca, 0xff, 0xc3, 0xc3, 0xca, 0xff, 0xc3, 0xc3, 0xca, 0xff,
    0xbe, 0xbb, 0xc3, 0xff, 0xbe, 0xbb, 0xc3, 0xff, 0xbe, 0xbb, 0xc3, 0xff, 0xbe, 0xbb, 0xc3, 0xff,
    0xbf, 0xba, 0xc1, 0xff, 0xbf, 0xba, 0xc1, 0xff, 0xbf, 0xba, 0xc1, 0xff, 0xbf, 0xba, 0xc1, 0xff,
    0xbf, 0xba, 0xc1, 0xff, 0xc0, 0xbb, 0xc3, 0xff, 0xc2, 0xbb, 0xc3, 0xff, 0xbf, 0xba, 0xc1, 0xff,
    0xbb, 0xb9, 0xc0, 0xff, 0xba, 0xb8, 0xbf, 0xff, 0xba, 0xb9, 0xbd, 0xff, 0xba, 0xb9, 0xbd, 0xff,
    0xb6, 0xb4, 0xb9, 0xff, 0xb4, 0xb3, 0xb8, 0xfe, 0xb6, 0xb4, 0xb9, 0xff, 0xa4, 0xa3, 0xa7, 0xf1,
    0x6f, 0x6e, 0x70, 0x31, 0x78, 0x77, 0x7a, 0x00, 0x7d, 0x7c, 0x7e, 0x02, 0x78, 0x77, 0x7a, 0x00,
    0x79, 0x76, 0x78, 0x00, 0x79, 0x76, 0x78, 0x00, 0x77, 0x77, 0x77, 0x00, 0x77, 0x77, 0x77, 0x00,
    0x00, 0x00, 0x00, 0x00, 0x00, 0x00, 0x00, 0x00, 0x00, 0x00, 0x00, 0x00, 0x00, 0x00, 0x00, 0x00,
    0x00, 0x00, 0x00, 0x00, 0x00, 0x00, 0x00, 0x00, 0x00, 0x00, 0x00, 0x00, 0x00, 0x00, 0x00, 0x00,
    0x00, 0x00, 0x00, 0x00, 0x00, 0x00, 0x00, 0x00, 0x00, 0x00, 0x00, 0x00, 0x00, 0x00, 0x00, 0x00,
    0x00, 0x00, 0x00, 0x00, 0x00, 0x00, 0x00, 0x00, 0x00, 0x00, 0x00, 0x00, 0x00, 0x00, 0x00, 0x00,
    0x00, 0x00, 0x00, 0x00, 0x00, 0x00, 0x00, 0x00, 0x00, 0x00, 0x00, 0x00, 0x00, 0x00, 0x00, 0x00,
    0x00, 0x00, 0x00, 0x00, 0x00, 0x00, 0x00, 0x00, 0x00, 0x00, 0x00, 0x00, 0x00, 0x00, 0x00, 0x00,
    0x00, 0x00, 0x00, 0x00, 0x00, 0x00, 0x00, 0x00, 0x00, 0x00, 0x00, 0x00, 0x00, 0x00, 0x00, 0x00,
    0x00, 0x00, 0x00, 0x00, 0x00, 0x00, 0x00, 0x00, 0x00, 0x00, 0x00, 0x00, 0x00, 0x00, 0x00, 0x00,
    0x00, 0x00, 0x00, 0x00, 0x00, 0x00, 0x00, 0x00, 0x00, 0x00, 0x00, 0x00, 0x00, 0x00, 0x00, 0x00,
    0x00, 0x00, 0x00, 0x00, 0x00, 0x00, 0x00, 0x00, 0x00, 0x00, 0x00, 0x00, 0x00, 0x00, 0x00, 0x00,
    0x00, 0x00, 0x00, 0x00, 0x00, 0x00, 0x00, 0x00, 0x00, 0x00, 0x00, 0x00, 0x00, 0x00, 0x00, 0x00,
    0x00, 0x00, 0x00, 0x00, 0x00, 0x00, 0x00, 0x00, 0x87, 0x8a, 0x89, 0x00, 0x87, 0x8a, 0x89, 0x00,
    0x87, 0x8a, 0x89, 0x00, 0x85, 0x8a, 0x89, 0x00, 0x80, 0x84, 0x85, 0x00, 0x2f, 0x33, 0x35, 0x03,
    0xbc, 0xc0, 0xc2, 0xcb, 0xcd, 0xcf, 0xd1, 0xff, 0xc7, 0xc6, 0xc9, 0xfd, 0xc6, 0xc5, 0xc8, 0xff,
    0xc7, 0xc5, 0xca, 0xff, 0xc6, 0xc4, 0xc9, 0xff, 0xc5, 0xc3, 0xc8, 0xff, 0xc5, 0xc3, 0xc8, 0xff,
    0xc5, 0xc2, 0xca, 0xff, 0xc5, 0xc2, 0xca, 0xff, 0xc2, 0xc2, 0xc8, 0xff, 0xc0, 0xc2, 0xc8, 0xff,
    0xc2, 0xc2, 0xc8, 0xff, 0xc2, 0xc2, 0xc8, 0xff, 0xbc, 0xbc, 0xc3, 0xff, 0xbe, 0xbb, 0xc3, 0xff,
    0xbe, 0xbb, 0xc3, 0xff, 0xbe, 0xbb, 0xc3, 0xff, 0xbf, 0xba, 0xc1, 0xff, 0xc1, 0xb9, 0xc1, 0xff,
    0xc1, 0xb9, 0xc1, 0xff, 0xbf, 0xb8, 0xc0, 0xff, 0xbf, 0xb8, 0xc0, 0xff, 0xc2, 0xbb, 0xc3, 0xff,
    0xc2, 0xbb, 0xc3, 0xff, 0xbf, 0xba, 0xc1, 0xff, 0xbb, 0xb9, 0xc0, 0xff, 0xba, 0xb8, 0xbf, 0xff,
    0xba, 0xb9, 0xbd, 0xff, 0xba, 0xb9, 0xbd, 0xff, 0xb6, 0xb4, 0xb9, 0xff, 0xb4, 0xb3, 0xb8, 0xfe,
    0xb6, 0xb4, 0xb9, 0xff, 0xa4, 0xa3, 0xa7, 0xf1, 0x73, 0x6d, 0x70, 0x31, 0x7c, 0x76, 0x7a, 0x00,
    0x81, 0x7b, 0x7e, 0x02, 0x7c, 0x76, 0x7a, 0x00, 0x79, 0x76, 0x78, 0x00, 0x79, 0x76, 0x78, 0x00,
    0x77, 0x77, 0x77, 0x00, 0x77, 0x77, 0x77, 0x00, 0x00, 0x00, 0x00, 0x00, 0x00, 0x00, 0x00, 0x00,
    0x00, 0x00, 0x00, 0x00, 0x00, 0x00, 0x00, 0x00, 0x00, 0x00, 0x00, 0x00, 0x00, 0x00, 0x00, 0x00,
    0x00, 0x00, 0x00, 0x00, 0x00, 0x00, 0x00, 0x00, 0x00, 0x00, 0x00, 0x00, 0x00, 0x00, 0x00, 0x00,
    0x00, 0x00, 0x00, 0x00, 0x00, 0x00, 0x00, 0x00, 0x00, 0x00, 0x00, 0x00, 0x00, 0x00, 0x00, 0x00,
    0x00, 0x00, 0x00, 0x00, 0x00, 0x00, 0x00, 0x00, 0x00, 0x00, 0x00, 0x00, 0x00, 0x00, 0x00, 0x00,
    0x00, 0x00, 0x00, 0x00, 0x00, 0x00, 0x00, 0x00, 0x00, 0x00, 0x00, 0x00, 0x00, 0x00, 0x00, 0x00,
    0x00, 0x00, 0x00, 0x00, 0x00, 0x00, 0x00, 0x00, 0x00, 0x00, 0x00, 0x00, 0x00, 0x00, 0x00, 0x00,
    0x00, 0x00, 0x00, 0x00, 0x00, 0x00, 0x00, 0x00, 0x00, 0x00, 0x00, 0x00, 0x00, 0x00, 0x00, 0x00,
    0x00, 0x00, 0x00, 0x00, 0x00, 0x00, 0x00, 0x00, 0x00, 0x00, 0x00, 0x00, 0x00, 0x00, 0x00, 0x00,
    0x00, 0x00, 0x00, 0x00, 0x00, 0x00, 0x00, 0x00, 0x00, 0x00, 0x00, 0x00, 0x00, 0x00, 0x00, 0x00,
    0xe7, 0xe7, 0xe7, 0x00, 0xe7, 0xe7, 0xe7, 0x00, 0xe7, 0xe7, 0xe7, 0x00, 0xe7, 0xe7, 0xe7, 0x00,
    0xec, 0xec, 0xec, 0x00, 0xe9, 0xe9, 0xe9, 0x00, 0xe4, 0xe4, 0xe4, 0x00, 0xdf, 0xe1, 0xe1, 0x00,
    0xc2, 0xc7, 0xc6, 0x00, 0xc1, 0xc6, 0xc5, 0x00, 0xc5, 0xc9, 0xcb, 0x00, 0xbe, 0xc4, 0xc5, 0x00,
    0xc1, 0xc7, 0xc9, 0x00, 0x33, 0x39, 0x3b, 0x03, 0xc1, 0xc7, 0xca, 0xcb, 0xc5, 0xc9, 0xcd, 0xff,
    0xbf, 0xbd, 0xc2, 0xfd, 0xc1, 0xbd, 0xc2, 0xff, 0xc2, 0xbe, 0xc3, 0xff, 0xc2, 0xbe, 0xc3, 0xff,
    0xc3, 0xbe, 0xc6, 0xff, 0xc3, 0xbe, 0xc6, 0xff, 0xc4, 0xc0, 0xc7, 0xff, 0xc2, 0xc0, 0xc7, 0xff,
    0xbf, 0xbf, 0xc6, 0xff, 0xbf, 0xbf, 0xc6, 0xff, 0xbd, 0xc0, 0xc6, 0xff, 0xbd, 0xc0, 0xc6, 0xff,
    0xb9, 0xbb, 0xc1, 0xff, 0xbb, 0xbb, 0xc1, 0xff, 0xb9, 0xb9, 0xc0, 0xff, 0xbb, 0xb9, 0xc0, 0xff,
    0xc1, 0xb9, 0xc1, 0xff, 0xc3, 0xb9, 0xc1, 0xff, 0xc2, 0xb8, 0xc0, 0xff, 0xc2, 0xb8, 0xc0, 0xff,
    0xc0, 0xb7, 0xbf, 0xff, 0xbb, 0xb4, 0xbc, 0xff, 0xbb, 0xb4, 0xbc, 0xff, 0xb8, 0xb3, 0xba, 0xff,
    0xb4, 0xb2, 0xb9, 0xff, 0xb1, 0xb1, 0xb8, 0xff, 0xb1, 0xb2, 0xb7, 0xff, 0xb1, 0xb2, 0xb7, 0xff,
    0xb2, 0xb3, 0xb8, 0xff, 0xb1, 0xb2, 0xb7, 0xfe, 0xb2, 0xb4, 0xb6, 0xff, 0xa5, 0xa2, 0xa5, 0xf1,
    0x7d, 0x70, 0x75, 0x31, 0xa2, 0x90, 0x95, 0x00, 0x85, 0x77, 0x79, 0x02, 0x9f, 0x96, 0x97, 0x00,
    0xa3, 0x9c, 0x9d, 0x00, 0x99, 0x97, 0x97, 0x00, 0x99, 0x99, 0x99, 0x00, 0x95, 0x95, 0x95, 0x00,
    0x7f, 0x7f, 0x7f, 0x00, 0x7f, 0x7f, 0x7f, 0x00, 0x7f, 0x7f, 0x7f, 0x00, 0x7f, 0x7f, 0x7f, 0x00,
    0x7f, 0x7f, 0x7f, 0x00, 0x7f, 0x7f, 0x7f, 0x00, 0x7f, 0x7f, 0x7f, 0x00, 0x7f, 0x7f, 0x7f, 0x00,
    0x00, 0x00, 0x00, 0x00, 0x00, 0x00, 0x00, 0x00, 0x00, 0x00, 0x00, 0x00, 0x00, 0x00, 0x00, 0x00,
    0x00, 0x00, 0x00, 0x00, 0x00, 0x00, 0x00, 0x00, 0x00, 0x00, 0x00, 0x00, 0x00, 0x00, 0x00, 0x00,
    0x00, 0x00, 0x00, 0x00, 0x00, 0x00, 0x00, 0x00, 0x00, 0x00, 0x00, 0x00, 0x00, 0x00, 0x00, 0x00,
    0x00, 0x00, 0x00, 0x00, 0x00, 0x00, 0x00, 0x00, 0x00, 0x00, 0x00, 0x00, 0x00, 0x00, 0x00, 0x00,
    0x00, 0x00, 0x00, 0x00, 0x00, 0x00, 0x00, 0x00, 0x00, 0x00, 0x00, 0x00, 0x00, 0x00, 0x00, 0x00,
    0x00, 0x00, 0x00, 0x00, 0x00, 0x00, 0x00, 0x00, 0x00, 0x00, 0x00, 0x00, 0x00, 0x00, 0x00, 0x00,
    0x00, 0x00, 0x00, 0x00, 0x00, 0x00, 0x00, 0x00, 0x00, 0x00, 0x00, 0x00, 0x00, 0x00, 0x00, 0x00,
    0x00, 0x00, 0x00, 0x00, 0x00, 0x00, 0x00, 0x00, 0xe7, 0xe7, 0xe7, 0x00, 0xe7, 0xe7, 0xe7, 0x00,
    0xe7, 0xe7, 0xe7, 0x00, 0xe8, 0xe8, 0xe8, 0x00, 0xe8, 0xe8, 0xe8, 0x00, 0xe8, 0xe8, 0xe8, 0x00,
    0xe5, 0xe5, 0xe5, 0x00, 0xe2, 0xe5, 0xe4, 0x00, 0xc3, 0xc8, 0xc7, 0x00, 0xc1, 0xc6, 0xc5, 0x00,
    0xc2, 0xc6, 0xc8, 0x00, 0xa9, 0xaf, 0xb0, 0x03, 0x89, 0x90, 0x91, 0x02, 0x71, 0x77, 0x78, 0x04,
    0xbb, 0xc1, 0xc4, 0xcb, 0xbe, 0xc2, 0xc6, 0xff, 0xbe, 0xbc, 0xc1, 0xfd, 0xc0, 0xbc, 0xc1, 0xff,
    0xc0, 0xbc, 0xc1, 0xff, 0xc0, 0xbc, 0xc1, 0xff, 0xc0, 0xbb, 0xc3, 0xff, 0xc0, 0xbb, 0xc3, 0xff,
    0xc0, 0xbb, 0xc3, 0xff, 0xc0, 0xbb, 0xc3, 0xff, 0xbd, 0xba, 0xc1, 0xff, 0xbb, 0xbb, 0xc1, 0xff,
    0xbb, 0xbb, 0xc1, 0xff, 0xbb, 0xbb, 0xc1, 0xff, 0xbb, 0xbb, 0xc1, 0xff, 0xbb, 0xbb, 0xc1, 0xff,
    0xb9, 0xb9, 0xc0, 0xff, 0xbb, 0xb9, 0xc0, 0xff, 0xc1, 0xb9, 0xc1, 0xff, 0xc3, 0xb9, 0xc1, 0xff,
    0xc2, 0xb8, 0xc0, 0xff, 0xc0, 0xb7, 0xbf, 0xff, 0xbf, 0xb6, 0xbe, 0xff, 0xbd, 0xb3, 0xbc, 0xff,
    0xbb, 0xb4, 0xbc, 0xff, 0xba, 0xb2, 0xba, 0xff, 0xb6, 0xb2, 0xb9, 0xff, 0xb3, 0xb1, 0xb8, 0xff,
    0xb3, 0xb2, 0xb7, 0xff, 0xb3, 0xb2, 0xb7, 0xff, 0xb4, 0xb3, 0xb8, 0xff, 0xb3, 0xb2, 0xb7, 0xfe,
    0xb4, 0xb4, 0xb6, 0xff, 0xa9, 0xa1, 0xa5, 0xf1, 0x7f, 0x6d, 0x73, 0x32, 0xa3, 0x8f, 0x94, 0x00,
    0x92, 0x81, 0x84, 0x04, 0xa1, 0x93, 0x95, 0x00, 0xa2, 0x98, 0x9a, 0x00, 0x9d, 0x98, 0x99, 0x00,
    0x9f, 0x9d, 0x9d, 0x00, 0x95, 0x95, 0x95, 0x00, 0x7f, 0x7f, 0x7f, 0x00, 0x7f, 0x7f, 0x7f, 0x00,
    0x7f, 0x7f, 0x7f, 0x00, 0x7f, 0x7f, 0x7f, 0x00, 0x7f, 0x7f, 0x7f, 0x00, 0x7f, 0x7f, 0x7f, 0x00,
    0x7f, 0x7f, 0x7f, 0x00, 0x7f, 0x7f, 0x7f, 0x00, 0x00, 0x00, 0x00, 0x00, 0x00, 0x00, 0x00, 0x00,
    0x00, 0x00, 0x00, 0x00, 0x00, 0x00, 0x00, 0x00, 0x00, 0x00, 0x00, 0x00, 0x00, 0x00, 0x00, 0x00,
    0x00, 0x00, 0x00, 0x00, 0x00, 0x00, 0x00, 0x00, 0x00, 0x00, 0x00, 0x00, 0x00, 0x00, 0x00, 0x00,
    0x00, 0x00, 0x00, 0x00, 0x00, 0x00, 0x00, 0x00, 0x00, 0x00, 0x00, 0x00, 0x00, 0x00, 0x00, 0x00,
    0x00, 0x00, 0x00, 0x00, 0x00, 0x00, 0x00, 0x00, 0x00, 0x00, 0x00, 0x00, 0x00, 0x00, 0x00, 0x00,
    0x00, 0x00, 0x00, 0x00, 0x00, 0x00, 0x00, 0x00, 0x00, 0x00, 0x00, 0x00, 0x00, 0x00, 0x00, 0x00,
    0x00, 0x00, 0x00, 0x00, 0x00, 0x00, 0x00, 0x00, 0x00, 0x00, 0x00, 0x00, 0x00, 0x00, 0x00, 0x00,
    0x00, 0x00, 0x00, 0x00, 0x00, 0x00, 0x00, 0x00, 0x00, 0x00, 0x00, 0x00, 0x00, 0x00, 0x00, 0x00,
    0xe7, 0xe7, 0xe7, 0x00, 0xe7, 0xe7, 0xe7, 0x00, 0xe7, 0xe7, 0xe7, 0x00, 0xe5, 0xe5, 0xe5, 0x00,
    0xe5, 0xe5, 0xe5, 0x00, 0xe5, 0xe5, 0xe5, 0x00, 0xe6, 0xe8, 0xe8, 0x00, 0xe7, 0xe9, 0xe9, 0x00,
    0xfc, 0xfe, 0xfe, 0x01, 0xfe, 0xff, 0xff, 0x03, 0xc7, 0xca, 0xc9, 0x00, 0xc3, 0xc8, 0xc7, 0x00,
    0xc0, 0xc4, 0xc5, 0x00, 0xc5, 0xc9, 0xcb, 0x00, 0xbd, 0xbf, 0xc1, 0xc9, 0xc5, 0xc7, 0xc9, 0xff,
    0xc2, 0xc2, 0xc4, 0xfd, 0xc2, 0xc2, 0xc4, 0xff, 0xc4, 0xc1, 0xc4, 0xff, 0xc4, 0xc0, 0xc6, 0xff,
    0xc0, 0xbc, 0xc1, 0xff, 0xc0, 0xbc, 0xc1, 0xff, 0xc0, 0xbc, 0xc1, 0xff, 0xc0, 0xbc, 0xc1, 0xff,
    0xbf, 0xbb, 0xc0, 0xff, 0xbd, 0xbb, 0xc0, 0xff, 0xbd, 0xbb, 0xc0, 0xff, 0xbd, 0xbb, 0xc0, 0xff,
    0xbb, 0xba, 0xbf, 0xff, 0xbb, 0xba, 0xbf, 0xff, 0xbd, 0xb9, 0xbf, 0xff, 0xbd, 0xb9, 0xbf, 0xff,
    0xbe, 0xb8, 0xbd, 0xff, 0xbe, 0xb8, 0xbd, 0xff, 0xc0, 0xb7, 0xbd, 0xff, 0xc0, 0xb7, 0xbd, 0xff,
    0xbf, 0xb6, 0xbc, 0xff, 0xbd, 0xb4, 0xba, 0xff, 0xbd, 0xb4, 0xba, 0xff, 0xbc, 0xb3, 0xb9, 0xff,
    0xbb, 0xb2, 0xb8, 0xff, 0xb9, 0xb1, 0xb7, 0xff, 0xb9, 0xb1, 0xb7, 0xff, 0xb9, 0xb1, 0xb7, 0xff,
    0xb9, 0xb1, 0xb5, 0xff, 0xb8, 0xb0, 0xb4, 0xfe, 0xb9, 0xb1, 0xb5, 0xff, 0xaa, 0x9f, 0xa3, 0xf0,
    0x6f, 0x61, 0x63, 0x2e, 0xa7, 0x96, 0x99, 0x00, 0x85, 0x77, 0x79, 0x02, 0x15, 0x07, 0x09, 0x01,
    0xb4, 0xac, 0xab, 0x03, 0xa1, 0x9b, 0x99, 0x00, 0x99, 0x94, 0x95, 0x00, 0x92, 0x90, 0x90, 0x00,
    0x81, 0x7f, 0x7f, 0x00, 0x81, 0x7f, 0x7f, 0x00, 0x7f, 0x7f, 0x7f, 0x00, 0x7f, 0x7f, 0x7f, 0x00,
    0x7f, 0x7f, 0x7f, 0x00, 0x7f, 0x7f, 0x7f, 0x00, 0x7f, 0x7f, 0x7f, 0x00, 0x7f, 0x7f, 0x7f, 0x00,
    0x00, 0x00, 0x00, 0x00, 0x00, 0x00, 0x00, 0x00, 0x00, 0x00, 0x00, 0x00, 0x00, 0x00, 0x00, 0x00,
    0x00, 0x00, 0x00, 0x00, 0x00, 0x00, 0x00, 0x00, 0x00, 0x00, 0x00, 0x00, 0x00, 0x00, 0x00, 0x00,
    0x00, 0x00, 0x00, 0x00, 0x00, 0x00, 0x00, 0x00, 0x00, 0x00, 0x00, 0x00, 0x00, 0x00, 0x00, 0x00,
    0x00, 0x00, 0x00, 0x00, 0x00, 0x00, 0x00, 0x00, 0x00, 0x00, 0x00, 0x00, 0x00, 0x00, 0x00, 0x00,
    0x00, 0x00, 0x00, 0x00, 0x00, 0x00, 0x00, 0x00, 0x00, 0x00, 0x00, 0x00, 0x00, 0x00, 0x00, 0x00,
    0x00, 0x00, 0x00, 0x00, 0x00, 0x00, 0x00, 0x00, 0x00, 0x00, 0x00, 0x00, 0x00, 0x00, 0x00, 0x00,
    0x00, 0x00, 0x00, 0x00, 0x00, 0x00, 0x00, 0x00, 0x00, 0x00, 0x00, 0x00, 0x00, 0x00, 0x00, 0x00,
    0x00, 0x00, 0x00, 0x00, 0x00, 0x00, 0x00, 0x00, 0xe7, 0xe7, 0xe7, 0x00, 0xe7, 0xe7, 0xe7, 0x00,
    0xe7, 0xe7, 0xe7, 0x00, 0xe7, 0xe7, 0xe7, 0x00, 0xe1, 0xe1, 0xe1, 0x00, 0xe4, 0xe4, 0xe4, 0x00,
    0xe9, 0xe9, 0xe9, 0x00, 0xec, 0xec, 0xec, 0x01, 0xf3, 0xf3, 0xf3, 0x01, 0xc7, 0xc7, 0xc7, 0x00,
    0xff, 0xff, 0xff, 0x09, 0xf2, 0xf2, 0xf2, 0x29, 0xf2, 0xf1, 0xf4, 0x38, 0xf3, 0xf3, 0xf5, 0x3c,
    0xce, 0xcd, 0xd0, 0xd6, 0xc7, 0xc4, 0xc6, 0xff, 0xc7, 0xc4, 0xc6, 0xfd, 0xc7, 0xc4, 0xc6, 0xff,
    0xc7, 0xc4, 0xc6, 0xff, 0xc9, 0xc3, 0xc6, 0xff, 0xc2, 0xbc, 0xbf, 0xff, 0xc2, 0xbc, 0xbf, 0xff,
    0xc2, 0xbc, 0xbf, 0xff, 0xc2, 0xbc, 0xbf, 0xff, 0xc1, 0xbb, 0xbe, 0xff, 0xc1, 0xbb, 0xbe, 0xff,
    0xc1, 0xbb, 0xbe, 0xff, 0xc1, 0xbb, 0xbe, 0xff, 0xbf, 0xba, 0xbd, 0xff, 0xbf, 0xba, 0xbd, 0xff,
    0xbf, 0xba, 0xbd, 0xff, 0xc2, 0xb9, 0xbd, 0xff, 0xc0, 0xb8, 0xbc, 0xff, 0xc0, 0xb8, 0xbc, 0xff,
    0xc0, 0xb8, 0xbc, 0xff, 0xc1, 0xb7, 0xbb, 0xff, 0xc0, 0xb6, 0xba, 0xff, 0xbd, 0xb5, 0xb8, 0xff,
    0xbd, 0xb5, 0xb8, 0xff, 0xbe, 0xb3, 0xb7, 0xff, 0xbd, 0xb2, 0xb6, 0xff, 0xbb, 0xb1, 0xb5, 0xff,
    0xbb, 0xb1, 0xb5, 0xff, 0xbb, 0xb1, 0xb5, 0xff, 0xbb, 0xb1, 0xb5, 0xff, 0xba, 0xb0, 0xb4, 0xff,
    0xbd, 0xb1, 0xb5, 0xff, 0xac, 0xa0, 0xa2, 0xf5, 0xb1, 0xa5, 0xa7, 0x5d, 0xf5, 0xe7, 0xe9, 0x30,
    0xe4, 0xd5, 0xd7, 0x25, 0xff, 0xf7, 0xf9, 0x04, 0x9f, 0x94, 0x93, 0x00, 0xff, 0xf6, 0xf5, 0x02,
    0x9f, 0x96, 0x97, 0x00, 0xa1, 0x9a, 0x9b, 0x00, 0x81, 0x7f, 0x7f, 0x00, 0x81, 0x7f, 0x7f, 0x00,
    0x7f, 0x7f, 0x7f, 0x00, 0x7f, 0x7f, 0x7f, 0x00, 0x7f, 0x7f, 0x7f, 0x00, 0x7f, 0x7f, 0x7f, 0x00,
    0x7f, 0x7f, 0x7f, 0x00, 0x7f, 0x7f, 0x7f, 0x00, 0x00, 0x00, 0x00, 0x00, 0x00, 0x00, 0x00, 0x00,
    0x00, 0x00, 0x00, 0x00, 0x00, 0x00, 0x00, 0x00, 0x00, 0x00, 0x00, 0x00, 0x00, 0x00, 0x00, 0x00,
    0x00, 0x00, 0x00, 0x00, 0x00, 0x00, 0x00, 0x00, 0x00, 0x00, 0x00, 0x00, 0x00, 0x00, 0x00, 0x00,
    0x00, 0x00, 0x00, 0x00, 0x00, 0x00, 0x00, 0x00, 0x00, 0x00, 0x00, 0x00, 0x00, 0x00, 0x00, 0x00,
    0x00, 0x00, 0x00, 0x00, 0x00, 0x00, 0x00, 0x00, 0x00, 0x00, 0x00, 0x00, 0x00, 0x00, 0x00, 0x00,
    0x00, 0x00, 0x00, 0x00, 0x00, 0x00, 0x00, 0x00, 0x00, 0x00, 0x00, 0x00, 0x00, 0x00, 0x00, 0x00,
    0x00, 0x00, 0x00, 0x00, 0x00, 0x00, 0x00, 0x00, 0x00, 0x00, 0x00, 0x00, 0x00, 0x00, 0x00, 0x00,
    0x00, 0x00, 0x00, 0x00, 0x00, 0x00, 0x00, 0x00, 0x00, 0x00, 0x00, 0x00, 0x00, 0x00, 0x00, 0x00,
    0xe7, 0xe7, 0xe7, 0x00, 0xe7, 0xe7, 0xe7, 0x00, 0xe7, 0xe7, 0xe7, 0x00, 0xe7, 0xe7, 0xe7, 0x00,
    0xed, 0xeb, 0xeb, 0x00, 0xe5, 0xe3, 0xe3, 0x00, 0xff, 0xff, 0xff, 0x01, 0xea, 0xe7, 0xe8, 0x00,
    0xb6, 0xb4, 0xb4, 0x03, 0xff, 0xff, 0xff, 0x69, 0xf3, 0xf1, 0xf1, 0xd2, 0xe5, 0xe3, 0xe3, 0xf8,
    0xe4, 0xe1, 0xe2, 0xfd, 0xe4, 0xe1, 0xe2, 0xfd, 0xe4, 0xe1, 0xe2, 0xff, 0xe6, 0xe1, 0xe2, 0xff,
    0xd8, 0xd3, 0xd4, 0xff, 0xd8, 0xd3, 0xd4, 0xff, 0xd8, 0xd3, 0xd4, 0xff, 0xd9, 0xd2, 0xd3, 0xff,
    0xd8, 0xd0, 0xd2, 0xff, 0xd6, 0xcf, 0xd0, 0xff, 0xd6, 0xcf, 0xd0, 0xff, 0xd6, 0xcf, 0xd0, 0xff,
    0xd1, 0xc9, 0xcb, 0xff, 0xd1, 0xc9, 0xcb, 0xff, 0xd1, 0xc9, 0xcb, 0xff, 0xd2, 0xcb, 0xcc, 0xff,
    0xd4, 0xcd, 0xce, 0xff, 0xd3, 0xcc, 0xcd, 0xff, 0xcf, 0xc8, 0xc9, 0xff, 0xcf, 0xc6, 0xc7, 0xff,
    0xce, 0xc4, 0xc6, 0xff, 0xce, 0xc4, 0xc6, 0xff, 0xce, 0xc4, 0xc6, 0xff, 0xd0, 0xc4, 0xc6, 0xff,
    0xca, 0xbe, 0xc0, 0xff, 0xc8, 0xbf, 0xc0, 0xff, 0xc8, 0xbf, 0xc0, 0xff, 0xc8, 0xbf, 0xc0, 0xff,
    0xc4, 0xb8, 0xba, 0xff, 0xc4, 0xb8, 0xba, 0xff, 0xc4, 0xb8, 0xba, 0xff, 0xc3, 0xb7, 0xb9, 0xff,
    0xc2, 0xb6, 0xb8, 0xff, 0xc2, 0xb6, 0xb8, 0xff, 0xbd, 0xb3, 0xb4, 0xff, 0xbb, 0xb3, 0xb2, 0xff,
    0xbb, 0xb3, 0xb2, 0xfd, 0xbf, 0xb3, 0xb3, 0xfc, 0xbf, 0xb3, 0xb3, 0xf4, 0xbf, 0xb3, 0xb3, 0xc1,
    0xcf, 0xc4, 0xc3, 0x4d, 0xa8, 0x9a, 0x9a, 0x00, 0x8b, 0x7d, 0x7d, 0x02, 0xa6, 0x9e, 0x9d, 0x00,
    0x83, 0x7e, 0x7f, 0x00, 0x7f, 0x7f, 0x7f, 0x00, 0x7f, 0x7f, 0x7f, 0x00, 0x7f, 0x7f, 0x7f, 0x00,
    0x7f, 0x7f, 0x7f, 0x00, 0x7f, 0x7f, 0x7f, 0x00, 0x7f, 0x7f, 0x7f, 0x00, 0x7f, 0x7f, 0x7f, 0x00,
    0x00, 0x00, 0x00, 0x00, 0x00, 0x00, 0x00, 0x00, 0x00, 0x00, 0x00, 0x00, 0x00, 0x00, 0x00, 0x00,
    0x00, 0x00, 0x00, 0x00, 0x00, 0x00, 0x00, 0x00, 0x00, 0x00, 0x00, 0x00, 0x00, 0x00, 0x00, 0x00,
    0x00, 0x00, 0x00, 0x00, 0x00, 0x00, 0x00, 0x00, 0x00, 0x00, 0x00, 0x00, 0x00, 0x00, 0x00, 0x00,
    0x00, 0x00, 0x00, 0x00, 0x00, 0x00, 0x00, 0x00, 0x00, 0x00, 0x00, 0x00, 0x00, 0x00, 0x00, 0x00,
    0x00, 0x00, 0x00, 0x00, 0x00, 0x00, 0x00, 0x00, 0x00, 0x00, 0x00, 0x00, 0x00, 0x00, 0x00, 0x00,
    0x00, 0x00, 0x00, 0x00, 0x00, 0x00, 0x00, 0x00, 0x00, 0x00, 0x00, 0x00, 0x00, 0x00, 0x00, 0x00,
    0x00, 0x00, 0x00, 0x00, 0x00, 0x00, 0x00, 0x00, 0x00, 0x00, 0x00, 0x00, 0x00, 0x00, 0x00, 0x00,
    0x00, 0x00, 0x00, 0x00, 0x00, 0x00, 0x00, 0x00, 0xe7, 0xe7, 0xe7, 0x00, 0xe7, 0xe7, 0xe7, 0x00,
    0xe7, 0xe7, 0xe7, 0x00, 0xe7, 0xe7, 0xe7, 0x00, 0xe9, 0xe6, 0xe7, 0x00, 0xec, 0xea, 0xea, 0x00,
    0xff, 0xff, 0xff, 0x02, 0xea, 0xe7, 0xe8, 0x00, 0xf9, 0xf6, 0xf7, 0x8a, 0xff, 0xfe, 0xff, 0xff,
    0xdf, 0xda, 0xdb, 0xfe, 0xcd, 0xc9, 0xc9, 0xff, 0xcd, 0xc9, 0xc9, 0xff, 0xce, 0xc7, 0xc8, 0xff,
    0xce, 0xc7, 0xc8, 0xff, 0xcd, 0xc7, 0xc6, 0xff, 0xcd, 0xc7, 0xc6, 0xff, 0xcc, 0xc6, 0xc4, 0xff,
    0xcc, 0xc6, 0xc4, 0xff, 0xca, 0xc3, 0xc2, 0xff, 0xc9, 0xc2, 0xc1, 0xff, 0xc7, 0xc1, 0xc0, 0xff,
    0xc7, 0xc1, 0xc0, 0xff, 0xc7, 0xc1, 0xc0, 0xff, 0xc9, 0xc1, 0xc0, 0xff, 0xc9, 0xc1, 0xc0, 0xff,
    0xc9, 0xc1, 0xc0, 0xff, 0xcb, 0xc2, 0xc1, 0xff, 0xcb, 0xc2, 0xc1, 0xff, 0xcb, 0xc0, 0xc0, 0xff,
    0xc8, 0xbd, 0xbc, 0xff, 0xc4, 0xb9, 0xb9, 0xff, 0xc3, 0xb8, 0xb8, 0xff, 0xc3, 0xb8, 0xb8, 0xff,
    0xc3, 0xb8, 0xb8, 0xff, 0xc3, 0xb8, 0xb8, 0xff, 0xbd, 0xb2, 0xb2, 0xff, 0xbd, 0xb2, 0xb2, 0xff,
    0xbb, 0xb3, 0xb2, 0xff, 0xbb, 0xb3, 0xb2, 0xff, 0xb6, 0xad, 0xac, 0xff, 0xb6, 0xad, 0xac, 0xff,
    0xb6, 0xad, 0xac, 0xff, 0xb4, 0xac, 0xab, 0xff, 0xb3, 0xaa, 0xaa, 0xff, 0xb1, 0xab, 0xaa, 0xff,
    0xae, 0xa7, 0xa6, 0xff, 0xaa, 0xa4, 0xa3, 0xff, 0xa8, 0xa1, 0xa0, 0xff, 0xa7, 0xa0, 0x9f, 0xff,
    0xa9, 0xa0, 0x9f, 0xff, 0xa9, 0xa0, 0x9f, 0xff, 0xb3, 0xa5, 0xa5, 0xfd, 0xcd, 0xbd, 0xbd, 0x5e,
    0xa9, 0x99, 0x99, 0x00, 0xff, 0xfc, 0xfc, 0x02, 0x83, 0x7e, 0x7f, 0x00, 0x7f, 0x7f, 0x7f, 0x00,
    0x7f, 0x7f, 0x7f, 0x00, 0x7f, 0x7f, 0x7f, 0x00, 0x7f, 0x7f, 0x7f, 0x00, 0x7f, 0x7f, 0x7f, 0x00,
    0x7f, 0x7f, 0x7f, 0x00, 0x7f, 0x7f, 0x7f, 0x00, 0x00, 0x00, 0x00, 0x00, 0x00, 0x00, 0x00, 0x00,
    0x00, 0x00, 0x00, 0x00, 0x00, 0x00, 0x00, 0x00, 0x00, 0x00, 0x00, 0x00, 0x00, 0x00, 0x00, 0x00,
    0x00, 0x00, 0x00, 0x00, 0x00, 0x00, 0x00, 0x00, 0x00, 0x00, 0x00, 0x00, 0x00, 0x00, 0x00, 0x00,
    0x00, 0x00, 0x00, 0x00, 0x00, 0x00, 0x00, 0x00, 0x00, 0x00, 0x00, 0x00, 0x00, 0x00, 0x00, 0x00,
    0x00, 0x00, 0x00, 0x00, 0x00, 0x00, 0x00, 0x00, 0x00, 0x00, 0x00, 0x00, 0x00, 0x00, 0x00, 0x00,
    0x00, 0x00, 0x00, 0x00, 0x00, 0x00, 0x00, 0x00, 0x00, 0x00, 0x00, 0x00, 0x00, 0x00, 0x00, 0x00,
    0x00, 0x00, 0x00, 0x00, 0x00, 0x00, 0x00, 0x00, 0x00, 0x00, 0x00, 0x00, 0x00, 0x00, 0x00, 0x00,
    0x00, 0x00, 0x00, 0x00, 0x00, 0x00, 0x00, 0x00, 0x00, 0x00, 0x00, 0x00, 0x00, 0x00, 0x00, 0x00,
    0xe7, 0xe7, 0xe7, 0x00, 0xe7, 0xe7, 0xe7, 0x00, 0xe7, 0xe7, 0xe7, 0x00, 0xe7, 0xe7, 0xe7, 0x00,
    0xe4, 0xe4, 0xe4, 0x00, 0xf3, 0xf3, 0xf3, 0x03, 0xe6, 0xe4, 0xe4, 0x00, 0xf7, 0xf4, 0xf5, 0x3c,
    0xf2, 0xed, 0xee, 0xf1, 0xcf, 0xc8, 0xc9, 0xfd, 0xb2, 0xac, 0xab, 0xfc, 0xae, 0xa7, 0xa6, 0xfe,
    0xa8, 0xa1, 0xa0, 0xff, 0xaa, 0xa1, 0xa0, 0xff, 0xaa, 0xa1, 0xa0, 0xff, 0xa8, 0xa2, 0x9f, 0xff,
    0xa8, 0xa2, 0x9f, 0xff, 0xa8, 0xa2, 0x9f, 0xff, 0xa8, 0xa2, 0x9f, 0xff, 0xa7, 0xa1, 0x9e, 0xff,
    0xa6, 0xa0, 0x9c, 0xff, 0xa4, 0x9f, 0x9b, 0xff, 0xa4, 0x9f, 0x9b, 0xff, 0xa4, 0x9f, 0x9b, 0xff,
    0x9e, 0x96, 0x93, 0xff, 0x9e, 0x96, 0x93, 0xff, 0xa0, 0x96, 0x93, 0xff, 0xa0, 0x96, 0x93, 0xff,
    0x9f, 0x95, 0x92, 0xff, 0x9f, 0x92, 0x90, 0xff, 0x9b, 0x8f, 0x8c, 0xff, 0x96, 0x8b, 0x89, 0xff,
    0x95, 0x8a, 0x87, 0xff, 0x93, 0x8b, 0x87, 0xff, 0x93, 0x8b, 0x87, 0xff, 0x93, 0x8b, 0x87, 0xff,
    0x8d, 0x85, 0x82, 0xff, 0x8d, 0x85, 0x82, 0xff, 0x8d, 0x85, 0x82, 0xff, 0x8b, 0x85, 0x82, 0xff,
    0x81, 0x80, 0x7c, 0xff, 0x81, 0x80, 0x7c, 0xff, 0x81, 0x80, 0x7c, 0xff, 0x80, 0x7f, 0x7b, 0xff,
    0x7f, 0x7e, 0x79, 0xff, 0x7d, 0x7e, 0x79, 0xff, 0x79, 0x7b, 0x76, 0xff, 0x78, 0x7a, 0x75, 0xff,
    0x7c, 0x7b, 0x77, 0xff, 0x81, 0x7d, 0x79, 0xff, 0x83, 0x7d, 0x79, 0xfe, 0x85, 0x7d, 0x79, 0xfa,
    0x97, 0x8a, 0x87, 0xff, 0xb0, 0xa1, 0x9f, 0xdd, 0xd9, 0xc5, 0xc4, 0x17, 0xa7, 0x97, 0x97, 0x00,
    0x83, 0x7e, 0x7f, 0x02, 0x7f, 0x7f, 0x7f, 0x00, 0x7f, 0x7f, 0x7f, 0x00, 0x7f, 0x7f, 0x7f, 0x00,
    0x7f, 0x7f, 0x7f, 0x00, 0x7f, 0x7f, 0x7f, 0x00, 0x7f, 0x7f, 0x7f, 0x00, 0x7f, 0x7f, 0x7f, 0x00,
    0x00, 0x00, 0x00, 0x00, 0x00, 0x00, 0x00, 0x00, 0x00, 0x00, 0x00, 0x00, 0x00, 0x00, 0x00, 0x00,
    0x00, 0x00, 0x00, 0x00, 0x00, 0x00, 0x00, 0x00, 0x00, 0x00, 0x00, 0x00, 0x00, 0x00, 0x00, 0x00,
    0x00, 0x00, 0x00, 0x00, 0x00, 0x00, 0x00, 0x00, 0x00, 0x00, 0x00, 0x00, 0x00, 0x00, 0x00, 0x00,
    0x00, 0x00, 0x00, 0x00, 0x00, 0x00, 0x00, 0x00, 0x00, 0x00, 0x00, 0x00, 0x00, 0x00, 0x00, 0x00,
    0x00, 0x00, 0x00, 0x00, 0x00, 0x00, 0x00, 0x00, 0x00, 0x00, 0x00, 0x00, 0x00, 0x00, 0x00, 0x00,
    0x00, 0x00, 0x00, 0x00, 0x00, 0x00, 0x00, 0x00, 0x00, 0x00, 0x00, 0x00, 0x00, 0x00, 0x00, 0x00,
    0x00, 0x00, 0x00, 0x00, 0x00, 0x00, 0x00, 0x00, 0x00, 0x00, 0x00, 0x00, 0x00, 0x00, 0x00, 0x00,
    0x00, 0x00, 0x00, 0x00, 0x00, 0x00, 0x00, 0x00, 0xe7, 0xe7, 0xe7, 0x00, 0xe7, 0xe7, 0xe7, 0x00,
    0xe5, 0xe7, 0xe7, 0x00, 0xe5, 0xe7, 0xe7, 0x00, 0xe6, 0xe8, 0xe8, 0x00, 0x9c, 0x9f, 0x9e, 0x05,
    0xeb, 0xeb, 0xeb, 0x00, 0xd5, 0xd2, 0xd3, 0x7f, 0xbf, 0xbb, 0xbb, 0xff, 0xa7, 0xa0, 0xa1, 0xf9,
    0xaf, 0xa8, 0xa7, 0xff, 0xae, 0xa7, 0xa6, 0xff, 0xa1, 0x9b, 0x99, 0xff, 0xa2, 0x99, 0x98, 0xff,
    0xa2, 0x9a, 0x97, 0xff, 0x9f, 0x99, 0x95, 0xff, 0x9f, 0x99, 0x95, 0xff, 0x9d, 0x98, 0x94, 0xff,
    0x9d, 0x98, 0x94, 0xff, 0x9b, 0x95, 0x92, 0xff, 0x9a, 0x94, 0x91, 0xff, 0x99, 0x93, 0x90, 0xff,
    0x99, 0x94, 0x8e, 0xff, 0x98, 0x93, 0x8d, 0xff, 0x9a, 0x92, 0x8d, 0xff, 0x98, 0x91, 0x8c, 0xff,
    0x98, 0x91, 0x8c, 0xff, 0x98, 0x91, 0x8c, 0xff, 0x97, 0x8d, 0x88, 0xff, 0x93, 0x89, 0x86, 0xff,
    0x90, 0x86, 0x83, 0xff, 0x8e, 0x84, 0x7f, 0xff, 0x8a, 0x83, 0x7e, 0xff, 0x8a, 0x83, 0x7e, 0xff,
    0x8a, 0x83, 0x7e, 0xff, 0x8a, 0x83, 0x7e, 0xff, 0x85, 0x7d, 0x78, 0xff, 0x85, 0x7d, 0x78, 0xff,
    0x85, 0x7d, 0x78, 0xff, 0x83, 0x7e, 0x78, 0xff, 0x79, 0x79, 0x72, 0xff, 0x75, 0x7a, 0x72, 0xff,
    0x75, 0x7a, 0x72, 0xff, 0x74, 0x78, 0x71, 0xff, 0x72, 0x76, 0x71, 0xff, 0x74, 0x76, 0x71, 0xff,
    0x71, 0x73, 0x6e, 0xff, 0x6d, 0x6f, 0x6a, 0xff, 0x6a, 0x6c, 0x67, 0xff, 0x6b, 0x6a, 0x66, 0xff,
    0x6d, 0x6a, 0x66, 0xff, 0x6f, 0x69, 0x66, 0xfe, 0x71, 0x66, 0x63, 0xfc, 0x88, 0x7b, 0x78, 0xfe,
    0x7c, 0x6c, 0x6a, 0x54, 0x9f, 0x92, 0x90, 0x00, 0x83, 0x7f, 0x7d, 0x04, 0x7f, 0x7f, 0x7f, 0x00,
    0x7f, 0x7f, 0x7f, 0x00, 0x7f, 0x7f, 0x7f, 0x00, 0x7f, 0x7f, 0x7f, 0x00, 0x7f, 0x7f, 0x7f, 0x00,
    0x7f, 0x7f, 0x7f, 0x00, 0x7f, 0x7f, 0x7f, 0x00, 0x00, 0x00, 0x00, 0x00, 0x00, 0x00, 0x00, 0x00,
    0x00, 0x00, 0x00, 0x00, 0x00, 0x00, 0x00, 0x00, 0x00, 0x00, 0x00, 0x00, 0x00, 0x00, 0x00, 0x00,
    0x00, 0x00, 0x00, 0x00, 0x00, 0x00, 0x00, 0x00, 0x00, 0x00, 0x00, 0x00, 0x00, 0x00, 0x00, 0x00,
    0x00, 0x00, 0x00, 0x00, 0x00, 0x00, 0x00, 0x00, 0x00, 0x00, 0x00, 0x00, 0x00, 0x00, 0x00, 0x00,
    0x00, 0x00, 0x00, 0x00, 0x00, 0x00, 0x00, 0x00, 0x00, 0x00, 0x00, 0x00, 0x00, 0x00, 0x00, 0x00,
    0x00, 0x00, 0x00, 0x00, 0x00, 0x00, 0x00, 0x00, 0x00, 0x00, 0x00, 0x00, 0x00, 0x00, 0x00, 0x00,
    0x00, 0x00, 0x00, 0x00, 0x00, 0x00, 0x00, 0x00, 0x00, 0x00, 0x00, 0x00, 0x00, 0x00, 0x00, 0x00,
    0x00, 0x00, 0x00, 0x00, 0x00, 0x00, 0x00, 0x00, 0x00, 0x00, 0x00, 0x00, 0x00, 0x00, 0x00, 0x00,
    0x62, 0x62, 0x62, 0x00, 0x60, 0x62, 0x62, 0x00, 0x5c, 0x63, 0x62, 0x00, 0x5a, 0x63, 0x62, 0x00,
    0x5a, 0x63, 0x62, 0x00, 0xa0, 0xa8, 0xa7, 0x03, 0x5f, 0x61, 0x61, 0x00, 0x9c, 0x99, 0x9a, 0xa0,
    0xa2, 0x9e, 0x9e, 0xff, 0xa4, 0x9d, 0x9e, 0xfa, 0xa4, 0x9d, 0x9e, 0xff, 0xa3, 0x9c, 0x9d, 0xff,
    0xa2, 0x9c, 0x9a, 0xff, 0xa0, 0x99, 0x98, 0xff, 0x9f, 0x98, 0x97, 0xff, 0x9a, 0x96, 0x95, 0xff,
    0x99, 0x95, 0x93, 0xff, 0x99, 0x95, 0x93, 0xff, 0x99, 0x96, 0x92, 0xff, 0x98, 0x95, 0x91, 0xff,
    0x99, 0x93, 0x90, 0xff, 0x98, 0x92, 0x8e, 0xff, 0x98, 0x92, 0x8e, 0xff, 0x98, 0x92, 0x8e, 0xff,
    0x93, 0x8d, 0x8a, 0xff, 0x93, 0x8d, 0x8a, 0xff, 0x93, 0x8d, 0x8a, 0xff, 0x93, 0x8d, 0x8a, 0xff,
    0x93, 0x8d, 0x8a, 0xff, 0x8f, 0x89, 0x88, 0xff, 0x8c, 0x86, 0x84, 0xff, 0x8a, 0x84, 0x80, 0xff,
    0x88, 0x84, 0x7e, 0xff, 0x88, 0x84, 0x7e, 0xff, 0x88, 0x84, 0x7e, 0xff, 0x88, 0x84, 0x7e, 0xff,
    0x83, 0x7d, 0x79, 0xff, 0x83, 0x7d, 0x79, 0xff, 0x83, 0x7d, 0x79, 0xff, 0x81, 0x7d, 0x79, 0xff,
    0x79, 0x78, 0x74, 0xff, 0x77, 0x78, 0x74, 0xff, 0x77, 0x78, 0x74, 0xff, 0x77, 0x78, 0x74, 0xff,
    0x71, 0x73, 0x6e, 0xff, 0x74, 0x73, 0x6f, 0xff, 0x71, 0x70, 0x6b, 0xff, 0x6d, 0x6c, 0x68, 0xff,
    0x6a, 0x6a, 0x63, 0xff, 0x68, 0x69, 0x62, 0xff, 0x68, 0x69, 0x62, 0xff, 0x6b, 0x68, 0x62, 0xff,
    0x62, 0x5d, 0x57, 0xfb, 0x5f, 0x5a, 0x54, 0xff, 0x4a, 0x45, 0x3f, 0x70, 0x61, 0x5b, 0x58, 0x00,
    0x43, 0x42, 0x40, 0x05, 0x43, 0x41, 0x41, 0x00, 0x41, 0x41, 0x41, 0x00, 0x41, 0x41, 0x41, 0x00,
    0x41, 0x41, 0x41, 0x00, 0x41, 0x41, 0x41, 0x00, 0x41, 0x41, 0x41, 0x00, 0x41, 0x41, 0x41, 0x00,
    0x00, 0x00, 0x00, 0x00, 0x00, 0x00, 0x00, 0x00, 0x00, 0x00, 0x00, 0x00, 0x00, 0x00, 0x00, 0x00,
    0x00, 0x00, 0x00, 0x00, 0x00, 0x00, 0x00, 0x00, 0x00, 0x00, 0x00, 0x00, 0x00, 0x00, 0x00, 0x00,
    0x00, 0x00, 0x00, 0x00, 0x00, 0x00, 0x00, 0x00, 0x00, 0x00, 0x00, 0x00, 0x00, 0x00, 0x00, 0x00,
    0x00, 0x00, 0x00, 0x00, 0x00, 0x00, 0x00, 0x00, 0x00, 0x00, 0x00, 0x00, 0x00, 0x00, 0x00, 0x00,
    0x00, 0x00, 0x00, 0x00, 0x00, 0x00, 0x00, 0x00, 0x00, 0x00, 0x00, 0x00, 0x00, 0x00, 0x00, 0x00,
    0x00, 0x00, 0x00, 0x00, 0x00, 0x00, 0x00, 0x00, 0x00, 0x00, 0x00, 0x00, 0x00, 0x00, 0x00, 0x00,
    0x00, 0x00, 0x00, 0x00, 0x00, 0x00, 0x00, 0x00, 0x00, 0x00, 0x00, 0x00, 0x00, 0x00, 0x00, 0x00,
    0x00, 0x00, 0x00, 0x00, 0x00, 0x00, 0x00, 0x00, 0x62, 0x62, 0x62, 0x00, 0x5e, 0x63, 0x62, 0x00,
    0x5a, 0x63, 0x62, 0x00, 0x58, 0x64, 0x62, 0x00, 0x00, 0x09, 0x07, 0x01, 0x95, 0x9f, 0x9d, 0x03,
    0x60, 0x65, 0x64, 0x00, 0x8f, 0x8c, 0x8d, 0xa6, 0xa0, 0x9b, 0x9c, 0xff, 0xa2, 0x9b, 0x9c, 0xfb,
    0xa2, 0x9b, 0x9c, 0xff, 0xa1, 0x9a, 0x9b, 0xff, 0x9d, 0x99, 0x97, 0xff, 0x9a, 0x96, 0x95, 0xff,
    0x98, 0x94, 0x92, 0xff, 0x98, 0x94, 0x92, 0xff, 0x98, 0x94, 0x92, 0xff, 0x98, 0x94, 0x92, 0xff,
    0x97, 0x94, 0x90, 0xff, 0x96, 0x92, 0x8e, 0xff, 0x96, 0x91, 0x8d, 0xff, 0x95, 0x90, 0x8c, 0xff,
    0x95, 0x90, 0x8c, 0xff, 0x95, 0x90, 0x8c, 0xff, 0x91, 0x8b, 0x87, 0xff, 0x91, 0x8b, 0x87, 0xff,
    0x8f, 0x8b, 0x87, 0xff, 0x8f, 0x8b, 0x87, 0xff, 0x8f, 0x8b, 0x89, 0xff, 0x8b, 0x87, 0x85, 0xff,
    0x88, 0x84, 0x82, 0xff, 0x85, 0x81, 0x80, 0xff, 0x86, 0x81, 0x7d, 0xff, 0x86, 0x81, 0x7d, 0xff,
    0x86, 0x81, 0x7d, 0xff, 0x86, 0x81, 0x7d, 0xff, 0x80, 0x7b, 0x77, 0xff, 0x80, 0x7b, 0x77, 0xff,
    0x7e, 0x7b, 0x77, 0xff, 0x7e, 0x7b, 0x77, 0xff, 0x76, 0x76, 0x71, 0xff, 0x76, 0x76, 0x71, 0xff,
    0x74, 0x76, 0x71, 0xff, 0x74, 0x76, 0x71, 0xff, 0x71, 0x70, 0x6b, 0xff, 0x72, 0x71, 0x6d, 0xff,
    0x6e, 0x6e, 0x69, 0xff, 0x6b, 0x6a, 0x66, 0xff, 0x67, 0x67, 0x61, 0xff, 0x66, 0x66, 0x5f, 0xff,
    0x66, 0x66, 0x5f, 0xff, 0x66, 0x66, 0x5f, 0xff, 0x5e, 0x5b, 0x55, 0xfa, 0x5a, 0x58, 0x51, 0xff,
    0x43, 0x43, 0x3c, 0x7a, 0x5b, 0x5a, 0x55, 0x00, 0x41, 0x3f, 0x3d, 0x04, 0x41, 0x3e, 0x3f, 0x00,
    0x3f, 0x3f, 0x3f, 0x00, 0x3f, 0x3f, 0x3f, 0x00, 0x3f, 0x3f, 0x3f, 0x00, 0x3f, 0x3f, 0x3f, 0x00,
    0x3f, 0x3f, 0x3f, 0x00, 0x3f, 0x3f, 0x3f, 0x00, 0x00, 0x00, 0x00, 0x00, 0x00, 0x00, 0x00, 0x00,
    0x00, 0x00, 0x00, 0x00, 0x00, 0x00, 0x00, 0x00, 0x00, 0x00, 0x00, 0x00, 0x00, 0x00, 0x00, 0x00,
    0x00, 0x00, 0x00, 0x00, 0x00, 0x00, 0x00, 0x00, 0x00, 0x00, 0x00, 0x00, 0x00, 0x00, 0x00, 0x00,
    0x00, 0x00, 0x00, 0x00, 0x00, 0x00, 0x00, 0x00, 0x00, 0x00, 0x00, 0x00, 0x00, 0x00, 0x00, 0x00,
    0x00, 0x00, 0x00, 0x00, 0x00, 0x00, 0x00, 0x00, 0x00, 0x00, 0x00, 0x00, 0x00, 0x00, 0x00, 0x00,
    0x00, 0x00, 0x00, 0x00, 0x00, 0x00, 0x00, 0x00, 0x00, 0x00, 0x00, 0x00, 0x00, 0x00, 0x00, 0x00,
    0x00, 0x00, 0x00, 0x00, 0x00, 0x00, 0x00, 0x00, 0x00, 0x00, 0x00, 0x00, 0x00, 0x00, 0x00, 0x00,
    0x00, 0x00, 0x00, 0x00, 0x00, 0x00, 0x00, 0x00, 0x00, 0x00, 0x00, 0x00, 0x00, 0x00, 0x00, 0x00,
    0x60, 0x62, 0x62, 0x00, 0x5e, 0x63, 0x62, 0x00, 0x5a, 0x63, 0x62, 0x00, 0x5a, 0x63, 0x62, 0x00,
    0x00, 0x07, 0x06, 0x01, 0x93, 0x9c, 0x9b, 0x03, 0x5f, 0x64, 0x63, 0x00, 0x90, 0x90, 0x90, 0xa7,
    0x9d, 0x98, 0x99, 0xff, 0x9d, 0x98, 0x99, 0xfb, 0x9d, 0x98, 0x99, 0xff, 0x9b, 0x97, 0x97, 0xff,
    0x9a, 0x96, 0x95, 0xff, 0x99, 0x95, 0x93, 0xff, 0x97, 0x93, 0x91, 0xff, 0x97, 0x93, 0x91, 0xff,
    0x97, 0x93, 0x91, 0xff, 0x97, 0x93, 0x91, 0xff, 0x96, 0x92, 0x90, 0xff, 0x94, 0x90, 0x8f, 0xff,
    0x93, 0x8f, 0x8e, 0xff, 0x92, 0x8e, 0x8c, 0xff, 0x92, 0x8e, 0x8c, 0xff, 0x92, 0x8e, 0x8c, 0xff,
    0x8d, 0x89, 0x88, 0xff, 0x8d, 0x89, 0x88, 0xff, 0x8d, 0x89, 0x88, 0xff, 0x8d, 0x89, 0x88, 0xff,
    0x8d, 0x89, 0x88, 0xff, 0x8a, 0x86, 0x84, 0xff, 0x86, 0x82, 0x81, 0xff, 0x84, 0x80, 0x7e, 0xff,
    0x83, 0x7f, 0x7d, 0xff, 0x83, 0x7f, 0x7d, 0xff, 0x83, 0x7f, 0x7d, 0xff, 0x83, 0x7f, 0x7d, 0xff,
    0x7d, 0x79, 0x78, 0xff, 0x7d, 0x79, 0x78, 0xff, 0x7d, 0x79, 0x78, 0xff, 0x7b, 0x7a, 0x78, 0xff,
    0x75, 0x74, 0x72, 0xff, 0x75, 0x74, 0x72, 0xff, 0x73, 0x75, 0x70, 0xff, 0x73, 0x75, 0x70, 0xff,
    0x6f, 0x6e, 0x6c, 0xff, 0x71, 0x6f, 0x6d, 0xff, 0x6d, 0x6c, 0x68, 0xff, 0x6a, 0x69, 0x64, 0xff,
    0x66, 0x65, 0x61, 0xff, 0x65, 0x64, 0x60, 0xff, 0x65, 0x65, 0x5e, 0xff, 0x65, 0x65, 0x5e, 0xff,
    0x5d, 0x5a, 0x54, 0xfa, 0x59, 0x57, 0x50, 0xff, 0x42, 0x43, 0x3a, 0x7a, 0x59, 0x59, 0x53, 0x00,
    0x40, 0x3e, 0x3c, 0x04, 0x40, 0x3d, 0x3e, 0x00, 0x3e, 0x3e, 0x3e, 0x00, 0x3e, 0x3e, 0x3e, 0x00,
    0x3e, 0x3e, 0x3e, 0x00, 0x3e, 0x3e, 0x3e, 0x00, 0x3e, 0x3e, 0x3e, 0x00, 0x3e, 0x3e, 0x3e, 0x00,
    0x00, 0x00, 0x00, 0x00, 0x00, 0x00, 0x00, 0x00, 0x00, 0x00, 0x00, 0x00, 0x00, 0x00, 0x00, 0x00,
    0x00, 0x00, 0x00, 0x00, 0x00, 0x00, 0x00, 0x00, 0x00, 0x00, 0x00, 0x00, 0x00, 0x00, 0x00, 0x00,
    0x00, 0x00, 0x00, 0x00, 0x00, 0x00, 0x00, 0x00, 0x00, 0x00, 0x00, 0x00, 0x00, 0x00, 0x00, 0x00,
    0x00, 0x00, 0x00, 0x00, 0x00, 0x00, 0x00, 0x00, 0x00, 0x00, 0x00, 0x00, 0x00, 0x00, 0x00, 0x00,
    0x00, 0x00, 0x00, 0x00, 0x00, 0x00, 0x00, 0x00, 0x00, 0x00, 0x00, 0x00, 0x00, 0x00, 0x00, 0x00,
    0x00, 0x00, 0x00, 0x00, 0x00, 0x00, 0x00, 0x00, 0x00, 0x00, 0x00, 0x00, 0x00, 0x00, 0x00, 0x00,
    0x00, 0x00, 0x00, 0x00, 0x00, 0x00, 0x00, 0x00, 0x00, 0x00, 0x00, 0x00, 0x00, 0x00, 0x00, 0x00,
    0x00, 0x00, 0x00, 0x00, 0x00, 0x00, 0x00, 0x00, 0x60, 0x62, 0x62, 0x00, 0x5e, 0x63, 0x62, 0x00,
    0x5c, 0x63, 0x62, 0x00, 0x5c, 0x63, 0x62, 0x00, 0x00, 0x06, 0x05, 0x01, 0x83, 0x8b, 0x89, 0x02,
    0x60, 0x65, 0x64, 0x00, 0x87, 0x8a, 0x89, 0xa7, 0x98, 0x96, 0x96, 0xff, 0x9a, 0x95, 0x96, 0xfb,
    0x9a, 0x95, 0x96, 0xff, 0x99, 0x94, 0x95, 0xff, 0x99, 0x95, 0x93, 0xff, 0x98, 0x94, 0x92, 0xff,
    0x97, 0x93, 0x91, 0xff, 0x97, 0x93, 0x91, 0xff, 0x97, 0x93, 0x91, 0xff, 0x97, 0x93, 0x91, 0xff,
    0x96, 0x92, 0x90, 0xff, 0x94, 0x90, 0x8f, 0xff, 0x93, 0x8f, 0x8e, 0xff, 0x92, 0x8e, 0x8c, 0xff,
    0x92, 0x8e, 0x8c, 0xff, 0x92, 0x8e, 0x8c, 0xff, 0x8d, 0x89, 0x88, 0xff, 0x8d, 0x89, 0x88, 0xff,
    0x8d, 0x89, 0x88, 0xff, 0x8d, 0x89, 0x88, 0xff, 0x8d, 0x89, 0x88, 0xff, 0x8a, 0x86, 0x84, 0xff,
    0x86, 0x82, 0x81, 0xff, 0x84, 0x80, 0x7e, 0xff, 0x83, 0x7f, 0x7d, 0xff, 0x83, 0x7f, 0x7d, 0xff,
    0x83, 0x7f, 0x7d, 0xff, 0x83, 0x7f, 0x7d, 0xff, 0x7d, 0x79, 0x78, 0xff, 0x7d, 0x79, 0x78, 0xff,
    0x7b, 0x7a, 0x78, 0xff, 0x7b, 0x7a, 0x78, 0xff, 0x75, 0x74, 0x72, 0xff, 0x75, 0x74, 0x72, 0xff,
    0x73, 0x75, 0x70, 0xff, 0x73, 0x75, 0x70, 0xff, 0x6f, 0x6e, 0x6c, 0xff, 0x71, 0x6f, 0x6d, 0xff,
    0x6d, 0x6c, 0x68, 0xff, 0x6a, 0x69, 0x64, 0xff, 0x66, 0x65, 0x61, 0xff, 0x66, 0x65, 0x61, 0xff,
    0x65, 0x65, 0x5e, 0xff, 0x65, 0x65, 0x5e, 0xff, 0x5b, 0x59, 0x53, 0xfa, 0x59, 0x57, 0x50, 0xff,
    0x42, 0x43, 0x3a, 0x7a, 0x59, 0x59, 0x53, 0x00, 0x40, 0x3e, 0x3c, 0x04, 0x40, 0x3d, 0x3e, 0x00,
    0x3e, 0x3e, 0x3e, 0x00, 0x3e, 0x3e, 0x3e, 0x00, 0x3e, 0x3e, 0x3e, 0x00, 0x3e, 0x3e, 0x3e, 0x00,
    0x3e, 0x3e, 0x3e, 0x00, 0x3e, 0x3e, 0x3e, 0x00, 0x00, 0x00, 0x00, 0x00, 0x00, 0x00, 0x00, 0x00,
    0x00, 0x00, 0x00, 0x00, 0x00, 0x00, 0x00, 0x00, 0x00, 0x00, 0x00, 0x00, 0x00, 0x00, 0x00, 0x00,
    0x00, 0x00, 0x00, 0x00, 0x00, 0x00, 0x00, 0x00, 0x00, 0x00, 0x00, 0x00, 0x00, 0x00, 0x00, 0x00,
    0x00, 0x00, 0x00, 0x00, 0x00, 0x00, 0x00, 0x00, 0x00, 0x00, 0x00, 0x00, 0x00, 0x00, 0x00, 0x00,
    0x00, 0x00, 0x00, 0x00, 0x00, 0x00, 0x00, 0x00, 0x00, 0x00, 0x00, 0x00, 0x00, 0x00, 0x00, 0x00,
    0x00, 0x00, 0x00, 0x00, 0x00, 0x00, 0x00, 0x00, 0x00, 0x00, 0x00, 0x00, 0x00, 0x00, 0x00, 0x00,
    0x00, 0x00, 0x00, 0x00, 0x00, 0x00, 0x00, 0x00, 0x00, 0x00, 0x00, 0x00, 0x00, 0x00, 0x00, 0x00,
    0x00, 0x00, 0x00, 0x00, 0x00, 0x00, 0x00, 0x00, 0x00, 0x00, 0x00, 0x00, 0x00, 0x00, 0x00, 0x00,
    0x5e, 0x63, 0x62, 0x00, 0x5e, 0x63, 0x62, 0x00, 0x5e, 0x63, 0x62, 0x00, 0x5e, 0x63, 0x62, 0x00,
    0x00, 0x02, 0x01, 0x01, 0x7b, 0x80, 0x7f, 0x02, 0x5d, 0x64, 0x63, 0x00, 0x7e, 0x83, 0x82, 0xa7,
    0x92, 0x90, 0x90, 0xff, 0x94, 0x90, 0x90, 0xfb, 0x96, 0x91, 0x92, 0xff, 0x96, 0x91, 0x92, 0xff,
    0x97, 0x93, 0x91, 0xff, 0x96, 0x92, 0x90, 0xff, 0x97, 0x93, 0x91, 0xff, 0x96, 0x92, 0x90, 0xff,
    0x96, 0x92, 0x90, 0xff, 0x94, 0x90, 0x8f, 0xff, 0x94, 0x90, 0x8f, 0xff, 0x92, 0x8e, 0x8c, 0xff,
    0x91, 0x8d, 0x8b, 0xff, 0x90, 0x8c, 0x8a, 0xff, 0x90, 0x8c, 0x8a, 0xff, 0x90, 0x8c, 0x8a, 0xff,
    0x8b, 0x87, 0x85, 0xff, 0x8b, 0x87, 0x85, 0xff, 0x8b, 0x87, 0x85, 0xff, 0x8b, 0x87, 0x85, 0xff,
    0x8b, 0x87, 0x85, 0xff, 0x88, 0x84, 0x82, 0xff, 0x84, 0x80, 0x7e, 0xff, 0x82, 0x7e, 0x7c, 0xff,
    0x81, 0x7d, 0x7b, 0xff, 0x81, 0x7d, 0x7b, 0xff, 0x81, 0x7d, 0x7b, 0xff, 0x81, 0x7d, 0x7b, 0xff,
    0x7b, 0x77, 0x75, 0xff, 0x7b, 0x77, 0x75, 0xff, 0x79, 0x77, 0x75, 0xff, 0x79, 0x77, 0x75, 0xff,
    0x73, 0x71, 0x6f, 0xff, 0x73, 0x71, 0x6f, 0xff, 0x71, 0x73, 0x6e, 0xff, 0x71, 0x73, 0x6e, 0xff,
    0x6b, 0x6d, 0x68, 0xff, 0x6c, 0x6e, 0x69, 0xff, 0x69, 0x6a, 0x66, 0xff, 0x66, 0x68, 0x63, 0xff,
    0x66, 0x65, 0x61, 0xff, 0x65, 0x64, 0x60, 0xff, 0x65, 0x65, 0x5e, 0xff, 0x63, 0x63, 0x5c, 0xff,
    0x5a, 0x58, 0x51, 0xfa, 0x52, 0x50, 0x49, 0xff, 0x47, 0x48, 0x3e, 0x7a, 0x5b, 0x5b, 0x54, 0x00,
    0x41, 0x3e, 0x3f, 0x04, 0x41, 0x3e, 0x40, 0x00, 0x3f, 0x3e, 0x40, 0x00, 0x3f, 0x3e, 0x40, 0x00,
    0x3f, 0x3e, 0x40, 0x00, 0x3f, 0x3e, 0x40, 0x00, 0x3f, 0x3e, 0x40, 0x00, 0x3f, 0x3e, 0x40, 0x00,
    0x00, 0x00, 0x00, 0x00, 0x00, 0x00, 0x00, 0x00, 0x00, 0x00, 0x00, 0x00, 0x00, 0x00, 0x00, 0x00,
    0x00, 0x00, 0x00, 0x00, 0x00, 0x00, 0x00, 0x00, 0x00, 0x00, 0x00, 0x00, 0x00, 0x00, 0x00, 0x00,
    0x00, 0x00, 0x00, 0x00, 0x00, 0x00, 0x00, 0x00, 0x00, 0x00, 0x00, 0x00, 0x00, 0x00, 0x00, 0x00,
    0x00, 0x00, 0x00, 0x00, 0x00, 0x00, 0x00, 0x00, 0x00, 0x00, 0x00, 0x00, 0x00, 0x00, 0x00, 0x00,
    0x00, 0x00, 0x00, 0x00, 0x00, 0x00, 0x00, 0x00, 0x00, 0x00, 0x00, 0x00, 0x00, 0x00, 0x00, 0x00,
    0x00, 0x00, 0x00, 0x00, 0x00, 0x00, 0x00, 0x00, 0x00, 0x00, 0x00, 0x00, 0x00, 0x00, 0x00, 0x00,
    0x00, 0x00, 0x00, 0x00, 0x00, 0x00, 0x00, 0x00, 0x00, 0x00, 0x00, 0x00, 0x00, 0x00, 0x00, 0x00,
    0x00, 0x00, 0x00, 0x00, 0x00, 0x00, 0x00, 0x00, 0x5c, 0x63, 0x62, 0x00, 0x5c, 0x63, 0x62, 0x00,
    0x60, 0x62, 0x62, 0x00, 0x60, 0x62, 0x62, 0x00, 0x00, 0x02, 0x01, 0x01, 0x7d, 0x7f, 0x7f, 0x02,
    0x5d, 0x64, 0x63, 0x00, 0x7b, 0x82, 0x81, 0xa7, 0x8f, 0x8f, 0x8f, 0xff, 0x93, 0x8e, 0x8f, 0xfb,
    0x93, 0x8e, 0x8f, 0xff, 0x94, 0x90, 0x90, 0xff, 0x96, 0x92, 0x90, 0xff, 0x94, 0x90, 0x8f, 0xff,
    0x94, 0x90, 0x8f, 0xff, 0x93, 0x8f, 0x8e, 0xff, 0x93, 0x8f, 0x8e, 0xff, 0x92, 0x8e, 0x8c, 0xff,
    0x92, 0x8e, 0x8c, 0xff, 0x90, 0x8c, 0x8a, 0xff, 0x8f, 0x8b, 0x89, 0xff, 0x8d, 0x89, 0x88, 0xff,
    0x8d, 0x89, 0x88, 0xff, 0x8d, 0x89, 0x88, 0xff, 0x89, 0x85, 0x83, 0xff, 0x89, 0x85, 0x83, 0xff,
    0x89, 0x85, 0x83, 0xff, 0x89, 0x85, 0x83, 0xff, 0x89, 0x85, 0x83, 0xff, 0x85, 0x81, 0x80, 0xff,
    0x82, 0x7e, 0x7c, 0xff, 0x7f, 0x7b, 0x7a, 0xff, 0x7e, 0x7a, 0x79, 0xff, 0x7e, 0x7a, 0x79, 0xff,
    0x7e, 0x7a, 0x79, 0xff, 0x7e, 0x7a, 0x79, 0xff, 0x78, 0x74, 0x73, 0xff, 0x78, 0x74, 0x73, 0xff,
    0x76, 0x75, 0x73, 0xff, 0x76, 0x75, 0x73, 0xff, 0x71, 0x6f, 0x6d, 0xff, 0x71, 0x6f, 0x6d, 0xff,
    0x6f, 0x70, 0x6b, 0xff, 0x6f, 0x70, 0x6b, 0xff, 0x69, 0x6a, 0x66, 0xff, 0x6a, 0x6c, 0x67, 0xff,
    0x66, 0x68, 0x63, 0xff, 0x64, 0x66, 0x61, 0xff, 0x65, 0x64, 0x60, 0xff, 0x63, 0x62, 0x5d, 0xff,
    0x61, 0x62, 0x5b, 0xff, 0x61, 0x62, 0x5b, 0xff, 0x59, 0x57, 0x50, 0xfa, 0x52, 0x50, 0x49, 0xff,
    0x47, 0x48, 0x3e, 0x7a, 0x5b, 0x5b, 0x54, 0x00, 0x41, 0x3e, 0x3f, 0x04, 0x41, 0x3e, 0x40, 0x00,
    0x3f, 0x3e, 0x40, 0x00, 0x3f, 0x3e, 0x40, 0x00, 0x3f, 0x3e, 0x40, 0x00, 0x3f, 0x3e, 0x40, 0x00,
    0x3f, 0x3e, 0x40, 0x00, 0x3f, 0x3e, 0x40, 0x00, 0x00, 0x00, 0x00, 0x00, 0x00, 0x00, 0x00, 0x00,
    0x00, 0x00, 0x00, 0x00, 0x00, 0x00, 0x00, 0x00, 0x00, 0x00, 0x00, 0x00, 0x00, 0x00, 0x00, 0x00,
    0x00, 0x00, 0x00, 0x00, 0x00, 0x00, 0x00, 0x00, 0x00, 0x00, 0x00, 0x00, 0x00, 0x00, 0x00, 0x00,
    0x00, 0x00, 0x00, 0x00, 0x00, 0x00, 0x00, 0x00, 0x00, 0x00, 0x00, 0x00, 0x00, 0x00, 0x00, 0x00,
    0x00, 0x00, 0x00, 0x00, 0x00, 0x00, 0x00, 0x00, 0x00, 0x00, 0x00, 0x00, 0x00, 0x00, 0x00, 0x00,
    0x00, 0x00, 0x00, 0x00, 0x00, 0x00, 0x00, 0x00, 0x00, 0x00, 0x00, 0x00, 0x00, 0x00, 0x00, 0x00,
    0x00, 0x00, 0x00, 0x00, 0x00, 0x00, 0x00, 0x00, 0x00, 0x00, 0x00, 0x00, 0x00, 0x00, 0x00, 0x00,
    0x00, 0x00, 0x00, 0x00, 0x00, 0x00, 0x00, 0x00, 0x00, 0x00, 0x00, 0x00, 0x00, 0x00, 0x00, 0x00,
    0x5c, 0x63, 0x62, 0x00, 0x5c, 0x63, 0x62, 0x00, 0x60, 0x62, 0x62, 0x00, 0x62, 0x62, 0x62, 0x00,
    0x01, 0x01, 0x01, 0x01, 0x7c, 0x7e, 0x7e, 0x02, 0x5b, 0x65, 0x63, 0x00, 0x79, 0x83, 0x81, 0xa7,
    0x8f, 0x8f, 0x8f, 0xff, 0x93, 0x8e, 0x8f, 0xfb, 0x93, 0x8e, 0x8f, 0xff, 0x93, 0x8e, 0x8f, 0xff,
    0x93, 0x8f, 0x8e, 0xff, 0x91, 0x8d, 0x8b, 0xff, 0x91, 0x8d, 0x8b, 0xff, 0x90, 0x8c, 0x8a, 0xff,
    0x90, 0x8c, 0x8a, 0xff, 0x8f, 0x8b, 0x89, 0xff, 0x8f, 0x8b, 0x89, 0xff, 0x8c, 0x88, 0x87, 0xff,
    0x8b, 0x87, 0x85, 0xff, 0x8a, 0x86, 0x84, 0xff, 0x8a, 0x86, 0x84, 0xff, 0x8a, 0x86, 0x84, 0xff,
    0x85, 0x81, 0x80, 0xff, 0x85, 0x81, 0x80, 0xff, 0x85, 0x81, 0x80, 0xff, 0x85, 0x81, 0x80, 0xff,
    0x85, 0x81, 0x80, 0xff, 0x82, 0x7e, 0x7c, 0xff, 0x7e, 0x7a, 0x79, 0xff, 0x7c, 0x78, 0x76, 0xff,
    0x7b, 0x77, 0x75, 0xff, 0x7b, 0x77, 0x75, 0xff, 0x7b, 0x77, 0x75, 0xff, 0x7b, 0x77, 0x75, 0xff,
    0x75, 0x71, 0x6f, 0xff, 0x75, 0x71, 0x6f, 0xff, 0x73, 0x71, 0x6f, 0xff, 0x73, 0x71, 0x6f, 0xff,
    0x6d, 0x6c, 0x6a, 0xff, 0x6d, 0x6c, 0x6a, 0xff, 0x6b, 0x6d, 0x68, 0xff, 0x6b, 0x6d, 0x68, 0xff,
    0x65, 0x67, 0x62, 0xff, 0x66, 0x68, 0x63, 0xff, 0x63, 0x65, 0x60, 0xff, 0x61, 0x62, 0x5d, 0xff,
    0x61, 0x60, 0x5e, 0xff, 0x61, 0x60, 0x5e, 0xff, 0x60, 0x60, 0x5b, 0xff, 0x60, 0x60, 0x5a, 0xff,
    0x59, 0x57, 0x50, 0xfa, 0x52, 0x50, 0x49, 0xff, 0x47, 0x48, 0x3e, 0x7a, 0x5b, 0x5b, 0x54, 0x00,
    0x41, 0x3e, 0x3f, 0x04, 0x41, 0x3e, 0x40, 0x00, 0x3f, 0x3e, 0x40, 0x00, 0x3f, 0x3e, 0x40, 0x00,
    0x3f, 0x3e, 0x40, 0x00, 0x3f, 0x3e, 0x40, 0x00, 0x3f, 0x3e, 0x40, 0x00, 0x3f, 0x3e, 0x40, 0x00,
    0x02, 0x00, 0x00, 0x00, 0x02, 0x00, 0x00, 0x00, 0x02, 0x00, 0x00, 0x00, 0x02, 0x00, 0x00, 0x00,
    0x02, 0x00, 0x00, 0x00, 0x02, 0x00, 0x00, 0x00, 0x00, 0x00, 0x00, 0x00, 0x00, 0x00, 0x00, 0x00,
    0x00, 0x00, 0x00, 0x00, 0x00, 0x00, 0x00, 0x00, 0x00, 0x00, 0x00, 0x00, 0x00, 0x00, 0x00, 0x00,
    0x00, 0x00, 0x00, 0x00, 0x00, 0x00, 0x00, 0x00, 0x00, 0x00, 0x00, 0x00, 0x00, 0x00, 0x00, 0x00,
    0x00, 0x00, 0x00, 0x00, 0x00, 0x00, 0x00, 0x00, 0x00, 0x00, 0x00, 0x00, 0x00, 0x00, 0x00, 0x00,
    0x00, 0x00, 0x00, 0x00, 0x00, 0x00, 0x00, 0x00, 0x00, 0x00, 0x00, 0x00, 0x00, 0x00, 0x00, 0x00,
    0x00, 0x00, 0x00, 0x00, 0x00, 0x00, 0x00, 0x00, 0x00, 0x00, 0x00, 0x00, 0x00, 0x00, 0x00, 0x00,
    0x00, 0x00, 0x00, 0x00, 0x00, 0x00, 0x00, 0x00, 0x5c, 0x63, 0x62, 0x00, 0x5c, 0x63, 0x62, 0x00,
    0x60, 0x62, 0x62, 0x00, 0x62, 0x62, 0x62, 0x00, 0x03, 0x01, 0x01, 0x01, 0x7e, 0x7e, 0x7e, 0x02,
    0x5d, 0x64, 0x63, 0x00, 0x7a, 0x81, 0x80, 0xa7, 0x8e, 0x8e, 0x8e, 0xff, 0x92, 0x8d, 0x8e, 0xfb,
    0x92, 0x8d, 0x8e, 0xff, 0x93, 0x8e, 0x8f, 0xff, 0x90, 0x8c, 0x8a, 0xff, 0x8f, 0x8b, 0x89, 0xff,
    0x8f, 0x8b, 0x89, 0xff, 0x8d, 0x89, 0x88, 0xff, 0x8c, 0x88, 0x87, 0xff, 0x8b, 0x87, 0x85, 0xff,
    0x8b, 0x87, 0x85, 0xff, 0x89, 0x85, 0x83, 0xff, 0x88, 0x84, 0x82, 0xff, 0x86, 0x82, 0x81, 0xff,
    0x86, 0x82, 0x81, 0xff, 0x88, 0x84, 0x82, 0xff, 0x83, 0x7f, 0x7d, 0xff, 0x84, 0x80, 0x7e, 0xff,
    0x84, 0x80, 0x7e, 0xff, 0x84, 0x80, 0x7e, 0xff, 0x84, 0x80, 0x7e, 0xff, 0x81, 0x7d, 0x7b, 0xff,
    0x7d, 0x79, 0x78, 0xff, 0x7b, 0x77, 0x75, 0xff, 0x7a, 0x76, 0x74, 0xff, 0x7a, 0x76, 0x74, 0xff,
    0x7a, 0x76, 0x74, 0xff, 0x7a, 0x76, 0x74, 0xff, 0x74, 0x70, 0x6e, 0xff, 0x74, 0x70, 0x6e, 0xff,
    0x72, 0x70, 0x6e, 0xff, 0x71, 0x6f, 0x6d, 0xff, 0x6b, 0x69, 0x67, 0xff, 0x6b, 0x69, 0x67, 0xff,
    0x69, 0x6a, 0x66, 0xff, 0x69, 0x6a, 0x66, 0xff, 0x63, 0x65, 0x60, 0xff, 0x64, 0x66, 0x61, 0xff,
    0x61, 0x62, 0x5d, 0xff, 0x5e, 0x5f, 0x5d, 0xff, 0x5e, 0x5e, 0x5e, 0xff, 0x5e, 0x5e, 0x5e, 0xff,
    0x5e, 0x5f, 0x5d, 0xff, 0x5e, 0x60, 0x5b, 0xff, 0x57, 0x56, 0x52, 0xfa, 0x50, 0x50, 0x49, 0xff,
    0x45, 0x47, 0x40, 0x7a, 0x58, 0x5a, 0x55, 0x00, 0x41, 0x3e, 0x40, 0x04, 0x3f, 0x3e, 0x40, 0x00,
    0x3d, 0x40, 0x3d, 0x00, 0x3b, 0x40, 0x3d, 0x00, 0x3b, 0x40, 0x3d, 0x00, 0x3d, 0x40, 0x3d, 0x00,
    0x41, 0x3f, 0x3d, 0x00, 0x43, 0x3f, 0x3d, 0x00, 0x02, 0x00, 0x00, 0x00, 0x02, 0x00, 0x00, 0x00,
    0x02, 0x00, 0x00, 0x00, 0x02, 0x00, 0x00, 0x00, 0x02, 0x00, 0x00, 0x00, 0x02, 0x00, 0x00, 0x00,
    0x00, 0x00, 0x00, 0x00, 0x00, 0x00, 0x00, 0x00, 0x00, 0x00, 0x00, 0x00, 0x00, 0x00, 0x00, 0x00,
    0x00, 0x00, 0x00, 0x00, 0x00, 0x00, 0x00, 0x00, 0x00, 0x00, 0x00, 0x00, 0x00, 0x00, 0x00, 0x00,
    0x00, 0x00, 0x00, 0x00, 0x00, 0x00, 0x00, 0x00, 0x00, 0x00, 0x00, 0x00, 0x00, 0x00, 0x00, 0x00,
    0x00, 0x00, 0x00, 0x00, 0x00, 0x00, 0x00, 0x00, 0x00, 0x00, 0x00, 0x00, 0x00, 0x00, 0x00, 0x00,
    0x00, 0x00, 0x00, 0x00, 0x00, 0x00, 0x00, 0x00, 0x00, 0x00, 0x00, 0x00, 0x00, 0x00, 0x00, 0x00,
    0x00, 0x00, 0x00, 0x00, 0x00, 0x00, 0x00, 0x00, 0x00, 0x00, 0x00, 0x00, 0x00, 0x00, 0x00, 0x00,
    0x50, 0x55, 0x54, 0x00, 0x50, 0x55, 0x54, 0x00, 0x52, 0x54, 0x54, 0x00, 0x54, 0x54, 0x54, 0x00,
    0x04, 0x02, 0x02, 0x01, 0x80, 0x7d, 0x7e, 0x02, 0x54, 0x54, 0x54, 0x00, 0x80, 0x80, 0x80, 0xa7,
    0x8f, 0x8c, 0x8d, 0xff, 0x8f, 0x8c, 0x8d, 0xfb, 0x8f, 0x8c, 0x8d, 0xff, 0x8e, 0x8b, 0x8c, 0xff,
    0x8d, 0x89, 0x89, 0xff, 0x8c, 0x87, 0x88, 0xff, 0x8c, 0x87, 0x88, 0xff, 0x8b, 0x86, 0x87, 0xff,
    0x8a, 0x85, 0x86, 0xff, 0x89, 0x84, 0x85, 0xff, 0x89, 0x84, 0x85, 0xff, 0x86, 0x82, 0x82, 0xff,
    0x85, 0x80, 0x81, 0xff, 0x84, 0x7f, 0x80, 0xff, 0x84, 0x7f, 0x80, 0xff, 0x84, 0x7f, 0x80, 0xff,
    0x84, 0x7f, 0x80, 0xff, 0x83, 0x7e, 0x7f, 0xff, 0x83, 0x7e, 0x7f, 0xff, 0x83, 0x7e, 0x7f, 0xff,
    0x83, 0x7e, 0x7f, 0xff, 0x7f, 0x7b, 0x7b, 0xff, 0x7c, 0x77, 0x78, 0xff, 0x7a, 0x75, 0x76, 0xff,
    0x76, 0x75, 0x73, 0xff, 0x76, 0x75, 0x73, 0xff, 0x76, 0x75, 0x73, 0xff, 0x76, 0x75, 0x73, 0xff,
    0x71, 0x6f, 0x6d, 0xff, 0x71, 0x6f, 0x6d, 0xff, 0x71, 0x70, 0x6b, 0xff, 0x70, 0x71, 0x6d, 0xff,
    0x69, 0x6a, 0x66, 0xff, 0x69, 0x6a, 0x66, 0xff, 0x68, 0x69, 0x64, 0xff, 0x63, 0x68, 0x61, 0xff,
    0x60, 0x64, 0x5f, 0xff, 0x5f, 0x63, 0x5d, 0xff, 0x5d, 0x61, 0x5e, 0xff, 0x5c, 0x60, 0x5d, 0xff,
    0x5c, 0x5f, 0x5e, 0xff, 0x5c, 0x5f, 0x5e, 0xff, 0x5c, 0x5e, 0x60, 0xff, 0x5c, 0x5f, 0x5e, 0xff,
    0x51, 0x56, 0x55, 0xfa, 0x4a, 0x50, 0x4c, 0xff, 0x41, 0x47, 0x42, 0x7a, 0x56, 0x5a, 0x57, 0x00,
    0x3f, 0x3c, 0x44, 0x04, 0xa1, 0xa2, 0xa6, 0x00, 0xa0, 0xab, 0xa0, 0x00, 0x9b, 0xac, 0x9c, 0x00,
    0x99, 0xac, 0x9d, 0x00, 0x9d, 0xaa, 0x9f, 0x00, 0xa9, 0xa9, 0x9d, 0x00, 0xad, 0xa6, 0xa1, 0x00,
    0xca, 0xc5, 0xc6, 0x00, 0xc8, 0xc5, 0xc8, 0x00, 0xc8, 0xc5, 0xc8, 0x00, 0xc8, 0xc5, 0xc8, 0x00,
    0xc8, 0xc6, 0xc6, 0x00, 0xc8, 0xc6, 0xc6, 0x00, 0xc6, 0xc7, 0xc4, 0x00, 0xc6, 0xc7, 0xc4, 0x00,
    0x02, 0x00, 0x00, 0x00, 0x02, 0x00, 0x00, 0x00, 0x00, 0x00, 0x00, 0x00, 0x00, 0x00, 0x00, 0x00,
    0x00, 0x00, 0x00, 0x00, 0x00, 0x00, 0x00, 0x00, 0x00, 0x00, 0x00, 0x00, 0x00, 0x00, 0x00, 0x00,
    0x00, 0x00, 0x00, 0x00, 0x00, 0x00, 0x00, 0x00, 0x00, 0x00, 0x00, 0x00, 0x00, 0x00, 0x00, 0x00,
    0x00, 0x00, 0x00, 0x00, 0x00, 0x00, 0x00, 0x00, 0x00, 0x00, 0x00, 0x00, 0x00, 0x00, 0x00, 0x00,
    0x00, 0x00, 0x00, 0x00, 0x00, 0x00, 0x00, 0x00, 0x00, 0x00, 0x00, 0x00, 0x00, 0x00, 0x00, 0x00,
    0x00, 0x00, 0x00, 0x00, 0x00, 0x00, 0x00, 0x00, 0x52, 0x54, 0x54, 0x00, 0x52, 0x54, 0x54, 0x00,
    0x54, 0x54, 0x54, 0x00, 0x54, 0x54, 0x54, 0x00, 0x04, 0x02, 0x02, 0x01, 0x80, 0x7d, 0x7e, 0x02,
    0x56, 0x53, 0x54, 0x00, 0x81, 0x7f, 0x7f, 0xa7, 0x8e, 0x8b, 0x8c, 0xff, 0x8e, 0x8b, 0x8c, 0xfb,
    0x8e, 0x8b, 0x8c, 0xff, 0x8d, 0x8a, 0x8b, 0xff, 0x8d, 0x89, 0x89, 0xff, 0x8c, 0x87, 0x88, 0xff,
    0x8c, 0x87, 0x88, 0xff, 0x8b, 0x86, 0x87, 0xff, 0x8a, 0x85, 0x86, 0xff, 0x89, 0x84, 0x85, 0xff,
    0x89, 0x84, 0x85, 0xff, 0x86, 0x82, 0x82, 0xff, 0x85, 0x80, 0x81, 0xff, 0x84, 0x7f, 0x80, 0xff,
    0x84, 0x7f, 0x80, 0xff, 0x83, 0x7e, 0x7f, 0xff, 0x82, 0x7d, 0x7e, 0xff, 0x81, 0x7c, 0x7d, 0xff,
    0x81, 0x7c, 0x7d, 0xff, 0x81, 0x7c, 0x7d, 0xff, 0x81, 0x7c, 0x7d, 0xff, 0x7d, 0x78, 0x79, 0xff,
    0x7a, 0x75, 0x76, 0xff, 0x77, 0x72, 0x73, 0xff, 0x74, 0x73, 0x71, 0xff, 0x74, 0x73, 0x71, 0xff,
    0x74, 0x73, 0x71, 0xff, 0x74, 0x73, 0x71, 0xff, 0x6e, 0x6d, 0x6b, 0xff, 0x6e, 0x6d, 0x6b, 0xff,
    0x6c, 0x6e, 0x69, 0xff, 0x6b, 0x6d, 0x68, 0xff, 0x6a, 0x6c, 0x67, 0xff, 0x68, 0x69, 0x64, 0xff,
    0x63, 0x68, 0x61, 0xff, 0x61, 0x66, 0x5e, 0xff, 0x5f, 0x63, 0x5d, 0xff, 0x5f, 0x61, 0x5c, 0xff,
    0x5e, 0x60, 0x5b, 0xff, 0x5c, 0x60, 0x5d, 0xff, 0x5c, 0x60, 0x5d, 0xff, 0x5c, 0x5f, 0x5e, 0xff,
    0x5c, 0x5e, 0x60, 0xff, 0x5c, 0x5e, 0x60, 0xff, 0x51, 0x55, 0x57, 0xfa, 0x4a, 0x4f, 0x4e, 0xff,
    0x41, 0x45, 0x45, 0x7a, 0x54, 0x58, 0x5a, 0x00, 0x3d, 0x3d, 0x44, 0x04, 0x9f, 0xa3, 0xa5, 0x00,
    0xa0, 0xad, 0x9d, 0x00, 0x9b, 0xaf, 0x97, 0x00, 0x97, 0xaf, 0x97, 0x00, 0x9d, 0xae, 0x97, 0x00,
    0xa9, 0xab, 0x99, 0x00, 0xad, 0xa9, 0x9c, 0x00, 0xca, 0xc6, 0xc4, 0x00, 0xc8, 0xc5, 0xc8, 0x00,
    0xc8, 0xc5, 0xc8, 0x00, 0xc8, 0xc5, 0xc8, 0x00, 0xc8, 0xc5, 0xc8, 0x00, 0xc6, 0xc5, 0xc8, 0x00,
    0xc6, 0xc6, 0xc6, 0x00, 0xc6, 0xc6, 0xc6, 0x00, 0x02, 0x00, 0x00, 0x00, 0x02, 0x00, 0x00, 0x00,
    0x00, 0x00, 0x00, 0x00, 0x00, 0x00, 0x00, 0x00, 0x00, 0x00, 0x00, 0x00, 0x00, 0x00, 0x00, 0x00,
    0x00, 0x00, 0x00, 0x00, 0x00, 0x00, 0x00, 0x00, 0x00, 0x00, 0x00, 0x00, 0x00, 0x00, 0x00, 0x00,
    0x00, 0x00, 0x00, 0x00, 0x00, 0x00, 0x00, 0x00, 0x00, 0x00, 0x00, 0x00, 0x00, 0x00, 0x00, 0x00,
    0x00, 0x00, 0x00, 0x00, 0x00, 0x00, 0x00, 0x00, 0x00, 0x00, 0x00, 0x00, 0x00, 0x00, 0x00, 0x00,
    0x00, 0x00, 0x00, 0x00, 0x00, 0x00, 0x00, 0x00, 0x00, 0x00, 0x00, 0x00, 0x00, 0x00, 0x00, 0x00,
    0x54, 0x54, 0x54, 0x00, 0x54, 0x54, 0x54, 0x00, 0x54, 0x54, 0x54, 0x00, 0x54, 0x54, 0x54, 0x00,
    0x04, 0x02, 0x02, 0x01, 0x80, 0x7d, 0x7e, 0x02, 0x57, 0x55, 0x55, 0x00, 0x81, 0x7f, 0x7f, 0xa7,
    0x8e, 0x8b, 0x8c, 0xff, 0x8e, 0x8b, 0x8c, 0xfb, 0x8e, 0x8b, 0x8c, 0xff, 0x8d, 0x8a, 0x8b, 0xff,
    0x8d, 0x89, 0x89, 0xff, 0x8c, 0x87, 0x88, 0xff, 0x8c, 0x87, 0x88, 0xff, 0x8b, 0x86, 0x87, 0xff,
    0x8a, 0x85, 0x86, 0xff, 0x89, 0x84, 0x85, 0xff, 0x89, 0x84, 0x85, 0xff, 0x86, 0x82, 0x82, 0xff,
    0x85, 0x80, 0x81, 0xff, 0x84, 0x7f, 0x80, 0xff, 0x84, 0x7f, 0x80, 0xff, 0x84, 0x7f, 0x80, 0xff,
    0x7d, 0x78, 0x79, 0xff, 0x7d, 0x78, 0x79, 0xff, 0x7d, 0x78, 0x79, 0xff, 0x7d, 0x78, 0x79, 0xff,
    0x7d, 0x78, 0x79, 0xff, 0x7a, 0x75, 0x76, 0xff, 0x76, 0x71, 0x72, 0xff, 0x74, 0x6f, 0x70, 0xff,
    0x71, 0x6f, 0x6d, 0xff, 0x71, 0x6f, 0x6d, 0xff, 0x71, 0x6f, 0x6d, 0xff, 0x71, 0x6f, 0x6d, 0xff,
    0x6b, 0x69, 0x67, 0xff, 0x6b, 0x69, 0x67, 0xff, 0x69, 0x6a, 0x66, 0xff, 0x69, 0x6a, 0x66, 0xff,
    0x68, 0x69, 0x64, 0xff, 0x65, 0x67, 0x62, 0xff, 0x61, 0x66, 0x5e, 0xff, 0x5f, 0x63, 0x5c, 0xff,
    0x5f, 0x61, 0x5c, 0xff, 0x60, 0x60, 0x5b, 0xff, 0x60, 0x60, 0x5b, 0xff, 0x5e, 0x60, 0x5b, 0xff,
    0x5e, 0x60, 0x5b, 0xff, 0x5e, 0x60, 0x5b, 0xff, 0x5e, 0x5f, 0x5d, 0xff, 0x5e, 0x5e, 0x5e, 0xff,
    0x57, 0x54, 0x57, 0xfa, 0x50, 0x4d, 0x50, 0xff, 0x47, 0x43, 0x48, 0x7a, 0x58, 0x57, 0x5c, 0x00,
    0x39, 0x3e, 0x42, 0x04, 0x9d, 0xa5, 0xa1, 0x00, 0xa7, 0xab, 0x9d, 0x00, 0xa3, 0xae, 0x95, 0x00,
    0x9f, 0xb1, 0x91, 0x00, 0x9f, 0xb1, 0x91, 0x00, 0xa5, 0xaf, 0x92, 0x00, 0xa7, 0xab, 0x99, 0x00,
    0xc8, 0xc7, 0xc3, 0x00, 0xc6, 0xc5, 0xc8, 0x00, 0xc6, 0xc5, 0xc8, 0x00, 0xc6, 0xc5, 0xc8, 0x00,
    0xc6, 0xc4, 0xc9, 0x00, 0xc4, 0xc5, 0xc9, 0x00, 0xc4, 0xc5, 0xc9, 0x00, 0xc6, 0xc4, 0xc9, 0x00,
    0x00, 0x00, 0x02, 0x00, 0x00, 0x00, 0x02, 0x00, 0x00, 0x00, 0x00, 0x00, 0x00, 0x00, 0x00, 0x00,
    0x00, 0x00, 0x00, 0x00, 0x00, 0x00, 0x00, 0x00, 0x00, 0x00, 0x00, 0x00, 0x00, 0x00, 0x00, 0x00,
    0x00, 0x00, 0x00, 0x00, 0x00, 0x00, 0x00, 0x00, 0x00, 0x00, 0x00, 0x00, 0x00, 0x00, 0x00, 0x00,
    0x00, 0x00, 0x00, 0x00, 0x00, 0x00, 0x00, 0x00, 0x00, 0x00, 0x00, 0x00, 0x00, 0x00, 0x00, 0x00,
    0x00, 0x00, 0x00, 0x00, 0x00, 0x00, 0x00, 0x00, 0x00, 0x00, 0x00, 0x00, 0x00, 0x00, 0x00, 0x00,
    0x00, 0x00, 0x00, 0x00, 0x00, 0x00, 0x00, 0x00, 0x54, 0x54, 0x54, 0x00, 0x54, 0x54, 0x54, 0x00,
    0x54, 0x54, 0x54, 0x00, 0x54, 0x54, 0x54, 0x00, 0x03, 0x01, 0x01, 0x01, 0x80, 0x7d, 0x7e, 0x02,
    0x57, 0x55, 0x55, 0x00, 0x7f, 0x7c, 0x7d, 0xa7, 0x8d, 0x8a, 0x8b, 0xff, 0x8d, 0x8a, 0x8b, 0xfb,
    0x8d, 0x8a, 0x8b, 0xff, 0x8d, 0x8a, 0x8b, 0xff, 0x8d, 0x89, 0x89, 0xff, 0x8c, 0x87, 0x88, 0xff,
    0x8c, 0x87, 0x88, 0xff, 0x8b, 0x86, 0x87, 0xff, 0x8a, 0x85, 0x86, 0xff, 0x89, 0x84, 0x85, 0xff,
    0x89, 0x84, 0x85, 0xff, 0x86, 0x82, 0x82, 0xff, 0x85, 0x80, 0x81, 0xff, 0x84, 0x7f, 0x80, 0xff,
    0x84, 0x7f, 0x80, 0xff, 0x84, 0x7f, 0x80, 0xff, 0x7b, 0x76, 0x77, 0xff, 0x7b, 0x76, 0x77, 0xff,
    0x7b, 0x76, 0x77, 0xff, 0x7b, 0x76, 0x77, 0xff, 0x7b, 0x76, 0x77, 0xff, 0x77, 0x72, 0x73, 0xff,
    0x74, 0x6f, 0x70, 0xff, 0x71, 0x6d, 0x6d, 0xff, 0x6e, 0x6d, 0x6b, 0xff, 0x6e, 0x6d, 0x6b, 0xff,
    0x6e, 0x6d, 0x6b, 0xff, 0x6e, 0x6d, 0x6b, 0xff, 0x68, 0x67, 0x65, 0xff, 0x68, 0x67, 0x65, 0xff,
    0x66, 0x68, 0x63, 0xff, 0x66, 0x68, 0x63, 0xff, 0x65, 0x67, 0x62, 0xff, 0x63, 0x65, 0x60, 0xff,
    0x5f, 0x63, 0x5c, 0xff, 0x5d, 0x62, 0x5b, 0xff, 0x5e, 0x60, 0x5b, 0xff, 0x60, 0x60, 0x5b, 0xff,
    0x60, 0x60, 0x5a, 0xff, 0x5e, 0x61, 0x5a, 0xff, 0x5d, 0x60, 0x57, 0xff, 0x5d, 0x60, 0x57, 0xff,
    0x5d, 0x60, 0x57, 0xff, 0x5d, 0x60, 0x58, 0xff, 0x57, 0x57, 0x50, 0xfa, 0x50, 0x4f, 0x4b, 0xff,
    0x47, 0x46, 0x42, 0x7a, 0x56, 0x5b, 0x55, 0x00, 0x37, 0x44, 0x38, 0x04, 0x9b, 0xa9, 0x99, 0x00,
    0xa4, 0xaf, 0x97, 0x00, 0x9f, 0xb4, 0x8a, 0x00, 0x91, 0xc0, 0x79, 0x00, 0x8f, 0xc3, 0x74, 0x00,
    0x99, 0xbe, 0x7a, 0x00, 0x9f, 0xb7, 0x85, 0x00, 0xc2, 0xce, 0xb8, 0x00, 0xc4, 0xc9, 0xc1, 0x00,
    0xc2, 0xc8, 0xc3, 0x00, 0xc2, 0xc8, 0xc4, 0x00, 0xc3, 0xc7, 0xc9, 0x00, 0xc2, 0xc5, 0xc9, 0x00,
    0xc2, 0xc5, 0xc9, 0x00, 0xc4, 0xc5, 0xc9, 0x00, 0x00, 0x00, 0x02, 0x00, 0x00, 0x00, 0x02, 0x00,
    0x00, 0x00, 0x00, 0x00, 0x00, 0x00, 0x00, 0x00, 0x00, 0x00, 0x00, 0x00, 0x00, 0x00, 0x00, 0x00,
    0x00, 0x00, 0x00, 0x00, 0x00, 0x00, 0x00, 0x00, 0x00, 0x00, 0x00, 0x00, 0x00, 0x00, 0x00, 0x00,
    0x00, 0x00, 0x00, 0x00, 0x00, 0x00, 0x00, 0x00, 0x00, 0x00, 0x00, 0x00, 0x00, 0x00, 0x00, 0x00,
    0x00, 0x00, 0x00, 0x00, 0x00, 0x00, 0x00, 0x00, 0x00, 0x00, 0x00, 0x00, 0x00, 0x00, 0x00, 0x00,
    0x00, 0x00, 0x00, 0x00, 0x00, 0x00, 0x00, 0x00, 0x00, 0x00, 0x00, 0x00, 0x00, 0x00, 0x00, 0x00,
    0x54, 0x54, 0x54, 0x00, 0x54, 0x54, 0x54, 0x00, 0x54, 0x54, 0x54, 0x00, 0x54, 0x54, 0x54, 0x00,
    0x02, 0x00, 0x00, 0x01, 0x81, 0x7f, 0x7f, 0x02, 0x58, 0x56, 0x56, 0x00, 0x7d, 0x7b, 0x7b, 0xa7,
    0x87, 0x84, 0x85, 0xff, 0x87, 0x84, 0x85, 0xfb, 0x87, 0x84, 0x85, 0xff, 0x86, 0x83, 0x84, 0xff,
    0x86, 0x82, 0x82, 0xff, 0x85, 0x80, 0x81, 0xff, 0x84, 0x7f, 0x80, 0xff, 0x84, 0x7f, 0x80, 0xff,
    0x83, 0x7e, 0x7f, 0xff, 0x83, 0x7e, 0x7f, 0xff, 0x82, 0x7d, 0x7e, 0xff, 0x81, 0x7c, 0x7d, 0xff,
    0x7f, 0x7b, 0x7b, 0xff, 0x7e, 0x79, 0x7a, 0xff, 0x7e, 0x79, 0x7a, 0xff, 0x7e, 0x79, 0x7a, 0xff,
    0x7a, 0x75, 0x76, 0xff, 0x7a, 0x75, 0x76, 0xff, 0x7a, 0x75, 0x76, 0xff, 0x7a, 0x75, 0x76, 0xff,
    0x7a, 0x75, 0x76, 0xff, 0x76, 0x71, 0x72, 0xff, 0x73, 0x6e, 0x6f, 0xff, 0x70, 0x6b, 0x6c, 0xff,
    0x6d, 0x6c, 0x6a, 0xff, 0x6d, 0x6c, 0x6a, 0xff, 0x6d, 0x6b, 0x6b, 0xff, 0x6d, 0x6b, 0x6b, 0xff,
    0x67, 0x66, 0x64, 0xff, 0x67, 0x66, 0x64, 0xff, 0x65, 0x67, 0x62, 0xff, 0x65, 0x67, 0x62, 0xff,
    0x63, 0x65, 0x60, 0xff, 0x61, 0x62, 0x5d, 0xff, 0x5d, 0x62, 0x5b, 0xff, 0x5c, 0x61, 0x5a, 0xff,
    0x5c, 0x61, 0x5a, 0xff, 0x5e, 0x61, 0x5a, 0xff, 0x5d, 0x60, 0x58, 0xff, 0x5b, 0x61, 0x57, 0xff,
    0x5b, 0x62, 0x54, 0xff, 0x5b, 0x63, 0x52, 0xff, 0x5a, 0x63, 0x4f, 0xff, 0x5a, 0x64, 0x4e, 0xff,
    0x4c, 0x56, 0x40, 0xfa, 0x46, 0x51, 0x38, 0xff, 0x3f, 0x4a, 0x31, 0x7a, 0x52, 0x60, 0x45, 0x00,
    0x60, 0x76, 0x55, 0x06, 0xbe, 0xd6, 0xb0, 0x02, 0xbf, 0xd6, 0xae, 0x02, 0xca, 0xfe, 0xb4, 0x01,
    0x6d, 0xd9, 0x4e, 0x00, 0x70, 0xe8, 0x47, 0x00, 0x87, 0xdd, 0x4f, 0x00, 0x8d, 0xc5, 0x5c, 0x00,
    0xb5, 0xd2, 0x9d, 0x00, 0xb7, 0xc8, 0xb1, 0x00, 0xb9, 0xc9, 0xb6, 0x00, 0xc0, 0xce, 0xc0, 0x00,
    0xc1, 0xcb, 0xc2, 0x00, 0xc0, 0xc8, 0xc4, 0x00, 0xc0, 0xc6, 0xc8, 0x00, 0xc2, 0xc6, 0xc8, 0x00,
    0x00, 0x00, 0x02, 0x00, 0x00, 0x00, 0x02, 0x00, 0x00, 0x00, 0x00, 0x00, 0x00, 0x00, 0x00, 0x00,
    0x00, 0x00, 0x00, 0x00, 0x00, 0x00, 0x00, 0x00, 0x00, 0x00, 0x00, 0x00, 0x00, 0x00, 0x00, 0x00,
    0x00, 0x00, 0x00, 0x00, 0x00, 0x00, 0x00, 0x00, 0x00, 0x00, 0x00, 0x00, 0x00, 0x00, 0x00, 0x00,
    0x00, 0x00, 0x00, 0x00, 0x00, 0x00, 0x00, 0x00, 0x00, 0x00, 0x00, 0x00, 0x00, 0x00, 0x00, 0x00,
    0x00, 0x00, 0x00, 0x00, 0x00, 0x00, 0x00, 0x00, 0x00, 0x00, 0x00, 0x00, 0x00, 0x00, 0x00, 0x00,
    0x00, 0x00, 0x00, 0x00, 0x00, 0x00, 0x00, 0x00, 0x54, 0x54, 0x54, 0x00, 0x54, 0x54, 0x54, 0x00,
    0x54, 0x54, 0x54, 0x00, 0x54, 0x54, 0x54, 0x00, 0x01, 0x00, 0x00, 0x01, 0x81, 0x7f, 0x7f, 0x02,
    0x58, 0x56, 0x56, 0x00, 0x7c, 0x7a, 0x7a, 0xa7, 0x87, 0x84, 0x85, 0xff, 0x87, 0x84, 0x85, 0xfb,
    0x87, 0x84, 0x85, 0xff, 0x86, 0x83, 0x84, 0xff, 0x86, 0x82, 0x82, 0xff, 0x85, 0x80, 0x81, 0xff,
    0x84, 0x7f, 0x80, 0xff, 0x84, 0x7f, 0x80, 0xff, 0x83, 0x7e, 0x7f, 0xff, 0x83, 0x7e, 0x7f, 0xff,
    0x82, 0x7d, 0x7e, 0xff, 0x81, 0x7c, 0x7d, 0xff, 0x7f, 0x7b, 0x7b, 0xff, 0x7e, 0x79, 0x7a, 0xff,
    0x7e, 0x79, 0x7a, 0xff, 0x7e, 0x79, 0x7a, 0xff, 0x7a, 0x75, 0x76, 0xff, 0x7a, 0x75, 0x76, 0xff,
    0x7a, 0x75, 0x76, 0xff, 0x7a, 0x75, 0x76, 0xff, 0x7a, 0x75, 0x76, 0xff, 0x76, 0x71, 0x72, 0xff,
    0x73, 0x6e, 0x6f, 0xff, 0x70, 0x6b, 0x6c, 0xff, 0x6d, 0x6c, 0x6a, 0xff, 0x6d, 0x6c, 0x6a, 0xff,
    0x6d, 0x6b, 0x6b, 0xff, 0x6d, 0x6b, 0x6b, 0xff, 0x67, 0x66, 0x64, 0xff, 0x67, 0x66, 0x64, 0xff,
    0x65, 0x67, 0x62, 0xff, 0x65, 0x67, 0x62, 0xff, 0x61, 0x62, 0x5d, 0xff, 0x5f, 0x61, 0x5c, 0xff,
    0x5c, 0x61, 0x5a, 0xff, 0x5c, 0x61, 0x5a, 0xff, 0x5c, 0x61, 0x5a, 0xff, 0x5c, 0x61, 0x5a, 0xff,
    0x5b, 0x61, 0x57, 0xff, 0x59, 0x62, 0x55, 0xff, 0x54, 0x64, 0x4f, 0xff, 0x54, 0x66, 0x4c, 0xff,
    0x53, 0x66, 0x48, 0xff, 0x53, 0x69, 0x43, 0xff, 0x4f, 0x67, 0x3c, 0xfa, 0x47, 0x60, 0x31, 0xff,
    0x3e, 0x58, 0x26, 0x7a, 0x4e, 0x70, 0x33, 0x00, 0x3c, 0x66, 0x1d, 0x04, 0x90, 0xc1, 0x73, 0x00,
    0x97, 0xc8, 0x7a, 0x00, 0x87, 0xd2, 0x64, 0x00, 0x61, 0xe2, 0x35, 0x00, 0x58, 0xdf, 0x1f, 0x02,
    0x83, 0xe7, 0x3e, 0x03, 0xa8, 0xec, 0x6b, 0x02, 0xe3, 0xff, 0xc1, 0x01, 0xb9, 0xd5, 0xaa, 0x00,
    0xb8, 0xd1, 0xad, 0x00, 0xb8, 0xcd, 0xb1, 0x00, 0xbc, 0xce, 0xb9, 0x00, 0xbe, 0xcc, 0xbe, 0x00,
    0xbe, 0xc9, 0xc3, 0x00, 0xc0, 0xc8, 0xc4, 0x00, 0x00, 0x01, 0x00, 0x00, 0x00, 0x00, 0x02, 0x00,
    0x00, 0x00, 0x00, 0x00, 0x00, 0x00, 0x00, 0x00, 0x00, 0x00, 0x00, 0x00, 0x00, 0x00, 0x00, 0x00,
    0x00, 0x00, 0x00, 0x00, 0x00, 0x00, 0x00, 0x00, 0x00, 0x00, 0x00, 0x00, 0x00, 0x00, 0x00, 0x00,
    0x00, 0x00, 0x00, 0x00, 0x00, 0x00, 0x00, 0x00, 0x00, 0x00, 0x00, 0x00, 0x00, 0x00, 0x00, 0x00,
    0x00, 0x00, 0x00, 0x00, 0x00, 0x00, 0x00, 0x00, 0x00, 0x00, 0x00, 0x00, 0x00, 0x00, 0x00, 0x00,
    0x00, 0x00, 0x00, 0x00, 0x00, 0x00, 0x00, 0x00, 0x00, 0x00, 0x00, 0x00, 0x00, 0x00, 0x00, 0x00,
    0x54, 0x54, 0x54, 0x00, 0x54, 0x54, 0x54, 0x00, 0x54, 0x54, 0x54, 0x00, 0x54, 0x54, 0x54, 0x00,
    0x02, 0x00, 0x00, 0x01, 0x82, 0x80, 0x80, 0x02, 0x59, 0x57, 0x57, 0x00, 0x7c, 0x7a, 0x7a, 0xa7,
    0x87, 0x84, 0x85, 0xff, 0x87, 0x84, 0x85, 0xfb, 0x87, 0x84, 0x85, 0xff, 0x86, 0x83, 0x84, 0xff,
    0x86, 0x82, 0x82, 0xff, 0x85, 0x80, 0x81, 0xff, 0x84, 0x7f, 0x80, 0xff, 0x84, 0x7f, 0x80, 0xff,
    0x83, 0x7e, 0x7f, 0xff, 0x83, 0x7e, 0x7f, 0xff, 0x82, 0x7d, 0x7e, 0xff, 0x81, 0x7c, 0x7d, 0xff,
    0x7f, 0x7b, 0x7b, 0xff, 0x7e, 0x79, 0x7a, 0xff, 0x7e, 0x79, 0x7a, 0xff, 0x7e, 0x79, 0x7a, 0xff,
    0x7a, 0x75, 0x76, 0xff, 0x7a, 0x75, 0x76, 0xff, 0x78, 0x76, 0x74, 0xff, 0x78, 0x76, 0x74, 0xff,
    0x78, 0x76, 0x74, 0xff, 0x74, 0x73, 0x71, 0xff, 0x71, 0x6f, 0x6d, 0xff, 0x6e, 0x6d, 0x6b, 0xff,
    0x6d, 0x6b, 0x6b, 0xff, 0x6d, 0x6b, 0x6b, 0xff, 0x6d, 0x6b, 0x6b, 0xff, 0x6d, 0x6b, 0x6b, 0xff,
    0x67, 0x66, 0x64, 0xff, 0x67, 0x66, 0x64, 0xff, 0x65, 0x67, 0x62, 0xff, 0x65, 0x68, 0x61, 0xff,
    0x5f, 0x61, 0x5c, 0xff, 0x5e, 0x60, 0x5b, 0xff, 0x5c, 0x61, 0x5a, 0xff, 0x5c, 0x61, 0x5a, 0xff,
    0x5c, 0x61, 0x5a, 0xff, 0x5c, 0x61, 0x5a, 0xff, 0x5b, 0x60, 0x58, 0xff, 0x57, 0x62, 0x55, 0xff,
    0x4e, 0x66, 0x4e, 0xff, 0x4a, 0x6a, 0x47, 0xff, 0x49, 0x6c, 0x40, 0xff, 0x49, 0x6f, 0x39, 0xff,
    0x2f, 0x5a, 0x18, 0xfa, 0x2e, 0x5c, 0x10, 0xff, 0x2f, 0x60, 0x0b, 0x79, 0x45, 0x80, 0x19, 0x00,
    0xb0, 0xfd, 0x7d, 0x24, 0xb2, 0xff, 0x7d, 0x26, 0xac, 0xff, 0x79, 0x24, 0xaf, 0xff, 0x78, 0x15,
    0xa6, 0xff, 0x62, 0x02, 0x85, 0xe9, 0x39, 0x00, 0x8d, 0xdf, 0x45, 0x00, 0x9f, 0xde, 0x60, 0x00,
    0xb1, 0xe1, 0x89, 0x00, 0xad, 0xd3, 0x94, 0x04, 0xb8, 0xdb, 0xa3, 0x02, 0xb1, 0xd1, 0xa1, 0x00,
    0xba, 0xd4, 0xb0, 0x00, 0xba, 0xd0, 0xb6, 0x00, 0xba, 0xce, 0xbb, 0x00, 0xbc, 0xcb, 0xc0, 0x00,
    0x00, 0x02, 0x00, 0x00, 0x00, 0x01, 0x00, 0x00, 0x00, 0x01, 0x00, 0x00, 0x00, 0x01, 0x00, 0x00,
    0x00, 0x01, 0x00, 0x00, 0x00, 0x00, 0x00, 0x00, 0x00, 0x00, 0x00, 0x00, 0x00, 0x00, 0x00, 0x00,
    0x00, 0x00, 0x00, 0x00, 0x00, 0x00, 0x00, 0x00, 0x00, 0x00, 0x00, 0x00, 0x00, 0x00, 0x00, 0x00,
    0x00, 0x00, 0x00, 0x00, 0x00, 0x00, 0x00, 0x00, 0x00, 0x00, 0x00, 0x00, 0x00, 0x00, 0x00, 0x00,
    0x00, 0x00, 0x00, 0x00, 0x00, 0x00, 0x00, 0x00, 0x00, 0x00, 0x00, 0x00, 0x00, 0x00, 0x00, 0x00,
    0x00, 0x00, 0x00, 0x00, 0x00, 0x00, 0x00, 0x00, 0x53, 0x53, 0x53, 0x00, 0x53, 0x53, 0x53, 0x00,
    0x53, 0x53, 0x53, 0x00, 0x53, 0x53, 0x53, 0x00, 0x02, 0x00, 0x00, 0x01, 0x82, 0x80, 0x80, 0x02,
    0x58, 0x56, 0x56, 0x00, 0x7c, 0x7a, 0x7a, 0xa7, 0x87, 0x84, 0x85, 0xff, 0x87, 0x84, 0x85, 0xfb,
    0x87, 0x84, 0x85, 0xff, 0x86, 0x83, 0x84, 0xff, 0x86, 0x82, 0x82, 0xff, 0x85, 0x80, 0x81, 0xff,
    0x84, 0x7f, 0x80, 0xff, 0x84, 0x7f, 0x80, 0xff, 0x83, 0x7e, 0x7f, 0xff, 0x83, 0x7e, 0x7f, 0xff,
    0x82, 0x7d, 0x7e, 0xff, 0x81, 0x7c, 0x7d, 0xff, 0x7f, 0x7b, 0x7b, 0xff, 0x7e, 0x79, 0x7a, 0xff,
    0x7e, 0x79, 0x7a, 0xff, 0x7e, 0x79, 0x7a, 0xff, 0x7a, 0x75, 0x76, 0xff, 0x7a, 0x75, 0x76, 0xff,
    0x78, 0x76, 0x74, 0xff, 0x78, 0x76, 0x74, 0xff, 0x78, 0x76, 0x74, 0xff, 0x74, 0x73, 0x71, 0xff,
    0x71, 0x6f, 0x6d, 0xff, 0x6e, 0x6c, 0x6c, 0xff, 0x6d, 0x6b, 0x6b, 0xff, 0x6d, 0x6b, 0x6b, 0xff,
    0x6d, 0x6b, 0x6b, 0xff, 0x6d, 0x6b, 0x6b, 0xff, 0x67, 0x66, 0x64, 0xff, 0x67, 0x67, 0x62, 0xff,
    0x65, 0x68, 0x61, 0xff, 0x65, 0x68, 0x61, 0xff, 0x5e, 0x60, 0x5b, 0xff, 0x5e, 0x60, 0x5b, 0xff,
    0x5e, 0x61, 0x5a, 0xff, 0x5c, 0x62, 0x58, 0xff, 0x5c, 0x63, 0x56, 0xff, 0x5c, 0x64, 0x55, 0xff,
    0x5b, 0x63, 0x52, 0xff, 0x53, 0x67, 0x4d, 0xff, 0x46, 0x6e, 0x41, 0xff, 0x40, 0x74, 0x37, 0xff,
    0x3f, 0x76, 0x30, 0xff, 0x3d, 0x7c, 0x26, 0xff, 0x59, 0x9c, 0x39, 0xfe, 0x62, 0xad, 0x3b, 0xff,
    0x72, 0xc1, 0x45, 0xe6, 0x94, 0xed, 0x5d, 0xdb, 0x8a, 0xf6, 0x4c, 0xee, 0x7f, 0xf5, 0x3e, 0xf2,
    0x84, 0xfc, 0x47, 0xef, 0x90, 0xff, 0x4d, 0xe5, 0x94, 0xff, 0x48, 0xd0, 0xa2, 0xff, 0x55, 0xa8,
    0xa9, 0xff, 0x62, 0x72, 0xb3, 0xff, 0x74, 0x32, 0xd2, 0xff, 0xa3, 0x0b, 0xae, 0xea, 0x88, 0x00,
    0x81, 0xb8, 0x60, 0x01, 0x9a, 0xca, 0x80, 0x04, 0xb4, 0xdb, 0xa4, 0x00, 0xb6, 0xd7, 0xab, 0x00,
    0xb6, 0xd7, 0xab, 0x00, 0xb8, 0xd4, 0xb0, 0x00, 0x00, 0x08, 0x00, 0x00, 0x00, 0x03, 0x00, 0x00,
    0x00, 0x02, 0x00, 0x00, 0x00, 0x02, 0x00, 0x00, 0x00, 0x02, 0x00, 0x00, 0x00, 0x02, 0x00, 0x00,
    0x00, 0x00, 0x00, 0x00, 0x00, 0x00, 0x00, 0x00, 0x00, 0x00, 0x00, 0x00, 0x00, 0x00, 0x00, 0x00,
    0x00, 0x00, 0x00, 0x00, 0x00, 0x00, 0x00, 0x00, 0x00, 0x00, 0x00, 0x00, 0x00, 0x00, 0x00, 0x00,
    0x00, 0x00, 0x00, 0x00, 0x00, 0x00, 0x00, 0x00, 0x00, 0x00, 0x00, 0x00, 0x00, 0x00, 0x00, 0x00,
    0x00, 0x00, 0x00, 0x00, 0x00, 0x00, 0x00, 0x00, 0x00, 0x00, 0x00, 0x00, 0x00, 0x00, 0x00, 0x00,
    0x53, 0x53, 0x53, 0x00, 0x53, 0x53, 0x53, 0x00, 0x53, 0x53, 0x53, 0x00, 0x53, 0x53, 0x53, 0x00,
    0x02, 0x00, 0x00, 0x01, 0x82, 0x80, 0x80, 0x02, 0x57, 0x55, 0x55, 0x00, 0x75, 0x73, 0x73, 0xa7,
    0x80, 0x7d, 0x7e, 0xff, 0x80, 0x7d, 0x7e, 0xfb, 0x80, 0x7d, 0x7e, 0xff, 0x7f, 0x7c, 0x7d, 0xff,
    0x7f, 0x7b, 0x7b, 0xff, 0x7e, 0x79, 0x7a, 0xff, 0x7d, 0x78, 0x79, 0xff, 0x7d, 0x78, 0x79, 0xff,
    0x7c, 0x77, 0x78, 0xff, 0x7c, 0x77, 0x78, 0xff, 0x7b, 0x76, 0x77, 0xff, 0x7a, 0x75, 0x76, 0xff,
    0x78, 0x74, 0x74, 0xff, 0x77, 0x72, 0x73, 0xff, 0x75, 0x74, 0x72, 0xff, 0x75, 0x74, 0x72, 0xff,
    0x71, 0x6f, 0x6d, 0xff, 0x71, 0x6f, 0x6d, 0xff, 0x71, 0x6f, 0x6d, 0xff, 0x71, 0x6f, 0x6d, 0xff,
    0x71, 0x6f, 0x6d, 0xff, 0x6d, 0x6c, 0x6a, 0xff, 0x6a, 0x67, 0x68, 0xff, 0x67, 0x65, 0x65, 0xff,
    0x66, 0x63, 0x66, 0xff, 0x66, 0x63, 0x66, 0xff, 0x66, 0x64, 0x64, 0xff, 0x66, 0x64, 0x64, 0xff,
    0x60, 0x5f, 0x5d, 0xff, 0x60, 0x60, 0x5b, 0xff, 0x60, 0x60, 0x5a, 0xff, 0x60, 0x60, 0x5a, 0xff,
    0x60, 0x60, 0x5b, 0xff, 0x60, 0x60, 0x5a, 0xff, 0x5e, 0x62, 0x58, 0xff, 0x5c, 0x64, 0x55, 0xff,
    0x52, 0x5b, 0x47, 0xff, 0x56, 0x63, 0x48, 0xff, 0x5d, 0x6d, 0x4a, 0xff, 0x4b, 0x6b, 0x36, 0xff,
    0x43, 0x7f, 0x2c, 0xff, 0x54, 0x9f, 0x38, 0xff, 0x6a, 0xbc, 0x4a, 0xff, 0x7d, 0xd6, 0x56, 0xff,
    0x81, 0xe4, 0x54, 0xff, 0x80, 0xea, 0x4c, 0xff, 0x7f, 0xf0, 0x48, 0xff, 0x78, 0xf3, 0x3d, 0xff,
    0x72, 0xf5, 0x35, 0xff, 0x6f, 0xf6, 0x30, 0xff, 0x6b, 0xf5, 0x2f, 0xff, 0x6b, 0xf5, 0x2f, 0xff,
    0x70, 0xf5, 0x2e, 0xff, 0x73, 0xf5, 0x30, 0xff, 0x73, 0xf3, 0x33, 0xff, 0x77, 0xef, 0x3a, 0xfa,
    0x98, 0xff, 0x5c, 0xc3, 0xa1, 0xfe, 0x6b, 0x6e, 0xb8, 0xff, 0x87, 0x16, 0x98, 0xe1, 0x73, 0x00,
    0xa0, 0xd9, 0x90, 0x02, 0xb7, 0xea, 0xab, 0x02, 0x91, 0xc6, 0x75, 0x00, 0xa0, 0xcc, 0x7e, 0x00,
    0xb4, 0xcf, 0x9f, 0x00, 0xb8, 0xc7, 0xae, 0x00, 0xba, 0xc3, 0xb6, 0x00, 0xb9, 0xbf, 0xb9, 0x00,
    0xb5, 0xbf, 0xb7, 0x00, 0xb4, 0xbe, 0xb6, 0x00, 0x00, 0x00, 0x00, 0x00, 0x00, 0x00, 0x00, 0x00,
    0x00, 0x00, 0x00, 0x00, 0x00, 0x00, 0x00, 0x00, 0x00, 0x00, 0x00, 0x00, 0x00, 0x00, 0x00, 0x00,
    0x00, 0x00, 0x00, 0x00, 0x00, 0x00, 0x00, 0x00, 0x00, 0x00, 0x00, 0x00, 0x00, 0x00, 0x00, 0x00,
    0x00, 0x00, 0x00, 0x00, 0x00, 0x00, 0x00, 0x00, 0x00, 0x00, 0x00, 0x00, 0x00, 0x00, 0x00, 0x00,
    0x00, 0x00, 0x00, 0x00, 0x00, 0x00, 0x00, 0x00, 0x52, 0x51, 0x52, 0x00, 0x52, 0x51, 0x52, 0x00,
    0x52, 0x51, 0x52, 0x00, 0x52, 0x51, 0x52, 0x00, 0x02, 0x00, 0x00, 0x01, 0x82, 0x80, 0x80, 0x02,
    0x56, 0x53, 0x54, 0x00, 0x75, 0x73, 0x73, 0xa7, 0x80, 0x7d, 0x7e, 0xff, 0x80, 0x7d, 0x7e, 0xfb,
    0x80, 0x7d, 0x7e, 0xff, 0x7f, 0x7c, 0x7d, 0xff, 0x7f, 0x7b, 0x7b, 0xff, 0x7e, 0x79, 0x7a, 0xff,
    0x7d, 0x78, 0x79, 0xff, 0x7d, 0x78, 0x79, 0xff, 0x7c, 0x77, 0x78, 0xff, 0x7c, 0x77, 0x78, 0xff,
    0x7b, 0x76, 0x77, 0xff, 0x7a, 0x75, 0x76, 0xff, 0x78, 0x74, 0x74, 0xff, 0x77, 0x72, 0x73, 0xff,
    0x75, 0x74, 0x72, 0xff, 0x75, 0x74, 0x72, 0xff, 0x71, 0x6f, 0x6d, 0xff, 0x71, 0x6f, 0x6d, 0xff,
    0x71, 0x6f, 0x6d, 0xff, 0x71, 0x6f, 0x6d, 0xff, 0x71, 0x6f, 0x6d, 0xff, 0x6d, 0x6c, 0x6a, 0xff,
    0x6a, 0x67, 0x68, 0xff, 0x67, 0x65, 0x65, 0xff, 0x66, 0x63, 0x66, 0xff, 0x66, 0x63, 0x66, 0xff,
    0x66, 0x64, 0x64, 0xff, 0x66, 0x64, 0x64, 0xff, 0x60, 0x5f, 0x5d, 0xff, 0x60, 0x60, 0x5a, 0xff,
    0x60, 0x61, 0x58, 0xff, 0x60, 0x61, 0x58, 0xff, 0x60, 0x60, 0x5a, 0xff, 0x5e, 0x62, 0x58, 0xff,
    0x5e, 0x62, 0x56, 0xff, 0x5c, 0x65, 0x52, 0xff, 0x5d, 0x6f, 0x4e, 0xff, 0x55, 0x6d, 0x40, 0xff,
    0x4b, 0x6a, 0x2f, 0xff, 0x5b, 0x8c, 0x39, 0xff, 0x7d, 0xc8, 0x55, 0xff, 0x84, 0xe0, 0x56, 0xff,
    0x8c, 0xef, 0x5d, 0xff, 0x84, 0xf0, 0x52, 0xff, 0x7d, 0xf2, 0x46, 0xff, 0x76, 0xf3, 0x3d, 0xff,
    0x6f, 0xf4, 0x33, 0xfe, 0x6b, 0xf5, 0x2f, 0xfd, 0x67, 0xf6, 0x2e, 0xfe, 0x66, 0xf6, 0x2b, 0xfe,
    0x64, 0xf6, 0x2b, 0xfe, 0x63, 0xf5, 0x2a, 0xfe, 0x62, 0xf4, 0x28, 0xfd, 0x61, 0xf3, 0x27, 0xfc,
    0x61, 0xf3, 0x27, 0xfb, 0x67, 0xf0, 0x2a, 0xfe, 0x6b, 0xe8, 0x2d, 0xff, 0x79, 0xe9, 0x3a, 0xff,
    0x96, 0xff, 0x5c, 0xdd, 0xa6, 0xff, 0x78, 0x6d, 0xc1, 0xff, 0xa7, 0x07, 0x8d, 0xce, 0x72, 0x00,
    0xbb, 0xfd, 0x90, 0x04, 0x90, 0xc9, 0x63, 0x00, 0xb0, 0xd9, 0x8e, 0x00, 0xb4, 0xd0, 0x9e, 0x00,
    0xb6, 0xc7, 0xaf, 0x00, 0xb7, 0xc1, 0xb6, 0x00, 0xb3, 0xc0, 0xb5, 0x00, 0xb2, 0xbf, 0xb4, 0x00,
    0x00, 0x00, 0x00, 0x00, 0x00, 0x00, 0x00, 0x00, 0x00, 0x00, 0x00, 0x00, 0x00, 0x00, 0x00, 0x00,
    0x00, 0x00, 0x00, 0x00, 0x00, 0x00, 0x00, 0x00, 0x00, 0x00, 0x00, 0x00, 0x00, 0x00, 0x00, 0x00,
    0x00, 0x00, 0x00, 0x00, 0x00, 0x00, 0x00, 0x00, 0x00, 0x00, 0x00, 0x00, 0x00, 0x00, 0x00, 0x00,
    0x00, 0x00, 0x00, 0x00, 0x00, 0x00, 0x00, 0x00, 0x00, 0x00, 0x00, 0x00, 0x00, 0x00, 0x00, 0x00,
    0x52, 0x51, 0x52, 0x00, 0x52, 0x51, 0x52, 0x00, 0x52, 0x51, 0x52, 0x00, 0x52, 0x51, 0x52, 0x00,
    0x03, 0x01, 0x01, 0x01, 0x82, 0x80, 0x80, 0x02, 0x56, 0x53, 0x54, 0x00, 0x75, 0x73, 0x73, 0xa7,
    0x80, 0x7d, 0x7e, 0xff, 0x80, 0x7d, 0x7e, 0xfb, 0x80, 0x7d, 0x7f, 0xff, 0x7f, 0x7b, 0x7e, 0xff,
    0x7f, 0x7b, 0x7b, 0xff, 0x7e, 0x79, 0x7a, 0xff, 0x7d, 0x78, 0x79, 0xff, 0x7d, 0x78, 0x79, 0xff,
    0x7c, 0x77, 0x78, 0xff, 0x7c, 0x77, 0x78, 0xff, 0x7b, 0x76, 0x77, 0xff, 0x7a, 0x75, 0x76, 0xff,
    0x78, 0x74, 0x74, 0xff, 0x77, 0x72, 0x73, 0xff, 0x75, 0x74, 0x72, 0xff, 0x75, 0x74, 0x72, 0xff,
    0x71, 0x6f, 0x6d, 0xff, 0x71, 0x6f, 0x6d, 0xff, 0x6f, 0x70, 0x6b, 0xff, 0x6f, 0x70, 0x6b, 0xff,
    0x6f, 0x70, 0x6b, 0xff, 0x6b, 0x6c, 0x6a, 0xff, 0x68, 0x68, 0x66, 0xff, 0x65, 0x65, 0x65, 0xff,
    0x66, 0x63, 0x66, 0xff, 0x66, 0x63, 0x66, 0xff, 0x66, 0x64, 0x64, 0xff, 0x66, 0x64, 0x64, 0xff,
    0x5e, 0x5f, 0x5d, 0xff, 0x5e, 0x61, 0x5a, 0xff, 0x5e, 0x62, 0x58, 0xff, 0x5e, 0x62, 0x56, 0xff,
    0x5e, 0x62, 0x58, 0xff, 0x5e, 0x62, 0x56, 0xff, 0x5a, 0x65, 0x53, 0xff, 0x58, 0x69, 0x4b, 0xff,
    0x51, 0x6c, 0x3c, 0xff, 0x48, 0x70, 0x29, 0xff, 0x7c, 0xad, 0x51, 0xff, 0xa1, 0xe4, 0x6e, 0xff,
    0x9b, 0xf5, 0x62, 0xff, 0x8e, 0xf7, 0x54, 0xff, 0x85, 0xf2, 0x4a, 0xff, 0x7b, 0xef, 0x41, 0xff,
    0x75, 0xef, 0x3a, 0xff, 0x70, 0xf1, 0x35, 0xff, 0x6a, 0xf2, 0x31, 0xff, 0x68, 0xf3, 0x30, 0xff,
    0x66, 0xf4, 0x2e, 0xff, 0x64, 0xf5, 0x2e, 0xff, 0x64, 0xf6, 0x2c, 0xff, 0x63, 0xf4, 0x2b, 0xff,
    0x62, 0xf3, 0x2a, 0xff, 0x61, 0xf2, 0x29, 0xff, 0x63, 0xf2, 0x29, 0xff, 0x67, 0xf0, 0x2a, 0xfe,
    0x66, 0xe6, 0x27, 0xfb, 0x66, 0xe0, 0x28, 0xfb, 0x7f, 0xee, 0x41, 0xfe, 0x89, 0xee, 0x50, 0xff,
    0xa1, 0xfb, 0x6f, 0xbd, 0xba, 0xff, 0x8b, 0x2a, 0x91, 0xda, 0x61, 0x00, 0xa1, 0xe2, 0x71, 0x03,
    0xaa, 0xe4, 0x7b, 0x00, 0xae, 0xdb, 0x8b, 0x00, 0xae, 0xcc, 0xa7, 0x00, 0xaf, 0xc3, 0xb5, 0x00,
    0xb3, 0xc1, 0xb3, 0x00, 0xb4, 0xc0, 0xb2, 0x00, 0x00, 0x00, 0x00, 0x00, 0x00, 0x00, 0x00, 0x00,
    0x00, 0x00, 0x00, 0x00, 0x00, 0x00, 0x00, 0x00, 0x00, 0x00, 0x00, 0x00, 0x00, 0x00, 0x00, 0x00,
    0x00, 0x00, 0x00, 0x00, 0x00, 0x00, 0x00, 0x00, 0x00, 0x00, 0x00, 0x00, 0x00, 0x00, 0x00, 0x00,
    0x00, 0x00, 0x00, 0x00, 0x00, 0x00, 0x00, 0x00, 0x00, 0x00, 0x00, 0x00, 0x00, 0x00, 0x00, 0x00,
    0x00, 0x00, 0x00, 0x00, 0x00, 0x00, 0x00, 0x00, 0x52, 0x51, 0x52, 0x00, 0x52, 0x51, 0x52, 0x00,
    0x52, 0x51, 0x52, 0x00, 0x52, 0x51, 0x52, 0x00, 0x03, 0x01, 0x01, 0x01, 0x82, 0x80, 0x80, 0x02,
    0x56, 0x53, 0x54, 0x00, 0x75, 0x73, 0x73, 0xa7, 0x80, 0x7d, 0x7e, 0xff, 0x80, 0x7d, 0x7e, 0xfb,
    0x80, 0x7d, 0x7f, 0xff, 0x7f, 0x7b, 0x7e, 0xff, 0x7f, 0x7b, 0x7b, 0xff, 0x7d, 0x78, 0x79, 0xff,
    0x7c, 0x77, 0x78, 0xff, 0x7c, 0x77, 0x78, 0xff, 0x7c, 0x77, 0x78, 0xff, 0x7c, 0x77, 0x78, 0xff,
    0x7b, 0x76, 0x77, 0xff, 0x7a, 0x75, 0x76, 0xff, 0x78, 0x74, 0x74, 0xff, 0x77, 0x72, 0x73, 0xff,
    0x75, 0x74, 0x72, 0xff, 0x75, 0x74, 0x72, 0xff, 0x71, 0x6f, 0x6d, 0xff, 0x71, 0x6f, 0x6d, 0xff,
    0x6f, 0x70, 0x6b, 0xff, 0x6f, 0x70, 0x6b, 0xff, 0x6f, 0x70, 0x6b, 0xff, 0x6b, 0x6d, 0x68, 0xff,
    0x68, 0x68, 0x66, 0xff, 0x65, 0x65, 0x65, 0xff, 0x66, 0x63, 0x66, 0xff, 0x66, 0x63, 0x66, 0xff,
    0x66, 0x64, 0x64, 0xff, 0x66, 0x64, 0x64, 0xff, 0x5e, 0x5f, 0x5d, 0xff, 0x5d, 0x60, 0x58, 0xff,
    0x5d, 0x60, 0x57, 0xff, 0x5d, 0x61, 0x55, 0xff, 0x5e, 0x63, 0x55, 0xff, 0x5c, 0x65, 0x52, 0xff,
    0x58, 0x69, 0x4b, 0xff, 0x52, 0x6f, 0x42, 0xff, 0x4c, 0x76, 0x2f, 0xff, 0x87, 0xc1, 0x5f, 0xff,
    0xa8, 0xf0, 0x73, 0xff, 0xa2, 0xf9, 0x64, 0xff, 0x7e, 0xe8, 0x3e, 0xff, 0x78, 0xed, 0x36, 0xff,
    0x76, 0xed, 0x36, 0xff, 0x72, 0xef, 0x34, 0xff, 0x70, 0xf1, 0x35, 0xff, 0x6c, 0xf1, 0x33, 0xff,
    0x67, 0xf0, 0x32, 0xff, 0x65, 0xf2, 0x30, 0xff, 0x63, 0xf2, 0x30, 0xff, 0x63, 0xf2, 0x30, 0xff,
    0x63, 0xf3, 0x2e, 0xff, 0x63, 0xf3, 0x2e, 0xff, 0x62, 0xf2, 0x2d, 0xff, 0x61, 0xf0, 0x2c, 0xff,
    0x63, 0xf0, 0x2c, 0xff, 0x67, 0xef, 0x2c, 0xff, 0x6d, 0xf3, 0x32, 0xff, 0x66, 0xe5, 0x28, 0xff,
    0x73, 0xe9, 0x34, 0xfd, 0x6c, 0xdc, 0x2d, 0xfb, 0x80, 0xea, 0x3d, 0xff, 0x9d, 0xfd, 0x61, 0xe6,
    0xab, 0xff, 0x78, 0x4a, 0x8f, 0xd8, 0x5d, 0x00, 0xa6, 0xea, 0x70, 0x04, 0xa6, 0xe4, 0x7c, 0x00,
    0xa2, 0xd5, 0x96, 0x00, 0xa8, 0xcb, 0xa8, 0x00, 0xb1, 0xc4, 0xaf, 0x00, 0xb7, 0xc0, 0xb3, 0x00,
    0x00, 0x00, 0x00, 0x00, 0x00, 0x00, 0x00, 0x00, 0x00, 0x00, 0x00, 0x00, 0x00, 0x00, 0x00, 0x00,
    0x00, 0x00, 0x00, 0x00, 0x00, 0x00, 0x00, 0x00, 0x00, 0x00, 0x00, 0x00, 0x00, 0x00, 0x00, 0x00,
    0x00, 0x00, 0x00, 0x00, 0x00, 0x00, 0x00, 0x00, 0x00, 0x00, 0x00, 0x00, 0x00, 0x00, 0x00, 0x00,
    0x00, 0x00, 0x00, 0x00, 0x00, 0x00, 0x00, 0x00, 0x00, 0x00, 0x00, 0x00, 0x00, 0x00, 0x00, 0x00,
    0x52, 0x51, 0x52, 0x00, 0x52, 0x51, 0x52, 0x00, 0x52, 0x51, 0x52, 0x00, 0x52, 0x51, 0x52, 0x00,
    0x05, 0x05, 0x05, 0x01, 0x57, 0x57, 0x57, 0x03, 0x4f, 0x4f, 0x4f, 0x00, 0x71, 0x71, 0x71, 0xa7,
    0x77, 0x77, 0x77, 0xff, 0x77, 0x77, 0x77, 0xfb, 0x77, 0x76, 0x78, 0xff, 0x79, 0x76, 0x78, 0xff,
    0x79, 0x76, 0x77, 0xff, 0x7a, 0x78, 0x78, 0xff, 0x7a, 0x78, 0x78, 0xff, 0x7a, 0x78, 0x78, 0xff,
    0x75, 0x70, 0x71, 0xff, 0x75, 0x70, 0x71, 0xff, 0x75, 0x70, 0x71, 0xff, 0x74, 0x6f, 0x70, 0xff,
    0x73, 0x6e, 0x6f, 0xff, 0x71, 0x6d, 0x6d, 0xff, 0x6f, 0x6e, 0x6c, 0xff, 0x6f, 0x6e, 0x6c, 0xff,
    0x6b, 0x69, 0x67, 0xff, 0x6b, 0x69, 0x67, 0xff, 0x69, 0x6a, 0x66, 0xff, 0x69, 0x6a, 0x66, 0xff,
    0x69, 0x6a, 0x66, 0xff, 0x65, 0x67, 0x62, 0xff, 0x62, 0x63, 0x60, 0xff, 0x5f, 0x5f, 0x5f, 0xff,
    0x60, 0x5d, 0x60, 0xff, 0x60, 0x5d, 0x60, 0xff, 0x60, 0x5d, 0x60, 0xff, 0x5f, 0x5d, 0x5d, 0xff,
    0x5d, 0x5e, 0x5c, 0xff, 0x5d, 0x60, 0x58, 0xff, 0x5b, 0x61, 0x57, 0xff, 0x5b, 0x62, 0x54, 0xff,
    0x54, 0x5e, 0x48, 0xff, 0x5f, 0x71, 0x51, 0xff, 0x4b, 0x66, 0x37, 0xff, 0x55, 0x7f, 0x39, 0xff,
    0x93, 0xd0, 0x6b, 0xff, 0xb4, 0xff, 0x81, 0xff, 0x9a, 0xf6, 0x5a, 0xff, 0x87, 0xf0, 0x42, 0xff,
    0x7f, 0xf3, 0x37, 0xff, 0x78, 0xf4, 0x33, 0xff, 0x74, 0xf2, 0x31, 0xff, 0x6d, 0xf0, 0x30, 0xff,
    0x6a, 0xee, 0x30, 0xff, 0x66, 0xef, 0x30, 0xff, 0x62, 0xed, 0x2e, 0xff, 0x60, 0xee, 0x2e, 0xff,
    0x60, 0xee, 0x2e, 0xff, 0x5e, 0xee, 0x2e, 0xff, 0x60, 0xee, 0x2e, 0xff, 0x60, 0xee, 0x2e, 0xff,
    0x60, 0xee, 0x2e, 0xff, 0x5e, 0xed, 0x2d, 0xff, 0x60, 0xec, 0x2d, 0xff, 0x61, 0xeb, 0x2c, 0xff,
    0x63, 0xeb, 0x2a, 0xff, 0x66, 0xe9, 0x29, 0xff, 0x6a, 0xe7, 0x2c, 0xff, 0x6d, 0xe5, 0x2b, 0xff,
    0x5c, 0xd1, 0x11, 0xfb, 0x75, 0xe1, 0x2e, 0xff, 0x99, 0xf6, 0x61, 0xf6, 0xa7, 0xfa, 0x76, 0x54,
    0xa9, 0xf6, 0x77, 0x00, 0x9c, 0xe6, 0x71, 0x04, 0x99, 0xe5, 0x7e, 0x00, 0xa7, 0xe1, 0x94, 0x00,
    0xb1, 0xc9, 0xa5, 0x00, 0xb9, 0xc1, 0xb2, 0x00, 0x00, 0x00, 0x00, 0x00, 0x00, 0x00, 0x00, 0x00,
    0x00, 0x00, 0x00, 0x00, 0x00, 0x00, 0x00, 0x00, 0x00, 0x00, 0x00, 0x00, 0x00, 0x00, 0x00, 0x00,
    0x00, 0x00, 0x00, 0x00, 0x00, 0x00, 0x00, 0x00, 0x00, 0x00, 0x00, 0x00, 0x00, 0x00, 0x00, 0x00,
    0x00, 0x00, 0x00, 0x00, 0x00, 0x00, 0x00, 0x00, 0x00, 0x00, 0x00, 0x00, 0x00, 0x00, 0x00, 0x00,
    0x00, 0x00, 0x00, 0x00, 0x00, 0x00, 0x00, 0x00, 0x52, 0x51, 0x52, 0x00, 0x52, 0x51, 0x52, 0x00,
    0x52, 0x51, 0x52, 0x00, 0x52, 0x51, 0x52, 0x00, 0x54, 0x54, 0x54, 0x00, 0x55, 0x55, 0x55, 0x03,
    0x49, 0x49, 0x49, 0x00, 0x71, 0x71, 0x71, 0xa3, 0x77, 0x77, 0x77, 0xff, 0x77, 0x77, 0x77, 0xfa,
    0x76, 0x75, 0x77, 0xff, 0x77, 0x76, 0x78, 0xff, 0x79, 0x76, 0x77, 0xff, 0x78, 0x75, 0x76, 0xff,
    0x78, 0x75, 0x76, 0xff, 0x75, 0x73, 0x73, 0xff, 0x77, 0x72, 0x73, 0xff, 0x76, 0x71, 0x72, 0xff,
    0x76, 0x71, 0x72, 0xff, 0x74, 0x6f, 0x70, 0xff, 0x73, 0x6e, 0x6f, 0xff, 0x71, 0x6d, 0x6d, 0xff,
    0x6f, 0x6e, 0x6c, 0xff, 0x6f, 0x6e, 0x6c, 0xff, 0x6b, 0x69, 0x67, 0xff, 0x6b, 0x69, 0x67, 0xff,
    0x69, 0x6a, 0x66, 0xff, 0x69, 0x6a, 0x66, 0xff, 0x69, 0x6a, 0x66, 0xff, 0x64, 0x66, 0x61, 0xff,
    0x62, 0x63, 0x60, 0xff, 0x5f, 0x5f, 0x5f, 0xff, 0x60, 0x5d, 0x60, 0xff, 0x60, 0x5d, 0x60, 0xff,
    0x60, 0x5d, 0x60, 0xff, 0x5f, 0x5d, 0x5d, 0xff, 0x5c, 0x5d, 0x5a, 0xff, 0x5b, 0x5d, 0x56, 0xff,
    0x59, 0x5e, 0x54, 0xff, 0x59, 0x61, 0x50, 0xff, 0x5b, 0x6a, 0x4c, 0xff, 0x53, 0x6b, 0x3e, 0xff,
    0x4d, 0x74, 0x2e, 0xff, 0x91, 0xcc, 0x69, 0xff, 0xb3, 0xff, 0x80, 0xff, 0x8e, 0xeb, 0x51, 0xff,
    0x7b, 0xe6, 0x36, 0xff, 0x7b, 0xf1, 0x35, 0xff, 0x76, 0xf1, 0x32, 0xff, 0x71, 0xef, 0x30, 0xff,
    0x6b, 0xee, 0x2e, 0xff, 0x66, 0xec, 0x2b, 0xff, 0x60, 0xe9, 0x2b, 0xff, 0x5e, 0xea, 0x2b, 0xff,
    0x5b, 0xe9, 0x29, 0xff, 0x5b, 0xe8, 0x2b, 0xff, 0x59, 0xe9, 0x2b, 0xff, 0x59, 0xe9, 0x2b, 0xff,
    0x5b, 0xe8, 0x2b, 0xff, 0x5b, 0xe7, 0x2d, 0xff, 0x5b, 0xe7, 0x2d, 0xff, 0x5b, 0xe7, 0x2d, 0xff,
    0x5c, 0xe6, 0x2b, 0xff, 0x5c, 0xe7, 0x2a, 0xff, 0x5d, 0xe6, 0x27, 0xff, 0x5f, 0xe5, 0x27, 0xff,
    0x62, 0xe3, 0x28, 0xff, 0x66, 0xe3, 0x26, 0xff, 0x66, 0xe2, 0x1c, 0xff, 0x6b, 0xdf, 0x24, 0xfc,
    0x78, 0xe0, 0x40, 0xfd, 0x8e, 0xec, 0x5d, 0xf2, 0xa6, 0xfa, 0x74, 0x45, 0x98, 0xed, 0x6b, 0x00,
    0x9a, 0xf6, 0x79, 0x02, 0x9d, 0xe6, 0x86, 0x00, 0xa1, 0xbd, 0x8d, 0x00, 0xbd, 0xc2, 0xad, 0x00,
    0x00, 0x00, 0x00, 0x00, 0x00, 0x00, 0x00, 0x00, 0x00, 0x00, 0x00, 0x00, 0x00, 0x00, 0x00, 0x00,
    0x00, 0x00, 0x00, 0x00, 0x00, 0x00, 0x00, 0x00, 0x00, 0x00, 0x00, 0x00, 0x00, 0x00, 0x00, 0x00,
    0x00, 0x00, 0x00, 0x00, 0x00, 0x00, 0x00, 0x00, 0x00, 0x00, 0x00, 0x00, 0x00, 0x00, 0x00, 0x00,
    0x00, 0x00, 0x00, 0x00, 0x00, 0x00, 0x00, 0x00, 0x00, 0x00, 0x00, 0x00, 0x00, 0x00, 0x00, 0x00,
    0x52, 0x51, 0x52, 0x00, 0x52, 0x51, 0x52, 0x00, 0x52, 0x51, 0x52, 0x00, 0x52, 0x51, 0x52, 0x00,
    0x56, 0x56, 0x56, 0x00, 0x40, 0x40, 0x40, 0x04, 0x50, 0x50, 0x50, 0x00, 0x6a, 0x6a, 0x6a, 0x9a,
    0x77, 0x77, 0x77, 0xff, 0x77, 0x77, 0x77, 0xf9, 0x76, 0x75, 0x77, 0xff, 0x77, 0x76, 0x78, 0xff,
    0x79, 0x76, 0x77, 0xff, 0x78, 0x75, 0x76, 0xff, 0x78, 0x75, 0x76, 0xff, 0x75, 0x73, 0x73, 0xff,
    0x77, 0x72, 0x73, 0xff, 0x76, 0x71, 0x72, 0xff, 0x76, 0x71, 0x72, 0xff, 0x74, 0x6f, 0x70, 0xff,
    0x73, 0x6e, 0x6f, 0xff, 0x71, 0x6d, 0x6d, 0xff, 0x6f, 0x6e, 0x6c, 0xff, 0x6f, 0x6e, 0x6c, 0xff,
    0x6b, 0x69, 0x67, 0xff, 0x6b, 0x69, 0x67, 0xff, 0x69, 0x6a, 0x66, 0xff, 0x69, 0x6a, 0x66, 0xff,
    0x69, 0x6a, 0x66, 0xff, 0x64, 0x66, 0x61, 0xff, 0x61, 0x61, 0x5f, 0xff, 0x5f, 0x5f, 0x5f, 0xff,
    0x60, 0x5d, 0x60, 0xff, 0x5f, 0x5c, 0x5f, 0xff, 0x5f, 0x5d, 0x5d, 0xff, 0x5e, 0x5c, 0x5a, 0xff,
    0x5c, 0x5e, 0x59, 0xff, 0x59, 0x5e, 0x56, 0xff, 0x59, 0x5e, 0x54, 0xff, 0x57, 0x62, 0x4e, 0xff,
    0x53, 0x63, 0x41, 0xff, 0x50, 0x6f, 0x33, 0xff, 0x7e, 0xaf, 0x53, 0xff, 0xb2, 0xfa, 0x7c, 0xff,
    0x9a, 0xf6, 0x5a, 0xff, 0x7c, 0xe8, 0x37, 0xff, 0x7b, 0xf3, 0x39, 0xff, 0x72, 0xf0, 0x33, 0xff,
    0x6d, 0xeb, 0x32, 0xff, 0x69, 0xe8, 0x32, 0xff, 0x65, 0xe5, 0x2e, 0xff, 0x60, 0xe5, 0x2b, 0xff,
    0x5b, 0xe5, 0x29, 0xff, 0x57, 0xe6, 0x26, 0xff, 0x56, 0xe4, 0x25, 0xff, 0x54, 0xe5, 0x25, 0xff,
    0x54, 0xe4, 0x26, 0xff, 0x54, 0xe4, 0x26, 0xff, 0x56, 0xe3, 0x28, 0xff, 0x56, 0xe2, 0x2a, 0xff,
    0x56, 0xe2, 0x2a, 0xff, 0x56, 0xe2, 0x2a, 0xff, 0x55, 0xe1, 0x28, 0xff, 0x57, 0xe1, 0x27, 0xff,
    0x57, 0xe2, 0x25, 0xff, 0x59, 0xe2, 0x25, 0xff, 0x5c, 0xdf, 0x26, 0xff, 0x62, 0xe0, 0x28, 0xff,
    0x68, 0xe2, 0x28, 0xff, 0x67, 0xdd, 0x28, 0xff, 0x65, 0xd3, 0x2d, 0xfc, 0x70, 0xd6, 0x3b, 0xff,
    0x96, 0xf4, 0x5e, 0xde, 0xa2, 0xfe, 0x74, 0x22, 0x8a, 0xed, 0x72, 0x00, 0x9f, 0xec, 0x8e, 0x02,
    0xb4, 0xd1, 0x9c, 0x00, 0xc3, 0xca, 0xa9, 0x00, 0x00, 0x00, 0x00, 0x00, 0x00, 0x00, 0x00, 0x00,
    0x00, 0x00, 0x00, 0x00, 0x00, 0x00, 0x00, 0x00, 0x00, 0x00, 0x00, 0x00, 0x00, 0x00, 0x00, 0x00,
    0x00, 0x00, 0x00, 0x00, 0x00, 0x00, 0x00, 0x00, 0x00, 0x00, 0x00, 0x00, 0x00, 0x00, 0x00, 0x00,
    0x00, 0x00, 0x00, 0x00, 0x00, 0x00, 0x00, 0x00, 0x00, 0x00, 0x00, 0x00, 0x00, 0x00, 0x00, 0x00,
    0x00, 0x00, 0x00, 0x00, 0x00, 0x00, 0x00, 0x00, 0x52, 0x51, 0x52, 0x00, 0x52, 0x51, 0x52, 0x00,
    0x52, 0x51, 0x52, 0x00, 0x52, 0x51, 0x52, 0x00, 0x50, 0x50, 0x50, 0x00, 0x3d, 0x3d, 0x3d, 0x05,
    0x50, 0x50, 0x50, 0x00, 0x70, 0x70, 0x70, 0x8a, 0x77, 0x76, 0x78, 0xff, 0x76, 0x74, 0x79, 0xfa,
    0x74, 0x73, 0x78, 0xff, 0x77, 0x75, 0x7a, 0xff, 0x79, 0x76, 0x78, 0xff, 0x78, 0x75, 0x76, 0xff,
    0x78, 0x75, 0x76, 0xff, 0x74, 0x72, 0x72, 0xff, 0x77, 0x72, 0x73, 0xff, 0x76, 0x71, 0x72, 0xff,
    0x76, 0x71, 0x72, 0xff, 0x74, 0x6f, 0x70, 0xff, 0x73, 0x6e, 0x6f, 0xff, 0x71, 0x6d, 0x6d, 0xff,
    0x6f, 0x6e, 0x6c, 0xff, 0x6f, 0x6e, 0x6c, 0xff, 0x6b, 0x69, 0x67, 0xff, 0x6b, 0x69, 0x67, 0xff,
    0x69, 0x6a, 0x66, 0xff, 0x69, 0x6a, 0x66, 0xff, 0x69, 0x6a, 0x66, 0xff, 0x63, 0x65, 0x60, 0xff,
    0x61, 0x61, 0x5f, 0xff, 0x61, 0x5f, 0x5f, 0xff, 0x60, 0x5c, 0x62, 0xff, 0x5f, 0x5c, 0x5f, 0xff,
    0x5f, 0x5e, 0x5c, 0xff, 0x5c, 0x5e, 0x59, 0xff, 0x59, 0x5d, 0x58, 0xff, 0x58, 0x5c, 0x55, 0xff,
    0x56, 0x5f, 0x50, 0xff, 0x52, 0x65, 0x47, 0xff, 0x41, 0x64, 0x2c, 0xff, 0x5f, 0x92, 0x3f, 0xff,
    0xad, 0xf2, 0x7e, 0xff, 0x9d, 0xf5, 0x62, 0xff, 0x85, 0xf0, 0x42, 0xff, 0x7a, 0xf0, 0x32, 0xff,
    0x71, 0xf0, 0x2e, 0xff, 0x69, 0xea, 0x2a, 0xff, 0x64, 0xe4, 0x2b, 0xff, 0x65, 0xe4, 0x30, 0xff,
    0x62, 0xe4, 0x2d, 0xff, 0x5d, 0xe3, 0x29, 0xff, 0x58, 0xe3, 0x26, 0xff, 0x54, 0xe2, 0x22, 0xff,
    0x53, 0xe2, 0x20, 0xff, 0x53, 0xe1, 0x21, 0xff, 0x53, 0xe0, 0x23, 0xff, 0x53, 0xdf, 0x24, 0xff,
    0x53, 0xde, 0x26, 0xff, 0x53, 0xde, 0x26, 0xff, 0x53, 0xde, 0x28, 0xff, 0x53, 0xde, 0x28, 0xff,
    0x53, 0xde, 0x28, 0xff, 0x53, 0xde, 0x28, 0xff, 0x50, 0xdb, 0x25, 0xff, 0x57, 0xdd, 0x28, 0xff,
    0x5a, 0xdb, 0x26, 0xff, 0x5d, 0xd9, 0x25, 0xff, 0x5d, 0xd8, 0x23, 0xff, 0x61, 0xd7, 0x27, 0xff,
    0x61, 0xd3, 0x2f, 0xff, 0x66, 0xd1, 0x35, 0xfa, 0x7d, 0xe1, 0x46, 0xff, 0x85, 0xe7, 0x53, 0xab,
    0x91, 0xf6, 0x74, 0x00, 0x2e, 0x7f, 0x15, 0x02, 0xdc, 0xff, 0xb9, 0x01, 0xc6, 0xde, 0x9f, 0x00,
    0x00, 0x00, 0x00, 0x00, 0x00, 0x00, 0x00, 0x00, 0x00, 0x00, 0x00, 0x00, 0x00, 0x00, 0x00, 0x00,
    0x00, 0x00, 0x00, 0x00, 0x00, 0x00, 0x00, 0x00, 0x00, 0x00, 0x00, 0x00, 0x00, 0x00, 0x00, 0x00,
    0x00, 0x00, 0x00, 0x00, 0x00, 0x00, 0x00, 0x00, 0x00, 0x00, 0x00, 0x00, 0x00, 0x00, 0x00, 0x00,
    0x00, 0x00, 0x00, 0x00, 0x00, 0x00, 0x00, 0x00, 0x00, 0x00, 0x00, 0x00, 0x00, 0x00, 0x00, 0x00,
    0x4f, 0x52, 0x52, 0x00, 0x4f, 0x52, 0x52, 0x00, 0x4f, 0x52, 0x52, 0x00, 0x4f, 0x52, 0x52, 0x00,
    0x4f, 0x4f, 0x4f, 0x00, 0x65, 0x65, 0x65, 0x05, 0x55, 0x55, 0x55, 0x00, 0x69, 0x68, 0x6a, 0x6d,
    0x6d, 0x6b, 0x72, 0xff, 0x72, 0x6f, 0x79, 0xfb, 0x73, 0x71, 0x78, 0xff, 0x70, 0x6e, 0x73, 0xff,
    0x72, 0x6f, 0x71, 0xff, 0x71, 0x6e, 0x6f, 0xff, 0x71, 0x6e, 0x6f, 0xff, 0x73, 0x71, 0x6f, 0xff,
    0x6b, 0x69, 0x67, 0xff, 0x6b, 0x69, 0x67, 0xff, 0x6b, 0x69, 0x67, 0xff, 0x6a, 0x68, 0x66, 0xff,
    0x68, 0x67, 0x65, 0xff, 0x67, 0x66, 0x64, 0xff, 0x67, 0x66, 0x64, 0xff, 0x67, 0x66, 0x64, 0xff,
    0x63, 0x61, 0x5f, 0xff, 0x63, 0x61, 0x5f, 0xff, 0x63, 0x61, 0x5f, 0xff, 0x63, 0x61, 0x5f, 0xff,
    0x61, 0x60, 0x5e, 0xff, 0x64, 0x62, 0x60, 0xff, 0x63, 0x61, 0x5f, 0xff, 0x62, 0x5e, 0x5e, 0xff,
    0x61, 0x5b, 0x60, 0xff, 0x5f, 0x5b, 0x60, 0xff, 0x5e, 0x5d, 0x59, 0xff, 0x5b, 0x5e, 0x54, 0xff,
    0x59, 0x5e, 0x56, 0xff, 0x56, 0x5f, 0x52, 0xff, 0x54, 0x61, 0x4a, 0xff, 0x4a, 0x6b, 0x3a, 0xff,
    0x35, 0x73, 0x1b, 0xff, 0x83, 0xd6, 0x5f, 0xff, 0x9c, 0xfc, 0x6d, 0xff, 0x7a, 0xe6, 0x43, 0xff,
    0x72, 0xe9, 0x30, 0xff, 0x6b, 0xeb, 0x27, 0xff, 0x67, 0xea, 0x23, 0xff, 0x60, 0xe6, 0x1e, 0xff,
    0x5e, 0xe1, 0x21, 0xff, 0x5e, 0xe0, 0x22, 0xff, 0x5c, 0xe0, 0x22, 0xff, 0x58, 0xdf, 0x20, 0xff,
    0x54, 0xde, 0x1f, 0xff, 0x51, 0xdd, 0x1e, 0xff, 0x50, 0xdd, 0x1b, 0xff, 0x50, 0xdc, 0x1d, 0xff,
    0x50, 0xdb, 0x1e, 0xff, 0x50, 0xda, 0x20, 0xff, 0x50, 0xd9, 0x21, 0xff, 0x50, 0xd9, 0x23, 0xff,
    0x4e, 0xd8, 0x25, 0xff, 0x4e, 0xd7, 0x26, 0xff, 0x4e, 0xd7, 0x26, 0xff, 0x4c, 0xd4, 0x25, 0xff,
    0x49, 0xd2, 0x23, 0xff, 0x48, 0xce, 0x20, 0xff, 0x55, 0xd1, 0x24, 0xff, 0x5b, 0xd4, 0x23, 0xff,
    0x5e, 0xd7, 0x21, 0xff, 0x5e, 0xd4, 0x26, 0xff, 0x5d, 0xcf, 0x34, 0xff, 0x5f, 0xcd, 0x37, 0xfe,
    0x69, 0xcf, 0x34, 0xfb, 0x82, 0xe3, 0x49, 0xff, 0x94, 0xf3, 0x62, 0x4f, 0x68, 0xbc, 0x36, 0x00,
    0xaa, 0xeb, 0x74, 0x03, 0x76, 0xae, 0x3e, 0x00, 0x00, 0x00, 0x00, 0x00, 0x00, 0x00, 0x00, 0x00,
    0x00, 0x00, 0x00, 0x00, 0x00, 0x00, 0x00, 0x00, 0x00, 0x00, 0x00, 0x00, 0x00, 0x00, 0x00, 0x00,
    0x00, 0x00, 0x00, 0x00, 0x00, 0x00, 0x00, 0x00, 0x00, 0x00, 0x00, 0x00, 0x00, 0x00, 0x00, 0x00,
    0x00, 0x00, 0x00, 0x00, 0x00, 0x00, 0x00, 0x00, 0x00, 0x00, 0x00, 0x00, 0x00, 0x00, 0x00, 0x00,
    0x00, 0x00, 0x00, 0x00, 0x00, 0x00, 0x00, 0x00, 0x4f, 0x52, 0x52, 0x00, 0x4f, 0x52, 0x52, 0x00,
    0x4f, 0x52, 0x52, 0x00, 0x4f, 0x52, 0x52, 0x00, 0x4f, 0x4f, 0x4f, 0x00, 0x76, 0x76, 0x76, 0x04,
    0x4e, 0x4e, 0x4e, 0x00, 0x6f, 0x6d, 0x72, 0x50, 0x6a, 0x66, 0x72, 0xfb, 0x70, 0x6c, 0x78, 0xfd,
    0x72, 0x70, 0x77, 0xfe, 0x71, 0x6f, 0x74, 0xff, 0x71, 0x6d, 0x70, 0xff, 0x71, 0x6d, 0x70, 0xff,
    0x71, 0x6e, 0x6f, 0xff, 0x72, 0x70, 0x6e, 0xff, 0x6b, 0x69, 0x67, 0xff, 0x6b, 0x69, 0x67, 0xff,
    0x6b, 0x69, 0x67, 0xff, 0x6a, 0x68, 0x66, 0xff, 0x68, 0x67, 0x65, 0xff, 0x67, 0x66, 0x64, 0xff,
    0x67, 0x66, 0x64, 0xff, 0x67, 0x66, 0x64, 0xff, 0x63, 0x61, 0x5f, 0xff, 0x63, 0x61, 0x5f, 0xff,
    0x63, 0x61, 0x5f, 0xff, 0x63, 0x61, 0x5f, 0xff, 0x61, 0x60, 0x5e, 0xff, 0x63, 0x61, 0x5f, 0xff,
    0x65, 0x61, 0x5f, 0xff, 0x62, 0x5e, 0x5e, 0xff, 0x61, 0x5a, 0x62, 0xff, 0x61, 0x5b, 0x60, 0xff,
    0x5e, 0x5e, 0x57, 0xff, 0x59, 0x5f, 0x53, 0xff, 0x56, 0x5e, 0x53, 0xff, 0x54, 0x5e, 0x4f, 0xff,
    0x51, 0x62, 0x44, 0xff, 0x47, 0x6e, 0x31, 0xff, 0x60, 0xaf, 0x40, 0xff, 0x90, 0xf7, 0x67, 0xff,
    0x78, 0xe6, 0x47, 0xff, 0x71, 0xe7, 0x39, 0xff, 0x69, 0xe6, 0x29, 0xff, 0x62, 0xe4, 0x20, 0xff,
    0x5d, 0xe1, 0x1c, 0xff, 0x5b, 0xde, 0x1c, 0xff, 0x58, 0xdb, 0x1b, 0xff, 0x58, 0xda, 0x1d, 0xff,
    0x56, 0xdb, 0x1b, 0xff, 0x54, 0xd8, 0x1a, 0xff, 0x51, 0xd8, 0x19, 0xff, 0x50, 0xd6, 0x1a, 0xff,
    0x4d, 0xd7, 0x18, 0xff, 0x4d, 0xd6, 0x1a, 0xff, 0x4d, 0xd6, 0x1a, 0xff, 0x4d, 0xd5, 0x1b, 0xff,
    0x4d, 0xd4, 0x1d, 0xff, 0x4b, 0xd5, 0x1d, 0xff, 0x4b, 0xd4, 0x1e, 0xff, 0x4b, 0xd3, 0x20, 0xff,
    0x4a, 0xd1, 0x20, 0xff, 0x4a, 0xd0, 0x22, 0xff, 0x49, 0xcd, 0x24, 0xff, 0x4f, 0xcb, 0x26, 0xff,
    0x57, 0xc8, 0x29, 0xff, 0x5a, 0xc7, 0x26, 0xff, 0x5c, 0xce, 0x20, 0xff, 0x5d, 0xcf, 0x24, 0xff,
    0x57, 0xcc, 0x2e, 0xff, 0x5a, 0xcb, 0x32, 0xff, 0x60, 0xc9, 0x2b, 0xfc, 0x70, 0xd3, 0x36, 0xff,
    0x89, 0xe6, 0x4c, 0xc2, 0x83, 0xd9, 0x45, 0x07, 0x6b, 0xba, 0x2e, 0x00, 0x66, 0xb2, 0x28, 0x00,
    0x00, 0x00, 0x00, 0x00, 0x00, 0x00, 0x00, 0x00, 0x00, 0x00, 0x00, 0x00, 0x00, 0x00, 0x00, 0x00,
    0x00, 0x00, 0x00, 0x00, 0x00, 0x00, 0x00, 0x00, 0x00, 0x00, 0x00, 0x00, 0x00, 0x00, 0x00, 0x00,
    0x00, 0x00, 0x00, 0x00, 0x00, 0x00, 0x00, 0x00, 0x00, 0x00, 0x00, 0x00, 0x00, 0x00, 0x00, 0x00,
    0x00, 0x00, 0x00, 0x00, 0x00, 0x00, 0x00, 0x00, 0x00, 0x00, 0x00, 0x00, 0x00, 0x00, 0x00, 0x00,
    0x4f, 0x52, 0x52, 0x00, 0x4f, 0x52, 0x52, 0x00, 0x4f, 0x52, 0x52, 0x00, 0x4f, 0x52, 0x52, 0x00,
    0x4d, 0x4d, 0x4d, 0x00, 0x54, 0x54, 0x54, 0x03, 0x52, 0x51, 0x52, 0x00, 0x5d, 0x5c, 0x60, 0x2c,
    0x66, 0x62, 0x6e, 0xe8, 0x6d, 0x69, 0x75, 0xff, 0x72, 0x6f, 0x79, 0xfe, 0x71, 0x6f, 0x74, 0xff,
    0x71, 0x6d, 0x70, 0xff, 0x71, 0x6d, 0x70, 0xff, 0x71, 0x6e, 0x6f, 0xff, 0x72, 0x70, 0x6e, 0xff,
    0x6b, 0x69, 0x67, 0xff, 0x6b, 0x69, 0x67, 0xff, 0x6b, 0x69, 0x67, 0xff, 0x6a, 0x68, 0x66, 0xff,
    0x68, 0x67, 0x65, 0xff, 0x67, 0x66, 0x64, 0xff, 0x67, 0x66, 0x64, 0xff, 0x67, 0x66, 0x64, 0xff,
    0x63, 0x61, 0x5f, 0xff, 0x63, 0x61, 0x5f, 0xff, 0x63, 0x61, 0x5f, 0xff, 0x63, 0x61, 0x5f, 0xff,
    0x61, 0x60, 0x5e, 0xff, 0x63, 0x61, 0x5f, 0xff, 0x62, 0x5e, 0x5d, 0xff, 0x62, 0x5e, 0x5e, 0xff,
    0x61, 0x5a, 0x62, 0xff, 0x61, 0x5b, 0x60, 0xff, 0x5d, 0x5d, 0x56, 0xff, 0x58, 0x5e, 0x52, 0xff,
    0x56, 0x5f, 0x52, 0xff, 0x52, 0x60, 0x4c, 0xff, 0x51, 0x66, 0x3e, 0xff, 0x45, 0x72, 0x29, 0xff,
    0x79, 0xcc, 0x4f, 0xff, 0x82, 0xed, 0x51, 0xff, 0x6a, 0xdb, 0x33, 0xff, 0x6b, 0xe3, 0x30, 0xff,
    0x61, 0xdc, 0x24, 0xff, 0x5d, 0xdb, 0x21, 0xff, 0x57, 0xd7, 0x1f, 0xff, 0x57, 0xd7, 0x20, 0xff,
    0x57, 0xd7, 0x20, 0xff, 0x57, 0xd7, 0x20, 0xff, 0x56, 0xd6, 0x1d, 0xff, 0x54, 0xd4, 0x1b, 0xff,
    0x50, 0xd3, 0x1a, 0xff, 0x4f, 0xd2, 0x19, 0xff, 0x4f, 0xd1, 0x1a, 0xff, 0x4d, 0xd2, 0x1a, 0xff,
    0x4d, 0xd2, 0x1a, 0xff, 0x4d, 0xd2, 0x1a, 0xff, 0x4d, 0xd2, 0x1a, 0xff, 0x4b, 0xd2, 0x1a, 0xff,
    0x4b, 0xd3, 0x19, 0xff, 0x4b, 0xd3, 0x19, 0xff, 0x4b, 0xd3, 0x19, 0xff, 0x4d, 0xd1, 0x1c, 0xff,
    0x50, 0xcc, 0x21, 0xff, 0x55, 0xc5, 0x28, 0xff, 0x5c, 0xbe, 0x30, 0xff, 0x5c, 0xb9, 0x2d, 0xff,
    0x59, 0xbd, 0x22, 0xff, 0x5a, 0xc5, 0x22, 0xff, 0x54, 0xc9, 0x24, 0xff, 0x54, 0xc9, 0x24, 0xff,
    0x5c, 0xc7, 0x26, 0xff, 0x61, 0xc6, 0x29, 0xfd, 0x79, 0xd9, 0x3e, 0xff, 0x7e, 0xd7, 0x43, 0x4a,
    0x70, 0xc1, 0x35, 0x00, 0x6b, 0xb9, 0x2f, 0x03, 0x00, 0x00, 0x00, 0x00, 0x00, 0x00, 0x00, 0x00,
    0x00, 0x00, 0x00, 0x00, 0x00, 0x00, 0x00, 0x00, 0x00, 0x00, 0x00, 0x00, 0x00, 0x00, 0x00, 0x00,
    0x00, 0x00, 0x00, 0x00, 0x00, 0x00, 0x00, 0x00, 0x00, 0x00, 0x00, 0x00, 0x00, 0x00, 0x00, 0x00,
    0x00, 0x00, 0x00, 0x00, 0x00, 0x00, 0x00, 0x00, 0x00, 0x00, 0x00, 0x00, 0x00, 0x00, 0x00, 0x00,
    0x00, 0x00, 0x00, 0x00, 0x00, 0x00, 0x00, 0x00, 0x4f, 0x52, 0x52, 0x00, 0x4f, 0x52, 0x52, 0x00,
    0x4f, 0x52, 0x52, 0x00, 0x4f, 0x52, 0x52, 0x00, 0x50, 0x50, 0x50, 0x00, 0x08, 0x08, 0x08, 0x01,
    0x06, 0x06, 0x06, 0x01, 0xff, 0xff, 0xff, 0x02, 0x63, 0x5f, 0x6b, 0xc8, 0x6a, 0x66, 0x72, 0xff,
    0x70, 0x6d, 0x76, 0xfc, 0x71, 0x6e, 0x76, 0xff, 0x71, 0x6d, 0x72, 0xff, 0x6f, 0x6c, 0x6f, 0xff,
    0x6f, 0x6d, 0x6d, 0xff, 0x6e, 0x6d, 0x6b, 0xff, 0x6d, 0x6c, 0x6a, 0xff, 0x6c, 0x6a, 0x68, 0xff,
    0x6c, 0x6a, 0x68, 0xff, 0x6a, 0x68, 0x66, 0xff, 0x68, 0x67, 0x65, 0xff, 0x67, 0x66, 0x64, 0xff,
    0x67, 0x66, 0x64, 0xff, 0x67, 0x66, 0x64, 0xff, 0x61, 0x60, 0x5e, 0xff, 0x61, 0x60, 0x5e, 0xff,
    0x61, 0x60, 0x5e, 0xff, 0x61, 0x60, 0x5e, 0xff, 0x60, 0x5f, 0x5d, 0xff, 0x61, 0x60, 0x5e, 0xff,
    0x62, 0x5e, 0x5d, 0xff, 0x62, 0x5e, 0x5e, 0xff, 0x5f, 0x58, 0x5e, 0xff, 0x5d, 0x5a, 0x5c, 0xff,
    0x5a, 0x5c, 0x55, 0xff, 0x56, 0x5d, 0x51, 0xff, 0x56, 0x5f, 0x52, 0xff, 0x51, 0x61, 0x47, 0xff,
    0x4e, 0x68, 0x36, 0xff, 0x44, 0x76, 0x1e, 0xff, 0x7a, 0xd1, 0x48, 0xff, 0x6f, 0xde, 0x38, 0xff,
    0x6b, 0xdf, 0x2f, 0xff, 0x62, 0xda, 0x25, 0xff, 0x5c, 0xd7, 0x21, 0xff, 0x5a, 0xd7, 0x21, 0xff,
    0x57, 0xd5, 0x23, 0xff, 0x57, 0xd4, 0x25, 0xff, 0x56, 0xd3, 0x24, 0xff, 0x55, 0xd2, 0x23, 0xff,
    0x54, 0xd2, 0x20, 0xff, 0x51, 0xd0, 0x1c, 0xff, 0x50, 0xcf, 0x1b, 0xff, 0x4f, 0xce, 0x1a, 0xff,
    0x4f, 0xcd, 0x1b, 0xff, 0x4f, 0xcd, 0x1b, 0xff, 0x50, 0xce, 0x1c, 0xff, 0x4e, 0xcf, 0x1b, 0xff,
    0x4e, 0xcf, 0x1b, 0xff, 0x4e, 0xcf, 0x1b, 0xff, 0x4d, 0xcf, 0x18, 0xff, 0x4e, 0xd0, 0x19, 0xff,
    0x4e, 0xd0, 0x19, 0xff, 0x52, 0xcc, 0x20, 0xff, 0x51, 0xbb, 0x23, 0xff, 0x70, 0xc9, 0x49, 0xff,
    0x99, 0xe4, 0x78, 0xff, 0xb2, 0xfb, 0x90, 0xff, 0x6a, 0xbe, 0x3e, 0xff, 0x55, 0xb5, 0x24, 0xff,
    0x4f, 0xc0, 0x21, 0xff, 0x51, 0xc6, 0x21, 0xff, 0x55, 0xc3, 0x21, 0xff, 0x56, 0xbd, 0x1f, 0xfc,
    0x6d, 0xd1, 0x36, 0xff, 0x77, 0xd5, 0x3f, 0xa6, 0x64, 0xba, 0x2d, 0x00, 0x8a, 0xdd, 0x52, 0x02,
    0x00, 0x00, 0x00, 0x00, 0x00, 0x00, 0x00, 0x00, 0x00, 0x00, 0x00, 0x00, 0x00, 0x00, 0x00, 0x00,
    0x00, 0x00, 0x00, 0x00, 0x00, 0x00, 0x00, 0x00, 0x00, 0x00, 0x00, 0x00, 0x00, 0x00, 0x00, 0x00,
    0x00, 0x00, 0x00, 0x00, 0x00, 0x00, 0x00, 0x00, 0x00, 0x00, 0x00, 0x00, 0x00, 0x00, 0x00, 0x00,
    0x00, 0x00, 0x00, 0x00, 0x00, 0x00, 0x00, 0x00, 0x00, 0x00, 0x00, 0x00, 0x00, 0x00, 0x00, 0x00,
    0x4f, 0x52, 0x52, 0x00, 0x4f, 0x52, 0x52, 0x00, 0x4f, 0x52, 0x52, 0x00, 0x4f, 0x52, 0x52, 0x00,
    0x4b, 0x4d, 0x4d, 0x00, 0x4d, 0x50, 0x4f, 0x00, 0x55, 0x58, 0x57, 0x03, 0x4c, 0x4d, 0x51, 0x00,
    0x54, 0x52, 0x5e, 0x84, 0x5d, 0x5c, 0x67, 0xff, 0x68, 0x67, 0x70, 0xfc, 0x6d, 0x6b, 0x72, 0xff,
    0x69, 0x67, 0x6c, 0xff, 0x68, 0x67, 0x69, 0xff, 0x68, 0x68, 0x68, 0xff, 0x66, 0x67, 0x65, 0xff,
    0x67, 0x65, 0x65, 0xff, 0x66, 0x64, 0x64, 0xff, 0x66, 0x64, 0x64, 0xff, 0x64, 0x61, 0x62, 0xff,
    0x63, 0x60, 0x61, 0xff, 0x61, 0x5f, 0x5f, 0xff, 0x61, 0x5f, 0x5f, 0xff, 0x61, 0x5f, 0x5f, 0xff,
    0x61, 0x5f, 0x5f, 0xff, 0x61, 0x5f, 0x5f, 0xff, 0x61, 0x5f, 0x5f, 0xff, 0x60, 0x5e, 0x5e, 0xff,
    0x5f, 0x5d, 0x5d, 0xff, 0x5d, 0x5a, 0x5b, 0xff, 0x5e, 0x59, 0x5a, 0xff, 0x5e, 0x59, 0x5a, 0xff,
    0x5c, 0x58, 0x5b, 0xff, 0x5c, 0x59, 0x5a, 0xff, 0x58, 0x5a, 0x55, 0xff, 0x56, 0x5c, 0x52, 0xff,
    0x57, 0x60, 0x51, 0xff, 0x48, 0x5a, 0x39, 0xff, 0x44, 0x62, 0x24, 0xff, 0x73, 0xa9, 0x45, 0xff,
    0x77, 0xd0, 0x40, 0xff, 0x68, 0xd8, 0x2e, 0xff, 0x61, 0xd7, 0x24, 0xff, 0x5c, 0xd4, 0x1f, 0xff,
    0x5a, 0xd5, 0x1f, 0xff, 0x57, 0xd2, 0x21, 0xff, 0x54, 0xd0, 0x23, 0xff, 0x52, 0xcd, 0x25, 0xff,
    0x52, 0xcd, 0x25, 0xff, 0x51, 0xcd, 0x22, 0xff, 0x50, 0xcc, 0x20, 0xff, 0x4e, 0xca, 0x1d, 0xff,
    0x4f, 0xc9, 0x1c, 0xff, 0x4d, 0xc7, 0x1b, 0xff, 0x4d, 0xc8, 0x19, 0xff, 0x4d, 0xc8, 0x19, 0xff,
    0x4f, 0xc9, 0x1b, 0xff, 0x4d, 0xcb, 0x19, 0xff, 0x4e, 0xcc, 0x1a, 0xff, 0x4d, 0xca, 0x1b, 0xff,
    0x4d, 0xc8, 0x19, 0xff, 0x4d, 0xc7, 0x1b, 0xff, 0x56, 0xcf, 0x23, 0xff, 0x5a, 0xc7, 0x2f, 0xff,
    0x60, 0xb0, 0x3d, 0xff, 0xbb, 0xf5, 0xa0, 0xff, 0xdd, 0xff, 0xcd, 0xff, 0xdc, 0xff, 0xcd, 0xff,
    0xbb, 0xfa, 0x9e, 0xff, 0x6e, 0xbe, 0x4b, 0xff, 0x4d, 0xb3, 0x28, 0xff, 0x48, 0xb8, 0x1d, 0xff,
    0x4f, 0xbd, 0x1e, 0xff, 0x53, 0xbf, 0x21, 0xfd, 0x56, 0xbf, 0x23, 0xff, 0x5e, 0xc0, 0x2a, 0xe0,
    0x50, 0xac, 0x1d, 0x18, 0x66, 0xbe, 0x33, 0x00, 0x00, 0x00, 0x00, 0x00, 0x00, 0x00, 0x00, 0x00,
    0x00, 0x00, 0x00, 0x00, 0x00, 0x00, 0x00, 0x00, 0x00, 0x00, 0x00, 0x00, 0x00, 0x00, 0x00, 0x00,
    0x00, 0x00, 0x00, 0x00, 0x00, 0x00, 0x00, 0x00, 0x00, 0x00, 0x00, 0x00, 0x00, 0x00, 0x00, 0x00,
    0x00, 0x00, 0x00, 0x00, 0x00, 0x00, 0x00, 0x00, 0x00, 0x00, 0x00, 0x00, 0x00, 0x00, 0x00, 0x00,
    0x00, 0x00, 0x00, 0x00, 0x00, 0x00, 0x00, 0x00, 0x4f, 0x52, 0x52, 0x00, 0x4f, 0x52, 0x52, 0x00,
    0x4f, 0x52, 0x52, 0x00, 0x4f, 0x52, 0x52, 0x00, 0x4f, 0x52, 0x52, 0x00, 0x4f, 0x52, 0x52, 0x00,
    0x00, 0x00, 0x00, 0x02, 0x4c, 0x4d, 0x51, 0x00, 0x5b, 0x59, 0x65, 0x30, 0x5b, 0x59, 0x65, 0xf9,
    0x60, 0x5f, 0x68, 0xfe, 0x64, 0x64, 0x6b, 0xfe, 0x69, 0x67, 0x6c, 0xff, 0x68, 0x67, 0x69, 0xff,
    0x68, 0x68, 0x68, 0xff, 0x66, 0x67, 0x65, 0xff, 0x67, 0x65, 0x65, 0xff, 0x66, 0x64, 0x64, 0xff,
    0x66, 0x64, 0x64, 0xff, 0x64, 0x61, 0x62, 0xff, 0x63, 0x60, 0x61, 0xff, 0x61, 0x5f, 0x5f, 0xff,
    0x61, 0x5f, 0x5f, 0xff, 0x61, 0x5f, 0x5f, 0xff, 0x60, 0x5e, 0x5e, 0xff, 0x60, 0x5e, 0x5e, 0xff,
    0x60, 0x5e, 0x5e, 0xff, 0x5f, 0x5d, 0x5d, 0xff, 0x5e, 0x5c, 0x5c, 0xff, 0x5f, 0x5a, 0x5b, 0xff,
    0x5e, 0x59, 0x5a, 0xff, 0x5e, 0x59, 0x5a, 0xff, 0x5b, 0x57, 0x5a, 0xff, 0x5b, 0x58, 0x58, 0xff,
    0x57, 0x59, 0x54, 0xff, 0x55, 0x5b, 0x51, 0xff, 0x53, 0x5d, 0x4e, 0xff, 0x45, 0x5b, 0x35, 0xff,
    0x43, 0x66, 0x1f, 0xff, 0x75, 0xb1, 0x43, 0xff, 0x72, 0xcf, 0x3c, 0xff, 0x67, 0xd5, 0x2a, 0xff,
    0x60, 0xd3, 0x21, 0xff, 0x58, 0xd1, 0x1c, 0xff, 0x56, 0xd1, 0x1c, 0xff, 0x53, 0xcf, 0x1e, 0xff,
    0x50, 0xcc, 0x21, 0xff, 0x4f, 0xca, 0x22, 0xff, 0x4f, 0xc9, 0x23, 0xff, 0x4e, 0xc8, 0x21, 0xff,
    0x4d, 0xc7, 0x1f, 0xff, 0x4a, 0xc5, 0x1d, 0xff, 0x4a, 0xc2, 0x1b, 0xff, 0x49, 0xc2, 0x18, 0xff,
    0x4a, 0xc3, 0x19, 0xff, 0x4a, 0xc4, 0x17, 0xff, 0x4b, 0xc7, 0x15, 0xff, 0x4d, 0xc6, 0x15, 0xff,
    0x4e, 0xc7, 0x18, 0xff, 0x4d, 0xc4, 0x1a, 0xff, 0x4e, 0xc0, 0x1e, 0xff, 0x4d, 0xbd, 0x20, 0xff,
    0x50, 0xbf, 0x27, 0xff, 0x51, 0xaf, 0x2e, 0xff, 0xae, 0xe8, 0x94, 0xff, 0xdf, 0xff, 0xcd, 0xff,
    0xdc, 0xf8, 0xd4, 0xff, 0xd5, 0xf6, 0xcc, 0xff, 0xdb, 0xff, 0xc5, 0xff, 0x95, 0xde, 0x77, 0xff,
    0x4b, 0xab, 0x29, 0xff, 0x41, 0xae, 0x1b, 0xff, 0x45, 0xb5, 0x18, 0xff, 0x4b, 0xba, 0x1b, 0xfe,
    0x52, 0xbd, 0x23, 0xfe, 0x57, 0xbb, 0x27, 0xf9, 0x4c, 0xaa, 0x1b, 0x4d, 0x65, 0xc0, 0x34, 0x00,
    0x00, 0x00, 0x00, 0x00, 0x00, 0x00, 0x00, 0x00, 0x00, 0x00, 0x00, 0x00, 0x00, 0x00, 0x00, 0x00,
    0x00, 0x00, 0x00, 0x00, 0x00, 0x00, 0x00, 0x00, 0x00, 0x00, 0x00, 0x00, 0x00, 0x00, 0x00, 0x00,
    0x00, 0x00, 0x00, 0x00, 0x00, 0x00, 0x00, 0x00, 0x00, 0x00, 0x00, 0x00, 0x00, 0x00, 0x00, 0x00,
    0x00, 0x00, 0x00, 0x00, 0x00, 0x00, 0x00, 0x00, 0x00, 0x00, 0x00, 0x00, 0x00, 0x00, 0x00, 0x00,
    0x4f, 0x52, 0x52, 0x00, 0x4f, 0x52, 0x52, 0x00, 0x4f, 0x52, 0x52, 0x00, 0x4f, 0x52, 0x52, 0x00,
    0x4a, 0x4c, 0x4c, 0x00, 0x48, 0x4b, 0x4b, 0x00, 0x53, 0x55, 0x55, 0x00, 0x05, 0x06, 0x0a, 0x01,
    0x66, 0x64, 0x70, 0x00, 0x58, 0x56, 0x62, 0xa8, 0x54, 0x53, 0x5d, 0xff, 0x5c, 0x5c, 0x63, 0xfb,
    0x69, 0x67, 0x6c, 0xff, 0x68, 0x67, 0x69, 0xff, 0x68, 0x68, 0x68, 0xff, 0x66, 0x67, 0x65, 0xff,
    0x65, 0x65, 0x65, 0xff, 0x64, 0x64, 0x64, 0xff, 0x64, 0x64, 0x64, 0xff, 0x62, 0x62, 0x62, 0xff,
    0x61, 0x61, 0x61, 0xff, 0x5f, 0x5f, 0x5f, 0xff, 0x5f, 0x5f, 0x5f, 0xff, 0x61, 0x5f, 0x5f, 0xff,
    0x60, 0x5e, 0x5e, 0xff, 0x62, 0x5e, 0x5e, 0xff, 0x62, 0x5e, 0x5e, 0xff, 0x61, 0x5c, 0x5d, 0xff,
    0x60, 0x5b, 0x5c, 0xff, 0x5f, 0x5a, 0x5b, 0xff, 0x60, 0x58, 0x5a, 0xff, 0x5e, 0x59, 0x5a, 0xff,
    0x5b, 0x57, 0x5a, 0xff, 0x58, 0x58, 0x58, 0xff, 0x57, 0x58, 0x56, 0xff, 0x55, 0x5b, 0x51, 0xff,
    0x4b, 0x58, 0x46, 0xff, 0x40, 0x5a, 0x2f, 0xff, 0x43, 0x6c, 0x1b, 0xff, 0x79, 0xba, 0x44, 0xff,
    0x6e, 0xca, 0x39, 0xff, 0x62, 0xcd, 0x2a, 0xff, 0x5b, 0xcc, 0x1f, 0xff, 0x55, 0xcc, 0x1a, 0xff,
    0x53, 0xce, 0x18, 0xff, 0x50, 0xcc, 0x19, 0xff, 0x4d, 0xca, 0x1b, 0xff, 0x4b, 0xc7, 0x1d, 0xff,
    0x4b, 0xc6, 0x1e, 0xff, 0x4a, 0xc5, 0x1d, 0xff, 0x49, 0xc4, 0x1c, 0xff, 0x47, 0xc1, 0x1b, 0xff,
    0x46, 0xbe, 0x19, 0xff, 0x45, 0xbe, 0x16, 0xff, 0x48, 0xbe, 0x17, 0xff, 0x48, 0xc0, 0x14, 0xff,
    0x4a, 0xc4, 0x0f, 0xff, 0x4c, 0xc4, 0x0f, 0xff, 0x4d, 0xc2, 0x16, 0xff, 0x4f, 0xbd, 0x1e, 0xff,
    0x53, 0xbe, 0x2b, 0xff, 0x4e, 0xb4, 0x2d, 0xff, 0x47, 0xab, 0x2b, 0xff, 0x9c, 0xea, 0x84, 0xff,
    0xe2, 0xff, 0xd0, 0xff, 0xdf, 0xf2, 0xcf, 0xff, 0xe0, 0xed, 0xd4, 0xff, 0xd8, 0xf1, 0xc8, 0xff,
    0xc1, 0xf1, 0xa7, 0xff, 0x5f, 0xa7, 0x3d, 0xff, 0x45, 0xa2, 0x21, 0xff, 0x3d, 0xa7, 0x16, 0xff,
    0x3f, 0xae, 0x14, 0xff, 0x42, 0xb3, 0x15, 0xff, 0x49, 0xb3, 0x19, 0xfa, 0x4f, 0xb6, 0x21, 0xff,
    0x47, 0xa6, 0x19, 0x77, 0x63, 0xbf, 0x36, 0x00, 0x00, 0x00, 0x00, 0x00, 0x00, 0x00, 0x00, 0x00,
    0x00, 0x00, 0x00, 0x00, 0x00, 0x00, 0x00, 0x00, 0x00, 0x00, 0x00, 0x00, 0x00, 0x00, 0x00, 0x00,
    0x00, 0x00, 0x00, 0x00, 0x00, 0x00, 0x00, 0x00, 0x00, 0x00, 0x00, 0x00, 0x00, 0x00, 0x00, 0x00,
    0x00, 0x00, 0x00, 0x00, 0x00, 0x00, 0x00, 0x00, 0x00, 0x00, 0x00, 0x00, 0x00, 0x00, 0x00, 0x00,
    0x00, 0x00, 0x00, 0x00, 0x00, 0x00, 0x00, 0x00, 0x4f, 0x52, 0x52, 0x00, 0x4f, 0x52, 0x52, 0x00,
    0x4f, 0x52, 0x52, 0x00, 0x4f, 0x52, 0x52, 0x00, 0x4a, 0x4c, 0x4c, 0x00, 0x4c, 0x4e, 0x4e, 0x00,
    0x4b, 0x4d, 0x4d, 0x00, 0x5a, 0x5c, 0x5e, 0x03, 0x6b, 0x6b, 0x72, 0x00, 0x55, 0x54, 0x5e, 0x35,
    0x4c, 0x4c, 0x53, 0xf2, 0x55, 0x56, 0x5b, 0xfd, 0x69, 0x68, 0x6a, 0xfd, 0x68, 0x68, 0x68, 0xff,
    0x68, 0x68, 0x68, 0xff, 0x66, 0x67, 0x65, 0xff, 0x65, 0x65, 0x65, 0xff, 0x64, 0x64, 0x64, 0xff,
    0x64, 0x64, 0x64, 0xff, 0x62, 0x62, 0x62, 0xff, 0x5f, 0x5f, 0x5f, 0xff, 0x5e, 0x5e, 0x5e, 0xff,
    0x5e, 0x5e, 0x5e, 0xff, 0x60, 0x5e, 0x5e, 0xff, 0x61, 0x5c, 0x5d, 0xff, 0x63, 0x5c, 0x5d, 0xff,
    0x63, 0x5c, 0x5d, 0xff, 0x62, 0x5b, 0x5c, 0xff, 0x61, 0x5a, 0x5b, 0xff, 0x60, 0x58, 0x5a, 0xff,
    0x5f, 0x57, 0x58, 0xff, 0x5d, 0x58, 0x58, 0xff, 0x5b, 0x57, 0x5a, 0xff, 0x57, 0x57, 0x59, 0xff,
    0x57, 0x58, 0x56, 0xff, 0x54, 0x5a, 0x50, 0xff, 0x48, 0x55, 0x43, 0xff, 0x3e, 0x59, 0x2b, 0xff,
    0x43, 0x72, 0x18, 0xff, 0x78, 0xbd, 0x42, 0xff, 0x6a, 0xc6, 0x35, 0xff, 0x5e, 0xc9, 0x28, 0xff,
    0x59, 0xc9, 0x1e, 0xff, 0x53, 0xc8, 0x18, 0xff, 0x51, 0xca, 0x15, 0xff, 0x50, 0xc8, 0x15, 0xff,
    0x4f, 0xc4, 0x19, 0xff, 0x50, 0xbf, 0x1e, 0xff, 0x50, 0xbb, 0x26, 0xff, 0x4f, 0xb9, 0x28, 0xff,
    0x4e, 0xb8, 0x25, 0xff, 0x4b, 0xb7, 0x21, 0xff, 0x49, 0xb6, 0x1c, 0xff, 0x48, 0xb6, 0x17, 0xff,
    0x49, 0xb8, 0x17, 0xff, 0x49, 0xbb, 0x12, 0xff, 0x49, 0xbb, 0x0b, 0xff, 0x4e, 0xbd, 0x10, 0xff,
    0x51, 0xba, 0x18, 0xff, 0x53, 0xb5, 0x21, 0xff, 0x59, 0xb2, 0x31, 0xff, 0x4f, 0x9f, 0x33, 0xff,
    0x99, 0xe4, 0x86, 0xff, 0xe0, 0xff, 0xd3, 0xff, 0xdb, 0xf7, 0xd3, 0xff, 0xce, 0xdc, 0xc6, 0xff,
    0xe2, 0xf2, 0xd6, 0xff, 0xcf, 0xed, 0xbd, 0xff, 0x54, 0x89, 0x35, 0xff, 0x4a, 0x93, 0x25, 0xff,
    0x43, 0x9f, 0x1c, 0xff, 0x3e, 0xa6, 0x15, 0xff, 0x3d, 0xaa, 0x12, 0xff, 0x40, 0xad, 0x12, 0xff,
    0x43, 0xac, 0x17, 0xfa, 0x47, 0xad, 0x1b, 0xff, 0x44, 0xa3, 0x18, 0x9d, 0x5c, 0xb9, 0x31, 0x00,
    0x00, 0x00, 0x00, 0x00, 0x00, 0x00, 0x00, 0x00, 0x00, 0x00, 0x00, 0x00, 0x00, 0x00, 0x00, 0x00,
    0x00, 0x00, 0x00, 0x00, 0x00, 0x00, 0x00, 0x00, 0x00, 0x00, 0x00, 0x00, 0x00, 0x00, 0x00, 0x00,
    0x00, 0x00, 0x00, 0x00, 0x00, 0x00, 0x00, 0x00, 0x00, 0x00, 0x00, 0x00, 0x00, 0x00, 0x00, 0x00,
    0x00, 0x00, 0x00, 0x00, 0x00, 0x00, 0x00, 0x00, 0x00, 0x00, 0x00, 0x00, 0x00, 0x00, 0x00, 0x00,
    0x00, 0x00, 0x00, 0x00, 0x00, 0x00, 0x00, 0x00, 0x00, 0x00, 0x00, 0x00, 0x00, 0x00, 0x00, 0x00,
    0x00, 0x00, 0x00, 0x00, 0x00, 0x00, 0x00, 0x00, 0x00, 0x00, 0x00, 0x00, 0x00, 0x00, 0x00, 0x00,
    0x03, 0x03, 0x05, 0x03, 0x49, 0x48, 0x4d, 0x00, 0x49, 0x48, 0x4d, 0x81, 0x48, 0x47, 0x4a, 0xff,
    0x56, 0x55, 0x58, 0xf9, 0x63, 0x63, 0x63, 0xff, 0x68, 0x68, 0x68, 0xff, 0x62, 0x62, 0x62, 0xff,
    0x64, 0x64, 0x64, 0xff, 0x63, 0x63, 0x63, 0xff, 0x62, 0x62, 0x62, 0xff, 0x62, 0x62, 0x62, 0xff,
    0x5e, 0x5e, 0x5e, 0xff, 0x5e, 0x5e, 0x5e, 0xff, 0x5e, 0x5e, 0x5e, 0xff, 0x60, 0x5e, 0x5e, 0xff,
    0x63, 0x5c, 0x5d, 0xff, 0x65, 0x5c, 0x5d, 0xff, 0x65, 0x5c, 0x5d, 0xff, 0x64, 0x5a, 0x5c, 0xff,
    0x63, 0x59, 0x5b, 0xff, 0x61, 0x57, 0x58, 0xff, 0x61, 0x57, 0x58, 0xff, 0x5d, 0x55, 0x59, 0xff,
    0x57, 0x56, 0x5b, 0xff, 0x57, 0x56, 0x5b, 0xff, 0x56, 0x56, 0x56, 0xff, 0x56, 0x59, 0x51, 0xff,
    0x49, 0x54, 0x40, 0xff, 0x3d, 0x58, 0x29, 0xff, 0x5b, 0x8c, 0x30, 0xff, 0x71, 0xb9, 0x3c, 0xff,
    0x65, 0xc3, 0x32, 0xff, 0x5b, 0xc6, 0x25, 0xff, 0x55, 0xc5, 0x1d, 0xff, 0x52, 0xc3, 0x16, 0xff,
    0x53, 0xc2, 0x13, 0xff, 0x5d, 0xc7, 0x1b, 0xff, 0x57, 0xbb, 0x19, 0xff, 0x69, 0xc1, 0x34, 0xff,
    0x70, 0xb9, 0x4d, 0xff, 0xb2, 0xf7, 0x98, 0xff, 0x99, 0xe2, 0x76, 0xff, 0x54, 0xa4, 0x2c, 0xff,
    0x52, 0xaa, 0x23, 0xff, 0x50, 0xaf, 0x1b, 0xff, 0x48, 0xad, 0x0f, 0xff, 0x55, 0xba, 0x18, 0xff,
    0x4f, 0xb0, 0x11, 0xff, 0x58, 0xb2, 0x19, 0xff, 0x62, 0xb5, 0x24, 0xff, 0x53, 0x9d, 0x1a, 0xff,
    0x68, 0xa4, 0x3b, 0xff, 0xae, 0xde, 0x8d, 0xff, 0xe1, 0xff, 0xd2, 0xff, 0xd5, 0xf3, 0xd1, 0xff,
    0xcf, 0xe5, 0xd4, 0xff, 0xd6, 0xec, 0xdb, 0xff, 0xbb, 0xdd, 0xb5, 0xff, 0x4d, 0x7c, 0x39, 0xff,
    0x43, 0x84, 0x23, 0xff, 0x41, 0x90, 0x18, 0xff, 0x3e, 0x9c, 0x14, 0xff, 0x3e, 0xa3, 0x13, 0xff,
    0x3c, 0xa5, 0x10, 0xff, 0x3e, 0xa4, 0x11, 0xff, 0x41, 0xa4, 0x14, 0xfb, 0x45, 0xa4, 0x1a, 0xff,
    0x42, 0x9f, 0x19, 0xaf, 0x3e, 0x98, 0x15, 0x00, 0x00, 0x00, 0x00, 0x00, 0x00, 0x00, 0x00, 0x00,
    0x00, 0x00, 0x00, 0x00, 0x00, 0x00, 0x00, 0x00, 0x00, 0x00, 0x00, 0x00, 0x00, 0x00, 0x00, 0x00,
    0x00, 0x00, 0x00, 0x00, 0x00, 0x00, 0x00, 0x00, 0x00, 0x00, 0x00, 0x00, 0x00, 0x00, 0x00, 0x00,
    0x00, 0x00, 0x00, 0x00, 0x00, 0x00, 0x00, 0x00, 0x00, 0x00, 0x00, 0x00, 0x00, 0x00, 0x00, 0x00,
    0x00, 0x00, 0x00, 0x00, 0x00, 0x00, 0x00, 0x00, 0x00, 0x00, 0x00, 0x00, 0x00, 0x00, 0x00, 0x00,
    0x00, 0x00, 0x00, 0x00, 0x00, 0x00, 0x00, 0x00, 0x00, 0x00, 0x00, 0x00, 0x00, 0x00, 0x00, 0x00,
    0x00, 0x00, 0x00, 0x00, 0x00, 0x00, 0x00, 0x00, 0x00, 0x00, 0x00, 0x01, 0x00, 0x00, 0x00, 0x01,
    0x78, 0x77, 0x7a, 0x06, 0x4c, 0x4b, 0x4d, 0xad, 0x4c, 0x4c, 0x4c, 0xff, 0x56, 0x56, 0x56, 0xfb,
    0x5f, 0x5f, 0x5f, 0xfd, 0x62, 0x62, 0x62, 0xff, 0x61, 0x61, 0x61, 0xff, 0x62, 0x62, 0x62, 0xff,
    0x61, 0x61, 0x61, 0xff, 0x5f, 0x5f, 0x5f, 0xff, 0x5d, 0x5d, 0x5d, 0xff, 0x5d, 0x5d, 0x5d, 0xff,
    0x5d, 0x5d, 0x5d, 0xff, 0x5f, 0x5d, 0x5d, 0xff, 0x62, 0x5b, 0x5c, 0xff, 0x64, 0x5a, 0x5c, 0xff,
    0x64, 0x5a, 0x5c, 0xff, 0x63, 0x59, 0x5b, 0xff, 0x62, 0x58, 0x5a, 0xff, 0x61, 0x57, 0x58, 0xff,
    0x5f, 0x56, 0x57, 0xff, 0x5d, 0x55, 0x59, 0xff, 0x56, 0x55, 0x59, 0xff, 0x54, 0x55, 0x59, 0xff,
    0x55, 0x55, 0x55, 0xff, 0x55, 0x57, 0x50, 0xff, 0x4a, 0x54, 0x43, 0xff, 0x3d, 0x58, 0x2a, 0xff,
    0x59, 0x8c, 0x32, 0xff, 0x6d, 0xb7, 0x3b, 0xff, 0x61, 0xc0, 0x2e, 0xff, 0x58, 0xc1, 0x23, 0xff,
    0x52, 0xc1, 0x1b, 0xff, 0x51, 0xbe, 0x14, 0xff, 0x5d, 0xc7, 0x1b, 0xff, 0x64, 0xc8, 0x21, 0xff,
    0x5e, 0xbc, 0x1f, 0xff, 0x74, 0xc2, 0x41, 0xff, 0xc9, 0xfe, 0xac, 0xff, 0xe5, 0xff, 0xd1, 0xff,
    0xdd, 0xff, 0xc4, 0xff, 0x98, 0xcf, 0x78, 0xff, 0x54, 0x96, 0x2c, 0xff, 0x52, 0x9e, 0x20, 0xff,
    0x54, 0xaa, 0x18, 0xff, 0x58, 0xaf, 0x18, 0xff, 0x5d, 0xb0, 0x1f, 0xff, 0x61, 0xad, 0x24, 0xff,
    0x61, 0xa4, 0x27, 0xff, 0x65, 0x9d, 0x32, 0xff, 0xb4, 0xdc, 0x8d, 0xff, 0xe7, 0xff, 0xce, 0xff,
    0xe3, 0xf7, 0xd6, 0xff, 0xd8, 0xea, 0xd5, 0xff, 0xd6, 0xef, 0xdb, 0xff, 0xbb, 0xdd, 0xbc, 0xff,
    0x4e, 0x7d, 0x43, 0xff, 0x38, 0x74, 0x1f, 0xff, 0x3f, 0x89, 0x1b, 0xff, 0x41, 0x91, 0x15, 0xff,
    0x3f, 0x9b, 0x13, 0xff, 0x41, 0xa0, 0x13, 0xff, 0x3c, 0x9f, 0x0f, 0xff, 0x3c, 0x9e, 0x11, 0xff,
    0x41, 0x9f, 0x15, 0xfb, 0x44, 0x9e, 0x19, 0xff, 0x4b, 0xa4, 0x23, 0xba, 0x46, 0x9e, 0x20, 0x08,
    0x00, 0x00, 0x00, 0x00, 0x00, 0x00, 0x00, 0x00, 0x00, 0x00, 0x00, 0x00, 0x00, 0x00, 0x00, 0x00,
    0x00, 0x00, 0x00, 0x00, 0x00, 0x00, 0x00, 0x00, 0x00, 0x00, 0x00, 0x00, 0x00, 0x00, 0x00, 0x00,
    0x00, 0x00, 0x00, 0x00, 0x00, 0x00, 0x00, 0x00, 0x00, 0x00, 0x00, 0x00, 0x00, 0x00, 0x00, 0x00,
    0x00, 0x00, 0x00, 0x00, 0x00, 0x00, 0x00, 0x00, 0x00, 0x00, 0x00, 0x00, 0x00, 0x00, 0x00, 0x00,
    0x00, 0x00, 0x00, 0x00, 0x00, 0x00, 0x00, 0x00, 0x00, 0x00, 0x00, 0x00, 0x00, 0x00, 0x00, 0x00,
    0x00, 0x00, 0x00, 0x00, 0x00, 0x00, 0x00, 0x00, 0x00, 0x00, 0x00, 0x00, 0x00, 0x00, 0x00, 0x00,
    0x4e, 0x4e, 0x4e, 0x00, 0xff, 0xff, 0xff, 0x01, 0x47, 0x47, 0x47, 0x00, 0x5d, 0x5d, 0x5d, 0x0c,
    0x49, 0x49, 0x49, 0xae, 0x49, 0x49, 0x49, 0xff, 0x4f, 0x4f, 0x4f, 0xfc, 0x56, 0x56, 0x56, 0xfb,
    0x56, 0x59, 0x58, 0xfe, 0x5b, 0x5e, 0x5d, 0xff, 0x5c, 0x5f, 0x5e, 0xff, 0x5b, 0x5e, 0x5d, 0xff,
    0x5b, 0x5e, 0x5d, 0xff, 0x5b, 0x5e, 0x5d, 0xff, 0x5b, 0x5e, 0x5d, 0xff, 0x5d, 0x5d, 0x5d, 0xff,
    0x60, 0x5b, 0x5c, 0xff, 0x62, 0x5b, 0x5c, 0xff, 0x62, 0x5b, 0x5c, 0xff, 0x61, 0x5a, 0x5b, 0xff,
    0x60, 0x58, 0x5a, 0xff, 0x5f, 0x57, 0x58, 0xff, 0x5d, 0x56, 0x57, 0xff, 0x5b, 0x56, 0x59, 0xff,
    0x56, 0x54, 0x5b, 0xff, 0x54, 0x54, 0x5b, 0xff, 0x55, 0x54, 0x57, 0xff, 0x53, 0x57, 0x52, 0xff,
    0x4a, 0x54, 0x44, 0xff, 0x3d, 0x56, 0x2e, 0xff, 0x57, 0x8b, 0x35, 0xff, 0x6b, 0xb5, 0x3e, 0xff,
    0x5c, 0xb9, 0x2d, 0xff, 0x53, 0xbc, 0x20, 0xff, 0x4f, 0xbb, 0x18, 0xff, 0x4e, 0xb9, 0x11, 0xff,
    0x55, 0xbd, 0x16, 0xff, 0x4d, 0xb1, 0x0f, 0xff, 0x53, 0xb2, 0x18, 0xff, 0x89, 0xd5, 0x59, 0xff,
    0xe7, 0xff, 0xce, 0xff, 0xd8, 0xf4, 0xc9, 0xff, 0xe3, 0xfe, 0xd5, 0xff, 0xdf, 0xff, 0xce, 0xff,
    0x98, 0xc3, 0x7f, 0xff, 0x56, 0x8c, 0x2f, 0xff, 0x65, 0xa8, 0x2d, 0xff, 0x5a, 0xa1, 0x18, 0xff,
    0x61, 0xa8, 0x1f, 0xff, 0x6d, 0xb1, 0x32, 0xff, 0x5e, 0x97, 0x31, 0xff, 0xaa, 0xd7, 0x89, 0xff,
    0xe5, 0xff, 0xd2, 0xff, 0xdf, 0xf9, 0xd5, 0xff, 0xd8, 0xef, 0xd4, 0xff, 0xd6, 0xf0, 0xd3, 0xff,
    0xc2, 0xe9, 0xba, 0xff, 0x54, 0x85, 0x44, 0xff, 0x2c, 0x69, 0x14, 0xff, 0x46, 0x8b, 0x24, 0xff,
    0x3f, 0x8b, 0x16, 0xff, 0x41, 0x92, 0x13, 0xff, 0x41, 0x98, 0x18, 0xff, 0x42, 0x9c, 0x17, 0xff,
    0x40, 0x9c, 0x14, 0xff, 0x3f, 0x9b, 0x13, 0xff, 0x3f, 0x9a, 0x15, 0xfb, 0x42, 0x99, 0x19, 0xff,
    0x3d, 0x91, 0x16, 0xbc, 0x5a, 0xae, 0x35, 0x08, 0x00, 0x00, 0x00, 0x00, 0x00, 0x00, 0x00, 0x00,
    0x00, 0x00, 0x00, 0x00, 0x00, 0x00, 0x00, 0x00, 0x00, 0x00, 0x00, 0x00, 0x00, 0x00, 0x00, 0x00,
    0x00, 0x00, 0x00, 0x00, 0x00, 0x00, 0x00, 0x00, 0x00, 0x00, 0x00, 0x00, 0x00, 0x00, 0x00, 0x00,
    0x00, 0x00, 0x00, 0x00, 0x00, 0x00, 0x00, 0x00, 0x00, 0x00, 0x00, 0x00, 0x00, 0x00, 0x00, 0x00,
    0x00, 0x00, 0x00, 0x00, 0x00, 0x00, 0x00, 0x00, 0x00, 0x00, 0x00, 0x00, 0x00, 0x00, 0x00, 0x00,
    0x00, 0x00, 0x00, 0x00, 0x00, 0x00, 0x00, 0x00, 0x00, 0x00, 0x00, 0x00, 0x00, 0x00, 0x00, 0x00,
    0x00, 0x00, 0x00, 0x00, 0x00, 0x00, 0x00, 0x00, 0x53, 0x53, 0x53, 0x00, 0x50, 0x50, 0x50, 0x00,
    0x7f, 0x7f, 0x7f, 0x02, 0x49, 0x49, 0x49, 0x00, 0x50, 0x50, 0x50, 0x0a, 0x44, 0x44, 0x44, 0x89,
    0x3f, 0x3f, 0x3f, 0xfa, 0x45, 0x45, 0x45, 0xff, 0x48, 0x4b, 0x4b, 0xfd, 0x53, 0x55, 0x55, 0xfc,
    0x58, 0x5a, 0x5a, 0xfd, 0x59, 0x5b, 0x5b, 0xfe, 0x5b, 0x5e, 0x5d, 0xff, 0x5b, 0x5e, 0x5d, 0xff,
    0x5b, 0x5e, 0x5d, 0xff, 0x5d, 0x5d, 0x5d, 0xff, 0x5e, 0x5c, 0x5c, 0xff, 0x60, 0x5b, 0x5c, 0xff,
    0x60, 0x5b, 0x5c, 0xff, 0x5f, 0x5a, 0x5b, 0xff, 0x5e, 0x59, 0x5a, 0xff, 0x5d, 0x57, 0x5a, 0xff,
    0x5b, 0x56, 0x59, 0xff, 0x59, 0x56, 0x59, 0xff, 0x54, 0x54, 0x5b, 0xff, 0x52, 0x54, 0x5b, 0xff,
    0x53, 0x55, 0x57, 0xff, 0x53, 0x56, 0x53, 0xff, 0x4a, 0x52, 0x48, 0xff, 0x3d, 0x54, 0x31, 0xff,
    0x57, 0x87, 0x3b, 0xff, 0x6b, 0xb3, 0x43, 0xff, 0x59, 0xb4, 0x2d, 0xff, 0x51, 0xb8, 0x21, 0xff,
    0x4d, 0xb7, 0x18, 0xff, 0x4d, 0xb6, 0x13, 0xff, 0x4e, 0xb4, 0x12, 0xff, 0x5a, 0xbd, 0x1f, 0xff,
    0x4e, 0xac, 0x16, 0xff, 0x59, 0xa3, 0x2c, 0xff, 0xcf, 0xf9, 0xb7, 0xff, 0xe8, 0xff, 0xde, 0xff,
    0xe3, 0xfa, 0xdd, 0xff, 0xde, 0xf6, 0xd7, 0xff, 0xe7, 0xff, 0xd8, 0xff, 0x9f, 0xc5, 0x84, 0xff,
    0x58, 0x89, 0x28, 0xff, 0x6e, 0xa6, 0x34, 0xff, 0x62, 0x9c, 0x26, 0xff, 0x5c, 0x96, 0x28, 0xff,
    0xae, 0xda, 0x8c, 0xff, 0xe7, 0xff, 0xd5, 0xff, 0xd7, 0xf3, 0xd1, 0xff, 0xd4, 0xec, 0xd4, 0xff,
    0xd4, 0xef, 0xd4, 0xff, 0xbe, 0xe1, 0xb7, 0xff, 0x58, 0x8a, 0x45, 0xff, 0x40, 0x7e, 0x24, 0xff,
    0x48, 0x8e, 0x25, 0xff, 0x3c, 0x87, 0x14, 0xff, 0x3f, 0x8d, 0x13, 0xff, 0x40, 0x90, 0x14, 0xff,
    0x42, 0x95, 0x1a, 0xff, 0x44, 0x98, 0x1b, 0xff, 0x43, 0x97, 0x18, 0xff, 0x40, 0x97, 0x15, 0xff,
    0x41, 0x98, 0x18, 0xfb, 0x41, 0x96, 0x1b, 0xff, 0x3e, 0x91, 0x1b, 0xb2, 0x8e, 0xe0, 0x6d, 0x02,
    0x00, 0x00, 0x00, 0x00, 0x00, 0x00, 0x00, 0x00, 0x00, 0x00, 0x00, 0x00, 0x00, 0x00, 0x00, 0x00,
    0x00, 0x00, 0x00, 0x00, 0x00, 0x00, 0x00, 0x00, 0x00, 0x00, 0x00, 0x00, 0x00, 0x00, 0x00, 0x00,
    0x00, 0x00, 0x00, 0x00, 0x00, 0x00, 0x00, 0x00, 0x00, 0x00, 0x00, 0x00, 0x00, 0x00, 0x00, 0x00,
    0x00, 0x00, 0x00, 0x00, 0x00, 0x00, 0x00, 0x00, 0x00, 0x00, 0x00, 0x00, 0x00, 0x00, 0x00, 0x00,
    0x00, 0x00, 0x00, 0x00, 0x00, 0x00, 0x00, 0x00, 0x00, 0x00, 0x00, 0x00, 0x00, 0x00, 0x00, 0x00,
    0x00, 0x00, 0x00, 0x00, 0x00, 0x00, 0x00, 0x00, 0x00, 0x00, 0x00, 0x00, 0x00, 0x00, 0x00, 0x00,
    0x4d, 0x4d, 0x4d, 0x00, 0x49, 0x49, 0x49, 0x00, 0x4d, 0x4d, 0x4d, 0x00, 0x03, 0x03, 0x03, 0x01,
    0x57, 0x57, 0x57, 0x03, 0x47, 0x47, 0x47, 0x00, 0x3e, 0x3e, 0x3e, 0x3f, 0x3b, 0x3b, 0x3b, 0xb7,
    0x34, 0x35, 0x37, 0xfd, 0x46, 0x48, 0x4a, 0xff, 0x3f, 0x41, 0x43, 0xff, 0x46, 0x48, 0x4a, 0xff,
    0x4f, 0x51, 0x53, 0xfc, 0x53, 0x55, 0x57, 0xff, 0x54, 0x56, 0x58, 0xff, 0x53, 0x55, 0x57, 0xff,
    0x53, 0x52, 0x54, 0xff, 0x55, 0x51, 0x54, 0xff, 0x55, 0x51, 0x54, 0xff, 0x55, 0x51, 0x54, 0xff,
    0x55, 0x51, 0x54, 0xff, 0x55, 0x51, 0x56, 0xff, 0x54, 0x4f, 0x55, 0xff, 0x52, 0x50, 0x55, 0xff,
    0x4c, 0x4f, 0x55, 0xff, 0x4c, 0x4f, 0x55, 0xff, 0x4d, 0x4e, 0x52, 0xff, 0x4d, 0x4f, 0x51, 0xff,
    0x49, 0x4e, 0x4b, 0xff, 0x36, 0x4a, 0x30, 0xff, 0x43, 0x70, 0x2e, 0xff, 0x63, 0xa8, 0x41, 0xff,
    0x55, 0xaf, 0x2c, 0xff, 0x4e, 0xb4, 0x22, 0xff, 0x4f, 0xb5, 0x1c, 0xff, 0x4e, 0xb5, 0x17, 0xff,
    0x4f, 0xb4, 0x16, 0xff, 0x4e, 0xad, 0x15, 0xff, 0x4b, 0xa5, 0x15, 0xff, 0x4f, 0x9a, 0x22, 0xff,
    0x55, 0x87, 0x3d, 0xff, 0xc3, 0xe6, 0xba, 0xff, 0xe2, 0xfe, 0xe1, 0xff, 0xd5, 0xed, 0xd5, 0xff,
    0xe4, 0xfc, 0xdd, 0xff, 0xe8, 0xff, 0xd5, 0xff, 0xad, 0xcf, 0x8c, 0xff, 0x61, 0x89, 0x35, 0xff,
    0x63, 0x8f, 0x34, 0xff, 0xb2, 0xdb, 0x89, 0xff, 0xe4, 0xff, 0xd1, 0xff, 0xd8, 0xf4, 0xd2, 0xff,
    0xd8, 0xf1, 0xdb, 0xff, 0xda, 0xf7, 0xde, 0xff, 0xbc, 0xe0, 0xba, 0xff, 0x55, 0x85, 0x49, 0xff,
    0x41, 0x7e, 0x27, 0xff, 0x3d, 0x85, 0x1c, 0xff, 0x3e, 0x8a, 0x15, 0xff, 0x3e, 0x8c, 0x12, 0xff,
    0x3f, 0x8e, 0x11, 0xff, 0x42, 0x90, 0x14, 0xff, 0x44, 0x91, 0x19, 0xff, 0x44, 0x90, 0x1b, 0xff,
    0x42, 0x91, 0x19, 0xff, 0x40, 0x92, 0x18, 0xff, 0x3f, 0x93, 0x1a, 0xfa, 0x3f, 0x92, 0x1c, 0xff,
    0x40, 0x92, 0x20, 0xa1, 0x41, 0x92, 0x23, 0x00, 0x00, 0x00, 0x00, 0x00, 0x00, 0x00, 0x00, 0x00,
    0x00, 0x00, 0x00, 0x00, 0x00, 0x00, 0x00, 0x00, 0x00, 0x00, 0x00, 0x00, 0x00, 0x00, 0x00, 0x00,
    0x00, 0x00, 0x00, 0x00, 0x00, 0x00, 0x00, 0x00, 0x00, 0x00, 0x00, 0x00, 0x00, 0x00, 0x00, 0x00,
    0x00, 0x00, 0x00, 0x00, 0x00, 0x00, 0x00, 0x00, 0x00, 0x00, 0x00, 0x00, 0x00, 0x00, 0x00, 0x00,
    0x00, 0x00, 0x00, 0x00, 0x00, 0x00, 0x00, 0x00, 0x00, 0x00, 0x00, 0x00, 0x00, 0x00, 0x00, 0x00,
    0x00, 0x00, 0x00, 0x00, 0x00, 0x00, 0x00, 0x00, 0x00, 0x00, 0x00, 0x00, 0x00, 0x00, 0x00, 0x00,
    0x00, 0x00, 0x00, 0x00, 0x00, 0x00, 0x00, 0x00, 0x4d, 0x4d, 0x4d, 0x00, 0x48, 0x48, 0x48, 0x00,
    0x4e, 0x4e, 0x4e, 0x00, 0x4d, 0x4d, 0x4d, 0x00, 0x00, 0x00, 0x00, 0x01, 0x56, 0x56, 0x56, 0x03,
    0x4e, 0x4e, 0x4e, 0x00, 0x7d, 0x7d, 0x7d, 0x04, 0x47, 0x49, 0x4b, 0x3d, 0x39, 0x3b, 0x3d, 0x99,
    0x36, 0x37, 0x39, 0xdb, 0x3e, 0x40, 0x42, 0xf4, 0x42, 0x43, 0x45, 0xff, 0x3d, 0x3e, 0x40, 0xff,
    0x3c, 0x3d, 0x3f, 0xff, 0x3d, 0x3e, 0x40, 0xff, 0x3f, 0x41, 0x43, 0xff, 0x3f, 0x41, 0x43, 0xff,
    0x3f, 0x41, 0x43, 0xff, 0x3f, 0x41, 0x43, 0xff, 0x3f, 0x40, 0x44, 0xff, 0x3f, 0x40, 0x44, 0xff,
    0x3e, 0x3f, 0x43, 0xff, 0x3e, 0x3f, 0x43, 0xff, 0x3b, 0x3d, 0x44, 0xff, 0x3b, 0x3d, 0x44, 0xff,
    0x3c, 0x3c, 0x41, 0xff, 0x3c, 0x3c, 0x41, 0xff, 0x35, 0x3a, 0x39, 0xff, 0x29, 0x3c, 0x26, 0xff,
    0x2e, 0x59, 0x1e, 0xff, 0x53, 0x94, 0x37, 0xff, 0x52, 0xa9, 0x2e, 0xff, 0x4c, 0xb1, 0x21, 0xff,
    0x4e, 0xb3, 0x1c, 0xff, 0x4e, 0xb4, 0x1a, 0xff, 0x4e, 0xb1, 0x18, 0xff, 0x4c, 0xac, 0x16, 0xff,
    0x49, 0xa5, 0x16, 0xff, 0x4b, 0x9b, 0x21, 0xff, 0x48, 0x86, 0x2c, 0xff, 0x4f, 0x81, 0x40, 0xff,
    0xb8, 0xe1, 0xb1, 0xff, 0xdd, 0xfe, 0xd8, 0xff, 0xd4, 0xee, 0xcf, 0xff, 0xdc, 0xf5, 0xd1, 0xff,
    0xdc, 0xf8, 0xc8, 0xff, 0xb5, 0xd4, 0x9a, 0xff, 0xc6, 0xe8, 0xa7, 0xff, 0xe6, 0xff, 0xcb, 0xff,
    0xde, 0xf8, 0xd4, 0xff, 0xd1, 0xea, 0xd1, 0xff, 0xd7, 0xf4, 0xdb, 0xff, 0xb9, 0xde, 0xbb, 0xff,
    0x56, 0x86, 0x4e, 0xff, 0x3a, 0x76, 0x2a, 0xff, 0x3a, 0x81, 0x21, 0xff, 0x38, 0x86, 0x17, 0xff,
    0x3c, 0x8b, 0x13, 0xff, 0x3c, 0x8d, 0x10, 0xff, 0x41, 0x8d, 0x11, 0xff, 0x42, 0x8e, 0x14, 0xff,
    0x44, 0x8c, 0x1a, 0xff, 0x44, 0x8b, 0x1c, 0xff, 0x40, 0x8b, 0x19, 0xff, 0x3e, 0x8c, 0x19, 0xff,
    0x3f, 0x8f, 0x1b, 0xfa, 0x3e, 0x8f, 0x1e, 0xff, 0x3f, 0x8f, 0x22, 0x7e, 0x40, 0x8f, 0x25, 0x00,
    0x00, 0x00, 0x00, 0x00, 0x00, 0x00, 0x00, 0x00, 0x00, 0x00, 0x00, 0x00, 0x00, 0x00, 0x00, 0x00,
    0x00, 0x00, 0x00, 0x00, 0x00, 0x00, 0x00, 0x00, 0x00, 0x00, 0x00, 0x00, 0x00, 0x00, 0x00, 0x00,
    0x00, 0x00, 0x00, 0x00, 0x00, 0x00, 0x00, 0x00, 0x00, 0x00, 0x00, 0x00, 0x00, 0x00, 0x00, 0x00,
    0x00, 0x00, 0x00, 0x00, 0x00, 0x00, 0x00, 0x00, 0x00, 0x00, 0x00, 0x00, 0x00, 0x00, 0x00, 0x00,
    0x00, 0x00, 0x00, 0x00, 0x00, 0x00, 0x00, 0x00, 0x00, 0x00, 0x00, 0x00, 0x00, 0x00, 0x00, 0x00,
    0x00, 0x00, 0x00, 0x00, 0x00, 0x00, 0x00, 0x00, 0x00, 0x00, 0x00, 0x00, 0x00, 0x00, 0x00, 0x00,
    0x49, 0x49, 0x49, 0x00, 0x4e, 0x4e, 0x4e, 0x00, 0x48, 0x48, 0x48, 0x00, 0x49, 0x49, 0x49, 0x00,
    0x52, 0x51, 0x52, 0x00, 0x03, 0x03, 0x03, 0x01, 0x55, 0x55, 0x55, 0x03, 0x7d, 0x7d, 0x7d, 0x02,
    0x4b, 0x4c, 0x4e, 0x00, 0x53, 0x55, 0x57, 0x00, 0x62, 0x64, 0x66, 0x0d, 0x48, 0x4a, 0x4c, 0x39,
    0x43, 0x44, 0x46, 0x7c, 0x34, 0x35, 0x37, 0xf5, 0x2c, 0x30, 0x31, 0xff, 0x33, 0x37, 0x38, 0xfe,
    0x2e, 0x32, 0x34, 0xff, 0x2e, 0x32, 0x34, 0xff, 0x2e, 0x32, 0x34, 0xff, 0x2e, 0x32, 0x34, 0xff,
    0x2e, 0x31, 0x35, 0xff, 0x2e, 0x31, 0x35, 0xff, 0x2d, 0x30, 0x34, 0xff, 0x2d, 0x30, 0x34, 0xff,
    0x2a, 0x2f, 0x33, 0xff, 0x2c, 0x2f, 0x33, 0xff, 0x2d, 0x2d, 0x33, 0xff, 0x2d, 0x2d, 0x32, 0xff,
    0x24, 0x27, 0x2b, 0xff, 0x1f, 0x30, 0x1f, 0xff, 0x19, 0x42, 0x0d, 0xff, 0x46, 0x86, 0x2e, 0xff,
    0x4d, 0xa3, 0x2c, 0xff, 0x49, 0xaa, 0x1f, 0xff, 0x49, 0xad, 0x1b, 0xff, 0x4a, 0xaf, 0x19, 0xff,
    0x4c, 0xaf, 0x19, 0xff, 0x4a, 0xab, 0x19, 0xff, 0x45, 0xa4, 0x1a, 0xff, 0x45, 0x9e, 0x1e, 0xff,
    0x3d, 0x8c, 0x1d, 0xff, 0x41, 0x88, 0x28, 0xff, 0x45, 0x82, 0x32, 0xff, 0xb3, 0xe6, 0xa5, 0xff,
    0xcc, 0xf6, 0xc4, 0xff, 0xcf, 0xef, 0xc8, 0xff, 0xe0, 0xf8, 0xd9, 0xff, 0xec, 0xff, 0xe3, 0xff,
    0xe7, 0xfe, 0xdb, 0xff, 0xdf, 0xf6, 0xd3, 0xff, 0xd9, 0xf0, 0xd5, 0xff, 0xe0, 0xfb, 0xe0, 0xff,
    0xb4, 0xd8, 0xb2, 0xff, 0x51, 0x81, 0x4a, 0xff, 0x2a, 0x66, 0x18, 0xff, 0x3a, 0x7f, 0x24, 0xff,
    0x36, 0x82, 0x21, 0xff, 0x36, 0x84, 0x1c, 0xff, 0x3a, 0x89, 0x18, 0xff, 0x3c, 0x8a, 0x15, 0xff,
    0x41, 0x8c, 0x14, 0xff, 0x44, 0x8c, 0x17, 0xff, 0x44, 0x8a, 0x1a, 0xff, 0x41, 0x88, 0x1b, 0xff,
    0x3e, 0x88, 0x1a, 0xff, 0x3b, 0x88, 0x17, 0xfe, 0x38, 0x87, 0x16, 0xfd, 0x36, 0x86, 0x17, 0xfc,
    0x42, 0x92, 0x27, 0x55, 0x42, 0x91, 0x29, 0x00, 0x00, 0x00, 0x00, 0x00, 0x00, 0x00, 0x00, 0x00,
    0x00, 0x00, 0x00, 0x00, 0x00, 0x00, 0x00, 0x00, 0x00, 0x00, 0x00, 0x00, 0x00, 0x00, 0x00, 0x00,
    0x00, 0x00, 0x00, 0x00, 0x00, 0x00, 0x00, 0x00, 0x00, 0x00, 0x00, 0x00, 0x00, 0x00, 0x00, 0x00,
    0x00, 0x00, 0x00, 0x00, 0x00, 0x00, 0x00, 0x00, 0x00, 0x00, 0x00, 0x00, 0x00, 0x00, 0x00, 0x00,
    0x00, 0x00, 0x00, 0x00, 0x00, 0x00, 0x00, 0x00, 0x00, 0x00, 0x00, 0x00, 0x00, 0x00, 0x00, 0x00,
    0x00, 0x00, 0x00, 0x00, 0x00, 0x00, 0x00, 0x00, 0x00, 0x00, 0x00, 0x00, 0x00, 0x00, 0x00, 0x00,
    0x00, 0x00, 0x00, 0x00, 0x00, 0x00, 0x00, 0x00, 0x58, 0x58, 0x58, 0x00, 0x49, 0x49, 0x49, 0x00,
    0x4d, 0x4d, 0x4d, 0x00, 0x4e, 0x4e, 0x4e, 0x00, 0x48, 0x48, 0x48, 0x00, 0x4f, 0x4f, 0x4f, 0x00,
    0x4e, 0x4e, 0x4e, 0x00, 0x4d, 0x4d, 0x4d, 0x00, 0x4f, 0x51, 0x53, 0x03, 0x4e, 0x50, 0x52, 0x03,
    0x1b, 0x1d, 0x1f, 0x03, 0x4e, 0x50, 0x52, 0x00, 0x42, 0x43, 0x45, 0x26, 0x2b, 0x2d, 0x2f, 0xe8,
    0x21, 0x25, 0x27, 0xff, 0x2b, 0x2f, 0x30, 0xfd, 0x26, 0x2a, 0x2c, 0xff, 0x26, 0x2a, 0x2c, 0xff,
    0x24, 0x2a, 0x2c, 0xff, 0x24, 0x2a, 0x2c, 0xff, 0x24, 0x29, 0x2d, 0xff, 0x24, 0x29, 0x2d, 0xff,
    0x23, 0x28, 0x2c, 0xff, 0x23, 0x28, 0x2c, 0xff, 0x22, 0x27, 0x2b, 0xff, 0x24, 0x27, 0x2b, 0xff,
    0x24, 0x24, 0x2b, 0xff, 0x24, 0x24, 0x2b, 0xff, 0x1a, 0x1d, 0x21, 0xff, 0x1b, 0x2a, 0x1f, 0xff,
    0x0e, 0x30, 0x0a, 0xff, 0x44, 0x79, 0x35, 0xff, 0x4e, 0x9a, 0x32, 0xff, 0x48, 0xa2, 0x24, 0xff,
    0x48, 0xa7, 0x1a, 0xff, 0x49, 0xaa, 0x18, 0xff, 0x49, 0xaa, 0x18, 0xff, 0x47, 0xa9, 0x1a, 0xff,
    0x43, 0xa3, 0x1b, 0xff, 0x3f, 0x9f, 0x1e, 0xff, 0x42, 0x9d, 0x25, 0xff, 0x34, 0x89, 0x1b, 0xff,
    0x36, 0x81, 0x23, 0xff, 0x3f, 0x7e, 0x30, 0xff, 0xb2, 0xe4, 0xa7, 0xff, 0xd6, 0xfc, 0xcf, 0xff,
    0xd7, 0xf1, 0xd4, 0xff, 0xd8, 0xee, 0xd6, 0xff, 0xda, 0xf1, 0xd7, 0xff, 0xd3, 0xeb, 0xce, 0xff,
    0xcf, 0xe9, 0xcc, 0xff, 0xc6, 0xe8, 0xc1, 0xff, 0x4a, 0x77, 0x42, 0xff, 0x31, 0x6b, 0x24, 0xff,
    0x36, 0x7c, 0x21, 0xff, 0x31, 0x7e, 0x19, 0xff, 0x32, 0x82, 0x1e, 0xff, 0x34, 0x82, 0x1d, 0xff,
    0x39, 0x86, 0x1a, 0xff, 0x3b, 0x88, 0x17, 0xff, 0x40, 0x89, 0x16, 0xff, 0x43, 0x89, 0x19, 0xff,
    0x44, 0x89, 0x1c, 0xff, 0x40, 0x86, 0x1b, 0xff, 0x3c, 0x85, 0x17, 0xff, 0x37, 0x82, 0x17, 0xfe,
    0x35, 0x7f, 0x16, 0xff, 0x34, 0x80, 0x19, 0xe5, 0x40, 0x90, 0x2b, 0x21, 0x40, 0x90, 0x2c, 0x00,
    0x00, 0x00, 0x00, 0x00, 0x00, 0x00, 0x00, 0x00, 0x00, 0x00, 0x00, 0x00, 0x00, 0x00, 0x00, 0x00,
    0x00, 0x00, 0x00, 0x00, 0x00, 0x00, 0x00, 0x00, 0x00, 0x00, 0x00, 0x00, 0x00, 0x00, 0x00, 0x00,
    0x00, 0x00, 0x00, 0x00, 0x00, 0x00, 0x00, 0x00, 0x00, 0x00, 0x00, 0x00, 0x00, 0x00, 0x00, 0x00,
    0x00, 0x00, 0x00, 0x00, 0x00, 0x00, 0x00, 0x00, 0x00, 0x00, 0x00, 0x00, 0x00, 0x00, 0x00, 0x00,
    0x00, 0x00, 0x00, 0x00, 0x00, 0x00, 0x00, 0x00, 0x00, 0x00, 0x00, 0x00, 0x00, 0x00, 0x00, 0x00,
    0x00, 0x00, 0x00, 0x00, 0x00, 0x00, 0x00, 0x00, 0x00, 0x00, 0x00, 0x00, 0x00, 0x00, 0x00, 0x00,
    0x00, 0x00, 0x00, 0x00, 0x00, 0x00, 0x00, 0x00, 0x00, 0x00, 0x00, 0x00, 0x00, 0x00, 0x00, 0x00,
    0x00, 0x00, 0x00, 0x00, 0x00, 0x00, 0x00, 0x00, 0x00, 0x00, 0x00, 0x00, 0x00, 0x00, 0x00, 0x00,
    0x4d, 0x4f, 0x51, 0x00, 0x46, 0x48, 0x4a, 0x00, 0x53, 0x55, 0x57, 0x03, 0x48, 0x4a, 0x4c, 0x00,
    0x48, 0x49, 0x4e, 0x2c, 0x31, 0x32, 0x36, 0xeb, 0x28, 0x2b, 0x2f, 0xff, 0x30, 0x34, 0x38, 0xfd,
    0x30, 0x34, 0x38, 0xff, 0x30, 0x34, 0x38, 0xff, 0x2e, 0x34, 0x38, 0xff, 0x2e, 0x34, 0x38, 0xff,
    0x2d, 0x34, 0x35, 0xff, 0x2d, 0x34, 0x35, 0xff, 0x2c, 0x32, 0x34, 0xff, 0x2c, 0x32, 0x34, 0xff,
    0x2b, 0x31, 0x33, 0xff, 0x2d, 0x30, 0x34, 0xff, 0x2e, 0x2e, 0x33, 0xff, 0x2e, 0x2e, 0x33, 0xff,
    0x35, 0x38, 0x3c, 0xff, 0x28, 0x32, 0x2e, 0xff, 0x26, 0x36, 0x28, 0xff, 0x27, 0x48, 0x23, 0xff,
    0x50, 0x8e, 0x42, 0xff, 0x48, 0x97, 0x2d, 0xff, 0x45, 0x9f, 0x1c, 0xff, 0x44, 0xa4, 0x15, 0xff,
    0x44, 0xa4, 0x17, 0xff, 0x41, 0xa2, 0x17, 0xff, 0x3c, 0xa0, 0x19, 0xff, 0x39, 0x9c, 0x1f, 0xff,
    0x33, 0x96, 0x21, 0xff, 0x33, 0x8c, 0x25, 0xff, 0x34, 0x83, 0x26, 0xff, 0x37, 0x7a, 0x2b, 0xff,
    0x42, 0x75, 0x34, 0xff, 0xb6, 0xdc, 0xa8, 0xff, 0xe1, 0xfd, 0xd4, 0xff, 0xd9, 0xf0, 0xcd, 0xff,
    0xde, 0xfa, 0xd6, 0xff, 0xd9, 0xf8, 0xd1, 0xff, 0xc2, 0xe6, 0xb7, 0xff, 0x49, 0x76, 0x3c, 0xff,
    0x3a, 0x72, 0x2b, 0xff, 0x34, 0x77, 0x23, 0xff, 0x31, 0x7d, 0x1c, 0xff, 0x2f, 0x7f, 0x19, 0xff,
    0x32, 0x83, 0x1b, 0xff, 0x34, 0x84, 0x19, 0xff, 0x38, 0x85, 0x19, 0xff, 0x3a, 0x86, 0x17, 0xff,
    0x3c, 0x85, 0x17, 0xff, 0x3f, 0x86, 0x19, 0xff, 0x3f, 0x85, 0x1a, 0xff, 0x3f, 0x85, 0x1a, 0xff,
    0x39, 0x82, 0x17, 0xff, 0x36, 0x7e, 0x15, 0xfc, 0x34, 0x77, 0x16, 0xff, 0x34, 0x7b, 0x1b, 0xb2,
    0x20, 0x70, 0x11, 0x00, 0x04, 0x58, 0x00, 0x03, 0x00, 0x00, 0x00, 0x00, 0x00, 0x00, 0x00, 0x00,
    0x00, 0x00, 0x00, 0x00, 0x00, 0x00, 0x00, 0x00, 0x00, 0x00, 0x00, 0x00, 0x00, 0x00, 0x00, 0x00,
    0x00, 0x00, 0x00, 0x00, 0x00, 0x00, 0x00, 0x00, 0x00, 0x00, 0x00, 0x00, 0x00, 0x00, 0x00, 0x00,
    0x00, 0x00, 0x00, 0x00, 0x00, 0x00, 0x00, 0x00, 0x00, 0x00, 0x00, 0x00, 0x00, 0x00, 0x00, 0x00,
    0x00, 0x00, 0x00, 0x00, 0x00, 0x00, 0x00, 0x00, 0x00, 0x00, 0x00, 0x00, 0x00, 0x00, 0x00, 0x00,
    0x00, 0x00, 0x00, 0x00, 0x00, 0x00, 0x00, 0x00, 0x00, 0x00, 0x00, 0x00, 0x00, 0x00, 0x00, 0x00,
    0x00, 0x00, 0x00, 0x00, 0x00, 0x00, 0x00, 0x00, 0x00, 0x00, 0x00, 0x00, 0x00, 0x00, 0x00, 0x00,
    0x00, 0x00, 0x00, 0x00, 0x00, 0x00, 0x00, 0x00, 0x00, 0x00, 0x00, 0x00, 0x00, 0x00, 0x00, 0x00,
    0x00, 0x00, 0x00, 0x00, 0x00, 0x00, 0x00, 0x00, 0x48, 0x4a, 0x4c, 0x00, 0x48, 0x4a, 0x4c, 0x00,
    0x78, 0x7a, 0x7c, 0x02, 0x46, 0x48, 0x4a, 0x00, 0x4d, 0x4e, 0x52, 0x29, 0x37, 0x38, 0x3c, 0xeb,
    0x2e, 0x31, 0x35, 0xff, 0x35, 0x38, 0x3c, 0xfd, 0x36, 0x39, 0x3d, 0xff, 0x36, 0x39, 0x3d, 0xff,
    0x34, 0x3a, 0x3d, 0xff, 0x34, 0x3a, 0x3d, 0xff, 0x34, 0x3b, 0x3c, 0xff, 0x34, 0x3b, 0x3c, 0xff,
    0x33, 0x39, 0x3b, 0xff, 0x33, 0x39, 0x3b, 0xff, 0x32, 0x38, 0x39, 0xff, 0x32, 0x38, 0x39, 0xff,
    0x33, 0x36, 0x3a, 0xff, 0x33, 0x36, 0x3a, 0xff, 0x33, 0x39, 0x3b, 0xff, 0x2a, 0x30, 0x31, 0xff,
    0x2a, 0x31, 0x30, 0xff, 0x2d, 0x41, 0x2e, 0xff, 0x4b, 0x7c, 0x42, 0xfe, 0x42, 0x8a, 0x2f, 0xfe,
    0x42, 0x97, 0x1c, 0xff, 0x42, 0x9e, 0x14, 0xff, 0x40, 0x9d, 0x15, 0xff, 0x3c, 0x9c, 0x16, 0xff,
    0x38, 0x9b, 0x19, 0xff, 0x36, 0x99, 0x1e, 0xff, 0x32, 0x94, 0x22, 0xff, 0x31, 0x8d, 0x23, 0xff,
    0x32, 0x85, 0x23, 0xff, 0x37, 0x7d, 0x26, 0xff, 0x3b, 0x74, 0x2b, 0xff, 0x44, 0x70, 0x32, 0xff,
    0xb3, 0xd5, 0xa0, 0xff, 0xde, 0xfd, 0xca, 0xff, 0xd4, 0xf8, 0xc4, 0xff, 0xc2, 0xeb, 0xb5, 0xff,
    0x46, 0x74, 0x36, 0xff, 0x31, 0x68, 0x1f, 0xff, 0x36, 0x77, 0x21, 0xff, 0x32, 0x7b, 0x1b, 0xff,
    0x31, 0x7e, 0x19, 0xff, 0x31, 0x80, 0x16, 0xff, 0x33, 0x82, 0x18, 0xff, 0x33, 0x82, 0x18, 0xff,
    0x35, 0x82, 0x18, 0xff, 0x37, 0x82, 0x18, 0xff, 0x39, 0x81, 0x18, 0xff, 0x39, 0x81, 0x18, 0xff,
    0x3b, 0x81, 0x18, 0xff, 0x39, 0x82, 0x17, 0xff, 0x36, 0x7f, 0x13, 0xff, 0x32, 0x79, 0x13, 0xfd,
    0x36, 0x75, 0x19, 0xff, 0x38, 0x7a, 0x22, 0x5a, 0x25, 0x73, 0x19, 0x00, 0x04, 0x59, 0x00, 0x03,
    0x00, 0x00, 0x00, 0x00, 0x00, 0x00, 0x00, 0x00, 0x00, 0x00, 0x00, 0x00, 0x00, 0x00, 0x00, 0x00,
    0x00, 0x00, 0x00, 0x00, 0x00, 0x00, 0x00, 0x00, 0x00, 0x00, 0x00, 0x00, 0x00, 0x00, 0x00, 0x00,
    0x00, 0x00, 0x00, 0x00, 0x00, 0x00, 0x00, 0x00, 0x00, 0x00, 0x00, 0x00, 0x00, 0x00, 0x00, 0x00,
    0x00, 0x00, 0x00, 0x00, 0x00, 0x00, 0x00, 0x00, 0x00, 0x00, 0x00, 0x00, 0x00, 0x00, 0x00, 0x00,
    0x00, 0x00, 0x00, 0x00, 0x00, 0x00, 0x00, 0x00, 0x00, 0x00, 0x00, 0x00, 0x00, 0x00, 0x00, 0x00,
    0x00, 0x00, 0x00, 0x00, 0x00, 0x00, 0x00, 0x00, 0x00, 0x00, 0x00, 0x00, 0x00, 0x00, 0x00, 0x00,
    0x00, 0x00, 0x00, 0x00, 0x00, 0x00, 0x00, 0x00, 0x00, 0x00, 0x00, 0x00, 0x00, 0x00, 0x00, 0x00,
    0x00, 0x00, 0x00, 0x00, 0x00, 0x00, 0x00, 0x00, 0x00, 0x00, 0x00, 0x00, 0x00, 0x00, 0x00, 0x00,
    0x48, 0x4a, 0x4c, 0x00, 0x48, 0x4a, 0x4c, 0x00, 0x79, 0x7b, 0x7d, 0x02, 0x51, 0x52, 0x54, 0x00,
    0x55, 0x56, 0x5b, 0x29, 0x3e, 0x3f, 0x43, 0xeb, 0x35, 0x38, 0x3c, 0xff, 0x3d, 0x40, 0x44, 0xfd,
    0x3c, 0x3f, 0x43, 0xff, 0x3c, 0x3f, 0x43, 0xff, 0x3a, 0x40, 0x43, 0xff, 0x3a, 0x40, 0x43, 0xff,
    0x3a, 0x40, 0x42, 0xff, 0x3a, 0x40, 0x42, 0xff, 0x39, 0x3f, 0x40, 0xff, 0x39, 0x3f, 0x40, 0xff,
    0x38, 0x3e, 0x3f, 0xff, 0x38, 0x3e, 0x3f, 0xff, 0x39, 0x3d, 0x3e, 0xff, 0x39, 0x3d, 0x3e, 0xff,
    0x33, 0x39, 0x3b, 0xff, 0x2a, 0x31, 0x30, 0xff, 0x2a, 0x31, 0x30, 0xff, 0x2d, 0x40, 0x2f, 0xff,
    0x3e, 0x69, 0x39, 0xff, 0x3c, 0x7b, 0x2b, 0xfe, 0x41, 0x8d, 0x1d, 0xff, 0x40, 0x97, 0x15, 0xff,
    0x3d, 0x97, 0x14, 0xff, 0x38, 0x95, 0x14, 0xff, 0x36, 0x95, 0x16, 0xff, 0x35, 0x95, 0x1a, 0xff,
    0x35, 0x93, 0x1d, 0xff, 0x35, 0x8f, 0x1e, 0xff, 0x34, 0x88, 0x1d, 0xff, 0x37, 0x81, 0x1e, 0xff,
    0x3a, 0x77, 0x20, 0xff, 0x41, 0x75, 0x26, 0xff, 0x42, 0x6e, 0x27, 0xff, 0xae, 0xda, 0x95, 0xff,
    0xb8, 0xe6, 0xa1, 0xff, 0x41, 0x72, 0x2b, 0xff, 0x26, 0x5e, 0x0f, 0xff, 0x34, 0x74, 0x1c, 0xff,
    0x36, 0x7b, 0x1a, 0xff, 0x34, 0x7e, 0x15, 0xff, 0x33, 0x81, 0x13, 0xff, 0x33, 0x81, 0x13, 0xff,
    0x35, 0x82, 0x18, 0xff, 0x37, 0x81, 0x1a, 0xff, 0x37, 0x81, 0x1a, 0xff, 0x37, 0x7e, 0x17, 0xff,
    0x36, 0x7d, 0x16, 0xff, 0x35, 0x7c, 0x15, 0xff, 0x35, 0x7c, 0x15, 0xff, 0x35, 0x7d, 0x14, 0xff,
    0x31, 0x7b, 0x0d, 0xfd, 0x30, 0x75, 0x0d, 0xff, 0x38, 0x75, 0x19, 0xd3, 0x39, 0x78, 0x23, 0x0e,
    0x24, 0x70, 0x1b, 0x00, 0x00, 0x31, 0x00, 0x01, 0x00, 0x00, 0x00, 0x00, 0x00, 0x00, 0x00, 0x00,
    0x00, 0x00, 0x00, 0x00, 0x00, 0x00, 0x00, 0x00, 0x00, 0x00, 0x00, 0x00, 0x00, 0x00, 0x00, 0x00,
    0x00, 0x00, 0x00, 0x00, 0x00, 0x00, 0x00, 0x00, 0x00, 0x00, 0x00, 0x00, 0x00, 0x00, 0x00, 0x00,
    0x00, 0x00, 0x00, 0x00, 0x00, 0x00, 0x00, 0x00, 0x00, 0x00, 0x00, 0x00, 0x00, 0x00, 0x00, 0x00,
    0x00, 0x00, 0x00, 0x00, 0x00, 0x00, 0x00, 0x00, 0x00, 0x00, 0x00, 0x00, 0x00, 0x00, 0x00, 0x00,
    0x00, 0x00, 0x00, 0x00, 0x00, 0x00, 0x00, 0x00, 0x00, 0x00, 0x00, 0x00, 0x00, 0x00, 0x00, 0x00,
    0x00, 0x00, 0x00, 0x00, 0x00, 0x00, 0x00, 0x00, 0x00, 0x00, 0x00, 0x00, 0x00, 0x00, 0x00, 0x00,
    0x00, 0x00, 0x00, 0x00, 0x00, 0x00, 0x00, 0x00, 0x00, 0x00, 0x00, 0x00, 0x00, 0x00, 0x00, 0x00,
    0x00, 0x00, 0x00, 0x00, 0x00, 0x00, 0x00, 0x00, 0x45, 0x47, 0x49, 0x00, 0x46, 0x48, 0x4a, 0x00,
    0x7f, 0x81, 0x83, 0x02, 0x43, 0x44, 0x46, 0x00, 0x5a, 0x5b, 0x5f, 0x28, 0x43, 0x43, 0x48, 0xeb,
    0x3a, 0x3d, 0x41, 0xff, 0x42, 0x45, 0x49, 0xfd, 0x41, 0x44, 0x48, 0xff, 0x41, 0x44, 0x48, 0xff,
    0x3f, 0x44, 0x48, 0xff, 0x3f, 0x44, 0x48, 0xff, 0x3d, 0x44, 0x45, 0xff, 0x3d, 0x44, 0x45, 0xff,
    0x3c, 0x43, 0x44, 0xff, 0x3c, 0x43, 0x44, 0xff, 0x3b, 0x42, 0x43, 0xff, 0x3a, 0x40, 0x42, 0xff,
    0x3b, 0x3f, 0x40, 0xff, 0x3a, 0x3e, 0x3f, 0xff, 0x35, 0x3d, 0x3b, 0xff, 0x2b, 0x32, 0x31, 0xff,
    0x2a, 0x31, 0x30, 0xfe, 0x2d, 0x3d, 0x2f, 0xff, 0x38, 0x5b, 0x35, 0xeb, 0x38, 0x6e, 0x2c, 0xed,
    0x44, 0x87, 0x24, 0xff, 0x43, 0x92, 0x1a, 0xfe, 0x3a, 0x8f, 0x14, 0xff, 0x36, 0x90, 0x14, 0xff,
    0x34, 0x90, 0x14, 0xff, 0x37, 0x92, 0x18, 0xff, 0x37, 0x91, 0x1a, 0xff, 0x37, 0x8f, 0x1a, 0xff,
    0x38, 0x89, 0x1a, 0xff, 0x39, 0x83, 0x19, 0xff, 0x45, 0x88, 0x26, 0xff, 0x3a, 0x76, 0x1a, 0xff,
    0x37, 0x70, 0x19, 0xff, 0x39, 0x71, 0x1d, 0xff, 0x3c, 0x73, 0x1f, 0xff, 0x28, 0x63, 0x0c, 0xff,
    0x30, 0x71, 0x15, 0xff, 0x2f, 0x74, 0x13, 0xff, 0x36, 0x7e, 0x15, 0xff, 0x36, 0x7f, 0x12, 0xff,
    0x37, 0x82, 0x10, 0xff, 0x37, 0x81, 0x11, 0xff, 0x38, 0x7f, 0x19, 0xff, 0x38, 0x7e, 0x1c, 0xff,
    0x37, 0x7c, 0x1b, 0xff, 0x36, 0x7b, 0x1a, 0xff, 0x34, 0x79, 0x17, 0xff, 0x32, 0x78, 0x16, 0xff,
    0x31, 0x77, 0x15, 0xff, 0x31, 0x77, 0x15, 0xff, 0x2f, 0x72, 0x0f, 0xfa, 0x34, 0x73, 0x17, 0xff,
    0x3a, 0x72, 0x22, 0x66, 0x34, 0x73, 0x22, 0x00, 0x00, 0x55, 0x00, 0x03, 0x11, 0x71, 0x0a, 0x00,
    0x00, 0x00, 0x00, 0x00, 0x00, 0x00, 0x00, 0x00, 0x00, 0x00, 0x00, 0x00, 0x00, 0x00, 0x00, 0x00,
    0x00, 0x00, 0x00, 0x00, 0x00, 0x00, 0x00, 0x00, 0x00, 0x00, 0x00, 0x00, 0x00, 0x00, 0x00, 0x00,
    0x00, 0x00, 0x00, 0x00, 0x00, 0x00, 0x00, 0x00, 0x00, 0x00, 0x00, 0x00, 0x00, 0x00, 0x00, 0x00,
    0x00, 0x00, 0x00, 0x00, 0x00, 0x00, 0x00, 0x00, 0x00, 0x00, 0x00, 0x00, 0x00, 0x00, 0x00, 0x00,
    0x00, 0x00, 0x00, 0x00, 0x00, 0x00, 0x00, 0x00, 0x00, 0x00, 0x00, 0x00, 0x00, 0x00, 0x00, 0x00,
    0x00, 0x00, 0x00, 0x00, 0x00, 0x00, 0x00, 0x00, 0x00, 0x00, 0x00, 0x00, 0x00, 0x00, 0x00, 0x00,
    0x00, 0x00, 0x00, 0x00, 0x00, 0x00, 0x00, 0x00, 0x00, 0x00, 0x00, 0x00, 0x00, 0x00, 0x00, 0x00,
    0x00, 0x00, 0x00, 0x00, 0x00, 0x00, 0x00, 0x00, 0x00, 0x00, 0x00, 0x00, 0x00, 0x00, 0x00, 0x00,
    0x4b, 0x4c, 0x4e, 0x00, 0x3e, 0x40, 0x42, 0x00, 0x7c, 0x7d, 0x7f, 0x02, 0x4a, 0x4b, 0x4d, 0x00,
    0x58, 0x58, 0x5d, 0x28, 0x46, 0x47, 0x4b, 0xea, 0x3b, 0x3e, 0x42, 0xff, 0x44, 0x47, 0x4b, 0xfd,
    0x3f, 0x43, 0x47, 0xff, 0x3f, 0x43, 0x47, 0xff, 0x3f, 0x43, 0x47, 0xff, 0x3e, 0x42, 0x46, 0xff,
    0x3e, 0x42, 0x46, 0xff, 0x3d, 0x40, 0x44, 0xff, 0x3d, 0x40, 0x44, 0xff, 0x3d, 0x40, 0x44, 0xff,
    0x3c, 0x40, 0x42, 0xff, 0x3b, 0x3f, 0x40, 0xff, 0x39, 0x3d, 0x3e, 0xff, 0x36, 0x3a, 0x3c, 0xff,
    0x3a, 0x3e, 0x3e, 0xff, 0x2f, 0x34, 0x33, 0xff, 0x2a, 0x31, 0x30, 0xfc, 0x2b, 0x3a, 0x31, 0xff,
    0x3f, 0x5c, 0x43, 0xba, 0x47, 0x74, 0x41, 0x78, 0x49, 0x84, 0x2d, 0xfd, 0x38, 0x7e, 0x13, 0xfe,
    0x3a, 0x86, 0x16, 0xff, 0x37, 0x8a, 0x14, 0xff, 0x35, 0x8a, 0x14, 0xff, 0x35, 0x8a, 0x14, 0xff,
    0x39, 0x8c, 0x16, 0xff, 0x38, 0x8a, 0x16, 0xff, 0x39, 0x88, 0x17, 0xff, 0x39, 0x84, 0x16, 0xff,
    0x39, 0x7f, 0x16, 0xff, 0x39, 0x7b, 0x15, 0xff, 0x38, 0x78, 0x17, 0xff, 0x34, 0x77, 0x16, 0xff,
    0x33, 0x76, 0x15, 0xff, 0x30, 0x76, 0x14, 0xff, 0x31, 0x78, 0x12, 0xff, 0x32, 0x7a, 0x11, 0xff,
    0x34, 0x7d, 0x0f, 0xff, 0x37, 0x7f, 0x0f, 0xff, 0x37, 0x7f, 0x0d, 0xff, 0x37, 0x7e, 0x10, 0xff,
    0x37, 0x7a, 0x18, 0xff, 0x37, 0x77, 0x1d, 0xff, 0x36, 0x76, 0x1c, 0xff, 0x34, 0x75, 0x1b, 0xff,
    0x32, 0x73, 0x18, 0xff, 0x31, 0x72, 0x17, 0xff, 0x30, 0x70, 0x16, 0xff, 0x2f, 0x6e, 0x17, 0xfa,
    0x2e, 0x69, 0x19, 0xff, 0x35, 0x69, 0x26, 0xbd, 0x5f, 0x92, 0x5a, 0x09, 0x2a, 0x6e, 0x25, 0x00,
    0x5b, 0xc4, 0x4f, 0x01, 0x06, 0x83, 0x00, 0x00, 0x00, 0x00, 0x00, 0x00, 0x00, 0x00, 0x00, 0x00,
    0x00, 0x00, 0x00, 0x00, 0x00, 0x00, 0x00, 0x00, 0x00, 0x00, 0x00, 0x00, 0x00, 0x00, 0x00, 0x00,
    0x00, 0x00, 0x00, 0x00, 0x00, 0x00, 0x00, 0x00, 0x00, 0x00, 0x00, 0x00, 0x00, 0x00, 0x00, 0x00,
    0x00, 0x00, 0x00, 0x00, 0x00, 0x00, 0x00, 0x00, 0x00, 0x00, 0x00, 0x00, 0x00, 0x00, 0x00, 0x00,
    0x00, 0x00, 0x00, 0x00, 0x00, 0x00, 0x00, 0x00, 0x00, 0x00, 0x00, 0x00, 0x00, 0x00, 0x00, 0x00,
    0x00, 0x00, 0x00, 0x00, 0x00, 0x00, 0x00, 0x00, 0x00, 0x00, 0x00, 0x00, 0x00, 0x00, 0x00, 0x00,
    0x00, 0x00, 0x00, 0x00, 0x00, 0x00, 0x00, 0x00, 0x00, 0x00, 0x00, 0x00, 0x00, 0x00, 0x00, 0x00,
    0x00, 0x00, 0x00, 0x00, 0x00, 0x00, 0x00, 0x00, 0x00, 0x00, 0x00, 0x00, 0x00, 0x00, 0x00, 0x00,
    0x00, 0x00, 0x00, 0x00, 0x00, 0x00, 0x00, 0x00, 0x4a, 0x4b, 0x4d, 0x00, 0x4f, 0x51, 0x53, 0x00,
    0x7c, 0x7d, 0x7f, 0x02, 0x47, 0x48, 0x4d, 0x00, 0x61, 0x62, 0x66, 0x1f, 0x51, 0x51, 0x56, 0xde,
    0x3d, 0x40, 0x44, 0xff, 0x3d, 0x40, 0x44, 0xfc, 0x3c, 0x3f, 0x43, 0xfe, 0x3c, 0x3f, 0x43, 0xfe,
    0x3c, 0x3f, 0x43, 0xfe, 0x3b, 0x3e, 0x42, 0xfe, 0x3b, 0x3e, 0x42, 0xfe, 0x3a, 0x3d, 0x41, 0xfe,
    0x3a, 0x3d, 0x41, 0xfe, 0x3a, 0x3d, 0x41, 0xfe, 0x37, 0x3b, 0x3f, 0xfe, 0x35, 0x39, 0x3b, 0xfe,
    0x33, 0x37, 0x38, 0xfe, 0x32, 0x36, 0x37, 0xfe, 0x37, 0x3b, 0x3d, 0xfe, 0x2f, 0x34, 0x33, 0xfe,
    0x2b, 0x32, 0x31, 0xf9, 0x31, 0x3b, 0x37, 0xff, 0x3f, 0x53, 0x46, 0xbb, 0xa7, 0xc8, 0xa3, 0x09,
    0x49, 0x7b, 0x31, 0xb6, 0x37, 0x76, 0x13, 0xff, 0x3a, 0x81, 0x15, 0xfb, 0x36, 0x83, 0x12, 0xff,
    0x35, 0x85, 0x12, 0xff, 0x35, 0x85, 0x12, 0xff, 0x35, 0x84, 0x15, 0xff, 0x37, 0x83, 0x15, 0xff,
    0x37, 0x82, 0x17, 0xff, 0x38, 0x81, 0x15, 0xff, 0x36, 0x7e, 0x15, 0xff, 0x35, 0x7d, 0x14, 0xff,
    0x34, 0x7b, 0x14, 0xff, 0x30, 0x7a, 0x13, 0xff, 0x2f, 0x79, 0x12, 0xff, 0x2e, 0x78, 0x11, 0xff,
    0x2f, 0x79, 0x10, 0xff, 0x31, 0x79, 0x10, 0xff, 0x33, 0x7a, 0x0e, 0xff, 0x35, 0x79, 0x0e, 0xff,
    0x35, 0x79, 0x0e, 0xff, 0x35, 0x78, 0x12, 0xff, 0x35, 0x73, 0x1a, 0xff, 0x35, 0x72, 0x1d, 0xff,
    0x33, 0x6f, 0x1b, 0xff, 0x30, 0x6f, 0x19, 0xff, 0x2f, 0x6c, 0x17, 0xff, 0x2e, 0x6b, 0x16, 0xff,
    0x2b, 0x6a, 0x15, 0xfd, 0x2d, 0x67, 0x19, 0xff, 0x34, 0x68, 0x25, 0xf3, 0x3e, 0x6f, 0x37, 0x38,
    0x35, 0x62, 0x34, 0x00, 0x24, 0x63, 0x22, 0x03, 0x18, 0x79, 0x0e, 0x00, 0x0c, 0x7e, 0x00, 0x00,
    0x00, 0x00, 0x00, 0x00, 0x00, 0x00, 0x00, 0x00, 0x00, 0x00, 0x00, 0x00, 0x00, 0x00, 0x00, 0x00,
    0x00, 0x00, 0x00, 0x00, 0x00, 0x00, 0x00, 0x00, 0x00, 0x00, 0x00, 0x00, 0x00, 0x00, 0x00, 0x00,
    0x00, 0x00, 0x00, 0x00, 0x00, 0x00, 0x00, 0x00, 0x00, 0x00, 0x00, 0x00, 0x00, 0x00, 0x00, 0x00,
    0x00, 0x00, 0x00, 0x00, 0x00, 0x00, 0x00, 0x00, 0x00, 0x00, 0x00, 0x00, 0x00, 0x00, 0x00, 0x00,
    0x00, 0x00, 0x00, 0x00, 0x00, 0x00, 0x00, 0x00, 0x00, 0x00, 0x00, 0x00, 0x00, 0x00, 0x00, 0x00,
    0x00, 0x00, 0x00, 0x00, 0x00, 0x00, 0x00, 0x00, 0x00, 0x00, 0x00, 0x00, 0x00, 0x00, 0x00, 0x00,
    0x00, 0x00, 0x00, 0x00, 0x00, 0x00, 0x00, 0x00, 0x00, 0x00, 0x00, 0x00, 0x00, 0x00, 0x00, 0x00,
    0x00, 0x00, 0x00, 0x00, 0x00, 0x00, 0x00, 0x00, 0x00, 0x00, 0x00, 0x00, 0x00, 0x00, 0x00, 0x00,
    0x47, 0x49, 0x4b, 0x00, 0x44, 0x45, 0x49, 0x00, 0x00, 0x00, 0x04, 0x01, 0x05, 0x06, 0x0a, 0x02,
    0x45, 0x45, 0x4c, 0x00, 0x43, 0x43, 0x49, 0xa6, 0x3a, 0x3c, 0x42, 0xff, 0x3a, 0x3c, 0x42, 0xfb,
    0x36, 0x39, 0x3f, 0xfe, 0x36, 0x39, 0x3f, 0xfe, 0x36, 0x39, 0x3d, 0xfe, 0x35, 0x38, 0x3c, 0xfe,
    0x35, 0x37, 0x3e, 0xfe, 0x34, 0x36, 0x3d, 0xfe, 0x34, 0x37, 0x3b, 0xfe, 0x34, 0x37, 0x3b, 0xfe,
    0x33, 0x36, 0x3a, 0xfe, 0x32, 0x35, 0x39, 0xfe, 0x30, 0x34, 0x38, 0xfe, 0x30, 0x34, 0x38, 0xfe,
    0x33, 0x36, 0x3a, 0xfe, 0x2d, 0x31, 0x33, 0xfe, 0x2d, 0x34, 0x35, 0xfd, 0x37, 0x40, 0x3f, 0xff,
    0x40, 0x4d, 0x49, 0x83, 0x56, 0x6e, 0x56, 0x00, 0x49, 0x73, 0x31, 0x24, 0x44, 0x7e, 0x23, 0xd9,
    0x38, 0x79, 0x16, 0xff, 0x34, 0x7c, 0x11, 0xfb, 0x35, 0x7f, 0x0f, 0xff, 0x33, 0x7f, 0x10, 0xff,
    0x33, 0x7c, 0x15, 0xff, 0x35, 0x7a, 0x18, 0xff, 0x36, 0x7c, 0x18, 0xff, 0x35, 0x7b, 0x17, 0xff,
    0x35, 0x7b, 0x17, 0xff, 0x34, 0x7a, 0x16, 0xff, 0x32, 0x7a, 0x16, 0xff, 0x2e, 0x79, 0x14, 0xff,
    0x2d, 0x78, 0x13, 0xff, 0x2c, 0x77, 0x12, 0xff, 0x2e, 0x77, 0x12, 0xff, 0x2f, 0x75, 0x11, 0xff,
    0x33, 0x74, 0x11, 0xff, 0x34, 0x72, 0x11, 0xff, 0x33, 0x70, 0x12, 0xff, 0x33, 0x6e, 0x15, 0xff,
    0x33, 0x6d, 0x18, 0xff, 0x33, 0x6b, 0x1b, 0xff, 0x2e, 0x69, 0x19, 0xff, 0x2d, 0x67, 0x19, 0xff,
    0x2d, 0x65, 0x17, 0xff, 0x2c, 0x63, 0x16, 0xfd, 0x28, 0x63, 0x15, 0xfc, 0x28, 0x61, 0x18, 0xfe,
    0x36, 0x6c, 0x2c, 0x5f, 0x27, 0x57, 0x20, 0x00, 0x25, 0x4d, 0x19, 0x03, 0x33, 0x61, 0x2a, 0x00,
    0x2c, 0x68, 0x28, 0x00, 0x2e, 0x72, 0x2e, 0x00, 0x00, 0x00, 0x00, 0x00, 0x00, 0x00, 0x00, 0x00,
    0x00, 0x00, 0x00, 0x00, 0x00, 0x00, 0x00, 0x00, 0x00, 0x00, 0x00, 0x00, 0x00, 0x00, 0x00, 0x00,
    0x00, 0x00, 0x00, 0x00, 0x00, 0x00, 0x00, 0x00, 0x00, 0x00, 0x00, 0x00, 0x00, 0x00, 0x00, 0x00,
    0x00, 0x00, 0x00, 0x00, 0x00, 0x00, 0x00, 0x00, 0x00, 0x00, 0x00, 0x00, 0x00, 0x00, 0x00, 0x00,
    0x00, 0x00, 0x00, 0x00, 0x00, 0x00, 0x00, 0x00, 0x00, 0x00, 0x00, 0x00, 0x00, 0x00, 0x00, 0x00,
    0x00, 0x00, 0x00, 0x00, 0x00, 0x00, 0x00, 0x00, 0x00, 0x00, 0x00, 0x00, 0x00, 0x00, 0x00, 0x00,
    0x00, 0x00, 0x00, 0x00, 0x00, 0x00, 0x00, 0x00, 0x00, 0x00, 0x00, 0x00, 0x00, 0x00, 0x00, 0x00,
    0x00, 0x00, 0x00, 0x00, 0x00, 0x00, 0x00, 0x00, 0x00, 0x00, 0x00, 0x00, 0x00, 0x00, 0x00, 0x00,
    0x00, 0x00, 0x00, 0x00, 0x00, 0x00, 0x02, 0x00, 0x46, 0x47, 0x4b, 0x00, 0x48, 0x49, 0x4e, 0x00,
    0x46, 0x47, 0x4b, 0x00, 0x29, 0x2a, 0x2e, 0x02, 0x4e, 0x4e, 0x55, 0x00, 0x4c, 0x4c, 0x53, 0x20,
    0x3c, 0x3e, 0x45, 0xab, 0x32, 0x34, 0x3a, 0xf3, 0x32, 0x34, 0x3a, 0xfe, 0x32, 0x34, 0x3a, 0xff,
    0x32, 0x34, 0x3a, 0xff, 0x32, 0x34, 0x3a, 0xff, 0x30, 0x33, 0x39, 0xff, 0x30, 0x33, 0x39, 0xff,
    0x30, 0x33, 0x39, 0xff, 0x30, 0x33, 0x39, 0xff, 0x30, 0x33, 0x39, 0xff, 0x30, 0x33, 0x39, 0xff,
    0x30, 0x33, 0x39, 0xff, 0x30, 0x33, 0x39, 0xff, 0x2e, 0x30, 0x37, 0xff, 0x2b, 0x2e, 0x32, 0xfe,
    0x30, 0x35, 0x39, 0xee, 0x3c, 0x43, 0x44, 0x92, 0x5f, 0x66, 0x65, 0x0d, 0x00, 0x10, 0x00, 0x03,
    0x51, 0x74, 0x41, 0x00, 0x45, 0x75, 0x2b, 0x31, 0x37, 0x72, 0x1b, 0xe6, 0x33, 0x75, 0x16, 0xff,
    0x31, 0x78, 0x12, 0xfa, 0x31, 0x77, 0x13, 0xfe, 0x32, 0x76, 0x19, 0xff, 0x34, 0x75, 0x1b, 0xff,
    0x34, 0x75, 0x1b, 0xff, 0x34, 0x75, 0x1b, 0xff, 0x36, 0x77, 0x1a, 0xff, 0x32, 0x76, 0x19, 0xff,
    0x30, 0x77, 0x18, 0xff, 0x30, 0x77, 0x18, 0xff, 0x2d, 0x77, 0x16, 0xff, 0x2c, 0x75, 0x15, 0xff,
    0x2d, 0x73, 0x16, 0xff, 0x2e, 0x72, 0x15, 0xff, 0x31, 0x6f, 0x15, 0xff, 0x31, 0x6d, 0x14, 0xff,
    0x32, 0x6b, 0x14, 0xff, 0x32, 0x69, 0x17, 0xff, 0x2f, 0x68, 0x18, 0xff, 0x2f, 0x67, 0x19, 0xff,
    0x2b, 0x65, 0x17, 0xff, 0x2c, 0x63, 0x18, 0xff, 0x2c, 0x5f, 0x1a, 0xfb, 0x2d, 0x5d, 0x1a, 0xfe,
    0x2c, 0x5d, 0x17, 0xfe, 0x2c, 0x5b, 0x1a, 0x72, 0x3c, 0x66, 0x34, 0x00, 0x00, 0x1d, 0x00, 0x02,
    0x3a, 0x59, 0x2d, 0x00, 0x45, 0x60, 0x3a, 0x00, 0x41, 0x60, 0x40, 0x00, 0x31, 0x52, 0x33, 0x00,
    0x00, 0x00, 0x00, 0x00, 0x00, 0x00, 0x00, 0x00, 0x00, 0x00, 0x00, 0x00, 0x00, 0x00, 0x00, 0x00,
    0x00, 0x00, 0x00, 0x00, 0x00, 0x00, 0x00, 0x00, 0x00, 0x00, 0x00, 0x00, 0x00, 0x00, 0x00, 0x00,
    0x00, 0x00, 0x00, 0x00, 0x00, 0x00, 0x00, 0x00, 0x00, 0x00, 0x00, 0x00, 0x00, 0x00, 0x00, 0x00,
    0x00, 0x00, 0x00, 0x00, 0x00, 0x00, 0x00, 0x00, 0x00, 0x00, 0x00, 0x00, 0x00, 0x00, 0x00, 0x00,
    0x00, 0x00, 0x00, 0x00, 0x00, 0x00, 0x00, 0x00, 0x00, 0x00, 0x00, 0x00, 0x00, 0x00, 0x00, 0x00,
    0x00, 0x00, 0x00, 0x00, 0x00, 0x00, 0x00, 0x00, 0x00, 0x00, 0x00, 0x00, 0x00, 0x00, 0x00, 0x00,
    0x00, 0x00, 0x00, 0x00, 0x00, 0x00, 0x00, 0x00, 0x00, 0x00, 0x02, 0x00, 0x00, 0x00, 0x02, 0x00,
    0x00, 0x00, 0x02, 0x00, 0x00, 0x00, 0x02, 0x00, 0x00, 0x00, 0x02, 0x00, 0x00, 0x00, 0x03, 0x00,
    0x34, 0x34, 0x39, 0x00, 0x34, 0x34, 0x39, 0x00, 0x34, 0x34, 0x3a, 0x00, 0x34, 0x34, 0x3a, 0x00,
    0x04, 0x04, 0x0b, 0x01, 0x35, 0x35, 0x3c, 0x00, 0x70, 0x6f, 0x79, 0x05, 0x4d, 0x4c, 0x56, 0x22,
    0x46, 0x45, 0x4f, 0x33, 0x46, 0x45, 0x4f, 0x33, 0x44, 0x46, 0x4f, 0x33, 0x44, 0x46, 0x4f, 0x34,
    0x43, 0x45, 0x4d, 0x33, 0x43, 0x45, 0x4d, 0x33, 0x43, 0x45, 0x4d, 0x33, 0x43, 0x45, 0x4d, 0x34,
    0x42, 0x43, 0x4c, 0x34, 0x42, 0x43, 0x4c, 0x33, 0x42, 0x43, 0x4c, 0x33, 0x42, 0x43, 0x4c, 0x34,
    0x42, 0x43, 0x4c, 0x34, 0x3c, 0x3e, 0x45, 0x32, 0x4f, 0x51, 0x57, 0x1d, 0xfa, 0xfe, 0xff, 0x01,
    0x4d, 0x53, 0x50, 0x00, 0x42, 0x4e, 0x3f, 0x00, 0x27, 0x41, 0x1d, 0x03, 0x3e, 0x64, 0x30, 0x00,
    0x40, 0x72, 0x2f, 0x31, 0x31, 0x6b, 0x1d, 0xd6, 0x25, 0x64, 0x0f, 0xff, 0x32, 0x75, 0x1c, 0xf9,
    0x26, 0x65, 0x12, 0xfd, 0x2d, 0x69, 0x16, 0xff, 0x34, 0x70, 0x1d, 0xff, 0x35, 0x71, 0x1e, 0xff,
    0x33, 0x6f, 0x1c, 0xff, 0x30, 0x6e, 0x1b, 0xff, 0x30, 0x6e, 0x1b, 0xff, 0x2d, 0x6d, 0x1a, 0xff,
    0x2d, 0x6d, 0x1a, 0xff, 0x2d, 0x6d, 0x1a, 0xff, 0x2b, 0x6c, 0x19, 0xff, 0x2c, 0x6a, 0x17, 0xff,
    0x2d, 0x69, 0x16, 0xff, 0x2e, 0x67, 0x15, 0xff, 0x2d, 0x65, 0x16, 0xff, 0x2d, 0x65, 0x16, 0xff,
    0x2c, 0x63, 0x16, 0xff, 0x2a, 0x62, 0x15, 0xff, 0x28, 0x61, 0x11, 0xfe, 0x29, 0x5d, 0x15, 0xfb,
    0x1f, 0x4c, 0x12, 0xff, 0x33, 0x59, 0x23, 0xf7, 0x37, 0x5b, 0x1e, 0x6a, 0x30, 0x4f, 0x1d, 0x00,
    0x4e, 0x63, 0x47, 0x03, 0x28, 0x36, 0x26, 0x00, 0x27, 0x31, 0x22, 0x00, 0x21, 0x28, 0x19, 0x00,
    0x22, 0x2b, 0x1e, 0x00, 0x24, 0x2e, 0x24, 0x00, 0x00, 0x00, 0x00, 0x00, 0x00, 0x00, 0x00, 0x00,
    0x00, 0x00, 0x00, 0x00, 0x00, 0x00, 0x00, 0x00, 0x00, 0x00, 0x00, 0x00, 0x00, 0x00, 0x00, 0x00,
    0x00, 0x00, 0x00, 0x00, 0x00, 0x00, 0x00, 0x00, 0x00, 0x00, 0x00, 0x00, 0x00, 0x00, 0x00, 0x00,
    0x00, 0x00, 0x00, 0x00, 0x00, 0x00, 0x00, 0x00, 0x00, 0x00, 0x00, 0x00, 0x00, 0x00, 0x00, 0x00,
    0x00, 0x00, 0x00, 0x00, 0x00, 0x00, 0x00, 0x00, 0x00, 0x00, 0x00, 0x00, 0x00, 0x00, 0x00, 0x00,
    0x00, 0x00, 0x00, 0x00, 0x00, 0x00, 0x00, 0x00, 0x00, 0x00, 0x00, 0x00, 0x00, 0x00, 0x00, 0x00,
    0x00, 0x00, 0x00, 0x00, 0x00, 0x00, 0x00, 0x00, 0x00, 0x00, 0x00, 0x00, 0x00, 0x00, 0x00, 0x00,
    0x00, 0x00, 0x02, 0x00, 0x00, 0x00, 0x02, 0x00, 0x00, 0x00, 0x02, 0x00, 0x00, 0x00, 0x02, 0x00,
    0x00, 0x00, 0x03, 0x00, 0x00, 0x00, 0x03, 0x00, 0x34, 0x34, 0x39, 0x00, 0x34, 0x34, 0x39, 0x00,
    0x34, 0x34, 0x3a, 0x00, 0x34, 0x34, 0x3a, 0x00, 0x36, 0x36, 0x3d, 0x00, 0x84, 0x84, 0x8b, 0x02,
    0x04, 0x03, 0x0c, 0x01, 0x35, 0x34, 0x3d, 0x00, 0x21, 0x20, 0x29, 0x00, 0x21, 0x20, 0x29, 0x00,
    0x1f, 0x20, 0x29, 0x00, 0x1f, 0x20, 0x29, 0x00, 0x1e, 0x1f, 0x28, 0x00, 0x1f, 0x20, 0x29, 0x00,
    0x21, 0x23, 0x2c, 0x00, 0x22, 0x24, 0x2d, 0x00, 0x24, 0x25, 0x2e, 0x00, 0x25, 0x26, 0x2f, 0x00,
    0x27, 0x29, 0x31, 0x00, 0x28, 0x2a, 0x33, 0x00, 0x28, 0x2a, 0x33, 0x00, 0x28, 0x2a, 0x33, 0x00,
    0x2f, 0x32, 0x38, 0x00, 0x00, 0x00, 0x00, 0x02, 0x77, 0x7a, 0x78, 0x02, 0x4a, 0x53, 0x46, 0x00,
    0x4d, 0x5e, 0x47, 0x00, 0x35, 0x52, 0x2d, 0x04, 0x45, 0x6f, 0x3b, 0x00, 0x41, 0x77, 0x35, 0x18,
    0x2d, 0x6b, 0x1f, 0xa9, 0x2a, 0x6a, 0x19, 0xfe, 0x22, 0x5e, 0x10, 0xff, 0x26, 0x5f, 0x14, 0xfc,
    0x2a, 0x61, 0x16, 0xfc, 0x2c, 0x63, 0x18, 0xff, 0x2a, 0x63, 0x18, 0xff, 0x28, 0x62, 0x16, 0xff,
    0x28, 0x62, 0x16, 0xff, 0x26, 0x62, 0x16, 0xff, 0x28, 0x63, 0x18, 0xff, 0x28, 0x63, 0x18, 0xff,
    0x26, 0x62, 0x16, 0xff, 0x27, 0x61, 0x15, 0xff, 0x28, 0x5f, 0x14, 0xff, 0x27, 0x5e, 0x13, 0xff,
    0x26, 0x5d, 0x12, 0xff, 0x26, 0x5c, 0x13, 0xfe, 0x25, 0x5d, 0x16, 0xfd, 0x26, 0x5b, 0x15, 0xfc,
    0x25, 0x5b, 0x12, 0xfd, 0x25, 0x58, 0x14, 0xff, 0x2b, 0x52, 0x21, 0xdb, 0x3f, 0x5f, 0x36, 0x49,
    0x34, 0x4f, 0x1f, 0x00, 0x27, 0x3c, 0x14, 0x03, 0x00, 0x08, 0x00, 0x01, 0x2a, 0x2b, 0x28, 0x00,
    0x34, 0x32, 0x30, 0x00, 0x2b, 0x29, 0x27, 0x00, 0x2f, 0x2e, 0x2c, 0x00, 0x2f, 0x2e, 0x2c, 0x00,
    0x00, 0x00, 0x00, 0x00, 0x00, 0x00, 0x00, 0x00, 0x00, 0x00, 0x00, 0x00, 0x00, 0x00, 0x00, 0x00,
    0x00, 0x00, 0x00, 0x00, 0x00, 0x00, 0x00, 0x00, 0x00, 0x00, 0x00, 0x00, 0x00, 0x00, 0x00, 0x00,
    0x00, 0x00, 0x00, 0x00, 0x00, 0x00, 0x00, 0x00, 0x00, 0x00, 0x00, 0x00, 0x00, 0x00, 0x00, 0x00,
    0x00, 0x00, 0x00, 0x00, 0x00, 0x00, 0x00, 0x00, 0x00, 0x00, 0x00, 0x00, 0x00, 0x00, 0x00, 0x00,
    0x00, 0x00, 0x00, 0x00, 0x00, 0x00, 0x00, 0x00, 0x00, 0x00, 0x00, 0x00, 0x00, 0x00, 0x00, 0x00,
    0x00, 0x00, 0x00, 0x00, 0x00, 0x00, 0x00, 0x00, 0x00, 0x00, 0x00, 0x00, 0x00, 0x00, 0x00, 0x00,
    0x00, 0x00, 0x00, 0x00, 0x00, 0x00, 0x00, 0x00, 0x00, 0x00, 0x00, 0x00, 0x00, 0x00, 0x00, 0x00,
    0x00, 0x00, 0x02, 0x00, 0x00, 0x00, 0x02, 0x00, 0x00, 0x00, 0x02, 0x00, 0x00, 0x00, 0x02, 0x00,
    0x34, 0x34, 0x39, 0x00, 0x34, 0x34, 0x39, 0x00, 0x34, 0x34, 0x39, 0x00, 0x34, 0x34, 0x39, 0x00,
    0x36, 0x36, 0x3d, 0x00, 0x34, 0x34, 0x3a, 0x00, 0x35, 0x35, 0x3c, 0x00, 0x04, 0x04, 0x0b, 0x02,
    0x00, 0x00, 0x06, 0x02, 0x00, 0x00, 0x06, 0x02, 0x00, 0x00, 0x06, 0x02, 0x00, 0x00, 0x06, 0x02,
    0x00, 0x00, 0x05, 0x02, 0x00, 0x00, 0x05, 0x02, 0x00, 0x00, 0x06, 0x02, 0x00, 0x00, 0x06, 0x02,
    0x00, 0x01, 0x07, 0x02, 0x00, 0x01, 0x07, 0x02, 0x01, 0x01, 0x08, 0x02, 0x01, 0x01, 0x08, 0x02,
    0x00, 0x00, 0x04, 0x02, 0x09, 0x0b, 0x12, 0x02, 0x00, 0x00, 0x06, 0x01, 0x22, 0x23, 0x27, 0x00,
    0x4b, 0x51, 0x4e, 0x00, 0x49, 0x51, 0x46, 0x00, 0x40, 0x4f, 0x3d, 0x00, 0x43, 0x5a, 0x3e, 0x00,
    0x3e, 0x64, 0x38, 0x02, 0x00, 0x29, 0x00, 0x01, 0x42, 0x82, 0x37, 0x06, 0x25, 0x69, 0x19, 0x5a,
    0x29, 0x64, 0x19, 0xd9, 0x2a, 0x61, 0x18, 0xff, 0x28, 0x5e, 0x16, 0xfe, 0x26, 0x5c, 0x13, 0xfe,
    0x26, 0x5c, 0x13, 0xfa, 0x26, 0x5c, 0x13, 0xfb, 0x26, 0x5c, 0x13, 0xfd, 0x24, 0x5c, 0x13, 0xfd,
    0x25, 0x5d, 0x15, 0xfe, 0x25, 0x5d, 0x15, 0xfe, 0x24, 0x5c, 0x13, 0xfe, 0x25, 0x5b, 0x12, 0xfe,
    0x23, 0x5a, 0x11, 0xfc, 0x22, 0x58, 0x10, 0xfb, 0x21, 0x57, 0x0f, 0xfa, 0x20, 0x57, 0x13, 0xfd,
    0x1f, 0x55, 0x1b, 0xff, 0x21, 0x54, 0x1c, 0xff, 0x25, 0x55, 0x19, 0xf3, 0x28, 0x53, 0x1c, 0x8c,
    0x37, 0x5e, 0x33, 0x15, 0x34, 0x54, 0x31, 0x00, 0x3b, 0x54, 0x32, 0x04, 0x38, 0x47, 0x2e, 0x00,
    0x27, 0x2c, 0x22, 0x00, 0x2f, 0x2d, 0x2d, 0x00, 0x26, 0x24, 0x24, 0x00, 0x33, 0x31, 0x31, 0x00,
    0x2f, 0x2d, 0x2d, 0x00, 0x2e, 0x2c, 0x2c, 0x00, 0x00, 0x00, 0x00, 0x00, 0x00, 0x00, 0x00, 0x00,
    0x00, 0x00, 0x00, 0x00, 0x00, 0x00, 0x00, 0x00, 0x00, 0x00, 0x00, 0x00, 0x00, 0x00, 0x00, 0x00,
    0x00, 0x00, 0x00, 0x00, 0x00, 0x00, 0x00, 0x00, 0x00, 0x00, 0x00, 0x00, 0x00, 0x00, 0x00, 0x00,
    0x00, 0x00, 0x00, 0x00, 0x00, 0x00, 0x00, 0x00, 0x00, 0x00, 0x00, 0x00, 0x00, 0x00, 0x00, 0x00,
    0x00, 0x00, 0x00, 0x00, 0x00, 0x00, 0x00, 0x00, 0x00, 0x00, 0x00, 0x00, 0x00, 0x00, 0x00, 0x00,
    0x00, 0x00, 0x00, 0x00, 0x00, 0x00, 0x00, 0x00, 0x00, 0x00, 0x00, 0x00, 0x00, 0x00, 0x00, 0x00,
    0x00, 0x00, 0x00, 0x00, 0x00, 0x00, 0x00, 0x00, 0x00, 0x00, 0x00, 0x00, 0x00, 0x00, 0x00, 0x00,
    0x00, 0x00, 0x00, 0x00, 0x00, 0x00, 0x00, 0x00, 0x00, 0x00, 0x02, 0x00, 0x00, 0x00, 0x02, 0x00,
    0x00, 0x00, 0x02, 0x00, 0x00, 0x00, 0x02, 0x00, 0x34, 0x35, 0x37, 0x00, 0x34, 0x34, 0x39, 0x00,
    0x34, 0x34, 0x39, 0x00, 0x34, 0x34, 0x39, 0x00, 0x34, 0x34, 0x39, 0x00, 0x34, 0x34, 0x39, 0x00,
    0x30, 0x31, 0x35, 0x00, 0x34, 0x34, 0x39, 0x00, 0x20, 0x21, 0x25, 0x00, 0x20, 0x21, 0x25, 0x00,
    0x1e, 0x21, 0x25, 0x00, 0x1e, 0x21, 0x25, 0x00, 0x1d, 0x20, 0x24, 0x00, 0x1d, 0x20, 0x24, 0x00,
    0x1d, 0x20, 0x24, 0x00, 0x1d, 0x20, 0x24, 0x00, 0x2c, 0x2f, 0x33, 0x00, 0x2c, 0x2f, 0x33, 0x00,
    0x2e, 0x2e, 0x33, 0x00, 0x2d, 0x2d, 0x32, 0x00, 0x2b, 0x2e, 0x32, 0x00, 0x2d, 0x30, 0x34, 0x00,
    0x34, 0x34, 0x39, 0x00, 0x2d, 0x2e, 0x30, 0x00, 0x42, 0x47, 0x44, 0x00, 0x48, 0x51, 0x4b, 0x00,
    0x47, 0x51, 0x46, 0x00, 0x46, 0x59, 0x44, 0x00, 0x3d, 0x5b, 0x37, 0x00, 0x1c, 0x4c, 0x17, 0x03,
    0x32, 0x73, 0x2b, 0x03, 0x23, 0x68, 0x1b, 0x00, 0x36, 0x70, 0x29, 0x10, 0x35, 0x69, 0x26, 0x6c,
    0x2f, 0x64, 0x20, 0xcb, 0x29, 0x5e, 0x1a, 0xf5, 0x26, 0x5a, 0x17, 0xff, 0x26, 0x5a, 0x17, 0xfe,
    0x26, 0x5a, 0x17, 0xff, 0x26, 0x5a, 0x17, 0xff, 0x26, 0x5a, 0x17, 0xfe, 0x26, 0x5a, 0x17, 0xfd,
    0x25, 0x59, 0x15, 0xfe, 0x23, 0x58, 0x14, 0xfe, 0x22, 0x57, 0x13, 0xff, 0x21, 0x56, 0x12, 0xff,
    0x22, 0x57, 0x13, 0xff, 0x20, 0x55, 0x18, 0xfc, 0x1c, 0x51, 0x20, 0xe1, 0x1e, 0x50, 0x21, 0x94,
    0x28, 0x51, 0x1f, 0x29, 0x2a, 0x50, 0x21, 0x00, 0x00, 0x15, 0x00, 0x02, 0x42, 0x64, 0x43, 0x03,
    0x2f, 0x45, 0x2d, 0x00, 0x37, 0x41, 0x32, 0x00, 0x28, 0x29, 0x24, 0x00, 0x2b, 0x28, 0x29, 0x00,
    0x27, 0x25, 0x25, 0x00, 0x2b, 0x28, 0x29, 0x00, 0x2d, 0x2b, 0x2b, 0x00, 0x2c, 0x2a, 0x2a, 0x00,
    0x00, 0x00, 0x00, 0x00, 0x00, 0x00, 0x00, 0x00, 0x00, 0x00, 0x00, 0x00, 0x00, 0x00, 0x00, 0x00,
    0x00, 0x00, 0x00, 0x00, 0x00, 0x00, 0x00, 0x00, 0x00, 0x00, 0x00, 0x00, 0x00, 0x00, 0x00, 0x00,
    0x00, 0x00, 0x00, 0x00, 0x00, 0x00, 0x00, 0x00, 0x00, 0x00, 0x00, 0x00, 0x00, 0x00, 0x00, 0x00,
    0x00, 0x00, 0x00, 0x00, 0x00, 0x00, 0x00, 0x00, 0x00, 0x00, 0x00, 0x00, 0x00, 0x00, 0x00, 0x00,
    0x00, 0x00, 0x00, 0x00, 0x00, 0x00, 0x00, 0x00, 0x00, 0x00, 0x00, 0x00, 0x00, 0x00, 0x00, 0x00,
    0x00, 0x00, 0x00, 0x00, 0x00, 0x00, 0x00, 0x00, 0x00, 0x00, 0x00, 0x00, 0x00, 0x00, 0x00, 0x00,
    0x00, 0x00, 0x00, 0x00, 0x00, 0x00, 0x00, 0x00, 0x00, 0x00, 0x00, 0x00, 0x00, 0x00, 0x00, 0x00,
    0x00, 0x00, 0x00, 0x00, 0x00, 0x00, 0x00, 0x00, 0x00, 0x00, 0x00, 0x00, 0x00, 0x00, 0x00, 0x00,
    0x34, 0x36, 0x36, 0x00, 0x34, 0x35, 0x37, 0x00, 0x34, 0x35, 0x37, 0x00, 0x34, 0x35, 0x37, 0x00,
    0x34, 0x35, 0x37, 0x00, 0x34, 0x35, 0x37, 0x00, 0x34, 0x35, 0x37, 0x00, 0x34, 0x35, 0x37, 0x00,
    0x20, 0x21, 0x23, 0x00, 0x20, 0x21, 0x23, 0x00, 0x20, 0x21, 0x23, 0x00, 0x20, 0x21, 0x23, 0x00,
    0x20, 0x21, 0x23, 0x00, 0x20, 0x21, 0x23, 0x00, 0x20, 0x21, 0x23, 0x00, 0x20, 0x21, 0x23, 0x00,
    0x2f, 0x30, 0x33, 0x00, 0x2f, 0x30, 0x33, 0x00, 0x2f, 0x30, 0x33, 0x00, 0x2f, 0x30, 0x33, 0x00,
    0x2f, 0x30, 0x33, 0x00, 0x2f, 0x30, 0x33, 0x00, 0x2f, 0x30, 0x33, 0x00, 0x2d, 0x32, 0x31, 0x00,
    0x47, 0x4f, 0x4b, 0x00, 0x47, 0x4f, 0x4b, 0x00, 0x49, 0x4e, 0x4d, 0x00, 0x47, 0x50, 0x48, 0x00,
    0x47, 0x5f, 0x47, 0x00, 0x31, 0x5c, 0x2e, 0x00, 0x71, 0xb3, 0x6f, 0x01, 0x0c, 0x53, 0x08, 0x03,
    0x22, 0x5a, 0x18, 0x00, 0x22, 0x55, 0x16, 0x00, 0x60, 0x93, 0x54, 0x05, 0x28, 0x5b, 0x1c, 0x41,
    0x25, 0x57, 0x19, 0x82, 0x25, 0x57, 0x19, 0xb2, 0x27, 0x5a, 0x1b, 0xd6, 0x27, 0x5a, 0x1b, 0xee,
    0x25, 0x57, 0x19, 0xfa, 0x23, 0x56, 0x17, 0xfe, 0x23, 0x56, 0x17, 0xfc, 0x23, 0x56, 0x17, 0xf4,
    0x23, 0x56, 0x17, 0xe1, 0x31, 0x64, 0x25, 0xc0, 0x25, 0x57, 0x19, 0x95, 0x23, 0x55, 0x1d, 0x5a,
    0x30, 0x63, 0x38, 0x18, 0x1c, 0x4b, 0x24, 0x00, 0x2e, 0x51, 0x27, 0x00, 0x00, 0x1b, 0x00, 0x03,
    0x24, 0x4e, 0x23, 0x03, 0x26, 0x4b, 0x29, 0x00, 0x32, 0x43, 0x33, 0x00, 0x39, 0x3f, 0x39, 0x00,
    0x2b, 0x2c, 0x29, 0x00, 0x2c, 0x2a, 0x2a, 0x00, 0x2d, 0x2b, 0x2b, 0x00, 0x2d, 0x2b, 0x2b, 0x00,
    0x2c, 0x2a, 0x2a, 0x00, 0x2c, 0x2a, 0x2a, 0x00, 0x00, 0x00, 0x00, 0x00, 0x00, 0x00, 0x00, 0x00,
    0x00, 0x00, 0x00, 0x00, 0x00, 0x00, 0x00, 0x00, 0x00, 0x00, 0x00, 0x00, 0x00, 0x00, 0x00, 0x00,
    0x00, 0x00, 0x00, 0x00, 0x00, 0x00, 0x00, 0x00, 0x00, 0x00, 0x00, 0x00, 0x00, 0x00, 0x00, 0x00,
    0x00, 0x00, 0x00, 0x00, 0x00, 0x00, 0x00, 0x00, 0x00, 0x00, 0x00, 0x00, 0x00, 0x00, 0x00, 0x00,
    0x00, 0x00, 0x00, 0x00, 0x00, 0x00, 0x00, 0x00, 0x00, 0x00, 0x00, 0x00, 0x00, 0x00, 0x00, 0x00,
    0x00, 0x00, 0x00, 0x00, 0x00, 0x00, 0x00, 0x00, 0x00, 0x00, 0x00, 0x00, 0x00, 0x00, 0x00, 0x00,
    0x00, 0x00, 0x00, 0x00, 0x00, 0x00, 0x00, 0x00, 0x00, 0x00, 0x00, 0x00, 0x00, 0x00, 0x00, 0x00,
    0x00, 0x00, 0x00, 0x00, 0x00, 0x00, 0x00, 0x00, 0x00, 0x00, 0x00, 0x00, 0x00, 0x00, 0x00, 0x00,
    0x00, 0x00, 0x00, 0x00, 0x00, 0x00, 0x00, 0x00, 0x34, 0x36, 0x36, 0x00, 0x34, 0x36, 0x36, 0x00,
    0x34, 0x36, 0x36, 0x00, 0x34, 0x36, 0x36, 0x00, 0x34, 0x36, 0x36, 0x00, 0x34, 0x36, 0x36, 0x00,
    0x34, 0x36, 0x36, 0x00, 0x34, 0x36, 0x36, 0x00, 0x20, 0x22, 0x22, 0x00, 0x20, 0x22, 0x22, 0x00,
    0x20, 0x22, 0x22, 0x00, 0x20, 0x22, 0x22, 0x00, 0x20, 0x22, 0x22, 0x00, 0x20, 0x22, 0x22, 0x00,
    0x20, 0x22, 0x22, 0x00, 0x20, 0x22, 0x22, 0x00, 0x2f, 0x31, 0x31, 0x00, 0x2f, 0x31, 0x31, 0x00,
    0x2f, 0x31, 0x31, 0x00, 0x2f, 0x31, 0x31, 0x00, 0x2f, 0x31, 0x31, 0x00, 0x2f, 0x31, 0x31, 0x00,
    0x2f, 0x31, 0x31, 0x00, 0x2d, 0x32, 0x31, 0x00, 0x45, 0x4f, 0x4b, 0x00, 0x45, 0x4e, 0x4d, 0x00,
    0x4c, 0x4e, 0x50, 0x00, 0x4a, 0x50, 0x4c, 0x00, 0x42, 0x56, 0x43, 0x00, 0x36, 0x5f, 0x36, 0x00,
    0x24, 0x68, 0x27, 0x00, 0x26, 0x6f, 0x25, 0x00, 0x00, 0x37, 0x00, 0x01, 0x18, 0x4a, 0x0d, 0x03,
    0x00, 0x28, 0x00, 0x01, 0x2d, 0x5f, 0x22, 0x00, 0x23, 0x55, 0x19, 0x00, 0x86, 0xb8, 0x7c, 0x03,
    0x26, 0x58, 0x1b, 0x1a, 0x2a, 0x5c, 0x20, 0x2a, 0x23, 0x55, 0x19, 0x35, 0x23, 0x55, 0x19, 0x3d,
    0x23, 0x55, 0x19, 0x38, 0x23, 0x55, 0x19, 0x2d, 0x23, 0x55, 0x19, 0x21, 0x33, 0x65, 0x28, 0x0b,
    0x26, 0x58, 0x1b, 0x00, 0x24, 0x56, 0x20, 0x00, 0x00, 0x18, 0x00, 0x01, 0x11, 0x3f, 0x1d, 0x03,
    0x7e, 0x9d, 0x76, 0x01, 0x31, 0x4f, 0x25, 0x00, 0x24, 0x4f, 0x21, 0x00, 0x24, 0x4c, 0x28, 0x00,
    0x32, 0x42, 0x36, 0x00, 0x3b, 0x3d, 0x3d, 0x00, 0x2b, 0x2b, 0x2b, 0x00, 0x2d, 0x2b, 0x2b, 0x00,
    0x2d, 0x2b, 0x2b, 0x00, 0x2d, 0x2b, 0x2b, 0x00, 0x2d, 0x2b, 0x2b, 0x00, 0x2d, 0x2b, 0x2b, 0x00,
    },
};
