/* Auto-generated from earphone_err.png (size=94x94) */
#include "lvgl.h"

const lv_image_dsc_t cos_icon_earphone_err = {
    .header = {
        .magic = LV_IMAGE_HEADER_MAGIC,
        .cf = LV_COLOR_FORMAT_ARGB8888,
        .flags = 0,
        .w = 94,
        .h = 94,
        .stride = 376,
        .reserved_2 = 0,
    },
    .data_size = 35344,
    .data = (const uint8_t[]){
    0x00, 0x00, 0x00, 0x00, 0x00, 0x00, 0x00, 0x00, 0x00, 0x00, 0x00, 0x00, 0x00, 0x00, 0x00, 0x00,
    0x00, 0x00, 0x00, 0x00, 0x00, 0x00, 0x00, 0x00, 0x00, 0x00, 0x00, 0x00, 0x00, 0x00, 0x00, 0x00,
    0x00, 0x00, 0x00, 0x00, 0x00, 0x00, 0x00, 0x00, 0x00, 0x00, 0x00, 0x00, 0x00, 0x00, 0x00, 0x00,
    0x00, 0x00, 0x00, 0x00, 0x00, 0x00, 0x00, 0x00, 0x00, 0x00, 0x00, 0x00, 0x00, 0x00, 0x00, 0x00,
    0x00, 0x00, 0x00, 0x00, 0x00, 0x00, 0x00, 0x00, 0x00, 0x00, 0x00, 0x00, 0x00, 0x00, 0x00, 0x00,
    0x00, 0x00, 0x00, 0x00, 0x00, 0x00, 0x00, 0x00, 0x00, 0x00, 0x00, 0x00, 0x00, 0x00, 0x00, 0x00,
    0x00, 0x00, 0x00, 0x00, 0x00, 0x00, 0x00, 0x00, 0x00, 0x00, 0x00, 0x00, 0x00, 0x00, 0x00, 0x00,
    0x00, 0x00, 0x00, 0x00, 0x00, 0x00, 0x00, 0x00, 0x00, 0x00, 0x00, 0x00, 0x00, 0x00, 0x00, 0x00,
    0x00, 0x00, 0x00, 0x00, 0x00, 0x00, 0x00, 0x00, 0x00, 0x00, 0x00, 0x00, 0x00, 0x00, 0x00, 0x00,
    0x00, 0x00, 0x00, 0x00, 0x00, 0x00, 0x00, 0x00, 0x00, 0x00, 0x00, 0x00, 0x00, 0x00, 0x00, 0x00,
    0x00, 0x00, 0x00, 0x00, 0x00, 0x00, 0x00, 0x00, 0x00, 0x00, 0x00, 0x00, 0x00, 0x00, 0x00, 0x00,
    0x00, 0x00, 0x00, 0x00, 0x00, 0x00, 0x00, 0x00, 0x00, 0x00, 0x00, 0x00, 0x00, 0x00, 0x00, 0x00,
    0x00, 0x00, 0x00, 0x00, 0x00, 0x00, 0x00, 0x00, 0x00, 0x00, 0x00, 0x00, 0x00, 0x00, 0x00, 0x00,
    0x00, 0x00, 0x00, 0x00, 0x00, 0x00, 0x00, 0x00, 0x00, 0x00, 0x00, 0x00, 0x00, 0x00, 0x00, 0x00,
    0x00, 0x00, 0x00, 0x00, 0x00, 0x00, 0x00, 0x00, 0x00, 0x00, 0x00, 0x00, 0x00, 0x00, 0x00, 0x00,
    0x00, 0x00, 0x00, 0x00, 0x00, 0x00, 0x00, 0x00, 0x00, 0x00, 0x00, 0x00, 0x00, 0x00, 0x00, 0x00,
    0x00, 0x00, 0x00, 0x00, 0x00, 0x00, 0x00, 0x00, 0x00, 0x00, 0x00, 0x00, 0x00, 0x00, 0x00, 0x00,
    0x00, 0x00, 0x00, 0x00, 0x00, 0x00, 0x00, 0x00, 0x00, 0x00, 0x00, 0x00, 0x00, 0x00, 0x00, 0x00,
    0x00, 0x00, 0x00, 0x00, 0x00, 0x00, 0x00, 0x00, 0x00, 0x00, 0x00, 0x00, 0x00, 0x00, 0x00, 0x00,
    0x00, 0x00, 0x00, 0x00, 0x00, 0x00, 0x00, 0x00, 0x00, 0x00, 0x00, 0x00, 0x00, 0x00, 0x00, 0x00,
    0x00, 0x00, 0x00, 0x00, 0x00, 0x00, 0x00, 0x00, 0x00, 0x00, 0x00, 0x00, 0x00, 0x00, 0x00, 0x00,
    0x00, 0x00, 0x00, 0x00, 0x00, 0x00, 0x00, 0x00, 0x00, 0x00, 0x00, 0x00, 0x00, 0x00, 0x00, 0x00,
    0x00, 0x00, 0x00, 0x00, 0x00, 0x00, 0x00, 0x00, 0x00, 0x00, 0x00, 0x00, 0x00, 0x00, 0x00, 0x00,
    0x00, 0x00, 0x00, 0x00, 0x00, 0x00, 0x00, 0x00, 0x00, 0x00, 0x00, 0x00, 0x00, 0x00, 0x00, 0x00,
    0x00, 0x00, 0x00, 0x00, 0x00, 0x00, 0x00, 0x00, 0x00, 0x00, 0x00, 0x00, 0x00, 0x00, 0x00, 0x00,
    0x00, 0x00, 0x00, 0x00, 0x00, 0x00, 0x00, 0x00, 0x00, 0x00, 0x00, 0x00, 0x00, 0x00, 0x00, 0x00,
    0x00, 0x00, 0x00, 0x00, 0x00, 0x00, 0x00, 0x00, 0x00, 0x00, 0x00, 0x00, 0x00, 0x00, 0x00, 0x00,
    0x00, 0x00, 0x00, 0x00, 0x00, 0x00, 0x00, 0x00, 0x00, 0x00, 0x00, 0x00, 0x00, 0x00, 0x00, 0x00,
    0x00, 0x00, 0x00, 0x00, 0x00, 0x00, 0x00, 0x00, 0x00, 0x00, 0x00, 0x00, 0x00, 0x00, 0x00, 0x00,
    0x00, 0x00, 0x00, 0x00, 0x00, 0x00, 0x00, 0x00, 0x00, 0x00, 0x00, 0x00, 0x00, 0x00, 0x00, 0x00,
    0x00, 0x00, 0x00, 0x00, 0x00, 0x00, 0x00, 0x00, 0x00, 0x00, 0x00, 0x00, 0x00, 0x00, 0x00, 0x00,
    0x00, 0x00, 0x00, 0x00, 0x00, 0x00, 0x00, 0x00, 0x00, 0x00, 0x00, 0x00, 0x00, 0x00, 0x00, 0x00,
    0x00, 0x00, 0x00, 0x00, 0x00, 0x00, 0x00, 0x00, 0x00, 0x00, 0x00, 0x00, 0x00, 0x00, 0x00, 0x00,
    0x00, 0x00, 0x00, 0x00, 0x00, 0x00, 0x00, 0x00, 0x00, 0x00, 0x00, 0x00, 0x00, 0x00, 0x00, 0x00,
    0x00, 0x00, 0x00, 0x00, 0x00, 0x00, 0x00, 0x00, 0x00, 0x00, 0x00, 0x00, 0x00, 0x00, 0x00, 0x00,
    0x00, 0x00, 0x00, 0x00, 0x00, 0x00, 0x00, 0x00, 0x00, 0x00, 0x00, 0x00, 0x00, 0x00, 0x00, 0x00,
    0x00, 0x00, 0x00, 0x00, 0x00, 0x00, 0x00, 0x00, 0x00, 0x00, 0x00, 0x00, 0x00, 0x00, 0x00, 0x00,
    0x00, 0x00, 0x00, 0x00, 0x00, 0x00, 0x00, 0x00, 0x00, 0x00, 0x00, 0x00, 0x00, 0x00, 0x00, 0x00,
    0x00, 0x00, 0x00, 0x00, 0x00, 0x00, 0x00, 0x00, 0x00, 0x00, 0x00, 0x00, 0x00, 0x00, 0x00, 0x00,
    0x00, 0x00, 0x00, 0x00, 0x00, 0x00, 0x00, 0x00, 0x00, 0x00, 0x00, 0x00, 0x00, 0x00, 0x00, 0x00,
    0x00, 0x00, 0x00, 0x00, 0x00, 0x00, 0x00, 0x00, 0x00, 0x00, 0x00, 0x00, 0x00, 0x00, 0x00, 0x00,
    0x00, 0x00, 0x00, 0x00, 0x00, 0x00, 0x00, 0x00, 0x00, 0x00, 0x00, 0x00, 0x00, 0x00, 0x00, 0x00,
    0x00, 0x00, 0x00, 0x00, 0x00, 0x00, 0x00, 0x00, 0x00, 0x00, 0x00, 0x00, 0x00, 0x00, 0x00, 0x00,
    0x00, 0x00, 0x00, 0x00, 0x00, 0x00, 0x00, 0x00, 0x00, 0x00, 0x00, 0x00, 0x00, 0x00, 0x00, 0x00,
    0x00, 0x00, 0x00, 0x00, 0x00, 0x00, 0x00, 0x00, 0x00, 0x00, 0x00, 0x00, 0x00, 0x00, 0x00, 0x00,
    0x00, 0x00, 0x00, 0x00, 0x00, 0x00, 0x00, 0x00, 0x00, 0x00, 0x00, 0x00, 0x00, 0x00, 0x00, 0x00,
    0x00, 0x00, 0x00, 0x00, 0x00, 0x00, 0x00, 0x00, 0x00, 0x00, 0x00, 0x00, 0x00, 0x00, 0x00, 0x00,
    0x00, 0x00, 0x00, 0x00, 0x00, 0x00, 0x00, 0x00, 0x00, 0x00, 0x00, 0x00, 0x00, 0x00, 0x00, 0x00,
    0x00, 0x00, 0x00, 0x00, 0x00, 0x00, 0x00, 0x00, 0x00, 0x00, 0x00, 0x00, 0x00, 0x00, 0x00, 0x00,
    0x00, 0x00, 0x00, 0x00, 0x00, 0x00, 0x00, 0x00, 0x00, 0x00, 0x00, 0x00, 0x00, 0x00, 0x00, 0x00,
    0x00, 0x00, 0x00, 0x00, 0x00, 0x00, 0x00, 0x00, 0x00, 0x00, 0x00, 0x00, 0x00, 0x00, 0x00, 0x00,
    0x00, 0x00, 0x00, 0x00, 0x00, 0x00, 0x00, 0x00, 0x00, 0x00, 0x00, 0x00, 0x00, 0x00, 0x00, 0x00,
    0x00, 0x00, 0x00, 0x00, 0x00, 0x00, 0x00, 0x00, 0x00, 0x00, 0x00, 0x00, 0x00, 0x00, 0x00, 0x00,
    0x00, 0x00, 0x00, 0x00, 0x00, 0x00, 0x00, 0x00, 0x00, 0x00, 0x00, 0x00, 0x00, 0x00, 0x00, 0x00,
    0x00, 0x00, 0x00, 0x00, 0x00, 0x00, 0x00, 0x00, 0x00, 0x00, 0x00, 0x00, 0x00, 0x00, 0x00, 0x00,
    0x00, 0x00, 0x00, 0x00, 0x00, 0x00, 0x00, 0x00, 0x00, 0x00, 0x00, 0x00, 0x00, 0x00, 0x00, 0x00,
    0x00, 0x00, 0x00, 0x00, 0x00, 0x00, 0x00, 0x00, 0x00, 0x00, 0x00, 0x00, 0x00, 0x00, 0x00, 0x00,
    0x00, 0x00, 0x00, 0x00, 0x00, 0x00, 0x00, 0x00, 0x00, 0x00, 0x00, 0x00, 0x00, 0x00, 0x00, 0x00,
    0x00, 0x00, 0x00, 0x00, 0x00, 0x00, 0x00, 0x00, 0x00, 0x00, 0x00, 0x00, 0x00, 0x00, 0x00, 0x00,
    0x00, 0x00, 0x00, 0x00, 0x00, 0x00, 0x00, 0x00, 0x00, 0x00, 0x00, 0x00, 0x00, 0x00, 0x00, 0x00,
    0x00, 0x00, 0x00, 0x00, 0x00, 0x00, 0x00, 0x00, 0x00, 0x00, 0x00, 0x00, 0x00, 0x00, 0x00, 0x00,
    0x00, 0x00, 0x00, 0x00, 0x00, 0x00, 0x00, 0x00, 0x00, 0x00, 0x00, 0x00, 0x00, 0x00, 0x00, 0x00,
    0x00, 0x00, 0x00, 0x00, 0x00, 0x00, 0x00, 0x00, 0x00, 0x00, 0x00, 0x00, 0x00, 0x00, 0x00, 0x00,
    0x00, 0x00, 0x00, 0x00, 0x00, 0x00, 0x00, 0x00, 0x00, 0x00, 0x00, 0x00, 0x00, 0x00, 0x00, 0x00,
    0x00, 0x00, 0x00, 0x00, 0x00, 0x00, 0x00, 0x00, 0x00, 0x00, 0x00, 0x00, 0x00, 0x00, 0x00, 0x00,
    0x00, 0x00, 0x00, 0x00, 0x00, 0x00, 0x00, 0x00, 0x00, 0x00, 0x00, 0x00, 0x00, 0x00, 0x00, 0x00,
    0x00, 0x00, 0x00, 0x00, 0x00, 0x00, 0x00, 0x00, 0x00, 0x00, 0x00, 0x00, 0x00, 0x00, 0x00, 0x00,
    0x00, 0x00, 0x00, 0x00, 0x00, 0x00, 0x00, 0x00, 0x00, 0x00, 0x00, 0x00, 0x00, 0x00, 0x00, 0x00,
    0x00, 0x00, 0x00, 0x00, 0x00, 0x00, 0x00, 0x00, 0x00, 0x00, 0x00, 0x00, 0x00, 0x00, 0x00, 0x00,
    0x00, 0x00, 0x00, 0x00, 0x00, 0x00, 0x00, 0x00, 0x00, 0x00, 0x00, 0x00, 0x00, 0x00, 0x00, 0x00,
    0x00, 0x00, 0x00, 0x00, 0x00, 0x00, 0x00, 0x00, 0x00, 0x00, 0x00, 0x00, 0x00, 0x00, 0x00, 0x00,
    0x00, 0x00, 0x00, 0x00, 0x00, 0x00, 0x00, 0x00, 0x00, 0x00, 0x00, 0x00, 0x00, 0x00, 0x00, 0x00,
    0x00, 0x00, 0x00, 0x00, 0x00, 0x00, 0x00, 0x00, 0x00, 0x00, 0x00, 0x00, 0x00, 0x00, 0x00, 0x00,
    0x00, 0x00, 0x00, 0x00, 0x00, 0x00, 0x00, 0x00, 0x00, 0x00, 0x00, 0x00, 0x00, 0x00, 0x00, 0x00,
    0x00, 0x00, 0x00, 0x00, 0x00, 0x00, 0x00, 0x00, 0x00, 0x00, 0x00, 0x00, 0x00, 0x00, 0x00, 0x00,
    0x00, 0x00, 0x00, 0x00, 0x00, 0x00, 0x00, 0x00, 0x00, 0x00, 0x00, 0x00, 0x00, 0x00, 0x00, 0x00,
    0x00, 0x00, 0x00, 0x00, 0x00, 0x00, 0x00, 0x00, 0x00, 0x00, 0x00, 0x00, 0x00, 0x00, 0x00, 0x00,
    0x00, 0x00, 0x00, 0x00, 0x00, 0x00, 0x00, 0x00, 0x00, 0x00, 0x00, 0x00, 0x00, 0x00, 0x00, 0x00,
    0x00, 0x00, 0x00, 0x00, 0x00, 0x00, 0x00, 0x00, 0x00, 0x00, 0x00, 0x00, 0x00, 0x00, 0x00, 0x00,
    0x00, 0x00, 0x00, 0x00, 0x00, 0x00, 0x00, 0x00, 0x00, 0x00, 0x00, 0x00, 0x00, 0x00, 0x00, 0x00,
    0x00, 0x00, 0x00, 0x00, 0x00, 0x00, 0x00, 0x00, 0x00, 0x00, 0x00, 0x00, 0x00, 0x00, 0x00, 0x00,
    0x00, 0x00, 0x00, 0x00, 0x00, 0x00, 0x00, 0x00, 0x00, 0x00, 0x00, 0x00, 0x00, 0x00, 0x00, 0x00,
    0x00, 0x00, 0x00, 0x00, 0x00, 0x00, 0x00, 0x00, 0x00, 0x00, 0x00, 0x00, 0x00, 0x00, 0x00, 0x00,
    0x00, 0x00, 0x00, 0x00, 0x00, 0x00, 0x00, 0x00, 0x00, 0x00, 0x00, 0x00, 0x00, 0x00, 0x00, 0x00,
    0x00, 0x00, 0x00, 0x00, 0x00, 0x00, 0x00, 0x00, 0x00, 0x00, 0x00, 0x00, 0x00, 0x00, 0x00, 0x00,
    0x00, 0x00, 0x00, 0x00, 0x00, 0x00, 0x00, 0x00, 0x00, 0x00, 0x00, 0x00, 0x00, 0x00, 0x00, 0x00,
    0x00, 0x00, 0x00, 0x00, 0x00, 0x00, 0x00, 0x00, 0x00, 0x00, 0x00, 0x00, 0x00, 0x00, 0x00, 0x00,
    0x00, 0x00, 0x00, 0x00, 0x00, 0x00, 0x00, 0x00, 0x00, 0x00, 0x00, 0x00, 0x00, 0x00, 0x00, 0x00,
    0x00, 0x00, 0x00, 0x00, 0x00, 0x00, 0x00, 0x00, 0x00, 0x00, 0x00, 0x00, 0x00, 0x00, 0x00, 0x00,
    0x00, 0x00, 0x00, 0x00, 0x00, 0x00, 0x00, 0x00, 0x00, 0x00, 0x00, 0x00, 0x00, 0x00, 0x00, 0x00,
    0x00, 0x00, 0x00, 0x00, 0x00, 0x00, 0x00, 0x00, 0x00, 0x00, 0x00, 0x00, 0x00, 0x00, 0x00, 0x00,
    0x00, 0x00, 0x00, 0x00, 0x00, 0x00, 0x00, 0x00, 0x00, 0x00, 0x00, 0x00, 0x00, 0x00, 0x00, 0x00,
    0x00, 0x00, 0x00, 0x00, 0x00, 0x00, 0x00, 0x00, 0x00, 0x00, 0x00, 0x00, 0x00, 0x00, 0x00, 0x00,
    0x00, 0x00, 0x00, 0x00, 0x00, 0x00, 0x00, 0x00, 0x00, 0x00, 0x00, 0x00, 0x00, 0x00, 0x00, 0x00,
    0x00, 0x00, 0x00, 0x00, 0x00, 0x00, 0x00, 0x00, 0x00, 0x00, 0x00, 0x00, 0x00, 0x00, 0x00, 0x00,
    0x00, 0x00, 0x00, 0x00, 0x00, 0x00, 0x00, 0x00, 0x00, 0x00, 0x00, 0x00, 0x00, 0x00, 0x00, 0x00,
    0x00, 0x00, 0x00, 0x00, 0x00, 0x00, 0x00, 0x00, 0x00, 0x00, 0x00, 0x00, 0x00, 0x00, 0x00, 0x00,
    0x00, 0x00, 0x00, 0x00, 0x00, 0x00, 0x00, 0x00, 0x00, 0x00, 0x00, 0x00, 0x00, 0x00, 0x00, 0x00,
    0x00, 0x00, 0x00, 0x00, 0x00, 0x00, 0x00, 0x00, 0x00, 0x00, 0x00, 0x00, 0x00, 0x00, 0x00, 0x00,
    0x00, 0x00, 0x00, 0x00, 0x00, 0x00, 0x00, 0x00, 0x00, 0x00, 0x00, 0x00, 0x00, 0x00, 0x00, 0x00,
    0x00, 0x00, 0x00, 0x00, 0x00, 0x00, 0x00, 0x00, 0x00, 0x00, 0x00, 0x00, 0x00, 0x00, 0x00, 0x00,
    0xff, 0xff, 0xff, 0x01, 0xff, 0xff, 0xff, 0x0c, 0xf0, 0xe2, 0xe2, 0x12, 0xf2, 0xe5, 0xe5, 0x14,
    0xf2, 0xe5, 0xe5, 0x14, 0xf2, 0xe5, 0xe5, 0x14, 0xf2, 0xe5, 0xe5, 0x14, 0xf2, 0xe5, 0xe5, 0x14,
    0xf2, 0xe5, 0xe5, 0x14, 0xf2, 0xe5, 0xe5, 0x14, 0xf2, 0xe5, 0xe5, 0x14, 0xf2, 0xe5, 0xe5, 0x14,
    0xf2, 0xe5, 0xe5, 0x14, 0xf1, 0xf1, 0xf1, 0x13, 0xf0, 0xf0, 0xe2, 0x12, 0xee, 0xdd, 0xdd, 0x0f,
    0xe5, 0xe5, 0xe5, 0x0a, 0xff, 0xff, 0xff, 0x03, 0x00, 0x00, 0x00, 0x00, 0x00, 0x00, 0x00, 0x00,
    0x00, 0x00, 0x00, 0x00, 0x00, 0x00, 0x00, 0x00, 0x00, 0x00, 0x00, 0x00, 0x00, 0x00, 0x00, 0x00,
    0x00, 0x00, 0x00, 0x00, 0x00, 0x00, 0x00, 0x00, 0x00, 0x00, 0x00, 0x00, 0x00, 0x00, 0x00, 0x00,
    0x00, 0x00, 0x00, 0x00, 0x00, 0x00, 0x00, 0x00, 0x00, 0x00, 0x00, 0x00, 0x00, 0x00, 0x00, 0x00,
    0x00, 0x00, 0x00, 0x00, 0x00, 0x00, 0x00, 0x00, 0x00, 0x00, 0x00, 0x00, 0x00, 0x00, 0x00, 0x00,
    0x00, 0x00, 0x00, 0x00, 0x00, 0x00, 0x00, 0x00, 0x00, 0x00, 0x00, 0x00, 0x00, 0x00, 0x00, 0x00,
    0x00, 0x00, 0x00, 0x00, 0x00, 0x00, 0x00, 0x00, 0x00, 0x00, 0x00, 0x00, 0x00, 0x00, 0x00, 0x00,
    0x00, 0x00, 0x00, 0x00, 0x00, 0x00, 0x00, 0x00, 0x00, 0x00, 0x00, 0x00, 0x00, 0x00, 0x00, 0x00,
    0x00, 0x00, 0x00, 0x00, 0x00, 0x00, 0x00, 0x00, 0x00, 0x00, 0x00, 0x00, 0x00, 0x00, 0x00, 0x00,
    0x00, 0x00, 0x00, 0x00, 0x00, 0x00, 0x00, 0x00, 0x00, 0x00, 0x00, 0x00, 0x00, 0x00, 0x00, 0x00,
    0x00, 0x00, 0x00, 0x00, 0x00, 0x00, 0x00, 0x00, 0x00, 0x00, 0x00, 0x00, 0x00, 0x00, 0x00, 0x00,
    0x00, 0x00, 0x00, 0x00, 0x00, 0x00, 0x00, 0x00, 0x00, 0x00, 0x00, 0x00, 0x00, 0x00, 0x00, 0x00,
    0x00, 0x00, 0x00, 0x00, 0x00, 0x00, 0x00, 0x00, 0x00, 0x00, 0x00, 0x00, 0x00, 0x00, 0x00, 0x00,
    0x00, 0x00, 0x00, 0x00, 0x00, 0x00, 0x00, 0x00, 0x00, 0x00, 0x00, 0x00, 0x00, 0x00, 0x00, 0x00,
    0x00, 0x00, 0x00, 0x00, 0x00, 0x00, 0x00, 0x00, 0x00, 0x00, 0x00, 0x00, 0x00, 0x00, 0x00, 0x00,
    0x00, 0x00, 0x00, 0x00, 0x00, 0x00, 0x00, 0x00, 0x00, 0x00, 0x00, 0x00, 0x00, 0x00, 0x00, 0x00,
    0x00, 0x00, 0x00, 0x00, 0x00, 0x00, 0x00, 0x00, 0x00, 0x00, 0x00, 0x00, 0x00, 0x00, 0x00, 0x00,
    0x00, 0x00, 0x00, 0x00, 0x00, 0x00, 0x00, 0x00, 0x00, 0x00, 0x00, 0x00, 0x00, 0x00, 0x00, 0x00,
    0x00, 0x00, 0x00, 0x00, 0x00, 0x00, 0x00, 0x00, 0x00, 0x00, 0x00, 0x00, 0x00, 0x00, 0x00, 0x00,
    0x00, 0x00, 0x00, 0x00, 0xf0, 0xf0, 0xe2, 0x12, 0xf5, 0xf2, 0xee, 0x6a, 0xf1, 0xed, 0xec, 0xcb,
    0xf2, 0xee, 0xec, 0xf9, 0xfd, 0xfb, 0xf8, 0xff, 0xfe, 0xfc, 0xf8, 0xff, 0xfe, 0xfc, 0xf8, 0xff,
    0xfe, 0xfc, 0xf8, 0xff, 0xfe, 0xfc, 0xf8, 0xff, 0xfe, 0xfc, 0xf8, 0xff, 0xfe, 0xfc, 0xf8, 0xff,
    0xfe, 0xfc, 0xf8, 0xff, 0xfe, 0xfc, 0xf8, 0xff, 0xfe, 0xfc, 0xf8, 0xff, 0xf9, 0xf7, 0xf4, 0xff,
    0xf0, 0xed, 0xeb, 0xfb, 0xf1, 0xed, 0xeb, 0xde, 0xef, 0xee, 0xe9, 0xb5, 0xf2, 0xf0, 0xeb, 0x78,
    0xee, 0xe9, 0xe9, 0x2f, 0xec, 0xec, 0xec, 0x0e, 0x00, 0x00, 0x00, 0x00, 0x00, 0x00, 0x00, 0x00,
    0x00, 0x00, 0x00, 0x00, 0x00, 0x00, 0x00, 0x00, 0x00, 0x00, 0x00, 0x00, 0x00, 0x00, 0x00, 0x00,
    0x00, 0x00, 0x00, 0x00, 0x00, 0x00, 0x00, 0x00, 0x00, 0x00, 0x00, 0x00, 0x00, 0x00, 0x00, 0x00,
    0x00, 0x00, 0x00, 0x00, 0x00, 0x00, 0x00, 0x00, 0x00, 0x00, 0x00, 0x00, 0x00, 0x00, 0x00, 0x00,
    0x00, 0x00, 0x00, 0x00, 0x00, 0x00, 0x00, 0x00, 0x00, 0x00, 0x00, 0x00, 0x00, 0x00, 0x00, 0x00,
    0x00, 0x00, 0x00, 0x00, 0x00, 0x00, 0x00, 0x00, 0x00, 0x00, 0x00, 0x00, 0x00, 0x00, 0x00, 0x00,
    0x00, 0x00, 0x00, 0x00, 0x00, 0x00, 0x00, 0x00, 0x00, 0x00, 0x00, 0x00, 0x00, 0x00, 0x00, 0x00,
    0x00, 0x00, 0x00, 0x00, 0x00, 0x00, 0x00, 0x00, 0x00, 0x00, 0x00, 0x00, 0x00, 0x00, 0x00, 0x00,
    0x00, 0x00, 0x00, 0x00, 0x00, 0x00, 0x00, 0x00, 0x00, 0x00, 0x00, 0x00, 0x00, 0x00, 0x00, 0x00,
    0x00, 0x00, 0x00, 0x00, 0x00, 0x00, 0x00, 0x00, 0x00, 0x00, 0x00, 0x00, 0x00, 0x00, 0x00, 0x00,
    0x00, 0x00, 0x00, 0x00, 0x00, 0x00, 0x00, 0x00, 0x00, 0x00, 0x00, 0x00, 0x00, 0x00, 0x00, 0x00,
    0x00, 0x00, 0x00, 0x00, 0x00, 0x00, 0x00, 0x00, 0x00, 0x00, 0x00, 0x00, 0x00, 0x00, 0x00, 0x00,
    0x00, 0x00, 0x00, 0x00, 0x00, 0x00, 0x00, 0x00, 0x00, 0x00, 0x00, 0x00, 0x00, 0x00, 0x00, 0x00,
    0x00, 0x00, 0x00, 0x00, 0x00, 0x00, 0x00, 0x00, 0x00, 0x00, 0x00, 0x00, 0x00, 0x00, 0x00, 0x00,
    0x00, 0x00, 0x00, 0x00, 0x00, 0x00, 0x00, 0x00, 0x00, 0x00, 0x00, 0x00, 0x00, 0x00, 0x00, 0x00,
    0x00, 0x00, 0x00, 0x00, 0x00, 0x00, 0x00, 0x00, 0x00, 0x00, 0x00, 0x00, 0x00, 0x00, 0x00, 0x00,
    0x00, 0x00, 0x00, 0x00, 0x00, 0x00, 0x00, 0x00, 0x00, 0x00, 0x00, 0x00, 0x00, 0x00, 0x00, 0x00,
    0x00, 0x00, 0x00, 0x00, 0x00, 0x00, 0x00, 0x00, 0x00, 0x00, 0x00, 0x00, 0x00, 0x00, 0x00, 0x00,
    0xff, 0xff, 0xff, 0x02, 0x00, 0x00, 0x00, 0x00, 0xef, 0xef, 0xe9, 0x30, 0xf3, 0xf2, 0xf0, 0xcd,
    0xff, 0xff, 0xfc, 0xff, 0xf0, 0xee, 0xeb, 0xfe, 0xf1, 0xef, 0xec, 0xfc, 0xf0, 0xee, 0xeb, 0xfb,
    0xf0, 0xee, 0xeb, 0xfb, 0xf0, 0xee, 0xeb, 0xfb, 0xf0, 0xee, 0xeb, 0xfb, 0xf0, 0xee, 0xeb, 0xfb,
    0xf0, 0xee, 0xeb, 0xfb, 0xf0, 0xee, 0xeb, 0xfb, 0xf0, 0xee, 0xeb, 0xfb, 0xf0, 0xee, 0xeb, 0xfb,
    0xf0, 0xee, 0xeb, 0xfb, 0xf1, 0xef, 0xec, 0xfb, 0xf1, 0xef, 0xec, 0xfc, 0xf1, 0xef, 0xec, 0xff,
    0xf4, 0xf2, 0xef, 0xff, 0xf8, 0xf6, 0xf3, 0xff, 0xfa, 0xf8, 0xf5, 0xff, 0xef, 0xef, 0xeb, 0xc6,
    0xf0, 0xed, 0xea, 0x55, 0xef, 0xef, 0xef, 0x10, 0x00, 0x00, 0x00, 0x00, 0x00, 0x00, 0x00, 0x00,
    0x00, 0x00, 0x00, 0x00, 0x00, 0x00, 0x00, 0x00, 0x00, 0x00, 0x00, 0x00, 0x00, 0x00, 0x00, 0x00,
    0x00, 0x00, 0x00, 0x00, 0x00, 0x00, 0x00, 0x00, 0x00, 0x00, 0x00, 0x00, 0x00, 0x00, 0x00, 0x00,
    0x00, 0x00, 0x00, 0x00, 0x00, 0x00, 0x00, 0x00, 0x00, 0x00, 0x00, 0x00, 0x00, 0x00, 0x00, 0x00,
    0x00, 0x00, 0x00, 0x00, 0x00, 0x00, 0x00, 0x00, 0x00, 0x00, 0x00, 0x00, 0x00, 0x00, 0x00, 0x00,
    0x00, 0x00, 0x00, 0x00, 0x00, 0x00, 0x00, 0x00, 0x00, 0x00, 0x00, 0x00, 0x00, 0x00, 0x00, 0x00,
    0x00, 0x00, 0x00, 0x00, 0x00, 0x00, 0x00, 0x00, 0x00, 0x00, 0x00, 0x00, 0x00, 0x00, 0x00, 0x00,
    0x00, 0x00, 0x00, 0x00, 0x00, 0x00, 0x00, 0x00, 0x00, 0x00, 0x00, 0x00, 0x00, 0x00, 0x00, 0x00,
    0x00, 0x00, 0x00, 0x00, 0x00, 0x00, 0x00, 0x00, 0x00, 0x00, 0x00, 0x00, 0x00, 0x00, 0x00, 0x00,
    0x00, 0x00, 0x00, 0x00, 0x00, 0x00, 0x00, 0x00, 0x00, 0x00, 0x00, 0x00, 0x00, 0x00, 0x00, 0x00,
    0x00, 0x00, 0x00, 0x00, 0x00, 0x00, 0x00, 0x00, 0x00, 0x00, 0x00, 0x00, 0x00, 0x00, 0x00, 0x00,
    0x00, 0x00, 0x00, 0x00, 0x00, 0x00, 0x00, 0x00, 0x00, 0x00, 0x00, 0x00, 0x00, 0x00, 0x00, 0x00,
    0x00, 0x00, 0x00, 0x00, 0x00, 0x00, 0x00, 0x00, 0x00, 0x00, 0x00, 0x00, 0x00, 0x00, 0x00, 0x00,
    0x00, 0x00, 0x00, 0x00, 0x00, 0x00, 0x00, 0x00, 0x00, 0x00, 0x00, 0x00, 0x00, 0x00, 0x00, 0x00,
    0x00, 0x00, 0x00, 0x00, 0x00, 0x00, 0x00, 0x00, 0x00, 0x00, 0x00, 0x00, 0x00, 0x00, 0x00, 0x00,
    0x00, 0x00, 0x00, 0x00, 0x00, 0x00, 0x00, 0x00, 0x00, 0x00, 0x00, 0x00, 0x00, 0x00, 0x00, 0x00,
    0x00, 0x00, 0x00, 0x00, 0x00, 0x00, 0x00, 0x00, 0x00, 0x00, 0x00, 0x00, 0x00, 0x00, 0x00, 0x00,
    0x00, 0x00, 0x00, 0x00, 0xff, 0xff, 0xff, 0x02, 0x00, 0x00, 0x00, 0x00, 0xf2, 0xec, 0xec, 0x2a,
    0xf2, 0xf0, 0xee, 0xd2, 0xfe, 0xfc, 0xf9, 0xff, 0xef, 0xee, 0xeb, 0xf9, 0xf0, 0xee, 0xeb, 0xfe,
    0xf1, 0xef, 0xec, 0xff, 0xf1, 0xef, 0xec, 0xff, 0xf1, 0xef, 0xec, 0xff, 0xf1, 0xef, 0xec, 0xff,
    0xf1, 0xef, 0xec, 0xff, 0xf1, 0xef, 0xec, 0xff, 0xf1, 0xef, 0xec, 0xff, 0xf1, 0xef, 0xec, 0xff,
    0xf1, 0xef, 0xec, 0xff, 0xf1, 0xef, 0xec, 0xff, 0xf1, 0xef, 0xec, 0xff, 0xf1, 0xef, 0xec, 0xff,
    0xf1, 0xef, 0xec, 0xff, 0xf0, 0xee, 0xeb, 0xfe, 0xf0, 0xee, 0xeb, 0xfd, 0xf0, 0xee, 0xeb, 0xfc,
    0xf0, 0xee, 0xeb, 0xfb, 0xf4, 0xf2, 0xef, 0xff, 0xfd, 0xfb, 0xf8, 0xff, 0xef, 0xef, 0xeb, 0xc5,
    0xf5, 0xf1, 0xec, 0x38, 0xff, 0xff, 0xff, 0x02, 0x00, 0x00, 0x00, 0x00, 0xff, 0xff, 0xff, 0x01,
    0x00, 0x00, 0x00, 0x00, 0x00, 0x00, 0x00, 0x00, 0x00, 0x00, 0x00, 0x00, 0x00, 0x00, 0x00, 0x00,
    0x00, 0x00, 0x00, 0x00, 0x00, 0x00, 0x00, 0x00, 0x00, 0x00, 0x00, 0x00, 0x00, 0x00, 0x00, 0x00,
    0x00, 0x00, 0x00, 0x00, 0x00, 0x00, 0x00, 0x00, 0x00, 0x00, 0x00, 0x00, 0x00, 0x00, 0x00, 0x00,
    0x00, 0x00, 0x00, 0x00, 0x00, 0x00, 0x00, 0x00, 0x00, 0x00, 0x00, 0x00, 0x00, 0x00, 0x00, 0x00,
    0x00, 0x00, 0x00, 0x00, 0x00, 0x00, 0x00, 0x00, 0x00, 0x00, 0x00, 0x00, 0x00, 0x00, 0x00, 0x00,
    0x00, 0x00, 0x00, 0x00, 0x00, 0x00, 0x00, 0x00, 0x00, 0x00, 0x00, 0x00, 0x00, 0x00, 0x00, 0x00,
    0x00, 0x00, 0x00, 0x00, 0x00, 0x00, 0x00, 0x00, 0x00, 0x00, 0x00, 0x00, 0x00, 0x00, 0x00, 0x00,
    0x00, 0x00, 0x00, 0x00, 0x00, 0x00, 0x00, 0x00, 0x00, 0x00, 0x00, 0x00, 0x00, 0x00, 0x00, 0x00,
    0x00, 0x00, 0x00, 0x00, 0x00, 0x00, 0x00, 0x00, 0x00, 0x00, 0x00, 0x00, 0x00, 0x00, 0x00, 0x00,
    0x00, 0x00, 0x00, 0x00, 0x00, 0x00, 0x00, 0x00, 0x00, 0x00, 0x00, 0x00, 0x00, 0x00, 0x00, 0x00,
    0x00, 0x00, 0x00, 0x00, 0x00, 0x00, 0x00, 0x00, 0x00, 0x00, 0x00, 0x00, 0x00, 0x00, 0x00, 0x00,
    0x00, 0x00, 0x00, 0x00, 0x00, 0x00, 0x00, 0x00, 0x00, 0x00, 0x00, 0x00, 0x00, 0x00, 0x00, 0x00,
    0x00, 0x00, 0x00, 0x00, 0x00, 0x00, 0x00, 0x00, 0x00, 0x00, 0x00, 0x00, 0x00, 0x00, 0x00, 0x00,
    0x00, 0x00, 0x00, 0x00, 0x00, 0x00, 0x00, 0x00, 0x00, 0x00, 0x00, 0x00, 0x00, 0x00, 0x00, 0x00,
    0x00, 0x00, 0x00, 0x00, 0x00, 0x00, 0x00, 0x00, 0x00, 0x00, 0x00, 0x00, 0x00, 0x00, 0x00, 0x00,
    0x00, 0x00, 0x00, 0x00, 0x00, 0x00, 0x00, 0x00, 0xff, 0xff, 0xff, 0x01, 0xff, 0xff, 0xff, 0x03,
    0xff, 0xff, 0xff, 0x06, 0xf0, 0xef, 0xeb, 0xa1, 0xff, 0xff, 0xfe, 0xff, 0xf0, 0xee, 0xeb, 0xf9,
    0xf1, 0xef, 0xec, 0xff, 0xf1, 0xef, 0xec, 0xff, 0xf1, 0xef, 0xec, 0xff, 0xf1, 0xef, 0xec, 0xff,
    0xf1, 0xef, 0xec, 0xff, 0xf1, 0xef, 0xec, 0xff, 0xf1, 0xef, 0xec, 0xff, 0xf1, 0xef, 0xec, 0xff,
    0xf1, 0xef, 0xec, 0xff, 0xf1, 0xef, 0xec, 0xff, 0xf1, 0xef, 0xec, 0xff, 0xf1, 0xef, 0xec, 0xff,
    0xf1, 0xef, 0xec, 0xff, 0xf1, 0xef, 0xec, 0xff, 0xf1, 0xef, 0xec, 0xff, 0xf1, 0xef, 0xec, 0xff,
    0xf1, 0xef, 0xec, 0xff, 0xf1, 0xef, 0xec, 0xff, 0xf1, 0xef, 0xec, 0xff, 0xf0, 0xee, 0xeb, 0xfd,
    0xf0, 0xee, 0xeb, 0xfb, 0xf5, 0xf3, 0xf0, 0xff, 0xf1, 0xef, 0xec, 0xfe, 0xee, 0xe9, 0xe9, 0x6d,
    0xff, 0xff, 0xff, 0x09, 0x00, 0x00, 0x00, 0x00, 0xff, 0xff, 0xff, 0x01, 0x00, 0x00, 0x00, 0x00,
    0x00, 0x00, 0x00, 0x00, 0x00, 0x00, 0x00, 0x00, 0x00, 0x00, 0x00, 0x00, 0x00, 0x00, 0x00, 0x00,
    0x00, 0x00, 0x00, 0x00, 0x00, 0x00, 0x00, 0x00, 0x00, 0x00, 0x00, 0x00, 0x00, 0x00, 0x00, 0x00,
    0x00, 0x00, 0x00, 0x00, 0x00, 0x00, 0x00, 0x00, 0x00, 0x00, 0x00, 0x00, 0x00, 0x00, 0x00, 0x00,
    0x00, 0x00, 0x00, 0x00, 0x00, 0x00, 0x00, 0x00, 0x00, 0x00, 0x00, 0x00, 0x00, 0x00, 0x00, 0x00,
    0x00, 0x00, 0x00, 0x00, 0x00, 0x00, 0x00, 0x00, 0x00, 0x00, 0x00, 0x00, 0x00, 0x00, 0x00, 0x00,
    0x00, 0x00, 0x00, 0x00, 0x00, 0x00, 0x00, 0x00, 0x00, 0x00, 0x00, 0x00, 0x00, 0x00, 0x00, 0x00,
    0x00, 0x00, 0x00, 0x00, 0x00, 0x00, 0x00, 0x00, 0x00, 0x00, 0x00, 0x00, 0x00, 0x00, 0x00, 0x00,
    0x00, 0x00, 0x00, 0x00, 0x00, 0x00, 0x00, 0x00, 0x00, 0x00, 0x00, 0x00, 0x00, 0x00, 0x00, 0x00,
    0x00, 0x00, 0x00, 0x00, 0x00, 0x00, 0x00, 0x00, 0x00, 0x00, 0x00, 0x00, 0x00, 0x00, 0x00, 0x00,
    0x00, 0x00, 0x00, 0x00, 0x00, 0x00, 0x00, 0x00, 0x00, 0x00, 0x00, 0x00, 0x00, 0x00, 0x00, 0x00,
    0x00, 0x00, 0x00, 0x00, 0x00, 0x00, 0x00, 0x00, 0x00, 0x00, 0x00, 0x00, 0x00, 0x00, 0x00, 0x00,
    0x00, 0x00, 0x00, 0x00, 0x00, 0x00, 0x00, 0x00, 0x00, 0x00, 0x00, 0x00, 0x00, 0x00, 0x00, 0x00,
    0x00, 0x00, 0x00, 0x00, 0x00, 0x00, 0x00, 0x00, 0x00, 0x00, 0x00, 0x00, 0x00, 0x00, 0x00, 0x00,
    0x00, 0x00, 0x00, 0x00, 0x00, 0x00, 0x00, 0x00, 0x00, 0x00, 0x00, 0x00, 0x00, 0x00, 0x00, 0x00,
    0x00, 0x00, 0x00, 0x00, 0x00, 0x00, 0x00, 0x00, 0x00, 0x00, 0x00, 0x00, 0x00, 0x00, 0x00, 0x00,
    0xff, 0xff, 0xff, 0x03, 0x00, 0x00, 0x00, 0x00, 0xf3, 0xef, 0xeb, 0x43, 0xf0, 0xed, 0xeb, 0xe0,
    0xf6, 0xf4, 0xf1, 0xfe, 0xf1, 0xef, 0xed, 0xfc, 0xf1, 0xef, 0xec, 0xff, 0xf1, 0xef, 0xec, 0xff,
    0xf1, 0xef, 0xec, 0xff, 0xf1, 0xef, 0xec, 0xff, 0xf1, 0xef, 0xec, 0xff, 0xf1, 0xef, 0xec, 0xff,
    0xf1, 0xef, 0xec, 0xff, 0xf1, 0xef, 0xec, 0xff, 0xf1, 0xef, 0xec, 0xff, 0xf1, 0xef, 0xec, 0xff,
    0xf1, 0xef, 0xec, 0xff, 0xf1, 0xef, 0xec, 0xff, 0xf1, 0xef, 0xec, 0xff, 0xf1, 0xef, 0xec, 0xff,
    0xf1, 0xef, 0xec, 0xff, 0xf1, 0xef, 0xec, 0xff, 0xf1, 0xef, 0xec, 0xff, 0xf1, 0xef, 0xec, 0xff,
    0xf1, 0xef, 0xec, 0xff, 0xf1, 0xef, 0xec, 0xff, 0xf1, 0xef, 0xec, 0xff, 0xf0, 0xee, 0xeb, 0xfd,
    0xf3, 0xf1, 0xee, 0xfc, 0xf9, 0xf7, 0xf3, 0xff, 0xf0, 0xee, 0xee, 0x8c, 0xff, 0xff, 0xe5, 0x0a,
    0x00, 0x00, 0x00, 0x00, 0xff, 0xff, 0xff, 0x01, 0x00, 0x00, 0x00, 0x00, 0x00, 0x00, 0x00, 0x00,
    0x00, 0x00, 0x00, 0x00, 0x00, 0x00, 0x00, 0x00, 0x00, 0x00, 0x00, 0x00, 0x00, 0x00, 0x00, 0x00,
    0x00, 0x00, 0x00, 0x00, 0x00, 0x00, 0x00, 0x00, 0x00, 0x00, 0x00, 0x00, 0x00, 0x00, 0x00, 0x00,
    0x00, 0x00, 0x00, 0x00, 0x00, 0x00, 0x00, 0x00, 0x00, 0x00, 0x00, 0x00, 0x00, 0x00, 0x00, 0x00,
    0x00, 0x00, 0x00, 0x00, 0x00, 0x00, 0x00, 0x00, 0x00, 0x00, 0x00, 0x00, 0x00, 0x00, 0x00, 0x00,
    0x00, 0x00, 0x00, 0x00, 0x00, 0x00, 0x00, 0x00, 0x00, 0x00, 0x00, 0x00, 0x00, 0x00, 0x00, 0x00,
    0x00, 0x00, 0x00, 0x00, 0x00, 0x00, 0x00, 0x00, 0x00, 0x00, 0x00, 0x00, 0x00, 0x00, 0x00, 0x00,
    0x00, 0x00, 0x00, 0x00, 0x00, 0x00, 0x00, 0x00, 0x00, 0x00, 0x00, 0x00, 0x00, 0x00, 0x00, 0x00,
    0x00, 0x00, 0x00, 0x00, 0x00, 0x00, 0x00, 0x00, 0x00, 0x00, 0x00, 0x00, 0x00, 0x00, 0x00, 0x00,
    0x00, 0x00, 0x00, 0x00, 0x00, 0x00, 0x00, 0x00, 0x00, 0x00, 0x00, 0x00, 0x00, 0x00, 0x00, 0x00,
    0x00, 0x00, 0x00, 0x00, 0x00, 0x00, 0x00, 0x00, 0x00, 0x00, 0x00, 0x00, 0x00, 0x00, 0x00, 0x00,
    0x00, 0x00, 0x00, 0x00, 0x00, 0x00, 0x00, 0x00, 0x00, 0x00, 0x00, 0x00, 0x00, 0x00, 0x00, 0x00,
    0x00, 0x00, 0x00, 0x00, 0x00, 0x00, 0x00, 0x00, 0x00, 0x00, 0x00, 0x00, 0x00, 0x00, 0x00, 0x00,
    0x00, 0x00, 0x00, 0x00, 0x00, 0x00, 0x00, 0x00, 0x00, 0x00, 0x00, 0x00, 0x00, 0x00, 0x00, 0x00,
    0x00, 0x00, 0x00, 0x00, 0x00, 0x00, 0x00, 0x00, 0x00, 0x00, 0x00, 0x00, 0x00, 0x00, 0x00, 0x00,
    0x00, 0x00, 0x00, 0x00, 0x00, 0x00, 0x00, 0x00, 0xff, 0xff, 0xff, 0x05, 0x00, 0x00, 0x00, 0x00,
    0xf1, 0xec, 0xea, 0x6f, 0xf6, 0xf5, 0xf2, 0xff, 0xf0, 0xee, 0xeb, 0xfe, 0xf0, 0xee, 0xeb, 0xfe,
    0xf1, 0xef, 0xec, 0xff, 0xf1, 0xef, 0xec, 0xff, 0xf1, 0xef, 0xec, 0xff, 0xf1, 0xef, 0xec, 0xff,
    0xf1, 0xef, 0xec, 0xff, 0xf1, 0xef, 0xec, 0xff, 0xf1, 0xef, 0xec, 0xff, 0xf1, 0xef, 0xec, 0xff,
    0xf1, 0xef, 0xec, 0xff, 0xf1, 0xef, 0xec, 0xff, 0xf1, 0xef, 0xec, 0xff, 0xf1, 0xef, 0xec, 0xff,
    0xf1, 0xef, 0xec, 0xff, 0xf1, 0xef, 0xec, 0xff, 0xf1, 0xef, 0xec, 0xff, 0xf1, 0xef, 0xec, 0xff,
    0xf1, 0xef, 0xec, 0xff, 0xf1, 0xef, 0xec, 0xff, 0xf1, 0xef, 0xec, 0xff, 0xf1, 0xef, 0xec, 0xff,
    0xf1, 0xef, 0xec, 0xff, 0xf1, 0xef, 0xec, 0xff, 0xf0, 0xee, 0xeb, 0xff, 0xf3, 0xf1, 0xee, 0xfb,
    0xf6, 0xf4, 0xf1, 0xff, 0xee, 0xec, 0xea, 0x8b, 0xff, 0xbf, 0xbf, 0x04, 0xff, 0xff, 0xaa, 0x03,
    0x00, 0x00, 0x00, 0x00, 0x00, 0x00, 0x00, 0x00, 0x00, 0x00, 0x00, 0x00, 0x00, 0x00, 0x00, 0x00,
    0x00, 0x00, 0x00, 0x00, 0x00, 0x00, 0x00, 0x00, 0x00, 0x00, 0x00, 0x00, 0x00, 0x00, 0x00, 0x00,
    0x00, 0x00, 0x00, 0x00, 0x00, 0x00, 0x00, 0x00, 0x00, 0x00, 0x00, 0x00, 0x00, 0x00, 0x00, 0x00,
    0x00, 0x00, 0x00, 0x00, 0x00, 0x00, 0x00, 0x00, 0x00, 0x00, 0x00, 0x00, 0x00, 0x00, 0x00, 0x00,
    0x00, 0x00, 0x00, 0x00, 0x00, 0x00, 0x00, 0x00, 0x00, 0x00, 0x00, 0x00, 0x00, 0x00, 0x00, 0x00,
    0x00, 0x00, 0x00, 0x00, 0x00, 0x00, 0x00, 0x00, 0x00, 0x00, 0x00, 0x00, 0x00, 0x00, 0x00, 0x00,
    0x00, 0x00, 0x00, 0x00, 0x00, 0x00, 0x00, 0x00, 0x00, 0x00, 0x00, 0x00, 0x00, 0x00, 0x00, 0x00,
    0x00, 0x00, 0x00, 0x00, 0x00, 0x00, 0x00, 0x00, 0x00, 0x00, 0x00, 0x00, 0x00, 0x00, 0x00, 0x00,
    0x00, 0x00, 0x00, 0x00, 0x00, 0x00, 0x00, 0x00, 0x00, 0x00, 0x00, 0x00, 0x00, 0x00, 0x00, 0x00,
    0x00, 0x00, 0x00, 0x00, 0x00, 0x00, 0x00, 0x00, 0x00, 0x00, 0x00, 0x00, 0x00, 0x00, 0x00, 0x00,
    0x00, 0x00, 0x00, 0x00, 0x00, 0x00, 0x00, 0x00, 0x00, 0x00, 0x00, 0x00, 0x00, 0x00, 0x00, 0x00,
    0x00, 0x00, 0x00, 0x00, 0x00, 0x00, 0x00, 0x00, 0x00, 0x00, 0x00, 0x00, 0x00, 0x00, 0x00, 0x00,
    0x00, 0x00, 0x00, 0x00, 0x00, 0x00, 0x00, 0x00, 0x00, 0x00, 0x00, 0x00, 0x00, 0x00, 0x00, 0x00,
    0x00, 0x00, 0x00, 0x00, 0x00, 0x00, 0x00, 0x00, 0x00, 0x00, 0x00, 0x00, 0x00, 0x00, 0x00, 0x00,
    0x00, 0x00, 0x00, 0x00, 0x00, 0x00, 0x00, 0x00, 0x00, 0x00, 0x00, 0x00, 0x00, 0x00, 0x00, 0x00,
    0xff, 0xff, 0xff, 0x06, 0x00, 0x00, 0x00, 0x00, 0xf1, 0xef, 0xeb, 0x80, 0xff, 0xff, 0xff, 0xfe,
    0xf0, 0xee, 0xec, 0xfa, 0xf1, 0xef, 0xec, 0xff, 0xf1, 0xef, 0xec, 0xff, 0xf1, 0xef, 0xec, 0xff,
    0xf1, 0xef, 0xec, 0xff, 0xf1, 0xef, 0xec, 0xff, 0xf1, 0xef, 0xec, 0xff, 0xf1, 0xef, 0xec, 0xff,
    0xf1, 0xef, 0xec, 0xff, 0xf1, 0xef, 0xec, 0xff, 0xf1, 0xef, 0xec, 0xff, 0xf1, 0xef, 0xec, 0xff,
    0xf1, 0xef, 0xec, 0xff, 0xf1, 0xef, 0xec, 0xff, 0xf1, 0xef, 0xec, 0xff, 0xf1, 0xef, 0xec, 0xff,
    0xf1, 0xef, 0xec, 0xff, 0xf1, 0xef, 0xec, 0xff, 0xf1, 0xef, 0xec, 0xff, 0xf1, 0xef, 0xec, 0xff,
    0xf1, 0xef, 0xec, 0xff, 0xf1, 0xef, 0xec, 0xff, 0xf1, 0xef, 0xec, 0xff, 0xf1, 0xef, 0xec, 0xff,
    0xf1, 0xef, 0xec, 0xff, 0xf0, 0xee, 0xeb, 0xff, 0xf5, 0xf3, 0xf0, 0xfc, 0xf2, 0xf0, 0xed, 0xfd,
    0xf0, 0xed, 0xe8, 0x67, 0x00, 0x00, 0x00, 0x00, 0xff, 0xff, 0xff, 0x03, 0x00, 0x00, 0x00, 0x00,
    0x00, 0x00, 0x00, 0x00, 0x00, 0x00, 0x00, 0x00, 0x00, 0x00, 0x00, 0x00, 0x00, 0x00, 0x00, 0x00,
    0x00, 0x00, 0x00, 0x00, 0x00, 0x00, 0x00, 0x00, 0x00, 0x00, 0x00, 0x00, 0x00, 0x00, 0x00, 0x00,
    0x00, 0x00, 0x00, 0x00, 0x00, 0x00, 0x00, 0x00, 0x00, 0x00, 0x00, 0x00, 0x00, 0x00, 0x00, 0x00,
    0x00, 0x00, 0x00, 0x00, 0x00, 0x00, 0x00, 0x00, 0x00, 0x00, 0x00, 0x00, 0x00, 0x00, 0x00, 0x00,
    0x00, 0x00, 0x00, 0x00, 0x00, 0x00, 0x00, 0x00, 0x00, 0x00, 0x00, 0x00, 0x00, 0x00, 0x00, 0x00,
    0x00, 0x00, 0x00, 0x00, 0x00, 0x00, 0x00, 0x00, 0x00, 0x00, 0x00, 0x00, 0x00, 0x00, 0x00, 0x00,
    0x00, 0x00, 0x00, 0x00, 0x00, 0x00, 0x00, 0x00, 0x00, 0x00, 0x00, 0x00, 0x00, 0x00, 0x00, 0x00,
    0x00, 0x00, 0x00, 0x00, 0x00, 0x00, 0x00, 0x00, 0x00, 0x00, 0x00, 0x00, 0x00, 0x00, 0x00, 0x00,
    0x00, 0x00, 0x00, 0x00, 0x00, 0x00, 0x00, 0x00, 0x00, 0x00, 0x00, 0x00, 0x00, 0x00, 0x00, 0x00,
    0x00, 0x00, 0x00, 0x00, 0x00, 0x00, 0x00, 0x00, 0x00, 0x00, 0x00, 0x00, 0x00, 0x00, 0x00, 0x00,
    0x00, 0x00, 0x00, 0x00, 0x00, 0x00, 0x00, 0x00, 0x00, 0x00, 0x00, 0x00, 0x00, 0x00, 0x00, 0x00,
    0x00, 0x00, 0x00, 0x00, 0x00, 0x00, 0x00, 0x00, 0x00, 0x00, 0x00, 0x00, 0x00, 0x00, 0x00, 0x00,
    0x00, 0x00, 0x00, 0x00, 0x00, 0x00, 0x00, 0x00, 0x00, 0x00, 0x00, 0x00, 0x00, 0x00, 0x00, 0x00,
    0x00, 0x00, 0x00, 0x00, 0x00, 0x00, 0x00, 0x00, 0x00, 0x00, 0x00, 0x00, 0x00, 0x00, 0x00, 0x00,
    0x00, 0x00, 0x00, 0x00, 0x00, 0x00, 0x00, 0x00, 0xda, 0xda, 0xda, 0x07, 0x00, 0x00, 0x00, 0x00,
    0xf1, 0xef, 0xeb, 0x86, 0xff, 0xff, 0xff, 0xff, 0xf0, 0xee, 0xec, 0xf9, 0xf1, 0xef, 0xec, 0xff,
    0xf1, 0xef, 0xec, 0xff, 0xf1, 0xef, 0xec, 0xff, 0xf1, 0xef, 0xec, 0xff, 0xf1, 0xef, 0xec, 0xff,
    0xf1, 0xef, 0xec, 0xff, 0xf1, 0xef, 0xec, 0xff, 0xf1, 0xef, 0xec, 0xff, 0xf1, 0xef, 0xec, 0xff,
    0xf1, 0xef, 0xec, 0xff, 0xf1, 0xef, 0xec, 0xff, 0xf1, 0xef, 0xec, 0xff, 0xf1, 0xef, 0xec, 0xff,
    0xf1, 0xef, 0xec, 0xff, 0xf1, 0xef, 0xec, 0xff, 0xf1, 0xef, 0xec, 0xff, 0xf1, 0xef, 0xec, 0xff,
    0xf1, 0xef, 0xec, 0xff, 0xf1, 0xef, 0xec, 0xff, 0xf1, 0xef, 0xec, 0xff, 0xf1, 0xef, 0xec, 0xff,
    0xf1, 0xef, 0xec, 0xff, 0xf1, 0xef, 0xec, 0xff, 0xf1, 0xef, 0xec, 0xff, 0xf1, 0xef, 0xec, 0xff,
    0xf0, 0xee, 0xeb, 0xff, 0xf7, 0xf4, 0xf1, 0xfd, 0xf1, 0xee, 0xeb, 0xee, 0xf2, 0xf2, 0xf2, 0x28,
    0x00, 0x00, 0x00, 0x00, 0xff, 0xff, 0xff, 0x02, 0x00, 0x00, 0x00, 0x00, 0x00, 0x00, 0x00, 0x00,
    0x00, 0x00, 0x00, 0x00, 0x00, 0x00, 0x00, 0x00, 0x00, 0x00, 0x00, 0x00, 0x00, 0x00, 0x00, 0x00,
    0x00, 0x00, 0x00, 0x00, 0x00, 0x00, 0x00, 0x00, 0x00, 0x00, 0x00, 0x00, 0x00, 0x00, 0x00, 0x00,
    0x00, 0x00, 0x00, 0x00, 0x00, 0x00, 0x00, 0x00, 0x00, 0x00, 0x00, 0x00, 0x00, 0x00, 0x00, 0x00,
    0x00, 0x00, 0x00, 0x00, 0x00, 0x00, 0x00, 0x00, 0x00, 0x00, 0x00, 0x00, 0x00, 0x00, 0x00, 0x00,
    0x00, 0x00, 0x00, 0x00, 0x00, 0x00, 0x00, 0x00, 0x00, 0x00, 0x00, 0x00, 0x00, 0x00, 0x00, 0x00,
    0x00, 0x00, 0x00, 0x00, 0x00, 0x00, 0x00, 0x00, 0x00, 0x00, 0x00, 0x00, 0x00, 0x00, 0x00, 0x00,
    0x00, 0x00, 0x00, 0x00, 0x00, 0x00, 0x00, 0x00, 0x00, 0x00, 0x00, 0x00, 0x00, 0x00, 0x00, 0x00,
    0x00, 0x00, 0x00, 0x00, 0x00, 0x00, 0x00, 0x00, 0x00, 0x00, 0x00, 0x00, 0x00, 0x00, 0x00, 0x00,
    0x00, 0x00, 0x00, 0x00, 0x00, 0x00, 0x00, 0x00, 0x00, 0x00, 0x00, 0x00, 0x00, 0x00, 0x00, 0x00,
    0x00, 0x00, 0x00, 0x00, 0x00, 0x00, 0x00, 0x00, 0x00, 0x00, 0x00, 0x00, 0x00, 0x00, 0x00, 0x00,
    0x00, 0x00, 0x00, 0x00, 0x00, 0x00, 0x00, 0x00, 0x00, 0x00, 0x00, 0x00, 0x00, 0x00, 0x00, 0x00,
    0x00, 0x00, 0x00, 0x00, 0x00, 0x00, 0x00, 0x00, 0x00, 0x00, 0x00, 0x00, 0x00, 0x00, 0x00, 0x00,
    0x00, 0x00, 0x00, 0x00, 0x00, 0x00, 0x00, 0x00, 0x00, 0x00, 0x00, 0x00, 0x00, 0x00, 0x00, 0x00,
    0x00, 0x00, 0x00, 0x00, 0x00, 0x00, 0x00, 0x00, 0x00, 0x00, 0x00, 0x00, 0x00, 0x00, 0x00, 0x00,
    0xda, 0xda, 0xda, 0x07, 0x00, 0x00, 0x00, 0x00, 0xf1, 0xef, 0xeb, 0x86, 0xff, 0xff, 0xff, 0xff,
    0xf0, 0xee, 0xec, 0xf9, 0xf1, 0xef, 0xec, 0xff, 0xf1, 0xef, 0xec, 0xff, 0xf1, 0xef, 0xec, 0xff,
    0xf1, 0xef, 0xec, 0xff, 0xf1, 0xef, 0xec, 0xff, 0xf1, 0xef, 0xec, 0xff, 0xf1, 0xef, 0xec, 0xff,
    0xf1, 0xef, 0xec, 0xff, 0xf1, 0xef, 0xec, 0xff, 0xf1, 0xef, 0xec, 0xff, 0xf1, 0xef, 0xec, 0xff,
    0xf1, 0xef, 0xec, 0xff, 0xf1, 0xef, 0xec, 0xff, 0xf1, 0xef, 0xec, 0xff, 0xf1, 0xef, 0xec, 0xff,
    0xf1, 0xef, 0xec, 0xff, 0xf1, 0xef, 0xec, 0xff, 0xf1, 0xef, 0xec, 0xff, 0xf1, 0xef, 0xec, 0xff,
    0xf1, 0xef, 0xec, 0xff, 0xf1, 0xef, 0xec, 0xff, 0xf1, 0xef, 0xec, 0xff, 0xf1, 0xef, 0xec, 0xff,
    0xf1, 0xef, 0xec, 0xff, 0xf1, 0xef, 0xec, 0xff, 0xf1, 0xef, 0xec, 0xff, 0xf1, 0xef, 0xec, 0xfe,
    0xf2, 0xf0, 0xee, 0xfd, 0xef, 0xef, 0xec, 0xb4, 0xff, 0xff, 0xff, 0x01, 0xbf, 0xbf, 0xbf, 0x04,
    0x00, 0x00, 0x00, 0x00, 0x00, 0x00, 0x00, 0x00, 0x00, 0x00, 0x00, 0x00, 0x00, 0x00, 0x00, 0x00,
    0x00, 0x00, 0x00, 0x00, 0x00, 0x00, 0x00, 0x00, 0x00, 0x00, 0x00, 0x00, 0x00, 0x00, 0x00, 0x00,
    0x00, 0x00, 0x00, 0x00, 0x00, 0x00, 0x00, 0x00, 0x00, 0x00, 0x00, 0x00, 0x00, 0x00, 0x00, 0x00,
    0x00, 0x00, 0x00, 0x00, 0x00, 0x00, 0x00, 0x00, 0x00, 0x00, 0x00, 0x00, 0x00, 0x00, 0x00, 0x00,
    0x00, 0x00, 0x00, 0x00, 0x00, 0x00, 0x00, 0x00, 0x00, 0x00, 0x00, 0x00, 0x00, 0x00, 0x00, 0x00,
    0x00, 0x00, 0x00, 0x00, 0x00, 0x00, 0x00, 0x00, 0x00, 0x00, 0x00, 0x00, 0x00, 0x00, 0x00, 0x00,
    0x00, 0x00, 0x00, 0x00, 0x00, 0x00, 0x00, 0x00, 0x00, 0x00, 0x00, 0x00, 0x00, 0x00, 0x00, 0x00,
    0x00, 0x00, 0x00, 0x00, 0x00, 0x00, 0x00, 0x00, 0x00, 0x00, 0x00, 0x00, 0x00, 0x00, 0x00, 0x00,
    0x00, 0x00, 0x00, 0x00, 0x00, 0x00, 0x00, 0x00, 0x00, 0x00, 0x00, 0x00, 0x00, 0x00, 0x00, 0x00,
    0x00, 0x00, 0x00, 0x00, 0x00, 0x00, 0x00, 0x00, 0x00, 0x00, 0x00, 0x00, 0x00, 0x00, 0x00, 0x00,
    0x00, 0x00, 0x00, 0x00, 0x00, 0x00, 0x00, 0x00, 0x00, 0x00, 0x00, 0x00, 0x00, 0x00, 0x00, 0x00,
    0x00, 0x00, 0x00, 0x00, 0x00, 0x00, 0x00, 0x00, 0x00, 0x00, 0x00, 0x00, 0x00, 0x00, 0x00, 0x00,
    0x00, 0x00, 0x00, 0x00, 0x00, 0x00, 0x00, 0x00, 0x00, 0x00, 0x00, 0x00, 0x00, 0x00, 0x00, 0x00,
    0x00, 0x00, 0x00, 0x00, 0x00, 0x00, 0x00, 0x00, 0x00, 0x00, 0x00, 0x00, 0x00, 0x00, 0x00, 0x00,
    0x00, 0x00, 0x00, 0x00, 0x00, 0x00, 0x00, 0x00, 0xda, 0xda, 0xda, 0x07, 0x00, 0x00, 0x00, 0x00,
    0xf1, 0xef, 0xeb, 0x86, 0xff, 0xff, 0xff, 0xff, 0xf0, 0xee, 0xec, 0xf9, 0xf1, 0xef, 0xec, 0xff,
    0xf1, 0xef, 0xec, 0xff, 0xf1, 0xef, 0xec, 0xff, 0xf1, 0xef, 0xec, 0xff, 0xf1, 0xef, 0xec, 0xff,
    0xf1, 0xef, 0xec, 0xff, 0xf1, 0xef, 0xec, 0xff, 0xf1, 0xef, 0xec, 0xff, 0xf1, 0xef, 0xec, 0xff,
    0xf1, 0xef, 0xec, 0xff, 0xf1, 0xef, 0xec, 0xff, 0xf1, 0xef, 0xec, 0xff, 0xf1, 0xef, 0xec, 0xff,
    0xf1, 0xef, 0xec, 0xff, 0xf1, 0xef, 0xec, 0xff, 0xf1, 0xef, 0xec, 0xff, 0xf1, 0xef, 0xec, 0xff,
    0xf1, 0xef, 0xec, 0xff, 0xf1, 0xef, 0xec, 0xff, 0xf1, 0xef, 0xec, 0xff, 0xf1, 0xef, 0xec, 0xff,
    0xf1, 0xef, 0xec, 0xff, 0xf1, 0xef, 0xec, 0xff, 0xf1, 0xef, 0xec, 0xff, 0xf1, 0xef, 0xec, 0xff,
    0xf1, 0xef, 0xec, 0xff, 0xf0, 0xee, 0xeb, 0xfe, 0xf8, 0xf6, 0xf2, 0xfe, 0xf0, 0xee, 0xea, 0xf0,
    0xf6, 0xee, 0xea, 0x3e, 0x00, 0x00, 0x00, 0x00, 0xff, 0xff, 0xff, 0x03, 0x00, 0x00, 0x00, 0x00,
    0x00, 0x00, 0x00, 0x00, 0x00, 0x00, 0x00, 0x00, 0x00, 0x00, 0x00, 0x00, 0x00, 0x00, 0x00, 0x00,
    0x00, 0x00, 0x00, 0x00, 0x00, 0x00, 0x00, 0x00, 0x00, 0x00, 0x00, 0x00, 0x00, 0x00, 0x00, 0x00,
    0x00, 0x00, 0x00, 0x00, 0x00, 0x00, 0x00, 0x00, 0x00, 0x00, 0x00, 0x00, 0x00, 0x00, 0x00, 0x00,
    0x00, 0x00, 0x00, 0x00, 0x00, 0x00, 0x00, 0x00, 0x00, 0x00, 0x00, 0x00, 0x00, 0x00, 0x00, 0x00,
    0x00, 0x00, 0x00, 0x00, 0x00, 0x00, 0x00, 0x00, 0x00, 0x00, 0x00, 0x00, 0x00, 0x00, 0x00, 0x00,
    0x00, 0x00, 0x00, 0x00, 0x00, 0x00, 0x00, 0x00, 0x00, 0x00, 0x00, 0x00, 0x00, 0x00, 0x00, 0x00,
    0x00, 0x00, 0x00, 0x00, 0x00, 0x00, 0x00, 0x00, 0x00, 0x00, 0x00, 0x00, 0x00, 0x00, 0x00, 0x00,
    0x00, 0x00, 0x00, 0x00, 0x00, 0x00, 0x00, 0x00, 0x00, 0x00, 0x00, 0x00, 0x00, 0x00, 0x00, 0x00,
    0x00, 0x00, 0x00, 0x00, 0x00, 0x00, 0x00, 0x00, 0x00, 0x00, 0x00, 0x00, 0x00, 0x00, 0x00, 0x00,
    0x00, 0x00, 0x00, 0x00, 0x00, 0x00, 0x00, 0x00, 0x00, 0x00, 0x00, 0x00, 0x00, 0x00, 0x00, 0x00,
    0x00, 0x00, 0x00, 0x00, 0x00, 0x00, 0x00, 0x00, 0x00, 0x00, 0x00, 0x00, 0x00, 0x00, 0x00, 0x00,
    0x00, 0x00, 0x00, 0x00, 0x00, 0x00, 0x00, 0x00, 0x00, 0x00, 0x00, 0x00, 0x00, 0x00, 0x00, 0x00,
    0x00, 0x00, 0x00, 0x00, 0x00, 0x00, 0x00, 0x00, 0x00, 0x00, 0x00, 0x00, 0x00, 0x00, 0x00, 0x00,
    0x00, 0x00, 0x00, 0x00, 0x00, 0x00, 0x00, 0x00, 0x00, 0x00, 0x00, 0x00, 0x00, 0x00, 0x00, 0x00,
    0xda, 0xda, 0xda, 0x07, 0x00, 0x00, 0x00, 0x00, 0xf1, 0xef, 0xeb, 0x86, 0xff, 0xff, 0xff, 0xff,
    0xf0, 0xee, 0xec, 0xf9, 0xf1, 0xef, 0xec, 0xff, 0xf1, 0xef, 0xec, 0xff, 0xf1, 0xef, 0xec, 0xff,
    0xf1, 0xef, 0xec, 0xff, 0xf1, 0xef, 0xec, 0xff, 0xf1, 0xef, 0xec, 0xff, 0xf1, 0xef, 0xec, 0xff,
    0xf1, 0xef, 0xec, 0xff, 0xf1, 0xef, 0xec, 0xff, 0xf1, 0xef, 0xec, 0xff, 0xf2, 0xf0, 0xed, 0xff,
    0xf3, 0xf1, 0xee, 0xff, 0xf3, 0xf1, 0xee, 0xff, 0xf3, 0xf1, 0xee, 0xff, 0xf3, 0xf1, 0xee, 0xff,
    0xf3, 0xf1, 0xee, 0xff, 0xf3, 0xf1, 0xee, 0xff, 0xf2, 0xf0, 0xed, 0xff, 0xf1, 0xef, 0xec, 0xff,
    0xf1, 0xef, 0xec, 0xff, 0xf1, 0xef, 0xec, 0xff, 0xf1, 0xef, 0xec, 0xff, 0xf1, 0xef, 0xec, 0xff,
    0xf1, 0xef, 0xec, 0xff, 0xf1, 0xef, 0xec, 0xff, 0xf1, 0xef, 0xec, 0xff, 0xf1, 0xef, 0xec, 0xff,
    0xf1, 0xef, 0xec, 0xff, 0xf3, 0xf2, 0xef, 0xfd, 0xf0, 0xed, 0xeb, 0xac, 0x00, 0x00, 0x00, 0x00,
    0xff, 0xcc, 0xcc, 0x05, 0x00, 0x00, 0x00, 0x00, 0x00, 0x00, 0x00, 0x00, 0x00, 0x00, 0x00, 0x00,
    0x00, 0x00, 0x00, 0x00, 0x00, 0x00, 0x00, 0x00, 0x00, 0x00, 0x00, 0x00, 0x00, 0x00, 0x00, 0x00,
    0x00, 0x00, 0x00, 0x00, 0x00, 0x00, 0x00, 0x00, 0x00, 0x00, 0x00, 0x00, 0x00, 0x00, 0x00, 0x00,
    0x00, 0x00, 0x00, 0x00, 0x00, 0x00, 0x00, 0x00, 0x00, 0x00, 0x00, 0x00, 0x00, 0x00, 0x00, 0x00,
    0x00, 0x00, 0x00, 0x00, 0x00, 0x00, 0x00, 0x00, 0x00, 0x00, 0x00, 0x00, 0x00, 0x00, 0x00, 0x00,
    0x00, 0x00, 0x00, 0x00, 0x00, 0x00, 0x00, 0x00, 0x00, 0x00, 0x00, 0x00, 0x00, 0x00, 0x00, 0x00,
    0x00, 0x00, 0x00, 0x00, 0x00, 0x00, 0x00, 0x00, 0x00, 0x00, 0x00, 0x00, 0x00, 0x00, 0x00, 0x00,
    0x00, 0x00, 0x00, 0x00, 0x00, 0x00, 0x00, 0x00, 0x00, 0x00, 0x00, 0x00, 0x00, 0x00, 0x00, 0x00,
    0x00, 0x00, 0x00, 0x00, 0x00, 0x00, 0x00, 0x00, 0x00, 0x00, 0x00, 0x00, 0x00, 0x00, 0x00, 0x00,
    0x00, 0x00, 0x00, 0x00, 0x00, 0x00, 0x00, 0x00, 0x00, 0x00, 0x00, 0x00, 0x00, 0x00, 0x00, 0x00,
    0x00, 0x00, 0x00, 0x00, 0x00, 0x00, 0x00, 0x00, 0x00, 0x00, 0x00, 0x00, 0x00, 0x00, 0x00, 0x00,
    0x00, 0x00, 0x00, 0x00, 0x00, 0x00, 0x00, 0x00, 0x00, 0x00, 0x00, 0x00, 0x00, 0x00, 0x00, 0x00,
    0x00, 0x00, 0x00, 0x00, 0x00, 0x00, 0x00, 0x00, 0x00, 0x00, 0x00, 0x00, 0x00, 0x00, 0x00, 0x00,
    0x00, 0x00, 0x00, 0x00, 0x00, 0x00, 0x00, 0x00, 0x00, 0x00, 0x00, 0x00, 0x00, 0x00, 0x00, 0x00,
    0x00, 0x00, 0x00, 0x00, 0x00, 0x00, 0x00, 0x00, 0xda, 0xda, 0xda, 0x07, 0x00, 0x00, 0x00, 0x00,
    0xf1, 0xef, 0xeb, 0x86, 0xff, 0xff, 0xff, 0xff, 0xf0, 0xee, 0xec, 0xf9, 0xf1, 0xef, 0xec, 0xff,
    0xf1, 0xef, 0xec, 0xff, 0xf1, 0xef, 0xec, 0xff, 0xf1, 0xef, 0xec, 0xff, 0xf1, 0xef, 0xec, 0xff,
    0xf1, 0xef, 0xec, 0xff, 0xf1, 0xef, 0xec, 0xff, 0xf1, 0xef, 0xec, 0xff, 0xf1, 0xef, 0xec, 0xff,
    0xf2, 0xf0, 0xed, 0xff, 0xef, 0xed, 0xea, 0xff, 0xeb, 0xe8, 0xe5, 0xff, 0xe9, 0xe7, 0xe4, 0xff,
    0xe9, 0xe7, 0xe4, 0xff, 0xe9, 0xe7, 0xe4, 0xff, 0xe9, 0xe7, 0xe4, 0xff, 0xea, 0xe8, 0xe5, 0xff,
    0xed, 0xeb, 0xe8, 0xff, 0xf2, 0xf0, 0xed, 0xff, 0xf1, 0xef, 0xec, 0xff, 0xf1, 0xef, 0xec, 0xff,
    0xf1, 0xef, 0xec, 0xff, 0xf1, 0xef, 0xec, 0xff, 0xf1, 0xef, 0xec, 0xff, 0xf1, 0xef, 0xec, 0xff,
    0xf1, 0xef, 0xec, 0xff, 0xf1, 0xef, 0xec, 0xff, 0xf0, 0xee, 0xeb, 0xfe, 0xfb, 0xf9, 0xf6, 0xff,
    0xf0, 0xed, 0xeb, 0xdf, 0xff, 0xef, 0xef, 0x10, 0xff, 0xff, 0xff, 0x02, 0xff, 0xff, 0x7f, 0x02,
    0x00, 0x00, 0x00, 0x00, 0x00, 0x00, 0x00, 0x00, 0x00, 0x00, 0x00, 0x00, 0x00, 0x00, 0x00, 0x00,
    0x00, 0x00, 0x00, 0x00, 0x00, 0x00, 0x00, 0x00, 0x00, 0x00, 0x00, 0x00, 0x00, 0x00, 0x00, 0x00,
    0x00, 0x00, 0x00, 0x00, 0x00, 0x00, 0x00, 0x00, 0x00, 0x00, 0x00, 0x00, 0x00, 0x00, 0x00, 0x00,
    0x00, 0x00, 0x00, 0x00, 0x00, 0x00, 0x00, 0x00, 0x00, 0x00, 0x00, 0x00, 0x00, 0x00, 0x00, 0x00,
    0x00, 0x00, 0x00, 0x00, 0x00, 0x00, 0x00, 0x00, 0x00, 0x00, 0x00, 0x00, 0x00, 0x00, 0x00, 0x00,
    0x00, 0x00, 0x00, 0x00, 0x00, 0x00, 0x00, 0x00, 0x00, 0x00, 0x00, 0x00, 0x00, 0x00, 0x00, 0x00,
    0x00, 0x00, 0x00, 0x00, 0x00, 0x00, 0x00, 0x00, 0x00, 0x00, 0x00, 0x00, 0x00, 0x00, 0x00, 0x00,
    0x00, 0x00, 0x00, 0x00, 0x00, 0x00, 0x00, 0x00, 0x00, 0x00, 0x00, 0x00, 0x00, 0x00, 0x00, 0x00,
    0x00, 0x00, 0x00, 0x00, 0x00, 0x00, 0x00, 0x00, 0x00, 0x00, 0x00, 0x00, 0x00, 0x00, 0x00, 0x00,
    0x00, 0x00, 0x00, 0x00, 0x00, 0x00, 0x00, 0x00, 0x00, 0x00, 0x00, 0x00, 0x00, 0x00, 0x00, 0x00,
    0x00, 0x00, 0x00, 0x00, 0x00, 0x00, 0x00, 0x00, 0x00, 0x00, 0x00, 0x00, 0x00, 0x00, 0x00, 0x00,
    0x00, 0x00, 0x00, 0x00, 0x00, 0x00, 0x00, 0x00, 0x00, 0x00, 0x00, 0x00, 0x00, 0x00, 0x00, 0x00,
    0x00, 0x00, 0x00, 0x00, 0x00, 0x00, 0x00, 0x00, 0x00, 0x00, 0x00, 0x00, 0x00, 0x00, 0x00, 0x00,
    0x00, 0x00, 0x00, 0x00, 0x00, 0x00, 0x00, 0x00, 0x00, 0x00, 0x00, 0x00, 0x00, 0x00, 0x00, 0x00,
    0xda, 0xda, 0xda, 0x07, 0x00, 0x00, 0x00, 0x00, 0xf1, 0xef, 0xeb, 0x86, 0xff, 0xff, 0xff, 0xff,
    0xf0, 0xee, 0xec, 0xf9, 0xf1, 0xef, 0xec, 0xff, 0xf1, 0xef, 0xec, 0xff, 0xf1, 0xef, 0xec, 0xff,
    0xf1, 0xef, 0xec, 0xff, 0xf1, 0xef, 0xec, 0xff, 0xf1, 0xef, 0xec, 0xff, 0xf1, 0xef, 0xec, 0xff,
    0xf1, 0xef, 0xec, 0xff, 0xf1, 0xef, 0xec, 0xff, 0xee, 0xec, 0xe9, 0xff, 0xe2, 0xdf, 0xdc, 0xff,
    0xd9, 0xd5, 0xd3, 0xff, 0xd6, 0xd3, 0xd1, 0xff, 0xd6, 0xd3, 0xd1, 0xff, 0xd6, 0xd3, 0xd1, 0xff,
    0xd6, 0xd3, 0xd1, 0xff, 0xd8, 0xd4, 0xd2, 0xff, 0xdd, 0xdb, 0xd8, 0xff, 0xec, 0xea, 0xe7, 0xff,
    0xf1, 0xef, 0xec, 0xff, 0xf1, 0xef, 0xec, 0xff, 0xf1, 0xef, 0xec, 0xff, 0xf1, 0xef, 0xec, 0xff,
    0xf1, 0xef, 0xec, 0xff, 0xf1, 0xef, 0xec, 0xff, 0xf1, 0xef, 0xec, 0xff, 0xf1, 0xef, 0xec, 0xff,
    0xf0, 0xee, 0xeb, 0xfe, 0xf6, 0xf4, 0xf1, 0xff, 0xf1, 0xef, 0xec, 0xed, 0xf3, 0xed, 0xed, 0x57,
    0x00, 0x00, 0x00, 0x00, 0xff, 0xff, 0xff, 0x03, 0x00, 0x00, 0x00, 0x00, 0x00, 0x00, 0x00, 0x00,
    0x00, 0x00, 0x00, 0x00, 0x00, 0x00, 0x00, 0x00, 0x00, 0x00, 0x00, 0x00, 0x00, 0x00, 0x00, 0x00,
    0x00, 0x00, 0x00, 0x00, 0x00, 0x00, 0x00, 0x00, 0x00, 0x00, 0x00, 0x00, 0x00, 0x00, 0x00, 0x00,
    0x00, 0x00, 0x00, 0x00, 0x00, 0x00, 0x00, 0x00, 0x00, 0x00, 0x00, 0x00, 0x00, 0x00, 0x00, 0x00,
    0x00, 0x00, 0x00, 0x00, 0x00, 0x00, 0x00, 0x00, 0x00, 0x00, 0x00, 0x00, 0x00, 0x00, 0x00, 0x00,
    0x00, 0x00, 0x00, 0x00, 0x00, 0x00, 0x00, 0x00, 0x00, 0x00, 0x00, 0x00, 0x00, 0x00, 0x00, 0x00,
    0x00, 0x00, 0x00, 0x00, 0x00, 0x00, 0x00, 0x00, 0x00, 0x00, 0x00, 0x00, 0x00, 0x00, 0x00, 0x00,
    0x00, 0x00, 0x00, 0x00, 0x00, 0x00, 0x00, 0x00, 0x00, 0x00, 0x00, 0x00, 0x00, 0x00, 0x00, 0x00,
    0x00, 0x00, 0x00, 0x00, 0x00, 0x00, 0x00, 0x00, 0x00, 0x00, 0x00, 0x00, 0x00, 0x00, 0x00, 0x00,
    0x00, 0x00, 0x00, 0x00, 0x00, 0x00, 0x00, 0x00, 0x00, 0x00, 0x00, 0x00, 0x00, 0x00, 0x00, 0x00,
    0x00, 0x00, 0x00, 0x00, 0x00, 0x00, 0x00, 0x00, 0x00, 0x00, 0x00, 0x00, 0x00, 0x00, 0x00, 0x00,
    0x00, 0x00, 0x00, 0x00, 0x00, 0x00, 0x00, 0x00, 0x00, 0x00, 0x00, 0x00, 0x00, 0x00, 0x00, 0x00,
    0x00, 0x00, 0x00, 0x00, 0x00, 0x00, 0x00, 0x00, 0x00, 0x00, 0x00, 0x00, 0x00, 0x00, 0x00, 0x00,
    0x00, 0x00, 0x00, 0x00, 0x00, 0x00, 0x00, 0x00, 0x00, 0x00, 0x00, 0x00, 0x00, 0x00, 0x00, 0x00,
    0x00, 0x00, 0x00, 0x00, 0x00, 0x00, 0x00, 0x00, 0xda, 0xda, 0xda, 0x07, 0x00, 0x00, 0x00, 0x00,
    0xf1, 0xef, 0xeb, 0x86, 0xff, 0xff, 0xff, 0xff, 0xf1, 0xef, 0xed, 0xf9, 0xf2, 0xf0, 0xed, 0xff,
    0xf2, 0xf0, 0xed, 0xff, 0xf2, 0xf0, 0xed, 0xff, 0xf2, 0xf0, 0xed, 0xff, 0xf2, 0xf0, 0xed, 0xff,
    0xf2, 0xf0, 0xed, 0xff, 0xf2, 0xf0, 0xed, 0xff, 0xf1, 0xef, 0xec, 0xff, 0xf3, 0xf1, 0xee, 0xff,
    0xe6, 0xe4, 0xe0, 0xff, 0xdb, 0xd8, 0xd5, 0xff, 0xdc, 0xd8, 0xd7, 0xff, 0xdd, 0xd9, 0xd7, 0xff,
    0xdd, 0xd9, 0xd7, 0xff, 0xdd, 0xd9, 0xd7, 0xff, 0xdd, 0xd9, 0xd7, 0xff, 0xdc, 0xd9, 0xd7, 0xff,
    0xdb, 0xd8, 0xd6, 0xff, 0xe3, 0xe0, 0xdd, 0xff, 0xf2, 0xf0, 0xed, 0xff, 0xf2, 0xf0, 0xed, 0xff,
    0xf2, 0xf0, 0xed, 0xff, 0xf2, 0xf0, 0xed, 0xff, 0xf2, 0xf0, 0xed, 0xff, 0xf2, 0xf0, 0xed, 0xff,
    0xf2, 0xf0, 0xed, 0xff, 0xf2, 0xf0, 0xed, 0xff, 0xf1, 0xef, 0xed, 0xfe, 0xf5, 0xf3, 0xef, 0xff,
    0xf1, 0xef, 0xec, 0xfb, 0xf1, 0xee, 0xec, 0x87, 0x00, 0x00, 0x00, 0x00, 0xcc, 0xcc, 0xcc, 0x05,
    0x00, 0x00, 0x00, 0x00, 0x00, 0x00, 0x00, 0x00, 0x00, 0x00, 0x00, 0x00, 0x00, 0x00, 0x00, 0x00,
    0x00, 0x00, 0x00, 0x00, 0x00, 0x00, 0x00, 0x00, 0x00, 0x00, 0x00, 0x00, 0x00, 0x00, 0x00, 0x00,
    0x00, 0x00, 0x00, 0x00, 0x00, 0x00, 0x00, 0x00, 0x00, 0x00, 0x00, 0x00, 0x00, 0x00, 0x00, 0x00,
    0x00, 0x00, 0x00, 0x00, 0x00, 0x00, 0x00, 0x00, 0x00, 0x00, 0x00, 0x00, 0x00, 0x00, 0x00, 0x00,
    0x00, 0x00, 0x00, 0x00, 0x00, 0x00, 0x00, 0x00, 0x00, 0x00, 0x00, 0x00, 0x00, 0x00, 0x00, 0x00,
    0x00, 0x00, 0x00, 0x00, 0x00, 0x00, 0x00, 0x00, 0x00, 0x00, 0x00, 0x00, 0x00, 0x00, 0x00, 0x00,
    0x00, 0x00, 0x00, 0x00, 0x00, 0x00, 0x00, 0x00, 0x00, 0x00, 0x00, 0x00, 0x00, 0x00, 0x00, 0x00,
    0x00, 0x00, 0x00, 0x00, 0x00, 0x00, 0x00, 0x00, 0x00, 0x00, 0x00, 0x00, 0x00, 0x00, 0x00, 0x00,
    0x00, 0x00, 0x00, 0x00, 0x00, 0x00, 0x00, 0x00, 0x00, 0x00, 0x00, 0x00, 0x00, 0x00, 0x00, 0x00,
    0x00, 0x00, 0x00, 0x00, 0x00, 0x00, 0x00, 0x00, 0x00, 0x00, 0x00, 0x00, 0x00, 0x00, 0x00, 0x00,
    0x00, 0x00, 0x00, 0x00, 0x00, 0x00, 0x00, 0x00, 0x00, 0x00, 0x00, 0x00, 0x00, 0x00, 0x00, 0x00,
    0x00, 0x00, 0x00, 0x00, 0x00, 0x00, 0x00, 0x00, 0x00, 0x00, 0x00, 0x00, 0x00, 0x00, 0x00, 0x00,
    0x00, 0x00, 0x00, 0x00, 0x00, 0x00, 0x00, 0x00, 0x00, 0x00, 0x00, 0x00, 0x00, 0x00, 0x00, 0x00,
    0x00, 0x00, 0x00, 0x00, 0x00, 0x00, 0x00, 0x00, 0x00, 0x00, 0x00, 0x00, 0x00, 0x00, 0x00, 0x00,
    0xda, 0xda, 0xda, 0x07, 0x00, 0x00, 0x00, 0x00, 0xed, 0xeb, 0xe8, 0x86, 0xff, 0xff, 0xfe, 0xff,
    0xed, 0xeb, 0xe9, 0xf9, 0xed, 0xeb, 0xe9, 0xff, 0xed, 0xeb, 0xe9, 0xff, 0xed, 0xeb, 0xe9, 0xff,
    0xed, 0xeb, 0xe9, 0xff, 0xed, 0xeb, 0xe9, 0xff, 0xed, 0xeb, 0xe9, 0xff, 0xed, 0xeb, 0xe9, 0xff,
    0xec, 0xea, 0xe8, 0xff, 0xf0, 0xee, 0xec, 0xff, 0xd5, 0xd3, 0xd1, 0xff, 0xcd, 0xcb, 0xca, 0xff,
    0xce, 0xcc, 0xcb, 0xff, 0xcd, 0xcc, 0xca, 0xff, 0xcd, 0xcc, 0xca, 0xff, 0xcd, 0xcc, 0xca, 0xff,
    0xcd, 0xcc, 0xca, 0xff, 0xce, 0xcc, 0xcb, 0xff, 0xce, 0xcc, 0xcb, 0xff, 0xcf, 0xcc, 0xcb, 0xff,
    0xed, 0xeb, 0xe9, 0xff, 0xed, 0xeb, 0xe9, 0xff, 0xed, 0xeb, 0xe9, 0xff, 0xed, 0xeb, 0xe9, 0xff,
    0xed, 0xeb, 0xe9, 0xff, 0xed, 0xeb, 0xe9, 0xff, 0xed, 0xeb, 0xe9, 0xff, 0xed, 0xeb, 0xe9, 0xff,
    0xee, 0xec, 0xe9, 0xff, 0xed, 0xeb, 0xe9, 0xfe, 0xf4, 0xf2, 0xf0, 0xff, 0xec, 0xe9, 0xe8, 0xb4,
    0x00, 0x00, 0x00, 0x00, 0xb6, 0xb6, 0xb6, 0x07, 0x00, 0x00, 0x00, 0x00, 0x00, 0x00, 0x00, 0x00,
    0x00, 0x00, 0x00, 0x00, 0x00, 0x00, 0x00, 0x00, 0x00, 0x00, 0x00, 0x00, 0x00, 0x00, 0x00, 0x00,
    0x00, 0x00, 0x00, 0x00, 0x00, 0x00, 0x00, 0x00, 0x00, 0x00, 0x00, 0x00, 0x00, 0x00, 0x00, 0x00,
    0x00, 0x00, 0x00, 0x00, 0x00, 0x00, 0x00, 0x00, 0x00, 0x00, 0x00, 0x00, 0x00, 0x00, 0x00, 0x00,
    0x00, 0x00, 0x00, 0x00, 0x00, 0x00, 0x00, 0x00, 0x00, 0x00, 0x00, 0x00, 0x00, 0x00, 0x00, 0x00,
    0x00, 0x00, 0x00, 0x00, 0x00, 0x00, 0x00, 0x00, 0x00, 0x00, 0x00, 0x00, 0x00, 0x00, 0x00, 0x00,
    0x00, 0x00, 0x00, 0x00, 0x00, 0x00, 0x00, 0x00, 0x00, 0x00, 0x00, 0x00, 0x00, 0x00, 0x00, 0x00,
    0x00, 0x00, 0x00, 0x00, 0x00, 0x00, 0x00, 0x00, 0x00, 0x00, 0x00, 0x00, 0x00, 0x00, 0x00, 0x00,
    0x00, 0x00, 0x00, 0x00, 0x00, 0x00, 0x00, 0x00, 0x00, 0x00, 0x00, 0x00, 0x00, 0x00, 0x00, 0x00,
    0x00, 0x00, 0x00, 0x00, 0x00, 0x00, 0x00, 0x00, 0x00, 0x00, 0x00, 0x00, 0x00, 0x00, 0x00, 0x00,
    0x00, 0x00, 0x00, 0x00, 0x00, 0x00, 0x00, 0x00, 0x00, 0x00, 0x00, 0x00, 0x00, 0x00, 0x00, 0x00,
    0x00, 0x00, 0x00, 0x00, 0x00, 0x00, 0x00, 0x00, 0x00, 0x00, 0x00, 0x00, 0x00, 0x00, 0x00, 0x00,
    0x00, 0x00, 0x00, 0x00, 0x00, 0x00, 0x00, 0x00, 0x00, 0x00, 0x00, 0x00, 0x00, 0x00, 0x00, 0x00,
    0x00, 0x00, 0x00, 0x00, 0x00, 0x00, 0x00, 0x00, 0x00, 0x00, 0x00, 0x00, 0x00, 0x00, 0x00, 0x00,
    0x00, 0x00, 0x00, 0x00, 0x00, 0x00, 0x00, 0x00, 0xda, 0xda, 0xda, 0x07, 0x00, 0x00, 0x00, 0x00,
    0xe6, 0xe4, 0xe4, 0x86, 0xff, 0xfe, 0xfd, 0xff, 0xe7, 0xe5, 0xe4, 0xf9, 0xe7, 0xe5, 0xe4, 0xff,
    0xe7, 0xe5, 0xe4, 0xff, 0xe7, 0xe5, 0xe4, 0xff, 0xe7, 0xe5, 0xe4, 0xff, 0xe7, 0xe5, 0xe4, 0xff,
    0xe7, 0xe5, 0xe4, 0xff, 0xe7, 0xe5, 0xe4, 0xff, 0xe6, 0xe4, 0xe3, 0xff, 0xeb, 0xe9, 0xe7, 0xff,
    0xca, 0xca, 0xc9, 0xff, 0xb7, 0xb8, 0xb8, 0xff, 0xb8, 0xb9, 0xb9, 0xff, 0xba, 0xba, 0xba, 0xff,
    0xba, 0xba, 0xba, 0xff, 0xba, 0xba, 0xba, 0xff, 0xba, 0xba, 0xba, 0xff, 0xb9, 0xba, 0xba, 0xff,
    0xb7, 0xb8, 0xb8, 0xff, 0xc1, 0xc1, 0xc1, 0xff, 0xe6, 0xe4, 0xe4, 0xff, 0xe7, 0xe5, 0xe4, 0xff,
    0xe7, 0xe5, 0xe4, 0xff, 0xe7, 0xe5, 0xe4, 0xff, 0xe7, 0xe5, 0xe4, 0xff, 0xe7, 0xe5, 0xe4, 0xff,
    0xe7, 0xe5, 0xe4, 0xff, 0xe7, 0xe5, 0xe4, 0xff, 0xe7, 0xe5, 0xe4, 0xff, 0xe6, 0xe4, 0xe4, 0xfd,
    0xf4, 0xf2, 0xf1, 0xff, 0xe7, 0xe5, 0xe4, 0xd1, 0x00, 0x00, 0x00, 0x00, 0xda, 0xda, 0xda, 0x07,
    0x00, 0x00, 0x00, 0x00, 0x00, 0x00, 0x00, 0x00, 0x00, 0x00, 0x00, 0x00, 0x00, 0x00, 0x00, 0x00,
    0x00, 0x00, 0x00, 0x00, 0x00, 0x00, 0x00, 0x00, 0x00, 0x00, 0x00, 0x00, 0x00, 0x00, 0x00, 0x00,
    0x00, 0x00, 0x00, 0x00, 0x00, 0x00, 0x00, 0x00, 0x00, 0x00, 0x00, 0x00, 0x00, 0x00, 0x00, 0x00,
    0x00, 0x00, 0x00, 0x00, 0x00, 0x00, 0x00, 0x00, 0x00, 0x00, 0x00, 0x00, 0x00, 0x00, 0x00, 0x00,
    0x00, 0x00, 0x00, 0x00, 0x00, 0x00, 0x00, 0x00, 0x00, 0x00, 0x00, 0x00, 0x00, 0x00, 0x00, 0x00,
    0x00, 0x00, 0x00, 0x00, 0x00, 0x00, 0x00, 0x00, 0x00, 0x00, 0x00, 0x00, 0x00, 0x00, 0x00, 0x00,
    0x00, 0x00, 0x00, 0x00, 0x00, 0x00, 0x00, 0x00, 0x00, 0x00, 0x00, 0x00, 0x00, 0x00, 0x00, 0x00,
    0x00, 0x00, 0x00, 0x00, 0x00, 0x00, 0x00, 0x00, 0x00, 0x00, 0x00, 0x00, 0x00, 0x00, 0x00, 0x00,
    0x00, 0x00, 0x00, 0x00, 0x00, 0x00, 0x00, 0x00, 0x00, 0x00, 0x00, 0x00, 0x00, 0x00, 0x00, 0x00,
    0x00, 0x00, 0x00, 0x00, 0x00, 0x00, 0x00, 0x00, 0x00, 0x00, 0x00, 0x00, 0x00, 0x00, 0x00, 0x00,
    0x00, 0x00, 0x00, 0x00, 0x00, 0x00, 0x00, 0x00, 0x00, 0x00, 0x00, 0x00, 0x00, 0x00, 0x00, 0x00,
    0x00, 0x00, 0x00, 0x00, 0x00, 0x00, 0x00, 0x00, 0x00, 0x00, 0x00, 0x00, 0x00, 0x00, 0x00, 0x00,
    0x00, 0x00, 0x00, 0x00, 0x00, 0x00, 0x00, 0x00, 0x00, 0x00, 0x00, 0x00, 0x00, 0x00, 0x00, 0x00,
    0x00, 0x00, 0x00, 0x00, 0x00, 0x00, 0x00, 0x00, 0x00, 0x00, 0x00, 0x00, 0x00, 0x00, 0x00, 0x00,
    0xda, 0xda, 0xda, 0x07, 0x00, 0x00, 0x00, 0x00, 0xe8, 0xe6, 0xe4, 0x86, 0xff, 0xfe, 0xfd, 0xff,
    0xe8, 0xe6, 0xe5, 0xf9, 0xe8, 0xe6, 0xe5, 0xff, 0xe8, 0xe6, 0xe5, 0xff, 0xe8, 0xe6, 0xe5, 0xff,
    0xe8, 0xe6, 0xe5, 0xff, 0xe8, 0xe6, 0xe5, 0xff, 0xe8, 0xe6, 0xe5, 0xff, 0xe8, 0xe6, 0xe5, 0xff,
    0xe8, 0xe6, 0xe5, 0xff, 0xe9, 0xe7, 0xe6, 0xff, 0xe1, 0xdf, 0xdf, 0xff, 0xc7, 0xc7, 0xc7, 0xff,
    0xbb, 0xba, 0xbb, 0xff, 0xb8, 0xb8, 0xb8, 0xff, 0xb8, 0xb8, 0xb8, 0xff, 0xb8, 0xb8, 0xb8, 0xff,
    0xb8, 0xb8, 0xb8, 0xff, 0xba, 0xba, 0xba, 0xff, 0xc3, 0xc2, 0xc2, 0xff, 0xdd, 0xdb, 0xdb, 0xff,
    0xe8, 0xe6, 0xe5, 0xff, 0xe8, 0xe6, 0xe5, 0xff, 0xe8, 0xe6, 0xe5, 0xff, 0xe8, 0xe6, 0xe5, 0xff,
    0xe8, 0xe6, 0xe5, 0xff, 0xe8, 0xe6, 0xe5, 0xff, 0xe8, 0xe6, 0xe5, 0xff, 0xe8, 0xe6, 0xe5, 0xff,
    0xe8, 0xe6, 0xe5, 0xff, 0xe7, 0xe5, 0xe4, 0xfd, 0xf5, 0xf3, 0xf2, 0xff, 0xe8, 0xe6, 0xe4, 0xcd,
    0x00, 0x00, 0x00, 0x00, 0xff, 0xda, 0xda, 0x07, 0x00, 0x00, 0x00, 0x00, 0x00, 0x00, 0x00, 0x00,
    0x00, 0x00, 0x00, 0x00, 0x00, 0x00, 0x00, 0x00, 0x00, 0x00, 0x00, 0x00, 0x00, 0x00, 0x00, 0x00,
    0x00, 0x00, 0x00, 0x00, 0x00, 0x00, 0x00, 0x00, 0x00, 0x00, 0x00, 0x00, 0x00, 0x00, 0x00, 0x00,
    0x00, 0x00, 0x00, 0x00, 0x00, 0x00, 0x00, 0x00, 0x00, 0x00, 0x00, 0x00, 0x00, 0x00, 0x00, 0x00,
    0x00, 0x00, 0x00, 0x00, 0x00, 0x00, 0x00, 0x00, 0x00, 0x00, 0x00, 0x00, 0x00, 0x00, 0x00, 0x00,
    0x00, 0x00, 0x00, 0x00, 0x00, 0x00, 0x00, 0x00, 0x00, 0x00, 0x00, 0x00, 0x00, 0x00, 0x00, 0x00,
    0x00, 0x00, 0x00, 0x00, 0x00, 0x00, 0x00, 0x00, 0x00, 0x00, 0x00, 0x00, 0x00, 0x00, 0x00, 0x00,
    0x00, 0x00, 0x00, 0x00, 0x00, 0x00, 0x00, 0x00, 0x00, 0x00, 0x00, 0x00, 0x00, 0x00, 0x00, 0x00,
    0x00, 0x00, 0x00, 0x00, 0x00, 0x00, 0x00, 0x00, 0x00, 0x00, 0x00, 0x00, 0x00, 0x00, 0x00, 0x00,
    0x00, 0x00, 0x00, 0x00, 0x00, 0x00, 0x00, 0x00, 0x00, 0x00, 0x00, 0x00, 0x00, 0x00, 0x00, 0x00,
    0x00, 0x00, 0x00, 0x00, 0x00, 0x00, 0x00, 0x00, 0x00, 0x00, 0x00, 0x00, 0x00, 0x00, 0x00, 0x00,
    0x00, 0x00, 0x00, 0x00, 0x00, 0x00, 0x00, 0x00, 0x00, 0x00, 0x00, 0x00, 0x00, 0x00, 0x00, 0x00,
    0x00, 0x00, 0x00, 0x00, 0x00, 0x00, 0x00, 0x00, 0x00, 0x00, 0x00, 0x00, 0x00, 0x00, 0x00, 0x00,
    0x00, 0x00, 0x00, 0x00, 0x00, 0x00, 0x00, 0x00, 0x00, 0x00, 0x00, 0x00, 0x00, 0x00, 0x00, 0x00,
    0x00, 0x00, 0x00, 0x00, 0x00, 0x00, 0x00, 0x00, 0xda, 0xda, 0xda, 0x07, 0x00, 0x00, 0x00, 0x00,
    0xe8, 0xe6, 0xe4, 0x86, 0xff, 0xfe, 0xfd, 0xff, 0xe8, 0xe6, 0xe5, 0xf9, 0xe8, 0xe6, 0xe5, 0xff,
    0xe8, 0xe6, 0xe5, 0xff, 0xe8, 0xe6, 0xe5, 0xff, 0xe8, 0xe6, 0xe5, 0xff, 0xe8, 0xe6, 0xe5, 0xff,
    0xe8, 0xe6, 0xe5, 0xff, 0xe8, 0xe6, 0xe5, 0xff, 0xe8, 0xe6, 0xe5, 0xff, 0xe7, 0xe6, 0xe5, 0xff,
    0xea, 0xe8, 0xe7, 0xff, 0xe1, 0xdf, 0xde, 0xff, 0xd5, 0xd3, 0xd3, 0xff, 0xd1, 0xd0, 0xcf, 0xff,
    0xd1, 0xd0, 0xcf, 0xff, 0xd1, 0xd0, 0xcf, 0xff, 0xd1, 0xd0, 0xcf, 0xff, 0xd3, 0xd2, 0xd1, 0xff,
    0xdd, 0xdb, 0xdb, 0xff, 0xea, 0xe8, 0xe6, 0xff, 0xe8, 0xe6, 0xe5, 0xff, 0xe8, 0xe6, 0xe5, 0xff,
    0xe8, 0xe6, 0xe5, 0xff, 0xe8, 0xe6, 0xe5, 0xff, 0xe8, 0xe6, 0xe5, 0xff, 0xe8, 0xe6, 0xe5, 0xff,
    0xe8, 0xe6, 0xe5, 0xff, 0xe8, 0xe6, 0xe5, 0xff, 0xe8, 0xe6, 0xe5, 0xff, 0xe8, 0xe6, 0xe5, 0xfd,
    0xf4, 0xf2, 0xf2, 0xff, 0xe8, 0xe6, 0xe4, 0xcd, 0x00, 0x00, 0x00, 0x00, 0xda, 0xda, 0xda, 0x07,
    0x00, 0x00, 0x00, 0x00, 0x00, 0x00, 0x00, 0x00, 0x00, 0x00, 0x00, 0x00, 0x00, 0x00, 0x00, 0x00,
    0x00, 0x00, 0x00, 0x00, 0x00, 0x00, 0x00, 0x00, 0x00, 0x00, 0x00, 0x00, 0x00, 0x00, 0x00, 0x00,
    0x00, 0x00, 0x00, 0x00, 0x00, 0x00, 0x00, 0x00, 0x00, 0x00, 0x00, 0x00, 0x00, 0x00, 0x00, 0x00,
    0x00, 0x00, 0x00, 0x00, 0x00, 0x00, 0x00, 0x00, 0x00, 0x00, 0x00, 0x00, 0x00, 0x00, 0x00, 0x00,
    0x00, 0x00, 0x00, 0x00, 0x00, 0x00, 0x00, 0x00, 0x00, 0x00, 0x00, 0x00, 0x00, 0x00, 0x00, 0x00,
    0x00, 0x00, 0x00, 0x00, 0x00, 0x00, 0x00, 0x00, 0x00, 0x00, 0x00, 0x00, 0x00, 0x00, 0x00, 0x00,
    0x00, 0x00, 0x00, 0x00, 0x00, 0x00, 0x00, 0x00, 0x00, 0x00, 0x00, 0x00, 0x00, 0x00, 0x00, 0x00,
    0x00, 0x00, 0x00, 0x00, 0x00, 0x00, 0x00, 0x00, 0x00, 0x00, 0x00, 0x00, 0x00, 0x00, 0x00, 0x00,
    0x00, 0x00, 0x00, 0x00, 0x00, 0x00, 0x00, 0x00, 0x00, 0x00, 0x00, 0x00, 0x00, 0x00, 0x00, 0x00,
    0x00, 0x00, 0x00, 0x00, 0x00, 0x00, 0x00, 0x00, 0x00, 0x00, 0x00, 0x00, 0x00, 0x00, 0x00, 0x00,
    0x00, 0x00, 0x00, 0x00, 0x00, 0x00, 0x00, 0x00, 0x00, 0x00, 0x00, 0x00, 0x00, 0x00, 0x00, 0x00,
    0x00, 0x00, 0x00, 0x00, 0x00, 0x00, 0x00, 0x00, 0x00, 0x00, 0x00, 0x00, 0x00, 0x00, 0x00, 0x00,
    0x00, 0x00, 0x00, 0x00, 0x00, 0x00, 0x00, 0x00, 0x00, 0x00, 0x00, 0x00, 0x00, 0x00, 0x00, 0x00,
    0x00, 0x00, 0x00, 0x00, 0x00, 0x00, 0x00, 0x00, 0x00, 0x00, 0x00, 0x00, 0x00, 0x00, 0x00, 0x00,
    0xda, 0xda, 0xda, 0x07, 0x00, 0x00, 0x00, 0x00, 0xe8, 0xe6, 0xe4, 0x86, 0xff, 0xfe, 0xfd, 0xff,
    0xe8, 0xe6, 0xe5, 0xf9, 0xe8, 0xe6, 0xe5, 0xff, 0xe8, 0xe6, 0xe5, 0xff, 0xe8, 0xe6, 0xe5, 0xff,
    0xe8, 0xe6, 0xe5, 0xff, 0xe8, 0xe6, 0xe5, 0xff, 0xe8, 0xe6, 0xe5, 0xff, 0xe8, 0xe6, 0xe5, 0xff,
    0xe8, 0xe6, 0xe5, 0xff, 0xe8, 0xe6, 0xe5, 0xff, 0xe7, 0xe5, 0xe4, 0xff, 0xe9, 0xe7, 0xe6, 0xff,
    0xec, 0xea, 0xe9, 0xff, 0xed, 0xeb, 0xea, 0xff, 0xed, 0xeb, 0xea, 0xff, 0xed, 0xeb, 0xea, 0xff,
    0xed, 0xeb, 0xea, 0xff, 0xec, 0xea, 0xe9, 0xff, 0xea, 0xe8, 0xe7, 0xff, 0xe7, 0xe6, 0xe5, 0xff,
    0xe8, 0xe6, 0xe5, 0xff, 0xe8, 0xe6, 0xe5, 0xff, 0xe8, 0xe6, 0xe5, 0xff, 0xe8, 0xe6, 0xe5, 0xff,
    0xe8, 0xe6, 0xe5, 0xff, 0xe8, 0xe6, 0xe5, 0xff, 0xe8, 0xe6, 0xe5, 0xff, 0xe8, 0xe6, 0xe5, 0xff,
    0xe8, 0xe6, 0xe5, 0xff, 0xe8, 0xe6, 0xe5, 0xfd, 0xf4, 0xf2, 0xf0, 0xff, 0xe9, 0xe5, 0xe4, 0xc9,
    0x00, 0x00, 0x00, 0x00, 0xda, 0xda, 0xda, 0x07, 0x00, 0x00, 0x00, 0x00, 0x00, 0x00, 0x00, 0x00,
    0x00, 0x00, 0x00, 0x00, 0x00, 0x00, 0x00, 0x00, 0x00, 0x00, 0x00, 0x00, 0x00, 0x00, 0x00, 0x00,
    0x00, 0x00, 0x00, 0x00, 0x00, 0x00, 0x00, 0x00, 0x00, 0x00, 0x00, 0x00, 0x00, 0x00, 0x00, 0x00,
    0x00, 0x00, 0x00, 0x00, 0x00, 0x00, 0x00, 0x00, 0x00, 0x00, 0x00, 0x00, 0x00, 0x00, 0x00, 0x00,
    0x00, 0x00, 0x00, 0x00, 0x00, 0x00, 0x00, 0x00, 0x00, 0x00, 0x00, 0x00, 0x00, 0x00, 0x00, 0x00,
    0x00, 0x00, 0x00, 0x00, 0x00, 0x00, 0x00, 0x00, 0x00, 0x00, 0x00, 0x00, 0x00, 0x00, 0x00, 0x00,
    0x00, 0x00, 0x00, 0x00, 0x00, 0x00, 0x00, 0x00, 0x00, 0x00, 0x00, 0x00, 0x00, 0x00, 0x00, 0x00,
    0x00, 0x00, 0x00, 0x00, 0x00, 0x00, 0x00, 0x00, 0x00, 0x00, 0x00, 0x00, 0x00, 0x00, 0x00, 0x00,
    0x00, 0x00, 0x00, 0x00, 0x00, 0x00, 0x00, 0x00, 0x00, 0x00, 0x00, 0x00, 0x00, 0x00, 0x00, 0x00,
    0x00, 0x00, 0x00, 0x00, 0x00, 0x00, 0x00, 0x00, 0x00, 0x00, 0x00, 0x00, 0x00, 0x00, 0x00, 0x00,
    0x00, 0x00, 0x00, 0x00, 0x00, 0x00, 0x00, 0x00, 0x00, 0x00, 0x00, 0x00, 0x00, 0x00, 0x00, 0x00,
    0x00, 0x00, 0x00, 0x00, 0x00, 0x00, 0x00, 0x00, 0x00, 0x00, 0x00, 0x00, 0x00, 0x00, 0x00, 0x00,
    0x00, 0x00, 0x00, 0x00, 0x00, 0x00, 0x00, 0x00, 0x00, 0x00, 0x00, 0x00, 0x00, 0x00, 0x00, 0x00,
    0x00, 0x00, 0x00, 0x00, 0x00, 0x00, 0x00, 0x00, 0x00, 0x00, 0x00, 0x00, 0x00, 0x00, 0x00, 0x00,
    0x00, 0x00, 0x00, 0x00, 0x00, 0x00, 0x00, 0x00, 0xda, 0xda, 0xda, 0x07, 0x00, 0x00, 0x00, 0x00,
    0xe8, 0xe6, 0xe4, 0x86, 0xff, 0xfe, 0xfd, 0xff, 0xe8, 0xe6, 0xe5, 0xf9, 0xe8, 0xe6, 0xe5, 0xff,
    0xe8, 0xe6, 0xe5, 0xff, 0xe8, 0xe6, 0xe5, 0xff, 0xe8, 0xe6, 0xe5, 0xff, 0xe8, 0xe6, 0xe5, 0xff,
    0xe8, 0xe6, 0xe5, 0xff, 0xe8, 0xe6, 0xe5, 0xff, 0xe8, 0xe6, 0xe5, 0xff, 0xe8, 0xe6, 0xe5, 0xff,
    0xe8, 0xe6, 0xe5, 0xff, 0xe8, 0xe6, 0xe5, 0xff, 0xe7, 0xe5, 0xe4, 0xff, 0xe7, 0xe5, 0xe4, 0xff,
    0xe7, 0xe5, 0xe4, 0xff, 0xe7, 0xe5, 0xe4, 0xff, 0xe7, 0xe5, 0xe4, 0xff, 0xe7, 0xe5, 0xe4, 0xff,
    0xe7, 0xe5, 0xe4, 0xff, 0xe8, 0xe6, 0xe5, 0xff, 0xe8, 0xe6, 0xe5, 0xff, 0xe8, 0xe6, 0xe5, 0xff,
    0xe8, 0xe6, 0xe5, 0xff, 0xe8, 0xe6, 0xe5, 0xff, 0xe8, 0xe6, 0xe5, 0xff, 0xe8, 0xe6, 0xe5, 0xff,
    0xe8, 0xe6, 0xe5, 0xff, 0xe8, 0xe6, 0xe5, 0xff, 0xe8, 0xe6, 0xe5, 0xff, 0xe7, 0xe5, 0xe4, 0xff,
    0xf1, 0xef, 0xee, 0xff, 0xea, 0xe6, 0xe6, 0xbb, 0x00, 0x00, 0x00, 0x00, 0xda, 0xda, 0xda, 0x07,
    0x00, 0x00, 0x00, 0x00, 0x00, 0x00, 0x00, 0x00, 0x00, 0x00, 0x00, 0x00, 0x00, 0x00, 0x00, 0x00,
    0x00, 0x00, 0x00, 0x00, 0x00, 0x00, 0x00, 0x00, 0x00, 0x00, 0x00, 0x00, 0x00, 0x00, 0x00, 0x00,
    0x00, 0x00, 0x00, 0x00, 0x00, 0x00, 0x00, 0x00, 0x00, 0x00, 0x00, 0x00, 0x00, 0x00, 0x00, 0x00,
    0x00, 0x00, 0x00, 0x00, 0x00, 0x00, 0x00, 0x00, 0x00, 0x00, 0x00, 0x00, 0x00, 0x00, 0x00, 0x00,
    0x00, 0x00, 0x00, 0x00, 0x00, 0x00, 0x00, 0x00, 0x00, 0x00, 0x00, 0x00, 0x00, 0x00, 0x00, 0x00,
    0x00, 0x00, 0x00, 0x00, 0x00, 0x00, 0x00, 0x00, 0x00, 0x00, 0x00, 0x00, 0x00, 0x00, 0x00, 0x00,
    0x00, 0x00, 0x00, 0x00, 0x00, 0x00, 0x00, 0x00, 0x00, 0x00, 0x00, 0x00, 0x00, 0x00, 0x00, 0x00,
    0x00, 0x00, 0x00, 0x00, 0x00, 0x00, 0x00, 0x00, 0x00, 0x00, 0x00, 0x00, 0x00, 0x00, 0x00, 0x00,
    0x00, 0x00, 0x00, 0x00, 0x00, 0x00, 0x00, 0x00, 0x00, 0x00, 0x00, 0x00, 0x00, 0x00, 0x00, 0x00,
    0x00, 0x00, 0x00, 0x00, 0x00, 0x00, 0x00, 0x00, 0x00, 0x00, 0x00, 0x00, 0x00, 0x00, 0x00, 0x00,
    0x00, 0x00, 0x00, 0x00, 0x00, 0x00, 0x00, 0x00, 0x00, 0x00, 0x00, 0x00, 0x00, 0x00, 0x00, 0x00,
    0x00, 0x00, 0x00, 0x00, 0x00, 0x00, 0x00, 0x00, 0x00, 0x00, 0x00, 0x00, 0x00, 0x00, 0x00, 0x00,
    0x00, 0x00, 0x00, 0x00, 0x00, 0x00, 0x00, 0x00, 0x00, 0x00, 0x00, 0x00, 0x00, 0x00, 0x00, 0x00,
    0x00, 0x00, 0x00, 0x00, 0x00, 0x00, 0x00, 0x00, 0x00, 0x00, 0x00, 0x00, 0x00, 0x00, 0x00, 0x00,
    0xda, 0xda, 0xda, 0x07, 0x00, 0x00, 0x00, 0x00, 0xe8, 0xe6, 0xe4, 0x86, 0xff, 0xfe, 0xfd, 0xff,
    0xe8, 0xe6, 0xe5, 0xf9, 0xe8, 0xe6, 0xe5, 0xff, 0xe8, 0xe6, 0xe5, 0xff, 0xe8, 0xe6, 0xe5, 0xff,
    0xe8, 0xe6, 0xe5, 0xff, 0xe8, 0xe6, 0xe5, 0xff, 0xe8, 0xe6, 0xe5, 0xff, 0xe8, 0xe6, 0xe5, 0xff,
    0xe8, 0xe6, 0xe5, 0xff, 0xe8, 0xe6, 0xe5, 0xff, 0xe8, 0xe6, 0xe5, 0xff, 0xe8, 0xe6, 0xe5, 0xff,
    0xe8, 0xe6, 0xe5, 0xff, 0xe8, 0xe6, 0xe5, 0xff, 0xe8, 0xe6, 0xe5, 0xff, 0xe8, 0xe6, 0xe5, 0xff,
    0xe8, 0xe6, 0xe5, 0xff, 0xe8, 0xe6, 0xe5, 0xff, 0xe8, 0xe6, 0xe5, 0xff, 0xe8, 0xe6, 0xe5, 0xff,
    0xe8, 0xe6, 0xe5, 0xff, 0xe8, 0xe6, 0xe5, 0xff, 0xe8, 0xe6, 0xe5, 0xff, 0xe8, 0xe6, 0xe5, 0xff,
    0xe8, 0xe6, 0xe5, 0xff, 0xe8, 0xe6, 0xe5, 0xff, 0xe8, 0xe6, 0xe5, 0xff, 0xe8, 0xe6, 0xe5, 0xff,
    0xe7, 0xe6, 0xe5, 0xfe, 0xea, 0xe7, 0xe7, 0xff, 0xe9, 0xe7, 0xe6, 0xfd, 0xea, 0xe9, 0xe7, 0x97,
    0x00, 0x00, 0x00, 0x00, 0xff, 0xff, 0xff, 0x05, 0x00, 0x00, 0x00, 0x00, 0x00, 0x00, 0x00, 0x00,
    0x00, 0x00, 0x00, 0x00, 0x00, 0x00, 0x00, 0x00, 0x00, 0x00, 0x00, 0x00, 0x00, 0x00, 0x00, 0x00,
    0x00, 0x00, 0x00, 0x00, 0x00, 0x00, 0x00, 0x00, 0x00, 0x00, 0x00, 0x00, 0x00, 0x00, 0x00, 0x00,
    0x00, 0x00, 0x00, 0x00, 0x00, 0x00, 0x00, 0x00, 0x00, 0x00, 0x00, 0x00, 0x00, 0x00, 0x00, 0x00,
    0x00, 0x00, 0x00, 0x00, 0x00, 0x00, 0x00, 0x00, 0x00, 0x00, 0x00, 0x00, 0x00, 0x00, 0x00, 0x00,
    0x00, 0x00, 0x00, 0x00, 0x00, 0x00, 0x00, 0x00, 0x00, 0x00, 0x00, 0x00, 0x00, 0x00, 0x00, 0x00,
    0x00, 0x00, 0x00, 0x00, 0x00, 0x00, 0x00, 0x00, 0x00, 0x00, 0x00, 0x00, 0x00, 0x00, 0x00, 0x00,
    0x00, 0x00, 0x00, 0x00, 0x00, 0x00, 0x00, 0x00, 0x00, 0x00, 0x00, 0x00, 0x00, 0x00, 0x00, 0x00,
    0x00, 0x00, 0x00, 0x00, 0x00, 0x00, 0x00, 0x00, 0x00, 0x00, 0x00, 0x00, 0x00, 0x00, 0x00, 0x00,
    0x00, 0x00, 0x00, 0x00, 0x00, 0x00, 0x00, 0x00, 0x00, 0x00, 0x00, 0x00, 0x00, 0x00, 0x00, 0x00,
    0x00, 0x00, 0x00, 0x00, 0x00, 0x00, 0x00, 0x00, 0x00, 0x00, 0x00, 0x00, 0x00, 0x00, 0x00, 0x00,
    0x00, 0x00, 0x00, 0x00, 0x00, 0x00, 0x00, 0x00, 0x00, 0x00, 0x00, 0x00, 0x00, 0x00, 0x00, 0x00,
    0x00, 0x00, 0x00, 0x00, 0x00, 0x00, 0x00, 0x00, 0x00, 0x00, 0x00, 0x00, 0x00, 0x00, 0x00, 0x00,
    0x00, 0x00, 0x00, 0x00, 0x00, 0x00, 0x00, 0x00, 0x00, 0x00, 0x00, 0x00, 0x00, 0x00, 0x00, 0x00,
    0x00, 0x00, 0x00, 0x00, 0x00, 0x00, 0x00, 0x00, 0xda, 0xda, 0xda, 0x07, 0x00, 0x00, 0x00, 0x00,
    0xe8, 0xe6, 0xe4, 0x86, 0xff, 0xfe, 0xfd, 0xff, 0xe8, 0xe6, 0xe5, 0xf9, 0xe8, 0xe6, 0xe5, 0xff,
    0xe8, 0xe6, 0xe5, 0xff, 0xe8, 0xe6, 0xe5, 0xff, 0xe8, 0xe6, 0xe5, 0xff, 0xe8, 0xe6, 0xe5, 0xff,
    0xe8, 0xe6, 0xe5, 0xff, 0xe8, 0xe6, 0xe5, 0xff, 0xe8, 0xe6, 0xe5, 0xff, 0xe8, 0xe6, 0xe5, 0xff,
    0xe8, 0xe6, 0xe5, 0xff, 0xe8, 0xe6, 0xe5, 0xff, 0xe8, 0xe6, 0xe5, 0xff, 0xe8, 0xe6, 0xe5, 0xff,
    0xe8, 0xe6, 0xe5, 0xff, 0xe8, 0xe6, 0xe5, 0xff, 0xe8, 0xe6, 0xe5, 0xff, 0xe8, 0xe6, 0xe5, 0xff,
    0xe8, 0xe6, 0xe5, 0xff, 0xe8, 0xe6, 0xe5, 0xff, 0xe8, 0xe6, 0xe5, 0xff, 0xe8, 0xe6, 0xe5, 0xff,
    0xe8, 0xe6, 0xe5, 0xff, 0xe8, 0xe6, 0xe5, 0xff, 0xe8, 0xe6, 0xe5, 0xff, 0xe8, 0xe6, 0xe5, 0xff,
    0xe8, 0xe6, 0xe5, 0xff, 0xe8, 0xe6, 0xe5, 0xff, 0xe7, 0xe5, 0xe4, 0xfe, 0xef, 0xec, 0xed, 0xfe,
    0xe7, 0xe6, 0xe5, 0xe7, 0xec, 0xec, 0xe7, 0x36, 0x00, 0x00, 0xff, 0x01, 0xff, 0xff, 0xff, 0x02,
    0x00, 0x00, 0x00, 0x00, 0x00, 0x00, 0x00, 0x00, 0x00, 0x00, 0x00, 0x00, 0x00, 0x00, 0x00, 0x00,
    0x00, 0x00, 0x00, 0x00, 0x00, 0x00, 0x00, 0x00, 0x00, 0x00, 0x00, 0x00, 0x00, 0x00, 0x00, 0x00,
    0x00, 0x00, 0x00, 0x00, 0x00, 0x00, 0x00, 0x00, 0x00, 0x00, 0x00, 0x00, 0x00, 0x00, 0x00, 0x00,
    0x00, 0x00, 0x00, 0x00, 0x00, 0x00, 0x00, 0x00, 0x00, 0x00, 0x00, 0x00, 0x00, 0x00, 0x00, 0x00,
    0x00, 0x00, 0x00, 0x00, 0x00, 0x00, 0x00, 0x00, 0x00, 0x00, 0x00, 0x00, 0x00, 0x00, 0x00, 0x00,
    0x00, 0x00, 0x00, 0x00, 0x00, 0x00, 0x00, 0x00, 0x00, 0x00, 0x00, 0x00, 0x00, 0x00, 0x00, 0x00,
    0x00, 0x00, 0x00, 0x00, 0x00, 0x00, 0x00, 0x00, 0x00, 0x00, 0x00, 0x00, 0x00, 0x00, 0x00, 0x00,
    0x00, 0x00, 0x00, 0x00, 0x00, 0x00, 0x00, 0x00, 0x00, 0x00, 0x00, 0x00, 0x00, 0x00, 0x00, 0x00,
    0x00, 0x00, 0x00, 0x00, 0x00, 0x00, 0x00, 0x00, 0x00, 0x00, 0x00, 0x00, 0x00, 0x00, 0x00, 0x00,
    0x00, 0x00, 0x00, 0x00, 0x00, 0x00, 0x00, 0x00, 0x00, 0x00, 0x00, 0x00, 0x00, 0x00, 0x00, 0x00,
    0x00, 0x00, 0x00, 0x00, 0x00, 0x00, 0x00, 0x00, 0x00, 0x00, 0x00, 0x00, 0x00, 0x00, 0x00, 0x00,
    0x00, 0x00, 0x00, 0x00, 0x00, 0x00, 0x00, 0x00, 0x00, 0x00, 0x00, 0x00, 0x00, 0x00, 0x00, 0x00,
    0x00, 0x00, 0x00, 0x00, 0x00, 0x00, 0x00, 0x00, 0x00, 0x00, 0x00, 0x00, 0x00, 0x00, 0x00, 0x00,
    0x00, 0x00, 0x00, 0x00, 0x00, 0x00, 0x00, 0x00, 0x00, 0x00, 0x00, 0x00, 0x00, 0x00, 0x00, 0x00,
    0xda, 0xda, 0xda, 0x07, 0x00, 0x00, 0x00, 0x00, 0xe8, 0xe6, 0xe4, 0x86, 0xff, 0xfe, 0xfd, 0xff,
    0xe8, 0xe6, 0xe5, 0xf9, 0xe8, 0xe6, 0xe5, 0xff, 0xe8, 0xe6, 0xe5, 0xff, 0xe8, 0xe6, 0xe5, 0xff,
    0xe8, 0xe6, 0xe5, 0xff, 0xe8, 0xe6, 0xe5, 0xff, 0xe8, 0xe6, 0xe5, 0xff, 0xe8, 0xe6, 0xe5, 0xff,
    0xe8, 0xe6, 0xe5, 0xff, 0xe8, 0xe6, 0xe5, 0xff, 0xe8, 0xe6, 0xe5, 0xff, 0xe8, 0xe6, 0xe5, 0xff,
    0xe8, 0xe6, 0xe5, 0xff, 0xe8, 0xe6, 0xe5, 0xff, 0xe8, 0xe6, 0xe5, 0xff, 0xe8, 0xe6, 0xe5, 0xff,
    0xe8, 0xe6, 0xe5, 0xff, 0xe8, 0xe6, 0xe5, 0xff, 0xe8, 0xe6, 0xe5, 0xff, 0xe8, 0xe6, 0xe5, 0xff,
    0xe8, 0xe6, 0xe5, 0xff, 0xe8, 0xe6, 0xe5, 0xff, 0xe8, 0xe6, 0xe5, 0xff, 0xe8, 0xe6, 0xe5, 0xff,
    0xe8, 0xe6, 0xe5, 0xff, 0xe8, 0xe6, 0xe5, 0xff, 0xe8, 0xe6, 0xe5, 0xff, 0xe8, 0xe6, 0xe5, 0xff,
    0xe7, 0xe5, 0xe4, 0xff, 0xf2, 0xf0, 0xef, 0xff, 0xe8, 0xe6, 0xe5, 0xd3, 0x00, 0x00, 0x00, 0x00,
    0xcc, 0xcc, 0xff, 0x05, 0x00, 0x00, 0x00, 0x00, 0x00, 0x00, 0x00, 0x00, 0x00, 0x00, 0x00, 0x00,
    0x00, 0x00, 0x00, 0x00, 0x00, 0x00, 0x00, 0x00, 0x00, 0x00, 0x00, 0x00, 0x00, 0x00, 0x00, 0x00,
    0x00, 0x00, 0x00, 0x00, 0x00, 0x00, 0x00, 0x00, 0x00, 0x00, 0x00, 0x00, 0x00, 0x00, 0x00, 0x00,
    0x00, 0x00, 0x00, 0x00, 0x00, 0x00, 0x00, 0x00, 0x00, 0x00, 0x00, 0x00, 0x00, 0x00, 0x00, 0x00,
    0x00, 0x00, 0x00, 0x00, 0x00, 0x00, 0x00, 0x00, 0x00, 0x00, 0x00, 0x00, 0x00, 0x00, 0x00, 0x00,
    0x00, 0x00, 0x00, 0x00, 0x00, 0x00, 0x00, 0x00, 0x00, 0x00, 0x00, 0x00, 0x00, 0x00, 0x00, 0x00,
    0x00, 0x00, 0x00, 0x00, 0x00, 0x00, 0x00, 0x00, 0x00, 0x00, 0x00, 0x00, 0x00, 0x00, 0x00, 0x00,
    0x00, 0x00, 0x00, 0x00, 0x00, 0x00, 0x00, 0x00, 0x00, 0x00, 0x00, 0x00, 0x00, 0x00, 0x00, 0x00,
    0x00, 0x00, 0x00, 0x00, 0x00, 0x00, 0x00, 0x00, 0x00, 0x00, 0x00, 0x00, 0x00, 0x00, 0x00, 0x00,
    0x00, 0x00, 0x00, 0x00, 0x00, 0x00, 0x00, 0x00, 0x00, 0x00, 0x00, 0x00, 0x00, 0x00, 0x00, 0x00,
    0x00, 0x00, 0x00, 0x00, 0x00, 0x00, 0x00, 0x00, 0x00, 0x00, 0x00, 0x00, 0x00, 0x00, 0x00, 0x00,
    0x00, 0x00, 0x00, 0x00, 0x00, 0x00, 0x00, 0x00, 0x00, 0x00, 0x00, 0x00, 0x00, 0x00, 0x00, 0x00,
    0x00, 0x00, 0x00, 0x00, 0x00, 0x00, 0x00, 0x00, 0x00, 0x00, 0x00, 0x00, 0x00, 0x00, 0x00, 0x00,
    0x00, 0x00, 0x00, 0x00, 0x00, 0x00, 0x00, 0x00, 0x00, 0x00, 0x00, 0x00, 0x00, 0x00, 0x00, 0x00,
    0x00, 0x00, 0x00, 0x00, 0x00, 0x00, 0x00, 0x00, 0xda, 0xda, 0xda, 0x07, 0x00, 0x00, 0x00, 0x00,
    0xe8, 0xe6, 0xe4, 0x86, 0xff, 0xfe, 0xfd, 0xff, 0xe8, 0xe6, 0xe5, 0xf9, 0xe8, 0xe6, 0xe5, 0xff,
    0xe8, 0xe6, 0xe5, 0xff, 0xe8, 0xe6, 0xe5, 0xff, 0xe8, 0xe6, 0xe5, 0xff, 0xe8, 0xe6, 0xe5, 0xff,
    0xe8, 0xe6, 0xe5, 0xff, 0xe8, 0xe6, 0xe5, 0xff, 0xe8, 0xe6, 0xe5, 0xff, 0xe8, 0xe6, 0xe5, 0xff,
    0xe8, 0xe6, 0xe5, 0xff, 0xe8, 0xe6, 0xe5, 0xff, 0xe8, 0xe6, 0xe5, 0xff, 0xe8, 0xe6, 0xe5, 0xff,
    0xe8, 0xe6, 0xe5, 0xff, 0xe8, 0xe6, 0xe5, 0xff, 0xe8, 0xe6, 0xe5, 0xff, 0xe8, 0xe6, 0xe5, 0xff,
    0xe8, 0xe6, 0xe5, 0xff, 0xe8, 0xe6, 0xe5, 0xff, 0xe8, 0xe6, 0xe5, 0xff, 0xe8, 0xe6, 0xe5, 0xff,
    0xe8, 0xe6, 0xe5, 0xff, 0xe8, 0xe6, 0xe5, 0xff, 0xe8, 0xe6, 0xe5, 0xff, 0xe8, 0xe6, 0xe5, 0xff,
    0xe8, 0xe6, 0xe5, 0xff, 0xe7, 0xe5, 0xe4, 0xfe, 0xea, 0xe8, 0xe7, 0xfe, 0xea, 0xe8, 0xe7, 0xf5,
    0xee, 0xe8, 0xe8, 0x7c, 0x00, 0x00, 0x00, 0x00, 0xff, 0xff, 0xff, 0x05, 0x00, 0x00, 0x00, 0x00,
    0x00, 0x00, 0x00, 0x00, 0x00, 0x00, 0x00, 0x00, 0x00, 0x00, 0x00, 0x00, 0x00, 0x00, 0x00, 0x00,
    0x00, 0x00, 0x00, 0x00, 0x00, 0x00, 0x00, 0x00, 0x00, 0x00, 0x00, 0x00, 0x00, 0x00, 0x00, 0x00,
    0x00, 0x00, 0x00, 0x00, 0x00, 0x00, 0x00, 0x00, 0x00, 0x00, 0x00, 0x00, 0x00, 0x00, 0x00, 0x00,
    0x00, 0x00, 0x00, 0x00, 0x00, 0x00, 0x00, 0x00, 0x00, 0x00, 0x00, 0x00, 0x00, 0x00, 0x00, 0x00,
    0x00, 0x00, 0x00, 0x00, 0x00, 0x00, 0x00, 0x00, 0x00, 0x00, 0x00, 0x00, 0x00, 0x00, 0x00, 0x00,
    0x00, 0x00, 0x00, 0x00, 0x00, 0x00, 0x00, 0x00, 0x00, 0x00, 0x00, 0x00, 0x00, 0x00, 0x00, 0x00,
    0x00, 0x00, 0x00, 0x00, 0x00, 0x00, 0x00, 0x00, 0x00, 0x00, 0x00, 0x00, 0x00, 0x00, 0x00, 0x00,
    0x00, 0x00, 0x00, 0x00, 0x00, 0x00, 0x00, 0x00, 0x00, 0x00, 0x00, 0x00, 0x00, 0x00, 0x00, 0x00,
    0x00, 0x00, 0x00, 0x00, 0x00, 0x00, 0x00, 0x00, 0x00, 0x00, 0x00, 0x00, 0x00, 0x00, 0x00, 0x00,
    0x00, 0x00, 0x00, 0x00, 0x00, 0x00, 0x00, 0x00, 0x00, 0x00, 0x00, 0x00, 0x00, 0x00, 0x00, 0x00,
    0x00, 0x00, 0x00, 0x00, 0x00, 0x00, 0x00, 0x00, 0x00, 0x00, 0x00, 0x00, 0x00, 0x00, 0x00, 0x00,
    0x00, 0x00, 0x00, 0x00, 0x00, 0x00, 0x00, 0x00, 0x00, 0x00, 0x00, 0x00, 0x00, 0x00, 0x00, 0x00,
    0x00, 0x00, 0x00, 0x00, 0x00, 0x00, 0x00, 0x00, 0x00, 0x00, 0x00, 0x00, 0x00, 0x00, 0x00, 0x00,
    0x00, 0x00, 0x00, 0x00, 0x00, 0x00, 0x00, 0x00, 0x00, 0x00, 0x00, 0x00, 0x00, 0x00, 0x00, 0x00,
    0xda, 0xda, 0xda, 0x07, 0x00, 0x00, 0x00, 0x00, 0xe8, 0xe6, 0xe4, 0x86, 0xff, 0xfe, 0xfd, 0xff,
    0xe8, 0xe6, 0xe5, 0xf9, 0xe8, 0xe6, 0xe5, 0xff, 0xe8, 0xe6, 0xe5, 0xff, 0xe8, 0xe6, 0xe5, 0xff,
    0xe8, 0xe6, 0xe5, 0xff, 0xe8, 0xe6, 0xe5, 0xff, 0xe8, 0xe6, 0xe5, 0xff, 0xe8, 0xe6, 0xe5, 0xff,
    0xe8, 0xe6, 0xe5, 0xff, 0xe8, 0xe6, 0xe5, 0xff, 0xe8, 0xe6, 0xe5, 0xff, 0xe8, 0xe6, 0xe5, 0xff,
    0xe8, 0xe6, 0xe5, 0xff, 0xe8, 0xe6, 0xe5, 0xff, 0xe8, 0xe6, 0xe5, 0xff, 0xe8, 0xe6, 0xe5, 0xff,
    0xe8, 0xe6, 0xe5, 0xff, 0xe8, 0xe6, 0xe5, 0xff, 0xe8, 0xe6, 0xe5, 0xff, 0xe8, 0xe6, 0xe5, 0xff,
    0xe8, 0xe6, 0xe5, 0xff, 0xe8, 0xe6, 0xe5, 0xff, 0xe8, 0xe6, 0xe5, 0xff, 0xe8, 0xe6, 0xe5, 0xff,
    0xe8, 0xe6, 0xe5, 0xff, 0xe8, 0xe6, 0xe5, 0xff, 0xe8, 0xe6, 0xe5, 0xff, 0xe6, 0xe4, 0xe4, 0xfe,
    0xef, 0xed, 0xec, 0xfe, 0xe8, 0xe6, 0xe4, 0xe1, 0xff, 0xef, 0xef, 0x10, 0xcc, 0xcc, 0xcc, 0x05,
    0xff, 0xff, 0xff, 0x01, 0x00, 0x00, 0x00, 0x00, 0x00, 0x00, 0x00, 0x00, 0x00, 0x00, 0x00, 0x00,
    0x00, 0x00, 0x00, 0x00, 0x00, 0x00, 0x00, 0x00, 0x00, 0x00, 0x00, 0x00, 0x00, 0x00, 0x00, 0x00,
    0x00, 0x00, 0x00, 0x00, 0x00, 0x00, 0x00, 0x00, 0x00, 0x00, 0x00, 0x00, 0x00, 0x00, 0x00, 0x00,
    0x00, 0x00, 0x00, 0x00, 0x00, 0x00, 0x00, 0x00, 0x00, 0x00, 0x00, 0x00, 0x00, 0x00, 0x00, 0x00,
    0x00, 0x00, 0x00, 0x00, 0x00, 0x00, 0x00, 0x00, 0x00, 0x00, 0x00, 0x00, 0x00, 0x00, 0x00, 0x00,
    0x00, 0x00, 0x00, 0x00, 0x00, 0x00, 0x00, 0x00, 0x00, 0x00, 0x00, 0x00, 0x00, 0x00, 0x00, 0x00,
    0x00, 0x00, 0x00, 0x00, 0x00, 0x00, 0x00, 0x00, 0x00, 0x00, 0x00, 0x00, 0x00, 0x00, 0x00, 0x00,
    0x00, 0x00, 0x00, 0x00, 0x00, 0x00, 0x00, 0x00, 0x00, 0x00, 0x00, 0x00, 0x00, 0x00, 0x00, 0x00,
    0x00, 0x00, 0x00, 0x00, 0x00, 0x00, 0x00, 0x00, 0x00, 0x00, 0x00, 0x00, 0x00, 0x00, 0x00, 0x00,
    0x00, 0x00, 0x00, 0x00, 0x00, 0x00, 0x00, 0x00, 0x00, 0x00, 0x00, 0x00, 0x00, 0x00, 0x00, 0x00,
    0x00, 0x00, 0x00, 0x00, 0x00, 0x00, 0x00, 0x00, 0x00, 0x00, 0x00, 0x00, 0x00, 0x00, 0x00, 0x00,
    0x00, 0x00, 0x00, 0x00, 0x00, 0x00, 0x00, 0x00, 0x00, 0x00, 0x00, 0x00, 0x00, 0x00, 0x00, 0x00,
    0x00, 0x00, 0x00, 0x00, 0x00, 0x00, 0x00, 0x00, 0x00, 0x00, 0x00, 0x00, 0x00, 0x00, 0x00, 0x00,
    0x00, 0x00, 0x00, 0x00, 0x00, 0x00, 0x00, 0x00, 0x00, 0x00, 0x00, 0x00, 0x00, 0x00, 0x00, 0x00,
    0x00, 0x00, 0x00, 0x00, 0x00, 0x00, 0x00, 0x00, 0xda, 0xda, 0xda, 0x07, 0x00, 0x00, 0x00, 0x00,
    0xe8, 0xe6, 0xe4, 0x86, 0xff, 0xfe, 0xfd, 0xff, 0xe8, 0xe6, 0xe5, 0xf9, 0xe8, 0xe6, 0xe5, 0xff,
    0xe8, 0xe6, 0xe5, 0xff, 0xe8, 0xe6, 0xe5, 0xff, 0xe8, 0xe6, 0xe5, 0xff, 0xe8, 0xe6, 0xe5, 0xff,
    0xe8, 0xe6, 0xe5, 0xff, 0xe8, 0xe6, 0xe5, 0xff, 0xe8, 0xe6, 0xe5, 0xff, 0xe8, 0xe6, 0xe5, 0xff,
    0xe8, 0xe6, 0xe5, 0xff, 0xe8, 0xe6, 0xe5, 0xff, 0xe8, 0xe6, 0xe5, 0xff, 0xe8, 0xe6, 0xe5, 0xff,
    0xe8, 0xe6, 0xe5, 0xff, 0xe8, 0xe6, 0xe5, 0xff, 0xe8, 0xe6, 0xe5, 0xff, 0xe8, 0xe6, 0xe5, 0xff,
    0xe8, 0xe6, 0xe5, 0xff, 0xe8, 0xe6, 0xe5, 0xff, 0xe8, 0xe6, 0xe5, 0xff, 0xe8, 0xe6, 0xe5, 0xff,
    0xe8, 0xe6, 0xe5, 0xff, 0xe8, 0xe6, 0xe5, 0xff, 0xe8, 0xe6, 0xe5, 0xff, 0xe8, 0xe6, 0xe5, 0xff,
    0xe7, 0xe5, 0xe4, 0xfe, 0xed, 0xeb, 0xe9, 0xfd, 0xe9, 0xe7, 0xe5, 0xf9, 0xeb, 0xe8, 0xe8, 0x5a,
    0x00, 0x00, 0x00, 0x00, 0xbf, 0xbf, 0xbf, 0x04, 0x00, 0x00, 0x00, 0x00, 0x00, 0x00, 0x00, 0x00,
    0x00, 0x00, 0x00, 0x00, 0x00, 0x00, 0x00, 0x00, 0x00, 0x00, 0x00, 0x00, 0x00, 0x00, 0x00, 0x00,
    0x00, 0x00, 0x00, 0x00, 0x00, 0x00, 0x00, 0x00, 0x00, 0x00, 0x00, 0x00, 0x00, 0x00, 0x00, 0x00,
    0x00, 0x00, 0x00, 0x00, 0x00, 0x00, 0x00, 0x00, 0x00, 0x00, 0x00, 0x00, 0x00, 0x00, 0x00, 0x00,
    0x00, 0x00, 0x00, 0x00, 0x00, 0x00, 0x00, 0x00, 0x00, 0x00, 0x00, 0x00, 0x00, 0x00, 0x00, 0x00,
    0x00, 0x00, 0x00, 0x00, 0x00, 0x00, 0x00, 0x00, 0x00, 0x00, 0x00, 0x00, 0x00, 0x00, 0x00, 0x00,
    0x00, 0x00, 0x00, 0x00, 0x00, 0x00, 0x00, 0x00, 0x00, 0x00, 0x00, 0x00, 0x00, 0x00, 0x00, 0x00,
    0x00, 0x00, 0x00, 0x00, 0x00, 0x00, 0x00, 0x00, 0x00, 0x00, 0x00, 0x00, 0x00, 0x00, 0x00, 0x00,
    0x00, 0x00, 0x00, 0x00, 0x00, 0x00, 0x00, 0x00, 0x00, 0x00, 0x00, 0x00, 0x00, 0x00, 0x00, 0x00,
    0x00, 0x00, 0x00, 0x00, 0x00, 0x00, 0x00, 0x00, 0x00, 0x00, 0x00, 0x00, 0x00, 0x00, 0x00, 0x00,
    0x00, 0x00, 0x00, 0x00, 0x00, 0x00, 0x00, 0x00, 0x00, 0x00, 0x00, 0x00, 0x00, 0x00, 0x00, 0x00,
    0x00, 0x00, 0x00, 0x00, 0x00, 0x00, 0x00, 0x00, 0x00, 0x00, 0x00, 0x00, 0x00, 0x00, 0x00, 0x00,
    0x00, 0x00, 0x00, 0x00, 0x00, 0x00, 0x00, 0x00, 0x00, 0x00, 0x00, 0x00, 0x00, 0x00, 0x00, 0x00,
    0x00, 0x00, 0x00, 0x00, 0x00, 0x00, 0x00, 0x00, 0x00, 0x00, 0x00, 0x00, 0x00, 0x00, 0x00, 0x00,
    0x00, 0x00, 0x00, 0x00, 0x00, 0x00, 0x00, 0x00, 0x00, 0x00, 0x00, 0x00, 0x00, 0x00, 0x00, 0x00,
    0xda, 0xda, 0xda, 0x07, 0x00, 0x00, 0x00, 0x00, 0xe7, 0xe6, 0xe4, 0x85, 0xfe, 0xfe, 0xfc, 0xff,
    0xe8, 0xe6, 0xe5, 0xf9, 0xe8, 0xe6, 0xe5, 0xff, 0xe8, 0xe6, 0xe5, 0xff, 0xe8, 0xe6, 0xe5, 0xff,
    0xe8, 0xe6, 0xe5, 0xff, 0xe8, 0xe6, 0xe5, 0xff, 0xe8, 0xe6, 0xe5, 0xff, 0xe8, 0xe6, 0xe5, 0xff,
    0xe8, 0xe6, 0xe5, 0xff, 0xe8, 0xe6, 0xe5, 0xff, 0xe8, 0xe6, 0xe5, 0xff, 0xe8, 0xe6, 0xe5, 0xff,
    0xe8, 0xe6, 0xe5, 0xff, 0xe8, 0xe6, 0xe5, 0xff, 0xe8, 0xe6, 0xe5, 0xff, 0xe8, 0xe6, 0xe5, 0xff,
    0xe8, 0xe6, 0xe5, 0xff, 0xe8, 0xe6, 0xe5, 0xff, 0xe8, 0xe6, 0xe5, 0xff, 0xe8, 0xe6, 0xe5, 0xff,
    0xe8, 0xe6, 0xe5, 0xff, 0xe8, 0xe6, 0xe5, 0xff, 0xe8, 0xe6, 0xe5, 0xff, 0xe8, 0xe6, 0xe5, 0xff,
    0xe8, 0xe6, 0xe5, 0xff, 0xe8, 0xe6, 0xe5, 0xff, 0xea, 0xe8, 0xe7, 0xfc, 0xea, 0xe8, 0xe7, 0xff,
    0xe9, 0xe7, 0xe4, 0xa4, 0x00, 0x00, 0x00, 0x00, 0xff, 0xff, 0xff, 0x04, 0x00, 0x00, 0x00, 0x00,
    0x00, 0x00, 0x00, 0x00, 0x00, 0x00, 0x00, 0x00, 0x00, 0x00, 0x00, 0x00, 0x00, 0x00, 0x00, 0x00,
    0x00, 0x00, 0x00, 0x00, 0x00, 0x00, 0x00, 0x00, 0x00, 0x00, 0x00, 0x00, 0x00, 0x00, 0x00, 0x00,
    0x00, 0x00, 0x00, 0x00, 0x00, 0x00, 0x00, 0x00, 0x00, 0x00, 0x00, 0x00, 0x00, 0x00, 0x00, 0x00,
    0x00, 0x00, 0x00, 0x00, 0x00, 0x00, 0x00, 0x00, 0x00, 0x00, 0x00, 0x00, 0x00, 0x00, 0x00, 0x00,
    0x00, 0x00, 0x00, 0x00, 0x00, 0x00, 0x00, 0x00, 0x00, 0x00, 0x00, 0x00, 0x00, 0x00, 0x00, 0x00,
    0x00, 0x00, 0x00, 0x00, 0x00, 0x00, 0x00, 0x00, 0x00, 0x00, 0x00, 0x00, 0x00, 0x00, 0x00, 0x00,
    0x00, 0x00, 0x00, 0x00, 0x00, 0x00, 0x00, 0x00, 0x00, 0x00, 0x00, 0x00, 0x00, 0x00, 0x00, 0x00,
    0x00, 0x00, 0x00, 0x00, 0x00, 0x00, 0x00, 0x00, 0x00, 0x00, 0x00, 0x00, 0x00, 0x00, 0x00, 0x00,
    0x00, 0x00, 0x00, 0x00, 0x00, 0x00, 0x00, 0x00, 0x00, 0x00, 0x00, 0x00, 0x00, 0x00, 0x00, 0x00,
    0x00, 0x00, 0x00, 0x00, 0x00, 0x00, 0x00, 0x00, 0x00, 0x00, 0x00, 0x00, 0x00, 0x00, 0x00, 0x00,
    0x00, 0x00, 0x00, 0x00, 0x00, 0x00, 0x00, 0x00, 0x00, 0x00, 0x00, 0x00, 0x00, 0x00, 0x00, 0x00,
    0x00, 0x00, 0x00, 0x00, 0x00, 0x00, 0x00, 0x00, 0x00, 0x00, 0x00, 0x00, 0x00, 0x00, 0x00, 0x00,
    0x00, 0x00, 0x00, 0x00, 0x00, 0x00, 0x00, 0x00, 0x00, 0x00, 0x00, 0x00, 0x00, 0x00, 0x00, 0x00,
    0x00, 0x00, 0x00, 0x00, 0x00, 0x00, 0x00, 0x00, 0x00, 0x00, 0x00, 0x00, 0x00, 0x00, 0x00, 0x00,
    0x00, 0x00, 0x00, 0x00, 0x00, 0x00, 0x00, 0x00, 0xff, 0xff, 0xff, 0x06, 0x00, 0x00, 0x00, 0x00,
    0xe9, 0xe7, 0xe5, 0x82, 0xff, 0xfd, 0xfb, 0xfd, 0xe8, 0xe6, 0xe6, 0xf9, 0xe8, 0xe6, 0xe5, 0xff,
    0xe8, 0xe6, 0xe5, 0xff, 0xe8, 0xe6, 0xe5, 0xff, 0xe8, 0xe6, 0xe5, 0xff, 0xe8, 0xe6, 0xe5, 0xff,
    0xe8, 0xe6, 0xe5, 0xff, 0xe8, 0xe6, 0xe5, 0xff, 0xe8, 0xe6, 0xe5, 0xff, 0xe8, 0xe6, 0xe5, 0xff,
    0xe8, 0xe6, 0xe5, 0xff, 0xe8, 0xe6, 0xe5, 0xff, 0xe8, 0xe6, 0xe5, 0xff, 0xe8, 0xe6, 0xe5, 0xff,
    0xe8, 0xe6, 0xe5, 0xff, 0xe8, 0xe6, 0xe5, 0xff, 0xe8, 0xe6, 0xe5, 0xff, 0xe8, 0xe6, 0xe5, 0xff,
    0xe8, 0xe6, 0xe5, 0xff, 0xe8, 0xe6, 0xe5, 0xff, 0xe8, 0xe6, 0xe5, 0xff, 0xe8, 0xe6, 0xe5, 0xff,
    0xe8, 0xe6, 0xe5, 0xff, 0xe8, 0xe6, 0xe5, 0xff, 0xe8, 0xe6, 0xe5, 0xff, 0xe8, 0xe6, 0xe5, 0xfb,
    0xed, 0xec, 0xea, 0xff, 0xe7, 0xe7, 0xe3, 0xcd, 0xf4, 0xe9, 0xe9, 0x18, 0xff, 0xff, 0xff, 0x03,
    0xff, 0xff, 0xff, 0x01, 0x00, 0x00, 0x00, 0x00, 0x00, 0x00, 0x00, 0x00, 0x00, 0x00, 0x00, 0x00,
    0x00, 0x00, 0x00, 0x00, 0x00, 0x00, 0x00, 0x00, 0x00, 0x00, 0x00, 0x00, 0x00, 0x00, 0x00, 0x00,
    0x00, 0x00, 0x00, 0x00, 0x00, 0x00, 0x00, 0x00, 0x00, 0x00, 0x00, 0x00, 0x00, 0x00, 0x00, 0x00,
    0x00, 0x00, 0x00, 0x00, 0x00, 0x00, 0x00, 0x00, 0x00, 0x00, 0x00, 0x00, 0x00, 0x00, 0x00, 0x00,
    0x00, 0x00, 0x00, 0x00, 0x00, 0x00, 0x00, 0x00, 0x00, 0x00, 0x00, 0x00, 0x00, 0x00, 0x00, 0x00,
    0x00, 0x00, 0x00, 0x00, 0x00, 0x00, 0x00, 0x00, 0x00, 0x00, 0x00, 0x00, 0x00, 0x00, 0x00, 0x00,
    0x00, 0x00, 0x00, 0x00, 0x00, 0x00, 0x00, 0x00, 0x00, 0x00, 0x00, 0x00, 0x00, 0x00, 0x00, 0x00,
    0x00, 0x00, 0x00, 0x00, 0x00, 0x00, 0x00, 0x00, 0x00, 0x00, 0x00, 0x00, 0x00, 0x00, 0x00, 0x00,
    0x00, 0x00, 0x00, 0x00, 0x00, 0x00, 0x00, 0x00, 0x00, 0x00, 0x00, 0x00, 0x00, 0x00, 0x00, 0x00,
    0x00, 0x00, 0x00, 0x00, 0x00, 0x00, 0x00, 0x00, 0x00, 0x00, 0x00, 0x00, 0x00, 0x00, 0x00, 0x00,
    0x00, 0x00, 0x00, 0x00, 0x00, 0x00, 0x00, 0x00, 0x00, 0x00, 0x00, 0x00, 0x00, 0x00, 0x00, 0x00,
    0x00, 0x00, 0x00, 0x00, 0x00, 0x00, 0x00, 0x00, 0x00, 0x00, 0x00, 0x00, 0x00, 0x00, 0x00, 0x00,
    0x00, 0x00, 0x00, 0x00, 0x00, 0x00, 0x00, 0x00, 0x00, 0x00, 0x00, 0x00, 0x00, 0x00, 0x00, 0x00,
    0x00, 0x00, 0x00, 0x00, 0x00, 0x00, 0x00, 0x00, 0x00, 0x00, 0x00, 0x00, 0x00, 0x00, 0x00, 0x00,
    0x00, 0x00, 0x00, 0x00, 0x00, 0x00, 0x00, 0x00, 0x00, 0x00, 0x00, 0x00, 0x00, 0x00, 0x00, 0x00,
    0xff, 0xff, 0xff, 0x06, 0x00, 0x00, 0x00, 0x00, 0xe8, 0xe8, 0xe6, 0x72, 0xef, 0xed, 0xec, 0xff,
    0xe5, 0xe3, 0xe3, 0xfd, 0xe8, 0xe6, 0xe5, 0xff, 0xe8, 0xe6, 0xe5, 0xff, 0xe8, 0xe6, 0xe5, 0xff,
    0xe8, 0xe6, 0xe5, 0xff, 0xe8, 0xe6, 0xe5, 0xff, 0xe8, 0xe6, 0xe5, 0xff, 0xe8, 0xe6, 0xe5, 0xff,
    0xe8, 0xe6, 0xe5, 0xff, 0xe8, 0xe6, 0xe5, 0xff, 0xe8, 0xe6, 0xe5, 0xff, 0xe8, 0xe6, 0xe5, 0xff,
    0xe8, 0xe6, 0xe5, 0xff, 0xe8, 0xe6, 0xe5, 0xff, 0xe8, 0xe6, 0xe5, 0xff, 0xe8, 0xe6, 0xe5, 0xff,
    0xe8, 0xe6, 0xe5, 0xff, 0xe8, 0xe6, 0xe5, 0xff, 0xe8, 0xe6, 0xe5, 0xff, 0xe8, 0xe6, 0xe5, 0xff,
    0xe8, 0xe6, 0xe5, 0xff, 0xe8, 0xe6, 0xe5, 0xff, 0xe8, 0xe6, 0xe5, 0xff, 0xe8, 0xe6, 0xe5, 0xff,
    0xe8, 0xe6, 0xe5, 0xfa, 0xf1, 0xef, 0xee, 0xff, 0xe8, 0xe8, 0xe4, 0xd0, 0xe9, 0xe9, 0xe2, 0x24,
    0x00, 0x00, 0x00, 0x00, 0xff, 0xff, 0xff, 0x02, 0x00, 0x00, 0x00, 0x00, 0x00, 0x00, 0x00, 0x00,
    0x00, 0x00, 0x00, 0x00, 0x00, 0x00, 0x00, 0x00, 0x00, 0x00, 0x00, 0x00, 0x00, 0x00, 0x00, 0x00,
    0x00, 0x00, 0x00, 0x00, 0x00, 0x00, 0x00, 0x00, 0x00, 0x00, 0x00, 0x00, 0x00, 0x00, 0x00, 0x00,
    0x00, 0x00, 0x00, 0x00, 0x00, 0x00, 0x00, 0x00, 0x00, 0x00, 0x00, 0x00, 0x00, 0x00, 0x00, 0x00,
    0x00, 0x00, 0x00, 0x00, 0x00, 0x00, 0x00, 0x00, 0x00, 0x00, 0x00, 0x00, 0x00, 0x00, 0x00, 0x00,
    0x00, 0x00, 0x00, 0x00, 0x00, 0x00, 0x00, 0x00, 0x00, 0x00, 0x00, 0x00, 0x00, 0x00, 0x00, 0x00,
    0x00, 0x00, 0x00, 0x00, 0x00, 0x00, 0x00, 0x00, 0x00, 0x00, 0x00, 0x00, 0x00, 0x00, 0x00, 0x00,
    0x00, 0x00, 0x00, 0x00, 0x00, 0x00, 0x00, 0x00, 0x00, 0x00, 0x00, 0x00, 0x00, 0x00, 0x00, 0x00,
    0x00, 0x00, 0x00, 0x00, 0x00, 0x00, 0x00, 0x00, 0x00, 0x00, 0x00, 0x00, 0x00, 0x00, 0x00, 0x00,
    0x00, 0x00, 0x00, 0x00, 0x00, 0x00, 0x00, 0x00, 0x00, 0x00, 0x00, 0x00, 0x00, 0x00, 0x00, 0x00,
    0x00, 0x00, 0x00, 0x00, 0x00, 0x00, 0x00, 0x00, 0x00, 0x00, 0x00, 0x00, 0x00, 0x00, 0x00, 0x00,
    0x00, 0x00, 0x00, 0x00, 0x00, 0x00, 0x00, 0x00, 0x00, 0x00, 0x00, 0x00, 0x00, 0x00, 0x00, 0x00,
    0x00, 0x00, 0x00, 0x00, 0x00, 0x00, 0x00, 0x00, 0x00, 0x00, 0x00, 0x00, 0x00, 0x00, 0x00, 0x00,
    0x00, 0x00, 0x00, 0x00, 0x00, 0x00, 0x00, 0x00, 0x00, 0x00, 0x00, 0x00, 0x00, 0x00, 0x00, 0x00,
    0x00, 0x00, 0x00, 0x00, 0x00, 0x00, 0x00, 0x00, 0x00, 0x00, 0x00, 0x00, 0x00, 0x00, 0x00, 0x00,
    0x00, 0x00, 0x00, 0x00, 0x00, 0x00, 0x00, 0x00, 0xff, 0xff, 0xff, 0x02, 0x00, 0x00, 0x00, 0x00,
    0xf2, 0xe5, 0xf2, 0x14, 0xe6, 0xe4, 0xe2, 0xbf, 0xf8, 0xf5, 0xf4, 0xfe, 0xe7, 0xe6, 0xe5, 0xf9,
    0xe8, 0xe6, 0xe5, 0xff, 0xe8, 0xe6, 0xe5, 0xff, 0xe8, 0xe6, 0xe5, 0xff, 0xe8, 0xe6, 0xe5, 0xff,
    0xe8, 0xe6, 0xe5, 0xff, 0xe8, 0xe6, 0xe5, 0xff, 0xe8, 0xe6, 0xe5, 0xff, 0xe8, 0xe6, 0xe5, 0xff,
    0xe8, 0xe6, 0xe5, 0xff, 0xe8, 0xe6, 0xe5, 0xff, 0xe8, 0xe6, 0xe5, 0xff, 0xe8, 0xe6, 0xe5, 0xff,
    0xe8, 0xe6, 0xe5, 0xff, 0xe8, 0xe6, 0xe5, 0xff, 0xe8, 0xe6, 0xe5, 0xff, 0xe8, 0xe6, 0xe5, 0xff,
    0xe8, 0xe6, 0xe5, 0xff, 0xe8, 0xe6, 0xe5, 0xff, 0xe8, 0xe6, 0xe5, 0xff, 0xe8, 0xe6, 0xe5, 0xff,
    0xe8, 0xe5, 0xe4, 0xff, 0xea, 0xe8, 0xe7, 0xff, 0xf6, 0xf4, 0xf2, 0xff, 0xe7, 0xe7, 0xe6, 0xae,
    0xd0, 0xd6, 0xe4, 0x26, 0x00, 0x00, 0x00, 0x00, 0x4c, 0x66, 0xcc, 0x0a, 0x24, 0x24, 0xb6, 0x07,
    0x24, 0x48, 0xda, 0x07, 0x48, 0x48, 0xff, 0x07, 0x2a, 0x55, 0xff, 0x06, 0x33, 0x33, 0xff, 0x05,
    0x3f, 0x3f, 0xff, 0x04, 0x00, 0x7f, 0xff, 0x02, 0x00, 0x00, 0x00, 0x00, 0x00, 0x00, 0x00, 0x00,
    0x00, 0x00, 0x00, 0x00, 0x00, 0x00, 0x00, 0x00, 0x00, 0x00, 0x00, 0x00, 0x00, 0x00, 0x00, 0x00,
    0x00, 0x00, 0x00, 0x00, 0x00, 0x00, 0x00, 0x00, 0x00, 0x00, 0x00, 0x00, 0x00, 0x00, 0x00, 0x00,
    0x00, 0x00, 0x00, 0x00, 0x00, 0x00, 0x00, 0x00, 0x00, 0x00, 0x00, 0x00, 0x00, 0x00, 0x00, 0x00,
    0x00, 0x00, 0x00, 0x00, 0x00, 0x00, 0x00, 0x00, 0x00, 0x00, 0x00, 0x00, 0x00, 0x00, 0x00, 0x00,
    0x00, 0x00, 0x00, 0x00, 0x00, 0x00, 0x00, 0x00, 0x00, 0x00, 0x00, 0x00, 0x00, 0x00, 0x00, 0x00,
    0x00, 0x00, 0x00, 0x00, 0x00, 0x00, 0x00, 0x00, 0x00, 0x00, 0x00, 0x00, 0x00, 0x00, 0x00, 0x00,
    0x00, 0x00, 0x00, 0x00, 0x00, 0x00, 0x00, 0x00, 0x00, 0x00, 0x00, 0x00, 0x00, 0x00, 0x00, 0x00,
    0x00, 0x00, 0x00, 0x00, 0x00, 0x00, 0x00, 0x00, 0x00, 0x00, 0x00, 0x00, 0x00, 0x00, 0x00, 0x00,
    0x00, 0x00, 0x00, 0x00, 0x00, 0x00, 0x00, 0x00, 0x00, 0x00, 0x00, 0x00, 0x00, 0x00, 0x00, 0x00,
    0x00, 0x00, 0x00, 0x00, 0x00, 0x00, 0x00, 0x00, 0x00, 0x00, 0x00, 0x00, 0x00, 0x00, 0x00, 0x00,
    0x00, 0x00, 0x00, 0x00, 0x00, 0x00, 0x00, 0x00, 0x00, 0x00, 0x00, 0x00, 0x00, 0x00, 0x00, 0x00,
    0x00, 0x00, 0x00, 0x00, 0x00, 0x00, 0x00, 0x00, 0x00, 0x00, 0x00, 0x00, 0x00, 0x00, 0x00, 0x00,
    0x00, 0x00, 0x00, 0x00, 0x00, 0x00, 0x00, 0x00, 0x00, 0x00, 0x00, 0x00, 0x00, 0x00, 0x00, 0x00,
    0x00, 0x00, 0x00, 0x00, 0xbf, 0xbf, 0xbf, 0x04, 0x00, 0x00, 0x00, 0x00, 0xea, 0xea, 0xe4, 0x56,
    0xed, 0xeb, 0xea, 0xf1, 0xee, 0xec, 0xeb, 0xfb, 0xe7, 0xe5, 0xe4, 0xfb, 0xe9, 0xe7, 0xe6, 0xff,
    0xe8, 0xe6, 0xe5, 0xff, 0xe8, 0xe6, 0xe5, 0xff, 0xe8, 0xe6, 0xe5, 0xff, 0xe8, 0xe6, 0xe5, 0xff,
    0xe8, 0xe6, 0xe5, 0xff, 0xe8, 0xe6, 0xe5, 0xff, 0xe8, 0xe6, 0xe5, 0xff, 0xe8, 0xe6, 0xe5, 0xff,
    0xe8, 0xe6, 0xe5, 0xff, 0xe8, 0xe6, 0xe5, 0xff, 0xe8, 0xe6, 0xe5, 0xff, 0xe8, 0xe6, 0xe5, 0xff,
    0xe8, 0xe6, 0xe5, 0xff, 0xe8, 0xe6, 0xe5, 0xff, 0xe8, 0xe6, 0xe5, 0xff, 0xe8, 0xe6, 0xe5, 0xff,
    0xe8, 0xe6, 0xe5, 0xff, 0xe8, 0xe5, 0xe5, 0xff, 0xeb, 0xe9, 0xe8, 0xff, 0xe8, 0xe6, 0xe6, 0xfa,
    0xdf, 0xdd, 0xe6, 0x69, 0xe4, 0xf1, 0xe4, 0x13, 0x00, 0x00, 0x00, 0x00, 0x00, 0x00, 0x00, 0x00,
    0x00, 0x00, 0x00, 0x00, 0x00, 0x00, 0x00, 0x00, 0x00, 0x00, 0x00, 0x00, 0x00, 0x00, 0x00, 0x00,
    0x00, 0x00, 0x00, 0x00, 0x00, 0x00, 0x00, 0x00, 0x00, 0x00, 0x00, 0x00, 0x00, 0x00, 0x00, 0x00,
    0x33, 0x33, 0xff, 0x05, 0x3f, 0x3f, 0xff, 0x04, 0x00, 0x00, 0xff, 0x01, 0x00, 0x00, 0x00, 0x00,
    0x00, 0x00, 0x00, 0x00, 0x00, 0x00, 0x00, 0x00, 0x00, 0x00, 0x00, 0x00, 0x00, 0x00, 0x00, 0x00,
    0x00, 0x00, 0x00, 0x00, 0x00, 0x00, 0x00, 0x00, 0x00, 0x00, 0x00, 0x00, 0x00, 0x00, 0x00, 0x00,
    0x00, 0x00, 0x00, 0x00, 0x00, 0x00, 0x00, 0x00, 0x00, 0x00, 0x00, 0x00, 0x00, 0x00, 0x00, 0x00,
    0x00, 0x00, 0x00, 0x00, 0x00, 0x00, 0x00, 0x00, 0x00, 0x00, 0x00, 0x00, 0x00, 0x00, 0x00, 0x00,
    0x00, 0x00, 0x00, 0x00, 0x00, 0x00, 0x00, 0x00, 0x00, 0x00, 0x00, 0x00, 0x00, 0x00, 0x00, 0x00,
    0x00, 0x00, 0x00, 0x00, 0x00, 0x00, 0x00, 0x00, 0x00, 0x00, 0x00, 0x00, 0x00, 0x00, 0x00, 0x00,
    0x00, 0x00, 0x00, 0x00, 0x00, 0x00, 0x00, 0x00, 0x00, 0x00, 0x00, 0x00, 0x00, 0x00, 0x00, 0x00,
    0x00, 0x00, 0x00, 0x00, 0x00, 0x00, 0x00, 0x00, 0x00, 0x00, 0x00, 0x00, 0x00, 0x00, 0x00, 0x00,
    0x00, 0x00, 0x00, 0x00, 0x00, 0x00, 0x00, 0x00, 0x00, 0x00, 0x00, 0x00, 0x00, 0x00, 0x00, 0x00,
    0x00, 0x00, 0x00, 0x00, 0x00, 0x00, 0x00, 0x00, 0x00, 0x00, 0x00, 0x00, 0x00, 0x00, 0x00, 0x00,
    0x00, 0x00, 0x00, 0x00, 0x00, 0x00, 0x00, 0x00, 0x00, 0x00, 0x00, 0x00, 0x00, 0x00, 0x00, 0x00,
    0x00, 0x00, 0x00, 0x00, 0x00, 0x00, 0x00, 0x00, 0x00, 0x00, 0x00, 0x00, 0x00, 0x00, 0x00, 0x00,
    0x00, 0x00, 0x00, 0x00, 0x00, 0x00, 0x00, 0x00, 0x00, 0x00, 0x00, 0x00, 0xff, 0xff, 0xff, 0x01,
    0xff, 0xff, 0xff, 0x04, 0xda, 0xda, 0xda, 0x07, 0xe5, 0xe5, 0xe5, 0x65, 0xea, 0xe8, 0xe7, 0xf9,
    0xf3, 0xf1, 0xf0, 0xff, 0xe5, 0xe4, 0xe3, 0xfd, 0xe8, 0xe6, 0xe5, 0xff, 0xe8, 0xe6, 0xe5, 0xff,
    0xe8, 0xe6, 0xe5, 0xff, 0xe8, 0xe6, 0xe5, 0xff, 0xe8, 0xe6, 0xe5, 0xff, 0xe8, 0xe6, 0xe5, 0xff,
    0xe8, 0xe6, 0xe5, 0xff, 0xe8, 0xe6, 0xe5, 0xff, 0xe8, 0xe6, 0xe5, 0xff, 0xe8, 0xe6, 0xe5, 0xff,
    0xe8, 0xe6, 0xe5, 0xff, 0xe8, 0xe5, 0xe4, 0xff, 0xe8, 0xe5, 0xe5, 0xff, 0xe8, 0xe6, 0xe5, 0xff,
    0xe8, 0xe6, 0xe5, 0xff, 0xe8, 0xe6, 0xe5, 0xff, 0xe9, 0xe7, 0xe7, 0xff, 0xe8, 0xe7, 0xe7, 0xff,
    0xe3, 0xdf, 0xe3, 0xff, 0xe0, 0xdd, 0xd6, 0xf3, 0x00, 0x00, 0x00, 0x00, 0x0b, 0x0b, 0xe7, 0x16,
    0x33, 0x40, 0xdf, 0x82, 0x2f, 0x3b, 0xd7, 0xb3, 0x2c, 0x39, 0xd2, 0xc7, 0x2e, 0x37, 0xcc, 0xcd,
    0x2d, 0x3a, 0xd3, 0xce, 0x38, 0x44, 0xf6, 0xc8, 0x34, 0x42, 0xf2, 0xb7, 0x34, 0x43, 0xf1, 0x98,
    0x33, 0x41, 0xf3, 0x6d, 0x39, 0x45, 0xf3, 0x2c, 0x00, 0x00, 0x00, 0x00, 0x00, 0x00, 0x00, 0x00,
    0x3f, 0x3f, 0xff, 0x04, 0x55, 0x55, 0xff, 0x03, 0x00, 0x00, 0x00, 0x00, 0x00, 0x00, 0x00, 0x00,
    0x00, 0x00, 0x00, 0x00, 0x00, 0x00, 0x00, 0x00, 0x00, 0x00, 0x00, 0x00, 0x00, 0x00, 0x00, 0x00,
    0x00, 0x00, 0x00, 0x00, 0x00, 0x00, 0x00, 0x00, 0x00, 0x00, 0x00, 0x00, 0x00, 0x00, 0x00, 0x00,
    0x00, 0x00, 0x00, 0x00, 0x00, 0x00, 0x00, 0x00, 0x00, 0x00, 0x00, 0x00, 0x00, 0x00, 0x00, 0x00,
    0x00, 0x00, 0x00, 0x00, 0x00, 0x00, 0x00, 0x00, 0x00, 0x00, 0x00, 0x00, 0x00, 0x00, 0x00, 0x00,
    0x00, 0x00, 0x00, 0x00, 0x00, 0x00, 0x00, 0x00, 0x00, 0x00, 0x00, 0x00, 0x00, 0x00, 0x00, 0x00,
    0x00, 0x00, 0x00, 0x00, 0x00, 0x00, 0x00, 0x00, 0x00, 0x00, 0x00, 0x00, 0x00, 0x00, 0x00, 0x00,
    0x00, 0x00, 0x00, 0x00, 0x00, 0x00, 0x00, 0x00, 0x00, 0x00, 0x00, 0x00, 0x00, 0x00, 0x00, 0x00,
    0x00, 0x00, 0x00, 0x00, 0x00, 0x00, 0x00, 0x00, 0x00, 0x00, 0x00, 0x00, 0x00, 0x00, 0x00, 0x00,
    0x00, 0x00, 0x00, 0x00, 0x00, 0x00, 0x00, 0x00, 0x00, 0x00, 0x00, 0x00, 0x00, 0x00, 0x00, 0x00,
    0x00, 0x00, 0x00, 0x00, 0x00, 0x00, 0x00, 0x00, 0x00, 0x00, 0x00, 0x00, 0x00, 0x00, 0x00, 0x00,
    0x00, 0x00, 0x00, 0x00, 0x00, 0x00, 0x00, 0x00, 0x00, 0x00, 0x00, 0x00, 0x00, 0x00, 0x00, 0x00,
    0x00, 0x00, 0x00, 0x00, 0x00, 0x00, 0x00, 0x00, 0x00, 0x00, 0x00, 0x00, 0x00, 0x00, 0x00, 0x00,
    0x00, 0x00, 0x00, 0x00, 0x00, 0x00, 0x00, 0x00, 0xff, 0xff, 0xff, 0x01, 0x00, 0x00, 0x00, 0x00,
    0xcc, 0xff, 0xff, 0x05, 0xe9, 0xe2, 0xe2, 0x24, 0xec, 0xe9, 0xe8, 0xc1, 0xf8, 0xf5, 0xf4, 0xff,
    0xe8, 0xe6, 0xe5, 0xfc, 0xe8, 0xe6, 0xe5, 0xff, 0xe8, 0xe6, 0xe5, 0xff, 0xe8, 0xe6, 0xe5, 0xff,
    0xe8, 0xe6, 0xe5, 0xff, 0xe8, 0xe6, 0xe5, 0xff, 0xe8, 0xe6, 0xe5, 0xff, 0xe8, 0xe6, 0xe5, 0xff,
    0xe8, 0xe6, 0xe5, 0xff, 0xe9, 0xe7, 0xe6, 0xff, 0xe9, 0xe7, 0xe7, 0xff, 0xea, 0xe8, 0xe7, 0xff,
    0xea, 0xe8, 0xe6, 0xff, 0xea, 0xe7, 0xe6, 0xff, 0xe9, 0xe7, 0xe6, 0xff, 0xe6, 0xe4, 0xe2, 0xff,
    0xdc, 0xda, 0xdb, 0xff, 0xdd, 0xdb, 0xd6, 0xff, 0xe7, 0xe2, 0xd5, 0xff, 0x9e, 0xa0, 0xd7, 0xfc,
    0x29, 0x35, 0xd5, 0xbe, 0x2f, 0x39, 0xcf, 0xe1, 0x2d, 0x39, 0xce, 0xf9, 0x2f, 0x3a, 0xd4, 0xff,
    0x2f, 0x3b, 0xd7, 0xff, 0x30, 0x3a, 0xd5, 0xff, 0x31, 0x3d, 0xdf, 0xff, 0x3a, 0x48, 0xff, 0xff,
    0x38, 0x45, 0xfb, 0xff, 0x36, 0x43, 0xf4, 0xff, 0x36, 0x42, 0xf3, 0xf4, 0x35, 0x44, 0xf6, 0xe4,
    0x34, 0x41, 0xf0, 0xc7, 0x35, 0x3f, 0xf2, 0x69, 0x24, 0x48, 0xff, 0x07, 0x00, 0x00, 0x00, 0x00,
    0x33, 0x33, 0xff, 0x05, 0x00, 0x00, 0xff, 0x01, 0x00, 0x00, 0x00, 0x00, 0x00, 0x00, 0x00, 0x00,
    0x00, 0x00, 0x00, 0x00, 0x00, 0x00, 0x00, 0x00, 0x00, 0x00, 0x00, 0x00, 0x00, 0x00, 0x00, 0x00,
    0x00, 0x00, 0x00, 0x00, 0x00, 0x00, 0x00, 0x00, 0x00, 0x00, 0x00, 0x00, 0x00, 0x00, 0x00, 0x00,
    0x00, 0x00, 0x00, 0x00, 0x00, 0x00, 0x00, 0x00, 0x00, 0x00, 0x00, 0x00, 0x00, 0x00, 0x00, 0x00,
    0x00, 0x00, 0x00, 0x00, 0x00, 0x00, 0x00, 0x00, 0x00, 0x00, 0x00, 0x00, 0x00, 0x00, 0x00, 0x00,
    0x00, 0x00, 0x00, 0x00, 0x00, 0x00, 0x00, 0x00, 0x00, 0x00, 0x00, 0x00, 0x00, 0x00, 0x00, 0x00,
    0x00, 0x00, 0x00, 0x00, 0x00, 0x00, 0x00, 0x00, 0x00, 0x00, 0x00, 0x00, 0x00, 0x00, 0x00, 0x00,
    0x00, 0x00, 0x00, 0x00, 0x00, 0x00, 0x00, 0x00, 0x00, 0x00, 0x00, 0x00, 0x00, 0x00, 0x00, 0x00,
    0x00, 0x00, 0x00, 0x00, 0x00, 0x00, 0x00, 0x00, 0x00, 0x00, 0x00, 0x00, 0x00, 0x00, 0x00, 0x00,
    0x00, 0x00, 0x00, 0x00, 0x00, 0x00, 0x00, 0x00, 0x00, 0x00, 0x00, 0x00, 0x00, 0x00, 0x00, 0x00,
    0x00, 0x00, 0x00, 0x00, 0x00, 0x00, 0x00, 0x00, 0x00, 0x00, 0x00, 0x00, 0x00, 0x00, 0x00, 0x00,
    0x00, 0x00, 0x00, 0x00, 0x00, 0x00, 0x00, 0x00, 0x00, 0x00, 0x00, 0x00, 0x00, 0x00, 0x00, 0x00,
    0x00, 0x00, 0x00, 0x00, 0x00, 0x00, 0x00, 0x00, 0x00, 0x00, 0x00, 0x00, 0x00, 0x00, 0x00, 0x00,
    0x00, 0x00, 0x00, 0x00, 0xff, 0xff, 0xff, 0x01, 0xcc, 0xcc, 0xcc, 0x05, 0x00, 0x00, 0x00, 0x00,
    0xe8, 0xe6, 0xe5, 0x9e, 0xff, 0xfc, 0xfb, 0xff, 0xe7, 0xe5, 0xe4, 0xfb, 0xe8, 0xe6, 0xe5, 0xff,
    0xe8, 0xe6, 0xe5, 0xff, 0xe8, 0xe6, 0xe5, 0xff, 0xe8, 0xe6, 0xe5, 0xff, 0xe8, 0xe6, 0xe5, 0xff,
    0xe8, 0xe6, 0xe5, 0xff, 0xe8, 0xe6, 0xe5, 0xff, 0xe9, 0xe7, 0xe6, 0xff, 0xdd, 0xda, 0xd8, 0xff,
    0xda, 0xd8, 0xd6, 0xff, 0xdb, 0xd9, 0xd7, 0xff, 0xdb, 0xd9, 0xd7, 0xff, 0xdb, 0xd8, 0xd7, 0xff,
    0xdb, 0xd8, 0xd6, 0xff, 0xd8, 0xd5, 0xd6, 0xff, 0xe0, 0xdd, 0xd3, 0xff, 0xbb, 0xbc, 0xd6, 0xff,
    0x52, 0x5a, 0xd4, 0xff, 0x38, 0x42, 0xce, 0xff, 0x2f, 0x3a, 0xd5, 0xff, 0x2f, 0x3a, 0xd4, 0xff,
    0x2d, 0x38, 0xce, 0xff, 0x2d, 0x38, 0xcc, 0xff, 0x2d, 0x38, 0xcb, 0xfe, 0x2d, 0x37, 0xca, 0xfd,
    0x2f, 0x3a, 0xd3, 0xfd, 0x37, 0x44, 0xf7, 0xfe, 0x36, 0x43, 0xf3, 0xff, 0x36, 0x43, 0xf6, 0xff,
    0x37, 0x44, 0xf8, 0xff, 0x38, 0x45, 0xfd, 0xff, 0x38, 0x45, 0xfb, 0xff, 0x37, 0x43, 0xf7, 0xf4,
    0x35, 0x44, 0xf4, 0xd2, 0x34, 0x42, 0xf1, 0x5c, 0x00, 0x00, 0x00, 0x00, 0x00, 0x00, 0xff, 0x01,
    0x00, 0x00, 0xff, 0x02, 0x00, 0x00, 0x00, 0x00, 0x00, 0x00, 0x00, 0x00, 0x00, 0x00, 0x00, 0x00,
    0x00, 0x00, 0x00, 0x00, 0x00, 0x00, 0x00, 0x00, 0x00, 0x00, 0x00, 0x00, 0x00, 0x00, 0x00, 0x00,
    0x00, 0x00, 0x00, 0x00, 0x00, 0x00, 0x00, 0x00, 0x00, 0x00, 0x00, 0x00, 0x00, 0x00, 0x00, 0x00,
    0x00, 0x00, 0x00, 0x00, 0x00, 0x00, 0x00, 0x00, 0x00, 0x00, 0x00, 0x00, 0x00, 0x00, 0x00, 0x00,
    0x00, 0x00, 0x00, 0x00, 0x00, 0x00, 0x00, 0x00, 0x00, 0x00, 0x00, 0x00, 0x00, 0x00, 0x00, 0x00,
    0x00, 0x00, 0x00, 0x00, 0x00, 0x00, 0x00, 0x00, 0x00, 0x00, 0x00, 0x00, 0x00, 0x00, 0x00, 0x00,
    0x00, 0x00, 0x00, 0x00, 0x00, 0x00, 0x00, 0x00, 0x00, 0x00, 0x00, 0x00, 0x00, 0x00, 0x00, 0x00,
    0x00, 0x00, 0x00, 0x00, 0x00, 0x00, 0x00, 0x00, 0x00, 0x00, 0x00, 0x00, 0x00, 0x00, 0x00, 0x00,
    0x00, 0x00, 0x00, 0x00, 0x00, 0x00, 0x00, 0x00, 0x00, 0x00, 0x00, 0x00, 0x00, 0x00, 0x00, 0x00,
    0x00, 0x00, 0x00, 0x00, 0x00, 0x00, 0x00, 0x00, 0x00, 0x00, 0x00, 0x00, 0x00, 0x00, 0x00, 0x00,
    0x00, 0x00, 0x00, 0x00, 0x00, 0x00, 0x00, 0x00, 0x00, 0x00, 0x00, 0x00, 0x00, 0x00, 0x00, 0x00,
    0x00, 0x00, 0x00, 0x00, 0x00, 0x00, 0x00, 0x00, 0x00, 0x00, 0x00, 0x00, 0x00, 0x00, 0x00, 0x00,
    0x00, 0x00, 0x00, 0x00, 0x00, 0x00, 0x00, 0x00, 0x00, 0x00, 0x00, 0x00, 0x00, 0x00, 0x00, 0x00,
    0xe2, 0xe2, 0xe2, 0x09, 0xff, 0xff, 0xff, 0x01, 0xe8, 0xe6, 0xe5, 0x9f, 0xfe, 0xfb, 0xfa, 0xff,
    0xe7, 0xe5, 0xe4, 0xfb, 0xe8, 0xe6, 0xe5, 0xff, 0xe8, 0xe6, 0xe5, 0xff, 0xe8, 0xe6, 0xe5, 0xff,
    0xe8, 0xe6, 0xe5, 0xff, 0xe8, 0xe6, 0xe5, 0xff, 0xe8, 0xe6, 0xe5, 0xff, 0xe8, 0xe6, 0xe5, 0xff,
    0xe9, 0xe7, 0xe6, 0xff, 0xda, 0xd7, 0xd5, 0xff, 0xd7, 0xd4, 0xd2, 0xff, 0xd8, 0xd5, 0xd3, 0xff,
    0xd8, 0xd5, 0xd3, 0xff, 0xd8, 0xd5, 0xd3, 0xff, 0xd6, 0xd3, 0xd3, 0xff, 0xe1, 0xdd, 0xd3, 0xff,
    0x87, 0x8c, 0xd8, 0xff, 0x3b, 0x46, 0xcf, 0xff, 0x28, 0x33, 0xcd, 0xff, 0x29, 0x34, 0xcb, 0xff,
    0x2d, 0x38, 0xcb, 0xff, 0x2d, 0x38, 0xcb, 0xfe, 0x2d, 0x38, 0xcc, 0xff, 0x2d, 0x38, 0xcc, 0xff,
    0x2d, 0x38, 0xcc, 0xff, 0x2d, 0x37, 0xca, 0xff, 0x2f, 0x3a, 0xd3, 0xff, 0x37, 0x44, 0xf8, 0xff,
    0x36, 0x43, 0xf3, 0xff, 0x36, 0x43, 0xf4, 0xff, 0x36, 0x43, 0xf3, 0xfe, 0x36, 0x43, 0xf3, 0xfe,
    0x36, 0x43, 0xf3, 0xfe, 0x37, 0x44, 0xf9, 0xff, 0x38, 0x45, 0xf9, 0xff, 0x37, 0x45, 0xfb, 0xf3,
    0x35, 0x42, 0xf3, 0xa1, 0x38, 0x46, 0xf0, 0x12, 0x00, 0x00, 0x00, 0x00, 0x3f, 0x3f, 0xbf, 0x04,
    0x00, 0x00, 0x00, 0x00, 0x00, 0x00, 0x00, 0x00, 0x00, 0x00, 0x00, 0x00, 0x00, 0x00, 0x00, 0x00,
    0x00, 0x00, 0x00, 0x00, 0x00, 0x00, 0x00, 0x00, 0x00, 0x00, 0x00, 0x00, 0x00, 0x00, 0x00, 0x00,
    0x00, 0x00, 0x00, 0x00, 0x00, 0x00, 0x00, 0x00, 0x00, 0x00, 0x00, 0x00, 0x00, 0x00, 0x00, 0x00,
    0x00, 0x00, 0x00, 0x00, 0x00, 0x00, 0x00, 0x00, 0x00, 0x00, 0x00, 0x00, 0x00, 0x00, 0x00, 0x00,
    0x00, 0x00, 0x00, 0x00, 0x00, 0x00, 0x00, 0x00, 0x00, 0x00, 0x00, 0x00, 0x00, 0x00, 0x00, 0x00,
    0x00, 0x00, 0x00, 0x00, 0x00, 0x00, 0x00, 0x00, 0x00, 0x00, 0x00, 0x00, 0x00, 0x00, 0x00, 0x00,
    0x00, 0x00, 0x00, 0x00, 0x00, 0x00, 0x00, 0x00, 0x00, 0x00, 0x00, 0x00, 0x00, 0x00, 0x00, 0x00,
    0x00, 0x00, 0x00, 0x00, 0x00, 0x00, 0x00, 0x00, 0x00, 0x00, 0x00, 0x00, 0x00, 0x00, 0x00, 0x00,
    0x00, 0x00, 0x00, 0x00, 0x00, 0x00, 0x00, 0x00, 0x00, 0x00, 0x00, 0x00, 0x00, 0x00, 0x00, 0x00,
    0x00, 0x00, 0x00, 0x00, 0x00, 0x00, 0x00, 0x00, 0x00, 0x00, 0x00, 0x00, 0x00, 0x00, 0x00, 0x00,
    0x00, 0x00, 0x00, 0x00, 0x00, 0x00, 0x00, 0x00, 0x00, 0x00, 0x00, 0x00, 0x00, 0x00, 0x00, 0x00,
    0x00, 0x00, 0x00, 0x00, 0x00, 0x00, 0x00, 0x00, 0x00, 0x00, 0x00, 0x00, 0x00, 0x00, 0x00, 0x00,
    0x00, 0x00, 0x00, 0x00, 0x00, 0x00, 0x00, 0x00, 0xdf, 0xdf, 0xdf, 0x08, 0x00, 0x00, 0x00, 0x00,
    0xe8, 0xe6, 0xe5, 0x9f, 0xfe, 0xfb, 0xfa, 0xff, 0xe7, 0xe5, 0xe4, 0xfb, 0xe8, 0xe6, 0xe5, 0xff,
    0xe8, 0xe6, 0xe5, 0xff, 0xe8, 0xe6, 0xe5, 0xff, 0xe8, 0xe6, 0xe5, 0xff, 0xe8, 0xe6, 0xe5, 0xff,
    0xe8, 0xe6, 0xe5, 0xff, 0xe8, 0xe6, 0xe5, 0xff, 0xe9, 0xe7, 0xe6, 0xff, 0xdb, 0xd8, 0xd6, 0xff,
    0xd8, 0xd5, 0xd3, 0xff, 0xd9, 0xd6, 0xd4, 0xff, 0xd9, 0xd6, 0xd4, 0xff, 0xd6, 0xd3, 0xd4, 0xff,
    0xe3, 0xde, 0xd4, 0xff, 0x75, 0x7a, 0xd8, 0xff, 0x30, 0x3c, 0xce, 0xff, 0x28, 0x33, 0xcc, 0xff,
    0x2d, 0x38, 0xcc, 0xff, 0x2d, 0x38, 0xcc, 0xff, 0x2d, 0x38, 0xcc, 0xff, 0x2d, 0x38, 0xcc, 0xff,
    0x2d, 0x38, 0xcc, 0xff, 0x2d, 0x38, 0xcc, 0xff, 0x2d, 0x38, 0xcc, 0xff, 0x2d, 0x37, 0xca, 0xff,
    0x2f, 0x3a, 0xd3, 0xff, 0x37, 0x44, 0xf8, 0xff, 0x36, 0x43, 0xf3, 0xff, 0x36, 0x43, 0xf4, 0xff,
    0x36, 0x43, 0xf4, 0xff, 0x36, 0x43, 0xf4, 0xff, 0x36, 0x43, 0xf4, 0xff, 0x36, 0x43, 0xf3, 0xfe,
    0x36, 0x43, 0xf3, 0xfe, 0x36, 0x44, 0xf8, 0xff, 0x38, 0x45, 0xfd, 0xff, 0x35, 0x43, 0xf3, 0xc5,
    0x37, 0x42, 0xf3, 0x2e, 0x00, 0x00, 0x00, 0x00, 0x3f, 0x3f, 0xbf, 0x04, 0x00, 0x00, 0x00, 0x00,
    0x00, 0x00, 0x00, 0x00, 0x00, 0x00, 0x00, 0x00, 0x00, 0x00, 0x00, 0x00, 0x00, 0x00, 0x00, 0x00,
    0x00, 0x00, 0x00, 0x00, 0x00, 0x00, 0x00, 0x00, 0x00, 0x00, 0x00, 0x00, 0x00, 0x00, 0x00, 0x00,
    0x00, 0x00, 0x00, 0x00, 0x00, 0x00, 0x00, 0x00, 0x00, 0x00, 0x00, 0x00, 0x00, 0x00, 0x00, 0x00,
    0x00, 0x00, 0x00, 0x00, 0x00, 0x00, 0x00, 0x00, 0x00, 0x00, 0x00, 0x00, 0x00, 0x00, 0x00, 0x00,
    0x00, 0x00, 0x00, 0x00, 0x00, 0x00, 0x00, 0x00, 0x00, 0x00, 0x00, 0x00, 0x00, 0x00, 0x00, 0x00,
    0x00, 0x00, 0x00, 0x00, 0x00, 0x00, 0x00, 0x00, 0x00, 0x00, 0x00, 0x00, 0x00, 0x00, 0x00, 0x00,
    0x00, 0x00, 0x00, 0x00, 0x00, 0x00, 0x00, 0x00, 0x00, 0x00, 0x00, 0x00, 0x00, 0x00, 0x00, 0x00,
    0x00, 0x00, 0x00, 0x00, 0x00, 0x00, 0x00, 0x00, 0x00, 0x00, 0x00, 0x00, 0x00, 0x00, 0x00, 0x00,
    0x00, 0x00, 0x00, 0x00, 0x00, 0x00, 0x00, 0x00, 0x00, 0x00, 0x00, 0x00, 0x00, 0x00, 0x00, 0x00,
    0x00, 0x00, 0x00, 0x00, 0x00, 0x00, 0x00, 0x00, 0x00, 0x00, 0x00, 0x00, 0x00, 0x00, 0x00, 0x00,
    0x00, 0x00, 0x00, 0x00, 0x00, 0x00, 0x00, 0x00, 0x00, 0x00, 0x00, 0x00, 0x00, 0x00, 0x00, 0x00,
    0x00, 0x00, 0x00, 0x00, 0x00, 0x00, 0x00, 0x00, 0x00, 0x00, 0x00, 0x00, 0x00, 0x00, 0x00, 0x00,
    0xdf, 0xdf, 0xdf, 0x08, 0x00, 0x00, 0x00, 0x00, 0xe8, 0xe6, 0xe5, 0x9f, 0xfe, 0xfb, 0xfa, 0xff,
    0xe7, 0xe5, 0xe4, 0xfb, 0xe8, 0xe6, 0xe5, 0xff, 0xe8, 0xe6, 0xe5, 0xff, 0xe8, 0xe6, 0xe5, 0xff,
    0xe8, 0xe6, 0xe5, 0xff, 0xe8, 0xe6, 0xe5, 0xff, 0xe8, 0xe6, 0xe5, 0xff, 0xe8, 0xe6, 0xe5, 0xff,
    0xe9, 0xe7, 0xe6, 0xff, 0xdb, 0xd8, 0xd6, 0xff, 0xd8, 0xd5, 0xd3, 0xff, 0xd9, 0xd6, 0xd4, 0xff,
    0xd7, 0xd4, 0xd4, 0xff, 0xe1, 0xdd, 0xd4, 0xff, 0x6e, 0x74, 0xd8, 0xff, 0x2d, 0x38, 0xcd, 0xff,
    0x2b, 0x36, 0xcc, 0xff, 0x2d, 0x38, 0xcc, 0xff, 0x2d, 0x38, 0xcc, 0xff, 0x2d, 0x38, 0xcc, 0xff,
    0x2d, 0x38, 0xcc, 0xff, 0x2d, 0x38, 0xcc, 0xff, 0x2d, 0x38, 0xcc, 0xff, 0x2d, 0x38, 0xcc, 0xff,
    0x2d, 0x38, 0xcc, 0xff, 0x2d, 0x37, 0xca, 0xff, 0x2f, 0x3a, 0xd3, 0xff, 0x37, 0x44, 0xf8, 0xff,
    0x36, 0x43, 0xf3, 0xff, 0x36, 0x43, 0xf4, 0xff, 0x36, 0x43, 0xf4, 0xff, 0x36, 0x43, 0xf4, 0xff,
    0x36, 0x43, 0xf4, 0xff, 0x36, 0x43, 0xf4, 0xff, 0x36, 0x43, 0xf4, 0xff, 0x36, 0x43, 0xf3, 0xfe,
    0x36, 0x43, 0xf4, 0xfe, 0x39, 0x47, 0xff, 0xff, 0x36, 0x42, 0xf4, 0xc4, 0x37, 0x44, 0xf2, 0x29,
    0x00, 0x00, 0x00, 0x01, 0x55, 0x55, 0xff, 0x03, 0x00, 0x00, 0x00, 0x00, 0x00, 0x00, 0x00, 0x00,
    0x00, 0x00, 0x00, 0x00, 0x00, 0x00, 0x00, 0x00, 0x00, 0x00, 0x00, 0x00, 0x00, 0x00, 0x00, 0x00,
    0x00, 0x00, 0x00, 0x00, 0x00, 0x00, 0x00, 0x00, 0x00, 0x00, 0x00, 0x00, 0x00, 0x00, 0x00, 0x00,
    0x00, 0x00, 0x00, 0x00, 0x00, 0x00, 0x00, 0x00, 0x00, 0x00, 0x00, 0x00, 0x00, 0x00, 0x00, 0x00,
    0x00, 0x00, 0x00, 0x00, 0x00, 0x00, 0x00, 0x00, 0x00, 0x00, 0x00, 0x00, 0x00, 0x00, 0x00, 0x00,
    0x00, 0x00, 0x00, 0x00, 0x00, 0x00, 0x00, 0x00, 0x00, 0x00, 0x00, 0x00, 0x00, 0x00, 0x00, 0x00,
    0x00, 0x00, 0x00, 0x00, 0x00, 0x00, 0x00, 0x00, 0x00, 0x00, 0x00, 0x00, 0x00, 0x00, 0x00, 0x00,
    0x00, 0x00, 0x00, 0x00, 0x00, 0x00, 0x00, 0x00, 0x00, 0x00, 0x00, 0x00, 0x00, 0x00, 0x00, 0x00,
    0x00, 0x00, 0x00, 0x00, 0x00, 0x00, 0x00, 0x00, 0x00, 0x00, 0x00, 0x00, 0x00, 0x00, 0x00, 0x00,
    0x00, 0x00, 0x00, 0x00, 0x00, 0x00, 0x00, 0x00, 0x00, 0x00, 0x00, 0x00, 0x00, 0x00, 0x00, 0x00,
    0x00, 0x00, 0x00, 0x00, 0x00, 0x00, 0x00, 0x00, 0x00, 0x00, 0x00, 0x00, 0x00, 0x00, 0x00, 0x00,
    0x00, 0x00, 0x00, 0x00, 0x00, 0x00, 0x00, 0x00, 0x00, 0x00, 0x00, 0x00, 0x00, 0x00, 0x00, 0x00,
    0x00, 0x00, 0x00, 0x00, 0x00, 0x00, 0x00, 0x00, 0xdf, 0xdf, 0xdf, 0x08, 0x00, 0x00, 0x00, 0x00,
    0xe8, 0xe6, 0xe5, 0x9f, 0xfe, 0xfb, 0xfa, 0xff, 0xe7, 0xe5, 0xe4, 0xfb, 0xe8, 0xe6, 0xe5, 0xff,
    0xe8, 0xe6, 0xe5, 0xff, 0xe8, 0xe6, 0xe5, 0xff, 0xe8, 0xe6, 0xe5, 0xff, 0xe8, 0xe6, 0xe5, 0xff,
    0xe8, 0xe6, 0xe5, 0xff, 0xe8, 0xe6, 0xe5, 0xff, 0xe9, 0xe7, 0xe6, 0xff, 0xdb, 0xd8, 0xd6, 0xff,
    0xd8, 0xd5, 0xd3, 0xff, 0xd8, 0xd5, 0xd4, 0xff, 0xdd, 0xd9, 0xd4, 0xff, 0x87, 0x8c, 0xd8, 0xff,
    0x2e, 0x39, 0xce, 0xff, 0x2b, 0x36, 0xcc, 0xff, 0x2d, 0x38, 0xcc, 0xff, 0x2d, 0x38, 0xcc, 0xff,
    0x2d, 0x38, 0xcc, 0xff, 0x2d, 0x38, 0xcc, 0xff, 0x2d, 0x38, 0xcc, 0xff, 0x2d, 0x38, 0xcc, 0xff,
    0x2d, 0x38, 0xcc, 0xff, 0x2d, 0x38, 0xcc, 0xff, 0x2d, 0x38, 0xcc, 0xff, 0x2d, 0x37, 0xca, 0xff,
    0x2f, 0x3a, 0xd3, 0xff, 0x37, 0x44, 0xf8, 0xff, 0x36, 0x43, 0xf3, 0xff, 0x36, 0x43, 0xf4, 0xff,
    0x36, 0x43, 0xf4, 0xff, 0x36, 0x43, 0xf4, 0xff, 0x36, 0x43, 0xf4, 0xff, 0x36, 0x43, 0xf4, 0xff,
    0x36, 0x43, 0xf4, 0xff, 0x36, 0x43, 0xf4, 0xff, 0x36, 0x43, 0xf3, 0xfe, 0x35, 0x42, 0xf4, 0xfc,
    0x39, 0x47, 0xff, 0xff, 0x34, 0x43, 0xf3, 0xae, 0x3c, 0x3c, 0xe6, 0x15, 0x00, 0x00, 0xff, 0x01,
    0x00, 0x7f, 0xff, 0x02, 0x00, 0x00, 0x00, 0x00, 0x00, 0x00, 0x00, 0x00, 0x00, 0x00, 0x00, 0x00,
    0x00, 0x00, 0x00, 0x00, 0x00, 0x00, 0x00, 0x00, 0x00, 0x00, 0x00, 0x00, 0x00, 0x00, 0x00, 0x00,
    0x00, 0x00, 0x00, 0x00, 0x00, 0x00, 0x00, 0x00, 0x00, 0x00, 0x00, 0x00, 0x00, 0x00, 0x00, 0x00,
    0x00, 0x00, 0x00, 0x00, 0x00, 0x00, 0x00, 0x00, 0x00, 0x00, 0x00, 0x00, 0x00, 0x00, 0x00, 0x00,
    0x00, 0x00, 0x00, 0x00, 0x00, 0x00, 0x00, 0x00, 0x00, 0x00, 0x00, 0x00, 0x00, 0x00, 0x00, 0x00,
    0x00, 0x00, 0x00, 0x00, 0x00, 0x00, 0x00, 0x00, 0x00, 0x00, 0x00, 0x00, 0x00, 0x00, 0x00, 0x00,
    0x00, 0x00, 0x00, 0x00, 0x00, 0x00, 0x00, 0x00, 0x00, 0x00, 0x00, 0x00, 0x00, 0x00, 0x00, 0x00,
    0x00, 0x00, 0x00, 0x00, 0x00, 0x00, 0x00, 0x00, 0x00, 0x00, 0x00, 0x00, 0x00, 0x00, 0x00, 0x00,
    0x00, 0x00, 0x00, 0x00, 0x00, 0x00, 0x00, 0x00, 0x00, 0x00, 0x00, 0x00, 0x00, 0x00, 0x00, 0x00,
    0x00, 0x00, 0x00, 0x00, 0x00, 0x00, 0x00, 0x00, 0x00, 0x00, 0x00, 0x00, 0x00, 0x00, 0x00, 0x00,
    0x00, 0x00, 0x00, 0x00, 0x00, 0x00, 0x00, 0x00, 0x00, 0x00, 0x00, 0x00, 0x00, 0x00, 0x00, 0x00,
    0x00, 0x00, 0x00, 0x00, 0x00, 0x00, 0x00, 0x00, 0x00, 0x00, 0x00, 0x00, 0x00, 0x00, 0x00, 0x00,
    0xdf, 0xdf, 0xdf, 0x08, 0x00, 0x00, 0x00, 0x00, 0xe8, 0xe6, 0xe5, 0x9f, 0xfe, 0xfb, 0xfa, 0xff,
    0xe7, 0xe5, 0xe4, 0xfb, 0xe8, 0xe6, 0xe5, 0xff, 0xe8, 0xe6, 0xe5, 0xff, 0xe8, 0xe6, 0xe5, 0xff,
    0xe8, 0xe6, 0xe5, 0xff, 0xe8, 0xe6, 0xe5, 0xff, 0xe8, 0xe6, 0xe5, 0xff, 0xe8, 0xe6, 0xe5, 0xff,
    0xe9, 0xe7, 0xe6, 0xff, 0xdb, 0xd8, 0xd6, 0xff, 0xd8, 0xd5, 0xd3, 0xff, 0xd9, 0xd6, 0xd4, 0xff,
    0xbc, 0xbb, 0xd7, 0xff, 0x37, 0x41, 0xcf, 0xff, 0x2a, 0x35, 0xcc, 0xff, 0x2d, 0x38, 0xcc, 0xff,
    0x2d, 0x38, 0xcc, 0xff, 0x2d, 0x38, 0xcc, 0xff, 0x2d, 0x38, 0xcc, 0xff, 0x2d, 0x38, 0xcc, 0xff,
    0x2d, 0x38, 0xcc, 0xff, 0x2d, 0x38, 0xcc, 0xff, 0x2d, 0x38, 0xcc, 0xff, 0x2d, 0x38, 0xcc, 0xff,
    0x2d, 0x38, 0xcc, 0xff, 0x2d, 0x37, 0xca, 0xff, 0x2f, 0x3a, 0xd3, 0xff, 0x37, 0x44, 0xf8, 0xff,
    0x36, 0x43, 0xf3, 0xff, 0x36, 0x43, 0xf4, 0xff, 0x36, 0x43, 0xf4, 0xff, 0x36, 0x43, 0xf4, 0xff,
    0x36, 0x43, 0xf4, 0xff, 0x36, 0x43, 0xf4, 0xff, 0x36, 0x43, 0xf4, 0xff, 0x36, 0x43, 0xf4, 0xff,
    0x36, 0x43, 0xf4, 0xff, 0x36, 0x43, 0xf3, 0xff, 0x35, 0x43, 0xf4, 0xfc, 0x39, 0x47, 0xff, 0xfe,
    0x34, 0x43, 0xf3, 0x84, 0x00, 0x00, 0x00, 0x00, 0x00, 0x00, 0x7f, 0x02, 0x00, 0x00, 0xff, 0x01,
    0x00, 0x00, 0x00, 0x00, 0x00, 0x00, 0x00, 0x00, 0x00, 0x00, 0x00, 0x00, 0x00, 0x00, 0x00, 0x00,
    0x00, 0x00, 0x00, 0x00, 0x00, 0x00, 0x00, 0x00, 0x00, 0x00, 0x00, 0x00, 0x00, 0x00, 0x00, 0x00,
    0x00, 0x00, 0x00, 0x00, 0x00, 0x00, 0x00, 0x00, 0x00, 0x00, 0x00, 0x00, 0x00, 0x00, 0x00, 0x00,
    0x00, 0x00, 0x00, 0x00, 0x00, 0x00, 0x00, 0x00, 0x00, 0x00, 0x00, 0x00, 0x00, 0x00, 0x00, 0x00,
    0x00, 0x00, 0x00, 0x00, 0x00, 0x00, 0x00, 0x00, 0x00, 0x00, 0x00, 0x00, 0x00, 0x00, 0x00, 0x00,
    0x00, 0x00, 0x00, 0x00, 0x00, 0x00, 0x00, 0x00, 0x00, 0x00, 0x00, 0x00, 0x00, 0x00, 0x00, 0x00,
    0x00, 0x00, 0x00, 0x00, 0x00, 0x00, 0x00, 0x00, 0x00, 0x00, 0x00, 0x00, 0x00, 0x00, 0x00, 0x00,
    0x00, 0x00, 0x00, 0x00, 0x00, 0x00, 0x00, 0x00, 0x00, 0x00, 0x00, 0x00, 0x00, 0x00, 0x00, 0x00,
    0x00, 0x00, 0x00, 0x00, 0x00, 0x00, 0x00, 0x00, 0x00, 0x00, 0x00, 0x00, 0x00, 0x00, 0x00, 0x00,
    0x00, 0x00, 0x00, 0x00, 0x00, 0x00, 0x00, 0x00, 0x00, 0x00, 0x00, 0x00, 0x00, 0x00, 0x00, 0x00,
    0x00, 0x00, 0x00, 0x00, 0x00, 0x00, 0x00, 0x00, 0x00, 0x00, 0x00, 0x00, 0x00, 0x00, 0x00, 0x00,
    0x00, 0x00, 0x00, 0x00, 0x00, 0x00, 0x00, 0x00, 0xdf, 0xdf, 0xdf, 0x08, 0x00, 0x00, 0x00, 0x00,
    0xe8, 0xe6, 0xe5, 0x9f, 0xfe, 0xfb, 0xfa, 0xff, 0xe7, 0xe5, 0xe4, 0xfb, 0xe8, 0xe6, 0xe5, 0xff,
    0xe8, 0xe6, 0xe5, 0xff, 0xe8, 0xe6, 0xe5, 0xff, 0xe8, 0xe6, 0xe5, 0xff, 0xe8, 0xe6, 0xe5, 0xff,
    0xe8, 0xe6, 0xe5, 0xff, 0xe8, 0xe6, 0xe5, 0xff, 0xe9, 0xe7, 0xe6, 0xff, 0xdb, 0xd8, 0xd6, 0xff,
    0xd6, 0xd3, 0xd3, 0xff, 0xe2, 0xde, 0xd4, 0xff, 0x4e, 0x56, 0xd4, 0xff, 0x29, 0x34, 0xcc, 0xff,
    0x2d, 0x38, 0xcc, 0xff, 0x2d, 0x38, 0xcc, 0xff, 0x2d, 0x38, 0xcc, 0xff, 0x2d, 0x38, 0xcc, 0xff,
    0x2d, 0x38, 0xcc, 0xff, 0x2d, 0x38, 0xcc, 0xff, 0x2d, 0x38, 0xcc, 0xff, 0x2d, 0x38, 0xcc, 0xff,
    0x2d, 0x38, 0xcc, 0xff, 0x2d, 0x38, 0xcc, 0xff, 0x2d, 0x38, 0xcc, 0xff, 0x2d, 0x37, 0xca, 0xff,
    0x2f, 0x3a, 0xd3, 0xff, 0x37, 0x44, 0xf8, 0xff, 0x36, 0x43, 0xf3, 0xff, 0x36, 0x43, 0xf4, 0xff,
    0x36, 0x43, 0xf4, 0xff, 0x36, 0x43, 0xf4, 0xff, 0x36, 0x43, 0xf4, 0xff, 0x36, 0x43, 0xf4, 0xff,
    0x36, 0x43, 0xf4, 0xff, 0x36, 0x43, 0xf4, 0xff, 0x36, 0x43, 0xf4, 0xff, 0x36, 0x43, 0xf4, 0xff,
    0x36, 0x43, 0xf2, 0xfd, 0x37, 0x45, 0xf9, 0xff, 0x35, 0x42, 0xf3, 0xeb, 0x35, 0x43, 0xf4, 0x48,
    0x00, 0x00, 0x00, 0x00, 0x3f, 0x3f, 0xff, 0x04, 0x00, 0x00, 0x00, 0x00, 0x00, 0x00, 0x00, 0x00,
    0x00, 0x00, 0x00, 0x00, 0x00, 0x00, 0x00, 0x00, 0x00, 0x00, 0x00, 0x00, 0x00, 0x00, 0x00, 0x00,
    0x00, 0x00, 0x00, 0x00, 0x00, 0x00, 0x00, 0x00, 0x00, 0x00, 0x00, 0x00, 0x00, 0x00, 0x00, 0x00,
    0x00, 0x00, 0x00, 0x00, 0x00, 0x00, 0x00, 0x00, 0x00, 0x00, 0x00, 0x00, 0x00, 0x00, 0x00, 0x00,
    0x00, 0x00, 0x00, 0x00, 0x00, 0x00, 0x00, 0x00, 0x00, 0x00, 0x00, 0x00, 0x00, 0x00, 0x00, 0x00,
    0x00, 0x00, 0x00, 0x00, 0x00, 0x00, 0x00, 0x00, 0x00, 0x00, 0x00, 0x00, 0x00, 0x00, 0x00, 0x00,
    0x00, 0x00, 0x00, 0x00, 0x00, 0x00, 0x00, 0x00, 0x00, 0x00, 0x00, 0x00, 0x00, 0x00, 0x00, 0x00,
    0x00, 0x00, 0x00, 0x00, 0x00, 0x00, 0x00, 0x00, 0x00, 0x00, 0x00, 0x00, 0x00, 0x00, 0x00, 0x00,
    0x00, 0x00, 0x00, 0x00, 0x00, 0x00, 0x00, 0x00, 0x00, 0x00, 0x00, 0x00, 0x00, 0x00, 0x00, 0x00,
    0x00, 0x00, 0x00, 0x00, 0x00, 0x00, 0x00, 0x00, 0x00, 0x00, 0x00, 0x00, 0x00, 0x00, 0x00, 0x00,
    0x00, 0x00, 0x00, 0x00, 0x00, 0x00, 0x00, 0x00, 0x00, 0x00, 0x00, 0x00, 0x00, 0x00, 0x00, 0x00,
    0x00, 0x00, 0x00, 0x00, 0x00, 0x00, 0x00, 0x00, 0x00, 0x00, 0x00, 0x00, 0x00, 0x00, 0x00, 0x00,
    0xdf, 0xdf, 0xdf, 0x08, 0x00, 0x00, 0x00, 0x00, 0xe8, 0xe6, 0xe5, 0x9f, 0xfe, 0xfb, 0xfa, 0xff,
    0xe7, 0xe5, 0xe4, 0xfb, 0xe8, 0xe6, 0xe5, 0xff, 0xe8, 0xe6, 0xe5, 0xff, 0xe8, 0xe6, 0xe5, 0xff,
    0xe8, 0xe6, 0xe5, 0xff, 0xe8, 0xe6, 0xe5, 0xff, 0xe8, 0xe6, 0xe5, 0xff, 0xe8, 0xe6, 0xe5, 0xff,
    0xe9, 0xe7, 0xe6, 0xff, 0xda, 0xd7, 0xd6, 0xff, 0xdb, 0xd8, 0xd3, 0xff, 0x9f, 0xa1, 0xd8, 0xff,
    0x31, 0x3c, 0xcd, 0xff, 0x2b, 0x36, 0xcc, 0xff, 0x2d, 0x38, 0xcc, 0xff, 0x2d, 0x38, 0xcc, 0xff,
    0x2d, 0x38, 0xcc, 0xff, 0x2d, 0x38, 0xcc, 0xff, 0x2d, 0x38, 0xcc, 0xff, 0x2d, 0x38, 0xcc, 0xff,
    0x2d, 0x38, 0xcc, 0xff, 0x2d, 0x38, 0xcc, 0xff, 0x2d, 0x38, 0xcc, 0xff, 0x2d, 0x38, 0xcc, 0xff,
    0x2d, 0x38, 0xcc, 0xff, 0x2d, 0x37, 0xca, 0xff, 0x2f, 0x3a, 0xd3, 0xff, 0x37, 0x44, 0xf8, 0xff,
    0x36, 0x43, 0xf3, 0xff, 0x36, 0x43, 0xf4, 0xff, 0x36, 0x43, 0xf4, 0xff, 0x36, 0x43, 0xf4, 0xff,
    0x36, 0x43, 0xf4, 0xff, 0x36, 0x43, 0xf4, 0xff, 0x36, 0x43, 0xf4, 0xff, 0x36, 0x43, 0xf4, 0xff,
    0x36, 0x43, 0xf4, 0xff, 0x36, 0x43, 0xf4, 0xff, 0x36, 0x43, 0xf4, 0xff, 0x36, 0x43, 0xf3, 0xfa,
    0x3a, 0x48, 0xff, 0xff, 0x36, 0x42, 0xf3, 0x9e, 0x2a, 0x55, 0xd4, 0x06, 0x00, 0x00, 0x00, 0x00,
    0x00, 0x00, 0xff, 0x01, 0x00, 0x00, 0x00, 0x00, 0x00, 0x00, 0x00, 0x00, 0x00, 0x00, 0x00, 0x00,
    0x00, 0x00, 0x00, 0x00, 0x00, 0x00, 0x00, 0x00, 0x00, 0x00, 0x00, 0x00, 0x00, 0x00, 0x00, 0x00,
    0x00, 0x00, 0x00, 0x00, 0x00, 0x00, 0x00, 0x00, 0x00, 0x00, 0x00, 0x00, 0x00, 0x00, 0x00, 0x00,
    0x00, 0x00, 0x00, 0x00, 0x00, 0x00, 0x00, 0x00, 0x00, 0x00, 0x00, 0x00, 0x00, 0x00, 0x00, 0x00,
    0x00, 0x00, 0x00, 0x00, 0x00, 0x00, 0x00, 0x00, 0x00, 0x00, 0x00, 0x00, 0x00, 0x00, 0x00, 0x00,
    0x00, 0x00, 0x00, 0x00, 0x00, 0x00, 0x00, 0x00, 0x00, 0x00, 0x00, 0x00, 0x00, 0x00, 0x00, 0x00,
    0x00, 0x00, 0x00, 0x00, 0x00, 0x00, 0x00, 0x00, 0x00, 0x00, 0x00, 0x00, 0x00, 0x00, 0x00, 0x00,
    0x00, 0x00, 0x00, 0x00, 0x00, 0x00, 0x00, 0x00, 0x00, 0x00, 0x00, 0x00, 0x00, 0x00, 0x00, 0x00,
    0x00, 0x00, 0x00, 0x00, 0x00, 0x00, 0x00, 0x00, 0x00, 0x00, 0x00, 0x00, 0x00, 0x00, 0x00, 0x00,
    0x00, 0x00, 0x00, 0x00, 0x00, 0x00, 0x00, 0x00, 0x00, 0x00, 0x00, 0x00, 0x00, 0x00, 0x00, 0x00,
    0x00, 0x00, 0x00, 0x00, 0x00, 0x00, 0x00, 0x00, 0x00, 0x00, 0x00, 0x00, 0x00, 0x00, 0x00, 0x00,
    0x00, 0x00, 0x00, 0x00, 0x00, 0x00, 0x00, 0x00, 0xdf, 0xdf, 0xdf, 0x08, 0x00, 0x00, 0x00, 0x00,
    0xe8, 0xe6, 0xe5, 0x9f, 0xfe, 0xfb, 0xfa, 0xff, 0xe7, 0xe5, 0xe4, 0xfb, 0xe8, 0xe6, 0xe5, 0xff,
    0xe8, 0xe6, 0xe5, 0xff, 0xe8, 0xe6, 0xe5, 0xff, 0xe8, 0xe6, 0xe5, 0xff, 0xe8, 0xe6, 0xe5, 0xff,
    0xe8, 0xe6, 0xe5, 0xff, 0xe8, 0xe6, 0xe5, 0xff, 0xe9, 0xe7, 0xe6, 0xff, 0xd8, 0xd5, 0xd6, 0xff,
    0xe2, 0xde, 0xd3, 0xff, 0x4e, 0x56, 0xd5, 0xff, 0x2a, 0x35, 0xcd, 0xff, 0x2d, 0x38, 0xcc, 0xff,
    0x2d, 0x38, 0xcc, 0xff, 0x2d, 0x38, 0xcc, 0xff, 0x2d, 0x38, 0xcc, 0xff, 0x2d, 0x38, 0xcc, 0xff,
    0x2d, 0x38, 0xcc, 0xff, 0x2d, 0x38, 0xcc, 0xff, 0x2d, 0x38, 0xcc, 0xff, 0x2c, 0x37, 0xcc, 0xff,
    0x2d, 0x38, 0xcc, 0xff, 0x2d, 0x38, 0xcc, 0xff, 0x2d, 0x38, 0xcc, 0xff, 0x2d, 0x37, 0xca, 0xff,
    0x2e, 0x39, 0xd3, 0xff, 0x36, 0x43, 0xf8, 0xff, 0x36, 0x43, 0xf3, 0xff, 0x36, 0x43, 0xf4, 0xff,
    0x36, 0x43, 0xf4, 0xff, 0x35, 0x42, 0xf4, 0xff, 0x36, 0x43, 0xf4, 0xff, 0x36, 0x43, 0xf4, 0xff,
    0x36, 0x43, 0xf4, 0xff, 0x36, 0x43, 0xf4, 0xff, 0x36, 0x43, 0xf4, 0xff, 0x36, 0x43, 0xf4, 0xff,
    0x36, 0x43, 0xf4, 0xff, 0x36, 0x42, 0xf3, 0xfd, 0x37, 0x44, 0xf8, 0xff, 0x36, 0x43, 0xf3, 0xeb,
    0x35, 0x44, 0xf4, 0x47, 0x00, 0x00, 0x00, 0x00, 0x3f, 0x3f, 0xff, 0x04, 0x00, 0x00, 0x00, 0x00,
    0x00, 0x00, 0x00, 0x00, 0x00, 0x00, 0x00, 0x00, 0x00, 0x00, 0x00, 0x00, 0x00, 0x00, 0x00, 0x00,
    0x00, 0x00, 0x00, 0x00, 0x00, 0x00, 0x00, 0x00, 0x00, 0x00, 0x00, 0x00, 0x00, 0x00, 0x00, 0x00,
    0x00, 0x00, 0x00, 0x00, 0x00, 0x00, 0x00, 0x00, 0x00, 0x00, 0x00, 0x00, 0x00, 0x00, 0x00, 0x00,
    0x00, 0x00, 0x00, 0x00, 0x00, 0x00, 0x00, 0x00, 0x00, 0x00, 0x00, 0x00, 0x00, 0x00, 0x00, 0x00,
    0x00, 0x00, 0x00, 0x00, 0x00, 0x00, 0x00, 0x00, 0x00, 0x00, 0x00, 0x00, 0x00, 0x00, 0x00, 0x00,
    0x00, 0x00, 0x00, 0x00, 0x00, 0x00, 0x00, 0x00, 0x00, 0x00, 0x00, 0x00, 0x00, 0x00, 0x00, 0x00,
    0x00, 0x00, 0x00, 0x00, 0x00, 0x00, 0x00, 0x00, 0x00, 0x00, 0x00, 0x00, 0x00, 0x00, 0x00, 0x00,
    0x00, 0x00, 0x00, 0x00, 0x00, 0x00, 0x00, 0x00, 0x00, 0x00, 0x00, 0x00, 0x00, 0x00, 0x00, 0x00,
    0x00, 0x00, 0x00, 0x00, 0x00, 0x00, 0x00, 0x00, 0x00, 0x00, 0x00, 0x00, 0x00, 0x00, 0x00, 0x00,
    0x00, 0x00, 0x00, 0x00, 0x00, 0x00, 0x00, 0x00, 0x00, 0x00, 0x00, 0x00, 0x00, 0x00, 0x00, 0x00,
    0x00, 0x00, 0x00, 0x00, 0x00, 0x00, 0x00, 0x00, 0x00, 0x00, 0x00, 0x00, 0x00, 0x00, 0x00, 0x00,
    0xdf, 0xdf, 0xdf, 0x08, 0x00, 0x00, 0x00, 0x00, 0xe8, 0xe6, 0xe5, 0x9f, 0xfe, 0xfb, 0xfa, 0xff,
    0xe7, 0xe5, 0xe4, 0xfb, 0xe8, 0xe6, 0xe5, 0xff, 0xe8, 0xe6, 0xe5, 0xff, 0xe8, 0xe6, 0xe5, 0xff,
    0xe8, 0xe6, 0xe5, 0xff, 0xe8, 0xe6, 0xe5, 0xff, 0xe8, 0xe6, 0xe5, 0xff, 0xe8, 0xe6, 0xe5, 0xff,
    0xe9, 0xe7, 0xe6, 0xff, 0xda, 0xd8, 0xd6, 0xff, 0xc6, 0xc4, 0xd6, 0xff, 0x38, 0x43, 0xce, 0xff,
    0x29, 0x34, 0xcc, 0xff, 0x2d, 0x38, 0xcc, 0xff, 0x2d, 0x38, 0xcc, 0xff, 0x2d, 0x38, 0xcc, 0xff,
    0x2d, 0x38, 0xcc, 0xff, 0x2d, 0x38, 0xcc, 0xff, 0x2d, 0x38, 0xcc, 0xff, 0x2d, 0x38, 0xcc, 0xff,
    0x2b, 0x36, 0xcc, 0xff, 0x32, 0x3d, 0xcd, 0xff, 0x94, 0x99, 0xdf, 0xff, 0xe7, 0xe7, 0xed, 0xff,
    0xe6, 0xe5, 0xed, 0xff, 0xa3, 0xa7, 0xe0, 0xff, 0x28, 0x34, 0xd2, 0xff, 0x4b, 0x57, 0xf9, 0xff,
    0xa5, 0xab, 0xf6, 0xff, 0xd0, 0xd3, 0xf8, 0xff, 0xab, 0xb0, 0xf8, 0xff, 0x53, 0x5e, 0xf5, 0xff,
    0x33, 0x40, 0xf4, 0xff, 0x38, 0x44, 0xf4, 0xff, 0x36, 0x43, 0xf4, 0xff, 0x36, 0x43, 0xf4, 0xff,
    0x36, 0x43, 0xf4, 0xff, 0x36, 0x43, 0xf4, 0xff, 0x36, 0x43, 0xf4, 0xff, 0x36, 0x43, 0xf4, 0xff,
    0x36, 0x42, 0xf4, 0xf9, 0x3a, 0x49, 0xff, 0xff, 0x33, 0x43, 0xf3, 0x80, 0x00, 0x00, 0x00, 0x00,
    0x55, 0x55, 0xff, 0x03, 0x00, 0x00, 0x00, 0x00, 0x00, 0x00, 0x00, 0x00, 0x00, 0x00, 0x00, 0x00,
    0x00, 0x00, 0x00, 0x00, 0x00, 0x00, 0x00, 0x00, 0x00, 0x00, 0x00, 0x00, 0x00, 0x00, 0x00, 0x00,
    0x00, 0x00, 0x00, 0x00, 0x00, 0x00, 0x00, 0x00, 0x00, 0x00, 0x00, 0x00, 0x00, 0x00, 0x00, 0x00,
    0x00, 0x00, 0x00, 0x00, 0x00, 0x00, 0x00, 0x00, 0x00, 0x00, 0x00, 0x00, 0x00, 0x00, 0x00, 0x00,
    0x00, 0x00, 0x00, 0x00, 0x00, 0x00, 0x00, 0x00, 0x00, 0x00, 0x00, 0x00, 0x00, 0x00, 0x00, 0x00,
    0x00, 0x00, 0x00, 0x00, 0x00, 0x00, 0x00, 0x00, 0x00, 0x00, 0x00, 0x00, 0x00, 0x00, 0x00, 0x00,
    0x00, 0x00, 0x00, 0x00, 0x00, 0x00, 0x00, 0x00, 0x00, 0x00, 0x00, 0x00, 0x00, 0x00, 0x00, 0x00,
    0x00, 0x00, 0x00, 0x00, 0x00, 0x00, 0x00, 0x00, 0x00, 0x00, 0x00, 0x00, 0x00, 0x00, 0x00, 0x00,
    0x00, 0x00, 0x00, 0x00, 0x00, 0x00, 0x00, 0x00, 0x00, 0x00, 0x00, 0x00, 0x00, 0x00, 0x00, 0x00,
    0x00, 0x00, 0x00, 0x00, 0x00, 0x00, 0x00, 0x00, 0x00, 0x00, 0x00, 0x00, 0x00, 0x00, 0x00, 0x00,
    0x00, 0x00, 0x00, 0x00, 0x00, 0x00, 0x00, 0x00, 0x00, 0x00, 0x00, 0x00, 0x00, 0x00, 0x00, 0x00,
    0x00, 0x00, 0x00, 0x00, 0x00, 0x00, 0x00, 0x00, 0xdf, 0xdf, 0xdf, 0x08, 0x00, 0x00, 0x00, 0x00,
    0xe8, 0xe6, 0xe5, 0x9f, 0xfe, 0xfb, 0xfa, 0xff, 0xe7, 0xe5, 0xe4, 0xfb, 0xe8, 0xe6, 0xe5, 0xff,
    0xe8, 0xe6, 0xe5, 0xff, 0xe8, 0xe6, 0xe5, 0xff, 0xe8, 0xe6, 0xe5, 0xff, 0xe8, 0xe6, 0xe5, 0xff,
    0xe8, 0xe6, 0xe5, 0xff, 0xe8, 0xe6, 0xe5, 0xff, 0xe7, 0xe5, 0xe6, 0xff, 0xe1, 0xde, 0xd6, 0xff,
    0x7c, 0x82, 0xd9, 0xff, 0x30, 0x3b, 0xcd, 0xff, 0x2b, 0x36, 0xcc, 0xff, 0x2d, 0x38, 0xcc, 0xff,
    0x2d, 0x38, 0xcc, 0xff, 0x2d, 0x38, 0xcc, 0xff, 0x2d, 0x38, 0xcc, 0xff, 0x2d, 0x38, 0xcc, 0xff,
    0x2d, 0x38, 0xcc, 0xff, 0x2b, 0x36, 0xcc, 0xff, 0x30, 0x3b, 0xcd, 0xff, 0x96, 0x9a, 0xe0, 0xff,
    0xf7, 0xf4, 0xed, 0xff, 0xf0, 0xed, 0xec, 0xff, 0xf1, 0xef, 0xec, 0xff, 0xf2, 0xf0, 0xeb, 0xff,
    0xdc, 0xdc, 0xee, 0xff, 0xcc, 0xd0, 0xf9, 0xff, 0xff, 0xff, 0xfa, 0xff, 0xf8, 0xf8, 0xfa, 0xff,
    0xff, 0xff, 0xfa, 0xff, 0xd5, 0xd9, 0xf9, 0xff, 0x4a, 0x56, 0xf5, 0xff, 0x35, 0x42, 0xf4, 0xff,
    0x37, 0x44, 0xf4, 0xff, 0x36, 0x43, 0xf4, 0xff, 0x36, 0x43, 0xf4, 0xff, 0x36, 0x43, 0xf4, 0xff,
    0x36, 0x43, 0xf4, 0xff, 0x36, 0x43, 0xf4, 0xff, 0x35, 0x43, 0xf3, 0xfb, 0x39, 0x47, 0xff, 0xff,
    0x36, 0x42, 0xf5, 0xb3, 0x33, 0x3d, 0xf4, 0x19, 0x00, 0x00, 0x00, 0x00, 0x00, 0x7f, 0xff, 0x02,
    0x00, 0x00, 0x00, 0x00, 0x00, 0x00, 0x00, 0x00, 0x00, 0x00, 0x00, 0x00, 0x00, 0x00, 0x00, 0x00,
    0x00, 0x00, 0x00, 0x00, 0x00, 0x00, 0x00, 0x00, 0x00, 0x00, 0x00, 0x00, 0x00, 0x00, 0x00, 0x00,
    0x00, 0x00, 0x00, 0x00, 0x00, 0x00, 0x00, 0x00, 0x00, 0x00, 0x00, 0x00, 0x00, 0x00, 0x00, 0x00,
    0x00, 0x00, 0x00, 0x00, 0x00, 0x00, 0x00, 0x00, 0x00, 0x00, 0x00, 0x00, 0x00, 0x00, 0x00, 0x00,
    0x00, 0x00, 0x00, 0x00, 0x00, 0x00, 0x00, 0x00, 0x00, 0x00, 0x00, 0x00, 0x00, 0x00, 0x00, 0x00,
    0x00, 0x00, 0x00, 0x00, 0x00, 0x00, 0x00, 0x00, 0x00, 0x00, 0x00, 0x00, 0x00, 0x00, 0x00, 0x00,
    0x00, 0x00, 0x00, 0x00, 0x00, 0x00, 0x00, 0x00, 0x00, 0x00, 0x00, 0x00, 0x00, 0x00, 0x00, 0x00,
    0x00, 0x00, 0x00, 0x00, 0x00, 0x00, 0x00, 0x00, 0x00, 0x00, 0x00, 0x00, 0x00, 0x00, 0x00, 0x00,
    0x00, 0x00, 0x00, 0x00, 0x00, 0x00, 0x00, 0x00, 0x00, 0x00, 0x00, 0x00, 0x00, 0x00, 0x00, 0x00,
    0x00, 0x00, 0x00, 0x00, 0x00, 0x00, 0x00, 0x00, 0x00, 0x00, 0x00, 0x00, 0x00, 0x00, 0x00, 0x00,
    0x00, 0x00, 0x00, 0x00, 0x00, 0x00, 0x00, 0x00, 0x00, 0x00, 0x00, 0x00, 0x00, 0x00, 0x00, 0x00,
    0xdf, 0xdf, 0xdf, 0x08, 0x00, 0x00, 0x00, 0x00, 0xe8, 0xe6, 0xe5, 0x9f, 0xfe, 0xfb, 0xfa, 0xff,
    0xe7, 0xe5, 0xe4, 0xfb, 0xe8, 0xe6, 0xe5, 0xff, 0xe8, 0xe6, 0xe5, 0xff, 0xe8, 0xe6, 0xe5, 0xff,
    0xe8, 0xe6, 0xe5, 0xff, 0xe8, 0xe6, 0xe5, 0xff, 0xe8, 0xe6, 0xe5, 0xff, 0xe8, 0xe6, 0xe5, 0xff,
    0xe6, 0xe4, 0xe6, 0xff, 0xe5, 0xe1, 0xd6, 0xff, 0x56, 0x5f, 0xd7, 0xff, 0x2a, 0x36, 0xcd, 0xff,
    0x2d, 0x38, 0xcc, 0xff, 0x2d, 0x38, 0xcc, 0xff, 0x2d, 0x38, 0xcc, 0xff, 0x2d, 0x38, 0xcc, 0xff,
    0x2d, 0x38, 0xcc, 0xff, 0x2d, 0x38, 0xcc, 0xff, 0x2d, 0x38, 0xcc, 0xff, 0x29, 0x35, 0xcb, 0xff,
    0x38, 0x42, 0xce, 0xff, 0xed, 0xec, 0xed, 0xff, 0xf0, 0xee, 0xec, 0xff, 0xf1, 0xef, 0xec, 0xff,
    0xf1, 0xef, 0xec, 0xff, 0xf1, 0xee, 0xeb, 0xff, 0xf3, 0xf1, 0xee, 0xff, 0xfc, 0xfc, 0xfb, 0xff,
    0xfa, 0xfa, 0xfa, 0xff, 0xf9, 0xf9, 0xfa, 0xff, 0xfd, 0xfc, 0xfa, 0xff, 0xf5, 0xf6, 0xfa, 0xff,
    0x92, 0x99, 0xf7, 0xff, 0x28, 0x36, 0xf3, 0xff, 0x3a, 0x47, 0xf4, 0xff, 0x36, 0x43, 0xf4, 0xff,
    0x36, 0x43, 0xf4, 0xff, 0x36, 0x43, 0xf4, 0xff, 0x36, 0x43, 0xf4, 0xff, 0x36, 0x43, 0xf4, 0xff,
    0x35, 0x42, 0xf4, 0xfc, 0x37, 0x45, 0xfa, 0xff, 0x35, 0x42, 0xf4, 0xde, 0x33, 0x40, 0xf2, 0x3b,
    0x00, 0x00, 0x00, 0x00, 0x55, 0x55, 0xff, 0x03, 0x00, 0x00, 0x00, 0x00, 0x00, 0x00, 0x00, 0x00,
    0x00, 0x00, 0x00, 0x00, 0x00, 0x00, 0x00, 0x00, 0x00, 0x00, 0x00, 0x00, 0x00, 0x00, 0x00, 0x00,
    0x00, 0x00, 0x00, 0x00, 0x00, 0x00, 0x00, 0x00, 0x00, 0x00, 0x00, 0x00, 0x00, 0x00, 0x00, 0x00,
    0x00, 0x00, 0x00, 0x00, 0x00, 0x00, 0x00, 0x00, 0x00, 0x00, 0x00, 0x00, 0x00, 0x00, 0x00, 0x00,
    0x00, 0x00, 0x00, 0x00, 0x00, 0x00, 0x00, 0x00, 0x00, 0x00, 0x00, 0x00, 0x00, 0x00, 0x00, 0x00,
    0x00, 0x00, 0x00, 0x00, 0x00, 0x00, 0x00, 0x00, 0x00, 0x00, 0x00, 0x00, 0x00, 0x00, 0x00, 0x00,
    0x00, 0x00, 0x00, 0x00, 0x00, 0x00, 0x00, 0x00, 0x00, 0x00, 0x00, 0x00, 0x00, 0x00, 0x00, 0x00,
    0x00, 0x00, 0x00, 0x00, 0x00, 0x00, 0x00, 0x00, 0x00, 0x00, 0x00, 0x00, 0x00, 0x00, 0x00, 0x00,
    0x00, 0x00, 0x00, 0x00, 0x00, 0x00, 0x00, 0x00, 0x00, 0x00, 0x00, 0x00, 0x00, 0x00, 0x00, 0x00,
    0x00, 0x00, 0x00, 0x00, 0x00, 0x00, 0x00, 0x00, 0x00, 0x00, 0x00, 0x00, 0x00, 0x00, 0x00, 0x00,
    0x00, 0x00, 0x00, 0x00, 0x00, 0x00, 0x00, 0x00, 0x00, 0x00, 0x00, 0x00, 0x00, 0x00, 0x00, 0x00,
    0x00, 0x00, 0x00, 0x00, 0x00, 0x00, 0x00, 0x00, 0xdf, 0xdf, 0xdf, 0x08, 0x00, 0x00, 0x00, 0x00,
    0xe8, 0xe6, 0xe5, 0x9f, 0xfe, 0xfb, 0xfa, 0xff, 0xe7, 0xe5, 0xe4, 0xfb, 0xe8, 0xe6, 0xe5, 0xff,
    0xe8, 0xe6, 0xe5, 0xff, 0xe8, 0xe6, 0xe5, 0xff, 0xe8, 0xe6, 0xe5, 0xff, 0xe8, 0xe6, 0xe5, 0xff,
    0xe8, 0xe6, 0xe5, 0xff, 0xe8, 0xe6, 0xe5, 0xff, 0xe6, 0xe4, 0xe6, 0xff, 0xe6, 0xe2, 0xd6, 0xff,
    0x46, 0x50, 0xd3, 0xff, 0x28, 0x34, 0xcd, 0xff, 0x2d, 0x38, 0xcc, 0xff, 0x2d, 0x38, 0xcc, 0xff,
    0x2d, 0x38, 0xcc, 0xff, 0x2d, 0x38, 0xcc, 0xff, 0x2d, 0x38, 0xcc, 0xff, 0x2d, 0x38, 0xcc, 0xff,
    0x2d, 0x38, 0xcc, 0xff, 0x29, 0x34, 0xcb, 0xff, 0x38, 0x42, 0xce, 0xff, 0xf0, 0xef, 0xee, 0xff,
    0xef, 0xed, 0xec, 0xff, 0xf1, 0xef, 0xec, 0xff, 0xf1, 0xef, 0xec, 0xff, 0xf1, 0xee, 0xeb, 0xff,
    0xf3, 0xf1, 0xee, 0xff, 0xfb, 0xfb, 0xfb, 0xff, 0xfa, 0xfa, 0xfa, 0xff, 0xf9, 0xf9, 0xfa, 0xff,
    0xfc, 0xfc, 0xfa, 0xff, 0xf9, 0xf9, 0xfa, 0xff, 0x96, 0x9d, 0xf7, 0xff, 0x27, 0x35, 0xf4, 0xff,
    0x3b, 0x47, 0xf4, 0xff, 0x36, 0x43, 0xf4, 0xff, 0x36, 0x43, 0xf4, 0xff, 0x36, 0x43, 0xf4, 0xff,
    0x36, 0x43, 0xf4, 0xff, 0x36, 0x43, 0xf4, 0xff, 0x36, 0x43, 0xf3, 0xfe, 0x36, 0x43, 0xf4, 0xff,
    0x36, 0x42, 0xf3, 0xfa, 0x35, 0x42, 0xf2, 0x51, 0x00, 0x00, 0x00, 0x00, 0x3f, 0x3f, 0xff, 0x04,
    0x00, 0x00, 0x00, 0x00, 0x00, 0x00, 0x00, 0x00, 0x00, 0x00, 0x00, 0x00, 0x00, 0x00, 0x00, 0x00,
    0x00, 0x00, 0x00, 0x00, 0x00, 0x00, 0x00, 0x00, 0x00, 0x00, 0x00, 0x00, 0x00, 0x00, 0x00, 0x00,
    0x00, 0x00, 0x00, 0x00, 0x00, 0x00, 0x00, 0x00, 0x00, 0x00, 0x00, 0x00, 0x00, 0x00, 0x00, 0x00,
    0x00, 0x00, 0x00, 0x00, 0x00, 0x00, 0x00, 0x00, 0x00, 0x00, 0x00, 0x00, 0x00, 0x00, 0x00, 0x00,
    0x00, 0x00, 0x00, 0x00, 0x00, 0x00, 0x00, 0x00, 0x00, 0x00, 0x00, 0x00, 0x00, 0x00, 0x00, 0x00,
    0x00, 0x00, 0x00, 0x00, 0x00, 0x00, 0x00, 0x00, 0x00, 0x00, 0x00, 0x00, 0x00, 0x00, 0x00, 0x00,
    0x00, 0x00, 0x00, 0x00, 0x00, 0x00, 0x00, 0x00, 0x00, 0x00, 0x00, 0x00, 0x00, 0x00, 0x00, 0x00,
    0x00, 0x00, 0x00, 0x00, 0x00, 0x00, 0x00, 0x00, 0x00, 0x00, 0x00, 0x00, 0x00, 0x00, 0x00, 0x00,
    0x00, 0x00, 0x00, 0x00, 0x00, 0x00, 0x00, 0x00, 0x00, 0x00, 0x00, 0x00, 0x00, 0x00, 0x00, 0x00,
    0x00, 0x00, 0x00, 0x00, 0x00, 0x00, 0x00, 0x00, 0x00, 0x00, 0x00, 0x00, 0x00, 0x00, 0x00, 0x00,
    0x00, 0x00, 0x00, 0x00, 0x00, 0x00, 0x00, 0x00, 0x00, 0x00, 0x00, 0x00, 0x00, 0x00, 0x00, 0x00,
    0xdf, 0xdf, 0xdf, 0x08, 0x00, 0x00, 0x00, 0x00, 0xe8, 0xe6, 0xe5, 0x9f, 0xfe, 0xfb, 0xfa, 0xff,
    0xe7, 0xe5, 0xe4, 0xfb, 0xe8, 0xe6, 0xe5, 0xff, 0xe8, 0xe6, 0xe5, 0xff, 0xe8, 0xe6, 0xe5, 0xff,
    0xe8, 0xe6, 0xe5, 0xff, 0xe8, 0xe6, 0xe5, 0xff, 0xe8, 0xe6, 0xe5, 0xff, 0xe8, 0xe6, 0xe5, 0xff,
    0xe6, 0xe4, 0xe6, 0xff, 0xe7, 0xe3, 0xd7, 0xff, 0x42, 0x4b, 0xcf, 0xff, 0x27, 0x33, 0xcc, 0xff,
    0x2d, 0x38, 0xcc, 0xff, 0x2d, 0x38, 0xcc, 0xff, 0x2d, 0x38, 0xcc, 0xff, 0x2d, 0x38, 0xcc, 0xff,
    0x2d, 0x38, 0xcc, 0xff, 0x2d, 0x38, 0xcc, 0xff, 0x2d, 0x38, 0xcc, 0xff, 0x2a, 0x35, 0xcb, 0xff,
    0x33, 0x3e, 0xcd, 0xff, 0xb8, 0xbb, 0xe6, 0xff, 0xf2, 0xf0, 0xec, 0xff, 0xf0, 0xee, 0xec, 0xff,
    0xf1, 0xef, 0xec, 0xff, 0xf1, 0xee, 0xeb, 0xff, 0xf3, 0xf1, 0xee, 0xff, 0xfb, 0xfb, 0xfb, 0xff,
    0xfa, 0xfa, 0xfa, 0xff, 0xf9, 0xf9, 0xfa, 0xff, 0xfe, 0xfe, 0xfa, 0xff, 0xdc, 0xdf, 0xf9, 0xff,
    0x61, 0x6c, 0xf6, 0xff, 0x30, 0x3e, 0xf4, 0xff, 0x39, 0x46, 0xf4, 0xff, 0x36, 0x43, 0xf4, 0xff,
    0x36, 0x43, 0xf4, 0xff, 0x36, 0x43, 0xf4, 0xff, 0x36, 0x43, 0xf4, 0xff, 0x36, 0x43, 0xf4, 0xff,
    0x36, 0x43, 0xf3, 0xfe, 0x35, 0x43, 0xf3, 0xfb, 0x39, 0x47, 0xff, 0xff, 0x36, 0x41, 0xf4, 0x62,
    0x00, 0x00, 0x00, 0x00, 0x33, 0x33, 0xff, 0x05, 0x00, 0x00, 0x00, 0x00, 0x00, 0x00, 0x00, 0x00,
    0x00, 0x00, 0x00, 0x00, 0x00, 0x00, 0x00, 0x00, 0x00, 0x00, 0x00, 0x00, 0x00, 0x00, 0x00, 0x00,
    0x00, 0x00, 0x00, 0x00, 0x00, 0x00, 0x00, 0x00, 0x00, 0x00, 0x00, 0x00, 0x00, 0x00, 0x00, 0x00,
    0x00, 0x00, 0x00, 0x00, 0x00, 0x00, 0x00, 0x00, 0x00, 0x00, 0x00, 0x00, 0x00, 0x00, 0x00, 0x00,
    0x00, 0x00, 0x00, 0x00, 0x00, 0x00, 0x00, 0x00, 0x00, 0x00, 0x00, 0x00, 0x00, 0x00, 0x00, 0x00,
    0x00, 0x00, 0x00, 0x00, 0x00, 0x00, 0x00, 0x00, 0x00, 0x00, 0x00, 0x00, 0x00, 0x00, 0x00, 0x00,
    0x00, 0x00, 0x00, 0x00, 0x00, 0x00, 0x00, 0x00, 0x00, 0x00, 0x00, 0x00, 0x00, 0x00, 0x00, 0x00,
    0x00, 0x00, 0x00, 0x00, 0x00, 0x00, 0x00, 0x00, 0x00, 0x00, 0x00, 0x00, 0x00, 0x00, 0x00, 0x00,
    0x00, 0x00, 0x00, 0x00, 0x00, 0x00, 0x00, 0x00, 0x00, 0x00, 0x00, 0x00, 0x00, 0x00, 0x00, 0x00,
    0x00, 0x00, 0x00, 0x00, 0x00, 0x00, 0x00, 0x00, 0x00, 0x00, 0x00, 0x00, 0x00, 0x00, 0x00, 0x00,
    0x00, 0x00, 0x00, 0x00, 0x00, 0x00, 0x00, 0x00, 0x00, 0x00, 0x00, 0x00, 0x00, 0x00, 0x00, 0x00,
    0x00, 0x00, 0x00, 0x00, 0x00, 0x00, 0x00, 0x00, 0xdf, 0xdf, 0xdf, 0x08, 0x00, 0x00, 0x00, 0x00,
    0xe8, 0xe6, 0xe5, 0x9f, 0xfe, 0xfb, 0xfa, 0xff, 0xe7, 0xe5, 0xe4, 0xfb, 0xe8, 0xe6, 0xe5, 0xff,
    0xe8, 0xe6, 0xe5, 0xff, 0xe8, 0xe6, 0xe5, 0xff, 0xe8, 0xe6, 0xe5, 0xff, 0xe8, 0xe6, 0xe5, 0xff,
    0xe8, 0xe6, 0xe5, 0xff, 0xe8, 0xe6, 0xe5, 0xff, 0xe6, 0xe4, 0xe6, 0xff, 0xe7, 0xe3, 0xd7, 0xff,
    0x40, 0x4a, 0xcd, 0xff, 0x27, 0x33, 0xcc, 0xff, 0x2d, 0x38, 0xcc, 0xff, 0x2d, 0x38, 0xcc, 0xff,
    0x2d, 0x38, 0xcc, 0xff, 0x2d, 0x38, 0xcc, 0xff, 0x2d, 0x38, 0xcc, 0xff, 0x2d, 0x38, 0xcc, 0xff,
    0x2d, 0x38, 0xcc, 0xff, 0x2d, 0x38, 0xcc, 0xff, 0x28, 0x33, 0xcb, 0xff, 0x35, 0x41, 0xce, 0xff,
    0xee, 0xed, 0xee, 0xff, 0xef, 0xed, 0xec, 0xff, 0xf1, 0xef, 0xec, 0xff, 0xf1, 0xee, 0xeb, 0xff,
    0xf3, 0xf1, 0xee, 0xff, 0xfb, 0xfb, 0xfb, 0xff, 0xf9, 0xf9, 0xfa, 0xff, 0xfc, 0xfc, 0xfa, 0xff,
    0xf5, 0xf5, 0xfa, 0xff, 0x8e, 0x96, 0xf7, 0xff, 0x26, 0x35, 0xf4, 0xff, 0x3b, 0x48, 0xf4, 0xff,
    0x36, 0x43, 0xf4, 0xff, 0x36, 0x43, 0xf4, 0xff, 0x36, 0x43, 0xf4, 0xff, 0x36, 0x43, 0xf4, 0xff,
    0x36, 0x43, 0xf4, 0xff, 0x36, 0x43, 0xf4, 0xff, 0x36, 0x43, 0xf4, 0xff, 0x36, 0x43, 0xf3, 0xf9,
    0x3b, 0x49, 0xff, 0xff, 0x35, 0x41, 0xf0, 0x69, 0x00, 0x00, 0x00, 0x00, 0x33, 0x33, 0xff, 0x05,
    0x00, 0x00, 0x00, 0x00, 0x00, 0x00, 0x00, 0x00, 0x00, 0x00, 0x00, 0x00, 0x00, 0x00, 0x00, 0x00,
    0x00, 0x00, 0x00, 0x00, 0x00, 0x00, 0x00, 0x00, 0x00, 0x00, 0x00, 0x00, 0x00, 0x00, 0x00, 0x00,
    0x00, 0x00, 0x00, 0x00, 0x00, 0x00, 0x00, 0x00, 0x00, 0x00, 0x00, 0x00, 0x00, 0x00, 0x00, 0x00,
    0x00, 0x00, 0x00, 0x00, 0x00, 0x00, 0x00, 0x00, 0x00, 0x00, 0x00, 0x00, 0x00, 0x00, 0x00, 0x00,
    0x00, 0x00, 0x00, 0x00, 0x00, 0x00, 0x00, 0x00, 0x00, 0x00, 0x00, 0x00, 0x00, 0x00, 0x00, 0x00,
    0x00, 0x00, 0x00, 0x00, 0x00, 0x00, 0x00, 0x00, 0x00, 0x00, 0x00, 0x00, 0x00, 0x00, 0x00, 0x00,
    0x00, 0x00, 0x00, 0x00, 0x00, 0x00, 0x00, 0x00, 0x00, 0x00, 0x00, 0x00, 0x00, 0x00, 0x00, 0x00,
    0x00, 0x00, 0x00, 0x00, 0x00, 0x00, 0x00, 0x00, 0x00, 0x00, 0x00, 0x00, 0x00, 0x00, 0x00, 0x00,
    0x00, 0x00, 0x00, 0x00, 0x00, 0x00, 0x00, 0x00, 0x00, 0x00, 0x00, 0x00, 0x00, 0x00, 0x00, 0x00,
    0x00, 0x00, 0x00, 0x00, 0x00, 0x00, 0x00, 0x00, 0x00, 0x00, 0x00, 0x00, 0x00, 0x00, 0x00, 0x00,
    0x00, 0x00, 0x00, 0x00, 0x00, 0x00, 0x00, 0x00, 0x00, 0x00, 0x00, 0x00, 0x00, 0x00, 0x00, 0x00,
    0xdf, 0xdf, 0xdf, 0x08, 0x00, 0x00, 0x00, 0x00, 0xe8, 0xe6, 0xe5, 0x9f, 0xfe, 0xfb, 0xfa, 0xff,
    0xe7, 0xe5, 0xe4, 0xfb, 0xe8, 0xe6, 0xe5, 0xff, 0xe8, 0xe6, 0xe5, 0xff, 0xe8, 0xe6, 0xe5, 0xff,
    0xe8, 0xe6, 0xe5, 0xff, 0xe8, 0xe6, 0xe5, 0xff, 0xe8, 0xe6, 0xe5, 0xff, 0xe8, 0xe6, 0xe5, 0xff,
    0xe6, 0xe4, 0xe6, 0xff, 0xe7, 0xe3, 0xd7, 0xff, 0x40, 0x4a, 0xcd, 0xff, 0x27, 0x33, 0xcc, 0xff,
    0x2d, 0x38, 0xcc, 0xff, 0x2d, 0x38, 0xcc, 0xff, 0x2d, 0x38, 0xcc, 0xff, 0x2d, 0x38, 0xcc, 0xff,
    0x2d, 0x38, 0xcc, 0xff, 0x2d, 0x38, 0xcc, 0xff, 0x2d, 0x38, 0xcc, 0xff, 0x2d, 0x38, 0xcc, 0xff,
    0x2a, 0x35, 0xcb, 0xff, 0x4f, 0x59, 0xd3, 0xff, 0xef, 0xee, 0xee, 0xff, 0xef, 0xed, 0xec, 0xff,
    0xf1, 0xef, 0xec, 0xff, 0xf1, 0xee, 0xeb, 0xff, 0xf3, 0xf1, 0xee, 0xff, 0xfb, 0xfb, 0xfb, 0xff,
    0xf9, 0xf9, 0xfa, 0xff, 0xfc, 0xfc, 0xfa, 0xff, 0xf7, 0xf7, 0xfa, 0xff, 0x9e, 0xa5, 0xf7, 0xff,
    0x31, 0x3f, 0xf4, 0xff, 0x39, 0x46, 0xf4, 0xff, 0x36, 0x43, 0xf4, 0xff, 0x36, 0x43, 0xf4, 0xff,
    0x36, 0x43, 0xf4, 0xff, 0x36, 0x43, 0xf4, 0xff, 0x36, 0x43, 0xf4, 0xff, 0x36, 0x43, 0xf4, 0xff,
    0x36, 0x43, 0xf4, 0xff, 0x36, 0x43, 0xf3, 0xf9, 0x3b, 0x49, 0xff, 0xff, 0x35, 0x41, 0xf0, 0x69,
    0x00, 0x00, 0x00, 0x00, 0x33, 0x33, 0xff, 0x05, 0x00, 0x00, 0x00, 0x00, 0x00, 0x00, 0x00, 0x00,
    0x00, 0x00, 0x00, 0x00, 0x00, 0x00, 0x00, 0x00, 0x00, 0x00, 0x00, 0x00, 0x00, 0x00, 0x00, 0x00,
    0x00, 0x00, 0x00, 0x00, 0x00, 0x00, 0x00, 0x00, 0x00, 0x00, 0x00, 0x00, 0x00, 0x00, 0x00, 0x00,
    0x00, 0x00, 0x00, 0x00, 0x00, 0x00, 0x00, 0x00, 0x00, 0x00, 0x00, 0x00, 0x00, 0x00, 0x00, 0x00,
    0x00, 0x00, 0x00, 0x00, 0x00, 0x00, 0x00, 0x00, 0x00, 0x00, 0x00, 0x00, 0x00, 0x00, 0x00, 0x00,
    0x00, 0x00, 0x00, 0x00, 0x00, 0x00, 0x00, 0x00, 0x00, 0x00, 0x00, 0x00, 0x00, 0x00, 0x00, 0x00,
    0x00, 0x00, 0x00, 0x00, 0x00, 0x00, 0x00, 0x00, 0x00, 0x00, 0x00, 0x00, 0x00, 0x00, 0x00, 0x00,
    0x00, 0x00, 0x00, 0x00, 0x00, 0x00, 0x00, 0x00, 0x00, 0x00, 0x00, 0x00, 0x00, 0x00, 0x00, 0x00,
    0x00, 0x00, 0x00, 0x00, 0x00, 0x00, 0x00, 0x00, 0x00, 0x00, 0x00, 0x00, 0x00, 0x00, 0x00, 0x00,
    0x00, 0x00, 0x00, 0x00, 0x00, 0x00, 0x00, 0x00, 0x00, 0x00, 0x00, 0x00, 0x00, 0x00, 0x00, 0x00,
    0x00, 0x00, 0x00, 0x00, 0x00, 0x00, 0x00, 0x00, 0x00, 0x00, 0x00, 0x00, 0x00, 0x00, 0x00, 0x00,
    0x00, 0x00, 0x00, 0x00, 0x00, 0x00, 0x00, 0x00, 0xdf, 0xdf, 0xdf, 0x08, 0x00, 0x00, 0x00, 0x00,
    0xe8, 0xe6, 0xe5, 0x9f, 0xfe, 0xfb, 0xfa, 0xff, 0xe7, 0xe5, 0xe4, 0xfb, 0xe8, 0xe6, 0xe5, 0xff,
    0xe8, 0xe6, 0xe5, 0xff, 0xe8, 0xe6, 0xe5, 0xff, 0xe8, 0xe6, 0xe5, 0xff, 0xe8, 0xe6, 0xe5, 0xff,
    0xe8, 0xe6, 0xe5, 0xff, 0xe8, 0xe6, 0xe5, 0xff, 0xe6, 0xe4, 0xe6, 0xff, 0xe7, 0xe3, 0xd7, 0xff,
    0x42, 0x4b, 0xcf, 0xff, 0x27, 0x33, 0xcc, 0xff, 0x2d, 0x38, 0xcc, 0xff, 0x2d, 0x38, 0xcc, 0xff,
    0x2d, 0x38, 0xcc, 0xff, 0x2d, 0x38, 0xcc, 0xff, 0x2d, 0x38, 0xcc, 0xff, 0x2d, 0x38, 0xcc, 0xff,
    0x2d, 0x38, 0xcc, 0xff, 0x2a, 0x35, 0xcb, 0xff, 0x35, 0x40, 0xcd, 0xff, 0xd3, 0xd4, 0xea, 0xff,
    0xf2, 0xf0, 0xec, 0xff, 0xf0, 0xee, 0xec, 0xff, 0xf1, 0xef, 0xec, 0xff, 0xf1, 0xee, 0xeb, 0xff,
    0xf3, 0xf1, 0xee, 0xff, 0xfb, 0xfb, 0xfb, 0xff, 0xfa, 0xfa, 0xfa, 0xff, 0xf9, 0xf9, 0xfa, 0xff,
    0xff, 0xff, 0xfa, 0xff, 0xeb, 0xed, 0xf9, 0xff, 0x73, 0x7d, 0xf6, 0xff, 0x2d, 0x3b, 0xf4, 0xff,
    0x3a, 0x46, 0xf4, 0xff, 0x36, 0x43, 0xf4, 0xff, 0x36, 0x43, 0xf4, 0xff, 0x36, 0x43, 0xf4, 0xff,
    0x36, 0x43, 0xf4, 0xff, 0x36, 0x43, 0xf4, 0xff, 0x36, 0x43, 0xf3, 0xfe, 0x35, 0x42, 0xf2, 0xfc,
    0x39, 0x46, 0xfe, 0xff, 0x38, 0x43, 0xf4, 0x5f, 0x00, 0x00, 0x00, 0x00, 0x33, 0x33, 0xff, 0x05,
    0x00, 0x00, 0x00, 0x00, 0x00, 0x00, 0x00, 0x00, 0x00, 0x00, 0x00, 0x00, 0x00, 0x00, 0x00, 0x00,
    0x00, 0x00, 0x00, 0x00, 0x00, 0x00, 0x00, 0x00, 0x00, 0x00, 0x00, 0x00, 0x00, 0x00, 0x00, 0x00,
    0x00, 0x00, 0x00, 0x00, 0x00, 0x00, 0x00, 0x00, 0x00, 0x00, 0x00, 0x00, 0x00, 0x00, 0x00, 0x00,
    0x00, 0x00, 0x00, 0x00, 0x00, 0x00, 0x00, 0x00, 0x00, 0x00, 0x00, 0x00, 0x00, 0x00, 0x00, 0x00,
    0x00, 0x00, 0x00, 0x00, 0x00, 0x00, 0x00, 0x00, 0x00, 0x00, 0x00, 0x00, 0x00, 0x00, 0x00, 0x00,
    0x00, 0x00, 0x00, 0x00, 0x00, 0x00, 0x00, 0x00, 0x00, 0x00, 0x00, 0x00, 0x00, 0x00, 0x00, 0x00,
    0x00, 0x00, 0x00, 0x00, 0x00, 0x00, 0x00, 0x00, 0x00, 0x00, 0x00, 0x00, 0x00, 0x00, 0x00, 0x00,
    0x00, 0x00, 0x00, 0x00, 0x00, 0x00, 0x00, 0x00, 0x00, 0x00, 0x00, 0x00, 0x00, 0x00, 0x00, 0x00,
    0x00, 0x00, 0x00, 0x00, 0x00, 0x00, 0x00, 0x00, 0x00, 0x00, 0x00, 0x00, 0x00, 0x00, 0x00, 0x00,
    0x00, 0x00, 0x00, 0x00, 0x00, 0x00, 0x00, 0x00, 0x00, 0x00, 0x00, 0x00, 0x00, 0x00, 0x00, 0x00,
    0x00, 0x00, 0x00, 0x00, 0x00, 0x00, 0x00, 0x00, 0x00, 0x00, 0x00, 0x00, 0x00, 0x00, 0x00, 0x00,
    0xdf, 0xdf, 0xdf, 0x08, 0x00, 0x00, 0x00, 0x00, 0xe8, 0xe6, 0xe5, 0x9f, 0xfe, 0xfb, 0xfa, 0xff,
    0xe7, 0xe5, 0xe4, 0xfb, 0xe8, 0xe6, 0xe5, 0xff, 0xe8, 0xe6, 0xe5, 0xff, 0xe8, 0xe6, 0xe5, 0xff,
    0xe8, 0xe6, 0xe5, 0xff, 0xe8, 0xe6, 0xe5, 0xff, 0xe8, 0xe6, 0xe5, 0xff, 0xe8, 0xe6, 0xe5, 0xff,
    0xe6, 0xe4, 0xe6, 0xff, 0xe6, 0xe2, 0xd6, 0xff, 0x48, 0x52, 0xd4, 0xff, 0x28, 0x34, 0xcd, 0xff,
    0x2d, 0x38, 0xcc, 0xff, 0x2d, 0x38, 0xcc, 0xff, 0x2d, 0x38, 0xcc, 0xff, 0x2d, 0x38, 0xcc, 0xff,
    0x2d, 0x38, 0xcc, 0xff, 0x2d, 0x38, 0xcc, 0xff, 0x2d, 0x38, 0xcc, 0xff, 0x29, 0x34, 0xcb, 0xff,
    0x38, 0x42, 0xce, 0xff, 0xf3, 0xf2, 0xef, 0xff, 0xee, 0xec, 0xec, 0xff, 0xf1, 0xef, 0xec, 0xff,
    0xf1, 0xef, 0xec, 0xff, 0xf0, 0xed, 0xeb, 0xff, 0xf3, 0xf1, 0xee, 0xff, 0xfd, 0xfd, 0xfb, 0xff,
    0xf9, 0xf9, 0xfa, 0xff, 0xf9, 0xf9, 0xfa, 0xff, 0xfb, 0xfb, 0xfa, 0xff, 0xf8, 0xf8, 0xfa, 0xff,
    0x9c, 0xa2, 0xf7, 0xff, 0x26, 0x34, 0xf4, 0xff, 0x3b, 0x47, 0xf4, 0xff, 0x36, 0x43, 0xf4, 0xff,
    0x36, 0x43, 0xf4, 0xff, 0x36, 0x43, 0xf4, 0xff, 0x36, 0x43, 0xf4, 0xff, 0x36, 0x43, 0xf4, 0xff,
    0x36, 0x43, 0xf3, 0xfe, 0x36, 0x43, 0xf5, 0xff, 0x35, 0x42, 0xf1, 0xf6, 0x34, 0x42, 0xf1, 0x4d,
    0x00, 0x00, 0x00, 0x00, 0x3f, 0x3f, 0xff, 0x04, 0x00, 0x00, 0x00, 0x00, 0x00, 0x00, 0x00, 0x00,
    0x00, 0x00, 0x00, 0x00, 0x00, 0x00, 0x00, 0x00, 0x00, 0x00, 0x00, 0x00, 0x00, 0x00, 0x00, 0x00,
    0x00, 0x00, 0x00, 0x00, 0x00, 0x00, 0x00, 0x00, 0x00, 0x00, 0x00, 0x00, 0x00, 0x00, 0x00, 0x00,
    0x00, 0x00, 0x00, 0x00, 0x00, 0x00, 0x00, 0x00, 0x00, 0x00, 0x00, 0x00, 0x00, 0x00, 0x00, 0x00,
    0x00, 0x00, 0x00, 0x00, 0x00, 0x00, 0x00, 0x00, 0x00, 0x00, 0x00, 0x00, 0x00, 0x00, 0x00, 0x00,
    0x00, 0x00, 0x00, 0x00, 0x00, 0x00, 0x00, 0x00, 0x00, 0x00, 0x00, 0x00, 0x00, 0x00, 0x00, 0x00,
    0x00, 0x00, 0x00, 0x00, 0x00, 0x00, 0x00, 0x00, 0x00, 0x00, 0x00, 0x00, 0x00, 0x00, 0x00, 0x00,
    0x00, 0x00, 0x00, 0x00, 0x00, 0x00, 0x00, 0x00, 0x00, 0x00, 0x00, 0x00, 0x00, 0x00, 0x00, 0x00,
    0x00, 0x00, 0x00, 0x00, 0x00, 0x00, 0x00, 0x00, 0x00, 0x00, 0x00, 0x00, 0x00, 0x00, 0x00, 0x00,
    0x00, 0x00, 0x00, 0x00, 0x00, 0x00, 0x00, 0x00, 0x00, 0x00, 0x00, 0x00, 0x00, 0x00, 0x00, 0x00,
    0x00, 0x00, 0x00, 0x00, 0x00, 0x00, 0x00, 0x00, 0x00, 0x00, 0x00, 0x00, 0x00, 0x00, 0x00, 0x00,
    0x00, 0x00, 0x00, 0x00, 0x00, 0x00, 0x00, 0x00, 0xdf, 0xdf, 0xdf, 0x08, 0x00, 0x00, 0x00, 0x00,
    0xe8, 0xe6, 0xe5, 0x9f, 0xfe, 0xfb, 0xfa, 0xff, 0xe7, 0xe5, 0xe4, 0xfb, 0xe8, 0xe6, 0xe5, 0xff,
    0xe8, 0xe6, 0xe5, 0xff, 0xe8, 0xe6, 0xe5, 0xff, 0xe8, 0xe6, 0xe5, 0xff, 0xe8, 0xe6, 0xe5, 0xff,
    0xe8, 0xe6, 0xe5, 0xff, 0xe8, 0xe6, 0xe5, 0xff, 0xe6, 0xe4, 0xe6, 0xff, 0xe5, 0xe1, 0xd6, 0xff,
    0x5b, 0x64, 0xd8, 0xff, 0x2b, 0x37, 0xcd, 0xff, 0x2d, 0x38, 0xcc, 0xff, 0x2d, 0x38, 0xcc, 0xff,
    0x2d, 0x38, 0xcc, 0xff, 0x2d, 0x38, 0xcc, 0xff, 0x2d, 0x38, 0xcc, 0xff, 0x2d, 0x38, 0xcc, 0xff,
    0x2d, 0x38, 0xcc, 0xff, 0x29, 0x35, 0xcb, 0xff, 0x37, 0x41, 0xce, 0xff, 0xdf, 0xdf, 0xec, 0xff,
    0xf6, 0xf3, 0xed, 0xff, 0xf0, 0xee, 0xec, 0xff, 0xf0, 0xee, 0xec, 0xff, 0xf5, 0xf1, 0xeb, 0xff,
    0xf9, 0xf6, 0xf0, 0xff, 0xf9, 0xfa, 0xfb, 0xff, 0xff, 0xff, 0xfa, 0xff, 0xfa, 0xfa, 0xfa, 0xff,
    0xff, 0xff, 0xfa, 0xff, 0xf5, 0xf5, 0xfa, 0xff, 0x82, 0x89, 0xf7, 0xff, 0x2a, 0x39, 0xf3, 0xff,
    0x39, 0x47, 0xf4, 0xff, 0x36, 0x43, 0xf4, 0xff, 0x36, 0x43, 0xf4, 0xff, 0x36, 0x43, 0xf4, 0xff,
    0x36, 0x43, 0xf4, 0xff, 0x36, 0x43, 0xf4, 0xff, 0x35, 0x42, 0xf4, 0xfc, 0x37, 0x45, 0xfb, 0xff,
    0x37, 0x43, 0xf5, 0xd5, 0x35, 0x3f, 0xf0, 0x34, 0x00, 0x00, 0x00, 0x00, 0x55, 0x55, 0xff, 0x03,
    0x00, 0x00, 0x00, 0x00, 0x00, 0x00, 0x00, 0x00, 0x00, 0x00, 0x00, 0x00, 0x00, 0x00, 0x00, 0x00,
    0x00, 0x00, 0x00, 0x00, 0x00, 0x00, 0x00, 0x00, 0x00, 0x00, 0x00, 0x00, 0x00, 0x00, 0x00, 0x00,
    0x00, 0x00, 0x00, 0x00, 0x00, 0x00, 0x00, 0x00, 0x00, 0x00, 0x00, 0x00, 0x00, 0x00, 0x00, 0x00,
    0x00, 0x00, 0x00, 0x00, 0x00, 0x00, 0x00, 0x00, 0x00, 0x00, 0x00, 0x00, 0x00, 0x00, 0x00, 0x00,
    0x00, 0x00, 0x00, 0x00, 0x00, 0x00, 0x00, 0x00, 0x00, 0x00, 0x00, 0x00, 0x00, 0x00, 0x00, 0x00,
    0x00, 0x00, 0x00, 0x00, 0x00, 0x00, 0x00, 0x00, 0x00, 0x00, 0x00, 0x00, 0x00, 0x00, 0x00, 0x00,
    0x00, 0x00, 0x00, 0x00, 0x00, 0x00, 0x00, 0x00, 0x00, 0x00, 0x00, 0x00, 0x00, 0x00, 0x00, 0x00,
    0x00, 0x00, 0x00, 0x00, 0x00, 0x00, 0x00, 0x00, 0x00, 0x00, 0x00, 0x00, 0x00, 0x00, 0x00, 0x00,
    0x00, 0x00, 0x00, 0x00, 0x00, 0x00, 0x00, 0x00, 0x00, 0x00, 0x00, 0x00, 0x00, 0x00, 0x00, 0x00,
    0x00, 0x00, 0x00, 0x00, 0x00, 0x00, 0x00, 0x00, 0x00, 0x00, 0x00, 0x00, 0x00, 0x00, 0x00, 0x00,
    0x00, 0x00, 0x00, 0x00, 0x00, 0x00, 0x00, 0x00, 0x00, 0x00, 0x00, 0x00, 0x00, 0x00, 0x00, 0x00,
    0xdf, 0xdf, 0xdf, 0x08, 0x00, 0x00, 0x00, 0x00, 0xe8, 0xe6, 0xe5, 0x9f, 0xfe, 0xfb, 0xfa, 0xff,
    0xe7, 0xe5, 0xe4, 0xfb, 0xe8, 0xe6, 0xe5, 0xff, 0xe8, 0xe6, 0xe5, 0xff, 0xe8, 0xe6, 0xe5, 0xff,
    0xe8, 0xe6, 0xe5, 0xff, 0xe8, 0xe6, 0xe5, 0xff, 0xe8, 0xe6, 0xe5, 0xff, 0xe8, 0xe6, 0xe5, 0xff,
    0xe7, 0xe5, 0xe6, 0xff, 0xdf, 0xdd, 0xd6, 0xff, 0x8d, 0x92, 0xd9, 0xff, 0x32, 0x3c, 0xcd, 0xff,
    0x2a, 0x35, 0xcc, 0xff, 0x2d, 0x38, 0xcc, 0xff, 0x2d, 0x38, 0xcc, 0xff, 0x2d, 0x38, 0xcc, 0xff,
    0x2d, 0x38, 0xcc, 0xff, 0x2d, 0x38, 0xcc, 0xff, 0x2d, 0x38, 0xcc, 0xff, 0x2c, 0x36, 0xcc, 0xff,
    0x2e, 0x39, 0xcd, 0xff, 0x78, 0x7f, 0xda, 0xff, 0xe9, 0xe8, 0xec, 0xff, 0xf9, 0xf6, 0xee, 0xff,
    0xfa, 0xf8, 0xee, 0xff, 0xe9, 0xe8, 0xea, 0xff, 0xb4, 0xb7, 0xe9, 0xff, 0xad, 0xb3, 0xf9, 0xff,
    0xf4, 0xf5, 0xf9, 0xff, 0xf9, 0xf9, 0xfa, 0xff, 0xf6, 0xf6, 0xfa, 0xff, 0xb9, 0xbe, 0xf8, 0xff,
    0x3e, 0x4a, 0xf5, 0xff, 0x37, 0x43, 0xf4, 0xff, 0x37, 0x44, 0xf4, 0xff, 0x36, 0x43, 0xf4, 0xff,
    0x36, 0x43, 0xf4, 0xff, 0x36, 0x43, 0xf4, 0xff, 0x36, 0x43, 0xf4, 0xff, 0x36, 0x43, 0xf4, 0xff,
    0x36, 0x43, 0xf3, 0xfa, 0x3a, 0x48, 0xff, 0xff, 0x36, 0x42, 0xf2, 0xa8, 0x3c, 0x3c, 0xf0, 0x11,
    0x00, 0x00, 0x00, 0x00, 0x00, 0x7f, 0xff, 0x02, 0x00, 0x00, 0x00, 0x00, 0x00, 0x00, 0x00, 0x00,
    0x00, 0x00, 0x00, 0x00, 0x00, 0x00, 0x00, 0x00, 0x00, 0x00, 0x00, 0x00, 0x00, 0x00, 0x00, 0x00,
    0x00, 0x00, 0x00, 0x00, 0x00, 0x00, 0x00, 0x00, 0x00, 0x00, 0x00, 0x00, 0x00, 0x00, 0x00, 0x00,
    0x00, 0x00, 0x00, 0x00, 0x00, 0x00, 0x00, 0x00, 0x00, 0x00, 0x00, 0x00, 0x00, 0x00, 0x00, 0x00,
    0x00, 0x00, 0x00, 0x00, 0x00, 0x00, 0x00, 0x00, 0x00, 0x00, 0x00, 0x00, 0x00, 0x00, 0x00, 0x00,
    0x00, 0x00, 0x00, 0x00, 0x00, 0x00, 0x00, 0x00, 0x00, 0x00, 0x00, 0x00, 0x00, 0x00, 0x00, 0x00,
    0x00, 0x00, 0x00, 0x00, 0x00, 0x00, 0x00, 0x00, 0x00, 0x00, 0x00, 0x00, 0x00, 0x00, 0x00, 0x00,
    0x00, 0x00, 0x00, 0x00, 0x00, 0x00, 0x00, 0x00, 0x00, 0x00, 0x00, 0x00, 0x00, 0x00, 0x00, 0x00,
    0x00, 0x00, 0x00, 0x00, 0x00, 0x00, 0x00, 0x00, 0x00, 0x00, 0x00, 0x00, 0x00, 0x00, 0x00, 0x00,
    0x00, 0x00, 0x00, 0x00, 0x00, 0x00, 0x00, 0x00, 0x00, 0x00, 0x00, 0x00, 0x00, 0x00, 0x00, 0x00,
    0x00, 0x00, 0x00, 0x00, 0x00, 0x00, 0x00, 0x00, 0x00, 0x00, 0x00, 0x00, 0x00, 0x00, 0x00, 0x00,
    0x00, 0x00, 0x00, 0x00, 0x00, 0x00, 0x00, 0x00, 0xdf, 0xdf, 0xdf, 0x08, 0x00, 0x00, 0x00, 0x00,
    0xe8, 0xe6, 0xe5, 0x9f, 0xfe, 0xfb, 0xfa, 0xff, 0xe7, 0xe5, 0xe4, 0xfb, 0xe8, 0xe6, 0xe5, 0xff,
    0xe8, 0xe6, 0xe5, 0xff, 0xe8, 0xe6, 0xe5, 0xff, 0xe8, 0xe6, 0xe5, 0xff, 0xe8, 0xe6, 0xe5, 0xff,
    0xe8, 0xe6, 0xe5, 0xff, 0xe8, 0xe6, 0xe5, 0xff, 0xe9, 0xe7, 0xe6, 0xff, 0xd9, 0xd7, 0xd6, 0xff,
    0xd3, 0xd0, 0xd5, 0xff, 0x3a, 0x43, 0xcf, 0xff, 0x29, 0x34, 0xcc, 0xff, 0x2d, 0x38, 0xcc, 0xff,
    0x2d, 0x38, 0xcc, 0xff, 0x2d, 0x38, 0xcc, 0xff, 0x2d, 0x38, 0xcc, 0xff, 0x2d, 0x38, 0xcc, 0xff,
    0x2d, 0x38, 0xcc, 0xff, 0x2d, 0x38, 0xcc, 0xff, 0x2b, 0x36, 0xcc, 0xff, 0x29, 0x35, 0xcb, 0xff,
    0x73, 0x7a, 0xda, 0xff, 0xbf, 0xc1, 0xe7, 0xff, 0xbd, 0xbf, 0xe6, 0xff, 0x81, 0x87, 0xda, 0xff,
    0x18, 0x24, 0xd0, 0xff, 0x3b, 0x48, 0xf9, 0xff, 0x83, 0x8c, 0xf5, 0xff, 0xac, 0xb1, 0xf7, 0xff,
    0x88, 0x8f, 0xf7, 0xff, 0x3f, 0x4c, 0xf4, 0xff, 0x34, 0x40, 0xf4, 0xff, 0x37, 0x44, 0xf4, 0xff,
    0x36, 0x43, 0xf4, 0xff, 0x36, 0x43, 0xf4, 0xff, 0x36, 0x43, 0xf4, 0xff, 0x36, 0x43, 0xf4, 0xff,
    0x36, 0x43, 0xf4, 0xff, 0x36, 0x43, 0xf4, 0xff, 0x36, 0x42, 0xf4, 0xfa, 0x3a, 0x48, 0xfc, 0xff,
    0x36, 0x44, 0xef, 0x74, 0x00, 0x00, 0x00, 0x00, 0x3f, 0x3f, 0xff, 0x04, 0x00, 0x00, 0x00, 0x00,
    0x00, 0x00, 0x00, 0x00, 0x00, 0x00, 0x00, 0x00, 0x00, 0x00, 0x00, 0x00, 0x00, 0x00, 0x00, 0x00,
    0x00, 0x00, 0x00, 0x00, 0x00, 0x00, 0x00, 0x00, 0x00, 0x00, 0x00, 0x00, 0x00, 0x00, 0x00, 0x00,
    0x00, 0x00, 0x00, 0x00, 0x00, 0x00, 0x00, 0x00, 0x00, 0x00, 0x00, 0x00, 0x00, 0x00, 0x00, 0x00,
    0x00, 0x00, 0x00, 0x00, 0x00, 0x00, 0x00, 0x00, 0x00, 0x00, 0x00, 0x00, 0x00, 0x00, 0x00, 0x00,
    0x00, 0x00, 0x00, 0x00, 0x00, 0x00, 0x00, 0x00, 0x00, 0x00, 0x00, 0x00, 0x00, 0x00, 0x00, 0x00,
    0x00, 0x00, 0x00, 0x00, 0x00, 0x00, 0x00, 0x00, 0x00, 0x00, 0x00, 0x00, 0x00, 0x00, 0x00, 0x00,
    0x00, 0x00, 0x00, 0x00, 0x00, 0x00, 0x00, 0x00, 0x00, 0x00, 0x00, 0x00, 0x00, 0x00, 0x00, 0x00,
    0x00, 0x00, 0x00, 0x00, 0x00, 0x00, 0x00, 0x00, 0x00, 0x00, 0x00, 0x00, 0x00, 0x00, 0x00, 0x00,
    0x00, 0x00, 0x00, 0x00, 0x00, 0x00, 0x00, 0x00, 0x00, 0x00, 0x00, 0x00, 0x00, 0x00, 0x00, 0x00,
    0x00, 0x00, 0x00, 0x00, 0x00, 0x00, 0x00, 0x00, 0x00, 0x00, 0x00, 0x00, 0x00, 0x00, 0x00, 0x00,
    0x00, 0x00, 0x00, 0x00, 0x00, 0x00, 0x00, 0x00, 0x00, 0x00, 0x00, 0x00, 0x00, 0x00, 0x00, 0x00,
    0xdf, 0xdf, 0xdf, 0x08, 0x00, 0x00, 0x00, 0x00, 0xe8, 0xe6, 0xe5, 0x9f, 0xfe, 0xfb, 0xfa, 0xff,
    0xe7, 0xe5, 0xe4, 0xfb, 0xe8, 0xe6, 0xe5, 0xff, 0xe8, 0xe6, 0xe5, 0xff, 0xe8, 0xe6, 0xe5, 0xff,
    0xe8, 0xe6, 0xe5, 0xff, 0xe8, 0xe6, 0xe5, 0xff, 0xe8, 0xe6, 0xe5, 0xff, 0xe8, 0xe6, 0xe5, 0xff,
    0xe9, 0xe7, 0xe6, 0xff, 0xd8, 0xd5, 0xd6, 0xff, 0xe1, 0xde, 0xd3, 0xff, 0x5e, 0x65, 0xd7, 0xff,
    0x2c, 0x37, 0xcd, 0xff, 0x2d, 0x38, 0xcc, 0xff, 0x2d, 0x38, 0xcc, 0xff, 0x2d, 0x38, 0xcc, 0xff,
    0x2d, 0x38, 0xcc, 0xff, 0x2d, 0x38, 0xcc, 0xff, 0x2d, 0x38, 0xcc, 0xff, 0x2d, 0x38, 0xcc, 0xff,
    0x2d, 0x38, 0xcc, 0xff, 0x2f, 0x3a, 0xcc, 0xff, 0x26, 0x31, 0xca, 0xff, 0x1b, 0x27, 0xc9, 0xff,
    0x1b, 0x27, 0xc9, 0xff, 0x24, 0x2e, 0xc8, 0xff, 0x35, 0x40, 0xd4, 0xff, 0x39, 0x46, 0xf8, 0xff,
    0x2e, 0x3b, 0xf3, 0xff, 0x28, 0x36, 0xf4, 0xff, 0x2d, 0x3b, 0xf4, 0xff, 0x37, 0x44, 0xf4, 0xff,
    0x37, 0x44, 0xf4, 0xff, 0x36, 0x43, 0xf4, 0xff, 0x36, 0x43, 0xf4, 0xff, 0x36, 0x43, 0xf4, 0xff,
    0x36, 0x43, 0xf4, 0xff, 0x36, 0x43, 0xf4, 0xff, 0x36, 0x43, 0xf4, 0xff, 0x36, 0x42, 0xf3, 0xfc,
    0x38, 0x46, 0xfc, 0xff, 0x35, 0x42, 0xf3, 0xdb, 0x35, 0x44, 0xf5, 0x34, 0x00, 0x00, 0x00, 0x00,
    0x55, 0x55, 0xff, 0x03, 0x00, 0x00, 0x00, 0x00, 0x00, 0x00, 0x00, 0x00, 0x00, 0x00, 0x00, 0x00,
    0x00, 0x00, 0x00, 0x00, 0x00, 0x00, 0x00, 0x00, 0x00, 0x00, 0x00, 0x00, 0x00, 0x00, 0x00, 0x00,
    0x00, 0x00, 0x00, 0x00, 0x00, 0x00, 0x00, 0x00, 0x00, 0x00, 0x00, 0x00, 0x00, 0x00, 0x00, 0x00,
    0x00, 0x00, 0x00, 0x00, 0x00, 0x00, 0x00, 0x00, 0x00, 0x00, 0x00, 0x00, 0x00, 0x00, 0x00, 0x00,
    0x00, 0x00, 0x00, 0x00, 0x00, 0x00, 0x00, 0x00, 0x00, 0x00, 0x00, 0x00, 0x00, 0x00, 0x00, 0x00,
    0x00, 0x00, 0x00, 0x00, 0x00, 0x00, 0x00, 0x00, 0x00, 0x00, 0x00, 0x00, 0x00, 0x00, 0x00, 0x00,
    0x00, 0x00, 0x00, 0x00, 0x00, 0x00, 0x00, 0x00, 0x00, 0x00, 0x00, 0x00, 0x00, 0x00, 0x00, 0x00,
    0x00, 0x00, 0x00, 0x00, 0x00, 0x00, 0x00, 0x00, 0x00, 0x00, 0x00, 0x00, 0x00, 0x00, 0x00, 0x00,
    0x00, 0x00, 0x00, 0x00, 0x00, 0x00, 0x00, 0x00, 0x00, 0x00, 0x00, 0x00, 0x00, 0x00, 0x00, 0x00,
    0x00, 0x00, 0x00, 0x00, 0x00, 0x00, 0x00, 0x00, 0x00, 0x00, 0x00, 0x00, 0x00, 0x00, 0x00, 0x00,
    0x00, 0x00, 0x00, 0x00, 0x00, 0x00, 0x00, 0x00, 0x00, 0x00, 0x00, 0x00, 0x00, 0x00, 0x00, 0x00,
    0x00, 0x00, 0x00, 0x00, 0x00, 0x00, 0x00, 0x00, 0xdf, 0xdf, 0xdf, 0x08, 0x00, 0x00, 0x00, 0x00,
    0xe8, 0xe6, 0xe5, 0x9f, 0xfe, 0xfb, 0xfa, 0xff, 0xe7, 0xe5, 0xe4, 0xfb, 0xe8, 0xe6, 0xe5, 0xff,
    0xe8, 0xe6, 0xe5, 0xff, 0xe8, 0xe6, 0xe5, 0xff, 0xe8, 0xe6, 0xe5, 0xff, 0xe8, 0xe6, 0xe5, 0xff,
    0xe8, 0xe6, 0xe5, 0xff, 0xe8, 0xe6, 0xe5, 0xff, 0xe9, 0xe7, 0xe6, 0xff, 0xdb, 0xd8, 0xd6, 0xff,
    0xd8, 0xd5, 0xd3, 0xff, 0xb6, 0xb7, 0xd7, 0xff, 0x32, 0x3d, 0xcf, 0xff, 0x2b, 0x36, 0xcc, 0xff,
    0x2d, 0x38, 0xcc, 0xff, 0x2d, 0x38, 0xcc, 0xff, 0x2d, 0x38, 0xcc, 0xff, 0x2d, 0x38, 0xcc, 0xff,
    0x2d, 0x38, 0xcc, 0xff, 0x2d, 0x38, 0xcc, 0xff, 0x2d, 0x38, 0xcc, 0xff, 0x2d, 0x38, 0xcc, 0xff,
    0x30, 0x3b, 0xcd, 0xff, 0x32, 0x3d, 0xcd, 0xff, 0x32, 0x3d, 0xcd, 0xff, 0x30, 0x3a, 0xcb, 0xff,
    0x2f, 0x3a, 0xd3, 0xff, 0x38, 0x45, 0xf8, 0xff, 0x39, 0x46, 0xf3, 0xff, 0x3a, 0x47, 0xf4, 0xff,
    0x39, 0x46, 0xf4, 0xff, 0x37, 0x44, 0xf4, 0xff, 0x36, 0x43, 0xf4, 0xff, 0x36, 0x43, 0xf4, 0xff,
    0x36, 0x43, 0xf4, 0xff, 0x36, 0x43, 0xf4, 0xff, 0x36, 0x43, 0xf4, 0xff, 0x36, 0x43, 0xf4, 0xff,
    0x36, 0x43, 0xf4, 0xff, 0x36, 0x43, 0xf3, 0xfa, 0x39, 0x47, 0xfe, 0xff, 0x36, 0x43, 0xf5, 0x88,
    0x00, 0x00, 0x00, 0x00, 0x00, 0x00, 0xff, 0x01, 0x00, 0x00, 0x00, 0x00, 0x00, 0x00, 0x00, 0x00,
    0x00, 0x00, 0x00, 0x00, 0x00, 0x00, 0x00, 0x00, 0x00, 0x00, 0x00, 0x00, 0x00, 0x00, 0x00, 0x00,
    0x00, 0x00, 0x00, 0x00, 0x00, 0x00, 0x00, 0x00, 0x00, 0x00, 0x00, 0x00, 0x00, 0x00, 0x00, 0x00,
    0x00, 0x00, 0x00, 0x00, 0x00, 0x00, 0x00, 0x00, 0x00, 0x00, 0x00, 0x00, 0x00, 0x00, 0x00, 0x00,
    0x00, 0x00, 0x00, 0x00, 0x00, 0x00, 0x00, 0x00, 0x00, 0x00, 0x00, 0x00, 0x00, 0x00, 0x00, 0x00,
    0x00, 0x00, 0x00, 0x00, 0x00, 0x00, 0x00, 0x00, 0x00, 0x00, 0x00, 0x00, 0x00, 0x00, 0x00, 0x00,
    0x00, 0x00, 0x00, 0x00, 0x00, 0x00, 0x00, 0x00, 0x00, 0x00, 0x00, 0x00, 0x00, 0x00, 0x00, 0x00,
    0x00, 0x00, 0x00, 0x00, 0x00, 0x00, 0x00, 0x00, 0x00, 0x00, 0x00, 0x00, 0x00, 0x00, 0x00, 0x00,
    0x00, 0x00, 0x00, 0x00, 0x00, 0x00, 0x00, 0x00, 0x00, 0x00, 0x00, 0x00, 0x00, 0x00, 0x00, 0x00,
    0x00, 0x00, 0x00, 0x00, 0x00, 0x00, 0x00, 0x00, 0x00, 0x00, 0x00, 0x00, 0x00, 0x00, 0x00, 0x00,
    0x00, 0x00, 0x00, 0x00, 0x00, 0x00, 0x00, 0x00, 0x00, 0x00, 0x00, 0x00, 0x00, 0x00, 0x00, 0x00,
    0x00, 0x00, 0x00, 0x00, 0x00, 0x00, 0x00, 0x00, 0x00, 0x00, 0x00, 0x00, 0x00, 0x00, 0x00, 0x00,
    0xdf, 0xdf, 0xdf, 0x08, 0x00, 0x00, 0x00, 0x00, 0xe8, 0xe6, 0xe5, 0x9f, 0xfe, 0xfb, 0xfa, 0xff,
    0xe7, 0xe5, 0xe4, 0xfb, 0xe8, 0xe6, 0xe5, 0xff, 0xe8, 0xe6, 0xe5, 0xff, 0xe8, 0xe6, 0xe5, 0xff,
    0xe8, 0xe6, 0xe5, 0xff, 0xe8, 0xe6, 0xe5, 0xff, 0xe8, 0xe6, 0xe5, 0xff, 0xe8, 0xe6, 0xe5, 0xff,
    0xe9, 0xe7, 0xe6, 0xff, 0xdb, 0xd8, 0xd6, 0xff, 0xd6, 0xd3, 0xd3, 0xff, 0xe4, 0xe0, 0xd3, 0xff,
    0x67, 0x6f, 0xd6, 0xff, 0x28, 0x33, 0xcd, 0xff, 0x2d, 0x38, 0xcc, 0xff, 0x2d, 0x38, 0xcc, 0xff,
    0x2d, 0x38, 0xcc, 0xff, 0x2d, 0x38, 0xcc, 0xff, 0x2d, 0x38, 0xcc, 0xff, 0x2d, 0x38, 0xcc, 0xff,
    0x2d, 0x38, 0xcc, 0xff, 0x2d, 0x38, 0xcc, 0xff, 0x2d, 0x38, 0xcc, 0xff, 0x2d, 0x38, 0xcc, 0xff,
    0x2d, 0x38, 0xcc, 0xff, 0x2d, 0x37, 0xca, 0xff, 0x2f, 0x3a, 0xd3, 0xff, 0x37, 0x44, 0xf8, 0xff,
    0x36, 0x43, 0xf3, 0xff, 0x36, 0x43, 0xf4, 0xff, 0x36, 0x43, 0xf4, 0xff, 0x36, 0x43, 0xf4, 0xff,
    0x36, 0x43, 0xf4, 0xff, 0x36, 0x43, 0xf4, 0xff, 0x36, 0x43, 0xf4, 0xff, 0x36, 0x43, 0xf4, 0xff,
    0x36, 0x43, 0xf4, 0xff, 0x36, 0x43, 0xf4, 0xff, 0x35, 0x43, 0xf2, 0xfb, 0x39, 0x46, 0xff, 0xff,
    0x35, 0x42, 0xf2, 0xd8, 0x35, 0x45, 0xf4, 0x30, 0x00, 0x00, 0xff, 0x02, 0x3f, 0x3f, 0xff, 0x04,
    0x00, 0x00, 0x00, 0x00, 0x00, 0x00, 0x00, 0x00, 0x00, 0x00, 0x00, 0x00, 0x00, 0x00, 0x00, 0x00,
    0x00, 0x00, 0x00, 0x00, 0x00, 0x00, 0x00, 0x00, 0x00, 0x00, 0x00, 0x00, 0x00, 0x00, 0x00, 0x00,
    0x00, 0x00, 0x00, 0x00, 0x00, 0x00, 0x00, 0x00, 0x00, 0x00, 0x00, 0x00, 0x00, 0x00, 0x00, 0x00,
    0x00, 0x00, 0x00, 0x00, 0x00, 0x00, 0x00, 0x00, 0x00, 0x00, 0x00, 0x00, 0x00, 0x00, 0x00, 0x00,
    0x00, 0x00, 0x00, 0x00, 0x00, 0x00, 0x00, 0x00, 0x00, 0x00, 0x00, 0x00, 0x00, 0x00, 0x00, 0x00,
    0x00, 0x00, 0x00, 0x00, 0x00, 0x00, 0x00, 0x00, 0x00, 0x00, 0x00, 0x00, 0x00, 0x00, 0x00, 0x00,
    0x00, 0x00, 0x00, 0x00, 0x00, 0x00, 0x00, 0x00, 0x00, 0x00, 0x00, 0x00, 0x00, 0x00, 0x00, 0x00,
    0x00, 0x00, 0x00, 0x00, 0x00, 0x00, 0x00, 0x00, 0x00, 0x00, 0x00, 0x00, 0x00, 0x00, 0x00, 0x00,
    0x00, 0x00, 0x00, 0x00, 0x00, 0x00, 0x00, 0x00, 0x00, 0x00, 0x00, 0x00, 0x00, 0x00, 0x00, 0x00,
    0x00, 0x00, 0x00, 0x00, 0x00, 0x00, 0x00, 0x00, 0x00, 0x00, 0x00, 0x00, 0x00, 0x00, 0x00, 0x00,
    0x00, 0x00, 0x00, 0x00, 0x00, 0x00, 0x00, 0x00, 0x00, 0x00, 0x00, 0x00, 0x00, 0x00, 0x00, 0x00,
    0x00, 0x00, 0x00, 0x00, 0x00, 0x00, 0x00, 0x00, 0xdf, 0xdf, 0xdf, 0x08, 0x00, 0x00, 0x00, 0x00,
    0xe8, 0xe6, 0xe5, 0x9f, 0xfe, 0xfb, 0xfa, 0xff, 0xe7, 0xe5, 0xe4, 0xfb, 0xe8, 0xe6, 0xe5, 0xff,
    0xe8, 0xe6, 0xe5, 0xff, 0xe8, 0xe6, 0xe5, 0xff, 0xe8, 0xe6, 0xe5, 0xff, 0xe8, 0xe6, 0xe5, 0xff,
    0xe8, 0xe6, 0xe5, 0xff, 0xe8, 0xe6, 0xe5, 0xff, 0xe9, 0xe7, 0xe6, 0xff, 0xdb, 0xd8, 0xd6, 0xff,
    0xd8, 0xd5, 0xd3, 0xff, 0xd6, 0xd4, 0xd4, 0xff, 0xcd, 0xcc, 0xd5, 0xff, 0x45, 0x4d, 0xd1, 0xff,
    0x29, 0x35, 0xcb, 0xff, 0x2e, 0x39, 0xcc, 0xff, 0x2d, 0x38, 0xcc, 0xff, 0x2d, 0x38, 0xcc, 0xff,
    0x2d, 0x38, 0xcc, 0xff, 0x2d, 0x38, 0xcc, 0xff, 0x2d, 0x38, 0xcc, 0xff, 0x2d, 0x38, 0xcc, 0xff,
    0x2d, 0x38, 0xcc, 0xff, 0x2d, 0x38, 0xcc, 0xff, 0x2d, 0x38, 0xcc, 0xff, 0x2d, 0x37, 0xca, 0xff,
    0x2f, 0x3a, 0xd3, 0xff, 0x37, 0x44, 0xf8, 0xff, 0x36, 0x43, 0xf3, 0xff, 0x36, 0x43, 0xf4, 0xff,
    0x36, 0x43, 0xf4, 0xff, 0x36, 0x43, 0xf4, 0xff, 0x36, 0x43, 0xf4, 0xff, 0x36, 0x43, 0xf4, 0xff,
    0x36, 0x43, 0xf4, 0xff, 0x36, 0x43, 0xf4, 0xff, 0x36, 0x43, 0xf4, 0xff, 0x35, 0x42, 0xf2, 0xfd,
    0x37, 0x44, 0xf7, 0xfe, 0x38, 0x46, 0xfc, 0xf4, 0x34, 0x43, 0xf4, 0x62, 0x00, 0x00, 0x00, 0x00,
    0x00, 0x00, 0xff, 0x03, 0x00, 0x00, 0x00, 0x00, 0x00, 0x00, 0x00, 0x00, 0x00, 0x00, 0x00, 0x00,
    0x00, 0x00, 0x00, 0x00, 0x00, 0x00, 0x00, 0x00, 0x00, 0x00, 0x00, 0x00, 0x00, 0x00, 0x00, 0x00,
    0x00, 0x00, 0x00, 0x00, 0x00, 0x00, 0x00, 0x00, 0x00, 0x00, 0x00, 0x00, 0x00, 0x00, 0x00, 0x00,
    0x00, 0x00, 0x00, 0x00, 0x00, 0x00, 0x00, 0x00, 0x00, 0x00, 0x00, 0x00, 0x00, 0x00, 0x00, 0x00,
    0x00, 0x00, 0x00, 0x00, 0x00, 0x00, 0x00, 0x00, 0x00, 0x00, 0x00, 0x00, 0x00, 0x00, 0x00, 0x00,
    0x00, 0x00, 0x00, 0x00, 0x00, 0x00, 0x00, 0x00, 0x00, 0x00, 0x00, 0x00, 0x00, 0x00, 0x00, 0x00,
    0x00, 0x00, 0x00, 0x00, 0x00, 0x00, 0x00, 0x00, 0x00, 0x00, 0x00, 0x00, 0x00, 0x00, 0x00, 0x00,
    0x00, 0x00, 0x00, 0x00, 0x00, 0x00, 0x00, 0x00, 0x00, 0x00, 0x00, 0x00, 0x00, 0x00, 0x00, 0x00,
    0x00, 0x00, 0x00, 0x00, 0x00, 0x00, 0x00, 0x00, 0x00, 0x00, 0x00, 0x00, 0x00, 0x00, 0x00, 0x00,
    0x00, 0x00, 0x00, 0x00, 0x00, 0x00, 0x00, 0x00, 0x00, 0x00, 0x00, 0x00, 0x00, 0x00, 0x00, 0x00,
    0x00, 0x00, 0x00, 0x00, 0x00, 0x00, 0x00, 0x00, 0x00, 0x00, 0x00, 0x00, 0x00, 0x00, 0x00, 0x00,
    0x00, 0x00, 0x00, 0x00, 0x00, 0x00, 0x00, 0x00, 0x00, 0x00, 0x00, 0x00, 0x00, 0x00, 0x00, 0x00,
    0xdf, 0xdf, 0xdf, 0x08, 0x00, 0x00, 0x00, 0x00, 0xe8, 0xe6, 0xe5, 0x9f, 0xfe, 0xfb, 0xfa, 0xff,
    0xe7, 0xe5, 0xe4, 0xfb, 0xe8, 0xe6, 0xe5, 0xff, 0xe8, 0xe6, 0xe5, 0xff, 0xe8, 0xe6, 0xe5, 0xff,
    0xe8, 0xe6, 0xe5, 0xff, 0xe8, 0xe6, 0xe5, 0xff, 0xe8, 0xe6, 0xe5, 0xff, 0xe8, 0xe6, 0xe5, 0xff,
    0xe9, 0xe7, 0xe6, 0xff, 0xdb, 0xd8, 0xd6, 0xff, 0xd8, 0xd5, 0xd3, 0xff, 0xd8, 0xd5, 0xd4, 0xff,
    0xdc, 0xd8, 0xd4, 0xff, 0xa6, 0xa9, 0xd8, 0xff, 0x34, 0x3f, 0xd1, 0xff, 0x29, 0x34, 0xcb, 0xff,
    0x2e, 0x39, 0xcc, 0xff, 0x2d, 0x38, 0xcc, 0xff, 0x2d, 0x38, 0xcc, 0xff, 0x2d, 0x38, 0xcc, 0xff,
    0x2d, 0x38, 0xcc, 0xff, 0x2d, 0x38, 0xcc, 0xff, 0x2d, 0x38, 0xcc, 0xff, 0x2d, 0x38, 0xcc, 0xff,
    0x2d, 0x38, 0xcc, 0xff, 0x2d, 0x37, 0xca, 0xff, 0x2f, 0x3a, 0xd3, 0xff, 0x37, 0x44, 0xf8, 0xff,
    0x36, 0x43, 0xf3, 0xff, 0x36, 0x43, 0xf4, 0xff, 0x36, 0x43, 0xf4, 0xff, 0x36, 0x43, 0xf4, 0xff,
    0x36, 0x43, 0xf4, 0xff, 0x36, 0x43, 0xf4, 0xff, 0x36, 0x43, 0xf4, 0xff, 0x36, 0x43, 0xf4, 0xff,
    0x35, 0x42, 0xf2, 0xfd, 0x36, 0x43, 0xf8, 0xfc, 0x38, 0x46, 0xfb, 0xfd, 0x35, 0x42, 0xee, 0x8a,
    0x48, 0x48, 0xff, 0x07, 0x3f, 0x3f, 0xbf, 0x04, 0x00, 0xff, 0xff, 0x01, 0x00, 0x00, 0x00, 0x00,
    0x00, 0x00, 0x00, 0x00, 0x00, 0x00, 0x00, 0x00, 0x00, 0x00, 0x00, 0x00, 0x00, 0x00, 0x00, 0x00,
    0x00, 0x00, 0x00, 0x00, 0x00, 0x00, 0x00, 0x00, 0x00, 0x00, 0x00, 0x00, 0x00, 0x00, 0x00, 0x00,
    0x00, 0x00, 0x00, 0x00, 0x00, 0x00, 0x00, 0x00, 0x00, 0x00, 0x00, 0x00, 0x00, 0x00, 0x00, 0x00,
    0x00, 0x00, 0x00, 0x00, 0x00, 0x00, 0x00, 0x00, 0x00, 0x00, 0x00, 0x00, 0x00, 0x00, 0x00, 0x00,
    0x00, 0x00, 0x00, 0x00, 0x00, 0x00, 0x00, 0x00, 0x00, 0x00, 0x00, 0x00, 0x00, 0x00, 0x00, 0x00,
    0x00, 0x00, 0x00, 0x00, 0x00, 0x00, 0x00, 0x00, 0x00, 0x00, 0x00, 0x00, 0x00, 0x00, 0x00, 0x00,
    0x00, 0x00, 0x00, 0x00, 0x00, 0x00, 0x00, 0x00, 0x00, 0x00, 0x00, 0x00, 0x00, 0x00, 0x00, 0x00,
    0x00, 0x00, 0x00, 0x00, 0x00, 0x00, 0x00, 0x00, 0x00, 0x00, 0x00, 0x00, 0x00, 0x00, 0x00, 0x00,
    0x00, 0x00, 0x00, 0x00, 0x00, 0x00, 0x00, 0x00, 0x00, 0x00, 0x00, 0x00, 0x00, 0x00, 0x00, 0x00,
    0x00, 0x00, 0x00, 0x00, 0x00, 0x00, 0x00, 0x00, 0x00, 0x00, 0x00, 0x00, 0x00, 0x00, 0x00, 0x00,
    0x00, 0x00, 0x00, 0x00, 0x00, 0x00, 0x00, 0x00, 0x00, 0x00, 0x00, 0x00, 0x00, 0x00, 0x00, 0x00,
    0x00, 0x00, 0x00, 0x00, 0x00, 0x00, 0x00, 0x00, 0xdf, 0xdf, 0xdf, 0x08, 0x00, 0x00, 0x00, 0x00,
    0xe8, 0xe6, 0xe5, 0x9f, 0xfe, 0xfb, 0xfa, 0xff, 0xe7, 0xe5, 0xe4, 0xfb, 0xe8, 0xe6, 0xe5, 0xff,
    0xe8, 0xe6, 0xe5, 0xff, 0xe8, 0xe6, 0xe5, 0xff, 0xe8, 0xe6, 0xe5, 0xff, 0xe8, 0xe6, 0xe5, 0xff,
    0xe8, 0xe6, 0xe5, 0xff, 0xe8, 0xe6, 0xe5, 0xff, 0xe9, 0xe7, 0xe6, 0xff, 0xdb, 0xd8, 0xd6, 0xff,
    0xd8, 0xd5, 0xd3, 0xff, 0xd9, 0xd6, 0xd4, 0xff, 0xd7, 0xd4, 0xd4, 0xff, 0xe4, 0xe0, 0xd3, 0xff,
    0x92, 0x95, 0xd8, 0xff, 0x35, 0x3f, 0xd1, 0xff, 0x27, 0x33, 0xcb, 0xff, 0x2f, 0x3a, 0xcc, 0xff,
    0x2d, 0x38, 0xcc, 0xff, 0x2d, 0x38, 0xcc, 0xff, 0x2d, 0x38, 0xcc, 0xff, 0x2d, 0x38, 0xcc, 0xff,
    0x2d, 0x38, 0xcc, 0xff, 0x2d, 0x38, 0xcc, 0xff, 0x2d, 0x38, 0xcc, 0xff, 0x2d, 0x37, 0xca, 0xff,
    0x2f, 0x3a, 0xd3, 0xff, 0x37, 0x44, 0xf8, 0xff, 0x36, 0x43, 0xf3, 0xff, 0x36, 0x43, 0xf4, 0xff,
    0x36, 0x43, 0xf4, 0xff, 0x36, 0x43, 0xf4, 0xff, 0x36, 0x43, 0xf4, 0xff, 0x36, 0x43, 0xf4, 0xff,
    0x36, 0x43, 0xf4, 0xff, 0x35, 0x42, 0xf2, 0xfc, 0x37, 0x44, 0xf8, 0xff, 0x38, 0x47, 0xff, 0xff,
    0x35, 0x42, 0xf2, 0x9d, 0x35, 0x50, 0xff, 0x13, 0x00, 0x7f, 0xff, 0x02, 0x7f, 0x7f, 0xff, 0x02,
    0x00, 0x00, 0x00, 0x00, 0x00, 0x00, 0x00, 0x00, 0x00, 0x00, 0x00, 0x00, 0x00, 0x00, 0x00, 0x00,
    0x00, 0x00, 0x00, 0x00, 0x00, 0x00, 0x00, 0x00, 0x00, 0x00, 0x00, 0x00, 0x00, 0x00, 0x00, 0x00,
    0x00, 0x00, 0x00, 0x00, 0x00, 0x00, 0x00, 0x00, 0x00, 0x00, 0x00, 0x00, 0x00, 0x00, 0x00, 0x00,
    0x00, 0x00, 0x00, 0x00, 0x00, 0x00, 0x00, 0x00, 0x00, 0x00, 0x00, 0x00, 0x00, 0x00, 0x00, 0x00,
    0x00, 0x00, 0x00, 0x00, 0x00, 0x00, 0x00, 0x00, 0x00, 0x00, 0x00, 0x00, 0x00, 0x00, 0x00, 0x00,
    0x00, 0x00, 0x00, 0x00, 0x00, 0x00, 0x00, 0x00, 0x00, 0x00, 0x00, 0x00, 0x00, 0x00, 0x00, 0x00,
    0x00, 0x00, 0x00, 0x00, 0x00, 0x00, 0x00, 0x00, 0x00, 0x00, 0x00, 0x00, 0x00, 0x00, 0x00, 0x00,
    0x00, 0x00, 0x00, 0x00, 0x00, 0x00, 0x00, 0x00, 0x00, 0x00, 0x00, 0x00, 0x00, 0x00, 0x00, 0x00,
    0x00, 0x00, 0x00, 0x00, 0x00, 0x00, 0x00, 0x00, 0x00, 0x00, 0x00, 0x00, 0x00, 0x00, 0x00, 0x00,
    0x00, 0x00, 0x00, 0x00, 0x00, 0x00, 0x00, 0x00, 0x00, 0x00, 0x00, 0x00, 0x00, 0x00, 0x00, 0x00,
    0x00, 0x00, 0x00, 0x00, 0x00, 0x00, 0x00, 0x00, 0x00, 0x00, 0x00, 0x00, 0x00, 0x00, 0x00, 0x00,
    0x00, 0x00, 0x00, 0x00, 0x00, 0x00, 0x00, 0x00, 0x00, 0x00, 0x00, 0x00, 0x00, 0x00, 0x00, 0x00,
    0xdf, 0xdf, 0xdf, 0x08, 0x00, 0x00, 0x00, 0x00, 0xe8, 0xe6, 0xe5, 0x9f, 0xfe, 0xfb, 0xfa, 0xff,
    0xe7, 0xe5, 0xe4, 0xfb, 0xe8, 0xe6, 0xe5, 0xff, 0xe8, 0xe6, 0xe5, 0xff, 0xe8, 0xe6, 0xe5, 0xff,
    0xe8, 0xe6, 0xe5, 0xff, 0xe8, 0xe6, 0xe5, 0xff, 0xe8, 0xe6, 0xe5, 0xff, 0xe8, 0xe6, 0xe5, 0xff,
    0xe9, 0xe7, 0xe6, 0xff, 0xda, 0xd7, 0xd6, 0xff, 0xd7, 0xd4, 0xd3, 0xff, 0xd8, 0xd5, 0xd4, 0xff,
    0xd9, 0xd6, 0xd4, 0xff, 0xd4, 0xd2, 0xd4, 0xff, 0xe7, 0xe2, 0xd3, 0xff, 0x96, 0x99, 0xd7, 0xff,
    0x3e, 0x49, 0xd0, 0xff, 0x21, 0x2d, 0xcb, 0xff, 0x2e, 0x39, 0xcb, 0xff, 0x2f, 0x3a, 0xcc, 0xff,
    0x2d, 0x38, 0xcc, 0xff, 0x2d, 0x38, 0xcc, 0xff, 0x2d, 0x38, 0xcc, 0xff, 0x2d, 0x38, 0xcc, 0xff,
    0x2d, 0x38, 0xcc, 0xff, 0x2d, 0x37, 0xca, 0xff, 0x2f, 0x3a, 0xd3, 0xff, 0x37, 0x44, 0xf8, 0xff,
    0x36, 0x43, 0xf3, 0xff, 0x36, 0x43, 0xf4, 0xff, 0x36, 0x43, 0xf4, 0xff, 0x36, 0x43, 0xf4, 0xff,
    0x36, 0x43, 0xf4, 0xff, 0x35, 0x42, 0xf2, 0xfd, 0x35, 0x43, 0xf3, 0xfb, 0x38, 0x46, 0xff, 0xff,
    0x37, 0x44, 0xfa, 0xf8, 0x35, 0x43, 0xf1, 0x94, 0x39, 0x45, 0xff, 0x16, 0x00, 0x00, 0x00, 0x00,
    0x3f, 0x3f, 0xbf, 0x04, 0x00, 0x00, 0x00, 0x00, 0x00, 0x00, 0x00, 0x00, 0x00, 0x00, 0x00, 0x00,
    0x00, 0x00, 0x00, 0x00, 0x00, 0x00, 0x00, 0x00, 0x00, 0x00, 0x00, 0x00, 0x00, 0x00, 0x00, 0x00,
    0x00, 0x00, 0x00, 0x00, 0x00, 0x00, 0x00, 0x00, 0x00, 0x00, 0x00, 0x00, 0x00, 0x00, 0x00, 0x00,
    0x00, 0x00, 0x00, 0x00, 0x00, 0x00, 0x00, 0x00, 0x00, 0x00, 0x00, 0x00, 0x00, 0x00, 0x00, 0x00,
    0x00, 0x00, 0x00, 0x00, 0x00, 0x00, 0x00, 0x00, 0x00, 0x00, 0x00, 0x00, 0x00, 0x00, 0x00, 0x00,
    0x00, 0x00, 0x00, 0x00, 0x00, 0x00, 0x00, 0x00, 0x00, 0x00, 0x00, 0x00, 0x00, 0x00, 0x00, 0x00,
    0x00, 0x00, 0x00, 0x00, 0x00, 0x00, 0x00, 0x00, 0x00, 0x00, 0x00, 0x00, 0x00, 0x00, 0x00, 0x00,
    0x00, 0x00, 0x00, 0x00, 0x00, 0x00, 0x00, 0x00, 0x00, 0x00, 0x00, 0x00, 0x00, 0x00, 0x00, 0x00,
    0x00, 0x00, 0x00, 0x00, 0x00, 0x00, 0x00, 0x00, 0x00, 0x00, 0x00, 0x00, 0x00, 0x00, 0x00, 0x00,
    0x00, 0x00, 0x00, 0x00, 0x00, 0x00, 0x00, 0x00, 0x00, 0x00, 0x00, 0x00, 0x00, 0x00, 0x00, 0x00,
    0x00, 0x00, 0x00, 0x00, 0x00, 0x00, 0x00, 0x00, 0x00, 0x00, 0x00, 0x00, 0x00, 0x00, 0x00, 0x00,
    0x00, 0x00, 0x00, 0x00, 0x00, 0x00, 0x00, 0x00, 0x00, 0x00, 0x00, 0x00, 0x00, 0x00, 0x00, 0x00,
    0x00, 0x00, 0x00, 0x00, 0x00, 0x00, 0x00, 0x00, 0xdf, 0xdf, 0xdf, 0x08, 0x00, 0x00, 0x00, 0x00,
    0xea, 0xe8, 0xe6, 0x9f, 0xff, 0xfd, 0xfc, 0xff, 0xe9, 0xe7, 0xe6, 0xfb, 0xea, 0xe8, 0xe7, 0xff,
    0xea, 0xe8, 0xe7, 0xff, 0xea, 0xe8, 0xe7, 0xff, 0xea, 0xe8, 0xe7, 0xff, 0xea, 0xe8, 0xe7, 0xff,
    0xea, 0xe8, 0xe7, 0xff, 0xea, 0xe8, 0xe7, 0xff, 0xea, 0xe9, 0xe8, 0xff, 0xde, 0xdb, 0xd8, 0xff,
    0xdb, 0xd8, 0xd5, 0xff, 0xdc, 0xd9, 0xd6, 0xff, 0xdc, 0xd9, 0xd6, 0xff, 0xdc, 0xd9, 0xd6, 0xff,
    0xd8, 0xd5, 0xd7, 0xff, 0xe8, 0xe4, 0xd6, 0xff, 0xab, 0xac, 0xda, 0xff, 0x60, 0x66, 0xd5, 0xff,
    0x26, 0x32, 0xd2, 0xff, 0x26, 0x32, 0xcc, 0xff, 0x2d, 0x37, 0xcb, 0xfc, 0x2c, 0x37, 0xcb, 0xfb,
    0x2d, 0x38, 0xcc, 0xfd, 0x2d, 0x38, 0xcc, 0xfe, 0x2d, 0x38, 0xcc, 0xff, 0x2d, 0x37, 0xca, 0xff,
    0x2f, 0x3a, 0xd3, 0xff, 0x37, 0x44, 0xf8, 0xff, 0x36, 0x43, 0xf2, 0xfe, 0x36, 0x43, 0xf3, 0xfe,
    0x35, 0x42, 0xf3, 0xfd, 0x35, 0x43, 0xf3, 0xfb, 0x35, 0x43, 0xf4, 0xfb, 0x38, 0x46, 0xff, 0xff,
    0x39, 0x47, 0xff, 0xff, 0x37, 0x44, 0xfb, 0xd4, 0x33, 0x44, 0xf0, 0x6c, 0x01, 0x00, 0x00, 0x00,
    0x00, 0x00, 0x00, 0x00, 0x55, 0x55, 0xff, 0x03, 0x00, 0x00, 0x00, 0x00, 0x00, 0x00, 0x00, 0x00,
    0x00, 0x00, 0x00, 0x00, 0x00, 0x00, 0x00, 0x00, 0x00, 0x00, 0x00, 0x00, 0x00, 0x00, 0x00, 0x00,
    0x00, 0x00, 0x00, 0x00, 0x00, 0x00, 0x00, 0x00, 0x00, 0x00, 0x00, 0x00, 0x00, 0x00, 0x00, 0x00,
    0x00, 0x00, 0x00, 0x00, 0x00, 0x00, 0x00, 0x00, 0x00, 0x00, 0x00, 0x00, 0x00, 0x00, 0x00, 0x00,
    0x00, 0x00, 0x00, 0x00, 0x00, 0x00, 0x00, 0x00, 0x00, 0x00, 0x00, 0x00, 0x00, 0x00, 0x00, 0x00,
    0x00, 0x00, 0x00, 0x00, 0x00, 0x00, 0x00, 0x00, 0x00, 0x00, 0x00, 0x00, 0x00, 0x00, 0x00, 0x00,
    0x00, 0x00, 0x00, 0x00, 0x00, 0x00, 0x00, 0x00, 0x00, 0x00, 0x00, 0x00, 0x00, 0x00, 0x00, 0x00,
    0x00, 0x00, 0x00, 0x00, 0x00, 0x00, 0x00, 0x00, 0x00, 0x00, 0x00, 0x00, 0x00, 0x00, 0x00, 0x00,
    0x00, 0x00, 0x00, 0x00, 0x00, 0x00, 0x00, 0x00, 0x00, 0x00, 0x00, 0x00, 0x00, 0x00, 0x00, 0x00,
    0x00, 0x00, 0x00, 0x00, 0x00, 0x00, 0x00, 0x00, 0x00, 0x00, 0x00, 0x00, 0x00, 0x00, 0x00, 0x00,
    0x00, 0x00, 0x00, 0x00, 0x00, 0x00, 0x00, 0x00, 0x00, 0x00, 0x00, 0x00, 0x00, 0x00, 0x00, 0x00,
    0x00, 0x00, 0x00, 0x00, 0x00, 0x00, 0x00, 0x00, 0x00, 0x00, 0x00, 0x00, 0x00, 0x00, 0x00, 0x00,
    0x00, 0x00, 0x00, 0x00, 0x00, 0x00, 0x00, 0x00, 0x00, 0x00, 0x00, 0x00, 0x00, 0x00, 0x00, 0x00,
    0xdf, 0xdf, 0xdf, 0x08, 0x00, 0x00, 0x00, 0x00, 0xe2, 0xe0, 0xdd, 0x9f, 0xf7, 0xf4, 0xf2, 0xff,
    0xe1, 0xde, 0xdd, 0xfb, 0xe2, 0xdf, 0xde, 0xff, 0xe2, 0xdf, 0xde, 0xff, 0xe2, 0xdf, 0xde, 0xff,
    0xe2, 0xdf, 0xde, 0xff, 0xe2, 0xdf, 0xde, 0xff, 0xe2, 0xdf, 0xde, 0xff, 0xe1, 0xdf, 0xdd, 0xff,
    0xe3, 0xe1, 0xdf, 0xff, 0xd0, 0xcd, 0xcc, 0xff, 0xcc, 0xca, 0xc9, 0xff, 0xcd, 0xcb, 0xca, 0xff,
    0xcd, 0xcb, 0xca, 0xff, 0xcd, 0xcb, 0xca, 0xff, 0xcd, 0xcb, 0xca, 0xff, 0xc9, 0xc8, 0xca, 0xff,
    0xd6, 0xd4, 0xc9, 0xff, 0xc3, 0xc2, 0xcd, 0xff, 0x74, 0x79, 0xcc, 0xff, 0x4a, 0x52, 0xce, 0xff,
    0x2f, 0x3b, 0xdc, 0xff, 0x31, 0x3d, 0xdc, 0xff, 0x2e, 0x39, 0xcf, 0xff, 0x2c, 0x37, 0xca, 0xfd,
    0x2c, 0x38, 0xca, 0xfa, 0x2d, 0x36, 0xc9, 0xf9, 0x2f, 0x3a, 0xd2, 0xf9, 0x37, 0x44, 0xf7, 0xfa,
    0x36, 0x42, 0xf3, 0xfc, 0x36, 0x44, 0xf6, 0xff, 0x38, 0x45, 0xfc, 0xff, 0x3a, 0x48, 0xff, 0xff,
    0x39, 0x47, 0xff, 0xff, 0x36, 0x43, 0xf6, 0xda, 0x36, 0x41, 0xf4, 0x97, 0x35, 0x3f, 0xf0, 0x34,
    0x00, 0x00, 0x00, 0x00, 0x00, 0x00, 0xff, 0x02, 0x00, 0x00, 0xff, 0x02, 0x00, 0x00, 0x00, 0x00,
    0x00, 0x00, 0x00, 0x00, 0x00, 0x00, 0x00, 0x00, 0x00, 0x00, 0x00, 0x00, 0x00, 0x00, 0x00, 0x00,
    0x00, 0x00, 0x00, 0x00, 0x00, 0x00, 0x00, 0x00, 0x00, 0x00, 0x00, 0x00, 0x00, 0x00, 0x00, 0x00,
    0x00, 0x00, 0x00, 0x00, 0x00, 0x00, 0x00, 0x00, 0x00, 0x00, 0x00, 0x00, 0x00, 0x00, 0x00, 0x00,
    0x00, 0x00, 0x00, 0x00, 0x00, 0x00, 0x00, 0x00, 0x00, 0x00, 0x00, 0x00, 0x00, 0x00, 0x00, 0x00,
    0x00, 0x00, 0x00, 0x00, 0x00, 0x00, 0x00, 0x00, 0x00, 0x00, 0x00, 0x00, 0x00, 0x00, 0x00, 0x00,
    0x00, 0x00, 0x00, 0x00, 0x00, 0x00, 0x00, 0x00, 0x00, 0x00, 0x00, 0x00, 0x00, 0x00, 0x00, 0x00,
    0x00, 0x00, 0x00, 0x00, 0x00, 0x00, 0x00, 0x00, 0x00, 0x00, 0x00, 0x00, 0x00, 0x00, 0x00, 0x00,
    0x00, 0x00, 0x00, 0x00, 0x00, 0x00, 0x00, 0x00, 0x00, 0x00, 0x00, 0x00, 0x00, 0x00, 0x00, 0x00,
    0x00, 0x00, 0x00, 0x00, 0x00, 0x00, 0x00, 0x00, 0x00, 0x00, 0x00, 0x00, 0x00, 0x00, 0x00, 0x00,
    0x00, 0x00, 0x00, 0x00, 0x00, 0x00, 0x00, 0x00, 0x00, 0x00, 0x00, 0x00, 0x00, 0x00, 0x00, 0x00,
    0x00, 0x00, 0x00, 0x00, 0x00, 0x00, 0x00, 0x00, 0x00, 0x00, 0x00, 0x00, 0x00, 0x00, 0x00, 0x00,
    0x00, 0x00, 0x00, 0x00, 0x00, 0x00, 0x00, 0x00, 0x00, 0x00, 0x00, 0x00, 0x00, 0x00, 0x00, 0x00,
    0x00, 0x00, 0x00, 0x00, 0x00, 0x00, 0x00, 0x00, 0xbf, 0xbf, 0xbf, 0x08, 0x00, 0x00, 0x00, 0x00,
    0xd8, 0xd5, 0xd2, 0x9f, 0xeb, 0xe8, 0xe6, 0xff, 0xd6, 0xd3, 0xd1, 0xfb, 0xd7, 0xd4, 0xd2, 0xff,
    0xd7, 0xd4, 0xd2, 0xff, 0xd7, 0xd4, 0xd2, 0xff, 0xd7, 0xd4, 0xd2, 0xff, 0xd7, 0xd4, 0xd2, 0xff,
    0xd7, 0xd4, 0xd2, 0xff, 0xd6, 0xd3, 0xd1, 0xff, 0xd9, 0xd6, 0xd4, 0xff, 0xbd, 0xbc, 0xbc, 0xff,
    0xb8, 0xb8, 0xb8, 0xff, 0xb9, 0xb9, 0xb9, 0xff, 0xb9, 0xb9, 0xb9, 0xff, 0xb9, 0xb9, 0xb9, 0xff,
    0xb9, 0xb9, 0xb9, 0xff, 0xb9, 0xb9, 0xb9, 0xff, 0xb6, 0xb6, 0xb9, 0xff, 0xbb, 0xbb, 0xb9, 0xff,
    0xcb, 0xca, 0xbb, 0xff, 0xa3, 0xa4, 0xc4, 0xf8, 0x2a, 0x37, 0xd8, 0x7d, 0x30, 0x3a, 0xcf, 0xaa,
    0x2d, 0x38, 0xd2, 0xe9, 0x30, 0x3c, 0xd9, 0xff, 0x32, 0x3d, 0xe1, 0xff, 0x31, 0x3e, 0xe0, 0xff,
    0x33, 0x40, 0xe9, 0xff, 0x3c, 0x4a, 0xff, 0xff, 0x38, 0x46, 0xff, 0xff, 0x36, 0x42, 0xf2, 0xf8,
    0x36, 0x43, 0xf4, 0xdc, 0x37, 0x44, 0xf5, 0xb4, 0x35, 0x43, 0xf3, 0x85, 0x32, 0x3e, 0xee, 0x3d,
    0x00, 0x00, 0x00, 0x00, 0x00, 0x00, 0x00, 0x00, 0x2a, 0x2a, 0xff, 0x06, 0x00, 0x00, 0xff, 0x01,
    0x00, 0x00, 0x00, 0x00, 0x00, 0x00, 0x00, 0x00, 0x00, 0x00, 0x00, 0x00, 0x00, 0x00, 0x00, 0x00,
    0x00, 0x00, 0x00, 0x00, 0x00, 0x00, 0x00, 0x00, 0x00, 0x00, 0x00, 0x00, 0x00, 0x00, 0x00, 0x00,
    0x00, 0x00, 0x00, 0x00, 0x00, 0x00, 0x00, 0x00, 0x00, 0x00, 0x00, 0x00, 0x00, 0x00, 0x00, 0x00,
    0x00, 0x00, 0x00, 0x00, 0x00, 0x00, 0x00, 0x00, 0x00, 0x00, 0x00, 0x00, 0x00, 0x00, 0x00, 0x00,
    0x00, 0x00, 0x00, 0x00, 0x00, 0x00, 0x00, 0x00, 0x00, 0x00, 0x00, 0x00, 0x00, 0x00, 0x00, 0x00,
    0x00, 0x00, 0x00, 0x00, 0x00, 0x00, 0x00, 0x00, 0x00, 0x00, 0x00, 0x00, 0x00, 0x00, 0x00, 0x00,
    0x00, 0x00, 0x00, 0x00, 0x00, 0x00, 0x00, 0x00, 0x00, 0x00, 0x00, 0x00, 0x00, 0x00, 0x00, 0x00,
    0x00, 0x00, 0x00, 0x00, 0x00, 0x00, 0x00, 0x00, 0x00, 0x00, 0x00, 0x00, 0x00, 0x00, 0x00, 0x00,
    0x00, 0x00, 0x00, 0x00, 0x00, 0x00, 0x00, 0x00, 0x00, 0x00, 0x00, 0x00, 0x00, 0x00, 0x00, 0x00,
    0x00, 0x00, 0x00, 0x00, 0x00, 0x00, 0x00, 0x00, 0x00, 0x00, 0x00, 0x00, 0x00, 0x00, 0x00, 0x00,
    0x00, 0x00, 0x00, 0x00, 0x00, 0x00, 0x00, 0x00, 0x00, 0x00, 0x00, 0x00, 0x00, 0x00, 0x00, 0x00,
    0x00, 0x00, 0x00, 0x00, 0x00, 0x00, 0x00, 0x00, 0x00, 0x00, 0x00, 0x00, 0x00, 0x00, 0x00, 0x00,
    0x00, 0x00, 0x00, 0x00, 0x00, 0x00, 0x00, 0x00, 0x00, 0x00, 0x00, 0x00, 0x00, 0x00, 0x00, 0x00,
    0xbf, 0xbf, 0xbf, 0x08, 0x00, 0x00, 0x00, 0x00, 0xda, 0xd6, 0xd3, 0x9f, 0xed, 0xea, 0xe9, 0xff,
    0xd8, 0xd5, 0xd3, 0xfb, 0xd9, 0xd6, 0xd4, 0xff, 0xd9, 0xd6, 0xd4, 0xff, 0xd9, 0xd6, 0xd4, 0xff,
    0xd9, 0xd6, 0xd4, 0xff, 0xd9, 0xd6, 0xd4, 0xff, 0xd9, 0xd6, 0xd4, 0xff, 0xd8, 0xd5, 0xd4, 0xff,
    0xdb, 0xd8, 0xd6, 0xff, 0xc1, 0xc0, 0xc0, 0xff, 0xbc, 0xbc, 0xbc, 0xff, 0xbd, 0xbd, 0xbd, 0xff,
    0xbd, 0xbd, 0xbd, 0xff, 0xbd, 0xbd, 0xbd, 0xff, 0xbd, 0xbd, 0xbd, 0xff, 0xbd, 0xbd, 0xbd, 0xff,
    0xbd, 0xbd, 0xbd, 0xff, 0xbb, 0xbb, 0xbd, 0xff, 0xbc, 0xbc, 0xc0, 0xff, 0xc0, 0xc0, 0xba, 0xf2,
    0x00, 0x00, 0x00, 0x00, 0x7f, 0x7f, 0xff, 0x06, 0x31, 0x3e, 0xde, 0x4e, 0x31, 0x3c, 0xd8, 0x72,
    0x2f, 0x39, 0xd3, 0x80, 0x2c, 0x39, 0xcd, 0x85, 0x2e, 0x39, 0xd4, 0x85, 0x37, 0x43, 0xf5, 0x81,
    0x36, 0x43, 0xf4, 0x75, 0x36, 0x41, 0xf1, 0x5e, 0x38, 0x44, 0xf6, 0x3f, 0x2d, 0x3c, 0xf0, 0x11,
    0x00, 0x00, 0x00, 0x00, 0x00, 0x00, 0x00, 0x00, 0x3f, 0x3f, 0xbf, 0x04, 0x55, 0x55, 0xff, 0x03,
    0x00, 0x00, 0x00, 0x00, 0x00, 0x00, 0x00, 0x00, 0x00, 0x00, 0x00, 0x00, 0x00, 0x00, 0x00, 0x00,
    0x00, 0x00, 0x00, 0x00, 0x00, 0x00, 0x00, 0x00, 0x00, 0x00, 0x00, 0x00, 0x00, 0x00, 0x00, 0x00,
    0x00, 0x00, 0x00, 0x00, 0x00, 0x00, 0x00, 0x00, 0x00, 0x00, 0x00, 0x00, 0x00, 0x00, 0x00, 0x00,
    0x00, 0x00, 0x00, 0x00, 0x00, 0x00, 0x00, 0x00, 0x00, 0x00, 0x00, 0x00, 0x00, 0x00, 0x00, 0x00,
    0x00, 0x00, 0x00, 0x00, 0x00, 0x00, 0x00, 0x00, 0x00, 0x00, 0x00, 0x00, 0x00, 0x00, 0x00, 0x00,
    0x00, 0x00, 0x00, 0x00, 0x00, 0x00, 0x00, 0x00, 0x00, 0x00, 0x00, 0x00, 0x00, 0x00, 0x00, 0x00,
    0x00, 0x00, 0x00, 0x00, 0x00, 0x00, 0x00, 0x00, 0x00, 0x00, 0x00, 0x00, 0x00, 0x00, 0x00, 0x00,
    0x00, 0x00, 0x00, 0x00, 0x00, 0x00, 0x00, 0x00, 0x00, 0x00, 0x00, 0x00, 0x00, 0x00, 0x00, 0x00,
    0x00, 0x00, 0x00, 0x00, 0x00, 0x00, 0x00, 0x00, 0x00, 0x00, 0x00, 0x00, 0x00, 0x00, 0x00, 0x00,
    0x00, 0x00, 0x00, 0x00, 0x00, 0x00, 0x00, 0x00, 0x00, 0x00, 0x00, 0x00, 0x00, 0x00, 0x00, 0x00,
    0x00, 0x00, 0x00, 0x00, 0x00, 0x00, 0x00, 0x00, 0x00, 0x00, 0x00, 0x00, 0x00, 0x00, 0x00, 0x00,
    0x00, 0x00, 0x00, 0x00, 0x00, 0x00, 0x00, 0x00, 0x00, 0x00, 0x00, 0x00, 0x00, 0x00, 0x00, 0x00,
    0x00, 0x00, 0x00, 0x00, 0x00, 0x00, 0x00, 0x00, 0x00, 0x00, 0x00, 0x00, 0x00, 0x00, 0x00, 0x00,
    0x00, 0x00, 0x00, 0x00, 0x00, 0x00, 0x00, 0x00, 0xbf, 0xbf, 0xbf, 0x08, 0x00, 0x00, 0x00, 0x00,
    0xda, 0xd6, 0xd3, 0x9f, 0xed, 0xea, 0xe8, 0xff, 0xd8, 0xd5, 0xd3, 0xfb, 0xd9, 0xd6, 0xd4, 0xff,
    0xd9, 0xd6, 0xd4, 0xff, 0xd9, 0xd6, 0xd4, 0xff, 0xd9, 0xd6, 0xd4, 0xff, 0xd9, 0xd6, 0xd4, 0xff,
    0xd9, 0xd6, 0xd4, 0xff, 0xd8, 0xd5, 0xd3, 0xff, 0xdb, 0xd8, 0xd6, 0xff, 0xc0, 0xbf, 0xbf, 0xff,
    0xbb, 0xbb, 0xbb, 0xff, 0xbc, 0xbc, 0xbc, 0xff, 0xbc, 0xbc, 0xbc, 0xff, 0xbc, 0xbc, 0xbc, 0xff,
    0xbc, 0xbc, 0xbc, 0xff, 0xbc, 0xbc, 0xbc, 0xff, 0xbc, 0xbc, 0xbc, 0xff, 0xbc, 0xbc, 0xbc, 0xff,
    0xbf, 0xbf, 0xbf, 0xff, 0xbb, 0xbb, 0xbd, 0xf4, 0x2a, 0x2a, 0xd4, 0x06, 0xff, 0xff, 0x7f, 0x02,
    0x00, 0x00, 0x00, 0x00, 0x00, 0x00, 0x00, 0x00, 0x00, 0x00, 0x00, 0x00, 0x00, 0x00, 0x00, 0x00,
    0x00, 0x00, 0x00, 0x00, 0x00, 0x00, 0x00, 0x00, 0x00, 0x00, 0x00, 0x00, 0x00, 0x00, 0x00, 0x00,
    0x00, 0x00, 0x00, 0x00, 0x00, 0x00, 0x00, 0x00, 0x33, 0x33, 0xff, 0x05, 0x3f, 0x3f, 0xbf, 0x04,
    0x00, 0x00, 0xff, 0x01, 0x00, 0x00, 0x00, 0x00, 0x00, 0x00, 0x00, 0x00, 0x00, 0x00, 0x00, 0x00,
    0x00, 0x00, 0x00, 0x00, 0x00, 0x00, 0x00, 0x00, 0x00, 0x00, 0x00, 0x00, 0x00, 0x00, 0x00, 0x00,
    0x00, 0x00, 0x00, 0x00, 0x00, 0x00, 0x00, 0x00, 0x00, 0x00, 0x00, 0x00, 0x00, 0x00, 0x00, 0x00,
    0x00, 0x00, 0x00, 0x00, 0x00, 0x00, 0x00, 0x00, 0x00, 0x00, 0x00, 0x00, 0x00, 0x00, 0x00, 0x00,
    0x00, 0x00, 0x00, 0x00, 0x00, 0x00, 0x00, 0x00, 0x00, 0x00, 0x00, 0x00, 0x00, 0x00, 0x00, 0x00,
    0x00, 0x00, 0x00, 0x00, 0x00, 0x00, 0x00, 0x00, 0x00, 0x00, 0x00, 0x00, 0x00, 0x00, 0x00, 0x00,
    0x00, 0x00, 0x00, 0x00, 0x00, 0x00, 0x00, 0x00, 0x00, 0x00, 0x00, 0x00, 0x00, 0x00, 0x00, 0x00,
    0x00, 0x00, 0x00, 0x00, 0x00, 0x00, 0x00, 0x00, 0x00, 0x00, 0x00, 0x00, 0x00, 0x00, 0x00, 0x00,
    0x00, 0x00, 0x00, 0x00, 0x00, 0x00, 0x00, 0x00, 0x00, 0x00, 0x00, 0x00, 0x00, 0x00, 0x00, 0x00,
    0x00, 0x00, 0x00, 0x00, 0x00, 0x00, 0x00, 0x00, 0x00, 0x00, 0x00, 0x00, 0x00, 0x00, 0x00, 0x00,
    0x00, 0x00, 0x00, 0x00, 0x00, 0x00, 0x00, 0x00, 0x00, 0x00, 0x00, 0x00, 0x00, 0x00, 0x00, 0x00,
    0x00, 0x00, 0x00, 0x00, 0x00, 0x00, 0x00, 0x00, 0x00, 0x00, 0x00, 0x00, 0x00, 0x00, 0x00, 0x00,
    0x00, 0x00, 0x00, 0x00, 0x00, 0x00, 0x00, 0x00, 0x00, 0x00, 0x00, 0x00, 0x00, 0x00, 0x00, 0x00,
    0x00, 0x00, 0x00, 0x00, 0x00, 0x00, 0x00, 0x00, 0x00, 0x00, 0x00, 0x00, 0x00, 0x00, 0x00, 0x00,
    0xbf, 0xbf, 0xbf, 0x08, 0x00, 0x00, 0x00, 0x00, 0xda, 0xd6, 0xd3, 0x9f, 0xed, 0xea, 0xe9, 0xff,
    0xd8, 0xd5, 0xd3, 0xfb, 0xd9, 0xd6, 0xd4, 0xff, 0xd9, 0xd6, 0xd4, 0xff, 0xd9, 0xd6, 0xd4, 0xff,
    0xd9, 0xd6, 0xd4, 0xff, 0xd9, 0xd6, 0xd4, 0xff, 0xd9, 0xd6, 0xd4, 0xff, 0xd8, 0xd5, 0xd4, 0xff,
    0xdb, 0xd8, 0xd6, 0xff, 0xc1, 0xc0, 0xc0, 0xff, 0xbc, 0xbc, 0xbc, 0xff, 0xbd, 0xbd, 0xbd, 0xff,
    0xbd, 0xbd, 0xbd, 0xff, 0xbd, 0xbd, 0xbd, 0xff, 0xbd, 0xbd, 0xbd, 0xff, 0xbd, 0xbd, 0xbd, 0xff,
    0xbd, 0xbd, 0xbd, 0xff, 0xbd, 0xbd, 0xbd, 0xff, 0xc0, 0xc0, 0xc0, 0xff, 0xbd, 0xbd, 0xbd, 0xf4,
    0x00, 0x00, 0x00, 0x00, 0xaa, 0xaa, 0xff, 0x03, 0x3f, 0x3f, 0xff, 0x04, 0x2a, 0x2a, 0xd4, 0x06,
    0x2a, 0x2a, 0xd4, 0x06, 0x24, 0x24, 0xb6, 0x07, 0x24, 0x24, 0xb6, 0x07, 0x2a, 0x55, 0xff, 0x06,
    0x2a, 0x55, 0xff, 0x06, 0x33, 0x33, 0xff, 0x05, 0x3f, 0x3f, 0xff, 0x04, 0x00, 0x00, 0xff, 0x02,
    0x00, 0x00, 0x00, 0x00, 0x00, 0x00, 0x00, 0x00, 0x00, 0x00, 0x00, 0x00, 0x00, 0x00, 0x00, 0x00,
    0x00, 0x00, 0x00, 0x00, 0x00, 0x00, 0x00, 0x00, 0x00, 0x00, 0x00, 0x00, 0x00, 0x00, 0x00, 0x00,
    0x00, 0x00, 0x00, 0x00, 0x00, 0x00, 0x00, 0x00, 0x00, 0x00, 0x00, 0x00, 0x00, 0x00, 0x00, 0x00,
    0x00, 0x00, 0x00, 0x00, 0x00, 0x00, 0x00, 0x00, 0x00, 0x00, 0x00, 0x00, 0x00, 0x00, 0x00, 0x00,
    0x00, 0x00, 0x00, 0x00, 0x00, 0x00, 0x00, 0x00, 0x00, 0x00, 0x00, 0x00, 0x00, 0x00, 0x00, 0x00,
    0x00, 0x00, 0x00, 0x00, 0x00, 0x00, 0x00, 0x00, 0x00, 0x00, 0x00, 0x00, 0x00, 0x00, 0x00, 0x00,
    0x00, 0x00, 0x00, 0x00, 0x00, 0x00, 0x00, 0x00, 0x00, 0x00, 0x00, 0x00, 0x00, 0x00, 0x00, 0x00,
    0x00, 0x00, 0x00, 0x00, 0x00, 0x00, 0x00, 0x00, 0x00, 0x00, 0x00, 0x00, 0x00, 0x00, 0x00, 0x00,
    0x00, 0x00, 0x00, 0x00, 0x00, 0x00, 0x00, 0x00, 0x00, 0x00, 0x00, 0x00, 0x00, 0x00, 0x00, 0x00,
    0x00, 0x00, 0x00, 0x00, 0x00, 0x00, 0x00, 0x00, 0x00, 0x00, 0x00, 0x00, 0x00, 0x00, 0x00, 0x00,
    0x00, 0x00, 0x00, 0x00, 0x00, 0x00, 0x00, 0x00, 0x00, 0x00, 0x00, 0x00, 0x00, 0x00, 0x00, 0x00,
    0x00, 0x00, 0x00, 0x00, 0x00, 0x00, 0x00, 0x00, 0x00, 0x00, 0x00, 0x00, 0x00, 0x00, 0x00, 0x00,
    0x00, 0x00, 0x00, 0x00, 0x00, 0x00, 0x00, 0x00, 0x00, 0x00, 0x00, 0x00, 0x00, 0x00, 0x00, 0x00,
    0x00, 0x00, 0x00, 0x00, 0x00, 0x00, 0x00, 0x00, 0x00, 0x00, 0x00, 0x00, 0x00, 0x00, 0x00, 0x00,
    0x00, 0x00, 0x00, 0x00, 0x00, 0x00, 0x00, 0x00, 0xbf, 0xbf, 0xbf, 0x08, 0x00, 0x00, 0x00, 0x00,
    0xd8, 0xd5, 0xd0, 0x9f, 0xeb, 0xe8, 0xe6, 0xff, 0xd6, 0xd3, 0xd1, 0xfb, 0xd7, 0xd4, 0xd2, 0xff,
    0xd7, 0xd4, 0xd2, 0xff, 0xd7, 0xd4, 0xd2, 0xff, 0xd7, 0xd4, 0xd2, 0xff, 0xd7, 0xd4, 0xd2, 0xff,
    0xd7, 0xd4, 0xd2, 0xff, 0xd6, 0xd3, 0xd1, 0xff, 0xd9, 0xd6, 0xd4, 0xff, 0xbd, 0xbc, 0xbc, 0xff,
    0xb8, 0xb8, 0xb8, 0xff, 0xb9, 0xb9, 0xb9, 0xff, 0xb9, 0xb9, 0xb9, 0xff, 0xb9, 0xb9, 0xb9, 0xff,
    0xb9, 0xb9, 0xb9, 0xff, 0xb9, 0xb9, 0xb9, 0xff, 0xb9, 0xb9, 0xb9, 0xff, 0xb9, 0xb9, 0xb9, 0xff,
    0xbc, 0xbc, 0xbc, 0xff, 0xb8, 0xb8, 0xb8, 0xf4, 0x00, 0x00, 0x00, 0x00, 0xff, 0xff, 0xff, 0x02,
    0x00, 0x00, 0x00, 0x00, 0x00, 0x00, 0x00, 0x00, 0x00, 0x00, 0x00, 0x00, 0x00, 0x00, 0x00, 0x00,
    0x00, 0x00, 0x00, 0x00, 0x00, 0x00, 0x00, 0x00, 0x00, 0x00, 0x00, 0x00, 0x00, 0x00, 0x00, 0x00,
    0x00, 0x00, 0x00, 0x00, 0x00, 0x00, 0x00, 0x00, 0x00, 0x00, 0x00, 0x00, 0x00, 0x00, 0x00, 0x00,
    0x00, 0x00, 0x00, 0x00, 0x00, 0x00, 0x00, 0x00, 0x00, 0x00, 0x00, 0x00, 0x00, 0x00, 0x00, 0x00,
    0x00, 0x00, 0x00, 0x00, 0x00, 0x00, 0x00, 0x00, 0x00, 0x00, 0x00, 0x00, 0x00, 0x00, 0x00, 0x00,
    0x00, 0x00, 0x00, 0x00, 0x00, 0x00, 0x00, 0x00, 0x00, 0x00, 0x00, 0x00, 0x00, 0x00, 0x00, 0x00,
    0x00, 0x00, 0x00, 0x00, 0x00, 0x00, 0x00, 0x00, 0x00, 0x00, 0x00, 0x00, 0x00, 0x00, 0x00, 0x00,
    0x00, 0x00, 0x00, 0x00, 0x00, 0x00, 0x00, 0x00, 0x00, 0x00, 0x00, 0x00, 0x00, 0x00, 0x00, 0x00,
    0x00, 0x00, 0x00, 0x00, 0x00, 0x00, 0x00, 0x00, 0x00, 0x00, 0x00, 0x00, 0x00, 0x00, 0x00, 0x00,
    0x00, 0x00, 0x00, 0x00, 0x00, 0x00, 0x00, 0x00, 0x00, 0x00, 0x00, 0x00, 0x00, 0x00, 0x00, 0x00,
    0x00, 0x00, 0x00, 0x00, 0x00, 0x00, 0x00, 0x00, 0x00, 0x00, 0x00, 0x00, 0x00, 0x00, 0x00, 0x00,
    0x00, 0x00, 0x00, 0x00, 0x00, 0x00, 0x00, 0x00, 0x00, 0x00, 0x00, 0x00, 0x00, 0x00, 0x00, 0x00,
    0x00, 0x00, 0x00, 0x00, 0x00, 0x00, 0x00, 0x00, 0x00, 0x00, 0x00, 0x00, 0x00, 0x00, 0x00, 0x00,
    0x00, 0x00, 0x00, 0x00, 0x00, 0x00, 0x00, 0x00, 0x00, 0x00, 0x00, 0x00, 0x00, 0x00, 0x00, 0x00,
    0x00, 0x00, 0x00, 0x00, 0x00, 0x00, 0x00, 0x00, 0x00, 0x00, 0x00, 0x00, 0x00, 0x00, 0x00, 0x00,
    0x00, 0x00, 0x00, 0x00, 0x00, 0x00, 0x00, 0x00, 0x00, 0x00, 0x00, 0x00, 0x00, 0x00, 0x00, 0x00,
    0x00, 0x00, 0x00, 0x00, 0x00, 0x00, 0x00, 0x00, 0x00, 0x00, 0x00, 0x00, 0x00, 0x00, 0x00, 0x00,
    0xdf, 0xdf, 0xdf, 0x08, 0x00, 0x00, 0x00, 0x00, 0xe3, 0xe0, 0xde, 0x9f, 0xf7, 0xf4, 0xf3, 0xff,
    0xe1, 0xde, 0xdd, 0xfb, 0xe2, 0xdf, 0xde, 0xff, 0xe2, 0xdf, 0xde, 0xff, 0xe2, 0xdf, 0xde, 0xff,
    0xe2, 0xdf, 0xde, 0xff, 0xe2, 0xdf, 0xde, 0xff, 0xe2, 0xdf, 0xde, 0xff, 0xe1, 0xdf, 0xdd, 0xff,
    0xe3, 0xe1, 0xdf, 0xff, 0xd0, 0xcd, 0xcc, 0xff, 0xcc, 0xca, 0xc9, 0xff, 0xcd, 0xcb, 0xca, 0xff,
    0xcd, 0xcb, 0xca, 0xff, 0xcd, 0xcb, 0xca, 0xff, 0xcd, 0xcb, 0xca, 0xff, 0xcd, 0xcb, 0xca, 0xff,
    0xcd, 0xcb, 0xca, 0xff, 0xcd, 0xcb, 0xca, 0xff, 0xd0, 0xce, 0xcd, 0xff, 0xcc, 0xca, 0xc9, 0xf4,
    0x00, 0x00, 0x00, 0x00, 0xff, 0xff, 0xff, 0x02, 0x00, 0x00, 0x00, 0x00, 0x00, 0x00, 0x00, 0x00,
    0x00, 0x00, 0x00, 0x00, 0x00, 0x00, 0x00, 0x00, 0x00, 0x00, 0x00, 0x00, 0x00, 0x00, 0x00, 0x00,
    0x00, 0x00, 0x00, 0x00, 0x00, 0x00, 0x00, 0x00, 0x00, 0x00, 0x00, 0x00, 0x00, 0x00, 0x00, 0x00,
    0x00, 0x00, 0x00, 0x00, 0x00, 0x00, 0x00, 0x00, 0x00, 0x00, 0x00, 0x00, 0x00, 0x00, 0x00, 0x00,
    0x00, 0x00, 0x00, 0x00, 0x00, 0x00, 0x00, 0x00, 0x00, 0x00, 0x00, 0x00, 0x00, 0x00, 0x00, 0x00,
    0x00, 0x00, 0x00, 0x00, 0x00, 0x00, 0x00, 0x00, 0x00, 0x00, 0x00, 0x00, 0x00, 0x00, 0x00, 0x00,
    0x00, 0x00, 0x00, 0x00, 0x00, 0x00, 0x00, 0x00, 0x00, 0x00, 0x00, 0x00, 0x00, 0x00, 0x00, 0x00,
    0x00, 0x00, 0x00, 0x00, 0x00, 0x00, 0x00, 0x00, 0x00, 0x00, 0x00, 0x00, 0x00, 0x00, 0x00, 0x00,
    0x00, 0x00, 0x00, 0x00, 0x00, 0x00, 0x00, 0x00, 0x00, 0x00, 0x00, 0x00, 0x00, 0x00, 0x00, 0x00,
    0x00, 0x00, 0x00, 0x00, 0x00, 0x00, 0x00, 0x00, 0x00, 0x00, 0x00, 0x00, 0x00, 0x00, 0x00, 0x00,
    0x00, 0x00, 0x00, 0x00, 0x00, 0x00, 0x00, 0x00, 0x00, 0x00, 0x00, 0x00, 0x00, 0x00, 0x00, 0x00,
    0x00, 0x00, 0x00, 0x00, 0x00, 0x00, 0x00, 0x00, 0x00, 0x00, 0x00, 0x00, 0x00, 0x00, 0x00, 0x00,
    0x00, 0x00, 0x00, 0x00, 0x00, 0x00, 0x00, 0x00, 0x00, 0x00, 0x00, 0x00, 0x00, 0x00, 0x00, 0x00,
    0x00, 0x00, 0x00, 0x00, 0x00, 0x00, 0x00, 0x00, 0x00, 0x00, 0x00, 0x00, 0x00, 0x00, 0x00, 0x00,
    0x00, 0x00, 0x00, 0x00, 0x00, 0x00, 0x00, 0x00, 0x00, 0x00, 0x00, 0x00, 0x00, 0x00, 0x00, 0x00,
    0x00, 0x00, 0x00, 0x00, 0x00, 0x00, 0x00, 0x00, 0x00, 0x00, 0x00, 0x00, 0x00, 0x00, 0x00, 0x00,
    0x00, 0x00, 0x00, 0x00, 0x00, 0x00, 0x00, 0x00, 0x00, 0x00, 0x00, 0x00, 0x00, 0x00, 0x00, 0x00,
    0x00, 0x00, 0x00, 0x00, 0x00, 0x00, 0x00, 0x00, 0xda, 0xda, 0xda, 0x07, 0x00, 0x00, 0x00, 0x00,
    0xe9, 0xe7, 0xe6, 0x9b, 0xfd, 0xfa, 0xf9, 0xff, 0xe9, 0xe7, 0xe6, 0xfb, 0xea, 0xe8, 0xe7, 0xff,
    0xea, 0xe8, 0xe7, 0xff, 0xea, 0xe8, 0xe7, 0xff, 0xea, 0xe8, 0xe7, 0xff, 0xea, 0xe8, 0xe7, 0xff,
    0xea, 0xe8, 0xe7, 0xff, 0xea, 0xe8, 0xe7, 0xff, 0xea, 0xe9, 0xe8, 0xff, 0xde, 0xdb, 0xd8, 0xff,
    0xdb, 0xd8, 0xd5, 0xff, 0xdc, 0xd9, 0xd6, 0xff, 0xdc, 0xd9, 0xd6, 0xff, 0xdc, 0xd9, 0xd6, 0xff,
    0xdc, 0xd9, 0xd6, 0xff, 0xdc, 0xd9, 0xd6, 0xff, 0xdc, 0xd9, 0xd6, 0xff, 0xdc, 0xd9, 0xd6, 0xff,
    0xdf, 0xdc, 0xd9, 0xff, 0xdb, 0xd8, 0xd6, 0xf3, 0x00, 0x00, 0x00, 0x00, 0xff, 0xff, 0xff, 0x02,
    0x00, 0x00, 0x00, 0x00, 0x00, 0x00, 0x00, 0x00, 0x00, 0x00, 0x00, 0x00, 0x00, 0x00, 0x00, 0x00,
    0x00, 0x00, 0x00, 0x00, 0x00, 0x00, 0x00, 0x00, 0x00, 0x00, 0x00, 0x00, 0x00, 0x00, 0x00, 0x00,
    0x00, 0x00, 0x00, 0x00, 0x00, 0x00, 0x00, 0x00, 0x00, 0x00, 0x00, 0x00, 0x00, 0x00, 0x00, 0x00,
    0x00, 0x00, 0x00, 0x00, 0x00, 0x00, 0x00, 0x00, 0x00, 0x00, 0x00, 0x00, 0x00, 0x00, 0x00, 0x00,
    0x00, 0x00, 0x00, 0x00, 0x00, 0x00, 0x00, 0x00, 0x00, 0x00, 0x00, 0x00, 0x00, 0x00, 0x00, 0x00,
    0x00, 0x00, 0x00, 0x00, 0x00, 0x00, 0x00, 0x00, 0x00, 0x00, 0x00, 0x00, 0x00, 0x00, 0x00, 0x00,
    0x00, 0x00, 0x00, 0x00, 0x00, 0x00, 0x00, 0x00, 0x00, 0x00, 0x00, 0x00, 0x00, 0x00, 0x00, 0x00,
    0x00, 0x00, 0x00, 0x00, 0x00, 0x00, 0x00, 0x00, 0x00, 0x00, 0x00, 0x00, 0x00, 0x00, 0x00, 0x00,
    0x00, 0x00, 0x00, 0x00, 0x00, 0x00, 0x00, 0x00, 0x00, 0x00, 0x00, 0x00, 0x00, 0x00, 0x00, 0x00,
    0x00, 0x00, 0x00, 0x00, 0x00, 0x00, 0x00, 0x00, 0x00, 0x00, 0x00, 0x00, 0x00, 0x00, 0x00, 0x00,
    0x00, 0x00, 0x00, 0x00, 0x00, 0x00, 0x00, 0x00, 0x00, 0x00, 0x00, 0x00, 0x00, 0x00, 0x00, 0x00,
    0x00, 0x00, 0x00, 0x00, 0x00, 0x00, 0x00, 0x00, 0x00, 0x00, 0x00, 0x00, 0x00, 0x00, 0x00, 0x00,
    0x00, 0x00, 0x00, 0x00, 0x00, 0x00, 0x00, 0x00, 0x00, 0x00, 0x00, 0x00, 0x00, 0x00, 0x00, 0x00,
    0x00, 0x00, 0x00, 0x00, 0x00, 0x00, 0x00, 0x00, 0x00, 0x00, 0x00, 0x00, 0x00, 0x00, 0x00, 0x00,
    0x00, 0x00, 0x00, 0x00, 0x00, 0x00, 0x00, 0x00, 0x00, 0x00, 0x00, 0x00, 0x00, 0x00, 0x00, 0x00,
    0x00, 0x00, 0x00, 0x00, 0x00, 0x00, 0x00, 0x00, 0x00, 0x00, 0x00, 0x00, 0x00, 0x00, 0x00, 0x00,
    0x00, 0x00, 0x00, 0x00, 0x00, 0x00, 0x00, 0x00, 0x00, 0x00, 0x00, 0x00, 0x00, 0x00, 0x00, 0x00,
    0xff, 0xff, 0xff, 0x06, 0x00, 0x00, 0x00, 0x00, 0xe7, 0xe7, 0xe5, 0x8b, 0xf2, 0xf0, 0xef, 0xff,
    0xe6, 0xe4, 0xe3, 0xfe, 0xe7, 0xe5, 0xe4, 0xfe, 0xe8, 0xe6, 0xe5, 0xff, 0xe8, 0xe6, 0xe5, 0xff,
    0xe8, 0xe6, 0xe5, 0xff, 0xe8, 0xe6, 0xe5, 0xff, 0xe8, 0xe6, 0xe5, 0xff, 0xe8, 0xe6, 0xe5, 0xff,
    0xe9, 0xe7, 0xe6, 0xff, 0xda, 0xd7, 0xd6, 0xff, 0xd7, 0xd4, 0xd3, 0xff, 0xd8, 0xd5, 0xd4, 0xff,
    0xd8, 0xd5, 0xd4, 0xff, 0xd8, 0xd5, 0xd4, 0xff, 0xd8, 0xd5, 0xd4, 0xff, 0xd8, 0xd5, 0xd4, 0xff,
    0xd8, 0xd5, 0xd4, 0xff, 0xd8, 0xd5, 0xd4, 0xff, 0xdb, 0xd9, 0xd7, 0xff, 0xd8, 0xd4, 0xd4, 0xf0,
    0x00, 0x00, 0x00, 0x00, 0xff, 0xff, 0xff, 0x02, 0x00, 0x00, 0x00, 0x00, 0x00, 0x00, 0x00, 0x00,
    0x00, 0x00, 0x00, 0x00, 0x00, 0x00, 0x00, 0x00, 0x00, 0x00, 0x00, 0x00, 0x00, 0x00, 0x00, 0x00,
    0x00, 0x00, 0x00, 0x00, 0x00, 0x00, 0x00, 0x00, 0x00, 0x00, 0x00, 0x00, 0x00, 0x00, 0x00, 0x00,
    0x00, 0x00, 0x00, 0x00, 0x00, 0x00, 0x00, 0x00, 0x00, 0x00, 0x00, 0x00, 0x00, 0x00, 0x00, 0x00,
    0x00, 0x00, 0x00, 0x00, 0x00, 0x00, 0x00, 0x00, 0x00, 0x00, 0x00, 0x00, 0x00, 0x00, 0x00, 0x00,
    0x00, 0x00, 0x00, 0x00, 0x00, 0x00, 0x00, 0x00, 0x00, 0x00, 0x00, 0x00, 0x00, 0x00, 0x00, 0x00,
    0x00, 0x00, 0x00, 0x00, 0x00, 0x00, 0x00, 0x00, 0x00, 0x00, 0x00, 0x00, 0x00, 0x00, 0x00, 0x00,
    0x00, 0x00, 0x00, 0x00, 0x00, 0x00, 0x00, 0x00, 0x00, 0x00, 0x00, 0x00, 0x00, 0x00, 0x00, 0x00,
    0x00, 0x00, 0x00, 0x00, 0x00, 0x00, 0x00, 0x00, 0x00, 0x00, 0x00, 0x00, 0x00, 0x00, 0x00, 0x00,
    0x00, 0x00, 0x00, 0x00, 0x00, 0x00, 0x00, 0x00, 0x00, 0x00, 0x00, 0x00, 0x00, 0x00, 0x00, 0x00,
    0x00, 0x00, 0x00, 0x00, 0x00, 0x00, 0x00, 0x00, 0x00, 0x00, 0x00, 0x00, 0x00, 0x00, 0x00, 0x00,
    0x00, 0x00, 0x00, 0x00, 0x00, 0x00, 0x00, 0x00, 0x00, 0x00, 0x00, 0x00, 0x00, 0x00, 0x00, 0x00,
    0x00, 0x00, 0x00, 0x00, 0x00, 0x00, 0x00, 0x00, 0x00, 0x00, 0x00, 0x00, 0x00, 0x00, 0x00, 0x00,
    0x00, 0x00, 0x00, 0x00, 0x00, 0x00, 0x00, 0x00, 0x00, 0x00, 0x00, 0x00, 0x00, 0x00, 0x00, 0x00,
    0x00, 0x00, 0x00, 0x00, 0x00, 0x00, 0x00, 0x00, 0x00, 0x00, 0x00, 0x00, 0x00, 0x00, 0x00, 0x00,
    0x00, 0x00, 0x00, 0x00, 0x00, 0x00, 0x00, 0x00, 0x00, 0x00, 0x00, 0x00, 0x00, 0x00, 0x00, 0x00,
    0x00, 0x00, 0x00, 0x00, 0x00, 0x00, 0x00, 0x00, 0x00, 0x00, 0x00, 0x00, 0x00, 0x00, 0x00, 0x00,
    0x00, 0x00, 0x00, 0x00, 0x00, 0x00, 0x00, 0x00, 0xff, 0xff, 0xff, 0x05, 0x00, 0x00, 0x00, 0x00,
    0xe8, 0xe8, 0xe4, 0x72, 0xe8, 0xe6, 0xe5, 0xfa, 0xea, 0xe8, 0xe7, 0xff, 0xe7, 0xe5, 0xe4, 0xfe,
    0xe8, 0xe6, 0xe5, 0xff, 0xe8, 0xe6, 0xe5, 0xff, 0xe8, 0xe6, 0xe5, 0xff, 0xe8, 0xe6, 0xe5, 0xff,
    0xe8, 0xe6, 0xe5, 0xff, 0xe8, 0xe6, 0xe5, 0xff, 0xe9, 0xe7, 0xe6, 0xff, 0xdb, 0xd8, 0xd6, 0xff,
    0xd8, 0xd5, 0xd3, 0xff, 0xd9, 0xd6, 0xd4, 0xff, 0xd9, 0xd6, 0xd4, 0xff, 0xd9, 0xd6, 0xd4, 0xff,
    0xd9, 0xd6, 0xd4, 0xff, 0xd9, 0xd6, 0xd4, 0xff, 0xd9, 0xd6, 0xd4, 0xff, 0xd9, 0xd6, 0xd4, 0xff,
    0xdb, 0xd8, 0xd6, 0xff, 0xdb, 0xd8, 0xd8, 0xe5, 0x00, 0x00, 0x00, 0x00, 0xff, 0xff, 0xff, 0x02,
    0x00, 0x00, 0x00, 0x00, 0x00, 0x00, 0x00, 0x00, 0x00, 0x00, 0x00, 0x00, 0x00, 0x00, 0x00, 0x00,
    0x00, 0x00, 0x00, 0x00, 0x00, 0x00, 0x00, 0x00, 0x00, 0x00, 0x00, 0x00, 0x00, 0x00, 0x00, 0x00,
    0x00, 0x00, 0x00, 0x00, 0x00, 0x00, 0x00, 0x00, 0x00, 0x00, 0x00, 0x00, 0x00, 0x00, 0x00, 0x00,
    0x00, 0x00, 0x00, 0x00, 0x00, 0x00, 0x00, 0x00, 0x00, 0x00, 0x00, 0x00, 0x00, 0x00, 0x00, 0x00,
    0x00, 0x00, 0x00, 0x00, 0x00, 0x00, 0x00, 0x00, 0x00, 0x00, 0x00, 0x00, 0x00, 0x00, 0x00, 0x00,
    0x00, 0x00, 0x00, 0x00, 0x00, 0x00, 0x00, 0x00, 0x00, 0x00, 0x00, 0x00, 0x00, 0x00, 0x00, 0x00,
    0x00, 0x00, 0x00, 0x00, 0x00, 0x00, 0x00, 0x00, 0x00, 0x00, 0x00, 0x00, 0x00, 0x00, 0x00, 0x00,
    0x00, 0x00, 0x00, 0x00, 0x00, 0x00, 0x00, 0x00, 0x00, 0x00, 0x00, 0x00, 0x00, 0x00, 0x00, 0x00,
    0x00, 0x00, 0x00, 0x00, 0x00, 0x00, 0x00, 0x00, 0x00, 0x00, 0x00, 0x00, 0x00, 0x00, 0x00, 0x00,
    0x00, 0x00, 0x00, 0x00, 0x00, 0x00, 0x00, 0x00, 0x00, 0x00, 0x00, 0x00, 0x00, 0x00, 0x00, 0x00,
    0x00, 0x00, 0x00, 0x00, 0x00, 0x00, 0x00, 0x00, 0x00, 0x00, 0x00, 0x00, 0x00, 0x00, 0x00, 0x00,
    0x00, 0x00, 0x00, 0x00, 0x00, 0x00, 0x00, 0x00, 0x00, 0x00, 0x00, 0x00, 0x00, 0x00, 0x00, 0x00,
    0x00, 0x00, 0x00, 0x00, 0x00, 0x00, 0x00, 0x00, 0x00, 0x00, 0x00, 0x00, 0x00, 0x00, 0x00, 0x00,
    0x00, 0x00, 0x00, 0x00, 0x00, 0x00, 0x00, 0x00, 0x00, 0x00, 0x00, 0x00, 0x00, 0x00, 0x00, 0x00,
    0x00, 0x00, 0x00, 0x00, 0x00, 0x00, 0x00, 0x00, 0x00, 0x00, 0x00, 0x00, 0x00, 0x00, 0x00, 0x00,
    0x00, 0x00, 0x00, 0x00, 0x00, 0x00, 0x00, 0x00, 0x00, 0x00, 0x00, 0x00, 0x00, 0x00, 0x00, 0x00,
    0x00, 0x00, 0x00, 0x00, 0x00, 0x00, 0x00, 0x00, 0x00, 0x00, 0x00, 0x00, 0x00, 0x00, 0x00, 0x00,
    0xff, 0xff, 0xff, 0x04, 0x00, 0x00, 0x00, 0x00, 0xe7, 0xe3, 0xe3, 0x40, 0xe7, 0xe5, 0xe4, 0xdd,
    0xef, 0xee, 0xed, 0xfe, 0xe8, 0xe6, 0xe5, 0xfd, 0xe8, 0xe6, 0xe5, 0xff, 0xe8, 0xe6, 0xe5, 0xff,
    0xe8, 0xe6, 0xe5, 0xff, 0xe8, 0xe6, 0xe5, 0xff, 0xe8, 0xe6, 0xe5, 0xff, 0xe8, 0xe6, 0xe5, 0xff,
    0xe9, 0xe7, 0xe6, 0xff, 0xdb, 0xd8, 0xd6, 0xff, 0xd8, 0xd5, 0xd3, 0xff, 0xd9, 0xd6, 0xd4, 0xff,
    0xd9, 0xd6, 0xd4, 0xff, 0xd9, 0xd6, 0xd4, 0xff, 0xd9, 0xd6, 0xd4, 0xff, 0xd9, 0xd6, 0xd4, 0xff,
    0xd9, 0xd6, 0xd4, 0xff, 0xda, 0xd7, 0xd5, 0xff, 0xd9, 0xd6, 0xd5, 0xfd, 0xde, 0xdc, 0xd9, 0xb3,
    0x00, 0x00, 0x00, 0x00, 0xff, 0xff, 0xff, 0x01, 0x00, 0x00, 0x00, 0x00, 0x00, 0x00, 0x00, 0x00,
    0x00, 0x00, 0x00, 0x00, 0x00, 0x00, 0x00, 0x00, 0x00, 0x00, 0x00, 0x00, 0x00, 0x00, 0x00, 0x00,
    0x00, 0x00, 0x00, 0x00, 0x00, 0x00, 0x00, 0x00, 0x00, 0x00, 0x00, 0x00, 0x00, 0x00, 0x00, 0x00,
    0x00, 0x00, 0x00, 0x00, 0x00, 0x00, 0x00, 0x00, 0x00, 0x00, 0x00, 0x00, 0x00, 0x00, 0x00, 0x00,
    0x00, 0x00, 0x00, 0x00, 0x00, 0x00, 0x00, 0x00, 0x00, 0x00, 0x00, 0x00, 0x00, 0x00, 0x00, 0x00,
    0x00, 0x00, 0x00, 0x00, 0x00, 0x00, 0x00, 0x00, 0x00, 0x00, 0x00, 0x00, 0x00, 0x00, 0x00, 0x00,
    0x00, 0x00, 0x00, 0x00, 0x00, 0x00, 0x00, 0x00, 0x00, 0x00, 0x00, 0x00, 0x00, 0x00, 0x00, 0x00,
    0x00, 0x00, 0x00, 0x00, 0x00, 0x00, 0x00, 0x00, 0x00, 0x00, 0x00, 0x00, 0x00, 0x00, 0x00, 0x00,
    0x00, 0x00, 0x00, 0x00, 0x00, 0x00, 0x00, 0x00, 0x00, 0x00, 0x00, 0x00, 0x00, 0x00, 0x00, 0x00,
    0x00, 0x00, 0x00, 0x00, 0x00, 0x00, 0x00, 0x00, 0x00, 0x00, 0x00, 0x00, 0x00, 0x00, 0x00, 0x00,
    0x00, 0x00, 0x00, 0x00, 0x00, 0x00, 0x00, 0x00, 0x00, 0x00, 0x00, 0x00, 0x00, 0x00, 0x00, 0x00,
    0x00, 0x00, 0x00, 0x00, 0x00, 0x00, 0x00, 0x00, 0x00, 0x00, 0x00, 0x00, 0x00, 0x00, 0x00, 0x00,
    0x00, 0x00, 0x00, 0x00, 0x00, 0x00, 0x00, 0x00, 0x00, 0x00, 0x00, 0x00, 0x00, 0x00, 0x00, 0x00,
    0x00, 0x00, 0x00, 0x00, 0x00, 0x00, 0x00, 0x00, 0x00, 0x00, 0x00, 0x00, 0x00, 0x00, 0x00, 0x00,
    0x00, 0x00, 0x00, 0x00, 0x00, 0x00, 0x00, 0x00, 0x00, 0x00, 0x00, 0x00, 0x00, 0x00, 0x00, 0x00,
    0x00, 0x00, 0x00, 0x00, 0x00, 0x00, 0x00, 0x00, 0x00, 0x00, 0x00, 0x00, 0x00, 0x00, 0x00, 0x00,
    0x00, 0x00, 0x00, 0x00, 0x00, 0x00, 0x00, 0x00, 0x00, 0x00, 0x00, 0x00, 0x00, 0x00, 0x00, 0x00,
    0x00, 0x00, 0x00, 0x00, 0x00, 0x00, 0x00, 0x00, 0x7f, 0x7f, 0x7f, 0x02, 0xff, 0xff, 0xff, 0x03,
    0xe2, 0xe2, 0xe2, 0x09, 0xe7, 0xe5, 0xe5, 0xb6, 0xf7, 0xf5, 0xf4, 0xff, 0xe7, 0xe5, 0xe4, 0xfc,
    0xe8, 0xe6, 0xe5, 0xff, 0xe8, 0xe6, 0xe5, 0xff, 0xe8, 0xe6, 0xe5, 0xff, 0xe8, 0xe6, 0xe5, 0xff,
    0xe8, 0xe6, 0xe5, 0xff, 0xe8, 0xe6, 0xe5, 0xff, 0xe9, 0xe7, 0xe6, 0xff, 0xdb, 0xd8, 0xd6, 0xff,
    0xd8, 0xd5, 0xd3, 0xff, 0xd9, 0xd6, 0xd4, 0xff, 0xd9, 0xd6, 0xd4, 0xff, 0xd9, 0xd6, 0xd4, 0xff,
    0xd9, 0xd6, 0xd4, 0xff, 0xd9, 0xd6, 0xd4, 0xff, 0xd9, 0xd6, 0xd4, 0xff, 0xdb, 0xd8, 0xd6, 0xff,
    0xd8, 0xd6, 0xd3, 0xfd, 0xe4, 0xdb, 0xd7, 0x3a, 0x00, 0x00, 0x00, 0x00, 0x00, 0x00, 0x00, 0x00,
    0x00, 0x00, 0x00, 0x00, 0x00, 0x00, 0x00, 0x00, 0x00, 0x00, 0x00, 0x00, 0x00, 0x00, 0x00, 0x00,
    0x00, 0x00, 0x00, 0x00, 0x00, 0x00, 0x00, 0x00, 0x00, 0x00, 0x00, 0x00, 0x00, 0x00, 0x00, 0x00,
    0x00, 0x00, 0x00, 0x00, 0x00, 0x00, 0x00, 0x00, 0x00, 0x00, 0x00, 0x00, 0x00, 0x00, 0x00, 0x00,
    0x00, 0x00, 0x00, 0x00, 0x00, 0x00, 0x00, 0x00, 0x00, 0x00, 0x00, 0x00, 0x00, 0x00, 0x00, 0x00,
    0x00, 0x00, 0x00, 0x00, 0x00, 0x00, 0x00, 0x00, 0x00, 0x00, 0x00, 0x00, 0x00, 0x00, 0x00, 0x00,
    0x00, 0x00, 0x00, 0x00, 0x00, 0x00, 0x00, 0x00, 0x00, 0x00, 0x00, 0x00, 0x00, 0x00, 0x00, 0x00,
    0x00, 0x00, 0x00, 0x00, 0x00, 0x00, 0x00, 0x00, 0x00, 0x00, 0x00, 0x00, 0x00, 0x00, 0x00, 0x00,
    0x00, 0x00, 0x00, 0x00, 0x00, 0x00, 0x00, 0x00, 0x00, 0x00, 0x00, 0x00, 0x00, 0x00, 0x00, 0x00,
    0x00, 0x00, 0x00, 0x00, 0x00, 0x00, 0x00, 0x00, 0x00, 0x00, 0x00, 0x00, 0x00, 0x00, 0x00, 0x00,
    0x00, 0x00, 0x00, 0x00, 0x00, 0x00, 0x00, 0x00, 0x00, 0x00, 0x00, 0x00, 0x00, 0x00, 0x00, 0x00,
    0x00, 0x00, 0x00, 0x00, 0x00, 0x00, 0x00, 0x00, 0x00, 0x00, 0x00, 0x00, 0x00, 0x00, 0x00, 0x00,
    0x00, 0x00, 0x00, 0x00, 0x00, 0x00, 0x00, 0x00, 0x00, 0x00, 0x00, 0x00, 0x00, 0x00, 0x00, 0x00,
    0x00, 0x00, 0x00, 0x00, 0x00, 0x00, 0x00, 0x00, 0x00, 0x00, 0x00, 0x00, 0x00, 0x00, 0x00, 0x00,
    0x00, 0x00, 0x00, 0x00, 0x00, 0x00, 0x00, 0x00, 0x00, 0x00, 0x00, 0x00, 0x00, 0x00, 0x00, 0x00,
    0x00, 0x00, 0x00, 0x00, 0x00, 0x00, 0x00, 0x00, 0x00, 0x00, 0x00, 0x00, 0x00, 0x00, 0x00, 0x00,
    0x00, 0x00, 0x00, 0x00, 0x00, 0x00, 0x00, 0x00, 0x00, 0x00, 0x00, 0x00, 0x00, 0x00, 0x00, 0x00,
    0x00, 0x00, 0x00, 0x00, 0x00, 0x00, 0x00, 0x00, 0x00, 0x00, 0x00, 0x00, 0x00, 0x00, 0x00, 0x00,
    0x00, 0x00, 0x00, 0x00, 0xcc, 0xcc, 0xcc, 0x05, 0x00, 0x00, 0x00, 0x00, 0xe6, 0xe6, 0xe6, 0x5f,
    0xeb, 0xea, 0xe9, 0xed, 0xee, 0xec, 0xeb, 0xfc, 0xe7, 0xe5, 0xe4, 0xfd, 0xe8, 0xe6, 0xe5, 0xff,
    0xe8, 0xe6, 0xe5, 0xff, 0xe8, 0xe6, 0xe5, 0xff, 0xe8, 0xe6, 0xe5, 0xff, 0xe8, 0xe6, 0xe5, 0xff,
    0xe9, 0xe7, 0xe6, 0xff, 0xdb, 0xd8, 0xd6, 0xff, 0xd8, 0xd5, 0xd3, 0xff, 0xd9, 0xd6, 0xd4, 0xff,
    0xd9, 0xd6, 0xd4, 0xff, 0xd9, 0xd6, 0xd4, 0xff, 0xd9, 0xd6, 0xd4, 0xff, 0xd9, 0xd6, 0xd4, 0xff,
    0xd9, 0xd6, 0xd4, 0xff, 0xda, 0xd7, 0xd5, 0xfb, 0xdc, 0xd9, 0xd8, 0xd4, 0x00, 0x00, 0x00, 0x00,
    0xff, 0xff, 0xff, 0x01, 0x00, 0x00, 0x00, 0x00, 0x00, 0x00, 0x00, 0x00, 0x00, 0x00, 0x00, 0x00,
    0x00, 0x00, 0x00, 0x00, 0x00, 0x00, 0x00, 0x00, 0x00, 0x00, 0x00, 0x00, 0x00, 0x00, 0x00, 0x00,
    0x00, 0x00, 0x00, 0x00, 0x00, 0x00, 0x00, 0x00, 0x00, 0x00, 0x00, 0x00, 0x00, 0x00, 0x00, 0x00,
    0x00, 0x00, 0x00, 0x00, 0x00, 0x00, 0x00, 0x00, 0x00, 0x00, 0x00, 0x00, 0x00, 0x00, 0x00, 0x00,
    0x00, 0x00, 0x00, 0x00, 0x00, 0x00, 0x00, 0x00, 0x00, 0x00, 0x00, 0x00, 0x00, 0x00, 0x00, 0x00,
    0x00, 0x00, 0x00, 0x00, 0x00, 0x00, 0x00, 0x00, 0x00, 0x00, 0x00, 0x00, 0x00, 0x00, 0x00, 0x00,
    0x00, 0x00, 0x00, 0x00, 0x00, 0x00, 0x00, 0x00, 0x00, 0x00, 0x00, 0x00, 0x00, 0x00, 0x00, 0x00,
    0x00, 0x00, 0x00, 0x00, 0x00, 0x00, 0x00, 0x00, 0x00, 0x00, 0x00, 0x00, 0x00, 0x00, 0x00, 0x00,
    0x00, 0x00, 0x00, 0x00, 0x00, 0x00, 0x00, 0x00, 0x00, 0x00, 0x00, 0x00, 0x00, 0x00, 0x00, 0x00,
    0x00, 0x00, 0x00, 0x00, 0x00, 0x00, 0x00, 0x00, 0x00, 0x00, 0x00, 0x00, 0x00, 0x00, 0x00, 0x00,
    0x00, 0x00, 0x00, 0x00, 0x00, 0x00, 0x00, 0x00, 0x00, 0x00, 0x00, 0x00, 0x00, 0x00, 0x00, 0x00,
    0x00, 0x00, 0x00, 0x00, 0x00, 0x00, 0x00, 0x00, 0x00, 0x00, 0x00, 0x00, 0x00, 0x00, 0x00, 0x00,
    0x00, 0x00, 0x00, 0x00, 0x00, 0x00, 0x00, 0x00, 0x00, 0x00, 0x00, 0x00, 0x00, 0x00, 0x00, 0x00,
    0x00, 0x00, 0x00, 0x00, 0x00, 0x00, 0x00, 0x00, 0x00, 0x00, 0x00, 0x00, 0x00, 0x00, 0x00, 0x00,
    0x00, 0x00, 0x00, 0x00, 0x00, 0x00, 0x00, 0x00, 0x00, 0x00, 0x00, 0x00, 0x00, 0x00, 0x00, 0x00,
    0x00, 0x00, 0x00, 0x00, 0x00, 0x00, 0x00, 0x00, 0x00, 0x00, 0x00, 0x00, 0x00, 0x00, 0x00, 0x00,
    0x00, 0x00, 0x00, 0x00, 0x00, 0x00, 0x00, 0x00, 0x00, 0x00, 0x00, 0x00, 0x00, 0x00, 0x00, 0x00,
    0x00, 0x00, 0x00, 0x00, 0x00, 0x00, 0x00, 0x00, 0x00, 0x00, 0x00, 0x00, 0xff, 0xff, 0xff, 0x01,
    0xff, 0xff, 0xff, 0x05, 0xe2, 0xe2, 0xe2, 0x09, 0xe6, 0xe3, 0xe3, 0xa8, 0xf0, 0xed, 0xec, 0xff,
    0xe7, 0xe5, 0xe4, 0xfb, 0xe7, 0xe5, 0xe4, 0xfe, 0xe8, 0xe6, 0xe5, 0xff, 0xe8, 0xe6, 0xe5, 0xff,
    0xe8, 0xe6, 0xe5, 0xff, 0xe8, 0xe6, 0xe5, 0xff, 0xe9, 0xe7, 0xe6, 0xff, 0xdb, 0xd8, 0xd6, 0xff,
    0xd8, 0xd5, 0xd3, 0xff, 0xd9, 0xd6, 0xd4, 0xff, 0xd9, 0xd6, 0xd4, 0xff, 0xd9, 0xd6, 0xd4, 0xff,
    0xd9, 0xd6, 0xd4, 0xff, 0xd9, 0xd6, 0xd4, 0xff, 0xd9, 0xd6, 0xd4, 0xfa, 0xe1, 0xde, 0xdc, 0xff,
    0xe1, 0xdc, 0xe1, 0x33, 0x00, 0x00, 0x00, 0x00, 0x00, 0x00, 0x00, 0x00, 0x00, 0x00, 0x00, 0x00,
    0x00, 0x00, 0x00, 0x00, 0x00, 0x00, 0x00, 0x00, 0x00, 0x00, 0x00, 0x00, 0x00, 0x00, 0x00, 0x00,
    0x00, 0x00, 0x00, 0x00, 0x00, 0x00, 0x00, 0x00, 0x00, 0x00, 0x00, 0x00, 0x00, 0x00, 0x00, 0x00,
    0x00, 0x00, 0x00, 0x00, 0x00, 0x00, 0x00, 0x00, 0x00, 0x00, 0x00, 0x00, 0x00, 0x00, 0x00, 0x00,
    0x00, 0x00, 0x00, 0x00, 0x00, 0x00, 0x00, 0x00, 0x00, 0x00, 0x00, 0x00, 0x00, 0x00, 0x00, 0x00,
    0x00, 0x00, 0x00, 0x00, 0x00, 0x00, 0x00, 0x00, 0x00, 0x00, 0x00, 0x00, 0x00, 0x00, 0x00, 0x00,
    0x00, 0x00, 0x00, 0x00, 0x00, 0x00, 0x00, 0x00, 0x00, 0x00, 0x00, 0x00, 0x00, 0x00, 0x00, 0x00,
    0x00, 0x00, 0x00, 0x00, 0x00, 0x00, 0x00, 0x00, 0x00, 0x00, 0x00, 0x00, 0x00, 0x00, 0x00, 0x00,
    0x00, 0x00, 0x00, 0x00, 0x00, 0x00, 0x00, 0x00, 0x00, 0x00, 0x00, 0x00, 0x00, 0x00, 0x00, 0x00,
    0x00, 0x00, 0x00, 0x00, 0x00, 0x00, 0x00, 0x00, 0x00, 0x00, 0x00, 0x00, 0x00, 0x00, 0x00, 0x00,
    0x00, 0x00, 0x00, 0x00, 0x00, 0x00, 0x00, 0x00, 0x00, 0x00, 0x00, 0x00, 0x00, 0x00, 0x00, 0x00,
    0x00, 0x00, 0x00, 0x00, 0x00, 0x00, 0x00, 0x00, 0x00, 0x00, 0x00, 0x00, 0x00, 0x00, 0x00, 0x00,
    0x00, 0x00, 0x00, 0x00, 0x00, 0x00, 0x00, 0x00, 0x00, 0x00, 0x00, 0x00, 0x00, 0x00, 0x00, 0x00,
    0x00, 0x00, 0x00, 0x00, 0x00, 0x00, 0x00, 0x00, 0x00, 0x00, 0x00, 0x00, 0x00, 0x00, 0x00, 0x00,
    0x00, 0x00, 0x00, 0x00, 0x00, 0x00, 0x00, 0x00, 0x00, 0x00, 0x00, 0x00, 0x00, 0x00, 0x00, 0x00,
    0x00, 0x00, 0x00, 0x00, 0x00, 0x00, 0x00, 0x00, 0x00, 0x00, 0x00, 0x00, 0x00, 0x00, 0x00, 0x00,
    0x00, 0x00, 0x00, 0x00, 0x00, 0x00, 0x00, 0x00, 0x00, 0x00, 0x00, 0x00, 0x00, 0x00, 0x00, 0x00,
    0x00, 0x00, 0x00, 0x00, 0x00, 0x00, 0x00, 0x00, 0x00, 0x00, 0x00, 0x00, 0x00, 0x00, 0x00, 0x00,
    0x00, 0x00, 0x00, 0x00, 0x00, 0x00, 0x00, 0x00, 0xff, 0xff, 0xff, 0x02, 0x00, 0x00, 0x00, 0x00,
    0xea, 0xea, 0xea, 0x19, 0xe8, 0xe4, 0xe4, 0xcb, 0xf4, 0xf2, 0xf1, 0xff, 0xe7, 0xe6, 0xe5, 0xf9,
    0xe7, 0xe5, 0xe4, 0xfe, 0xe8, 0xe6, 0xe5, 0xff, 0xe8, 0xe6, 0xe5, 0xff, 0xe8, 0xe6, 0xe5, 0xff,
    0xe9, 0xe7, 0xe6, 0xff, 0xdb, 0xd8, 0xd6, 0xff, 0xd8, 0xd5, 0xd3, 0xff, 0xd9, 0xd6, 0xd4, 0xff,
    0xd9, 0xd6, 0xd4, 0xff, 0xd9, 0xd6, 0xd4, 0xff, 0xd8, 0xd6, 0xd4, 0xfd, 0xd9, 0xd6, 0xd3, 0xf9,
    0xe6, 0xe3, 0xe1, 0xff, 0xdf, 0xda, 0xda, 0x62, 0x00, 0x00, 0x00, 0x00, 0x00, 0x00, 0x00, 0x00,
    0x00, 0x00, 0x00, 0x00, 0x00, 0x00, 0x00, 0x00, 0x00, 0x00, 0x00, 0x00, 0x00, 0x00, 0x00, 0x00,
    0x00, 0x00, 0x00, 0x00, 0x00, 0x00, 0x00, 0x00, 0x00, 0x00, 0x00, 0x00, 0x00, 0x00, 0x00, 0x00,
    0x00, 0x00, 0x00, 0x00, 0x00, 0x00, 0x00, 0x00, 0x00, 0x00, 0x00, 0x00, 0x00, 0x00, 0x00, 0x00,
    0x00, 0x00, 0x00, 0x00, 0x00, 0x00, 0x00, 0x00, 0x00, 0x00, 0x00, 0x00, 0x00, 0x00, 0x00, 0x00,
    0x00, 0x00, 0x00, 0x00, 0x00, 0x00, 0x00, 0x00, 0x00, 0x00, 0x00, 0x00, 0x00, 0x00, 0x00, 0x00,
    0x00, 0x00, 0x00, 0x00, 0x00, 0x00, 0x00, 0x00, 0x00, 0x00, 0x00, 0x00, 0x00, 0x00, 0x00, 0x00,
    0x00, 0x00, 0x00, 0x00, 0x00, 0x00, 0x00, 0x00, 0x00, 0x00, 0x00, 0x00, 0x00, 0x00, 0x00, 0x00,
    0x00, 0x00, 0x00, 0x00, 0x00, 0x00, 0x00, 0x00, 0x00, 0x00, 0x00, 0x00, 0x00, 0x00, 0x00, 0x00,
    0x00, 0x00, 0x00, 0x00, 0x00, 0x00, 0x00, 0x00, 0x00, 0x00, 0x00, 0x00, 0x00, 0x00, 0x00, 0x00,
    0x00, 0x00, 0x00, 0x00, 0x00, 0x00, 0x00, 0x00, 0x00, 0x00, 0x00, 0x00, 0x00, 0x00, 0x00, 0x00,
    0x00, 0x00, 0x00, 0x00, 0x00, 0x00, 0x00, 0x00, 0x00, 0x00, 0x00, 0x00, 0x00, 0x00, 0x00, 0x00,
    0x00, 0x00, 0x00, 0x00, 0x00, 0x00, 0x00, 0x00, 0x00, 0x00, 0x00, 0x00, 0x00, 0x00, 0x00, 0x00,
    0x00, 0x00, 0x00, 0x00, 0x00, 0x00, 0x00, 0x00, 0x00, 0x00, 0x00, 0x00, 0x00, 0x00, 0x00, 0x00,
    0x00, 0x00, 0x00, 0x00, 0x00, 0x00, 0x00, 0x00, 0x00, 0x00, 0x00, 0x00, 0x00, 0x00, 0x00, 0x00,
    0x00, 0x00, 0x00, 0x00, 0x00, 0x00, 0x00, 0x00, 0x00, 0x00, 0x00, 0x00, 0x00, 0x00, 0x00, 0x00,
    0x00, 0x00, 0x00, 0x00, 0x00, 0x00, 0x00, 0x00, 0x00, 0x00, 0x00, 0x00, 0x00, 0x00, 0x00, 0x00,
    0x00, 0x00, 0x00, 0x00, 0x00, 0x00, 0x00, 0x00, 0x00, 0x00, 0x00, 0x00, 0x00, 0x00, 0x00, 0x00,
    0x00, 0x00, 0x00, 0x00, 0x00, 0x00, 0x00, 0x00, 0x00, 0x00, 0x00, 0x00, 0x00, 0x00, 0x00, 0x00,
    0x00, 0x00, 0x00, 0x00, 0xff, 0xff, 0xff, 0x02, 0x00, 0x00, 0x00, 0x00, 0xe5, 0xdd, 0xdd, 0x1e,
    0xea, 0xe7, 0xe7, 0xb9, 0xf4, 0xf2, 0xf1, 0xff, 0xe9, 0xe7, 0xe6, 0xfd, 0xe7, 0xe5, 0xe5, 0xf9,
    0xe7, 0xe5, 0xe4, 0xfd, 0xe7, 0xe5, 0xe4, 0xfe, 0xe9, 0xe7, 0xe6, 0xff, 0xdb, 0xd8, 0xd6, 0xff,
    0xd8, 0xd5, 0xd3, 0xff, 0xd9, 0xd6, 0xd4, 0xfe, 0xd8, 0xd5, 0xd3, 0xfd, 0xd9, 0xd6, 0xd3, 0xf9,
    0xda, 0xd7, 0xd5, 0xff, 0xe7, 0xe5, 0xe3, 0xff, 0xdd, 0xda, 0xd8, 0x69, 0x00, 0x00, 0x00, 0x00,
    0xff, 0xff, 0xff, 0x01, 0x00, 0x00, 0x00, 0x00, 0x00, 0x00, 0x00, 0x00, 0x00, 0x00, 0x00, 0x00,
    0x00, 0x00, 0x00, 0x00, 0x00, 0x00, 0x00, 0x00, 0x00, 0x00, 0x00, 0x00, 0x00, 0x00, 0x00, 0x00,
    0x00, 0x00, 0x00, 0x00, 0x00, 0x00, 0x00, 0x00, 0x00, 0x00, 0x00, 0x00, 0x00, 0x00, 0x00, 0x00,
    0x00, 0x00, 0x00, 0x00, 0x00, 0x00, 0x00, 0x00, 0x00, 0x00, 0x00, 0x00, 0x00, 0x00, 0x00, 0x00,
    0x00, 0x00, 0x00, 0x00, 0x00, 0x00, 0x00, 0x00, 0x00, 0x00, 0x00, 0x00, 0x00, 0x00, 0x00, 0x00,
    0x00, 0x00, 0x00, 0x00, 0x00, 0x00, 0x00, 0x00, 0x00, 0x00, 0x00, 0x00, 0x00, 0x00, 0x00, 0x00,
    0x00, 0x00, 0x00, 0x00, 0x00, 0x00, 0x00, 0x00, 0x00, 0x00, 0x00, 0x00, 0x00, 0x00, 0x00, 0x00,
    0x00, 0x00, 0x00, 0x00, 0x00, 0x00, 0x00, 0x00, 0x00, 0x00, 0x00, 0x00, 0x00, 0x00, 0x00, 0x00,
    0x00, 0x00, 0x00, 0x00, 0x00, 0x00, 0x00, 0x00, 0x00, 0x00, 0x00, 0x00, 0x00, 0x00, 0x00, 0x00,
    0x00, 0x00, 0x00, 0x00, 0x00, 0x00, 0x00, 0x00, 0x00, 0x00, 0x00, 0x00, 0x00, 0x00, 0x00, 0x00,
    0x00, 0x00, 0x00, 0x00, 0x00, 0x00, 0x00, 0x00, 0x00, 0x00, 0x00, 0x00, 0x00, 0x00, 0x00, 0x00,
    0x00, 0x00, 0x00, 0x00, 0x00, 0x00, 0x00, 0x00, 0x00, 0x00, 0x00, 0x00, 0x00, 0x00, 0x00, 0x00,
    0x00, 0x00, 0x00, 0x00, 0x00, 0x00, 0x00, 0x00, 0x00, 0x00, 0x00, 0x00, 0x00, 0x00, 0x00, 0x00,
    0x00, 0x00, 0x00, 0x00, 0x00, 0x00, 0x00, 0x00, 0x00, 0x00, 0x00, 0x00, 0x00, 0x00, 0x00, 0x00,
    0x00, 0x00, 0x00, 0x00, 0x00, 0x00, 0x00, 0x00, 0x00, 0x00, 0x00, 0x00, 0x00, 0x00, 0x00, 0x00,
    0x00, 0x00, 0x00, 0x00, 0x00, 0x00, 0x00, 0x00, 0x00, 0x00, 0x00, 0x00, 0x00, 0x00, 0x00, 0x00,
    0x00, 0x00, 0x00, 0x00, 0x00, 0x00, 0x00, 0x00, 0x00, 0x00, 0x00, 0x00, 0x00, 0x00, 0x00, 0x00,
    0x00, 0x00, 0x00, 0x00, 0x00, 0x00, 0x00, 0x00, 0x00, 0x00, 0x00, 0x00, 0x00, 0x00, 0x00, 0x00,
    0x00, 0x00, 0x00, 0x00, 0x00, 0x00, 0x00, 0x00, 0x00, 0x00, 0x00, 0x00, 0x00, 0x00, 0x00, 0x00,
    0xff, 0xff, 0xff, 0x02, 0x00, 0x00, 0x00, 0x00, 0xdc, 0xdc, 0xdc, 0x16, 0xe9, 0xe5, 0xe5, 0x78,
    0xe6, 0xe5, 0xe5, 0xf4, 0xf8, 0xf5, 0xf5, 0xff, 0xec, 0xea, 0xe9, 0xff, 0xe7, 0xe5, 0xe4, 0xfe,
    0xe9, 0xe7, 0xe6, 0xfa, 0xdb, 0xd8, 0xd6, 0xf9, 0xd8, 0xd5, 0xd2, 0xf9, 0xd8, 0xd5, 0xd3, 0xfb,
    0xdb, 0xd8, 0xd7, 0xff, 0xe9, 0xe6, 0xe3, 0xff, 0xdb, 0xd9, 0xd8, 0xda, 0xde, 0xd6, 0xda, 0x3f,
    0x00, 0x00, 0x00, 0x00, 0x00, 0x00, 0x00, 0x00, 0x00, 0x00, 0x00, 0x00, 0x00, 0x00, 0x00, 0x00,
    0x00, 0x00, 0x00, 0x00, 0x00, 0x00, 0x00, 0x00, 0x00, 0x00, 0x00, 0x00, 0x00, 0x00, 0x00, 0x00,
    0x00, 0x00, 0x00, 0x00, 0x00, 0x00, 0x00, 0x00, 0x00, 0x00, 0x00, 0x00, 0x00, 0x00, 0x00, 0x00,
    0x00, 0x00, 0x00, 0x00, 0x00, 0x00, 0x00, 0x00, 0x00, 0x00, 0x00, 0x00, 0x00, 0x00, 0x00, 0x00,
    0x00, 0x00, 0x00, 0x00, 0x00, 0x00, 0x00, 0x00, 0x00, 0x00, 0x00, 0x00, 0x00, 0x00, 0x00, 0x00,
    0x00, 0x00, 0x00, 0x00, 0x00, 0x00, 0x00, 0x00, 0x00, 0x00, 0x00, 0x00, 0x00, 0x00, 0x00, 0x00,
    0x00, 0x00, 0x00, 0x00, 0x00, 0x00, 0x00, 0x00, 0x00, 0x00, 0x00, 0x00, 0x00, 0x00, 0x00, 0x00,
    0x00, 0x00, 0x00, 0x00, 0x00, 0x00, 0x00, 0x00, 0x00, 0x00, 0x00, 0x00, 0x00, 0x00, 0x00, 0x00,
    0x00, 0x00, 0x00, 0x00, 0x00, 0x00, 0x00, 0x00, 0x00, 0x00, 0x00, 0x00, 0x00, 0x00, 0x00, 0x00,
    0x00, 0x00, 0x00, 0x00, 0x00, 0x00, 0x00, 0x00, 0x00, 0x00, 0x00, 0x00, 0x00, 0x00, 0x00, 0x00,
    0x00, 0x00, 0x00, 0x00, 0x00, 0x00, 0x00, 0x00, 0x00, 0x00, 0x00, 0x00, 0x00, 0x00, 0x00, 0x00,
    0x00, 0x00, 0x00, 0x00, 0x00, 0x00, 0x00, 0x00, 0x00, 0x00, 0x00, 0x00, 0x00, 0x00, 0x00, 0x00,
    0x00, 0x00, 0x00, 0x00, 0x00, 0x00, 0x00, 0x00, 0x00, 0x00, 0x00, 0x00, 0x00, 0x00, 0x00, 0x00,
    0x00, 0x00, 0x00, 0x00, 0x00, 0x00, 0x00, 0x00, 0x00, 0x00, 0x00, 0x00, 0x00, 0x00, 0x00, 0x00,
    0x00, 0x00, 0x00, 0x00, 0x00, 0x00, 0x00, 0x00, 0x00, 0x00, 0x00, 0x00, 0x00, 0x00, 0x00, 0x00,
    0x00, 0x00, 0x00, 0x00, 0x00, 0x00, 0x00, 0x00, 0x00, 0x00, 0x00, 0x00, 0x00, 0x00, 0x00, 0x00,
    0x00, 0x00, 0x00, 0x00, 0x00, 0x00, 0x00, 0x00, 0x00, 0x00, 0x00, 0x00, 0x00, 0x00, 0x00, 0x00,
    0x00, 0x00, 0x00, 0x00, 0x00, 0x00, 0x00, 0x00, 0x00, 0x00, 0x00, 0x00, 0x00, 0x00, 0x00, 0x00,
    0x00, 0x00, 0x00, 0x00, 0x00, 0x00, 0x00, 0x00, 0x00, 0x00, 0x00, 0x00, 0x00, 0x00, 0x00, 0x00,
    0x00, 0x00, 0x00, 0x00, 0x00, 0x00, 0x00, 0x00, 0x00, 0x00, 0x00, 0x00, 0xff, 0xff, 0xff, 0x02,
    0x00, 0x00, 0x00, 0x00, 0xff, 0xcc, 0xff, 0x05, 0xe0, 0xe0, 0xe0, 0x2a, 0xea, 0xe8, 0xe5, 0x6f,
    0xe8, 0xe6, 0xe4, 0xbf, 0xe8, 0xe6, 0xe3, 0xeb, 0xef, 0xed, 0xec, 0xff, 0xec, 0xe8, 0xe7, 0xff,
    0xe8, 0xe4, 0xe3, 0xff, 0xdd, 0xda, 0xd9, 0xff, 0xdc, 0xdb, 0xd8, 0xc2, 0xde, 0xd7, 0xd4, 0x4e,
    0xe3, 0xe3, 0xe3, 0x1c, 0x00, 0x00, 0x00, 0x00, 0x00, 0x00, 0x00, 0x00, 0x00, 0x00, 0x00, 0x00,
    0x00, 0x00, 0x00, 0x00, 0x00, 0x00, 0x00, 0x00, 0x00, 0x00, 0x00, 0x00, 0x00, 0x00, 0x00, 0x00,
    0x00, 0x00, 0x00, 0x00, 0x00, 0x00, 0x00, 0x00, 0x00, 0x00, 0x00, 0x00, 0x00, 0x00, 0x00, 0x00,
    0x00, 0x00, 0x00, 0x00, 0x00, 0x00, 0x00, 0x00, 0x00, 0x00, 0x00, 0x00, 0x00, 0x00, 0x00, 0x00,
    0x00, 0x00, 0x00, 0x00, 0x00, 0x00, 0x00, 0x00, 0x00, 0x00, 0x00, 0x00, 0x00, 0x00, 0x00, 0x00,
    0x00, 0x00, 0x00, 0x00, 0x00, 0x00, 0x00, 0x00, 0x00, 0x00, 0x00, 0x00, 0x00, 0x00, 0x00, 0x00,
    0x00, 0x00, 0x00, 0x00, 0x00, 0x00, 0x00, 0x00, 0x00, 0x00, 0x00, 0x00, 0x00, 0x00, 0x00, 0x00,
    0x00, 0x00, 0x00, 0x00, 0x00, 0x00, 0x00, 0x00, 0x00, 0x00, 0x00, 0x00, 0x00, 0x00, 0x00, 0x00,
    0x00, 0x00, 0x00, 0x00, 0x00, 0x00, 0x00, 0x00, 0x00, 0x00, 0x00, 0x00, 0x00, 0x00, 0x00, 0x00,
    0x00, 0x00, 0x00, 0x00, 0x00, 0x00, 0x00, 0x00, 0x00, 0x00, 0x00, 0x00, 0x00, 0x00, 0x00, 0x00,
    0x00, 0x00, 0x00, 0x00, 0x00, 0x00, 0x00, 0x00, 0x00, 0x00, 0x00, 0x00, 0x00, 0x00, 0x00, 0x00,
    0x00, 0x00, 0x00, 0x00, 0x00, 0x00, 0x00, 0x00, 0x00, 0x00, 0x00, 0x00, 0x00, 0x00, 0x00, 0x00,
    0x00, 0x00, 0x00, 0x00, 0x00, 0x00, 0x00, 0x00, 0x00, 0x00, 0x00, 0x00, 0x00, 0x00, 0x00, 0x00,
    0x00, 0x00, 0x00, 0x00, 0x00, 0x00, 0x00, 0x00, 0x00, 0x00, 0x00, 0x00, 0x00, 0x00, 0x00, 0x00,
    0x00, 0x00, 0x00, 0x00, 0x00, 0x00, 0x00, 0x00, 0x00, 0x00, 0x00, 0x00, 0x00, 0x00, 0x00, 0x00,
    0x00, 0x00, 0x00, 0x00, 0x00, 0x00, 0x00, 0x00, 0x00, 0x00, 0x00, 0x00, 0x00, 0x00, 0x00, 0x00,
    0x00, 0x00, 0x00, 0x00, 0x00, 0x00, 0x00, 0x00, 0x00, 0x00, 0x00, 0x00, 0x00, 0x00, 0x00, 0x00,
    0x00, 0x00, 0x00, 0x00, 0x00, 0x00, 0x00, 0x00, 0x00, 0x00, 0x00, 0x00, 0x00, 0x00, 0x00, 0x00,
    0x00, 0x00, 0x00, 0x00, 0x00, 0x00, 0x00, 0x00, 0x00, 0x00, 0x00, 0x00, 0x00, 0x00, 0x00, 0x00,
    0x00, 0x00, 0x00, 0x00, 0x00, 0x00, 0x00, 0x00, 0x00, 0x00, 0x00, 0x00, 0x00, 0x00, 0x00, 0x00,
    0x00, 0x00, 0x00, 0x00, 0x00, 0x00, 0x00, 0x00, 0xff, 0xff, 0xff, 0x01, 0x00, 0x00, 0x00, 0x00,
    0x00, 0x00, 0x00, 0x00, 0xff, 0xff, 0xff, 0x02, 0xe5, 0xe5, 0xd8, 0x14, 0xed, 0xe4, 0xe4, 0x1d,
    0xe9, 0xe9, 0xe9, 0x23, 0xdd, 0xd6, 0xd6, 0x26, 0xdc, 0xdc, 0xd5, 0x25, 0xd9, 0xd9, 0xd9, 0x22,
    0xe5, 0xe5, 0xe5, 0x14, 0x00, 0x00, 0x00, 0x00, 0x00, 0x00, 0x00, 0x00, 0x00, 0xff, 0x00, 0x01,
    0x00, 0x00, 0x00, 0x00, 0x00, 0x00, 0x00, 0x00, 0x00, 0x00, 0x00, 0x00, 0x00, 0x00, 0x00, 0x00,
    0x00, 0x00, 0x00, 0x00, 0x00, 0x00, 0x00, 0x00, 0x00, 0x00, 0x00, 0x00, 0x00, 0x00, 0x00, 0x00,
    0x00, 0x00, 0x00, 0x00, 0x00, 0x00, 0x00, 0x00, 0x00, 0x00, 0x00, 0x00, 0x00, 0x00, 0x00, 0x00,
    0x00, 0x00, 0x00, 0x00, 0x00, 0x00, 0x00, 0x00, 0x00, 0x00, 0x00, 0x00, 0x00, 0x00, 0x00, 0x00,
    0x00, 0x00, 0x00, 0x00, 0x00, 0x00, 0x00, 0x00, 0x00, 0x00, 0x00, 0x00, 0x00, 0x00, 0x00, 0x00,
    0x00, 0x00, 0x00, 0x00, 0x00, 0x00, 0x00, 0x00, 0x00, 0x00, 0x00, 0x00, 0x00, 0x00, 0x00, 0x00,
    0x00, 0x00, 0x00, 0x00, 0x00, 0x00, 0x00, 0x00, 0x00, 0x00, 0x00, 0x00, 0x00, 0x00, 0x00, 0x00,
    0x00, 0x00, 0x00, 0x00, 0x00, 0x00, 0x00, 0x00, 0x00, 0x00, 0x00, 0x00, 0x00, 0x00, 0x00, 0x00,
    0x00, 0x00, 0x00, 0x00, 0x00, 0x00, 0x00, 0x00, 0x00, 0x00, 0x00, 0x00, 0x00, 0x00, 0x00, 0x00,
    0x00, 0x00, 0x00, 0x00, 0x00, 0x00, 0x00, 0x00, 0x00, 0x00, 0x00, 0x00, 0x00, 0x00, 0x00, 0x00,
    0x00, 0x00, 0x00, 0x00, 0x00, 0x00, 0x00, 0x00, 0x00, 0x00, 0x00, 0x00, 0x00, 0x00, 0x00, 0x00,
    0x00, 0x00, 0x00, 0x00, 0x00, 0x00, 0x00, 0x00, 0x00, 0x00, 0x00, 0x00, 0x00, 0x00, 0x00, 0x00,
    0x00, 0x00, 0x00, 0x00, 0x00, 0x00, 0x00, 0x00, 0x00, 0x00, 0x00, 0x00, 0x00, 0x00, 0x00, 0x00,
    0x00, 0x00, 0x00, 0x00, 0x00, 0x00, 0x00, 0x00, 0x00, 0x00, 0x00, 0x00, 0x00, 0x00, 0x00, 0x00,
    0x00, 0x00, 0x00, 0x00, 0x00, 0x00, 0x00, 0x00, 0x00, 0x00, 0x00, 0x00, 0x00, 0x00, 0x00, 0x00,
    0x00, 0x00, 0x00, 0x00, 0x00, 0x00, 0x00, 0x00, 0x00, 0x00, 0x00, 0x00, 0x00, 0x00, 0x00, 0x00,
    0x00, 0x00, 0x00, 0x00, 0x00, 0x00, 0x00, 0x00, 0x00, 0x00, 0x00, 0x00, 0x00, 0x00, 0x00, 0x00,
    0x00, 0x00, 0x00, 0x00, 0x00, 0x00, 0x00, 0x00, 0x00, 0x00, 0x00, 0x00, 0x00, 0x00, 0x00, 0x00,
    0x00, 0x00, 0x00, 0x00, 0x00, 0x00, 0x00, 0x00, 0x00, 0x00, 0x00, 0x00, 0x00, 0x00, 0x00, 0x00,
    0x00, 0x00, 0x00, 0x00, 0x00, 0x00, 0x00, 0x00, 0x00, 0x00, 0x00, 0x00, 0x00, 0x00, 0x00, 0x00,
    0x00, 0x00, 0x00, 0x00, 0x00, 0x00, 0x00, 0x00, 0xff, 0xff, 0xff, 0x01, 0x00, 0x00, 0x00, 0x00,
    0x00, 0x00, 0x00, 0x00, 0x00, 0x00, 0x00, 0x00, 0x00, 0x00, 0x00, 0x00, 0x00, 0x00, 0x00, 0x00,
    0x00, 0x00, 0x00, 0x00, 0x00, 0x00, 0x00, 0x00, 0x00, 0x00, 0x00, 0x00, 0x00, 0x00, 0x00, 0x00,
    0xff, 0xff, 0xff, 0x01, 0x00, 0x00, 0x00, 0x00, 0x00, 0x00, 0x00, 0x00, 0x00, 0x00, 0x00, 0x00,
    0x00, 0x00, 0x00, 0x00, 0x00, 0x00, 0x00, 0x00, 0x00, 0x00, 0x00, 0x00, 0x00, 0x00, 0x00, 0x00,
    0x00, 0x00, 0x00, 0x00, 0x00, 0x00, 0x00, 0x00, 0x00, 0x00, 0x00, 0x00, 0x00, 0x00, 0x00, 0x00,
    0x00, 0x00, 0x00, 0x00, 0x00, 0x00, 0x00, 0x00, 0x00, 0x00, 0x00, 0x00, 0x00, 0x00, 0x00, 0x00,
    0x00, 0x00, 0x00, 0x00, 0x00, 0x00, 0x00, 0x00, 0x00, 0x00, 0x00, 0x00, 0x00, 0x00, 0x00, 0x00,
    0x00, 0x00, 0x00, 0x00, 0x00, 0x00, 0x00, 0x00, 0x00, 0x00, 0x00, 0x00, 0x00, 0x00, 0x00, 0x00,
    0x00, 0x00, 0x00, 0x00, 0x00, 0x00, 0x00, 0x00, 0x00, 0x00, 0x00, 0x00, 0x00, 0x00, 0x00, 0x00,
    0x00, 0x00, 0x00, 0x00, 0x00, 0x00, 0x00, 0x00, 0x00, 0x00, 0x00, 0x00, 0x00, 0x00, 0x00, 0x00,
    0x00, 0x00, 0x00, 0x00, 0x00, 0x00, 0x00, 0x00, 0x00, 0x00, 0x00, 0x00, 0x00, 0x00, 0x00, 0x00,
    0x00, 0x00, 0x00, 0x00, 0x00, 0x00, 0x00, 0x00, 0x00, 0x00, 0x00, 0x00, 0x00, 0x00, 0x00, 0x00,
    0x00, 0x00, 0x00, 0x00, 0x00, 0x00, 0x00, 0x00, 0x00, 0x00, 0x00, 0x00, 0x00, 0x00, 0x00, 0x00,
    0x00, 0x00, 0x00, 0x00, 0x00, 0x00, 0x00, 0x00, 0x00, 0x00, 0x00, 0x00, 0x00, 0x00, 0x00, 0x00,
    0x00, 0x00, 0x00, 0x00, 0x00, 0x00, 0x00, 0x00, 0x00, 0x00, 0x00, 0x00, 0x00, 0x00, 0x00, 0x00,
    0x00, 0x00, 0x00, 0x00, 0x00, 0x00, 0x00, 0x00, 0x00, 0x00, 0x00, 0x00, 0x00, 0x00, 0x00, 0x00,
    0x00, 0x00, 0x00, 0x00, 0x00, 0x00, 0x00, 0x00, 0x00, 0x00, 0x00, 0x00, 0x00, 0x00, 0x00, 0x00,
    0x00, 0x00, 0x00, 0x00, 0x00, 0x00, 0x00, 0x00, 0x00, 0x00, 0x00, 0x00, 0x00, 0x00, 0x00, 0x00,
    0x00, 0x00, 0x00, 0x00, 0x00, 0x00, 0x00, 0x00, 0x00, 0x00, 0x00, 0x00, 0x00, 0x00, 0x00, 0x00,
    0x00, 0x00, 0x00, 0x00, 0x00, 0x00, 0x00, 0x00, 0x00, 0x00, 0x00, 0x00, 0x00, 0x00, 0x00, 0x00,
    0x00, 0x00, 0x00, 0x00, 0x00, 0x00, 0x00, 0x00, 0x00, 0x00, 0x00, 0x00, 0x00, 0x00, 0x00, 0x00,
    0x00, 0x00, 0x00, 0x00, 0x00, 0x00, 0x00, 0x00, 0x00, 0x00, 0x00, 0x00, 0x00, 0x00, 0x00, 0x00,
    0x00, 0x00, 0x00, 0x00, 0x00, 0x00, 0x00, 0x00, 0x00, 0x00, 0x00, 0x00, 0x00, 0x00, 0x00, 0x00,
    0x00, 0x00, 0x00, 0x00, 0x00, 0x00, 0x00, 0x00, 0xff, 0xff, 0xff, 0x01, 0xff, 0xff, 0xff, 0x01,
    0xff, 0xff, 0xff, 0x01, 0xff, 0xff, 0xff, 0x01, 0xff, 0xff, 0xff, 0x01, 0xff, 0xff, 0xff, 0x01,
    0xff, 0xff, 0xff, 0x01, 0x00, 0x00, 0x00, 0x00, 0x00, 0x00, 0x00, 0x00, 0x00, 0x00, 0x00, 0x00,
    0x00, 0x00, 0x00, 0x00, 0x00, 0x00, 0x00, 0x00, 0x00, 0x00, 0x00, 0x00, 0x00, 0x00, 0x00, 0x00,
    0x00, 0x00, 0x00, 0x00, 0x00, 0x00, 0x00, 0x00, 0x00, 0x00, 0x00, 0x00, 0x00, 0x00, 0x00, 0x00,
    0x00, 0x00, 0x00, 0x00, 0x00, 0x00, 0x00, 0x00, 0x00, 0x00, 0x00, 0x00, 0x00, 0x00, 0x00, 0x00,
    0x00, 0x00, 0x00, 0x00, 0x00, 0x00, 0x00, 0x00, 0x00, 0x00, 0x00, 0x00, 0x00, 0x00, 0x00, 0x00,
    0x00, 0x00, 0x00, 0x00, 0x00, 0x00, 0x00, 0x00, 0x00, 0x00, 0x00, 0x00, 0x00, 0x00, 0x00, 0x00,
    0x00, 0x00, 0x00, 0x00, 0x00, 0x00, 0x00, 0x00, 0x00, 0x00, 0x00, 0x00, 0x00, 0x00, 0x00, 0x00,
    0x00, 0x00, 0x00, 0x00, 0x00, 0x00, 0x00, 0x00, 0x00, 0x00, 0x00, 0x00, 0x00, 0x00, 0x00, 0x00,
    0x00, 0x00, 0x00, 0x00, 0x00, 0x00, 0x00, 0x00, 0x00, 0x00, 0x00, 0x00, 0x00, 0x00, 0x00, 0x00,
    0x00, 0x00, 0x00, 0x00, 0x00, 0x00, 0x00, 0x00, 0x00, 0x00, 0x00, 0x00, 0x00, 0x00, 0x00, 0x00,
    0x00, 0x00, 0x00, 0x00, 0x00, 0x00, 0x00, 0x00, 0x00, 0x00, 0x00, 0x00, 0x00, 0x00, 0x00, 0x00,
    0x00, 0x00, 0x00, 0x00, 0x00, 0x00, 0x00, 0x00, 0x00, 0x00, 0x00, 0x00, 0x00, 0x00, 0x00, 0x00,
    0x00, 0x00, 0x00, 0x00, 0x00, 0x00, 0x00, 0x00, 0x00, 0x00, 0x00, 0x00, 0x00, 0x00, 0x00, 0x00,
    0x00, 0x00, 0x00, 0x00, 0x00, 0x00, 0x00, 0x00, 0x00, 0x00, 0x00, 0x00, 0x00, 0x00, 0x00, 0x00,
    0x00, 0x00, 0x00, 0x00, 0x00, 0x00, 0x00, 0x00, 0x00, 0x00, 0x00, 0x00, 0x00, 0x00, 0x00, 0x00,
    0x00, 0x00, 0x00, 0x00, 0x00, 0x00, 0x00, 0x00, 0x00, 0x00, 0x00, 0x00, 0x00, 0x00, 0x00, 0x00,
    0x00, 0x00, 0x00, 0x00, 0x00, 0x00, 0x00, 0x00, 0x00, 0x00, 0x00, 0x00, 0x00, 0x00, 0x00, 0x00,
    0x00, 0x00, 0x00, 0x00, 0x00, 0x00, 0x00, 0x00, 0x00, 0x00, 0x00, 0x00, 0x00, 0x00, 0x00, 0x00,
    0x00, 0x00, 0x00, 0x00, 0x00, 0x00, 0x00, 0x00, 0x00, 0x00, 0x00, 0x00, 0x00, 0x00, 0x00, 0x00,
    0x00, 0x00, 0x00, 0x00, 0x00, 0x00, 0x00, 0x00, 0x00, 0x00, 0x00, 0x00, 0x00, 0x00, 0x00, 0x00,
    0x00, 0x00, 0x00, 0x00, 0x00, 0x00, 0x00, 0x00, 0x00, 0x00, 0x00, 0x00, 0x00, 0x00, 0x00, 0x00,
    0x00, 0x00, 0x00, 0x00, 0x00, 0x00, 0x00, 0x00, 0x00, 0x00, 0x00, 0x00, 0x00, 0x00, 0x00, 0x00,
    0x00, 0x00, 0x00, 0x00, 0x00, 0x00, 0x00, 0x00, 0x00, 0x00, 0x00, 0x00, 0x00, 0x00, 0x00, 0x00,
    0x00, 0x00, 0x00, 0x00, 0x00, 0x00, 0x00, 0x00, 0x00, 0x00, 0x00, 0x00, 0x00, 0x00, 0x00, 0x00,
    0x00, 0x00, 0x00, 0x00, 0x00, 0x00, 0x00, 0x00, 0x00, 0x00, 0x00, 0x00, 0x00, 0x00, 0x00, 0x00,
    0x00, 0x00, 0x00, 0x00, 0x00, 0x00, 0x00, 0x00, 0x00, 0x00, 0x00, 0x00, 0x00, 0x00, 0x00, 0x00,
    0x00, 0x00, 0x00, 0x00, 0x00, 0x00, 0x00, 0x00, 0x00, 0x00, 0x00, 0x00, 0x00, 0x00, 0x00, 0x00,
    0x00, 0x00, 0x00, 0x00, 0x00, 0x00, 0x00, 0x00, 0x00, 0x00, 0x00, 0x00, 0x00, 0x00, 0x00, 0x00,
    0x00, 0x00, 0x00, 0x00, 0x00, 0x00, 0x00, 0x00, 0x00, 0x00, 0x00, 0x00, 0x00, 0x00, 0x00, 0x00,
    0x00, 0x00, 0x00, 0x00, 0x00, 0x00, 0x00, 0x00, 0x00, 0x00, 0x00, 0x00, 0x00, 0x00, 0x00, 0x00,
    0x00, 0x00, 0x00, 0x00, 0x00, 0x00, 0x00, 0x00, 0x00, 0x00, 0x00, 0x00, 0x00, 0x00, 0x00, 0x00,
    0x00, 0x00, 0x00, 0x00, 0x00, 0x00, 0x00, 0x00, 0x00, 0x00, 0x00, 0x00, 0x00, 0x00, 0x00, 0x00,
    0x00, 0x00, 0x00, 0x00, 0x00, 0x00, 0x00, 0x00, 0x00, 0x00, 0x00, 0x00, 0x00, 0x00, 0x00, 0x00,
    0x00, 0x00, 0x00, 0x00, 0x00, 0x00, 0x00, 0x00, 0x00, 0x00, 0x00, 0x00, 0x00, 0x00, 0x00, 0x00,
    0x00, 0x00, 0x00, 0x00, 0x00, 0x00, 0x00, 0x00, 0x00, 0x00, 0x00, 0x00, 0x00, 0x00, 0x00, 0x00,
    0x00, 0x00, 0x00, 0x00, 0x00, 0x00, 0x00, 0x00, 0x00, 0x00, 0x00, 0x00, 0x00, 0x00, 0x00, 0x00,
    0x00, 0x00, 0x00, 0x00, 0x00, 0x00, 0x00, 0x00, 0x00, 0x00, 0x00, 0x00, 0x00, 0x00, 0x00, 0x00,
    0x00, 0x00, 0x00, 0x00, 0x00, 0x00, 0x00, 0x00, 0x00, 0x00, 0x00, 0x00, 0x00, 0x00, 0x00, 0x00,
    0x00, 0x00, 0x00, 0x00, 0x00, 0x00, 0x00, 0x00, 0x00, 0x00, 0x00, 0x00, 0x00, 0x00, 0x00, 0x00,
    0x00, 0x00, 0x00, 0x00, 0x00, 0x00, 0x00, 0x00, 0x00, 0x00, 0x00, 0x00, 0x00, 0x00, 0x00, 0x00,
    0x00, 0x00, 0x00, 0x00, 0x00, 0x00, 0x00, 0x00, 0x00, 0x00, 0x00, 0x00, 0x00, 0x00, 0x00, 0x00,
    0x00, 0x00, 0x00, 0x00, 0x00, 0x00, 0x00, 0x00, 0x00, 0x00, 0x00, 0x00, 0x00, 0x00, 0x00, 0x00,
    0x00, 0x00, 0x00, 0x00, 0x00, 0x00, 0x00, 0x00, 0x00, 0x00, 0x00, 0x00, 0x00, 0x00, 0x00, 0x00,
    0x00, 0x00, 0x00, 0x00, 0x00, 0x00, 0x00, 0x00, 0x00, 0x00, 0x00, 0x00, 0x00, 0x00, 0x00, 0x00,
    0x00, 0x00, 0x00, 0x00, 0x00, 0x00, 0x00, 0x00, 0x00, 0x00, 0x00, 0x00, 0x00, 0x00, 0x00, 0x00,
    0x00, 0x00, 0x00, 0x00, 0x00, 0x00, 0x00, 0x00, 0x00, 0x00, 0x00, 0x00, 0x00, 0x00, 0x00, 0x00,
    0x00, 0x00, 0x00, 0x00, 0x00, 0x00, 0x00, 0x00, 0x00, 0x00, 0x00, 0x00, 0x00, 0x00, 0x00, 0x00,
    0x00, 0x00, 0x00, 0x00, 0x00, 0x00, 0x00, 0x00, 0x00, 0x00, 0x00, 0x00, 0x00, 0x00, 0x00, 0x00,
    0x00, 0x00, 0x00, 0x00, 0x00, 0x00, 0x00, 0x00, 0x00, 0x00, 0x00, 0x00, 0x00, 0x00, 0x00, 0x00,
    0x00, 0x00, 0x00, 0x00, 0x00, 0x00, 0x00, 0x00, 0x00, 0x00, 0x00, 0x00, 0x00, 0x00, 0x00, 0x00,
    0x00, 0x00, 0x00, 0x00, 0x00, 0x00, 0x00, 0x00, 0x00, 0x00, 0x00, 0x00, 0x00, 0x00, 0x00, 0x00,
    0x00, 0x00, 0x00, 0x00, 0x00, 0x00, 0x00, 0x00, 0x00, 0x00, 0x00, 0x00, 0x00, 0x00, 0x00, 0x00,
    0x00, 0x00, 0x00, 0x00, 0x00, 0x00, 0x00, 0x00, 0x00, 0x00, 0x00, 0x00, 0x00, 0x00, 0x00, 0x00,
    0x00, 0x00, 0x00, 0x00, 0x00, 0x00, 0x00, 0x00, 0x00, 0x00, 0x00, 0x00, 0x00, 0x00, 0x00, 0x00,
    0x00, 0x00, 0x00, 0x00, 0x00, 0x00, 0x00, 0x00, 0x00, 0x00, 0x00, 0x00, 0x00, 0x00, 0x00, 0x00,
    0x00, 0x00, 0x00, 0x00, 0x00, 0x00, 0x00, 0x00, 0x00, 0x00, 0x00, 0x00, 0x00, 0x00, 0x00, 0x00,
    0x00, 0x00, 0x00, 0x00, 0x00, 0x00, 0x00, 0x00, 0x00, 0x00, 0x00, 0x00, 0x00, 0x00, 0x00, 0x00,
    0x00, 0x00, 0x00, 0x00, 0x00, 0x00, 0x00, 0x00, 0x00, 0x00, 0x00, 0x00, 0x00, 0x00, 0x00, 0x00,
    0x00, 0x00, 0x00, 0x00, 0x00, 0x00, 0x00, 0x00, 0x00, 0x00, 0x00, 0x00, 0x00, 0x00, 0x00, 0x00,
    0x00, 0x00, 0x00, 0x00, 0x00, 0x00, 0x00, 0x00, 0x00, 0x00, 0x00, 0x00, 0x00, 0x00, 0x00, 0x00,
    0x00, 0x00, 0x00, 0x00, 0x00, 0x00, 0x00, 0x00, 0x00, 0x00, 0x00, 0x00, 0x00, 0x00, 0x00, 0x00,
    0x00, 0x00, 0x00, 0x00, 0x00, 0x00, 0x00, 0x00, 0x00, 0x00, 0x00, 0x00, 0x00, 0x00, 0x00, 0x00,
    0x00, 0x00, 0x00, 0x00, 0x00, 0x00, 0x00, 0x00, 0x00, 0x00, 0x00, 0x00, 0x00, 0x00, 0x00, 0x00,
    0x00, 0x00, 0x00, 0x00, 0x00, 0x00, 0x00, 0x00, 0x00, 0x00, 0x00, 0x00, 0x00, 0x00, 0x00, 0x00,
    0x00, 0x00, 0x00, 0x00, 0x00, 0x00, 0x00, 0x00, 0x00, 0x00, 0x00, 0x00, 0x00, 0x00, 0x00, 0x00,
    0x00, 0x00, 0x00, 0x00, 0x00, 0x00, 0x00, 0x00, 0x00, 0x00, 0x00, 0x00, 0x00, 0x00, 0x00, 0x00,
    0x00, 0x00, 0x00, 0x00, 0x00, 0x00, 0x00, 0x00, 0x00, 0x00, 0x00, 0x00, 0x00, 0x00, 0x00, 0x00,
    0x00, 0x00, 0x00, 0x00, 0x00, 0x00, 0x00, 0x00, 0x00, 0x00, 0x00, 0x00, 0x00, 0x00, 0x00, 0x00,
    0x00, 0x00, 0x00, 0x00, 0x00, 0x00, 0x00, 0x00, 0x00, 0x00, 0x00, 0x00, 0x00, 0x00, 0x00, 0x00,
    0x00, 0x00, 0x00, 0x00, 0x00, 0x00, 0x00, 0x00, 0x00, 0x00, 0x00, 0x00, 0x00, 0x00, 0x00, 0x00,
    0x00, 0x00, 0x00, 0x00, 0x00, 0x00, 0x00, 0x00, 0x00, 0x00, 0x00, 0x00, 0x00, 0x00, 0x00, 0x00,
    0x00, 0x00, 0x00, 0x00, 0x00, 0x00, 0x00, 0x00, 0x00, 0x00, 0x00, 0x00, 0x00, 0x00, 0x00, 0x00,
    0x00, 0x00, 0x00, 0x00, 0x00, 0x00, 0x00, 0x00, 0x00, 0x00, 0x00, 0x00, 0x00, 0x00, 0x00, 0x00,
    0x00, 0x00, 0x00, 0x00, 0x00, 0x00, 0x00, 0x00, 0x00, 0x00, 0x00, 0x00, 0x00, 0x00, 0x00, 0x00,
    0x00, 0x00, 0x00, 0x00, 0x00, 0x00, 0x00, 0x00, 0x00, 0x00, 0x00, 0x00, 0x00, 0x00, 0x00, 0x00,
    0x00, 0x00, 0x00, 0x00, 0x00, 0x00, 0x00, 0x00, 0x00, 0x00, 0x00, 0x00, 0x00, 0x00, 0x00, 0x00,
    0x00, 0x00, 0x00, 0x00, 0x00, 0x00, 0x00, 0x00, 0x00, 0x00, 0x00, 0x00, 0x00, 0x00, 0x00, 0x00,
    0x00, 0x00, 0x00, 0x00, 0x00, 0x00, 0x00, 0x00, 0x00, 0x00, 0x00, 0x00, 0x00, 0x00, 0x00, 0x00,
    0x00, 0x00, 0x00, 0x00, 0x00, 0x00, 0x00, 0x00, 0x00, 0x00, 0x00, 0x00, 0x00, 0x00, 0x00, 0x00,
    0x00, 0x00, 0x00, 0x00, 0x00, 0x00, 0x00, 0x00, 0x00, 0x00, 0x00, 0x00, 0x00, 0x00, 0x00, 0x00,
    0x00, 0x00, 0x00, 0x00, 0x00, 0x00, 0x00, 0x00, 0x00, 0x00, 0x00, 0x00, 0x00, 0x00, 0x00, 0x00,
    0x00, 0x00, 0x00, 0x00, 0x00, 0x00, 0x00, 0x00, 0x00, 0x00, 0x00, 0x00, 0x00, 0x00, 0x00, 0x00,
    0x00, 0x00, 0x00, 0x00, 0x00, 0x00, 0x00, 0x00, 0x00, 0x00, 0x00, 0x00, 0x00, 0x00, 0x00, 0x00,
    0x00, 0x00, 0x00, 0x00, 0x00, 0x00, 0x00, 0x00, 0x00, 0x00, 0x00, 0x00, 0x00, 0x00, 0x00, 0x00,
    0x00, 0x00, 0x00, 0x00, 0x00, 0x00, 0x00, 0x00, 0x00, 0x00, 0x00, 0x00, 0x00, 0x00, 0x00, 0x00,
    0x00, 0x00, 0x00, 0x00, 0x00, 0x00, 0x00, 0x00, 0x00, 0x00, 0x00, 0x00, 0x00, 0x00, 0x00, 0x00,
    0x00, 0x00, 0x00, 0x00, 0x00, 0x00, 0x00, 0x00, 0x00, 0x00, 0x00, 0x00, 0x00, 0x00, 0x00, 0x00,
    0x00, 0x00, 0x00, 0x00, 0x00, 0x00, 0x00, 0x00, 0x00, 0x00, 0x00, 0x00, 0x00, 0x00, 0x00, 0x00,
    0x00, 0x00, 0x00, 0x00, 0x00, 0x00, 0x00, 0x00, 0x00, 0x00, 0x00, 0x00, 0x00, 0x00, 0x00, 0x00,
    0x00, 0x00, 0x00, 0x00, 0x00, 0x00, 0x00, 0x00, 0x00, 0x00, 0x00, 0x00, 0x00, 0x00, 0x00, 0x00,
    0x00, 0x00, 0x00, 0x00, 0x00, 0x00, 0x00, 0x00, 0x00, 0x00, 0x00, 0x00, 0x00, 0x00, 0x00, 0x00,
    0x00, 0x00, 0x00, 0x00, 0x00, 0x00, 0x00, 0x00, 0x00, 0x00, 0x00, 0x00, 0x00, 0x00, 0x00, 0x00,
    0x00, 0x00, 0x00, 0x00, 0x00, 0x00, 0x00, 0x00, 0x00, 0x00, 0x00, 0x00, 0x00, 0x00, 0x00, 0x00,
    0x00, 0x00, 0x00, 0x00, 0x00, 0x00, 0x00, 0x00, 0x00, 0x00, 0x00, 0x00, 0x00, 0x00, 0x00, 0x00,
    0x00, 0x00, 0x00, 0x00, 0x00, 0x00, 0x00, 0x00, 0x00, 0x00, 0x00, 0x00, 0x00, 0x00, 0x00, 0x00,
    0x00, 0x00, 0x00, 0x00, 0x00, 0x00, 0x00, 0x00, 0x00, 0x00, 0x00, 0x00, 0x00, 0x00, 0x00, 0x00,
    0x00, 0x00, 0x00, 0x00, 0x00, 0x00, 0x00, 0x00, 0x00, 0x00, 0x00, 0x00, 0x00, 0x00, 0x00, 0x00,
    0x00, 0x00, 0x00, 0x00, 0x00, 0x00, 0x00, 0x00, 0x00, 0x00, 0x00, 0x00, 0x00, 0x00, 0x00, 0x00,
    0x00, 0x00, 0x00, 0x00, 0x00, 0x00, 0x00, 0x00, 0x00, 0x00, 0x00, 0x00, 0x00, 0x00, 0x00, 0x00,
    0x00, 0x00, 0x00, 0x00, 0x00, 0x00, 0x00, 0x00, 0x00, 0x00, 0x00, 0x00, 0x00, 0x00, 0x00, 0x00,
    0x00, 0x00, 0x00, 0x00, 0x00, 0x00, 0x00, 0x00, 0x00, 0x00, 0x00, 0x00, 0x00, 0x00, 0x00, 0x00,
    0x00, 0x00, 0x00, 0x00, 0x00, 0x00, 0x00, 0x00, 0x00, 0x00, 0x00, 0x00, 0x00, 0x00, 0x00, 0x00,
    0x00, 0x00, 0x00, 0x00, 0x00, 0x00, 0x00, 0x00, 0x00, 0x00, 0x00, 0x00, 0x00, 0x00, 0x00, 0x00,
    0x00, 0x00, 0x00, 0x00, 0x00, 0x00, 0x00, 0x00, 0x00, 0x00, 0x00, 0x00, 0x00, 0x00, 0x00, 0x00,
    0x00, 0x00, 0x00, 0x00, 0x00, 0x00, 0x00, 0x00, 0x00, 0x00, 0x00, 0x00, 0x00, 0x00, 0x00, 0x00,
    0x00, 0x00, 0x00, 0x00, 0x00, 0x00, 0x00, 0x00, 0x00, 0x00, 0x00, 0x00, 0x00, 0x00, 0x00, 0x00,
    0x00, 0x00, 0x00, 0x00, 0x00, 0x00, 0x00, 0x00, 0x00, 0x00, 0x00, 0x00, 0x00, 0x00, 0x00, 0x00,
    0x00, 0x00, 0x00, 0x00, 0x00, 0x00, 0x00, 0x00, 0x00, 0x00, 0x00, 0x00, 0x00, 0x00, 0x00, 0x00,
    0x00, 0x00, 0x00, 0x00, 0x00, 0x00, 0x00, 0x00, 0x00, 0x00, 0x00, 0x00, 0x00, 0x00, 0x00, 0x00,
    0x00, 0x00, 0x00, 0x00, 0x00, 0x00, 0x00, 0x00, 0x00, 0x00, 0x00, 0x00, 0x00, 0x00, 0x00, 0x00,
    0x00, 0x00, 0x00, 0x00, 0x00, 0x00, 0x00, 0x00, 0x00, 0x00, 0x00, 0x00, 0x00, 0x00, 0x00, 0x00,
    0x00, 0x00, 0x00, 0x00, 0x00, 0x00, 0x00, 0x00, 0x00, 0x00, 0x00, 0x00, 0x00, 0x00, 0x00, 0x00,
    0x00, 0x00, 0x00, 0x00, 0x00, 0x00, 0x00, 0x00, 0x00, 0x00, 0x00, 0x00, 0x00, 0x00, 0x00, 0x00,
    0x00, 0x00, 0x00, 0x00, 0x00, 0x00, 0x00, 0x00, 0x00, 0x00, 0x00, 0x00, 0x00, 0x00, 0x00, 0x00,
    0x00, 0x00, 0x00, 0x00, 0x00, 0x00, 0x00, 0x00, 0x00, 0x00, 0x00, 0x00, 0x00, 0x00, 0x00, 0x00,
    0x00, 0x00, 0x00, 0x00, 0x00, 0x00, 0x00, 0x00, 0x00, 0x00, 0x00, 0x00, 0x00, 0x00, 0x00, 0x00,
    0x00, 0x00, 0x00, 0x00, 0x00, 0x00, 0x00, 0x00, 0x00, 0x00, 0x00, 0x00, 0x00, 0x00, 0x00, 0x00,
    0x00, 0x00, 0x00, 0x00, 0x00, 0x00, 0x00, 0x00, 0x00, 0x00, 0x00, 0x00, 0x00, 0x00, 0x00, 0x00,
    0x00, 0x00, 0x00, 0x00, 0x00, 0x00, 0x00, 0x00, 0x00, 0x00, 0x00, 0x00, 0x00, 0x00, 0x00, 0x00,
    0x00, 0x00, 0x00, 0x00, 0x00, 0x00, 0x00, 0x00, 0x00, 0x00, 0x00, 0x00, 0x00, 0x00, 0x00, 0x00,
    0x00, 0x00, 0x00, 0x00, 0x00, 0x00, 0x00, 0x00, 0x00, 0x00, 0x00, 0x00, 0x00, 0x00, 0x00, 0x00,
    0x00, 0x00, 0x00, 0x00, 0x00, 0x00, 0x00, 0x00, 0x00, 0x00, 0x00, 0x00, 0x00, 0x00, 0x00, 0x00,
    0x00, 0x00, 0x00, 0x00, 0x00, 0x00, 0x00, 0x00, 0x00, 0x00, 0x00, 0x00, 0x00, 0x00, 0x00, 0x00,
    0x00, 0x00, 0x00, 0x00, 0x00, 0x00, 0x00, 0x00, 0x00, 0x00, 0x00, 0x00, 0x00, 0x00, 0x00, 0x00,
    0x00, 0x00, 0x00, 0x00, 0x00, 0x00, 0x00, 0x00, 0x00, 0x00, 0x00, 0x00, 0x00, 0x00, 0x00, 0x00,
    0x00, 0x00, 0x00, 0x00, 0x00, 0x00, 0x00, 0x00, 0x00, 0x00, 0x00, 0x00, 0x00, 0x00, 0x00, 0x00,
    0x00, 0x00, 0x00, 0x00, 0x00, 0x00, 0x00, 0x00, 0x00, 0x00, 0x00, 0x00, 0x00, 0x00, 0x00, 0x00,
    0x00, 0x00, 0x00, 0x00, 0x00, 0x00, 0x00, 0x00, 0x00, 0x00, 0x00, 0x00, 0x00, 0x00, 0x00, 0x00,
    0x00, 0x00, 0x00, 0x00, 0x00, 0x00, 0x00, 0x00, 0x00, 0x00, 0x00, 0x00, 0x00, 0x00, 0x00, 0x00,
    0x00, 0x00, 0x00, 0x00, 0x00, 0x00, 0x00, 0x00, 0x00, 0x00, 0x00, 0x00, 0x00, 0x00, 0x00, 0x00,
    0x00, 0x00, 0x00, 0x00, 0x00, 0x00, 0x00, 0x00, 0x00, 0x00, 0x00, 0x00, 0x00, 0x00, 0x00, 0x00,
    0x00, 0x00, 0x00, 0x00, 0x00, 0x00, 0x00, 0x00, 0x00, 0x00, 0x00, 0x00, 0x00, 0x00, 0x00, 0x00,
    0x00, 0x00, 0x00, 0x00, 0x00, 0x00, 0x00, 0x00, 0x00, 0x00, 0x00, 0x00, 0x00, 0x00, 0x00, 0x00,
    0x00, 0x00, 0x00, 0x00, 0x00, 0x00, 0x00, 0x00, 0x00, 0x00, 0x00, 0x00, 0x00, 0x00, 0x00, 0x00,
    0x00, 0x00, 0x00, 0x00, 0x00, 0x00, 0x00, 0x00, 0x00, 0x00, 0x00, 0x00, 0x00, 0x00, 0x00, 0x00,
    0x00, 0x00, 0x00, 0x00, 0x00, 0x00, 0x00, 0x00, 0x00, 0x00, 0x00, 0x00, 0x00, 0x00, 0x00, 0x00,
    0x00, 0x00, 0x00, 0x00, 0x00, 0x00, 0x00, 0x00, 0x00, 0x00, 0x00, 0x00, 0x00, 0x00, 0x00, 0x00,
    0x00, 0x00, 0x00, 0x00, 0x00, 0x00, 0x00, 0x00, 0x00, 0x00, 0x00, 0x00, 0x00, 0x00, 0x00, 0x00,
    0x00, 0x00, 0x00, 0x00, 0x00, 0x00, 0x00, 0x00, 0x00, 0x00, 0x00, 0x00, 0x00, 0x00, 0x00, 0x00,
    0x00, 0x00, 0x00, 0x00, 0x00, 0x00, 0x00, 0x00, 0x00, 0x00, 0x00, 0x00, 0x00, 0x00, 0x00, 0x00,
    0x00, 0x00, 0x00, 0x00, 0x00, 0x00, 0x00, 0x00, 0x00, 0x00, 0x00, 0x00, 0x00, 0x00, 0x00, 0x00,
    0x00, 0x00, 0x00, 0x00, 0x00, 0x00, 0x00, 0x00, 0x00, 0x00, 0x00, 0x00, 0x00, 0x00, 0x00, 0x00,
    0x00, 0x00, 0x00, 0x00, 0x00, 0x00, 0x00, 0x00, 0x00, 0x00, 0x00, 0x00, 0x00, 0x00, 0x00, 0x00,
    0x00, 0x00, 0x00, 0x00, 0x00, 0x00, 0x00, 0x00, 0x00, 0x00, 0x00, 0x00, 0x00, 0x00, 0x00, 0x00,
    0x00, 0x00, 0x00, 0x00, 0x00, 0x00, 0x00, 0x00, 0x00, 0x00, 0x00, 0x00, 0x00, 0x00, 0x00, 0x00,
    0x00, 0x00, 0x00, 0x00, 0x00, 0x00, 0x00, 0x00, 0x00, 0x00, 0x00, 0x00, 0x00, 0x00, 0x00, 0x00,
    0x00, 0x00, 0x00, 0x00, 0x00, 0x00, 0x00, 0x00, 0x00, 0x00, 0x00, 0x00, 0x00, 0x00, 0x00, 0x00,
    0x00, 0x00, 0x00, 0x00, 0x00, 0x00, 0x00, 0x00, 0x00, 0x00, 0x00, 0x00, 0x00, 0x00, 0x00, 0x00,
    0x00, 0x00, 0x00, 0x00, 0x00, 0x00, 0x00, 0x00, 0x00, 0x00, 0x00, 0x00, 0x00, 0x00, 0x00, 0x00,
    0x00, 0x00, 0x00, 0x00, 0x00, 0x00, 0x00, 0x00, 0x00, 0x00, 0x00, 0x00, 0x00, 0x00, 0x00, 0x00,
    0x00, 0x00, 0x00, 0x00, 0x00, 0x00, 0x00, 0x00, 0x00, 0x00, 0x00, 0x00, 0x00, 0x00, 0x00, 0x00,
    0x00, 0x00, 0x00, 0x00, 0x00, 0x00, 0x00, 0x00, 0x00, 0x00, 0x00, 0x00, 0x00, 0x00, 0x00, 0x00,
    0x00, 0x00, 0x00, 0x00, 0x00, 0x00, 0x00, 0x00, 0x00, 0x00, 0x00, 0x00, 0x00, 0x00, 0x00, 0x00,
    0x00, 0x00, 0x00, 0x00, 0x00, 0x00, 0x00, 0x00, 0x00, 0x00, 0x00, 0x00, 0x00, 0x00, 0x00, 0x00,
    },
};
