/* Auto-generated by scripts/icon/webp2c.py from bootanim.webp (size=150x150) */
#include "lvgl.h"

const lv_image_dsc_t cos_icon_bootanim = {
    .header = {
        .magic = LV_IMAGE_HEADER_MAGIC,
        .cf = LV_COLOR_FORMAT_ARGB8888,
        .flags = 0,
        .w = 150,
        .h = 150,
        .stride = 600,
        .reserved_2 = 0,
    },
    .data_size = 90000,
    .data = (const uint8_t[]){
    0x00, 0x00, 0x00, 0x00, 0x00, 0x00, 0x00, 0x00, 0x00, 0x00, 0x00, 0x00, 0x00, 0x00, 0x00, 0x00,
    0x00, 0x00, 0x00, 0x00, 0x00, 0x00, 0x00, 0x00, 0x00, 0x00, 0x00, 0x00, 0x00, 0x00, 0x00, 0x00,
    0x00, 0x00, 0x00, 0x00, 0x00, 0x00, 0x00, 0x00, 0x00, 0x00, 0x00, 0x00, 0x00, 0x00, 0x00, 0x00,
    0x00, 0x00, 0x00, 0x00, 0x00, 0x00, 0x00, 0x00, 0x00, 0x00, 0x00, 0x00, 0x00, 0x00, 0x00, 0x00,
    0x00, 0x00, 0x00, 0x00, 0x00, 0x00, 0x00, 0x00, 0x00, 0x00, 0x00, 0x00, 0x00, 0x00, 0x00, 0x00,
    0x00, 0x00, 0x00, 0x00, 0x00, 0x00, 0x00, 0x00, 0x00, 0x00, 0x00, 0x00, 0x00, 0x00, 0x00, 0x00,
    0x00, 0x00, 0x00, 0x00, 0x00, 0x00, 0x00, 0x00, 0x00, 0x00, 0x00, 0x00, 0x00, 0x00, 0x00, 0x00,
    0x00, 0x00, 0x00, 0x00, 0x00, 0x00, 0x00, 0x00, 0x00, 0x00, 0x00, 0x00, 0x00, 0x00, 0x00, 0x00,
    0x00, 0x00, 0x00, 0x00, 0x00, 0x00, 0x00, 0x00, 0x00, 0x00, 0x00, 0x00, 0x00, 0x00, 0x00, 0x00,
    0x00, 0x00, 0x00, 0x00, 0x00, 0x00, 0x00, 0x00, 0x00, 0x00, 0x00, 0x00, 0x00, 0x00, 0x00, 0x00,
    0x00, 0x00, 0x00, 0x00, 0x00, 0x00, 0x00, 0x00, 0x00, 0x00, 0x00, 0x00, 0x00, 0x00, 0x00, 0x00,
    0x00, 0x00, 0x00, 0x00, 0x00, 0x00, 0x00, 0x00, 0x00, 0x00, 0x00, 0x00, 0x00, 0x00, 0x00, 0x00,
    0x00, 0x00, 0x00, 0x00, 0x00, 0x00, 0x00, 0x00, 0x00, 0x00, 0x00, 0x00, 0x00, 0x00, 0x00, 0x00,
    0x00, 0x00, 0x00, 0x00, 0x00, 0x00, 0x00, 0x00, 0x00, 0x00, 0x00, 0x00, 0x00, 0x00, 0x00, 0x00,
    0x00, 0x00, 0x00, 0x00, 0x00, 0x00, 0x00, 0x00, 0x00, 0x00, 0x00, 0x00, 0x00, 0x00, 0x00, 0x00,
    0x00, 0x00, 0x00, 0x00, 0x00, 0x00, 0x00, 0x00, 0x00, 0x00, 0x00, 0x00, 0x00, 0x00, 0x00, 0x00,
    0x00, 0x00, 0x00, 0x00, 0x00, 0x00, 0x00, 0x00, 0x00, 0x00, 0x00, 0x00, 0x00, 0x00, 0x00, 0x00,
    0x00, 0x00, 0x00, 0x00, 0x00, 0x00, 0x00, 0x00, 0x00, 0x00, 0x00, 0x00, 0x00, 0x00, 0x00, 0x00,
    0x00, 0x00, 0x00, 0x00, 0x00, 0x00, 0x00, 0x00, 0x00, 0x00, 0x00, 0x00, 0x00, 0x00, 0x00, 0x00,
    0x00, 0x00, 0x00, 0x00, 0x00, 0x00, 0x00, 0x00, 0x00, 0x00, 0x00, 0x00, 0x00, 0x00, 0x00, 0x00,
    0x00, 0x00, 0x00, 0x00, 0x00, 0x00, 0x00, 0x00, 0x00, 0x00, 0x00, 0x00, 0x00, 0x00, 0x00, 0x00,
    0x00, 0x00, 0x00, 0x00, 0x00, 0x00, 0x00, 0x00, 0x00, 0x00, 0x00, 0x00, 0x00, 0x00, 0x00, 0x00,
    0x00, 0x00, 0x00, 0x00, 0x00, 0x00, 0x00, 0x00, 0x00, 0x00, 0x00, 0x00, 0x00, 0x00, 0x00, 0x00,
    0x00, 0x00, 0x00, 0x00, 0x00, 0x00, 0x00, 0x00, 0x00, 0x00, 0x00, 0x00, 0x00, 0x00, 0x00, 0x00,
    0x00, 0x00, 0x00, 0x00, 0x00, 0x00, 0x00, 0x00, 0x00, 0x00, 0x00, 0x00, 0x00, 0x00, 0x00, 0x00,
    0x00, 0x00, 0x00, 0x00, 0x00, 0x00, 0x00, 0x00, 0x00, 0x00, 0x00, 0x00, 0x00, 0x00, 0x00, 0x00,
    0x00, 0x00, 0x00, 0x00, 0x00, 0x00, 0x00, 0x00, 0x00, 0x00, 0x00, 0x00, 0x00, 0x00, 0x00, 0x00,
    0x00, 0x00, 0x00, 0x00, 0x00, 0x00, 0x00, 0x00, 0x00, 0x00, 0x00, 0x00, 0x00, 0x00, 0x00, 0x00,
    0x00, 0x00, 0x00, 0x00, 0x00, 0x00, 0x00, 0x00, 0x00, 0x00, 0x00, 0x00, 0x00, 0x00, 0x00, 0x00,
    0x00, 0x00, 0x00, 0x00, 0x00, 0x00, 0x00, 0x00, 0x00, 0x00, 0x00, 0x00, 0x00, 0x00, 0x00, 0x00,
    0x00, 0x00, 0x00, 0x00, 0x00, 0x00, 0x00, 0x00, 0x00, 0x00, 0x00, 0x00, 0x00, 0x00, 0x00, 0x00,
    0x00, 0x00, 0x00, 0x00, 0x00, 0x00, 0x00, 0x00, 0x00, 0x00, 0x00, 0x00, 0x00, 0x00, 0x00, 0x00,
    0x00, 0x00, 0x00, 0x00, 0x00, 0x00, 0x00, 0x00, 0x00, 0x00, 0x00, 0x00, 0x00, 0x00, 0x00, 0x00,
    0x00, 0x00, 0x00, 0x00, 0x00, 0x00, 0x00, 0x00, 0x00, 0x00, 0x00, 0x00, 0x00, 0x00, 0x00, 0x00,
    0x00, 0x00, 0x00, 0x00, 0x00, 0x00, 0x00, 0x00, 0x00, 0x00, 0x00, 0x00, 0x00, 0x00, 0x00, 0x00,
    0x00, 0x00, 0x00, 0x00, 0x00, 0x00, 0x00, 0x00, 0x00, 0x00, 0x00, 0x00, 0x00, 0x00, 0x00, 0x00,
    0x00, 0x00, 0x00, 0x00, 0x00, 0x00, 0x00, 0x00, 0x00, 0x00, 0x00, 0x00, 0x00, 0x00, 0x00, 0x00,
    0x00, 0x00, 0x00, 0x00, 0x00, 0x00, 0x00, 0x00, 0x00, 0x00, 0x00, 0x00, 0x00, 0x00, 0x00, 0x00,
    0x00, 0x00, 0x00, 0x00, 0x00, 0x00, 0x00, 0x00, 0x00, 0x00, 0x00, 0x00, 0x00, 0x00, 0x00, 0x00,
    0x00, 0x00, 0x00, 0x00, 0x00, 0x00, 0x00, 0x00, 0x00, 0x00, 0x00, 0x00, 0x00, 0x00, 0x00, 0x00,
    0x00, 0x00, 0x00, 0x00, 0x00, 0x00, 0x00, 0x00, 0x00, 0x00, 0x00, 0x00, 0x00, 0x00, 0x00, 0x00,
    0x00, 0x00, 0x00, 0x00, 0x00, 0x00, 0x00, 0x00, 0x00, 0x00, 0x00, 0x00, 0x00, 0x00, 0x00, 0x00,
    0x00, 0x00, 0x00, 0x00, 0x00, 0x00, 0x00, 0x00, 0x00, 0x00, 0x00, 0x00, 0x00, 0x00, 0x00, 0x00,
    0x00, 0x00, 0x00, 0x00, 0x00, 0x00, 0x00, 0x00, 0x00, 0x00, 0x00, 0x00, 0x00, 0x00, 0x00, 0x00,
    0x00, 0x00, 0x00, 0x00, 0x00, 0x00, 0x00, 0x00, 0x00, 0x00, 0x00, 0x00, 0x00, 0x00, 0x00, 0x00,
    0x00, 0x00, 0x00, 0x00, 0x00, 0x00, 0x00, 0x00, 0x00, 0x00, 0x00, 0x00, 0x00, 0x00, 0x00, 0x00,
    0x00, 0x00, 0x00, 0x00, 0x00, 0x00, 0x00, 0x00, 0x00, 0x00, 0x00, 0x00, 0x00, 0x00, 0x00, 0x00,
    0x00, 0x00, 0x00, 0x00, 0x00, 0x00, 0x00, 0x00, 0x00, 0x00, 0x00, 0x00, 0x00, 0x00, 0x00, 0x00,
    0x00, 0x00, 0x00, 0x00, 0x00, 0x00, 0x00, 0x00, 0x00, 0x00, 0x00, 0x00, 0x00, 0x00, 0x00, 0x00,
    0x00, 0x00, 0x00, 0x00, 0x00, 0x00, 0x00, 0x00, 0x00, 0x00, 0x00, 0x00, 0x00, 0x00, 0x00, 0x00,
    0x00, 0x00, 0x00, 0x00, 0x00, 0x00, 0x00, 0x00, 0x00, 0x00, 0x00, 0x00, 0x00, 0x00, 0x00, 0x00,
    0x00, 0x00, 0x00, 0x00, 0x00, 0x00, 0x00, 0x00, 0x00, 0x00, 0x00, 0x00, 0x00, 0x00, 0x00, 0x00,
    0x00, 0x00, 0x00, 0x00, 0x00, 0x00, 0x00, 0x00, 0x00, 0x00, 0x00, 0x00, 0x00, 0x00, 0x00, 0x00,
    0x00, 0x00, 0x00, 0x00, 0x00, 0x00, 0x00, 0x00, 0x00, 0x00, 0x00, 0x00, 0x00, 0x00, 0x00, 0x00,
    0x00, 0x00, 0x00, 0x00, 0x00, 0x00, 0x00, 0x00, 0x00, 0x00, 0x00, 0x00, 0x00, 0x00, 0x00, 0x00,
    0x00, 0x00, 0x00, 0x00, 0x00, 0x00, 0x00, 0x00, 0x00, 0x00, 0x00, 0x00, 0x00, 0x00, 0x00, 0x00,
    0x00, 0x00, 0x00, 0x00, 0x00, 0x00, 0x00, 0x00, 0x00, 0x00, 0x00, 0x00, 0x00, 0x00, 0x00, 0x00,
    0x00, 0x00, 0x00, 0x00, 0x00, 0x00, 0x00, 0x00, 0x00, 0x00, 0x00, 0x00, 0x00, 0x00, 0x00, 0x00,
    0x00, 0x00, 0x00, 0x00, 0x00, 0x00, 0x00, 0x00, 0x00, 0x00, 0x00, 0x00, 0x00, 0x00, 0x00, 0x00,
    0x00, 0x00, 0x00, 0x00, 0x00, 0x00, 0x00, 0x00, 0x00, 0x00, 0x00, 0x00, 0x00, 0x00, 0x00, 0x00,
    0x00, 0x00, 0x00, 0x00, 0x00, 0x00, 0x00, 0x00, 0x00, 0x00, 0x00, 0x00, 0x00, 0x00, 0x00, 0x00,
    0x00, 0x00, 0x00, 0x00, 0x00, 0x00, 0x00, 0x00, 0x00, 0x00, 0x00, 0x00, 0x00, 0x00, 0x00, 0x00,
    0x00, 0x00, 0x00, 0x00, 0x00, 0x00, 0x00, 0x00, 0x00, 0x00, 0x00, 0x00, 0x00, 0x00, 0x00, 0x00,
    0x00, 0x00, 0x00, 0x00, 0x00, 0x00, 0x00, 0x00, 0x00, 0x00, 0x00, 0x00, 0x00, 0x00, 0x00, 0x00,
    0x00, 0x00, 0x00, 0x00, 0x00, 0x00, 0x00, 0x00, 0x00, 0x00, 0x00, 0x00, 0x00, 0x00, 0x00, 0x00,
    0x00, 0x00, 0x00, 0x00, 0x00, 0x00, 0x00, 0x00, 0x00, 0x00, 0x00, 0x00, 0x00, 0x00, 0x00, 0x00,
    0x00, 0x00, 0x00, 0x00, 0x00, 0x00, 0x00, 0x00, 0x00, 0x00, 0x00, 0x00, 0x00, 0x00, 0x00, 0x00,
    0x00, 0x00, 0x00, 0x00, 0x00, 0x00, 0x00, 0x00, 0x00, 0x00, 0x00, 0x00, 0x00, 0x00, 0x00, 0x00,
    0x00, 0x00, 0x00, 0x00, 0x00, 0x00, 0x00, 0x00, 0x00, 0x00, 0x00, 0x00, 0x00, 0x00, 0x00, 0x00,
    0x00, 0x00, 0x00, 0x00, 0x00, 0x00, 0x00, 0x00, 0x00, 0x00, 0x00, 0x00, 0x00, 0x00, 0x00, 0x00,
    0x00, 0x00, 0x00, 0x00, 0x00, 0x00, 0x00, 0x00, 0x00, 0x00, 0x00, 0x00, 0x00, 0x00, 0x00, 0x00,
    0x00, 0x00, 0x00, 0x00, 0x00, 0x00, 0x00, 0x00, 0x00, 0x00, 0x00, 0x00, 0x00, 0x00, 0x00, 0x00,
    0x00, 0x00, 0x00, 0x00, 0x00, 0x00, 0x00, 0x00, 0x00, 0x00, 0x00, 0x00, 0x00, 0x00, 0x00, 0x00,
    0x00, 0x00, 0x00, 0x00, 0x00, 0x00, 0x00, 0x00, 0x00, 0x00, 0x00, 0x00, 0x00, 0x00, 0x00, 0x00,
    0x00, 0x00, 0x00, 0x00, 0x00, 0x00, 0x00, 0x00, 0x00, 0x00, 0x00, 0x00, 0x00, 0x00, 0x00, 0x00,
    0x00, 0x00, 0x00, 0x00, 0x00, 0x00, 0x00, 0x00, 0x00, 0x00, 0x00, 0x00, 0x00, 0x00, 0x00, 0x00,
    0x00, 0x00, 0x00, 0x00, 0x00, 0x00, 0x00, 0x00, 0x00, 0x00, 0x00, 0x00, 0x00, 0x00, 0x00, 0x00,
    0x00, 0x00, 0x00, 0x00, 0x00, 0x00, 0x00, 0x00, 0x00, 0x00, 0x00, 0x00, 0x00, 0x00, 0x00, 0x00,
    0x00, 0x00, 0x00, 0x00, 0x00, 0x00, 0x00, 0x00, 0x00, 0x00, 0x00, 0x00, 0x00, 0x00, 0x00, 0x00,
    0x00, 0x00, 0x00, 0x00, 0x00, 0x00, 0x00, 0x00, 0x00, 0x00, 0x00, 0x00, 0x00, 0x00, 0x00, 0x00,
    0x00, 0x00, 0x00, 0x00, 0x00, 0x00, 0x00, 0x00, 0x00, 0x00, 0x00, 0x00, 0x00, 0x00, 0x00, 0x00,
    0x00, 0x00, 0x00, 0x00, 0x00, 0x00, 0x00, 0x00, 0x00, 0x00, 0x00, 0x00, 0x00, 0x00, 0x00, 0x00,
    0x00, 0x00, 0x00, 0x00, 0x00, 0x00, 0x00, 0x00, 0x00, 0x00, 0x00, 0x00, 0x00, 0x00, 0x00, 0x00,
    0x00, 0x00, 0x00, 0x00, 0x00, 0x00, 0x00, 0x00, 0x00, 0x00, 0x00, 0x00, 0x00, 0x00, 0x00, 0x00,
    0x00, 0x00, 0x00, 0x00, 0x00, 0x00, 0x00, 0x00, 0x00, 0x00, 0x00, 0x00, 0x00, 0x00, 0x00, 0x00,
    0x00, 0x00, 0x00, 0x00, 0x00, 0x00, 0x00, 0x00, 0x00, 0x00, 0x00, 0x00, 0x00, 0x00, 0x00, 0x00,
    0x00, 0x00, 0x00, 0x00, 0x00, 0x00, 0x00, 0x00, 0x00, 0x00, 0x00, 0x00, 0x00, 0x00, 0x00, 0x00,
    0x00, 0x00, 0x00, 0x00, 0x00, 0x00, 0x00, 0x00, 0x00, 0x00, 0x00, 0x00, 0x00, 0x00, 0x00, 0x00,
    0x00, 0x00, 0x00, 0x00, 0x00, 0x00, 0x00, 0x00, 0x00, 0x00, 0x00, 0x00, 0x00, 0x00, 0x00, 0x00,
    0x00, 0x00, 0x00, 0x00, 0x00, 0x00, 0x00, 0x00, 0x00, 0x00, 0x00, 0x00, 0x00, 0x00, 0x00, 0x00,
    0x00, 0x00, 0x00, 0x00, 0x00, 0x00, 0x00, 0x00, 0x00, 0x00, 0x00, 0x00, 0x00, 0x00, 0x00, 0x00,
    0x00, 0x00, 0x00, 0x00, 0x00, 0x00, 0x00, 0x00, 0x00, 0x00, 0x00, 0x00, 0x00, 0x00, 0x00, 0x00,
    0x00, 0x00, 0x00, 0x00, 0x00, 0x00, 0x00, 0x00, 0x00, 0x00, 0x00, 0x00, 0x00, 0x00, 0x00, 0x00,
    0x00, 0x00, 0x00, 0x00, 0x00, 0x00, 0x00, 0x00, 0x00, 0x00, 0x00, 0x00, 0x00, 0x00, 0x00, 0x00,
    0x00, 0x00, 0x00, 0x00, 0x00, 0x00, 0x00, 0x00, 0x00, 0x00, 0x00, 0x00, 0x00, 0x00, 0x00, 0x00,
    0x00, 0x00, 0x00, 0x00, 0x00, 0x00, 0x00, 0x00, 0x00, 0x00, 0x00, 0x00, 0x00, 0x00, 0x00, 0x00,
    0x00, 0x00, 0x00, 0x00, 0x00, 0x00, 0x00, 0x00, 0x00, 0x00, 0x00, 0x00, 0x00, 0x00, 0x00, 0x00,
    0x00, 0x00, 0x00, 0x00, 0x00, 0x00, 0x00, 0x00, 0x00, 0x00, 0x00, 0x00, 0x00, 0x00, 0x00, 0x00,
    0x00, 0x00, 0x00, 0x00, 0x00, 0x00, 0x00, 0x00, 0x00, 0x00, 0x00, 0x00, 0x00, 0x00, 0x00, 0x00,
    0x00, 0x00, 0x00, 0x00, 0x00, 0x00, 0x00, 0x00, 0x00, 0x00, 0x00, 0x00, 0x00, 0x00, 0x00, 0x00,
    0x00, 0x00, 0x00, 0x00, 0x00, 0x00, 0x00, 0x00, 0x00, 0x00, 0x00, 0x00, 0x00, 0x00, 0x00, 0x00,
    0x00, 0x00, 0x00, 0x00, 0x00, 0x00, 0x00, 0x00, 0x00, 0x00, 0x00, 0x00, 0x00, 0x00, 0x00, 0x00,
    0x00, 0x00, 0x00, 0x00, 0x00, 0x00, 0x00, 0x00, 0x00, 0x00, 0x00, 0x00, 0x00, 0x00, 0x00, 0x00,
    0x00, 0x00, 0x00, 0x00, 0x00, 0x00, 0x00, 0x00, 0x00, 0x00, 0x00, 0x00, 0x00, 0x00, 0x00, 0x00,
    0x00, 0x00, 0x00, 0x00, 0x00, 0x00, 0x00, 0x00, 0x00, 0x00, 0x00, 0x00, 0x00, 0x00, 0x00, 0x00,
    0x00, 0x00, 0x00, 0x00, 0x00, 0x00, 0x00, 0x00, 0x00, 0x00, 0x00, 0x00, 0x00, 0x00, 0x00, 0x00,
    0x00, 0x00, 0x00, 0x00, 0x00, 0x00, 0x00, 0x00, 0x00, 0x00, 0x00, 0x00, 0x00, 0x00, 0x00, 0x00,
    0x00, 0x00, 0x00, 0x00, 0x00, 0x00, 0x00, 0x00, 0x00, 0x00, 0x00, 0x00, 0x00, 0x00, 0x00, 0x00,
    0x00, 0x00, 0x00, 0x00, 0x00, 0x00, 0x00, 0x00, 0x00, 0x00, 0x00, 0x00, 0x00, 0x00, 0x00, 0x00,
    0x00, 0x00, 0x00, 0x00, 0x00, 0x00, 0x00, 0x00, 0x00, 0x00, 0x00, 0x00, 0x00, 0x00, 0x00, 0x00,
    0x00, 0x00, 0x00, 0x00, 0x00, 0x00, 0x00, 0x00, 0x00, 0x00, 0x00, 0x00, 0x00, 0x00, 0x00, 0x00,
    0x00, 0x00, 0x00, 0x00, 0x00, 0x00, 0x00, 0x00, 0x00, 0x00, 0x00, 0x00, 0x00, 0x00, 0x00, 0x00,
    0x00, 0x00, 0x00, 0x00, 0x00, 0x00, 0x00, 0x00, 0x00, 0x00, 0x00, 0x00, 0x00, 0x00, 0x00, 0x00,
    0x00, 0x00, 0x00, 0x00, 0x00, 0x00, 0x00, 0x00, 0x00, 0x00, 0x00, 0x00, 0x00, 0x00, 0x00, 0x00,
    0x00, 0x00, 0x00, 0x00, 0x00, 0x00, 0x00, 0x00, 0x00, 0x00, 0x00, 0x00, 0x00, 0x00, 0x00, 0x00,
    0x00, 0x00, 0x00, 0x00, 0x00, 0x00, 0x00, 0x00, 0x00, 0x00, 0x00, 0x00, 0x00, 0x00, 0x00, 0x00,
    0x00, 0x00, 0x00, 0x00, 0x00, 0x00, 0x00, 0x00, 0x00, 0x00, 0x00, 0x00, 0x00, 0x00, 0x00, 0x00,
    0x00, 0x00, 0x00, 0x00, 0x00, 0x00, 0x00, 0x00, 0x00, 0x00, 0x00, 0x00, 0x00, 0x00, 0x00, 0x00,
    0x00, 0x00, 0x00, 0x00, 0x00, 0x00, 0x00, 0x00, 0x00, 0x00, 0x00, 0x00, 0x00, 0x00, 0x00, 0x00,
    0x00, 0x00, 0x00, 0x00, 0x00, 0x00, 0x00, 0x00, 0x00, 0x00, 0x00, 0x00, 0x00, 0x00, 0x00, 0x00,
    0x00, 0x00, 0x00, 0x00, 0x00, 0x00, 0x00, 0x00, 0x00, 0x00, 0x00, 0x00, 0x00, 0x00, 0x00, 0x00,
    0x00, 0x00, 0x00, 0x00, 0x00, 0x00, 0x00, 0x00, 0x00, 0x00, 0x00, 0x00, 0x00, 0x00, 0x00, 0x00,
    0x00, 0x00, 0x00, 0x00, 0x00, 0x00, 0x00, 0x00, 0x00, 0x00, 0x00, 0x00, 0x00, 0x00, 0x00, 0x00,
    0x00, 0x00, 0x00, 0x00, 0x00, 0x00, 0x00, 0x00, 0x00, 0x00, 0x00, 0x00, 0x00, 0x00, 0x00, 0x00,
    0x00, 0x00, 0x00, 0x00, 0x00, 0x00, 0x00, 0x00, 0x00, 0x00, 0x00, 0x00, 0x00, 0x00, 0x00, 0x00,
    0x00, 0x00, 0x00, 0x00, 0x00, 0x00, 0x00, 0x00, 0x00, 0x00, 0x00, 0x00, 0x00, 0x00, 0x00, 0x00,
    0x00, 0x00, 0x00, 0x00, 0x00, 0x00, 0x00, 0x00, 0x00, 0x00, 0x00, 0x00, 0x00, 0x00, 0x00, 0x00,
    0x00, 0x00, 0x00, 0x00, 0x00, 0x00, 0x00, 0x00, 0x00, 0x00, 0x00, 0x00, 0x00, 0x00, 0x00, 0x00,
    0x00, 0x00, 0x00, 0x00, 0x00, 0x00, 0x00, 0x00, 0x00, 0x00, 0x00, 0x00, 0x00, 0x00, 0x00, 0x00,
    0x00, 0x00, 0x00, 0x00, 0x00, 0x00, 0x00, 0x00, 0x00, 0x00, 0x00, 0x00, 0x00, 0x00, 0x00, 0x00,
    0x00, 0x00, 0x00, 0x00, 0x00, 0x00, 0x00, 0x00, 0x00, 0x00, 0x00, 0x00, 0x00, 0x00, 0x00, 0x00,
    0x00, 0x00, 0x00, 0x00, 0x00, 0x00, 0x00, 0x00, 0x00, 0x00, 0x00, 0x00, 0x00, 0x00, 0x00, 0x00,
    0x00, 0x00, 0x00, 0x00, 0x00, 0x00, 0x00, 0x00, 0x00, 0x00, 0x00, 0x00, 0x00, 0x00, 0x00, 0x00,
    0x00, 0x00, 0x00, 0x00, 0x00, 0x00, 0x00, 0x00, 0x00, 0x00, 0x00, 0x00, 0x00, 0x00, 0x00, 0x00,
    0x00, 0x00, 0x00, 0x00, 0x00, 0x00, 0x00, 0x00, 0x00, 0x00, 0x00, 0x00, 0x00, 0x00, 0x00, 0x00,
    0x00, 0x00, 0x00, 0x00, 0x00, 0x00, 0x00, 0x00, 0x00, 0x00, 0x00, 0x00, 0x00, 0x00, 0x00, 0x00,
    0x00, 0x00, 0x00, 0x00, 0x00, 0x00, 0x00, 0x00, 0x00, 0x00, 0x00, 0x00, 0x00, 0x00, 0x00, 0x00,
    0x00, 0x00, 0x00, 0x00, 0x00, 0x00, 0x00, 0x00, 0x00, 0x00, 0x00, 0x00, 0x00, 0x00, 0x00, 0x00,
    0x00, 0x00, 0x00, 0x00, 0x00, 0x00, 0x00, 0x00, 0x00, 0x00, 0x00, 0x00, 0x00, 0x00, 0x00, 0x00,
    0x00, 0x00, 0x00, 0x00, 0x00, 0x00, 0x00, 0x00, 0x00, 0x00, 0x00, 0x00, 0x00, 0x00, 0x00, 0x00,
    0x00, 0x00, 0x00, 0x00, 0x00, 0x00, 0x00, 0x00, 0x00, 0x00, 0x00, 0x00, 0x00, 0x00, 0x00, 0x00,
    0x00, 0x00, 0x00, 0x00, 0x00, 0x00, 0x00, 0x00, 0x00, 0x00, 0x00, 0x00, 0x00, 0x00, 0x00, 0x00,
    0x00, 0x00, 0x00, 0x00, 0x00, 0x00, 0x00, 0x00, 0x00, 0x00, 0x00, 0x00, 0x00, 0x00, 0x00, 0x00,
    0x00, 0x00, 0x00, 0x00, 0x00, 0x00, 0x00, 0x00, 0x00, 0x00, 0x00, 0x00, 0x00, 0x00, 0x00, 0x00,
    0x00, 0x00, 0x00, 0x00, 0x00, 0x00, 0x00, 0x00, 0x00, 0x00, 0x00, 0x00, 0x00, 0x00, 0x00, 0x00,
    0x00, 0x00, 0x00, 0x00, 0x00, 0x00, 0x00, 0x00, 0x00, 0x00, 0x00, 0x00, 0x00, 0x00, 0x00, 0x00,
    0x00, 0x00, 0x00, 0x00, 0x00, 0x00, 0x00, 0x00, 0x00, 0x00, 0x00, 0x00, 0x00, 0x00, 0x00, 0x00,
    0x00, 0x00, 0x00, 0x00, 0x00, 0x00, 0x00, 0x00, 0x00, 0x00, 0x00, 0x00, 0x00, 0x00, 0x00, 0x00,
    0x00, 0x00, 0x00, 0x00, 0x00, 0x00, 0x00, 0x00, 0x00, 0x00, 0x00, 0x00, 0x00, 0x00, 0x00, 0x00,
    0x00, 0x00, 0x00, 0x00, 0x00, 0x00, 0x00, 0x00, 0x00, 0x00, 0x00, 0x00, 0x00, 0x00, 0x00, 0x00,
    0x00, 0x00, 0x00, 0x00, 0x00, 0x00, 0x00, 0x00, 0x00, 0x00, 0x00, 0x00, 0x00, 0x00, 0x00, 0x00,
    0x00, 0x00, 0x00, 0x00, 0x00, 0x00, 0x00, 0x00, 0x00, 0x00, 0x00, 0x00, 0x00, 0x00, 0x00, 0x00,
    0x00, 0x00, 0x00, 0x00, 0x00, 0x00, 0x00, 0x00, 0x00, 0x00, 0x00, 0x00, 0x00, 0x00, 0x00, 0x00,
    0x00, 0x00, 0x00, 0x00, 0x00, 0x00, 0x00, 0x00, 0x00, 0x00, 0x00, 0x00, 0x00, 0x00, 0x00, 0x00,
    0x00, 0x00, 0x00, 0x00, 0x00, 0x00, 0x00, 0x00, 0x00, 0x00, 0x00, 0x00, 0x00, 0x00, 0x00, 0x00,
    0x00, 0x00, 0x00, 0x00, 0x00, 0x00, 0x00, 0x00, 0x00, 0x00, 0x00, 0x00, 0x00, 0x00, 0x00, 0x00,
    0x00, 0x00, 0x00, 0x00, 0x00, 0x00, 0x00, 0x00, 0x00, 0x00, 0x00, 0x00, 0x00, 0x00, 0x00, 0x00,
    0x00, 0x00, 0x00, 0x00, 0x00, 0x00, 0x00, 0x00, 0x00, 0x00, 0x00, 0x00, 0x00, 0x00, 0x00, 0x00,
    0x00, 0x00, 0x00, 0x00, 0x00, 0x00, 0x00, 0x00, 0x00, 0x00, 0x00, 0x00, 0x00, 0x00, 0x00, 0x00,
    0x00, 0x00, 0x00, 0x00, 0x00, 0x00, 0x00, 0x00, 0x00, 0x00, 0x00, 0x00, 0x00, 0x00, 0x00, 0x00,
    0x00, 0x00, 0x00, 0x00, 0x00, 0x00, 0x00, 0x00, 0x00, 0x00, 0x00, 0x00, 0x00, 0x00, 0x00, 0x00,
    0x00, 0x00, 0x00, 0x00, 0x00, 0x00, 0x00, 0x00, 0x00, 0x00, 0x00, 0x00, 0x00, 0x00, 0x00, 0x00,
    0x00, 0x00, 0x00, 0x00, 0x00, 0x00, 0x00, 0x00, 0x00, 0x00, 0x00, 0x00, 0x00, 0x00, 0x00, 0x00,
    0x00, 0x00, 0x00, 0x00, 0x00, 0x00, 0x00, 0x00, 0x00, 0x00, 0x00, 0x00, 0x00, 0x00, 0x00, 0x00,
    0x00, 0x00, 0x00, 0x00, 0x00, 0x00, 0x00, 0x00, 0x00, 0x00, 0x00, 0x00, 0x00, 0x00, 0x00, 0x00,
    0x00, 0x00, 0x00, 0x00, 0x00, 0x00, 0x00, 0x00, 0x00, 0x00, 0x00, 0x00, 0x00, 0x00, 0x00, 0x00,
    0x00, 0x00, 0x00, 0x00, 0x00, 0x00, 0x00, 0x00, 0x00, 0x00, 0x00, 0x00, 0x00, 0x00, 0x00, 0x00,
    0x00, 0x00, 0x00, 0x00, 0x00, 0x00, 0x00, 0x00, 0x00, 0x00, 0x00, 0x00, 0x00, 0x00, 0x00, 0x00,
    0x00, 0x00, 0x00, 0x00, 0x00, 0x00, 0x00, 0x00, 0x00, 0x00, 0x00, 0x00, 0x00, 0x00, 0x00, 0x00,
    0x00, 0x00, 0x00, 0x00, 0x00, 0x00, 0x00, 0x00, 0x00, 0x00, 0x00, 0x00, 0x00, 0x00, 0x00, 0x00,
    0x00, 0x00, 0x00, 0x00, 0x00, 0x00, 0x00, 0x00, 0x00, 0x00, 0x00, 0x00, 0x00, 0x00, 0x00, 0x00,
    0x00, 0x00, 0x00, 0x00, 0x00, 0x00, 0x00, 0x00, 0x00, 0x00, 0x00, 0x00, 0x00, 0x00, 0x00, 0x00,
    0x00, 0x00, 0x00, 0x00, 0x00, 0x00, 0x00, 0x00, 0x00, 0x00, 0x00, 0x00, 0x00, 0x00, 0x00, 0x00,
    0x00, 0x00, 0x00, 0x00, 0x00, 0x00, 0x00, 0x00, 0x00, 0x00, 0x00, 0x00, 0x00, 0x00, 0x00, 0x00,
    0x00, 0x00, 0x00, 0x00, 0x00, 0x00, 0x00, 0x00, 0x00, 0x00, 0x00, 0x00, 0x00, 0x00, 0x00, 0x00,
    0x00, 0x00, 0x00, 0x00, 0x00, 0x00, 0x00, 0x00, 0x00, 0x00, 0x00, 0x00, 0x00, 0x00, 0x00, 0x00,
    0x00, 0x00, 0x00, 0x00, 0x00, 0x00, 0x00, 0x00, 0x00, 0x00, 0x00, 0x00, 0x00, 0x00, 0x00, 0x00,
    0x00, 0x00, 0x00, 0x00, 0x00, 0x00, 0x00, 0x00, 0x00, 0x00, 0x00, 0x00, 0x00, 0x00, 0x00, 0x00,
    0x00, 0x00, 0x00, 0x00, 0x00, 0x00, 0x00, 0x00, 0x00, 0x00, 0x00, 0x00, 0x00, 0x00, 0x00, 0x00,
    0x00, 0x00, 0x00, 0x00, 0x00, 0x00, 0x00, 0x00, 0x00, 0x00, 0x00, 0x00, 0x00, 0x00, 0x00, 0x00,
    0x00, 0x00, 0x00, 0x00, 0x00, 0x00, 0x00, 0x00, 0x00, 0x00, 0x00, 0x00, 0x00, 0x00, 0x00, 0x00,
    0x00, 0x00, 0x00, 0x00, 0x00, 0x00, 0x00, 0x00, 0x00, 0x00, 0x00, 0x00, 0x00, 0x00, 0x00, 0x00,
    0x00, 0x00, 0x00, 0x00, 0x00, 0x00, 0x00, 0x00, 0x00, 0x00, 0x00, 0x00, 0x00, 0x00, 0x00, 0x00,
    0x00, 0x00, 0x00, 0x00, 0x00, 0x00, 0x00, 0x00, 0x00, 0x00, 0x00, 0x00, 0x00, 0x00, 0x00, 0x00,
    0x00, 0x00, 0x00, 0x00, 0x00, 0x00, 0x00, 0x00, 0x00, 0x00, 0x00, 0x00, 0x00, 0x00, 0x00, 0x00,
    0x00, 0x00, 0x00, 0x00, 0x00, 0x00, 0x00, 0x00, 0x00, 0x00, 0x00, 0x00, 0x00, 0x00, 0x00, 0x00,
    0x00, 0x00, 0x00, 0x00, 0x00, 0x00, 0x00, 0x00, 0x00, 0x00, 0x00, 0x00, 0x00, 0x00, 0x00, 0x00,
    0x00, 0x00, 0x00, 0x00, 0x00, 0x00, 0x00, 0x00, 0x00, 0x00, 0x00, 0x00, 0x00, 0x00, 0x00, 0x00,
    0x00, 0x00, 0x00, 0x00, 0x00, 0x00, 0x00, 0x00, 0x00, 0x00, 0x00, 0x00, 0x00, 0x00, 0x00, 0x00,
    0x00, 0x00, 0x00, 0x00, 0x00, 0x00, 0x00, 0x00, 0x00, 0x00, 0x00, 0x00, 0x00, 0x00, 0x00, 0x00,
    0x00, 0x00, 0x00, 0x00, 0x00, 0x00, 0x00, 0x00, 0x00, 0x00, 0x00, 0x00, 0x00, 0x00, 0x00, 0x00,
    0x00, 0x00, 0x00, 0x00, 0x00, 0x00, 0x00, 0x00, 0x00, 0x00, 0x00, 0x00, 0x00, 0x00, 0x00, 0x00,
    0x00, 0x00, 0x00, 0x00, 0x00, 0x00, 0x00, 0x00, 0x00, 0x00, 0x00, 0x00, 0x00, 0x00, 0x00, 0x00,
    0x00, 0x00, 0x00, 0x00, 0x00, 0x00, 0x00, 0x00, 0x00, 0x00, 0x00, 0x00, 0x00, 0x00, 0x00, 0x00,
    0x00, 0x00, 0x00, 0x00, 0x00, 0x00, 0x00, 0x00, 0x00, 0x00, 0x00, 0x00, 0x00, 0x00, 0x00, 0x00,
    0x00, 0x00, 0x00, 0x00, 0x00, 0x00, 0x00, 0x00, 0x00, 0x00, 0x00, 0x00, 0x00, 0x00, 0x00, 0x00,
    0x00, 0x00, 0x00, 0x00, 0x00, 0x00, 0x00, 0x00, 0x00, 0x00, 0x00, 0x00, 0x00, 0x00, 0x00, 0x00,
    0x00, 0x00, 0x00, 0x00, 0x00, 0x00, 0x00, 0x00, 0x00, 0x00, 0x00, 0x00, 0x00, 0x00, 0x00, 0x00,
    0x00, 0x00, 0x00, 0x00, 0x00, 0x00, 0x00, 0x00, 0x00, 0x00, 0x00, 0x00, 0x00, 0x00, 0x00, 0x00,
    0x00, 0x00, 0x00, 0x00, 0x00, 0x00, 0x00, 0x00, 0x00, 0x00, 0x00, 0x00, 0x00, 0x00, 0x00, 0x00,
    0x00, 0x00, 0x00, 0x00, 0x00, 0x00, 0x00, 0x00, 0x00, 0x00, 0x00, 0x00, 0x00, 0x00, 0x00, 0x00,
    0x00, 0x00, 0x00, 0x00, 0x00, 0x00, 0x00, 0x00, 0x00, 0x00, 0x00, 0x00, 0x00, 0x00, 0x00, 0x00,
    0x00, 0x00, 0x00, 0x00, 0x00, 0x00, 0x00, 0x00, 0x00, 0x00, 0x00, 0x00, 0x00, 0x00, 0x00, 0x00,
    0x00, 0x00, 0x00, 0x00, 0x00, 0x00, 0x00, 0x00, 0x00, 0x00, 0x00, 0x00, 0x00, 0x00, 0x00, 0x00,
    0x00, 0x00, 0x00, 0x00, 0x00, 0x00, 0x00, 0x00, 0x00, 0x00, 0x00, 0x00, 0x00, 0x00, 0x00, 0x00,
    0x00, 0x00, 0x00, 0x00, 0x00, 0x00, 0x00, 0x00, 0x00, 0x00, 0x00, 0x00, 0x00, 0x00, 0x00, 0x00,
    0x00, 0x00, 0x00, 0x00, 0x00, 0x00, 0x00, 0x00, 0x00, 0x00, 0x00, 0x00, 0x00, 0x00, 0x00, 0x00,
    0x00, 0x00, 0x00, 0x00, 0x00, 0x00, 0x00, 0x00, 0x00, 0x00, 0x00, 0x00, 0x00, 0x00, 0x00, 0x00,
    0x00, 0x00, 0x00, 0x00, 0x00, 0x00, 0x00, 0x00, 0x00, 0x00, 0x00, 0x00, 0x00, 0x00, 0x00, 0x00,
    0x00, 0x00, 0x00, 0x00, 0x00, 0x00, 0x00, 0x00, 0x00, 0x00, 0x00, 0x00, 0x00, 0x00, 0x00, 0x00,
    0x00, 0x00, 0x00, 0x00, 0x00, 0x00, 0x00, 0x00, 0x00, 0x00, 0x00, 0x00, 0x00, 0x00, 0x00, 0x00,
    0x00, 0x00, 0x00, 0x00, 0x00, 0x00, 0x00, 0x00, 0x00, 0x00, 0x00, 0x00, 0x00, 0x00, 0x00, 0x00,
    0x00, 0x00, 0x00, 0x00, 0x00, 0x00, 0x00, 0x00, 0x00, 0x00, 0x00, 0x00, 0x00, 0x00, 0x00, 0x00,
    0x00, 0x00, 0x00, 0x00, 0x00, 0x00, 0x00, 0x00, 0x00, 0x00, 0x00, 0x00, 0x00, 0x00, 0x00, 0x00,
    0x00, 0x00, 0x00, 0x00, 0x00, 0x00, 0x00, 0x00, 0x00, 0x00, 0x00, 0x00, 0x00, 0x00, 0x00, 0x00,
    0x00, 0x00, 0x00, 0x00, 0x00, 0x00, 0x00, 0x00, 0x00, 0x00, 0x00, 0x00, 0x00, 0x00, 0x00, 0x00,
    0x00, 0x00, 0x00, 0x00, 0x00, 0x00, 0x00, 0x00, 0x00, 0x00, 0x00, 0x00, 0x00, 0x00, 0x00, 0x00,
    0x00, 0x00, 0x00, 0x00, 0x00, 0x00, 0x00, 0x00, 0x00, 0x00, 0x00, 0x00, 0x00, 0x00, 0x00, 0x00,
    0x00, 0x00, 0x00, 0x00, 0x00, 0x00, 0x00, 0x00, 0x00, 0x00, 0x00, 0x00, 0x00, 0x00, 0x00, 0x00,
    0x00, 0x00, 0x00, 0x00, 0x00, 0x00, 0x00, 0x00, 0x00, 0x00, 0x00, 0x00, 0x00, 0x00, 0x00, 0x00,
    0x00, 0x00, 0x00, 0x00, 0x00, 0x00, 0x00, 0x00, 0x00, 0x00, 0x00, 0x00, 0x00, 0x00, 0x00, 0x00,
    0x00, 0x00, 0x00, 0x00, 0x00, 0x00, 0x00, 0x00, 0x00, 0x00, 0x00, 0x00, 0x00, 0x00, 0x00, 0x00,
    0x00, 0x00, 0x00, 0x00, 0x00, 0x00, 0x00, 0x00, 0x00, 0x00, 0x00, 0x00, 0x00, 0x00, 0x00, 0x00,
    0x00, 0x00, 0x00, 0x00, 0x00, 0x00, 0x00, 0x00, 0x00, 0x00, 0x00, 0x00, 0x00, 0x00, 0x00, 0x00,
    0x00, 0x00, 0x00, 0x00, 0x00, 0x00, 0x00, 0x00, 0x00, 0x00, 0x00, 0x00, 0x00, 0x00, 0x00, 0x00,
    0x00, 0x00, 0x00, 0x00, 0x00, 0x00, 0x00, 0x00, 0x00, 0x00, 0x00, 0x00, 0x00, 0x00, 0x00, 0x00,
    0x00, 0x00, 0x00, 0x00, 0x00, 0x00, 0x00, 0x00, 0x00, 0x00, 0x00, 0x00, 0x00, 0x00, 0x00, 0x00,
    0x00, 0x00, 0x00, 0x00, 0x00, 0x00, 0x00, 0x00, 0x00, 0x00, 0x00, 0x00, 0x00, 0x00, 0x00, 0x00,
    0x00, 0x00, 0x00, 0x00, 0x00, 0x00, 0x00, 0x00, 0x00, 0x00, 0x00, 0x00, 0x00, 0x00, 0x00, 0x00,
    0x00, 0x00, 0x00, 0x00, 0x00, 0x00, 0x00, 0x00, 0x00, 0x00, 0x00, 0x00, 0x00, 0x00, 0x00, 0x00,
    0x00, 0x00, 0x00, 0x00, 0x00, 0x00, 0x00, 0x00, 0x00, 0x00, 0x00, 0x00, 0x00, 0x00, 0x00, 0x00,
    0x00, 0x00, 0x00, 0x00, 0x00, 0x00, 0x00, 0x00, 0x00, 0x00, 0x00, 0x00, 0x00, 0x00, 0x00, 0x00,
    0x00, 0x00, 0x00, 0x00, 0x00, 0x00, 0x00, 0x00, 0x00, 0x00, 0x00, 0x00, 0x00, 0x00, 0x00, 0x00,
    0x00, 0x00, 0x00, 0x00, 0x00, 0x00, 0x00, 0x00, 0x00, 0x00, 0x00, 0x00, 0x00, 0x00, 0x00, 0x00,
    0x00, 0x00, 0x00, 0x00, 0x00, 0x00, 0x00, 0x00, 0x00, 0x00, 0x00, 0x00, 0x00, 0x00, 0x00, 0x00,
    0x00, 0x00, 0x00, 0x00, 0x00, 0x00, 0x00, 0x00, 0x00, 0x00, 0x00, 0x00, 0x00, 0x00, 0x00, 0x00,
    0x00, 0x00, 0x00, 0x00, 0x00, 0x00, 0x00, 0x00, 0x00, 0x00, 0x00, 0x00, 0x00, 0x00, 0x00, 0x00,
    0x00, 0x00, 0x00, 0x00, 0x00, 0x00, 0x00, 0x00, 0x00, 0x00, 0x00, 0x00, 0x00, 0x00, 0x00, 0x00,
    0x00, 0x00, 0x00, 0x00, 0x00, 0x00, 0x00, 0x00, 0x00, 0x00, 0x00, 0x00, 0x00, 0x00, 0x00, 0x00,
    0x00, 0x00, 0x00, 0x00, 0x00, 0x00, 0x00, 0x00, 0x00, 0x00, 0x00, 0x00, 0x00, 0x00, 0x00, 0x00,
    0x00, 0x00, 0x00, 0x00, 0x00, 0x00, 0x00, 0x00, 0x00, 0x00, 0x00, 0x00, 0x00, 0x00, 0x00, 0x00,
    0x00, 0x00, 0x00, 0x00, 0x00, 0x00, 0x00, 0x00, 0x00, 0x00, 0x00, 0x00, 0x00, 0x00, 0x00, 0x00,
    0x00, 0x00, 0x00, 0x00, 0x00, 0x00, 0x00, 0x00, 0x00, 0x00, 0x00, 0x00, 0x00, 0x00, 0x00, 0x00,
    0x00, 0x00, 0x00, 0x00, 0x00, 0x00, 0x00, 0x00, 0x00, 0x00, 0x00, 0x00, 0x00, 0x00, 0x00, 0x00,
    0x00, 0x00, 0x00, 0x00, 0x00, 0x00, 0x00, 0x00, 0x00, 0x00, 0x00, 0x00, 0x00, 0x00, 0x00, 0x00,
    0x00, 0x00, 0x00, 0x00, 0x00, 0x00, 0x00, 0x00, 0x00, 0x00, 0x00, 0x00, 0x00, 0x00, 0x00, 0x00,
    0x00, 0x00, 0x00, 0x00, 0x00, 0x00, 0x00, 0x00, 0x00, 0x00, 0x00, 0x00, 0x00, 0x00, 0x00, 0x00,
    0x00, 0x00, 0x00, 0x00, 0x00, 0x00, 0x00, 0x00, 0x00, 0x00, 0x00, 0x00, 0x00, 0x00, 0x00, 0x00,
    0x00, 0x00, 0x00, 0x00, 0x00, 0x00, 0x00, 0x00, 0x00, 0x00, 0x00, 0x00, 0x00, 0x00, 0x00, 0x00,
    0x00, 0x00, 0x00, 0x00, 0x00, 0x00, 0x00, 0x00, 0x00, 0x00, 0x00, 0x00, 0x00, 0x00, 0x00, 0x00,
    0x00, 0x00, 0x00, 0x00, 0x00, 0x00, 0x00, 0x00, 0x00, 0x00, 0x00, 0x00, 0x00, 0x00, 0x00, 0x00,
    0x00, 0x00, 0x00, 0x00, 0x00, 0x00, 0x00, 0x00, 0x00, 0x00, 0x00, 0x00, 0x00, 0x00, 0x00, 0x00,
    0x00, 0x00, 0x00, 0x00, 0x00, 0x00, 0x00, 0x00, 0x00, 0x00, 0x00, 0x00, 0x00, 0x00, 0x00, 0x00,
    0x00, 0x00, 0x00, 0x00, 0x00, 0x00, 0x00, 0x00, 0x00, 0x00, 0x00, 0x00, 0x00, 0x00, 0x00, 0x00,
    0x00, 0x00, 0x00, 0x00, 0x00, 0x00, 0x00, 0x00, 0x00, 0x00, 0x00, 0x00, 0x00, 0x00, 0x00, 0x00,
    0x00, 0x00, 0x00, 0x00, 0x00, 0x00, 0x00, 0x00, 0x00, 0x00, 0x00, 0x00, 0x00, 0x00, 0x00, 0x00,
    0x00, 0x00, 0x00, 0x00, 0x00, 0x00, 0x00, 0x00, 0x00, 0x00, 0x00, 0x00, 0x00, 0x00, 0x00, 0x00,
    0x00, 0x00, 0x00, 0x00, 0x00, 0x00, 0x00, 0x00, 0x00, 0x00, 0x00, 0x00, 0x00, 0x00, 0x00, 0x00,
    0x00, 0x00, 0x00, 0x00, 0x00, 0x00, 0x00, 0x00, 0x00, 0x00, 0x00, 0x00, 0x00, 0x00, 0x00, 0x00,
    0x00, 0x00, 0x00, 0x00, 0x00, 0x00, 0x00, 0x00, 0x00, 0x00, 0x00, 0x00, 0x00, 0x00, 0x00, 0x00,
    0x00, 0x00, 0x00, 0x00, 0x00, 0x00, 0x00, 0x00, 0x00, 0x00, 0x00, 0x00, 0x00, 0x00, 0x00, 0x00,
    0x00, 0x00, 0x00, 0x00, 0x00, 0x00, 0x00, 0x00, 0x00, 0x00, 0x00, 0x00, 0x00, 0x00, 0x00, 0x00,
    0x00, 0x00, 0x00, 0x00, 0x00, 0x00, 0x00, 0x00, 0x00, 0x00, 0x00, 0x00, 0x00, 0x00, 0x00, 0x00,
    0x00, 0x00, 0x00, 0x00, 0x00, 0x00, 0x00, 0x00, 0x00, 0x00, 0x00, 0x00, 0x00, 0x00, 0x00, 0x00,
    0x00, 0x00, 0x00, 0x00, 0x00, 0x00, 0x00, 0x00, 0x00, 0x00, 0x00, 0x00, 0x00, 0x00, 0x00, 0x00,
    0x00, 0x00, 0x00, 0x00, 0x00, 0x00, 0x00, 0x00, 0x00, 0x00, 0x00, 0x00, 0x00, 0x00, 0x00, 0x00,
    0x00, 0x00, 0x00, 0x00, 0x00, 0x00, 0x00, 0x00, 0x00, 0x00, 0x00, 0x00, 0x00, 0x00, 0x00, 0x00,
    0x00, 0x00, 0x00, 0x00, 0x00, 0x00, 0x00, 0x00, 0x00, 0x00, 0x00, 0x00, 0x00, 0x00, 0x00, 0x00,
    0x00, 0x00, 0x00, 0x00, 0x00, 0x00, 0x00, 0x00, 0x00, 0x00, 0x00, 0x00, 0x00, 0x00, 0x00, 0x00,
    0x00, 0x00, 0x00, 0x00, 0x00, 0x00, 0x00, 0x00, 0x00, 0x00, 0x00, 0x00, 0x00, 0x00, 0x00, 0x00,
    0x00, 0x00, 0x00, 0x00, 0x00, 0x00, 0x00, 0x00, 0x00, 0x00, 0x00, 0x00, 0x00, 0x00, 0x00, 0x00,
    0x00, 0x00, 0x00, 0x00, 0x00, 0x00, 0x00, 0x00, 0x00, 0x00, 0x00, 0x00, 0x00, 0x00, 0x00, 0x00,
    0x00, 0x00, 0x00, 0x00, 0x00, 0x00, 0x00, 0x00, 0x00, 0x00, 0x00, 0x00, 0x00, 0x00, 0x00, 0x00,
    0x00, 0x00, 0x00, 0x00, 0x00, 0x00, 0x00, 0x00, 0x00, 0x00, 0x00, 0x00, 0x00, 0x00, 0x00, 0x00,
    0x00, 0x00, 0x00, 0x00, 0x00, 0x00, 0x00, 0x00, 0x00, 0x00, 0x00, 0x00, 0x00, 0x00, 0x00, 0x00,
    0x00, 0x00, 0x00, 0x00, 0x00, 0x00, 0x00, 0x00, 0x00, 0x00, 0x00, 0x00, 0x00, 0x00, 0x00, 0x00,
    0x00, 0x00, 0x00, 0x00, 0x00, 0x00, 0x00, 0x00, 0x00, 0x00, 0x00, 0x00, 0x00, 0x00, 0x00, 0x00,
    0x00, 0x00, 0x00, 0x00, 0x00, 0x00, 0x00, 0x00, 0x00, 0x00, 0x00, 0x00, 0x00, 0x00, 0x00, 0x00,
    0x00, 0x00, 0x00, 0x00, 0x00, 0x00, 0x00, 0x00, 0x00, 0x00, 0x00, 0x00, 0x00, 0x00, 0x00, 0x00,
    0x00, 0x00, 0x00, 0x00, 0x00, 0x00, 0x00, 0x00, 0x00, 0x00, 0x00, 0x00, 0x00, 0x00, 0x00, 0x00,
    0x00, 0x00, 0x00, 0x00, 0x00, 0x00, 0x00, 0x00, 0x00, 0x00, 0x00, 0x00, 0x00, 0x00, 0x00, 0x00,
    0x00, 0x00, 0x00, 0x00, 0x00, 0x00, 0x00, 0x00, 0x00, 0x00, 0x00, 0x00, 0x00, 0x00, 0x00, 0x00,
    0x00, 0x00, 0x00, 0x00, 0x00, 0x00, 0x00, 0x00, 0x00, 0x00, 0x00, 0x00, 0x00, 0x00, 0x00, 0x00,
    0x00, 0x00, 0x00, 0x00, 0x00, 0x00, 0x00, 0x00, 0x00, 0x00, 0x00, 0x00, 0x00, 0x00, 0x00, 0x00,
    0x00, 0x00, 0x00, 0x00, 0x00, 0x00, 0x00, 0x00, 0x00, 0x00, 0x00, 0x00, 0x00, 0x00, 0x00, 0x00,
    0x00, 0x00, 0x00, 0x00, 0x00, 0x00, 0x00, 0x00, 0x00, 0x00, 0x00, 0x00, 0x00, 0x00, 0x00, 0x00,
    0x00, 0x00, 0x00, 0x00, 0x00, 0x00, 0x00, 0x00, 0x00, 0x00, 0x00, 0x00, 0x00, 0x00, 0x00, 0x00,
    0x00, 0x00, 0x00, 0x00, 0x00, 0x00, 0x00, 0x00, 0x00, 0x00, 0x00, 0x00, 0x00, 0x00, 0x00, 0x00,
    0x00, 0x00, 0x00, 0x00, 0x00, 0x00, 0x00, 0x00, 0x00, 0x00, 0x00, 0x00, 0x00, 0x00, 0x00, 0x00,
    0x00, 0x00, 0x00, 0x00, 0x00, 0x00, 0x00, 0x00, 0x00, 0x00, 0x00, 0x00, 0x00, 0x00, 0x00, 0x00,
    0x00, 0x00, 0x00, 0x00, 0x00, 0x00, 0x00, 0x00, 0x00, 0x00, 0x00, 0x00, 0x00, 0x00, 0x00, 0x00,
    0x00, 0x00, 0x00, 0x00, 0x00, 0x00, 0x00, 0x00, 0x00, 0x00, 0x00, 0x00, 0x00, 0x00, 0x00, 0x00,
    0x00, 0x00, 0x00, 0x00, 0x00, 0x00, 0x00, 0x00, 0x00, 0x00, 0x00, 0x00, 0x00, 0x00, 0x00, 0x00,
    0x00, 0x00, 0x00, 0x00, 0x00, 0x00, 0x00, 0x00, 0x00, 0x00, 0x00, 0x00, 0x00, 0x00, 0x00, 0x00,
    0x00, 0x00, 0x00, 0x00, 0x00, 0x00, 0x00, 0x00, 0x00, 0x00, 0x00, 0x00, 0x00, 0x00, 0x00, 0x00,
    0x00, 0x00, 0x00, 0x00, 0x00, 0x00, 0x00, 0x00, 0x00, 0x00, 0x00, 0x00, 0x00, 0x00, 0x00, 0x00,
    0x00, 0x00, 0x00, 0x00, 0x00, 0x00, 0x00, 0x00, 0x00, 0x00, 0x00, 0x00, 0x00, 0x00, 0x00, 0x00,
    0x00, 0x00, 0x00, 0x00, 0x00, 0x00, 0x00, 0x00, 0x00, 0x00, 0x00, 0x00, 0x00, 0x00, 0x00, 0x00,
    0x00, 0x00, 0x00, 0x00, 0x00, 0x00, 0x00, 0x00, 0x00, 0x00, 0x00, 0x00, 0x00, 0x00, 0x00, 0x00,
    0x00, 0x00, 0x00, 0x00, 0x00, 0x00, 0x00, 0x00, 0x00, 0x00, 0x00, 0x00, 0x00, 0x00, 0x00, 0x00,
    0x00, 0x00, 0x00, 0x00, 0x00, 0x00, 0x00, 0x00, 0x00, 0x00, 0x00, 0x00, 0x00, 0x00, 0x00, 0x00,
    0x00, 0x00, 0x00, 0x00, 0x00, 0x00, 0x00, 0x00, 0x00, 0x00, 0x00, 0x00, 0x00, 0x00, 0x00, 0x00,
    0x00, 0x00, 0x00, 0x00, 0x00, 0x00, 0x00, 0x00, 0x00, 0x00, 0x00, 0x00, 0x00, 0x00, 0x00, 0x00,
    0x00, 0x00, 0x00, 0x00, 0x00, 0x00, 0x00, 0x00, 0x00, 0x00, 0x00, 0x00, 0x00, 0x00, 0x00, 0x00,
    0x00, 0x00, 0x00, 0x00, 0x00, 0x00, 0x00, 0x00, 0x00, 0x00, 0x00, 0x00, 0x00, 0x00, 0x00, 0x00,
    0x00, 0x00, 0x00, 0x00, 0x00, 0x00, 0x00, 0x00, 0x00, 0x00, 0x00, 0x00, 0x00, 0x00, 0x00, 0x00,
    0x00, 0x00, 0x00, 0x00, 0x00, 0x00, 0x00, 0x00, 0x00, 0x00, 0x00, 0x00, 0x00, 0x00, 0x00, 0x00,
    0x00, 0x00, 0x00, 0x00, 0x00, 0x00, 0x00, 0x00, 0x00, 0x00, 0x00, 0x00, 0x00, 0x00, 0x00, 0x00,
    0x00, 0x00, 0x00, 0x00, 0x00, 0x00, 0x00, 0x00, 0x00, 0x00, 0x00, 0x00, 0x00, 0x00, 0x00, 0x00,
    0x00, 0x00, 0x00, 0x00, 0x00, 0x00, 0x00, 0x00, 0x00, 0x00, 0x00, 0x00, 0x00, 0x00, 0x00, 0x00,
    0x00, 0x00, 0x00, 0x00, 0x00, 0x00, 0x00, 0x00, 0x00, 0x00, 0x00, 0x00, 0x00, 0x00, 0x00, 0x00,
    0x00, 0x00, 0x00, 0x00, 0x00, 0x00, 0x00, 0x00, 0x00, 0x00, 0x00, 0x00, 0x00, 0x00, 0x00, 0x00,
    0x00, 0x00, 0x00, 0x00, 0x00, 0x00, 0x00, 0x00, 0x00, 0x00, 0x00, 0x00, 0x00, 0x00, 0x00, 0x00,
    0x00, 0x00, 0x00, 0x00, 0x00, 0x00, 0x00, 0x00, 0x00, 0x00, 0x00, 0x00, 0x00, 0x00, 0x00, 0x00,
    0x00, 0x00, 0x00, 0x00, 0x00, 0x00, 0x00, 0x00, 0x00, 0x00, 0x00, 0x00, 0x00, 0x00, 0x00, 0x00,
    0x00, 0x00, 0x00, 0x00, 0x00, 0x00, 0x00, 0x00, 0x00, 0x00, 0x00, 0x00, 0x00, 0x00, 0x00, 0x00,
    0x00, 0x00, 0x00, 0x00, 0x00, 0x00, 0x00, 0x00, 0x00, 0x00, 0x00, 0x00, 0x00, 0x00, 0x00, 0x00,
    0x00, 0x00, 0x00, 0x00, 0x00, 0x00, 0x00, 0x00, 0x00, 0x00, 0x00, 0x00, 0x00, 0x00, 0x00, 0x00,
    0x00, 0x00, 0x00, 0x00, 0x00, 0x00, 0x00, 0x00, 0x00, 0x00, 0x00, 0x00, 0x00, 0x00, 0x00, 0x00,
    0x00, 0x00, 0x00, 0x00, 0x00, 0x00, 0x00, 0x00, 0x00, 0x00, 0x00, 0x00, 0x00, 0x00, 0x00, 0x00,
    0x00, 0x00, 0x00, 0x00, 0x00, 0x00, 0x00, 0x00, 0x00, 0x00, 0x00, 0x00, 0x00, 0x00, 0x00, 0x00,
    0x00, 0x00, 0x00, 0x00, 0x00, 0x00, 0x00, 0x00, 0x00, 0x00, 0x00, 0x00, 0x00, 0x00, 0x00, 0x00,
    0x00, 0x00, 0x00, 0x00, 0x00, 0x00, 0x00, 0x00, 0x00, 0x00, 0x00, 0x00, 0x00, 0x00, 0x00, 0x00,
    0x00, 0x00, 0x00, 0x00, 0x00, 0x00, 0x00, 0x00, 0x00, 0x00, 0x00, 0x00, 0x00, 0x00, 0x00, 0x00,
    0x00, 0x00, 0x00, 0x00, 0x00, 0x00, 0x00, 0x00, 0x00, 0x00, 0x00, 0x00, 0x00, 0x00, 0x00, 0x00,
    0x00, 0x00, 0x00, 0x00, 0x00, 0x00, 0x00, 0x00, 0x00, 0x00, 0x00, 0x00, 0x00, 0x00, 0x00, 0x00,
    0x00, 0x00, 0x00, 0x00, 0x00, 0x00, 0x00, 0x00, 0x00, 0x00, 0x00, 0x00, 0x00, 0x00, 0x00, 0x00,
    0x00, 0x00, 0x00, 0x00, 0x00, 0x00, 0x00, 0x00, 0x00, 0x00, 0x00, 0x00, 0x00, 0x00, 0x00, 0x00,
    0x00, 0x00, 0x00, 0x00, 0x00, 0x00, 0x00, 0x00, 0x00, 0x00, 0x00, 0x00, 0x00, 0x00, 0x00, 0x00,
    0x00, 0x00, 0x00, 0x00, 0x00, 0x00, 0x00, 0x00, 0x00, 0x00, 0x00, 0x00, 0x00, 0x00, 0x00, 0x00,
    0x00, 0x00, 0x00, 0x00, 0x00, 0x00, 0x00, 0x00, 0x00, 0x00, 0x00, 0x00, 0x00, 0x00, 0x00, 0x00,
    0x00, 0x00, 0x00, 0x00, 0x00, 0x00, 0x00, 0x00, 0x00, 0x00, 0x00, 0x00, 0x00, 0x00, 0x00, 0x00,
    0x00, 0x00, 0x00, 0x00, 0x00, 0x00, 0x00, 0x00, 0x00, 0x00, 0x00, 0x00, 0x00, 0x00, 0x00, 0x00,
    0x00, 0x00, 0x00, 0x00, 0x00, 0x00, 0x00, 0x00, 0x00, 0x00, 0x00, 0x00, 0x00, 0x00, 0x00, 0x00,
    0x00, 0x00, 0x00, 0x00, 0x00, 0x00, 0x00, 0x00, 0x00, 0x00, 0x00, 0x00, 0x00, 0x00, 0x00, 0x00,
    0x00, 0x00, 0x00, 0x00, 0x00, 0x00, 0x00, 0x00, 0x00, 0x00, 0x00, 0x00, 0x00, 0x00, 0x00, 0x00,
    0x00, 0x00, 0x00, 0x00, 0x00, 0x00, 0x00, 0x00, 0x00, 0x00, 0x00, 0x00, 0x00, 0x00, 0x00, 0x00,
    0x00, 0x00, 0x00, 0x00, 0x00, 0x00, 0x00, 0x00, 0x00, 0x00, 0x00, 0x00, 0x00, 0x00, 0x00, 0x00,
    0x00, 0x00, 0x00, 0x00, 0x00, 0x00, 0x00, 0x00, 0x00, 0x00, 0x00, 0x00, 0x00, 0x00, 0x00, 0x00,
    0x00, 0x00, 0x00, 0x00, 0x00, 0x00, 0x00, 0x00, 0x00, 0x00, 0x00, 0x00, 0x00, 0x00, 0x00, 0x00,
    0x00, 0x00, 0x00, 0x00, 0x00, 0x00, 0x00, 0x00, 0x00, 0x00, 0x00, 0x00, 0x00, 0x00, 0x00, 0x00,
    0x00, 0x00, 0x00, 0x00, 0x00, 0x00, 0x00, 0x00, 0x00, 0x00, 0x00, 0x00, 0x00, 0x00, 0x00, 0x00,
    0x00, 0x00, 0x00, 0x00, 0x00, 0x00, 0x00, 0x00, 0x00, 0x00, 0x00, 0x00, 0x00, 0x00, 0x00, 0x00,
    0x00, 0x00, 0x00, 0x00, 0x00, 0x00, 0x00, 0x00, 0x00, 0x00, 0x00, 0x00, 0x00, 0x00, 0x00, 0x00,
    0x00, 0x00, 0x00, 0x00, 0x00, 0x00, 0x00, 0x00, 0x00, 0x00, 0x00, 0x00, 0x00, 0x00, 0x00, 0x00,
    0x00, 0x00, 0x00, 0x00, 0x00, 0x00, 0x00, 0x00, 0x00, 0x00, 0x00, 0x00, 0x00, 0x00, 0x00, 0x00,
    0x00, 0x00, 0x00, 0x00, 0x00, 0x00, 0x00, 0x00, 0x00, 0x00, 0x00, 0x00, 0x00, 0x00, 0x00, 0x00,
    0x00, 0x00, 0x00, 0x00, 0x00, 0x00, 0x00, 0x00, 0x00, 0x00, 0x00, 0x00, 0x00, 0x00, 0x00, 0x00,
    0x00, 0x00, 0x00, 0x00, 0x00, 0x00, 0x00, 0x00, 0x00, 0x00, 0x00, 0x00, 0x00, 0x00, 0x00, 0x00,
    0x00, 0x00, 0x00, 0x00, 0x00, 0x00, 0x00, 0x00, 0x00, 0x00, 0x00, 0x00, 0x00, 0x00, 0x00, 0x00,
    0x00, 0x00, 0x00, 0x00, 0x00, 0x00, 0x00, 0x00, 0x00, 0x00, 0x00, 0x00, 0x00, 0x00, 0x00, 0x00,
    0x00, 0x00, 0x00, 0x00, 0x00, 0x00, 0x00, 0x00, 0x00, 0x00, 0x00, 0x00, 0x00, 0x00, 0x00, 0x00,
    0x00, 0x00, 0x00, 0x00, 0x00, 0x00, 0x00, 0x00, 0x00, 0x00, 0x00, 0x00, 0x00, 0x00, 0x00, 0x00,
    0x00, 0x00, 0x00, 0x00, 0x00, 0x00, 0x00, 0x00, 0x00, 0x00, 0x00, 0x00, 0x00, 0x00, 0x00, 0x00,
    0x00, 0x00, 0x00, 0x00, 0x00, 0x00, 0x00, 0x00, 0x00, 0x00, 0x00, 0x00, 0x00, 0x00, 0x00, 0x00,
    0x00, 0x00, 0x00, 0x00, 0x00, 0x00, 0x00, 0x00, 0x00, 0x00, 0x00, 0x00, 0x00, 0x00, 0x00, 0x00,
    0x00, 0x00, 0x00, 0x00, 0x00, 0x00, 0x00, 0x00, 0x00, 0x00, 0x00, 0x00, 0x00, 0x00, 0x00, 0x00,
    0x00, 0x00, 0x00, 0x00, 0x00, 0x00, 0x00, 0x00, 0x00, 0x00, 0x00, 0x00, 0x00, 0x00, 0x00, 0x00,
    0x00, 0x00, 0x00, 0x00, 0x00, 0x00, 0x00, 0x00, 0x00, 0x00, 0x00, 0x00, 0x00, 0x00, 0x00, 0x00,
    0x00, 0x00, 0x00, 0x00, 0x00, 0x00, 0x00, 0x00, 0x00, 0x00, 0x00, 0x00, 0x00, 0x00, 0x00, 0x00,
    0x00, 0x00, 0x00, 0x00, 0x00, 0x00, 0x00, 0x00, 0x00, 0x00, 0x00, 0x00, 0x00, 0x00, 0x00, 0x00,
    0x00, 0x00, 0x00, 0x00, 0x00, 0x00, 0x00, 0x00, 0x00, 0x00, 0x00, 0x00, 0x00, 0x00, 0x00, 0x00,
    0x00, 0x00, 0x00, 0x00, 0x00, 0x00, 0x00, 0x00, 0x00, 0x00, 0x00, 0x00, 0x00, 0x00, 0x00, 0x00,
    0x00, 0x00, 0x00, 0x00, 0x00, 0x00, 0x00, 0x00, 0x00, 0x00, 0x00, 0x00, 0x00, 0x00, 0x00, 0x00,
    0x00, 0x00, 0x00, 0x00, 0x00, 0x00, 0x00, 0x00, 0x00, 0x00, 0x00, 0x00, 0x00, 0x00, 0x00, 0x00,
    0x00, 0x00, 0x00, 0x00, 0x00, 0x00, 0x00, 0x00, 0x00, 0x00, 0x00, 0x00, 0x00, 0x00, 0x00, 0x00,
    0x00, 0x00, 0x00, 0x00, 0x00, 0x00, 0x00, 0x00, 0x00, 0x00, 0x00, 0x00, 0x00, 0x00, 0x00, 0x00,
    0x00, 0x00, 0x00, 0x00, 0x00, 0x00, 0x00, 0x00, 0x00, 0x00, 0x00, 0x00, 0x00, 0x00, 0x00, 0x00,
    0x00, 0x00, 0x00, 0x00, 0x00, 0x00, 0x00, 0x00, 0x00, 0x00, 0x00, 0x00, 0x00, 0x00, 0x00, 0x00,
    0x00, 0x00, 0x00, 0x00, 0x00, 0x00, 0x00, 0x00, 0x00, 0x00, 0x00, 0x00, 0x00, 0x00, 0x00, 0x00,
    0x00, 0x00, 0x00, 0x00, 0x00, 0x00, 0x00, 0x00, 0x00, 0x00, 0x00, 0x00, 0x00, 0x00, 0x00, 0x00,
    0x00, 0x00, 0x00, 0x00, 0x00, 0x00, 0x00, 0x00, 0x00, 0x00, 0x00, 0x00, 0x00, 0x00, 0x00, 0x00,
    0x00, 0x00, 0x00, 0x00, 0x00, 0x00, 0x00, 0x00, 0x00, 0x00, 0x00, 0x00, 0x00, 0x00, 0x00, 0x00,
    0x00, 0x00, 0x00, 0x00, 0x00, 0x00, 0x00, 0x00, 0x00, 0x00, 0x00, 0x00, 0x00, 0x00, 0x00, 0x00,
    0x00, 0x00, 0x00, 0x00, 0x00, 0x00, 0x00, 0x00, 0x00, 0x00, 0x00, 0x00, 0x00, 0x00, 0x00, 0x00,
    0x00, 0x00, 0x00, 0x00, 0x00, 0x00, 0x00, 0x00, 0x00, 0x00, 0x00, 0x00, 0x00, 0x00, 0x00, 0x00,
    0x00, 0x00, 0x00, 0x00, 0x00, 0x00, 0x00, 0x00, 0x00, 0x00, 0x00, 0x00, 0x00, 0x00, 0x00, 0x00,
    0x00, 0x00, 0x00, 0x00, 0x00, 0x00, 0x00, 0x00, 0x00, 0x00, 0x00, 0x00, 0x00, 0x00, 0x00, 0x00,
    0x00, 0x00, 0x00, 0x00, 0x00, 0x00, 0x00, 0x00, 0x00, 0x00, 0x00, 0x00, 0x00, 0x00, 0x00, 0x00,
    0x00, 0x00, 0x00, 0x00, 0x00, 0x00, 0x00, 0x00, 0x00, 0x00, 0x00, 0x00, 0x00, 0x00, 0x00, 0x00,
    0x00, 0x00, 0x00, 0x00, 0x00, 0x00, 0x00, 0x00, 0x00, 0x00, 0x00, 0x00, 0x00, 0x00, 0x00, 0x00,
    0x00, 0x00, 0x00, 0x00, 0x00, 0x00, 0x00, 0x00, 0x00, 0x00, 0x00, 0x00, 0x00, 0x00, 0x00, 0x00,
    0x00, 0x00, 0x00, 0x00, 0x00, 0x00, 0x00, 0x00, 0x00, 0x00, 0x00, 0x00, 0x00, 0x00, 0x00, 0x00,
    0x00, 0x00, 0x00, 0x00, 0x00, 0x00, 0x00, 0x00, 0x00, 0x00, 0x00, 0x00, 0x00, 0x00, 0x00, 0x00,
    0x00, 0x00, 0x00, 0x00, 0x00, 0x00, 0x00, 0x00, 0x00, 0x00, 0x00, 0x00, 0x00, 0x00, 0x00, 0x00,
    0x00, 0x00, 0x00, 0x00, 0x00, 0x00, 0x00, 0x00, 0x00, 0x00, 0x00, 0x00, 0x00, 0x00, 0x00, 0x00,
    0x00, 0x00, 0x00, 0x00, 0x00, 0x00, 0x00, 0x00, 0x00, 0x00, 0x00, 0x00, 0x00, 0x00, 0x00, 0x00,
    0x00, 0x00, 0x00, 0x00, 0x00, 0x00, 0x00, 0x00, 0x00, 0x00, 0x00, 0x00, 0x00, 0x00, 0x00, 0x00,
    0x00, 0x00, 0x00, 0x00, 0x00, 0x00, 0x00, 0x00, 0x00, 0x00, 0x00, 0x00, 0x00, 0x00, 0x00, 0x00,
    0x00, 0x00, 0x00, 0x00, 0x00, 0x00, 0x00, 0x00, 0x00, 0x00, 0x00, 0x00, 0x00, 0x00, 0x00, 0x00,
    0x00, 0x00, 0x00, 0x00, 0x00, 0x00, 0x00, 0x00, 0x00, 0x00, 0x00, 0x00, 0x00, 0x00, 0x00, 0x00,
    0x00, 0x00, 0x00, 0x00, 0x00, 0x00, 0x00, 0x00, 0x00, 0x00, 0x00, 0x00, 0x00, 0x00, 0x00, 0x00,
    0x00, 0x00, 0x00, 0x00, 0x00, 0x00, 0x00, 0x00, 0x00, 0x00, 0x00, 0x00, 0x00, 0x00, 0x00, 0x00,
    0x00, 0x00, 0x00, 0x00, 0x00, 0x00, 0x00, 0x00, 0x00, 0x00, 0x00, 0x00, 0x00, 0x00, 0x00, 0x00,
    0x00, 0x00, 0x00, 0x00, 0x00, 0x00, 0x00, 0x00, 0x00, 0x00, 0x00, 0x00, 0x00, 0x00, 0x00, 0x00,
    0x00, 0x00, 0x00, 0x00, 0x00, 0x00, 0x00, 0x00, 0x00, 0x00, 0x00, 0x00, 0x00, 0x00, 0x00, 0x00,
    0x00, 0x00, 0x00, 0x00, 0x00, 0x00, 0x00, 0x00, 0x00, 0x00, 0x00, 0x00, 0x00, 0x00, 0x00, 0x00,
    0x00, 0x00, 0x00, 0x00, 0x00, 0x00, 0x00, 0x00, 0x00, 0x00, 0x00, 0x00, 0x00, 0x00, 0x00, 0x00,
    0x00, 0x00, 0x00, 0x00, 0x00, 0x00, 0x00, 0x00, 0x00, 0x00, 0x00, 0x00, 0x00, 0x00, 0x00, 0x00,
    0x00, 0x00, 0x00, 0x00, 0x00, 0x00, 0x00, 0x00, 0x00, 0x00, 0x00, 0x00, 0x00, 0x00, 0x00, 0x00,
    0x00, 0x00, 0x00, 0x00, 0x00, 0x00, 0x00, 0x00, 0x00, 0x00, 0x00, 0x00, 0x00, 0x00, 0x00, 0x00,
    0x00, 0x00, 0x00, 0x00, 0x00, 0x00, 0x00, 0x00, 0x00, 0x00, 0x00, 0x00, 0x00, 0x00, 0x00, 0x00,
    0x00, 0x00, 0x00, 0x00, 0x00, 0x00, 0x00, 0x00, 0x00, 0x00, 0x00, 0x00, 0x00, 0x00, 0x00, 0x00,
    0x00, 0x00, 0x00, 0x00, 0x00, 0x00, 0x00, 0x00, 0x00, 0x00, 0x00, 0x00, 0x00, 0x00, 0x00, 0x00,
    0x00, 0x00, 0x00, 0x00, 0x00, 0x00, 0x00, 0x00, 0x00, 0x00, 0x00, 0x00, 0x00, 0x00, 0x00, 0x00,
    0x00, 0x00, 0x00, 0x00, 0x00, 0x00, 0x00, 0x00, 0x00, 0x00, 0x00, 0x00, 0x00, 0x00, 0x00, 0x00,
    0x00, 0x00, 0x00, 0x00, 0x00, 0x00, 0x00, 0x00, 0x00, 0x00, 0x00, 0x00, 0x00, 0x00, 0x00, 0x00,
    0x00, 0x00, 0x00, 0x00, 0x00, 0x00, 0x00, 0x00, 0x00, 0x00, 0x00, 0x00, 0x00, 0x00, 0x00, 0x00,
    0x00, 0x00, 0x00, 0x00, 0x00, 0x00, 0x00, 0x00, 0x00, 0x00, 0x00, 0x00, 0x00, 0x00, 0x00, 0x00,
    0x00, 0x00, 0x00, 0x00, 0x00, 0x00, 0x00, 0x00, 0x00, 0x00, 0x00, 0x00, 0x00, 0x00, 0x00, 0x00,
    0x00, 0x00, 0x00, 0x00, 0x00, 0x00, 0x00, 0x00, 0x00, 0x00, 0x00, 0x00, 0x00, 0x00, 0x00, 0x00,
    0x00, 0x00, 0x00, 0x00, 0x00, 0x00, 0x00, 0x00, 0x00, 0x00, 0x00, 0x00, 0x00, 0x00, 0x00, 0x00,
    0x00, 0x00, 0x00, 0x00, 0x00, 0x00, 0x00, 0x00, 0x00, 0x00, 0x00, 0x00, 0x00, 0x00, 0x00, 0x00,
    0x00, 0x00, 0x00, 0x00, 0x00, 0x00, 0x00, 0x00, 0x00, 0x00, 0x00, 0x00, 0x00, 0x00, 0x00, 0x00,
    0x00, 0x00, 0x00, 0x00, 0x00, 0x00, 0x00, 0x00, 0x00, 0x00, 0x00, 0x00, 0x00, 0x00, 0x00, 0x00,
    0x00, 0x00, 0x00, 0x00, 0x00, 0x00, 0x00, 0x00, 0x00, 0x00, 0x00, 0x00, 0x00, 0x00, 0x00, 0x00,
    0x00, 0x00, 0x00, 0x00, 0x00, 0x00, 0x00, 0x00, 0x00, 0x00, 0x00, 0x00, 0x00, 0x00, 0x00, 0x00,
    0x00, 0x00, 0x00, 0x00, 0x00, 0x00, 0x00, 0x00, 0x00, 0x00, 0x00, 0x00, 0x00, 0x00, 0x00, 0x00,
    0x00, 0x00, 0x00, 0x00, 0x00, 0x00, 0x00, 0x00, 0x00, 0x00, 0x00, 0x00, 0x00, 0x00, 0x00, 0x00,
    0x00, 0x00, 0x00, 0x00, 0x00, 0x00, 0x00, 0x00, 0x00, 0x00, 0x00, 0x00, 0x00, 0x00, 0x00, 0x00,
    0x00, 0x00, 0x00, 0x00, 0x00, 0x00, 0x00, 0x00, 0x00, 0x00, 0x00, 0x00, 0x00, 0x00, 0x00, 0x00,
    0x00, 0x00, 0x00, 0x00, 0x00, 0x00, 0x00, 0x00, 0x00, 0x00, 0x00, 0x00, 0x00, 0x00, 0x00, 0x00,
    0x00, 0x00, 0x00, 0x00, 0x00, 0x00, 0x00, 0x00, 0x00, 0x00, 0x00, 0x00, 0x00, 0x00, 0x00, 0x00,
    0x00, 0x00, 0x00, 0x00, 0x00, 0x00, 0x00, 0x00, 0x00, 0x00, 0x00, 0x00, 0x00, 0x00, 0x00, 0x00,
    0x00, 0x00, 0x00, 0x00, 0x00, 0x00, 0x00, 0x00, 0x00, 0x00, 0x00, 0x00, 0x00, 0x00, 0x00, 0x00,
    0x00, 0x00, 0x00, 0x00, 0x00, 0x00, 0x00, 0x00, 0x00, 0x00, 0x00, 0x00, 0x00, 0x00, 0x00, 0x00,
    0x00, 0x00, 0x00, 0x00, 0x00, 0x00, 0x00, 0x00, 0x00, 0x00, 0x00, 0x00, 0x00, 0x00, 0x00, 0x00,
    0x00, 0x00, 0x00, 0x00, 0x00, 0x00, 0x00, 0x00, 0x00, 0x00, 0x00, 0x00, 0x00, 0x00, 0x00, 0x00,
    0x00, 0x00, 0x00, 0x00, 0x00, 0x00, 0x00, 0x00, 0x00, 0x00, 0x00, 0x00, 0x00, 0x00, 0x00, 0x00,
    0x00, 0x00, 0x00, 0x00, 0x00, 0x00, 0x00, 0x00, 0x00, 0x00, 0x00, 0x00, 0x00, 0x00, 0x00, 0x00,
    0x00, 0x00, 0x00, 0x00, 0x00, 0x00, 0x00, 0x00, 0x00, 0x00, 0x00, 0x00, 0x00, 0x00, 0x00, 0x00,
    0x00, 0x00, 0x00, 0x00, 0x00, 0x00, 0x00, 0x00, 0x00, 0x00, 0x00, 0x00, 0x00, 0x00, 0x00, 0x00,
    0x00, 0x00, 0x00, 0x00, 0x00, 0x00, 0x00, 0x00, 0x00, 0x00, 0x00, 0x00, 0x00, 0x00, 0x00, 0x00,
    0x00, 0x00, 0x00, 0x00, 0x00, 0x00, 0x00, 0x00, 0x00, 0x00, 0x00, 0x00, 0x00, 0x00, 0x00, 0x00,
    0x00, 0x00, 0x00, 0x00, 0x00, 0x00, 0x00, 0x00, 0x00, 0x00, 0x00, 0x00, 0x00, 0x00, 0x00, 0x00,
    0x00, 0x00, 0x00, 0x00, 0x00, 0x00, 0x00, 0x00, 0x00, 0x00, 0x00, 0x00, 0x00, 0x00, 0x00, 0x00,
    0x00, 0x00, 0x00, 0x00, 0x00, 0x00, 0x00, 0x00, 0x00, 0x00, 0x00, 0x00, 0x00, 0x00, 0x00, 0x00,
    0x00, 0x00, 0x00, 0x00, 0x00, 0x00, 0x00, 0x00, 0x00, 0x00, 0x00, 0x00, 0x00, 0x00, 0x00, 0x00,
    0x00, 0x00, 0x00, 0x00, 0x00, 0x00, 0x00, 0x00, 0x00, 0x00, 0x00, 0x00, 0x00, 0x00, 0x00, 0x00,
    0x00, 0x00, 0x00, 0x00, 0x00, 0x00, 0x00, 0x00, 0x00, 0x00, 0x00, 0x00, 0x00, 0x00, 0x00, 0x00,
    0x00, 0x00, 0x00, 0x00, 0x00, 0x00, 0x00, 0x00, 0x00, 0x00, 0x00, 0x00, 0x00, 0x00, 0x00, 0x00,
    0x00, 0x00, 0x00, 0x00, 0x00, 0x00, 0x00, 0x00, 0x00, 0x00, 0x00, 0x00, 0x00, 0x00, 0x00, 0x00,
    0x00, 0x00, 0x00, 0x00, 0x00, 0x00, 0x00, 0x00, 0x00, 0x00, 0x00, 0x00, 0x00, 0x00, 0x00, 0x00,
    0x00, 0x00, 0x00, 0x00, 0x00, 0x00, 0x00, 0x00, 0x00, 0x00, 0x00, 0x00, 0x00, 0x00, 0x00, 0x00,
    0x00, 0x00, 0x00, 0x00, 0x00, 0x00, 0x00, 0x00, 0x00, 0x00, 0x00, 0x00, 0x00, 0x00, 0x00, 0x00,
    0x00, 0x00, 0x00, 0x00, 0x00, 0x00, 0x00, 0x00, 0x00, 0x00, 0x00, 0x00, 0x00, 0x00, 0x00, 0x00,
    0x00, 0x00, 0x00, 0x00, 0x00, 0x00, 0x00, 0x00, 0x00, 0x00, 0x00, 0x00, 0x00, 0x00, 0x00, 0x00,
    0x00, 0x00, 0x00, 0x00, 0x00, 0x00, 0x00, 0x00, 0x00, 0x00, 0x00, 0x00, 0x00, 0x00, 0x00, 0x00,
    0x00, 0x00, 0x00, 0x00, 0x00, 0x00, 0x00, 0x00, 0x00, 0x00, 0x00, 0x00, 0x00, 0x00, 0x00, 0x00,
    0x00, 0x00, 0x00, 0x00, 0x00, 0x00, 0x00, 0x00, 0x00, 0x00, 0x00, 0x00, 0x00, 0x00, 0x00, 0x00,
    0x00, 0x00, 0x00, 0x00, 0x00, 0x00, 0x00, 0x00, 0x00, 0x00, 0x00, 0x00, 0x00, 0x00, 0x00, 0x00,
    0x00, 0x00, 0x00, 0x00, 0x00, 0x00, 0x00, 0x00, 0x00, 0x00, 0x00, 0x00, 0x00, 0x00, 0x00, 0x00,
    0x00, 0x00, 0x00, 0x00, 0x00, 0x00, 0x00, 0x00, 0x00, 0x00, 0x00, 0x00, 0x00, 0x00, 0x00, 0x00,
    0x00, 0x00, 0x00, 0x00, 0x00, 0x00, 0x00, 0x00, 0x00, 0x00, 0x00, 0x00, 0x00, 0x00, 0x00, 0x00,
    0x00, 0x00, 0x00, 0x00, 0x00, 0x00, 0x00, 0x00, 0x00, 0x00, 0x00, 0x00, 0x00, 0x00, 0x00, 0x00,
    0x00, 0x00, 0x00, 0x00, 0x00, 0x00, 0x00, 0x00, 0x00, 0x00, 0x00, 0x00, 0x00, 0x00, 0x00, 0x00,
    0x00, 0x00, 0x00, 0x00, 0x00, 0x00, 0x00, 0x00, 0x00, 0x00, 0x00, 0x00, 0x00, 0x00, 0x00, 0x00,
    0x00, 0x00, 0x00, 0x00, 0x00, 0x00, 0x00, 0x00, 0x00, 0x00, 0x00, 0x00, 0x00, 0x00, 0x00, 0x00,
    0x00, 0x00, 0x00, 0x00, 0x00, 0x00, 0x00, 0x00, 0x00, 0x00, 0x00, 0x00, 0x00, 0x00, 0x00, 0x00,
    0x00, 0x00, 0x00, 0x00, 0x00, 0x00, 0x00, 0x00, 0x00, 0x00, 0x00, 0x00, 0x00, 0x00, 0x00, 0x00,
    0x00, 0x00, 0x00, 0x00, 0x00, 0x00, 0x00, 0x00, 0x00, 0x00, 0x00, 0x00, 0x00, 0x00, 0x00, 0x00,
    0x00, 0x00, 0x00, 0x00, 0x00, 0x00, 0x00, 0x00, 0x00, 0x00, 0x00, 0x00, 0x00, 0x00, 0x00, 0x00,
    0x00, 0x00, 0x00, 0x00, 0x00, 0x00, 0x00, 0x00, 0x00, 0x00, 0x00, 0x00, 0x00, 0x00, 0x00, 0x00,
    0x00, 0x00, 0x00, 0x00, 0x00, 0x00, 0x00, 0x00, 0x00, 0x00, 0x00, 0x00, 0x00, 0x00, 0x00, 0x00,
    0x00, 0x00, 0x00, 0x00, 0x00, 0x00, 0x00, 0x00, 0x00, 0x00, 0x00, 0x00, 0x00, 0x00, 0x00, 0x00,
    0x00, 0x00, 0x00, 0x00, 0x00, 0x00, 0x00, 0x00, 0x00, 0x00, 0x00, 0x00, 0x00, 0x00, 0x00, 0x00,
    0x00, 0x00, 0x00, 0x00, 0x00, 0x00, 0x00, 0x00, 0x00, 0x00, 0x00, 0x00, 0x00, 0x00, 0x00, 0x00,
    0x00, 0x00, 0x00, 0x00, 0x00, 0x00, 0x00, 0x00, 0x00, 0x00, 0x00, 0x00, 0x00, 0x00, 0x00, 0x00,
    0x00, 0x00, 0x00, 0x00, 0x00, 0x00, 0x00, 0x00, 0x00, 0x00, 0x00, 0x00, 0x00, 0x00, 0x00, 0x00,
    0x00, 0x00, 0x00, 0x00, 0x00, 0x00, 0x00, 0x00, 0x00, 0x00, 0x00, 0x00, 0x00, 0x00, 0x00, 0x00,
    0x00, 0x00, 0x00, 0x00, 0x00, 0x00, 0x00, 0x00, 0x00, 0x00, 0x00, 0x00, 0x00, 0x00, 0x00, 0x00,
    0x00, 0x00, 0x00, 0x00, 0x00, 0x00, 0x00, 0x00, 0x00, 0x00, 0x00, 0x00, 0x00, 0x00, 0x00, 0x00,
    0x00, 0x00, 0x00, 0x00, 0x00, 0x00, 0x00, 0x00, 0x00, 0x00, 0x00, 0x00, 0x00, 0x00, 0x00, 0x00,
    0x00, 0x00, 0x00, 0x00, 0x00, 0x00, 0x00, 0x00, 0x00, 0x00, 0x00, 0x00, 0x00, 0x00, 0x00, 0x00,
    0x00, 0x00, 0x00, 0x00, 0x00, 0x00, 0x00, 0x00, 0x00, 0x00, 0x00, 0x00, 0x00, 0x00, 0x00, 0x00,
    0x00, 0x00, 0x00, 0x00, 0x00, 0x00, 0x00, 0x00, 0x00, 0x00, 0x00, 0x00, 0x00, 0x00, 0x00, 0x00,
    0x00, 0x00, 0x00, 0x00, 0x00, 0x00, 0x00, 0x00, 0x00, 0x00, 0x00, 0x00, 0x00, 0x00, 0x00, 0x00,
    0x00, 0x00, 0x00, 0x00, 0x00, 0x00, 0x00, 0x00, 0x00, 0x00, 0x00, 0x00, 0x00, 0x00, 0x00, 0x00,
    0x00, 0x00, 0x00, 0x00, 0x00, 0x00, 0x00, 0x00, 0x00, 0x00, 0x00, 0x00, 0x00, 0x00, 0x00, 0x00,
    0x00, 0x00, 0x00, 0x00, 0x00, 0x00, 0x00, 0x00, 0x00, 0x00, 0x00, 0x00, 0x00, 0x00, 0x00, 0x00,
    0x00, 0x00, 0x00, 0x00, 0x00, 0x00, 0x00, 0x00, 0x00, 0x00, 0x00, 0x00, 0x00, 0x00, 0x00, 0x00,
    0x00, 0x00, 0x00, 0x00, 0x00, 0x00, 0x00, 0x00, 0x00, 0x00, 0x00, 0x00, 0x00, 0x00, 0x00, 0x00,
    0x00, 0x00, 0x00, 0x00, 0x00, 0x00, 0x00, 0x00, 0x00, 0x00, 0x00, 0x00, 0x00, 0x00, 0x00, 0x00,
    0x00, 0x00, 0x00, 0x00, 0x00, 0x00, 0x00, 0x00, 0x00, 0x00, 0x00, 0x00, 0x00, 0x00, 0x00, 0x00,
    0x00, 0x00, 0x00, 0x00, 0x00, 0x00, 0x00, 0x00, 0x00, 0x00, 0x00, 0x00, 0x00, 0x00, 0x00, 0x00,
    0x00, 0x00, 0x00, 0x00, 0x00, 0x00, 0x00, 0x00, 0x00, 0x00, 0x00, 0x00, 0x00, 0x00, 0x00, 0x00,
    0x00, 0x00, 0x00, 0x00, 0x00, 0x00, 0x00, 0x00, 0x00, 0x00, 0x00, 0x00, 0x00, 0x00, 0x00, 0x00,
    0x00, 0x00, 0x00, 0x00, 0x00, 0x00, 0x00, 0x00, 0x00, 0x00, 0x00, 0x00, 0x00, 0x00, 0x00, 0x00,
    0x00, 0x00, 0x00, 0x00, 0x00, 0x00, 0x00, 0x00, 0x00, 0x00, 0x00, 0x00, 0x00, 0x00, 0x00, 0x00,
    0x00, 0x00, 0x00, 0x00, 0x00, 0x00, 0x00, 0x00, 0x00, 0x00, 0x00, 0x00, 0x00, 0x00, 0x00, 0x00,
    0x00, 0x00, 0x00, 0x00, 0x00, 0x00, 0x00, 0x00, 0x00, 0x00, 0x00, 0x00, 0x00, 0x00, 0x00, 0x00,
    0x00, 0x00, 0x00, 0x00, 0x00, 0x00, 0x00, 0x00, 0x00, 0x00, 0x00, 0x00, 0x00, 0x00, 0x00, 0x00,
    0x00, 0x00, 0x00, 0x00, 0x00, 0x00, 0x00, 0x00, 0x00, 0x00, 0x00, 0x00, 0x00, 0x00, 0x00, 0x00,
    0x00, 0x00, 0x00, 0x00, 0x00, 0x00, 0x00, 0x00, 0x00, 0x00, 0x00, 0x00, 0x00, 0x00, 0x00, 0x00,
    0x00, 0x00, 0x00, 0x00, 0x00, 0x00, 0x00, 0x00, 0x00, 0x00, 0x00, 0x00, 0x00, 0x00, 0x00, 0x00,
    0x00, 0x00, 0x00, 0x00, 0x00, 0x00, 0x00, 0x00, 0x00, 0x00, 0x00, 0x00, 0x00, 0x00, 0x00, 0x00,
    0x00, 0x00, 0x00, 0x00, 0x00, 0x00, 0x00, 0x00, 0x00, 0x00, 0x00, 0x00, 0x00, 0x00, 0x00, 0x00,
    0x00, 0x00, 0x00, 0x00, 0x00, 0x00, 0x00, 0x00, 0x00, 0x00, 0x00, 0x00, 0x00, 0x00, 0x00, 0x00,
    0x00, 0x00, 0x00, 0x00, 0x00, 0x00, 0x00, 0x00, 0x00, 0x00, 0x00, 0x00, 0x00, 0x00, 0x00, 0x00,
    0x00, 0x00, 0x00, 0x00, 0x00, 0x00, 0x00, 0x00, 0x00, 0x00, 0x00, 0x00, 0x00, 0x00, 0x00, 0x00,
    0x00, 0x00, 0x00, 0x00, 0x00, 0x00, 0x00, 0x00, 0x00, 0x00, 0x00, 0x00, 0x00, 0x00, 0x00, 0x00,
    0x00, 0x00, 0x00, 0x00, 0x00, 0x00, 0x00, 0x00, 0x00, 0x00, 0x00, 0x00, 0x00, 0x00, 0x00, 0x00,
    0x00, 0x00, 0x00, 0x00, 0x00, 0x00, 0x00, 0x00, 0x00, 0x00, 0x00, 0x00, 0x00, 0x00, 0x00, 0x00,
    0x00, 0x00, 0x00, 0x00, 0x00, 0x00, 0x00, 0x00, 0x00, 0x00, 0x00, 0x00, 0x00, 0x00, 0x00, 0x00,
    0x00, 0x00, 0x00, 0x00, 0x00, 0x00, 0x00, 0x00, 0x00, 0x00, 0x00, 0x00, 0x00, 0x00, 0x00, 0x00,
    0x00, 0x00, 0x00, 0x00, 0x00, 0x00, 0x00, 0x00, 0x00, 0x00, 0x00, 0x00, 0x00, 0x00, 0x00, 0x00,
    0x00, 0x00, 0x00, 0x00, 0x00, 0x00, 0x00, 0x00, 0x00, 0x00, 0x00, 0x00, 0x00, 0x00, 0x00, 0x00,
    0x00, 0x00, 0x00, 0x00, 0x00, 0x00, 0x00, 0x00, 0x00, 0x00, 0x00, 0x00, 0x00, 0x00, 0x00, 0x00,
    0x00, 0x00, 0x00, 0x00, 0x00, 0x00, 0x00, 0x00, 0x00, 0x00, 0x00, 0x00, 0x00, 0x00, 0x00, 0x00,
    0x00, 0x00, 0x00, 0x00, 0x00, 0x00, 0x00, 0x00, 0x00, 0x00, 0x00, 0x00, 0x00, 0x00, 0x00, 0x00,
    0x00, 0x00, 0x00, 0x00, 0x00, 0x00, 0x00, 0x00, 0x00, 0x00, 0x00, 0x00, 0x00, 0x00, 0x00, 0x00,
    0x00, 0x00, 0x00, 0x00, 0x00, 0x00, 0x00, 0x00, 0x00, 0x00, 0x00, 0x00, 0x00, 0x00, 0x00, 0x00,
    0x00, 0x00, 0x00, 0x00, 0x00, 0x00, 0x00, 0x00, 0x00, 0x00, 0x00, 0x00, 0x00, 0x00, 0x00, 0x00,
    0x00, 0x00, 0x00, 0x00, 0x00, 0x00, 0x00, 0x00, 0x00, 0x00, 0x00, 0x00, 0x00, 0x00, 0x00, 0x00,
    0x00, 0x00, 0x00, 0x00, 0x00, 0x00, 0x00, 0x00, 0x00, 0x00, 0x00, 0x00, 0x00, 0x00, 0x00, 0x00,
    0x00, 0x00, 0x00, 0x00, 0x00, 0x00, 0x00, 0x00, 0x00, 0x00, 0x00, 0x00, 0x00, 0x00, 0x00, 0x00,
    0x00, 0x00, 0x00, 0x00, 0x00, 0x00, 0x00, 0x00, 0x00, 0x00, 0x00, 0x00, 0x00, 0x00, 0x00, 0x00,
    0x00, 0x00, 0x00, 0x00, 0x00, 0x00, 0x00, 0x00, 0x00, 0x00, 0x00, 0x00, 0x00, 0x00, 0x00, 0x00,
    0x00, 0x00, 0x00, 0x00, 0x00, 0x00, 0x00, 0x00, 0x00, 0x00, 0x00, 0x00, 0x00, 0x00, 0x00, 0x00,
    0x00, 0x00, 0x00, 0x00, 0x00, 0x00, 0x00, 0x00, 0x00, 0x00, 0x00, 0x00, 0x00, 0x00, 0x00, 0x00,
    0x00, 0x00, 0x00, 0x00, 0x00, 0x00, 0x00, 0x00, 0x00, 0x00, 0x00, 0x00, 0x00, 0x00, 0x00, 0x00,
    0x00, 0x00, 0x00, 0x00, 0x00, 0x00, 0x00, 0x00, 0x00, 0x00, 0x00, 0x00, 0x00, 0x00, 0x00, 0x00,
    0x00, 0x00, 0x00, 0x00, 0x00, 0x00, 0x00, 0x00, 0x00, 0x00, 0x00, 0x00, 0x00, 0x00, 0x00, 0x00,
    0x00, 0x00, 0x00, 0x00, 0x00, 0x00, 0x00, 0x00, 0x00, 0x00, 0x00, 0x00, 0x00, 0x00, 0x00, 0x00,
    0x00, 0x00, 0x00, 0x00, 0x00, 0x00, 0x00, 0x00, 0x00, 0x00, 0x00, 0x00, 0x00, 0x00, 0x00, 0x00,
    0x00, 0x00, 0x00, 0x00, 0x00, 0x00, 0x00, 0x00, 0x00, 0x00, 0x00, 0x00, 0x00, 0x00, 0x00, 0x00,
    0x00, 0x00, 0x00, 0x00, 0x00, 0x00, 0x00, 0x00, 0x00, 0x00, 0x00, 0x00, 0x00, 0x00, 0x00, 0x00,
    0x00, 0x00, 0x00, 0x00, 0x00, 0x00, 0x00, 0x00, 0x00, 0x00, 0x00, 0x00, 0x00, 0x00, 0x00, 0x00,
    0x00, 0x00, 0x00, 0x00, 0x00, 0x00, 0x00, 0x00, 0x00, 0x00, 0x00, 0x00, 0x00, 0x00, 0x00, 0x00,
    0x00, 0x00, 0x00, 0x00, 0x00, 0x00, 0x00, 0x00, 0x00, 0x00, 0x00, 0x00, 0x00, 0x00, 0x00, 0x00,
    0x00, 0x00, 0x00, 0x00, 0x00, 0x00, 0x00, 0x00, 0x00, 0x00, 0x00, 0x00, 0x00, 0x00, 0x00, 0x00,
    0x00, 0x00, 0x00, 0x00, 0x00, 0x00, 0x00, 0x00, 0x00, 0x00, 0x00, 0x00, 0x00, 0x00, 0x00, 0x00,
    0x00, 0x00, 0x00, 0x00, 0x00, 0x00, 0x00, 0x00, 0x00, 0x00, 0x00, 0x00, 0x00, 0x00, 0x00, 0x00,
    0x00, 0x00, 0x00, 0x00, 0x00, 0x00, 0x00, 0x00, 0x00, 0x00, 0x00, 0x00, 0x00, 0x00, 0x00, 0x00,
    0x00, 0x00, 0x00, 0x00, 0x00, 0x00, 0x00, 0x00, 0x00, 0x00, 0x00, 0x00, 0x00, 0x00, 0x00, 0x00,
    0x00, 0x00, 0x00, 0x00, 0x00, 0x00, 0x00, 0x00, 0x00, 0x00, 0x00, 0x00, 0x00, 0x00, 0x00, 0x00,
    0x00, 0x00, 0x00, 0x00, 0x00, 0x00, 0x00, 0x00, 0x00, 0x00, 0x00, 0x00, 0x00, 0x00, 0x00, 0x00,
    0x00, 0x00, 0x00, 0x00, 0x00, 0x00, 0x00, 0x00, 0x00, 0x00, 0x00, 0x00, 0x00, 0x00, 0x00, 0x00,
    0x00, 0x00, 0x00, 0x00, 0x00, 0x00, 0x00, 0x00, 0x00, 0x00, 0x00, 0x00, 0x00, 0x00, 0x00, 0x00,
    0x00, 0x00, 0x00, 0x00, 0x00, 0x00, 0x00, 0x00, 0x00, 0x00, 0x00, 0x00, 0x00, 0x00, 0x00, 0x00,
    0x00, 0x00, 0x00, 0x00, 0x00, 0x00, 0x00, 0x00, 0x00, 0x00, 0x00, 0x00, 0x00, 0x00, 0x00, 0x00,
    0x00, 0x00, 0x00, 0x00, 0x00, 0x00, 0x00, 0x00, 0x00, 0x00, 0x00, 0x00, 0x00, 0x00, 0x00, 0x00,
    0x00, 0x00, 0x00, 0x00, 0x00, 0x00, 0x00, 0x00, 0x00, 0x00, 0x00, 0x00, 0x00, 0x00, 0x00, 0x00,
    0x00, 0x00, 0x00, 0x00, 0x00, 0x00, 0x00, 0x00, 0x00, 0x00, 0x00, 0x00, 0x00, 0x00, 0x00, 0x00,
    0x00, 0x00, 0x00, 0x00, 0x00, 0x00, 0x00, 0x00, 0x00, 0x00, 0x00, 0x00, 0x00, 0x00, 0x00, 0x00,
    0x00, 0x00, 0x00, 0x00, 0x00, 0x00, 0x00, 0x00, 0x00, 0x00, 0x00, 0x00, 0x00, 0x00, 0x00, 0x00,
    0x00, 0x00, 0x00, 0x00, 0x00, 0x00, 0x00, 0x00, 0x00, 0x00, 0x00, 0x00, 0x00, 0x00, 0x00, 0x00,
    0x00, 0x00, 0x00, 0x00, 0x00, 0x00, 0x00, 0x00, 0x00, 0x00, 0x00, 0x00, 0x00, 0x00, 0x00, 0x00,
    0x00, 0x00, 0x00, 0x00, 0x00, 0x00, 0x00, 0x00, 0x00, 0x00, 0x00, 0x00, 0x00, 0x00, 0x00, 0x00,
    0x00, 0x00, 0x00, 0x00, 0x00, 0x00, 0x00, 0x00, 0x00, 0x00, 0x00, 0x00, 0x00, 0x00, 0x00, 0x00,
    0x00, 0x00, 0x00, 0x00, 0x00, 0x00, 0x00, 0x00, 0x00, 0x00, 0x00, 0x00, 0x00, 0x00, 0x00, 0x00,
    0x00, 0x00, 0x00, 0x00, 0x00, 0x00, 0x00, 0x00, 0x00, 0x00, 0x00, 0x00, 0x00, 0x00, 0x00, 0x00,
    0x00, 0x00, 0x00, 0x00, 0x00, 0x00, 0x00, 0x00, 0x00, 0x00, 0x00, 0x00, 0x00, 0x00, 0x00, 0x00,
    0x00, 0x00, 0x00, 0x00, 0x00, 0x00, 0x00, 0x00, 0x00, 0x00, 0x00, 0x00, 0x00, 0x00, 0x00, 0x00,
    0x00, 0x00, 0x00, 0x00, 0x00, 0x00, 0x00, 0x00, 0x00, 0x00, 0x00, 0x00, 0x00, 0x00, 0x00, 0x00,
    0x00, 0x00, 0x00, 0x00, 0x00, 0x00, 0x00, 0x00, 0x00, 0x00, 0x00, 0x00, 0x00, 0x00, 0x00, 0x00,
    0x00, 0x00, 0x00, 0x00, 0x00, 0x00, 0x00, 0x00, 0x00, 0x00, 0x00, 0x00, 0x00, 0x00, 0x00, 0x00,
    0x00, 0x00, 0x00, 0x00, 0x00, 0x00, 0x00, 0x00, 0x00, 0x00, 0x00, 0x00, 0x00, 0x00, 0x00, 0x00,
    0x00, 0x00, 0x00, 0x00, 0x00, 0x00, 0x00, 0x00, 0x00, 0x00, 0x00, 0x00, 0x00, 0x00, 0x00, 0x00,
    0x00, 0x00, 0x00, 0x00, 0x00, 0x00, 0x00, 0x00, 0x00, 0x00, 0x00, 0x00, 0x00, 0x00, 0x00, 0x00,
    0x00, 0x00, 0x00, 0x00, 0x00, 0x00, 0x00, 0x00, 0x00, 0x00, 0x00, 0x00, 0x00, 0x00, 0x00, 0x00,
    0x00, 0x00, 0x00, 0x00, 0x00, 0x00, 0x00, 0x00, 0x00, 0x00, 0x00, 0x00, 0x00, 0x00, 0x00, 0x00,
    0x00, 0x00, 0x00, 0x00, 0x00, 0x00, 0x00, 0x00, 0x00, 0x00, 0x00, 0x00, 0x00, 0x00, 0x00, 0x00,
    0x00, 0x00, 0x00, 0x00, 0x00, 0x00, 0x00, 0x00, 0x00, 0x00, 0x00, 0x00, 0x00, 0x00, 0x00, 0x00,
    0x00, 0x00, 0x00, 0x00, 0x00, 0x00, 0x00, 0x00, 0x00, 0x00, 0x00, 0x00, 0x00, 0x00, 0x00, 0x00,
    0x00, 0x00, 0x00, 0x00, 0x00, 0x00, 0x00, 0x00, 0x00, 0x00, 0x00, 0x00, 0x00, 0x00, 0x00, 0x00,
    0x00, 0x00, 0x00, 0x00, 0x00, 0x00, 0x00, 0x00, 0x00, 0x00, 0x00, 0x00, 0x00, 0x00, 0x00, 0x00,
    0x00, 0x00, 0x00, 0x00, 0x00, 0x00, 0x00, 0x00, 0x00, 0x00, 0x00, 0x00, 0x00, 0x00, 0x00, 0x00,
    0x00, 0x00, 0x00, 0x00, 0x00, 0x00, 0x00, 0x00, 0x00, 0x00, 0x00, 0x00, 0x00, 0x00, 0x00, 0x00,
    0x00, 0x00, 0x00, 0x00, 0x00, 0x00, 0x00, 0x00, 0x00, 0x00, 0x00, 0x00, 0x00, 0x00, 0x00, 0x00,
    0x00, 0x00, 0x00, 0x00, 0x00, 0x00, 0x00, 0x00, 0x00, 0x00, 0x00, 0x00, 0x00, 0x00, 0x00, 0x00,
    0x00, 0x00, 0x00, 0x00, 0x00, 0x00, 0x00, 0x00, 0x00, 0x00, 0x00, 0x00, 0x00, 0x00, 0x00, 0x00,
    0x00, 0x00, 0x00, 0x00, 0x00, 0x00, 0x00, 0x00, 0x00, 0x00, 0x00, 0x00, 0x00, 0x00, 0x00, 0x00,
    0x00, 0x00, 0x00, 0x00, 0x00, 0x00, 0x00, 0x00, 0x00, 0x00, 0x00, 0x00, 0x00, 0x00, 0x00, 0x00,
    0x00, 0x00, 0x00, 0x00, 0x00, 0x00, 0x00, 0x00, 0x00, 0x00, 0x00, 0x00, 0x00, 0x00, 0x00, 0x00,
    0x00, 0x00, 0x00, 0x00, 0x00, 0x00, 0x00, 0x00, 0x00, 0x00, 0x00, 0x00, 0x00, 0x00, 0x00, 0x00,
    0x00, 0x00, 0x00, 0x00, 0x00, 0x00, 0x00, 0x00, 0x00, 0x00, 0x00, 0x00, 0x00, 0x00, 0x00, 0x00,
    0x00, 0x00, 0x00, 0x00, 0x00, 0x00, 0x00, 0x00, 0x00, 0x00, 0x00, 0x00, 0x00, 0x00, 0x00, 0x00,
    0x00, 0x00, 0x00, 0x00, 0x00, 0x00, 0x00, 0x00, 0x00, 0x00, 0x00, 0x00, 0x00, 0x00, 0x00, 0x00,
    0x00, 0x00, 0x00, 0x00, 0x00, 0x00, 0x00, 0x00, 0x00, 0x00, 0x00, 0x00, 0x00, 0x00, 0x00, 0x00,
    0x00, 0x00, 0x00, 0x00, 0x00, 0x00, 0x00, 0x00, 0x00, 0x00, 0x00, 0x00, 0x00, 0x00, 0x00, 0x00,
    0x00, 0x00, 0x00, 0x00, 0x00, 0x00, 0x00, 0x00, 0x00, 0x00, 0x00, 0x00, 0x00, 0x00, 0x00, 0x00,
    0x00, 0x00, 0x00, 0x00, 0x00, 0x00, 0x00, 0x00, 0x00, 0x00, 0x00, 0x00, 0x00, 0x00, 0x00, 0x00,
    0x00, 0x00, 0x00, 0x00, 0x00, 0x00, 0x00, 0x00, 0x00, 0x00, 0x00, 0x00, 0x00, 0x00, 0x00, 0x00,
    0x00, 0x00, 0x00, 0x00, 0x00, 0x00, 0x00, 0x00, 0x00, 0x00, 0x00, 0x00, 0x00, 0x00, 0x00, 0x00,
    0x00, 0x00, 0x00, 0x00, 0x00, 0x00, 0x00, 0x00, 0x00, 0x00, 0x00, 0x00, 0x00, 0x00, 0x00, 0x00,
    0x00, 0x00, 0x00, 0x00, 0x00, 0x00, 0x00, 0x00, 0x00, 0x00, 0x00, 0x00, 0x00, 0x00, 0x00, 0x00,
    0x00, 0x00, 0x00, 0x00, 0x00, 0x00, 0x00, 0x00, 0x00, 0x00, 0x00, 0x00, 0x00, 0x00, 0x00, 0x00,
    0x00, 0x00, 0x00, 0x00, 0x00, 0x00, 0x00, 0x00, 0x00, 0x00, 0x00, 0x00, 0x00, 0x00, 0x00, 0x00,
    0x00, 0x00, 0x00, 0x00, 0x00, 0x00, 0x00, 0x00, 0x00, 0x00, 0x00, 0x00, 0x00, 0x00, 0x00, 0x00,
    0x00, 0x00, 0x00, 0x00, 0x00, 0x00, 0x00, 0x00, 0x00, 0x00, 0x00, 0x00, 0x00, 0x00, 0x00, 0x00,
    0x00, 0x00, 0x00, 0x00, 0x00, 0x00, 0x00, 0x00, 0x00, 0x00, 0x00, 0x00, 0x00, 0x00, 0x00, 0x00,
    0x00, 0x00, 0x00, 0x00, 0x00, 0x00, 0x00, 0x00, 0x00, 0x00, 0x00, 0x00, 0x00, 0x00, 0x00, 0x00,
    0x00, 0x00, 0x00, 0x00, 0x00, 0x00, 0x00, 0x00, 0x00, 0x00, 0x00, 0x00, 0x00, 0x00, 0x00, 0x00,
    0x00, 0x00, 0x00, 0x00, 0x00, 0x00, 0x00, 0x00, 0x00, 0x00, 0x00, 0x00, 0x00, 0x00, 0x00, 0x00,
    0x00, 0x00, 0x00, 0x00, 0x00, 0x00, 0x00, 0x00, 0x00, 0x00, 0x00, 0x00, 0x00, 0x00, 0x00, 0x00,
    0x00, 0x00, 0x00, 0x00, 0x00, 0x00, 0x00, 0x00, 0x00, 0x00, 0x00, 0x00, 0x00, 0x00, 0x00, 0x00,
    0x00, 0x00, 0x00, 0x00, 0x00, 0x00, 0x00, 0x00, 0x00, 0x00, 0x00, 0x00, 0x00, 0x00, 0x00, 0x00,
    0x00, 0x00, 0x00, 0x00, 0x00, 0x00, 0x00, 0x00, 0x00, 0x00, 0x00, 0x00, 0x00, 0x00, 0x00, 0x00,
    0x00, 0x00, 0x00, 0x00, 0x00, 0x00, 0x00, 0x00, 0x00, 0x00, 0x00, 0x00, 0x00, 0x00, 0x00, 0x00,
    0x00, 0x00, 0x00, 0x00, 0x00, 0x00, 0x00, 0x00, 0x00, 0x00, 0x00, 0x00, 0x00, 0x00, 0x00, 0x00,
    0x00, 0x00, 0x00, 0x00, 0x00, 0x00, 0x00, 0x00, 0x00, 0x00, 0x00, 0x00, 0x00, 0x00, 0x00, 0x00,
    0x00, 0x00, 0x00, 0x00, 0x00, 0x00, 0x00, 0x00, 0x00, 0x00, 0x00, 0x00, 0x00, 0x00, 0x00, 0x00,
    0x00, 0x00, 0x00, 0x00, 0x00, 0x00, 0x00, 0x00, 0x00, 0x00, 0x00, 0x00, 0x00, 0x00, 0x00, 0x00,
    0x00, 0x00, 0x00, 0x00, 0x00, 0x00, 0x00, 0x00, 0x00, 0x00, 0x00, 0x00, 0x00, 0x00, 0x00, 0x00,
    0x00, 0x00, 0x00, 0x00, 0x00, 0x00, 0x00, 0x00, 0x00, 0x00, 0x00, 0x00, 0x00, 0x00, 0x00, 0x00,
    0x00, 0x00, 0x00, 0x00, 0x00, 0x00, 0x00, 0x00, 0x00, 0x00, 0x00, 0x00, 0x00, 0x00, 0x00, 0x00,
    0x00, 0x00, 0x00, 0x00, 0x00, 0x00, 0x00, 0x00, 0x00, 0x00, 0x00, 0x00, 0x00, 0x00, 0x00, 0x00,
    0x00, 0x00, 0x00, 0x00, 0x00, 0x00, 0x00, 0x00, 0x00, 0x00, 0x00, 0x00, 0x00, 0x00, 0x00, 0x00,
    0x00, 0x00, 0x00, 0x00, 0x00, 0x00, 0x00, 0x00, 0x00, 0x00, 0x00, 0x00, 0x00, 0x00, 0x00, 0x00,
    0x00, 0x00, 0x00, 0x00, 0x00, 0x00, 0x00, 0x00, 0x00, 0x00, 0x00, 0x00, 0x00, 0x00, 0x00, 0x00,
    0x00, 0x00, 0x00, 0x00, 0x00, 0x00, 0x00, 0x00, 0x00, 0x00, 0x00, 0x00, 0x00, 0x00, 0x00, 0x00,
    0x00, 0x00, 0x00, 0x00, 0x00, 0x00, 0x00, 0x00, 0x00, 0x00, 0x00, 0x00, 0x00, 0x00, 0x00, 0x00,
    0x00, 0x00, 0x00, 0x00, 0x00, 0x00, 0x00, 0x00, 0x00, 0x00, 0x00, 0x00, 0x00, 0x00, 0x00, 0x00,
    0x00, 0x00, 0x00, 0x00, 0x00, 0x00, 0x00, 0x00, 0x00, 0x00, 0x00, 0x00, 0x00, 0x00, 0x00, 0x00,
    0x00, 0x00, 0x00, 0x00, 0x00, 0x00, 0x00, 0x00, 0x00, 0x00, 0x00, 0x00, 0x00, 0x00, 0x00, 0x00,
    0x00, 0x00, 0x00, 0x00, 0x00, 0x00, 0x00, 0x00, 0x00, 0x00, 0x00, 0x00, 0x00, 0x00, 0x00, 0x00,
    0x00, 0x00, 0x00, 0x00, 0x00, 0x00, 0x00, 0x00, 0x00, 0x00, 0x00, 0x00, 0x00, 0x00, 0x00, 0x00,
    0x00, 0x00, 0x00, 0x00, 0x00, 0x00, 0x00, 0x00, 0x00, 0x00, 0x00, 0x00, 0x00, 0x00, 0x00, 0x00,
    0x00, 0x00, 0x00, 0x00, 0x00, 0x00, 0x00, 0x00, 0x00, 0x00, 0x00, 0x00, 0x00, 0x00, 0x00, 0x00,
    0x00, 0x00, 0x00, 0x00, 0x00, 0x00, 0x00, 0x00, 0x00, 0x00, 0x00, 0x00, 0x00, 0x00, 0x00, 0x00,
    0x00, 0x00, 0x00, 0x00, 0x00, 0x00, 0x00, 0x00, 0x00, 0x00, 0x00, 0x00, 0x00, 0x00, 0x00, 0x00,
    0x00, 0x00, 0x00, 0x00, 0x00, 0x00, 0x00, 0x00, 0x00, 0x00, 0x00, 0x00, 0x00, 0x00, 0x00, 0x00,
    0x00, 0x00, 0x00, 0x00, 0x00, 0x00, 0x00, 0x00, 0x00, 0x00, 0x00, 0x00, 0x00, 0x00, 0x00, 0x00,
    0x00, 0x00, 0x00, 0x00, 0x00, 0x00, 0x00, 0x00, 0x00, 0x00, 0x00, 0x00, 0x00, 0x00, 0x00, 0x00,
    0x00, 0x00, 0x00, 0x00, 0x00, 0x00, 0x00, 0x00, 0x00, 0x00, 0x00, 0x00, 0x00, 0x00, 0x00, 0x00,
    0x00, 0x00, 0x00, 0x00, 0x00, 0x00, 0x00, 0x00, 0x00, 0x00, 0x00, 0x00, 0x00, 0x00, 0x00, 0x00,
    0x00, 0x00, 0x00, 0x00, 0x00, 0x00, 0x00, 0x00, 0x00, 0x00, 0x00, 0x00, 0x00, 0x00, 0x00, 0x00,
    0x00, 0x00, 0x00, 0x00, 0x00, 0x00, 0x00, 0x00, 0x00, 0x00, 0x00, 0x00, 0x00, 0x00, 0x00, 0x00,
    0x00, 0x00, 0x00, 0x00, 0x00, 0x00, 0x00, 0x00, 0x00, 0x00, 0x00, 0x00, 0x00, 0x00, 0x00, 0x00,
    0x00, 0x00, 0x00, 0x00, 0x00, 0x00, 0x00, 0x00, 0x00, 0x00, 0x00, 0x00, 0x00, 0x00, 0x00, 0x00,
    0x00, 0x00, 0x00, 0x00, 0x00, 0x00, 0x00, 0x00, 0x00, 0x00, 0x00, 0x00, 0x00, 0x00, 0x00, 0x00,
    0x00, 0x00, 0x00, 0x00, 0x00, 0x00, 0x00, 0x00, 0x00, 0x00, 0x00, 0x00, 0x00, 0x00, 0x00, 0x00,
    0x00, 0x00, 0x00, 0x00, 0x00, 0x00, 0x00, 0x00, 0x00, 0x00, 0x00, 0x00, 0x00, 0x00, 0x00, 0x00,
    0x00, 0x00, 0x00, 0x00, 0x00, 0x00, 0x00, 0x00, 0x00, 0x00, 0x00, 0x00, 0x00, 0x00, 0x00, 0x00,
    0x00, 0x00, 0x00, 0x00, 0x00, 0x00, 0x00, 0x00, 0x00, 0x00, 0x00, 0x00, 0x00, 0x00, 0x00, 0x00,
    0x00, 0x00, 0x00, 0x00, 0x00, 0x00, 0x00, 0x00, 0x00, 0x00, 0x00, 0x00, 0x00, 0x00, 0x00, 0x00,
    0x00, 0x00, 0x00, 0x00, 0x00, 0x00, 0x00, 0x00, 0x00, 0x00, 0x00, 0x00, 0x00, 0x00, 0x00, 0x00,
    0x00, 0x00, 0x00, 0x00, 0x00, 0x00, 0x00, 0x00, 0x00, 0x00, 0x00, 0x00, 0x00, 0x00, 0x00, 0x00,
    0x00, 0x00, 0x00, 0x00, 0x00, 0x00, 0x00, 0x00, 0x00, 0x00, 0x00, 0x00, 0x00, 0x00, 0x00, 0x00,
    0x00, 0x00, 0x00, 0x00, 0x00, 0x00, 0x00, 0x00, 0x00, 0x00, 0x00, 0x00, 0x00, 0x00, 0x00, 0x00,
    0x00, 0x00, 0x00, 0x00, 0x00, 0x00, 0x00, 0x00, 0x00, 0x00, 0x00, 0x00, 0x00, 0x00, 0x00, 0x00,
    0x00, 0x00, 0x00, 0x00, 0x00, 0x00, 0x00, 0x00, 0x00, 0x00, 0x00, 0x00, 0x00, 0x00, 0x00, 0x00,
    0x00, 0x00, 0x00, 0x00, 0x00, 0x00, 0x00, 0x00, 0x00, 0x00, 0x00, 0x00, 0x00, 0x00, 0x00, 0x00,
    0x00, 0x00, 0x00, 0x00, 0x00, 0x00, 0x00, 0x00, 0x00, 0x00, 0x00, 0x00, 0x00, 0x00, 0x00, 0x00,
    0x00, 0x00, 0x00, 0x00, 0x00, 0x00, 0x00, 0x00, 0x00, 0x00, 0x00, 0x00, 0x00, 0x00, 0x00, 0x00,
    0x00, 0x00, 0x00, 0x00, 0x00, 0x00, 0x00, 0x00, 0x00, 0x00, 0x00, 0x00, 0x00, 0x00, 0x00, 0x00,
    0x00, 0x00, 0x00, 0x00, 0x00, 0x00, 0x00, 0x00, 0x00, 0x00, 0x00, 0x00, 0x00, 0x00, 0x00, 0x00,
    0x00, 0x00, 0x00, 0x00, 0x00, 0x00, 0x00, 0x00, 0x00, 0x00, 0x00, 0x00, 0x00, 0x00, 0x00, 0x00,
    0x00, 0x00, 0x00, 0x00, 0x00, 0x00, 0x00, 0x00, 0x00, 0x00, 0x00, 0x00, 0x00, 0x00, 0x00, 0x00,
    0x00, 0x00, 0x00, 0x00, 0x00, 0x00, 0x00, 0x00, 0x00, 0x00, 0x00, 0x00, 0x00, 0x00, 0x00, 0x00,
    0x00, 0x00, 0x00, 0x00, 0x00, 0x00, 0x00, 0x00, 0x00, 0x00, 0x00, 0x00, 0x00, 0x00, 0x00, 0x00,
    0x00, 0x00, 0x00, 0x00, 0x00, 0x00, 0x00, 0x00, 0x00, 0x00, 0x00, 0x00, 0x00, 0x00, 0x00, 0x00,
    0x00, 0x00, 0x00, 0x00, 0x00, 0x00, 0x00, 0x00, 0x00, 0x00, 0x00, 0x00, 0x00, 0x00, 0x00, 0x00,
    0x00, 0x00, 0x00, 0x00, 0x00, 0x00, 0x00, 0x00, 0x00, 0x00, 0x00, 0x00, 0x00, 0x00, 0x00, 0x00,
    0x00, 0x00, 0x00, 0x00, 0x00, 0x00, 0x00, 0x00, 0x00, 0x00, 0x00, 0x00, 0x00, 0x00, 0x00, 0x00,
    0x00, 0x00, 0x00, 0x00, 0x00, 0x00, 0x00, 0x00, 0x00, 0x00, 0x00, 0x00, 0x00, 0x00, 0x00, 0x00,
    0x00, 0x00, 0x00, 0x00, 0x00, 0x00, 0x00, 0x00, 0x00, 0x00, 0x00, 0x00, 0x00, 0x00, 0x00, 0x00,
    0x00, 0x00, 0x00, 0x00, 0x00, 0x00, 0x00, 0x00, 0x00, 0x00, 0x00, 0x00, 0x00, 0x00, 0x00, 0x00,
    0x00, 0x00, 0x00, 0x00, 0x00, 0x00, 0x00, 0x00, 0x00, 0x00, 0x00, 0x00, 0x00, 0x00, 0x00, 0x00,
    0x00, 0x00, 0x00, 0x00, 0x00, 0x00, 0x00, 0x00, 0x00, 0x00, 0x00, 0x00, 0x00, 0x00, 0x00, 0x00,
    0x00, 0x00, 0x00, 0x00, 0x00, 0x00, 0x00, 0x00, 0x00, 0x00, 0x00, 0x00, 0x00, 0x00, 0x00, 0x00,
    0x00, 0x00, 0x00, 0x00, 0x00, 0x00, 0x00, 0x00, 0x00, 0x00, 0x00, 0x00, 0x00, 0x00, 0x00, 0x00,
    0x00, 0x00, 0x00, 0x00, 0x00, 0x00, 0x00, 0x00, 0x00, 0x00, 0x00, 0x00, 0x00, 0x00, 0x00, 0x00,
    0x00, 0x00, 0x00, 0x00, 0x00, 0x00, 0x00, 0x00, 0x00, 0x00, 0x00, 0x00, 0x00, 0x00, 0x00, 0x00,
    0x00, 0x00, 0x00, 0x00, 0x00, 0x00, 0x00, 0x00, 0x00, 0x00, 0x00, 0x00, 0x00, 0x00, 0x00, 0x00,
    0x00, 0x00, 0x00, 0x00, 0x00, 0x00, 0x00, 0x00, 0x00, 0x00, 0x00, 0x00, 0x00, 0x00, 0x00, 0x00,
    0x00, 0x00, 0x00, 0x00, 0x00, 0x00, 0x00, 0x00, 0x00, 0x00, 0x00, 0x00, 0x00, 0x00, 0x00, 0x00,
    0x00, 0x00, 0x00, 0x00, 0x00, 0x00, 0x00, 0x00, 0x00, 0x00, 0x00, 0x00, 0x00, 0x00, 0x00, 0x00,
    0x00, 0x00, 0x00, 0x00, 0x00, 0x00, 0x00, 0x00, 0x00, 0x00, 0x00, 0x00, 0x00, 0x00, 0x00, 0x00,
    0x00, 0x00, 0x00, 0x00, 0x00, 0x00, 0x00, 0x00, 0x00, 0x00, 0x00, 0x00, 0x00, 0x00, 0x00, 0x00,
    0x00, 0x00, 0x00, 0x00, 0x00, 0x00, 0x00, 0x00, 0x00, 0x00, 0x00, 0x00, 0x00, 0x00, 0x00, 0x00,
    0x00, 0x00, 0x00, 0x00, 0x00, 0x00, 0x00, 0x00, 0x00, 0x00, 0x00, 0x00, 0x00, 0x00, 0x00, 0x00,
    0x00, 0x00, 0x00, 0x00, 0x00, 0x00, 0x00, 0x00, 0x00, 0x00, 0x00, 0x00, 0x00, 0x00, 0x00, 0x00,
    0x00, 0x00, 0x00, 0x00, 0x00, 0x00, 0x00, 0x00, 0x00, 0x00, 0x00, 0x00, 0x00, 0x00, 0x00, 0x00,
    0x00, 0x00, 0x00, 0x00, 0x00, 0x00, 0x00, 0x00, 0x00, 0x00, 0x00, 0x00, 0x00, 0x00, 0x00, 0x00,
    0x00, 0x00, 0x00, 0x00, 0x00, 0x00, 0x00, 0x00, 0x00, 0x00, 0x00, 0x00, 0x00, 0x00, 0x00, 0x00,
    0x00, 0x00, 0x00, 0x00, 0x00, 0x00, 0x00, 0x00, 0x00, 0x00, 0x00, 0x00, 0x00, 0x00, 0x00, 0x00,
    0x00, 0x00, 0x00, 0x00, 0x00, 0x00, 0x00, 0x00, 0x00, 0x00, 0x00, 0x00, 0x00, 0x00, 0x00, 0x00,
    0x00, 0x00, 0x00, 0x00, 0x00, 0x00, 0x00, 0x00, 0x00, 0x00, 0x00, 0x00, 0x00, 0x00, 0x00, 0x00,
    0x00, 0x00, 0x00, 0x00, 0x00, 0x00, 0x00, 0x00, 0x00, 0x00, 0x00, 0x00, 0x00, 0x00, 0x00, 0x00,
    0x00, 0x00, 0x00, 0x00, 0x00, 0x00, 0x00, 0x00, 0x00, 0x00, 0x00, 0x00, 0x00, 0x00, 0x00, 0x00,
    0x00, 0x00, 0x00, 0x00, 0x00, 0x00, 0x00, 0x00, 0x00, 0x00, 0x00, 0x00, 0x00, 0x00, 0x00, 0x00,
    0x00, 0x00, 0x00, 0x00, 0x00, 0x00, 0x00, 0x00, 0x00, 0x00, 0x00, 0x00, 0x00, 0x00, 0x00, 0x00,
    0x00, 0x00, 0x00, 0x00, 0x00, 0x00, 0x00, 0x00, 0x00, 0x00, 0x00, 0x00, 0x00, 0x00, 0x00, 0x00,
    0x00, 0x00, 0x00, 0x00, 0x00, 0x00, 0x00, 0x00, 0x00, 0x00, 0x00, 0x00, 0x00, 0x00, 0x00, 0x00,
    0x00, 0x00, 0x00, 0x00, 0x00, 0x00, 0x00, 0x00, 0x00, 0x00, 0x00, 0x00, 0x00, 0x00, 0x00, 0x00,
    0x00, 0x00, 0x00, 0x00, 0x00, 0x00, 0x00, 0x00, 0x00, 0x00, 0x00, 0x00, 0x00, 0x00, 0x00, 0x00,
    0x00, 0x00, 0x00, 0x00, 0x00, 0x00, 0x00, 0x00, 0x00, 0x00, 0x00, 0x00, 0x00, 0x00, 0x00, 0x00,
    0x00, 0x00, 0x00, 0x00, 0x00, 0x00, 0x00, 0x00, 0x00, 0x00, 0x00, 0x00, 0x00, 0x00, 0x00, 0x00,
    0x00, 0x00, 0x00, 0x00, 0x00, 0x00, 0x00, 0x00, 0x00, 0x00, 0x00, 0x00, 0x00, 0x00, 0x00, 0x00,
    0x00, 0x00, 0x00, 0x00, 0x00, 0x00, 0x00, 0x00, 0x00, 0x00, 0x00, 0x00, 0x00, 0x00, 0x00, 0x00,
    0x00, 0x00, 0x00, 0x00, 0x00, 0x00, 0x00, 0x00, 0x00, 0x00, 0x00, 0x00, 0x00, 0x00, 0x00, 0x00,
    0x00, 0x00, 0x00, 0x00, 0x00, 0x00, 0x00, 0x00, 0x00, 0x00, 0x00, 0x00, 0x00, 0x00, 0x00, 0x00,
    0x00, 0x00, 0x00, 0x00, 0x00, 0x00, 0x00, 0x00, 0x00, 0x00, 0x00, 0x00, 0x00, 0x00, 0x00, 0x00,
    0x00, 0x00, 0x00, 0x00, 0x00, 0x00, 0x00, 0x00, 0x00, 0x00, 0x00, 0x00, 0x00, 0x00, 0x00, 0x00,
    0x00, 0x00, 0x00, 0x00, 0x00, 0x00, 0x00, 0x00, 0x00, 0x00, 0x00, 0x00, 0x00, 0x00, 0x00, 0x00,
    0x00, 0x00, 0x00, 0x00, 0x00, 0x00, 0x00, 0x00, 0x00, 0x00, 0x00, 0x00, 0x00, 0x00, 0x00, 0x00,
    0x00, 0x00, 0x00, 0x00, 0x00, 0x00, 0x00, 0x00, 0x00, 0x00, 0x00, 0x00, 0x00, 0x00, 0x00, 0x00,
    0x00, 0x00, 0x00, 0x00, 0x00, 0x00, 0x00, 0x00, 0x00, 0x00, 0x00, 0x00, 0x00, 0x00, 0x00, 0x00,
    0x00, 0x00, 0x00, 0x00, 0x00, 0x00, 0x00, 0x00, 0x00, 0x00, 0x00, 0x00, 0x00, 0x00, 0x00, 0x00,
    0x00, 0x00, 0x00, 0x00, 0x00, 0x00, 0x00, 0x00, 0x00, 0x00, 0x00, 0x00, 0x00, 0x00, 0x00, 0x00,
    0x00, 0x00, 0x00, 0x00, 0x00, 0x00, 0x00, 0x00, 0x00, 0x00, 0x00, 0x00, 0x00, 0x00, 0x00, 0x00,
    0x00, 0x00, 0x00, 0x00, 0x00, 0x00, 0x00, 0x00, 0x00, 0x00, 0x00, 0x00, 0x00, 0x00, 0x00, 0x00,
    0x00, 0x00, 0x00, 0x00, 0x00, 0x00, 0x00, 0x00, 0x00, 0x00, 0x00, 0x00, 0x00, 0x00, 0x00, 0x00,
    0x00, 0x00, 0x00, 0x00, 0x00, 0x00, 0x00, 0x00, 0x00, 0x00, 0x00, 0x00, 0x00, 0x00, 0x00, 0x00,
    0x00, 0x00, 0x00, 0x00, 0x00, 0x00, 0x00, 0x00, 0x00, 0x00, 0x00, 0x00, 0x00, 0x00, 0x00, 0x00,
    0x00, 0x00, 0x00, 0x00, 0x00, 0x00, 0x00, 0x00, 0x00, 0x00, 0x00, 0x00, 0x00, 0x00, 0x00, 0x00,
    0x00, 0x00, 0x00, 0x00, 0x00, 0x00, 0x00, 0x00, 0x00, 0x00, 0x00, 0x00, 0x00, 0x00, 0x00, 0x00,
    0x00, 0x00, 0x00, 0x00, 0x00, 0x00, 0x00, 0x00, 0x00, 0x00, 0x00, 0x00, 0x00, 0x00, 0x00, 0x00,
    0x00, 0x00, 0x00, 0x00, 0x00, 0x00, 0x00, 0x00, 0x00, 0x00, 0x00, 0x00, 0x00, 0x00, 0x00, 0x00,
    0x00, 0x00, 0x00, 0x00, 0x00, 0x00, 0x00, 0x00, 0x00, 0x00, 0x00, 0x00, 0x00, 0x00, 0x00, 0x00,
    0x00, 0x00, 0x00, 0x00, 0x00, 0x00, 0x00, 0x00, 0x00, 0x00, 0x00, 0x00, 0x00, 0x00, 0x00, 0x00,
    0x00, 0x00, 0x00, 0x00, 0x00, 0x00, 0x00, 0x00, 0x00, 0x00, 0x00, 0x00, 0x00, 0x00, 0x00, 0x00,
    0x00, 0x00, 0x00, 0x00, 0x00, 0x00, 0x00, 0x00, 0x00, 0x00, 0x00, 0x00, 0x00, 0x00, 0x00, 0x00,
    0x00, 0x00, 0x00, 0x00, 0x00, 0x00, 0x00, 0x00, 0x00, 0x00, 0x00, 0x00, 0x00, 0x00, 0x00, 0x00,
    0x00, 0x00, 0x00, 0x00, 0x00, 0x00, 0x00, 0x00, 0x00, 0x00, 0x00, 0x00, 0x00, 0x00, 0x00, 0x00,
    0x00, 0x00, 0x00, 0x00, 0x00, 0x00, 0x00, 0x00, 0x00, 0x00, 0x00, 0x00, 0x00, 0x00, 0x00, 0x00,
    0x00, 0x00, 0x00, 0x00, 0x00, 0x00, 0x00, 0x00, 0x00, 0x00, 0x00, 0x00, 0x00, 0x00, 0x00, 0x00,
    0x00, 0x00, 0x00, 0x00, 0x00, 0x00, 0x00, 0x00, 0x00, 0x00, 0x00, 0x00, 0x00, 0x00, 0x00, 0x00,
    0x00, 0x00, 0x00, 0x00, 0x00, 0x00, 0x00, 0x00, 0x00, 0x00, 0x00, 0x00, 0x00, 0x00, 0x00, 0x00,
    0x00, 0x00, 0x00, 0x00, 0x00, 0x00, 0x00, 0x00, 0x00, 0x00, 0x00, 0x00, 0x00, 0x00, 0x00, 0x00,
    0x00, 0x00, 0x00, 0x00, 0x00, 0x00, 0x00, 0x00, 0x00, 0x00, 0x00, 0x00, 0x00, 0x00, 0x00, 0x00,
    0x00, 0x00, 0x00, 0x00, 0x00, 0x00, 0x00, 0x00, 0x00, 0x00, 0x00, 0x00, 0x00, 0x00, 0x00, 0x00,
    0x00, 0x00, 0x00, 0x00, 0x00, 0x00, 0x00, 0x00, 0x00, 0x00, 0x00, 0x00, 0x00, 0x00, 0x00, 0x00,
    0x00, 0x00, 0x00, 0x00, 0x00, 0x00, 0x00, 0x00, 0x00, 0x00, 0x00, 0x00, 0x00, 0x00, 0x00, 0x00,
    0x00, 0x00, 0x00, 0x00, 0x00, 0x00, 0x00, 0x00, 0x00, 0x00, 0x00, 0x00, 0x00, 0x00, 0x00, 0x00,
    0x00, 0x00, 0x00, 0x00, 0x00, 0x00, 0x00, 0x00, 0x00, 0x00, 0x00, 0x00, 0x00, 0x00, 0x00, 0x00,
    0x00, 0x00, 0x00, 0x00, 0x00, 0x00, 0x00, 0x00, 0x00, 0x00, 0x00, 0x00, 0x00, 0x00, 0x00, 0x00,
    0x00, 0x00, 0x00, 0x00, 0x00, 0x00, 0x00, 0x00, 0x00, 0x00, 0x00, 0x00, 0x00, 0x00, 0x00, 0x00,
    0x00, 0x00, 0x00, 0x00, 0x00, 0x00, 0x00, 0x00, 0x00, 0x00, 0x00, 0x00, 0x00, 0x00, 0x00, 0x00,
    0x00, 0x00, 0x00, 0x00, 0x00, 0x00, 0x00, 0x00, 0x00, 0x00, 0x00, 0x00, 0x00, 0x00, 0x00, 0x00,
    0x00, 0x00, 0x00, 0x00, 0x00, 0x00, 0x00, 0x00, 0x00, 0x00, 0x00, 0x00, 0x00, 0x00, 0x00, 0x00,
    0x00, 0x00, 0x00, 0x00, 0x00, 0x00, 0x00, 0x00, 0x00, 0x00, 0x00, 0x00, 0x00, 0x00, 0x00, 0x00,
    0x00, 0x00, 0x00, 0x00, 0x00, 0x00, 0x00, 0x00, 0x00, 0x00, 0x00, 0x00, 0x00, 0x00, 0x00, 0x00,
    0x00, 0x00, 0x00, 0x00, 0x00, 0x00, 0x00, 0x00, 0x00, 0x00, 0x00, 0x00, 0x00, 0x00, 0x00, 0x00,
    0x00, 0x00, 0x00, 0x00, 0x00, 0x00, 0x00, 0x00, 0x00, 0x00, 0x00, 0x00, 0x00, 0x00, 0x00, 0x00,
    0x00, 0x00, 0x00, 0x00, 0x00, 0x00, 0x00, 0x00, 0x00, 0x00, 0x00, 0x00, 0x00, 0x00, 0x00, 0x00,
    0x00, 0x00, 0x00, 0x00, 0x00, 0x00, 0x00, 0x00, 0x00, 0x00, 0x00, 0x00, 0x00, 0x00, 0x00, 0x00,
    0x00, 0x00, 0x00, 0x00, 0x00, 0x00, 0x00, 0x00, 0x00, 0x00, 0x00, 0x00, 0x00, 0x00, 0x00, 0x00,
    0x00, 0x00, 0x00, 0x00, 0x00, 0x00, 0x00, 0x00, 0x00, 0x00, 0x00, 0x00, 0x00, 0x00, 0x00, 0x00,
    0x00, 0x00, 0x00, 0x00, 0x00, 0x00, 0x00, 0x00, 0x00, 0x00, 0x00, 0x00, 0x00, 0x00, 0x00, 0x00,
    0x00, 0x00, 0x00, 0x00, 0x00, 0x00, 0x00, 0x00, 0x00, 0x00, 0x00, 0x00, 0x00, 0x00, 0x00, 0x00,
    0x00, 0x00, 0x00, 0x00, 0x00, 0x00, 0x00, 0x00, 0x00, 0x00, 0x00, 0x00, 0x00, 0x00, 0x00, 0x00,
    0x00, 0x00, 0x00, 0x00, 0x00, 0x00, 0x00, 0x00, 0x00, 0x00, 0x00, 0x00, 0x00, 0x00, 0x00, 0x00,
    0x00, 0x00, 0x00, 0x00, 0x00, 0x00, 0x00, 0x00, 0x00, 0x00, 0x00, 0x00, 0x00, 0x00, 0x00, 0x00,
    0x00, 0x00, 0x00, 0x00, 0x00, 0x00, 0x00, 0x00, 0x00, 0x00, 0x00, 0x00, 0x00, 0x00, 0x00, 0x00,
    0x00, 0x00, 0x00, 0x00, 0x00, 0x00, 0x00, 0x01, 0x00, 0x00, 0x00, 0x00, 0x00, 0x00, 0x00, 0x00,
    0x00, 0x00, 0x00, 0x00, 0x00, 0x00, 0x00, 0x00, 0x00, 0x00, 0x00, 0x00, 0x00, 0x00, 0x00, 0x00,
    0x00, 0x00, 0x00, 0x00, 0x00, 0x00, 0x00, 0x00, 0x00, 0x00, 0x00, 0x00, 0x00, 0x00, 0x00, 0x00,
    0x00, 0x00, 0x00, 0x00, 0x00, 0x00, 0x00, 0x00, 0x00, 0x00, 0x00, 0x00, 0x00, 0x00, 0x00, 0x00,
    0x00, 0x00, 0x00, 0x00, 0x00, 0x00, 0x00, 0x00, 0x00, 0x00, 0x00, 0x00, 0x00, 0x00, 0x00, 0x00,
    0x00, 0x00, 0x00, 0x00, 0x00, 0x00, 0x00, 0x00, 0x00, 0x00, 0x00, 0x00, 0x00, 0x00, 0x00, 0x00,
    0x00, 0x00, 0x00, 0x00, 0x00, 0x00, 0x00, 0x00, 0x00, 0x00, 0x00, 0x00, 0x00, 0x00, 0x00, 0x00,
    0x00, 0x00, 0x00, 0x00, 0x00, 0x00, 0x00, 0x00, 0x00, 0x00, 0x00, 0x00, 0x00, 0x00, 0x00, 0x00,
    0x00, 0x00, 0x00, 0x00, 0x00, 0x00, 0x00, 0x00, 0x00, 0x00, 0x00, 0x00, 0x00, 0x00, 0x00, 0x00,
    0x00, 0x00, 0x00, 0x00, 0x00, 0x00, 0x00, 0x00, 0x00, 0x00, 0x00, 0x00, 0x00, 0x00, 0x00, 0x00,
    0x00, 0x00, 0x00, 0x00, 0x00, 0x00, 0x00, 0x00, 0x00, 0x00, 0x00, 0x00, 0x00, 0x00, 0x00, 0x00,
    0x00, 0x00, 0x00, 0x00, 0x00, 0x00, 0x00, 0x00, 0x00, 0x00, 0x00, 0x00, 0x00, 0x00, 0x00, 0x00,
    0x00, 0x00, 0x00, 0x00, 0x00, 0x00, 0x00, 0x00, 0x00, 0x00, 0x00, 0x00, 0x00, 0x00, 0x00, 0x00,
    0x00, 0x00, 0x00, 0x00, 0x00, 0x00, 0x00, 0x00, 0x00, 0x00, 0x00, 0x00, 0x00, 0x00, 0x00, 0x00,
    0x00, 0x00, 0x00, 0x00, 0x00, 0x00, 0x00, 0x00, 0x00, 0x00, 0x00, 0x00, 0x00, 0x00, 0x00, 0x00,
    0x00, 0x00, 0x00, 0x00, 0x00, 0x00, 0x00, 0x00, 0x00, 0x00, 0x00, 0x00, 0x00, 0x00, 0x00, 0x00,
    0x00, 0x00, 0x00, 0x00, 0x00, 0x00, 0x00, 0x00, 0x00, 0x00, 0x00, 0x00, 0x00, 0x00, 0x00, 0x00,
    0x00, 0x00, 0x00, 0x00, 0x00, 0x00, 0x00, 0x00, 0x00, 0x00, 0x00, 0x00, 0x00, 0x00, 0x00, 0x00,
    0x00, 0x00, 0x00, 0x00, 0x00, 0x00, 0x00, 0x00, 0x00, 0x00, 0x00, 0x00, 0x00, 0x00, 0x00, 0x00,
    0x00, 0x00, 0x00, 0x00, 0x00, 0x00, 0x00, 0x00, 0x00, 0x00, 0x00, 0x00, 0x00, 0x00, 0x00, 0x00,
    0x00, 0x00, 0x00, 0x00, 0x00, 0x00, 0x00, 0x00, 0x00, 0x00, 0x00, 0x00, 0x00, 0x00, 0x00, 0x00,
    0x00, 0x00, 0x00, 0x00, 0x00, 0x00, 0x00, 0x00, 0x00, 0x00, 0x00, 0x00, 0x00, 0x00, 0x00, 0x00,
    0x00, 0x00, 0x00, 0x00, 0x00, 0x00, 0x00, 0x00, 0x00, 0x00, 0x00, 0x00, 0x00, 0x00, 0x00, 0x00,
    0x00, 0x00, 0x00, 0x00, 0x00, 0x00, 0x00, 0x00, 0x00, 0x00, 0x00, 0x00, 0x00, 0x00, 0x00, 0x00,
    0x00, 0x00, 0x00, 0x00, 0x00, 0x00, 0x00, 0x00, 0x00, 0x00, 0x00, 0x00, 0x00, 0x00, 0x00, 0x00,
    0x00, 0x00, 0x00, 0x00, 0x00, 0x00, 0x00, 0x00, 0x00, 0x00, 0x00, 0x00, 0x00, 0x00, 0x00, 0x00,
    0x00, 0x00, 0x00, 0x00, 0x00, 0x00, 0x00, 0x00, 0x00, 0x00, 0x00, 0x00, 0x00, 0x00, 0x00, 0x00,
    0x00, 0x00, 0x00, 0x00, 0x00, 0x00, 0x00, 0x00, 0x00, 0x00, 0x00, 0x00, 0x00, 0x00, 0x00, 0x00,
    0x00, 0x00, 0x00, 0x00, 0x00, 0x00, 0x00, 0x00, 0x00, 0x00, 0x00, 0x00, 0x00, 0x00, 0x00, 0x00,
    0x00, 0x00, 0x00, 0x00, 0x00, 0x00, 0x00, 0x00, 0x00, 0x00, 0x00, 0x00, 0x00, 0x00, 0x00, 0x00,
    0x00, 0x00, 0x00, 0x00, 0x00, 0x00, 0x00, 0x00, 0x00, 0x00, 0x00, 0x00, 0x00, 0x00, 0x00, 0x00,
    0x00, 0x00, 0x00, 0x00, 0x00, 0x00, 0x00, 0x00, 0x00, 0x00, 0x00, 0x00, 0x00, 0x00, 0x00, 0x00,
    0x00, 0x00, 0x00, 0x00, 0x00, 0x00, 0x00, 0x00, 0x00, 0x00, 0x00, 0x00, 0x00, 0x00, 0x00, 0x00,
    0x00, 0x00, 0x00, 0x00, 0x00, 0x00, 0x00, 0x00, 0x00, 0x00, 0x00, 0x00, 0x00, 0x00, 0x00, 0x00,
    0x00, 0x00, 0x00, 0x00, 0x00, 0x00, 0x00, 0x00, 0x00, 0x00, 0x00, 0x00, 0x00, 0x00, 0x00, 0x00,
    0x00, 0x00, 0x00, 0x00, 0x00, 0x00, 0x00, 0x00, 0x00, 0x00, 0x00, 0x00, 0x00, 0x00, 0x00, 0x00,
    0x00, 0x00, 0x00, 0x00, 0x00, 0x00, 0x00, 0x00, 0x00, 0x00, 0x00, 0x00, 0x00, 0x00, 0x00, 0x00,
    0x00, 0x00, 0x00, 0x00, 0x00, 0x00, 0x00, 0x00, 0x00, 0x00, 0x00, 0x00, 0x00, 0x00, 0x00, 0x01,
    0x00, 0x00, 0x00, 0x00, 0x00, 0x00, 0x00, 0x00, 0x00, 0x00, 0x00, 0x00, 0x00, 0x00, 0x00, 0x00,
    0x00, 0x00, 0x00, 0x00, 0x00, 0x00, 0x00, 0x00, 0x00, 0x00, 0x00, 0x00, 0x00, 0x00, 0x00, 0x00,
    0x00, 0x00, 0x00, 0x00, 0x00, 0x00, 0x00, 0x00, 0x00, 0x00, 0x00, 0x00, 0x00, 0x00, 0x00, 0x00,
    0x00, 0x00, 0x00, 0x00, 0x00, 0x00, 0x00, 0x00, 0x00, 0x00, 0x00, 0x00, 0x00, 0x00, 0x00, 0x00,
    0x00, 0x00, 0x00, 0x00, 0x00, 0x00, 0x00, 0x00, 0x00, 0x00, 0x00, 0x00, 0x00, 0x00, 0x00, 0x00,
    0x00, 0x00, 0x00, 0x00, 0x00, 0x00, 0x00, 0x00, 0x00, 0x00, 0x00, 0x00, 0x00, 0x00, 0x00, 0x00,
    0x00, 0x00, 0x00, 0x00, 0x00, 0x00, 0x00, 0x00, 0x00, 0x00, 0x00, 0x00, 0x00, 0x00, 0x00, 0x00,
    0x00, 0x00, 0x00, 0x00, 0x00, 0x00, 0x00, 0x00, 0x00, 0x00, 0x00, 0x00, 0x00, 0x00, 0x00, 0x00,
    0x00, 0x00, 0x00, 0x00, 0x00, 0x00, 0x00, 0x00, 0x00, 0x00, 0x00, 0x00, 0x00, 0x00, 0x00, 0x00,
    0x00, 0x00, 0x00, 0x00, 0x00, 0x00, 0x00, 0x00, 0x00, 0x00, 0x00, 0x00, 0x00, 0x00, 0x00, 0x00,
    0x00, 0x00, 0x00, 0x00, 0x00, 0x00, 0x00, 0x00, 0x00, 0x00, 0x00, 0x00, 0x00, 0x00, 0x00, 0x00,
    0x00, 0x00, 0x00, 0x00, 0x00, 0x00, 0x00, 0x00, 0x00, 0x00, 0x00, 0x00, 0x00, 0x00, 0x00, 0x00,
    0x00, 0x00, 0x00, 0x00, 0x00, 0x00, 0x00, 0x00, 0x00, 0x00, 0x00, 0x00, 0x00, 0x00, 0x00, 0x00,
    0x00, 0x00, 0x00, 0x00, 0x00, 0x00, 0x00, 0x00, 0x00, 0x00, 0x00, 0x00, 0x00, 0x00, 0x00, 0x00,
    0x00, 0x00, 0x00, 0x00, 0x00, 0x00, 0x00, 0x00, 0x00, 0x00, 0x00, 0x00, 0x00, 0x00, 0x00, 0x00,
    0x00, 0x00, 0x00, 0x00, 0x00, 0x00, 0x00, 0x00, 0x00, 0x00, 0x00, 0x00, 0x00, 0x00, 0x00, 0x00,
    0x00, 0x00, 0x00, 0x00, 0x00, 0x00, 0x00, 0x00, 0x00, 0x00, 0x00, 0x00, 0x00, 0x00, 0x00, 0x00,
    0x00, 0x00, 0x00, 0x00, 0x00, 0x00, 0x00, 0x00, 0x00, 0x00, 0x00, 0x00, 0x00, 0x00, 0x00, 0x00,
    0x00, 0x00, 0x00, 0x00, 0x00, 0x00, 0x00, 0x00, 0x00, 0x00, 0x00, 0x00, 0x00, 0x00, 0x00, 0x00,
    0x00, 0x00, 0x00, 0x00, 0x00, 0x00, 0x00, 0x00, 0x00, 0x00, 0x00, 0x00, 0x00, 0x00, 0x00, 0x00,
    0x00, 0x00, 0x00, 0x00, 0x00, 0x00, 0x00, 0x00, 0x00, 0x00, 0x00, 0x00, 0x00, 0x00, 0x00, 0x00,
    0x00, 0x00, 0x00, 0x00, 0x00, 0x00, 0x00, 0x00, 0x00, 0x00, 0x00, 0x00, 0x00, 0x00, 0x00, 0x00,
    0x00, 0x00, 0x00, 0x00, 0x00, 0x00, 0x00, 0x00, 0x00, 0x00, 0x00, 0x00, 0x00, 0x00, 0x00, 0x00,
    0x00, 0x00, 0x00, 0x00, 0x00, 0x00, 0x00, 0x00, 0x00, 0x00, 0x00, 0x00, 0x00, 0x00, 0x00, 0x00,
    0x00, 0x00, 0x00, 0x00, 0x00, 0x00, 0x00, 0x00, 0x00, 0x00, 0x00, 0x00, 0x00, 0x00, 0x00, 0x00,
    0x00, 0x00, 0x00, 0x00, 0x00, 0x00, 0x00, 0x00, 0x00, 0x00, 0x00, 0x00, 0x00, 0x00, 0x00, 0x00,
    0x00, 0x00, 0x00, 0x00, 0x00, 0x00, 0x00, 0x00, 0x00, 0x00, 0x00, 0x00, 0x00, 0x00, 0x00, 0x00,
    0x00, 0x00, 0x00, 0x00, 0x00, 0x00, 0x00, 0x00, 0x00, 0x00, 0x00, 0x00, 0x00, 0x00, 0x00, 0x00,
    0x00, 0x00, 0x00, 0x00, 0x00, 0x00, 0x00, 0x00, 0x00, 0x00, 0x00, 0x00, 0x00, 0x00, 0x00, 0x00,
    0x00, 0x00, 0x00, 0x00, 0x00, 0x00, 0x00, 0x00, 0x00, 0x00, 0x00, 0x00, 0x00, 0x00, 0x00, 0x00,
    0x00, 0x00, 0x00, 0x00, 0x00, 0x00, 0x00, 0x00, 0x00, 0x00, 0x00, 0x00, 0x00, 0x00, 0x00, 0x00,
    0x00, 0x00, 0x00, 0x00, 0x00, 0x00, 0x00, 0x00, 0x00, 0x00, 0x00, 0x00, 0x00, 0x00, 0x00, 0x00,
    0x00, 0x00, 0x00, 0x00, 0x00, 0x00, 0x00, 0x00, 0x00, 0x00, 0x00, 0x00, 0x00, 0x00, 0x00, 0x00,
    0x00, 0x00, 0x00, 0x00, 0x00, 0x00, 0x00, 0x00, 0x00, 0x00, 0x00, 0x00, 0x00, 0x00, 0x00, 0x00,
    0x00, 0x00, 0x00, 0x00, 0x00, 0x00, 0x00, 0x00, 0x00, 0x00, 0x00, 0x00, 0x00, 0x00, 0x00, 0x00,
    0x00, 0x00, 0x00, 0x00, 0x00, 0x00, 0x00, 0x00, 0x00, 0x00, 0x00, 0x00, 0x00, 0x00, 0x00, 0x00,
    0x00, 0x00, 0x00, 0x00, 0x00, 0x00, 0x00, 0x00, 0x00, 0x00, 0x00, 0x00, 0x00, 0x00, 0x00, 0x00,
    0x00, 0x00, 0x00, 0x00, 0x00, 0x00, 0x00, 0x00, 0x00, 0x00, 0x00, 0x00, 0x00, 0x00, 0x00, 0x00,
    0x00, 0x00, 0x00, 0x00, 0x00, 0x00, 0x00, 0x00, 0x00, 0x00, 0x00, 0x00, 0x00, 0x00, 0x00, 0x00,
    0x00, 0x00, 0x00, 0x00, 0x00, 0x00, 0x00, 0x00, 0x00, 0x00, 0x00, 0x00, 0x00, 0x00, 0x00, 0x00,
    0x00, 0x00, 0x00, 0x00, 0x00, 0x00, 0x00, 0x00, 0x00, 0x00, 0x00, 0x00, 0x00, 0x00, 0x00, 0x00,
    0x00, 0x00, 0x00, 0x00, 0x00, 0x00, 0x00, 0x00, 0x00, 0x00, 0x00, 0x00, 0x00, 0x00, 0x00, 0x00,
    0x00, 0x00, 0x00, 0x00, 0x00, 0x00, 0x00, 0x00, 0x00, 0x00, 0x00, 0x00, 0x00, 0x00, 0x00, 0x00,
    0x00, 0x00, 0x00, 0x00, 0x00, 0x00, 0x00, 0x00, 0x00, 0x00, 0x00, 0x00, 0x00, 0x00, 0x00, 0x00,
    0x00, 0x00, 0x00, 0x00, 0x00, 0x00, 0x00, 0x00, 0x00, 0x00, 0x00, 0x00, 0x00, 0x00, 0x00, 0x00,
    0x00, 0x00, 0x00, 0x00, 0x00, 0x00, 0x00, 0x00, 0x00, 0x00, 0x00, 0x00, 0x00, 0x00, 0x00, 0x00,
    0x00, 0x00, 0x00, 0x00, 0x00, 0x00, 0x00, 0x00, 0x00, 0x00, 0x00, 0x00, 0x00, 0x00, 0x00, 0x00,
    0x7f, 0x7f, 0x7f, 0x02, 0xbf, 0x7f, 0x3f, 0x04, 0x7f, 0x7f, 0x3f, 0x04, 0xaa, 0xaa, 0x55, 0x03,
    0x7f, 0x7f, 0x3f, 0x04, 0xaa, 0xaa, 0x55, 0x03, 0x7f, 0x7f, 0x3f, 0x04, 0xaa, 0xaa, 0x55, 0x03,
    0xaa, 0xaa, 0x55, 0x03, 0xbf, 0x7f, 0x3f, 0x04, 0xbf, 0x7f, 0x3f, 0x04, 0x7f, 0x7f, 0x3f, 0x04,
    0xaa, 0xaa, 0x55, 0x03, 0xaa, 0xaa, 0x55, 0x03, 0x7f, 0x7f, 0x3f, 0x04, 0x7f, 0x7f, 0x3f, 0x04,
    0xbf, 0xbf, 0x3f, 0x04, 0xbf, 0x7f, 0x3f, 0x04, 0xbf, 0x7f, 0x3f, 0x04, 0xbf, 0x7f, 0x3f, 0x04,
    0xbf, 0x7f, 0x3f, 0x04, 0xbf, 0x7f, 0x3f, 0x04, 0xaa, 0xaa, 0x55, 0x03, 0xaa, 0xaa, 0x55, 0x03,
    0xaa, 0xaa, 0x55, 0x03, 0xaa, 0xaa, 0x55, 0x03, 0xaa, 0xaa, 0x55, 0x03, 0xaa, 0xaa, 0x55, 0x03,
    0xaa, 0xaa, 0x55, 0x03, 0xaa, 0xaa, 0x55, 0x03, 0xaa, 0xaa, 0x55, 0x03, 0xbf, 0x7f, 0x3f, 0x04,
    0xbf, 0xbf, 0x3f, 0x04, 0xbf, 0xbf, 0x3f, 0x04, 0x7f, 0x7f, 0x3f, 0x04, 0xaa, 0xaa, 0x55, 0x03,
    0xaa, 0xaa, 0x55, 0x03, 0xaa, 0xaa, 0x55, 0x03, 0xaa, 0xaa, 0x55, 0x03, 0xbf, 0xbf, 0x3f, 0x04,
    0xaa, 0xaa, 0x55, 0x03, 0xaa, 0xaa, 0x55, 0x03, 0xaa, 0xaa, 0x55, 0x03, 0xaa, 0xaa, 0x55, 0x03,
    0xaa, 0xaa, 0x55, 0x03, 0xaa, 0xaa, 0x55, 0x03, 0xaa, 0xaa, 0x55, 0x03, 0xaa, 0xaa, 0x55, 0x03,
    0xaa, 0xaa, 0x55, 0x03, 0xaa, 0xaa, 0x55, 0x03, 0xaa, 0xaa, 0x55, 0x03, 0xaa, 0xaa, 0x55, 0x03,
    0xaa, 0xaa, 0x55, 0x03, 0xaa, 0xaa, 0x55, 0x03, 0xaa, 0xaa, 0x55, 0x03, 0xaa, 0xaa, 0x55, 0x03,
    0xaa, 0xaa, 0x55, 0x03, 0xaa, 0xaa, 0x55, 0x03, 0xaa, 0xaa, 0x55, 0x03, 0xaa, 0xaa, 0x55, 0x03,
    0xaa, 0xaa, 0x55, 0x03, 0x7f, 0x7f, 0x3f, 0x04, 0xaa, 0xaa, 0x55, 0x03, 0xaa, 0xaa, 0x55, 0x03,
    0xaa, 0xaa, 0x55, 0x03, 0xaa, 0xaa, 0x55, 0x03, 0xaa, 0xaa, 0x55, 0x03, 0xaa, 0xaa, 0x55, 0x03,
    0xaa, 0xaa, 0x55, 0x03, 0xaa, 0xaa, 0x55, 0x03, 0xaa, 0xaa, 0x55, 0x03, 0xaa, 0xaa, 0x55, 0x03,
    0xaa, 0xaa, 0x55, 0x03, 0xaa, 0xaa, 0x55, 0x03, 0xaa, 0xaa, 0x55, 0x03, 0xaa, 0xaa, 0x55, 0x03,
    0xaa, 0xaa, 0x55, 0x03, 0xaa, 0xaa, 0x55, 0x03, 0xaa, 0xaa, 0x55, 0x03, 0xaa, 0xaa, 0x55, 0x03,
    0xaa, 0xaa, 0x55, 0x03, 0xaa, 0xaa, 0x55, 0x03, 0xaa, 0xaa, 0x55, 0x03, 0xaa, 0xaa, 0x55, 0x03,
    0xaa, 0xaa, 0x55, 0x03, 0xaa, 0xaa, 0x55, 0x03, 0xaa, 0xaa, 0x55, 0x03, 0xaa, 0xaa, 0x55, 0x03,
    0xaa, 0xaa, 0x55, 0x03, 0xaa, 0xaa, 0x55, 0x03, 0xaa, 0xaa, 0x55, 0x03, 0xbf, 0x7f, 0x3f, 0x04,
    0xbf, 0xbf, 0x3f, 0x04, 0xff, 0x7f, 0x7f, 0x02, 0x00, 0x00, 0x00, 0x00, 0x00, 0x00, 0x00, 0x00,
    0x00, 0x00, 0x00, 0x00, 0x00, 0x00, 0x00, 0x00, 0x00, 0x00, 0x00, 0x00, 0x00, 0x00, 0x00, 0x00,
    0x00, 0x00, 0x00, 0x00, 0x00, 0x00, 0x00, 0x00, 0x00, 0x00, 0x00, 0x00, 0x00, 0x00, 0x00, 0x00,
    0x00, 0x00, 0x00, 0x00, 0x00, 0x00, 0x00, 0x00, 0x00, 0x00, 0x00, 0x00, 0x00, 0x00, 0x00, 0x00,
    0x00, 0x00, 0x00, 0x00, 0x00, 0x00, 0x00, 0x00, 0x00, 0x00, 0x00, 0x00, 0x00, 0x00, 0x00, 0x00,
    0x00, 0x00, 0x00, 0x00, 0x00, 0x00, 0x00, 0x00, 0x00, 0x00, 0x00, 0x00, 0x00, 0x00, 0x00, 0x00,
    0x00, 0x00, 0x00, 0x00, 0x00, 0x00, 0x00, 0x00, 0x00, 0x00, 0x00, 0x00, 0x00, 0x00, 0x00, 0x00,
    0x00, 0x00, 0x00, 0x00, 0x00, 0x00, 0x00, 0x00, 0x00, 0x00, 0x00, 0x00, 0x00, 0x00, 0x00, 0x00,
    0x00, 0x00, 0x00, 0x00, 0x00, 0x00, 0x00, 0x00, 0x00, 0x00, 0x00, 0x00, 0x00, 0x00, 0x00, 0x00,
    0x00, 0x00, 0x00, 0x00, 0x00, 0x00, 0x00, 0x00, 0x00, 0x00, 0x00, 0x00, 0x00, 0x00, 0x00, 0x00,
    0x00, 0x00, 0x00, 0x00, 0x00, 0x00, 0x00, 0x00, 0x00, 0x00, 0x00, 0x00, 0x00, 0x00, 0x00, 0x00,
    0x00, 0x00, 0x00, 0x00, 0x00, 0x00, 0x00, 0x00, 0x00, 0x00, 0x00, 0x00, 0x00, 0x00, 0x00, 0x00,
    0x00, 0x00, 0x00, 0x00, 0x00, 0x00, 0x00, 0x00, 0x00, 0x00, 0x00, 0x00, 0x00, 0x00, 0x00, 0x00,
    0x00, 0x00, 0x00, 0x00, 0x00, 0x00, 0x00, 0x00, 0x00, 0x00, 0x00, 0x00, 0x00, 0x00, 0x00, 0x00,
    0xff, 0xff, 0x00, 0x01, 0xff, 0x7f, 0x7f, 0x02, 0x00, 0x00, 0x00, 0x00, 0x00, 0x00, 0x00, 0x00,
    0x00, 0x00, 0x00, 0x00, 0x00, 0x00, 0x00, 0x00, 0x00, 0x00, 0x00, 0x00, 0x00, 0x00, 0x00, 0x00,
    0x00, 0x00, 0x00, 0x00, 0x00, 0x00, 0x00, 0x00, 0x00, 0x00, 0x00, 0x00, 0x00, 0x00, 0x00, 0x00,
    0x00, 0x00, 0x00, 0x00, 0x00, 0x00, 0x00, 0x00, 0x00, 0x00, 0x00, 0x00, 0x00, 0x00, 0x00, 0x00,
    0x00, 0x00, 0x00, 0x00, 0x00, 0x00, 0x00, 0x00, 0x00, 0x00, 0x00, 0x00, 0x00, 0x00, 0x00, 0x00,
    0x00, 0x00, 0x00, 0x00, 0x00, 0x00, 0x00, 0x00, 0x00, 0x00, 0x00, 0x00, 0x00, 0x00, 0x00, 0x00,
    0x00, 0x00, 0x00, 0x00, 0x00, 0x00, 0x00, 0x00, 0x00, 0x00, 0x00, 0x00, 0x00, 0x00, 0x00, 0x00,
    0x00, 0x00, 0x00, 0x00, 0x00, 0x00, 0x00, 0x00, 0x00, 0x00, 0x00, 0x00, 0x00, 0x00, 0x00, 0x00,
    0x00, 0x00, 0x00, 0x00, 0x00, 0x00, 0x00, 0x00, 0x00, 0x00, 0x00, 0x00, 0x00, 0x00, 0x00, 0x00,
    0x00, 0x00, 0x00, 0x00, 0x00, 0x00, 0x00, 0x00, 0x00, 0x00, 0x00, 0x00, 0x00, 0x00, 0x00, 0x00,
    0x00, 0x00, 0x00, 0x00, 0x00, 0x00, 0x00, 0x00, 0x00, 0x00, 0x00, 0x00, 0x00, 0x00, 0x00, 0x00,
    0x00, 0x00, 0x00, 0x00, 0x00, 0x00, 0x00, 0x00, 0x00, 0x00, 0x00, 0x00, 0x00, 0x00, 0x00, 0x00,
    0x00, 0x00, 0x00, 0x00, 0x00, 0x00, 0x00, 0x00, 0x00, 0x00, 0x00, 0x00, 0x00, 0x00, 0x00, 0x00,
    0x00, 0x00, 0x00, 0x00, 0x00, 0x00, 0x00, 0x00, 0x00, 0x00, 0x00, 0x00, 0x00, 0x00, 0x00, 0x00,
    0x00, 0x00, 0x00, 0x00, 0x00, 0x00, 0x00, 0x00, 0x00, 0x00, 0x00, 0x00, 0x00, 0x00, 0x00, 0x00,
    0x00, 0x00, 0x00, 0x00, 0x00, 0x00, 0x00, 0x00, 0x00, 0x00, 0x00, 0x00, 0x00, 0x00, 0x00, 0x00,
    0x00, 0x00, 0x00, 0x00, 0x00, 0x00, 0x00, 0x00, 0x00, 0x00, 0x00, 0x00, 0x00, 0x00, 0x00, 0x00,
    0x00, 0x00, 0x00, 0x00, 0x00, 0x00, 0x00, 0x00, 0x00, 0x00, 0x00, 0x00, 0x00, 0x00, 0x00, 0x00,
    0x00, 0x00, 0x00, 0x00, 0x00, 0x00, 0x00, 0x00, 0x00, 0x00, 0x00, 0x00, 0x00, 0x00, 0x00, 0x00,
    0x00, 0x00, 0x00, 0x00, 0x00, 0x00, 0x00, 0x00, 0x00, 0x00, 0x00, 0x00, 0x00, 0x00, 0x00, 0x00,
    0x00, 0x00, 0x00, 0x00, 0x00, 0x00, 0x00, 0x00, 0x00, 0x00, 0x00, 0x00, 0x00, 0x00, 0x00, 0x00,
    0x00, 0x00, 0x00, 0x00, 0x00, 0x00, 0x00, 0x00, 0x00, 0x00, 0x00, 0x00, 0x00, 0x00, 0x00, 0x00,
    0x00, 0x00, 0x00, 0x00, 0x00, 0x00, 0x00, 0x00, 0x00, 0x00, 0x00, 0x00, 0x00, 0x00, 0x00, 0x00,
    0x00, 0x00, 0x00, 0x00, 0x00, 0x00, 0x00, 0x00, 0x00, 0x00, 0x00, 0x00, 0x00, 0x00, 0x00, 0x00,
    0x7f, 0x7f, 0x7f, 0x02, 0xff, 0xff, 0x00, 0x01, 0x00, 0x00, 0x00, 0x00, 0x00, 0x00, 0x00, 0x00,
    0x00, 0x00, 0x00, 0x00, 0x00, 0x00, 0x00, 0x00, 0x00, 0x00, 0x00, 0x00, 0x00, 0x00, 0x00, 0x00,
    0x00, 0x00, 0x00, 0x00, 0x00, 0x00, 0x00, 0x00, 0x00, 0x00, 0x00, 0x00, 0x00, 0x00, 0x00, 0x00,
    0x00, 0x00, 0x00, 0x00, 0x00, 0x00, 0x00, 0x00, 0x00, 0x00, 0x00, 0x00, 0x00, 0x00, 0x00, 0x00,
    0x00, 0x00, 0x00, 0x00, 0x00, 0x00, 0x00, 0x00, 0x00, 0x00, 0x00, 0x00, 0x00, 0x00, 0x00, 0x00,
    0x00, 0x00, 0x00, 0x00, 0x00, 0x00, 0x00, 0x00, 0x00, 0x00, 0x00, 0x00, 0x00, 0x00, 0x00, 0x00,
    0x00, 0x00, 0x00, 0x00, 0x00, 0x00, 0x00, 0x00, 0x00, 0x00, 0x00, 0x00, 0x00, 0x00, 0x00, 0x00,
    0x00, 0x00, 0x00, 0x00, 0x00, 0x00, 0x00, 0x00, 0x00, 0x00, 0x00, 0x00, 0x00, 0x00, 0x00, 0x00,
    0x00, 0x00, 0x00, 0x00, 0x00, 0x00, 0x00, 0x00, 0x00, 0x00, 0x00, 0x00, 0x00, 0x00, 0x00, 0x00,
    0x00, 0x00, 0x00, 0x00, 0x00, 0x00, 0x00, 0x00, 0x00, 0x00, 0x00, 0x00, 0x00, 0x00, 0x00, 0x00,
    0x00, 0x00, 0x00, 0x00, 0x00, 0x00, 0x00, 0x00, 0x00, 0x00, 0x00, 0x00, 0x00, 0x00, 0x00, 0x00,
    0x00, 0x00, 0x00, 0x00, 0x00, 0x00, 0x00, 0x00, 0x00, 0x00, 0x00, 0x00, 0x00, 0x00, 0x00, 0x00,
    0x00, 0x00, 0x00, 0x00, 0x00, 0x00, 0x00, 0x00, 0x00, 0x00, 0x00, 0x00, 0x00, 0x00, 0x00, 0x00,
    0x00, 0x00, 0x00, 0x00, 0x7f, 0x7f, 0x00, 0x02, 0x00, 0x00, 0x00, 0x00, 0x00, 0x00, 0x00, 0x00,
    0xad, 0x9e, 0x56, 0x32, 0xae, 0xa0, 0x54, 0x79, 0xad, 0xa0, 0x52, 0x9a, 0xad, 0xa0, 0x52, 0x9d,
    0xad, 0x9e, 0x51, 0x9a, 0xad, 0x9e, 0x51, 0x9a, 0xae, 0x9e, 0x53, 0x9c, 0xae, 0xa0, 0x53, 0x9c,
    0xb0, 0xa1, 0x53, 0x9b, 0xb0, 0xa0, 0x55, 0x9c, 0xaf, 0xa0, 0x54, 0x9d, 0xb1, 0xa2, 0x56, 0x9d,
    0xaf, 0xa2, 0x52, 0x9d, 0xae, 0xa1, 0x55, 0x9c, 0xae, 0xa0, 0x53, 0x9c, 0xaf, 0xa2, 0x54, 0x9d,
    0xae, 0xa1, 0x55, 0x9f, 0xb1, 0xa3, 0x55, 0x9e, 0xb1, 0xa2, 0x56, 0x9d, 0xb0, 0xa1, 0x53, 0x9c,
    0xb0, 0xa1, 0x56, 0x9f, 0xb2, 0xa2, 0x57, 0xa0, 0xb0, 0xa2, 0x56, 0xa0, 0xaf, 0xa2, 0x56, 0xa0,
    0xb0, 0xa2, 0x56, 0xa0, 0xb1, 0xa3, 0x56, 0xa2, 0xb1, 0xa3, 0x55, 0xa1, 0xaf, 0xa2, 0x54, 0xa0,
    0xb0, 0xa2, 0x54, 0xa0, 0xb1, 0xa1, 0x55, 0xa1, 0xb1, 0xa4, 0x55, 0xa4, 0xb1, 0xa3, 0x55, 0xa4,
    0xb1, 0xa3, 0x55, 0xa2, 0xb0, 0xa2, 0x53, 0xa2, 0xb1, 0xa1, 0x53, 0xa1, 0xb0, 0xa2, 0x53, 0xa2,
    0xb0, 0xa1, 0x54, 0xa3, 0xb2, 0xa3, 0x53, 0xa1, 0xb3, 0xa3, 0x55, 0xa2, 0xb3, 0xa3, 0x55, 0xa2,
    0xb1, 0xa2, 0x53, 0xa2, 0xb0, 0xa1, 0x54, 0xa3, 0xb1, 0xa3, 0x56, 0xa2, 0xaf, 0xa3, 0x53, 0xa4,
    0xae, 0xa2, 0x53, 0xa5, 0xb0, 0xa2, 0x53, 0xa2, 0xaf, 0xa1, 0x53, 0xa1, 0xb0, 0xa2, 0x53, 0xa2,
    0xb1, 0xa1, 0x55, 0xa1, 0xb2, 0xa2, 0x52, 0xa3, 0xaf, 0xa2, 0x52, 0xa3, 0xae, 0xa0, 0x55, 0x9f,
    0xaf, 0xa1, 0x53, 0x9e, 0xb0, 0xa1, 0x52, 0xa3, 0xb2, 0xa4, 0x54, 0xa3, 0xb0, 0xa2, 0x52, 0xa0,
    0xb0, 0xa2, 0x52, 0xa0, 0xb3, 0xa4, 0x56, 0xa3, 0xb1, 0xa3, 0x53, 0xa4, 0xb1, 0xa1, 0x52, 0xa4,
    0xb1, 0xa1, 0x52, 0xa1, 0xb0, 0xa2, 0x52, 0xa0, 0xb0, 0xa2, 0x52, 0xa3, 0xb0, 0xa0, 0x51, 0xa2,
    0xaf, 0xa1, 0x53, 0xa4, 0xb1, 0xa2, 0x53, 0xa5, 0xae, 0xa0, 0x53, 0xa5, 0xb0, 0xa1, 0x51, 0xa3,
    0xb0, 0xa0, 0x51, 0xa2, 0xad, 0xa2, 0x51, 0xa2, 0xb0, 0xa0, 0x51, 0xa5, 0xb0, 0xa0, 0x51, 0xa5,
    0xb1, 0xa1, 0x52, 0xa4, 0xb0, 0xa2, 0x53, 0xa2, 0xac, 0x9f, 0x52, 0xa1, 0xaf, 0x9f, 0x51, 0xa3,
    0xac, 0x9e, 0x51, 0xa6, 0xaf, 0x9f, 0x51, 0xa3, 0xaf, 0xa1, 0x50, 0xa1, 0xae, 0x9f, 0x50, 0xa5,
    0xaf, 0xa0, 0x52, 0xa4, 0xaf, 0xa1, 0x52, 0xa3, 0xaf, 0xa2, 0x52, 0xa3, 0xaf, 0x9f, 0x52, 0xa3,
    0xae, 0xa0, 0x50, 0xa4, 0xad, 0x9f, 0x51, 0xa3, 0xb0, 0x9f, 0x51, 0xa5, 0xae, 0xa0, 0x51, 0xa5,
    0xb0, 0xa1, 0x52, 0xa3, 0xaf, 0xa0, 0x52, 0xa4, 0xad, 0x9f, 0x51, 0xa5, 0xac, 0x9f, 0x4f, 0xa0,
    0xae, 0xa2, 0x52, 0x7c, 0xb2, 0xa3, 0x51, 0x32, 0x00, 0x00, 0x00, 0x00, 0x00, 0x00, 0x00, 0x00,
    0x7f, 0x7f, 0x00, 0x02, 0x00, 0x00, 0x00, 0x00, 0x00, 0x00, 0x00, 0x00, 0x00, 0x00, 0x00, 0x00,
    0x00, 0x00, 0x00, 0x00, 0x00, 0x00, 0x00, 0x00, 0x00, 0x00, 0x00, 0x00, 0x00, 0x00, 0x00, 0x00,
    0x00, 0x00, 0x00, 0x00, 0x00, 0x00, 0x00, 0x00, 0x00, 0x00, 0x00, 0x00, 0x00, 0x00, 0x00, 0x00,
    0x00, 0x00, 0x00, 0x00, 0x00, 0x00, 0x00, 0x00, 0x00, 0x00, 0x00, 0x00, 0x00, 0x00, 0x00, 0x00,
    0x00, 0x00, 0x00, 0x00, 0x00, 0x00, 0x00, 0x00, 0x00, 0x00, 0x00, 0x00, 0x00, 0x00, 0x00, 0x00,
    0x00, 0x00, 0x00, 0x00, 0x00, 0x00, 0x00, 0x00, 0x00, 0x00, 0x00, 0x00, 0x00, 0x00, 0x00, 0x00,
    0x00, 0x00, 0x00, 0x00, 0x00, 0x00, 0x00, 0x00, 0x00, 0x00, 0x00, 0x00, 0x00, 0x00, 0x00, 0x00,
    0x00, 0x00, 0x00, 0x00, 0x00, 0x00, 0x00, 0x00, 0x00, 0x00, 0x00, 0x00, 0x00, 0x00, 0x00, 0x00,
    0x00, 0x00, 0x00, 0x00, 0x00, 0x00, 0x00, 0x00, 0x00, 0x00, 0x00, 0x00, 0x00, 0x00, 0x00, 0x00,
    0x00, 0x00, 0x00, 0x00, 0x00, 0x00, 0x00, 0x00, 0x00, 0x00, 0x00, 0x00, 0x00, 0x00, 0x00, 0x00,
    0x00, 0x00, 0x00, 0x00, 0x00, 0x00, 0x00, 0x00, 0x00, 0x00, 0x00, 0x00, 0x00, 0x00, 0x00, 0x00,
    0x00, 0x00, 0x00, 0x00, 0x00, 0x00, 0x00, 0x00, 0x00, 0x00, 0x00, 0x00, 0x00, 0x00, 0x00, 0x00,
    0x00, 0x00, 0x00, 0x00, 0x00, 0x00, 0x00, 0x00, 0xff, 0xff, 0x00, 0x01, 0x00, 0x00, 0x00, 0x00,
    0x9b, 0x9b, 0x55, 0x12, 0xb0, 0xa1, 0x52, 0xa9, 0xb3, 0xa3, 0x54, 0xfd, 0xb9, 0xa9, 0x57, 0xff,
    0xb9, 0xaa, 0x57, 0xff, 0xba, 0xaa, 0x57, 0xff, 0xb9, 0xa9, 0x57, 0xff, 0xb9, 0xaa, 0x57, 0xff,
    0xba, 0xab, 0x56, 0xff, 0xba, 0xaa, 0x58, 0xff, 0xba, 0xab, 0x58, 0xff, 0xba, 0xaa, 0x58, 0xff,
    0xba, 0xab, 0x58, 0xff, 0xbb, 0xab, 0x59, 0xff, 0xbb, 0xac, 0x58, 0xff, 0xbb, 0xab, 0x59, 0xff,
    0xba, 0xab, 0x57, 0xff, 0xbb, 0xab, 0x59, 0xff, 0xbc, 0xac, 0x58, 0xff, 0xbb, 0xac, 0x58, 0xff,
    0xbb, 0xab, 0x59, 0xff, 0xbb, 0xac, 0x58, 0xff, 0xbb, 0xab, 0x5a, 0xff, 0xbb, 0xab, 0x59, 0xff,
    0xbb, 0xac, 0x58, 0xff, 0xbb, 0xab, 0x59, 0xff, 0xbb, 0xac, 0x59, 0xff, 0xba, 0xac, 0x59, 0xff,
    0xba, 0xac, 0x59, 0xff, 0xbb, 0xac, 0x58, 0xff, 0xbb, 0xab, 0x59, 0xff, 0xbb, 0xab, 0x5a, 0xff,
    0xbb, 0xab, 0x5a, 0xff, 0xba, 0xab, 0x58, 0xff, 0xba, 0xab, 0x58, 0xff, 0xba, 0xab, 0x58, 0xff,
    0xba, 0xaa, 0x58, 0xff, 0xb9, 0xaa, 0x57, 0xff, 0xba, 0xaa, 0x58, 0xff, 0xba, 0xab, 0x58, 0xff,
    0xbc, 0xac, 0x58, 0xff, 0xbb, 0xac, 0x58, 0xff, 0xbb, 0xac, 0x57, 0xff, 0xbb, 0xab, 0x58, 0xff,
    0xbb, 0xab, 0x5a, 0xff, 0xba, 0xaa, 0x59, 0xff, 0xba, 0xaa, 0x59, 0xff, 0xba, 0xaa, 0x59, 0xff,
    0xba, 0xaa, 0x59, 0xff, 0xba, 0xaa, 0x59, 0xff, 0xba, 0xab, 0x58, 0xff, 0xbb, 0xab, 0x58, 0xff,
    0xba, 0xaa, 0x58, 0xff, 0xba, 0xaa, 0x58, 0xff, 0xba, 0xaa, 0x58, 0xff, 0xba, 0xaa, 0x57, 0xff,
    0xba, 0xab, 0x57, 0xff, 0xba, 0xab, 0x57, 0xff, 0xba, 0xab, 0x57, 0xff, 0xbb, 0xac, 0x58, 0xff,
    0xbb, 0xab, 0x59, 0xff, 0xba, 0xab, 0x57, 0xff, 0xba, 0xab, 0x57, 0xff, 0xba, 0xab, 0x57, 0xff,
    0xbb, 0xab, 0x57, 0xff, 0xba, 0xab, 0x57, 0xff, 0xba, 0xab, 0x58, 0xff, 0xb9, 0xaa, 0x57, 0xff,
    0xb9, 0xaa, 0x55, 0xff, 0xb9, 0xaa, 0x56, 0xff, 0xb9, 0xaa, 0x55, 0xff, 0xb9, 0xaa, 0x55, 0xff,
    0xb9, 0xa9, 0x56, 0xff, 0xb9, 0xa9, 0x57, 0xff, 0xba, 0xab, 0x57, 0xff, 0xba, 0xaa, 0x58, 0xff,
    0xb9, 0xa9, 0x57, 0xff, 0xb9, 0xa9, 0x55, 0xff, 0xb8, 0xa8, 0x56, 0xff, 0xb8, 0xa9, 0x56, 0xff,
    0xb9, 0xa9, 0x55, 0xff, 0xb8, 0xa9, 0x54, 0xff, 0xb9, 0xaa, 0x55, 0xff, 0xb9, 0xaa, 0x55, 0xff,
    0xb9, 0xaa, 0x56, 0xff, 0xb9, 0xa9, 0x58, 0xff, 0xb9, 0xa9, 0x57, 0xff, 0xb8, 0xa8, 0x57, 0xff,
    0xb9, 0xa9, 0x57, 0xff, 0xb9, 0xaa, 0x57, 0xff, 0xb9, 0xa9, 0x57, 0xff, 0xb9, 0xa9, 0x55, 0xff,
    0xb8, 0xa9, 0x54, 0xff, 0xb8, 0xa9, 0x54, 0xff, 0xb9, 0xaa, 0x55, 0xff, 0xb2, 0xa3, 0x51, 0xfd,
    0xb0, 0xa2, 0x52, 0xa9, 0xaa, 0x9b, 0x55, 0x12, 0x00, 0x00, 0x00, 0x00, 0x7f, 0x7f, 0x00, 0x02,
    0x00, 0x00, 0x00, 0x00, 0x00, 0x00, 0x00, 0x00, 0x00, 0x00, 0x00, 0x00, 0x00, 0x00, 0x00, 0x00,
    0x00, 0x00, 0x00, 0x00, 0x00, 0x00, 0x00, 0x00, 0x00, 0x00, 0x00, 0x00, 0x00, 0x00, 0x00, 0x00,
    0x00, 0x00, 0x00, 0x00, 0x00, 0x00, 0x00, 0x00, 0x00, 0x00, 0x00, 0x00, 0x00, 0x00, 0x00, 0x00,
    0x00, 0x00, 0x00, 0x00, 0x00, 0x00, 0x00, 0x00, 0x00, 0x00, 0x00, 0x00, 0x00, 0x00, 0x00, 0x00,
    0x00, 0x00, 0x00, 0x00, 0x00, 0x00, 0x00, 0x00, 0x00, 0x00, 0x00, 0x00, 0x00, 0x00, 0x00, 0x00,
    0x00, 0x00, 0x00, 0x00, 0x00, 0x00, 0x00, 0x00, 0x00, 0x00, 0x00, 0x00, 0x00, 0x00, 0x00, 0x00,
    0x00, 0x00, 0x00, 0x00, 0x00, 0x00, 0x00, 0x00, 0x00, 0x00, 0x00, 0x00, 0x00, 0x00, 0x00, 0x00,
    0x00, 0x00, 0x00, 0x00, 0x00, 0x00, 0x00, 0x00, 0x00, 0x00, 0x00, 0x00, 0x00, 0x00, 0x00, 0x00,
    0x00, 0x00, 0x00, 0x00, 0x00, 0x00, 0x00, 0x00, 0x00, 0x00, 0x00, 0x00, 0x00, 0x00, 0x00, 0x00,
    0x00, 0x00, 0x00, 0x00, 0x00, 0x00, 0x00, 0x00, 0x00, 0x00, 0x00, 0x00, 0x00, 0x00, 0x00, 0x00,
    0x00, 0x00, 0x00, 0x00, 0x00, 0x00, 0x00, 0x00, 0x00, 0x00, 0x00, 0x00, 0x00, 0x00, 0x00, 0x00,
    0x00, 0x00, 0x00, 0x00, 0x00, 0x00, 0x00, 0x00, 0x00, 0x00, 0x00, 0x00, 0xff, 0xff, 0x00, 0x01,
    0x7f, 0x7f, 0x00, 0x02, 0xb4, 0xa5, 0x5a, 0x11, 0xaf, 0xa0, 0x53, 0xca, 0xba, 0xac, 0x58, 0xff,
    0xae, 0xa0, 0x51, 0xfc, 0xaf, 0xa0, 0x53, 0xfa, 0xaf, 0xa0, 0x53, 0xfa, 0xaf, 0xa0, 0x53, 0xfa,
    0xae, 0xa0, 0x53, 0xfa, 0xae, 0xa0, 0x54, 0xfa, 0xb0, 0xa1, 0x54, 0xfa, 0xb0, 0xa1, 0x54, 0xfa,
    0xb0, 0xa1, 0x54, 0xfa, 0xb0, 0xa0, 0x54, 0xfa, 0xaf, 0xa1, 0x54, 0xfa, 0xaf, 0xa0, 0x54, 0xfa,
    0xb0, 0xa0, 0x54, 0xfa, 0xb0, 0xa1, 0x54, 0xfa, 0xb0, 0xa1, 0x54, 0xfa, 0xaf, 0xa1, 0x54, 0xfa,
    0xb0, 0xa2, 0x55, 0xfa, 0xb0, 0xa2, 0x55, 0xfa, 0xb0, 0xa2, 0x55, 0xfa, 0xb0, 0xa1, 0x55, 0xfa,
    0xb0, 0xa1, 0x55, 0xfa, 0xb0, 0xa2, 0x55, 0xfa, 0xb0, 0xa2, 0x55, 0xfa, 0xb0, 0xa2, 0x55, 0xfa,
    0xb0, 0xa2, 0x55, 0xfa, 0xb0, 0xa2, 0x55, 0xfa, 0xb0, 0xa2, 0x55, 0xfa, 0xb0, 0xa2, 0x55, 0xfa,
    0xb1, 0xa2, 0x55, 0xfa, 0xb1, 0xa2, 0x55, 0xfa, 0xb1, 0xa2, 0x55, 0xfa, 0xb0, 0xa1, 0x55, 0xfa,
    0xaf, 0xa1, 0x54, 0xfa, 0xaf, 0xa1, 0x53, 0xfa, 0xaf, 0xa1, 0x54, 0xfa, 0xb0, 0xa1, 0x54, 0xfa,
    0xb0, 0xa1, 0x54, 0xfa, 0xaf, 0xa1, 0x54, 0xfa, 0xb0, 0xa2, 0x55, 0xfa, 0xb0, 0xa2, 0x55, 0xfa,
    0xb1, 0xa2, 0x55, 0xfa, 0xb1, 0xa2, 0x55, 0xfa, 0xb0, 0xa2, 0x55, 0xfa, 0xb0, 0xa1, 0x54, 0xfa,
    0xb0, 0xa1, 0x54, 0xfa, 0xb0, 0xa1, 0x54, 0xfa, 0xb0, 0xa1, 0x55, 0xfa, 0xb0, 0xa1, 0x55, 0xfa,
    0xb0, 0xa1, 0x55, 0xfa, 0xb0, 0xa2, 0x55, 0xfa, 0xb0, 0xa1, 0x55, 0xfa, 0xb0, 0xa2, 0x54, 0xfa,
    0xb0, 0xa1, 0x54, 0xfa, 0xb0, 0xa1, 0x54, 0xfa, 0xaf, 0xa1, 0x54, 0xfa, 0xaf, 0xa1, 0x54, 0xfa,
    0xaf, 0xa1, 0x54, 0xfa, 0xb0, 0xa2, 0x55, 0xfa, 0xb0, 0xa2, 0x55, 0xfa, 0xb1, 0xa2, 0x55, 0xfa,
    0xaf, 0xa1, 0x54, 0xfa, 0xaf, 0xa1, 0x54, 0xfa, 0xb0, 0xa1, 0x54, 0xfa, 0xaf, 0xa1, 0x54, 0xfa,
    0xb0, 0xa1, 0x54, 0xfa, 0xae, 0x9f, 0x53, 0xfb, 0xaf, 0xa1, 0x52, 0xfa, 0xaf, 0xa0, 0x53, 0xfa,
    0xaf, 0xa0, 0x52, 0xfa, 0xaf, 0xa1, 0x52, 0xfa, 0xae, 0x9f, 0x53, 0xfb, 0xb0, 0xa1, 0x53, 0xfa,
    0xaf, 0xa0, 0x54, 0xfa, 0xaf, 0xa0, 0x53, 0xfa, 0xaf, 0xa0, 0x53, 0xfa, 0xaf, 0xa1, 0x54, 0xfa,
    0xae, 0xa0, 0x54, 0xfb, 0xaf, 0xa0, 0x53, 0xfa, 0xae, 0x9f, 0x52, 0xfa, 0xae, 0x9f, 0x52, 0xfa,
    0xaf, 0xa1, 0x51, 0xfa, 0xaf, 0xa0, 0x52, 0xfa, 0xae, 0x9f, 0x53, 0xfb, 0xaf, 0xa0, 0x53, 0xfa,
    0xae, 0x9f, 0x53, 0xfb, 0xae, 0x9f, 0x53, 0xfb, 0xae, 0x9f, 0x53, 0xfb, 0xae, 0x9f, 0x53, 0xfb,
    0xad, 0x9f, 0x53, 0xfb, 0xaf, 0xa0, 0x52, 0xfa, 0xaf, 0xa1, 0x51, 0xfa, 0xaf, 0xa1, 0x51, 0xfa,
    0xaf, 0xa0, 0x50, 0xf9, 0xaf, 0xa1, 0x50, 0xfb, 0xbc, 0xac, 0x56, 0xff, 0xb0, 0xa1, 0x4f, 0xc9,
    0xa5, 0xa5, 0x4b, 0x11, 0xff, 0x7f, 0x00, 0x02, 0x7f, 0x7f, 0x00, 0x02, 0x00, 0x00, 0x00, 0x00,
    0x00, 0x00, 0x00, 0x00, 0x00, 0x00, 0x00, 0x00, 0x00, 0x00, 0x00, 0x00, 0x00, 0x00, 0x00, 0x00,
    0x00, 0x00, 0x00, 0x00, 0x00, 0x00, 0x00, 0x00, 0x00, 0x00, 0x00, 0x00, 0x00, 0x00, 0x00, 0x00,
    0x00, 0x00, 0x00, 0x00, 0x00, 0x00, 0x00, 0x00, 0x00, 0x00, 0x00, 0x00, 0x00, 0x00, 0x00, 0x00,
    0x00, 0x00, 0x00, 0x00, 0x00, 0x00, 0x00, 0x00, 0x00, 0x00, 0x00, 0x00, 0x00, 0x00, 0x00, 0x00,
    0x00, 0x00, 0x00, 0x00, 0x00, 0x00, 0x00, 0x00, 0x00, 0x00, 0x00, 0x00, 0x00, 0x00, 0x00, 0x00,
    0x00, 0x00, 0x00, 0x00, 0x00, 0x00, 0x00, 0x00, 0x00, 0x00, 0x00, 0x00, 0x00, 0x00, 0x00, 0x00,
    0x00, 0x00, 0x00, 0x00, 0x00, 0x00, 0x00, 0x00, 0x00, 0x00, 0x00, 0x00, 0x00, 0x00, 0x00, 0x00,
    0x00, 0x00, 0x00, 0x00, 0x00, 0x00, 0x00, 0x00, 0x00, 0x00, 0x00, 0x00, 0x00, 0x00, 0x00, 0x00,
    0x00, 0x00, 0x00, 0x00, 0x00, 0x00, 0x00, 0x00, 0x00, 0x00, 0x00, 0x00, 0x00, 0x00, 0x00, 0x00,
    0x00, 0x00, 0x00, 0x00, 0x00, 0x00, 0x00, 0x00, 0x00, 0x00, 0x00, 0x00, 0x00, 0x00, 0x00, 0x00,
    0x00, 0x00, 0x00, 0x00, 0x00, 0x00, 0x00, 0x00, 0x00, 0x00, 0x00, 0x00, 0x00, 0x00, 0x00, 0x00,
    0x00, 0x00, 0x00, 0x00, 0xaa, 0xaa, 0x55, 0x03, 0x00, 0x00, 0x00, 0x00, 0xad, 0x9e, 0x50, 0xa2,
    0xbe, 0xac, 0x58, 0xff, 0xaf, 0xa1, 0x51, 0xf7, 0xaf, 0xa0, 0x54, 0xfe, 0xaf, 0xa0, 0x54, 0xfe,
    0xaf, 0xa0, 0x54, 0xfe, 0xaf, 0xa0, 0x54, 0xfe, 0xae, 0xa0, 0x54, 0xfe, 0xae, 0x9f, 0x54, 0xfe,
    0xaf, 0xa0, 0x54, 0xfe, 0xaf, 0xa0, 0x54, 0xfe, 0xaf, 0xa0, 0x54, 0xfe, 0xaf, 0x9f, 0x55, 0xfe,
    0xaf, 0xa0, 0x54, 0xfe, 0xaf, 0x9f, 0x55, 0xfe, 0xaf, 0x9f, 0x55, 0xfe, 0xaf, 0xa0, 0x54, 0xfe,
    0xae, 0xa0, 0x54, 0xfe, 0xaf, 0xa0, 0x54, 0xfe, 0xae, 0xa1, 0x55, 0xfe, 0xb0, 0xa1, 0x55, 0xfe,
    0xb0, 0xa1, 0x55, 0xfe, 0xaf, 0xa0, 0x54, 0xfe, 0xaf, 0xa0, 0x54, 0xfe, 0xb0, 0xa1, 0x55, 0xfe,
    0xb0, 0xa1, 0x55, 0xfe, 0xb0, 0xa1, 0x55, 0xfe, 0xb0, 0xa1, 0x55, 0xfe, 0xb0, 0xa1, 0x55, 0xfe,
    0xb0, 0xa1, 0x55, 0xfe, 0xb0, 0xa1, 0x55, 0xfe, 0xb0, 0xa1, 0x55, 0xfe, 0xb0, 0xa1, 0x55, 0xfe,
    0xb0, 0xa1, 0x55, 0xfe, 0xb0, 0xa1, 0x55, 0xfe, 0xb0, 0xa1, 0x55, 0xfe, 0xaf, 0xa1, 0x52, 0xfe,
    0xaf, 0xa0, 0x53, 0xfe, 0xaf, 0xa0, 0x54, 0xfe, 0xaf, 0xa0, 0x54, 0xfe, 0xaf, 0xa0, 0x54, 0xfe,
    0xb0, 0xa1, 0x55, 0xfe, 0xb0, 0xa1, 0x55, 0xfe, 0xb0, 0xa1, 0x55, 0xfe, 0xb0, 0xa1, 0x55, 0xfe,
    0xb0, 0xa1, 0x55, 0xfe, 0xb0, 0xa1, 0x55, 0xfe, 0xb0, 0xa1, 0x55, 0xfe, 0xb0, 0xa1, 0x55, 0xfe,
    0xb0, 0xa1, 0x55, 0xfe, 0xb0, 0xa1, 0x55, 0xfe, 0xb0, 0xa1, 0x55, 0xfe, 0xb0, 0xa1, 0x55, 0xfe,
    0xb0, 0xa1, 0x55, 0xfe, 0xb0, 0xa1, 0x55, 0xfe, 0xb0, 0xa1, 0x55, 0xfe, 0xaf, 0xa0, 0x54, 0xfe,
    0xaf, 0xa0, 0x54, 0xfe, 0xaf, 0xa0, 0x54, 0xfe, 0xaf, 0xa0, 0x54, 0xfe, 0xb0, 0xa1, 0x55, 0xfe,
    0xaf, 0xa0, 0x54, 0xfe, 0xb0, 0xa1, 0x55, 0xfe, 0xaf, 0xa0, 0x54, 0xfe, 0xb0, 0xa1, 0x55, 0xfe,
    0xaf, 0xa0, 0x54, 0xfe, 0xaf, 0xa0, 0x53, 0xfe, 0xaf, 0xa0, 0x54, 0xfe, 0xaf, 0xa0, 0x54, 0xfe,
    0xaf, 0xa0, 0x54, 0xfe, 0xaf, 0xa0, 0x54, 0xfe, 0xaf, 0xa0, 0x54, 0xfe, 0xaf, 0xa0, 0x54, 0xfe,
    0xaf, 0xa0, 0x54, 0xfe, 0xaf, 0xa0, 0x54, 0xfe, 0xae, 0x9f, 0x53, 0xfe, 0xae, 0x9f, 0x53, 0xfe,
    0xaf, 0xa0, 0x53, 0xfe, 0xaf, 0xa0, 0x54, 0xfe, 0xaf, 0xa0, 0x54, 0xfe, 0xaf, 0xa0, 0x53, 0xfe,
    0xae, 0x9f, 0x53, 0xfe, 0xae, 0x9f, 0x53, 0xfe, 0xae, 0x9f, 0x53, 0xfe, 0xae, 0x9f, 0x53, 0xfe,
    0xae, 0x9f, 0x53, 0xfe, 0xad, 0x9f, 0x53, 0xfe, 0xae, 0x9f, 0x53, 0xfe, 0xae, 0x9f, 0x53, 0xfe,
    0xae, 0x9f, 0x53, 0xfe, 0xae, 0x9f, 0x53, 0xfe, 0xae, 0x9f, 0x53, 0xfe, 0xae, 0x9f, 0x53, 0xfe,
    0xae, 0x9f, 0x53, 0xfe, 0xae, 0x9f, 0x53, 0xfe, 0xae, 0x9f, 0x53, 0xfe, 0xaf, 0xa1, 0x52, 0xfd,
    0xaf, 0xa0, 0x51, 0xf7, 0xbd, 0xab, 0x55, 0xff, 0xac, 0x9d, 0x4d, 0xa4, 0x00, 0x00, 0x00, 0x00,
    0xaa, 0x55, 0x55, 0x03, 0x00, 0x00, 0x00, 0x00, 0x00, 0x00, 0x00, 0x00, 0x00, 0x00, 0x00, 0x00,
    0x00, 0x00, 0x00, 0x00, 0x00, 0x00, 0x00, 0x00, 0x00, 0x00, 0x00, 0x00, 0x00, 0x00, 0x00, 0x00,
    0x00, 0x00, 0x00, 0x00, 0x00, 0x00, 0x00, 0x00, 0x00, 0x00, 0x00, 0x00, 0x00, 0x00, 0x00, 0x00,
    0x00, 0x00, 0x00, 0x00, 0x00, 0x00, 0x00, 0x00, 0x00, 0x00, 0x00, 0x00, 0x00, 0x00, 0x00, 0x00,
    0x00, 0x00, 0x00, 0x00, 0x00, 0x00, 0x00, 0x00, 0x00, 0x00, 0x00, 0x00, 0x00, 0x00, 0x00, 0x00,
    0x00, 0x00, 0x00, 0x00, 0x00, 0x00, 0x00, 0x00, 0x00, 0x00, 0x00, 0x00, 0x00, 0x00, 0x00, 0x00,
    0x00, 0x00, 0x00, 0x00, 0x00, 0x00, 0x00, 0x00, 0x00, 0x00, 0x00, 0x00, 0x00, 0x00, 0x00, 0x00,
    0x00, 0x00, 0x00, 0x00, 0x00, 0x00, 0x00, 0x00, 0x00, 0x00, 0x00, 0x00, 0x00, 0x00, 0x00, 0x00,
    0x00, 0x00, 0x00, 0x00, 0x00, 0x00, 0x00, 0x00, 0x00, 0x00, 0x00, 0x00, 0x00, 0x00, 0x00, 0x00,
    0x00, 0x00, 0x00, 0x00, 0x00, 0x00, 0x00, 0x00, 0x00, 0x00, 0x00, 0x00, 0x00, 0x00, 0x00, 0x00,
    0x00, 0x00, 0x00, 0x00, 0x00, 0x00, 0x00, 0x00, 0x00, 0x00, 0x00, 0x00, 0x00, 0x00, 0x00, 0x00,
    0x00, 0x00, 0x00, 0x00, 0x00, 0x00, 0x00, 0x00, 0x7f, 0x7f, 0x7f, 0x02, 0x00, 0x00, 0x00, 0x00,
    0xae, 0xa0, 0x57, 0x23, 0xae, 0xa0, 0x52, 0xfa, 0xb1, 0xa1, 0x52, 0xfc, 0xb0, 0xa1, 0x53, 0xfd,
    0xaf, 0xa0, 0x54, 0xfe, 0xaf, 0xa0, 0x54, 0xfe, 0xaf, 0xa0, 0x54, 0xfe, 0xae, 0xa1, 0x54, 0xfe,
    0xae, 0xa1, 0x54, 0xfe, 0xae, 0xa0, 0x54, 0xfe, 0xae, 0xa1, 0x54, 0xfe, 0xaf, 0xa0, 0x54, 0xfe,
    0xae, 0xa1, 0x54, 0xfe, 0xaf, 0xa0, 0x55, 0xfe, 0xb0, 0xa1, 0x55, 0xfe, 0xb0, 0xa1, 0x55, 0xfe,
    0xaf, 0xa0, 0x54, 0xfe, 0xaf, 0xa0, 0x54, 0xfe, 0xad, 0xa1, 0x54, 0xfe, 0xaf, 0xa1, 0x54, 0xfe,
    0xb0, 0xa1, 0x55, 0xfe, 0xb0, 0xa1, 0x55, 0xfe, 0xb0, 0xa1, 0x55, 0xfe, 0xaf, 0xa0, 0x54, 0xfe,
    0xaf, 0xa0, 0x54, 0xfe, 0xaf, 0xa0, 0x54, 0xfe, 0xb0, 0xa1, 0x55, 0xfe, 0xb0, 0xa1, 0x55, 0xfe,
    0xb0, 0xa1, 0x55, 0xfe, 0xb0, 0xa1, 0x55, 0xfe, 0xb0, 0xa1, 0x55, 0xfe, 0xb0, 0xa1, 0x55, 0xfe,
    0xb0, 0xa1, 0x55, 0xfe, 0xb0, 0xa1, 0x55, 0xfe, 0xb0, 0xa1, 0x55, 0xfe, 0xb0, 0xa1, 0x55, 0xfe,
    0xb0, 0xa1, 0x55, 0xfe, 0xaf, 0xa0, 0x54, 0xfe, 0xaf, 0xa0, 0x54, 0xfe, 0xaf, 0xa0, 0x54, 0xfe,
    0xaf, 0xa0, 0x54, 0xfe, 0xaf, 0xa0, 0x54, 0xfe, 0xb0, 0xa1, 0x55, 0xfe, 0xb0, 0xa1, 0x55, 0xfe,
    0xb0, 0xa1, 0x55, 0xfe, 0xb0, 0xa1, 0x55, 0xfe, 0xb0, 0xa1, 0x55, 0xfe, 0xb0, 0xa1, 0x55, 0xfe,
    0xb0, 0xa1, 0x55, 0xfe, 0xb0, 0xa1, 0x55, 0xfe, 0xb0, 0xa1, 0x55, 0xfe, 0xb0, 0xa1, 0x55, 0xfe,
    0xb0, 0xa1, 0x55, 0xfe, 0xb0, 0xa1, 0x55, 0xfe, 0xb0, 0xa1, 0x55, 0xfe, 0xb0, 0xa1, 0x55, 0xfe,
    0xb0, 0xa1, 0x55, 0xfe, 0xaf, 0xa0, 0x54, 0xfe, 0xaf, 0xa0, 0x54, 0xfe, 0xaf, 0xa0, 0x54, 0xfe,
    0xaf, 0xa0, 0x54, 0xfe, 0xaf, 0xa0, 0x54, 0xfe, 0xaf, 0xa0, 0x54, 0xfe, 0xaf, 0xa0, 0x54, 0xfe,
    0xaf, 0xa0, 0x54, 0xfe, 0xaf, 0xa0, 0x54, 0xfe, 0xaf, 0xa0, 0x53, 0xfe, 0xaf, 0xa1, 0x53, 0xfe,
    0xaf, 0xa0, 0x54, 0xfe, 0xaf, 0xa0, 0x54, 0xfe, 0xaf, 0xa0, 0x53, 0xfe, 0xaf, 0xa1, 0x53, 0xfe,
    0xaf, 0xa0, 0x54, 0xfe, 0xaf, 0xa0, 0x54, 0xfe, 0xaf, 0xa0, 0x54, 0xfe, 0xaf, 0xa0, 0x54, 0xfe,
    0xaf, 0xa0, 0x54, 0xfe, 0xae, 0x9f, 0x53, 0xfe, 0xaf, 0xa0, 0x53, 0xfe, 0xaf, 0xa0, 0x53, 0xfe,
    0xaf, 0xa0, 0x54, 0xfe, 0xaf, 0xa0, 0x54, 0xfe, 0xaf, 0xa0, 0x54, 0xfe, 0xaf, 0xa0, 0x54, 0xfe,
    0xaf, 0xa0, 0x54, 0xfe, 0xaf, 0xa0, 0x54, 0xfe, 0xae, 0xa0, 0x54, 0xfe, 0xac, 0x9f, 0x53, 0xfe,
    0xae, 0x9f, 0x53, 0xfe, 0xae, 0x9f, 0x53, 0xfe, 0xae, 0x9f, 0x53, 0xfe, 0xae, 0x9f, 0x53, 0xfe,
    0xaf, 0xa0, 0x54, 0xfe, 0xaf, 0xa0, 0x54, 0xfe, 0xaf, 0xa0, 0x54, 0xfe, 0xaf, 0xa0, 0x54, 0xfe,
    0xaf, 0xa0, 0x53, 0xfe, 0xaf, 0xa0, 0x53, 0xfe, 0xaf, 0xa0, 0x52, 0xfd, 0xb0, 0xa1, 0x4f, 0xfc,
    0xb0, 0xa0, 0x4e, 0xfa, 0xb0, 0x9c, 0x4e, 0x27, 0x00, 0x00, 0x00, 0x00, 0x7f, 0x7f, 0x7f, 0x02,
    0x00, 0x00, 0x00, 0x00, 0x00, 0x00, 0x00, 0x00, 0x00, 0x00, 0x00, 0x00, 0x00, 0x00, 0x00, 0x00,
    0x00, 0x00, 0x00, 0x00, 0x00, 0x00, 0x00, 0x00, 0x00, 0x00, 0x00, 0x00, 0x00, 0x00, 0x00, 0x00,
    0x00, 0x00, 0x00, 0x00, 0x00, 0x00, 0x00, 0x00, 0x00, 0x00, 0x00, 0x00, 0x00, 0x00, 0x00, 0x00,
    0x00, 0x00, 0x00, 0x00, 0x00, 0x00, 0x00, 0x00, 0x00, 0x00, 0x00, 0x00, 0x00, 0x00, 0x00, 0x00,
    0x00, 0x00, 0x00, 0x00, 0x00, 0x00, 0x00, 0x00, 0x00, 0x00, 0x00, 0x00, 0x00, 0x00, 0x00, 0x00,
    0x00, 0x00, 0x00, 0x00, 0x00, 0x00, 0x00, 0x00, 0x00, 0x00, 0x00, 0x00, 0x00, 0x00, 0x00, 0x00,
    0x00, 0x00, 0x00, 0x00, 0x00, 0x00, 0x00, 0x00, 0x00, 0x00, 0x00, 0x00, 0x00, 0x00, 0x00, 0x00,
    0x00, 0x00, 0x00, 0x00, 0x00, 0x00, 0x00, 0x00, 0x00, 0x00, 0x00, 0x00, 0x00, 0x00, 0x00, 0x00,
    0x00, 0x00, 0x00, 0x00, 0x00, 0x00, 0x00, 0x00, 0x00, 0x00, 0x00, 0x00, 0x00, 0x00, 0x00, 0x00,
    0x00, 0x00, 0x00, 0x00, 0x00, 0x00, 0x00, 0x00, 0x00, 0x00, 0x00, 0x00, 0x00, 0x00, 0x00, 0x00,
    0x00, 0x00, 0x00, 0x00, 0x00, 0x00, 0x00, 0x00, 0x00, 0x00, 0x00, 0x00, 0x00, 0x00, 0x00, 0x00,
    0xbf, 0x7f, 0x3f, 0x04, 0x00, 0x00, 0x00, 0x00, 0xad, 0xa0, 0x54, 0x61, 0xb9, 0xa9, 0x57, 0xff,
    0xaf, 0xa0, 0x53, 0xfa, 0xaf, 0xa0, 0x54, 0xfe, 0xaf, 0xa0, 0x54, 0xfe, 0xaf, 0xa0, 0x54, 0xfe,
    0xaf, 0xa0, 0x54, 0xfe, 0xaf, 0xa0, 0x54, 0xfe, 0xaf, 0xa0, 0x54, 0xfe, 0xaf, 0xa0, 0x54, 0xfe,
    0xaf, 0xa0, 0x54, 0xfe, 0xaf, 0xa0, 0x54, 0xfe, 0xaf, 0xa0, 0x54, 0xfe, 0xb0, 0xa0, 0x56, 0xfe,
    0xb0, 0xa1, 0x56, 0xfe, 0xb0, 0xa1, 0x55, 0xfe, 0xb0, 0xa1, 0x55, 0xfe, 0xb0, 0xa1, 0x55, 0xfe,
    0xb0, 0xa0, 0x54, 0xfe, 0xb0, 0xa1, 0x55, 0xfe, 0xb0, 0xa1, 0x55, 0xfe, 0xb0, 0xa1, 0x55, 0xfe,
    0xb0, 0xa1, 0x55, 0xfe, 0xb0, 0xa1, 0x55, 0xfe, 0xaf, 0xa0, 0x54, 0xfe, 0xaf, 0xa0, 0x54, 0xfe,
    0xaf, 0xa0, 0x54, 0xfe, 0xaf, 0xa0, 0x54, 0xfe, 0xb0, 0xa1, 0x55, 0xfe, 0xb0, 0xa1, 0x54, 0xfe,
    0xb1, 0xa3, 0x53, 0xfd, 0xb1, 0xa2, 0x53, 0xfd, 0xb0, 0xa2, 0x53, 0xfe, 0xb0, 0xa1, 0x55, 0xfe,
    0xb0, 0xa1, 0x55, 0xfe, 0xaf, 0xa0, 0x54, 0xfe, 0xaf, 0xa1, 0x54, 0xfe, 0xaf, 0xa0, 0x54, 0xfe,
    0xaf, 0xa0, 0x54, 0xfe, 0xaf, 0xa0, 0x54, 0xfe, 0xaf, 0xa0, 0x54, 0xfe, 0xaf, 0xa0, 0x54, 0xfe,
    0xb0, 0xa1, 0x55, 0xfe, 0xb0, 0xa1, 0x55, 0xfe, 0xb0, 0xa1, 0x55, 0xfe, 0xb0, 0xa1, 0x55, 0xfe,
    0xb0, 0xa1, 0x55, 0xfe, 0xb0, 0xa1, 0x55, 0xfe, 0xb0, 0xa1, 0x55, 0xfe, 0xb0, 0xa1, 0x55, 0xfe,
    0xb0, 0xa1, 0x55, 0xfe, 0xb0, 0xa1, 0x55, 0xfe, 0xb0, 0xa1, 0x55, 0xfe, 0xb0, 0xa1, 0x55, 0xfe,
    0xb0, 0xa1, 0x55, 0xfe, 0xb0, 0xa1, 0x55, 0xfe, 0xaf, 0xa0, 0x54, 0xfe, 0xaf, 0xa0, 0x54, 0xfe,
    0xaf, 0xa0, 0x54, 0xfe, 0xaf, 0xa0, 0x54, 0xfe, 0xaf, 0xa0, 0x54, 0xfe, 0xaf, 0xa0, 0x54, 0xfe,
    0xaf, 0xa0, 0x54, 0xfe, 0xaf, 0xa0, 0x54, 0xfe, 0xaf, 0xa0, 0x54, 0xfe, 0xaf, 0xa0, 0x53, 0xfe,
    0xaf, 0xa1, 0x53, 0xfe, 0xaf, 0xa0, 0x54, 0xfe, 0xaf, 0xa0, 0x54, 0xfe, 0xaf, 0xa0, 0x53, 0xfe,
    0xaf, 0xa1, 0x53, 0xfe, 0xaf, 0xa0, 0x54, 0xfe, 0xaf, 0xa0, 0x54, 0xfe, 0xaf, 0xa0, 0x54, 0xfe,
    0xaf, 0xa0, 0x54, 0xfe, 0xaf, 0xa0, 0x54, 0xfe, 0xaf, 0xa0, 0x54, 0xfe, 0xaf, 0xa0, 0x54, 0xfe,
    0xaf, 0xa0, 0x54, 0xfe, 0xaf, 0xa0, 0x54, 0xfe, 0xaf, 0xa0, 0x54, 0xfe, 0xaf, 0xa0, 0x54, 0xfe,
    0xaf, 0xa0, 0x54, 0xfe, 0xaf, 0xa0, 0x54, 0xfe, 0xaf, 0xa0, 0x54, 0xfe, 0xaf, 0xa0, 0x54, 0xfe,
    0xaf, 0xa0, 0x54, 0xfe, 0xae, 0x9f, 0x53, 0xfe, 0xae, 0x9f, 0x53, 0xfe, 0xae, 0x9f, 0x53, 0xfe,
    0xae, 0x9f, 0x53, 0xfe, 0xae, 0x9f, 0x53, 0xfe, 0xaf, 0xa0, 0x54, 0xfe, 0xaf, 0xa0, 0x54, 0xfe,
    0xaf, 0xa0, 0x54, 0xfe, 0xaf, 0xa0, 0x54, 0xfe, 0xaf, 0xa0, 0x54, 0xfe, 0xaf, 0x9f, 0x54, 0xfe,
    0xae, 0x9f, 0x52, 0xfe, 0xb0, 0xa0, 0x50, 0xf9, 0xba, 0xaa, 0x55, 0xff, 0xaa, 0x9e, 0x4f, 0x6a,
    0x00, 0x00, 0x00, 0x00, 0xbf, 0x7f, 0x3f, 0x04, 0x00, 0x00, 0x00, 0x00, 0x00, 0x00, 0x00, 0x00,
    0x00, 0x00, 0x00, 0x00, 0x00, 0x00, 0x00, 0x00, 0x00, 0x00, 0x00, 0x00, 0x00, 0x00, 0x00, 0x00,
    0x00, 0x00, 0x00, 0x00, 0x00, 0x00, 0x00, 0x00, 0x00, 0x00, 0x00, 0x00, 0x00, 0x00, 0x00, 0x00,
    0x00, 0x00, 0x00, 0x00, 0x00, 0x00, 0x00, 0x00, 0x00, 0x00, 0x00, 0x00, 0x00, 0x00, 0x00, 0x00,
    0x00, 0x00, 0x00, 0x00, 0x00, 0x00, 0x00, 0x00, 0x00, 0x00, 0x00, 0x00, 0x00, 0x00, 0x00, 0x00,
    0x00, 0x00, 0x00, 0x00, 0x00, 0x00, 0x00, 0x00, 0x00, 0x00, 0x00, 0x00, 0x00, 0x00, 0x00, 0x00,
    0x00, 0x00, 0x00, 0x00, 0x00, 0x00, 0x00, 0x00, 0x00, 0x00, 0x00, 0x00, 0x00, 0x00, 0x00, 0x00,
    0x00, 0x00, 0x00, 0x00, 0x00, 0x00, 0x00, 0x00, 0x00, 0x00, 0x00, 0x00, 0x00, 0x00, 0x00, 0x00,
    0x00, 0x00, 0x00, 0x00, 0x00, 0x00, 0x00, 0x00, 0x00, 0x00, 0x00, 0x00, 0x00, 0x00, 0x00, 0x00,
    0x00, 0x00, 0x00, 0x00, 0x00, 0x00, 0x00, 0x00, 0x00, 0x00, 0x00, 0x00, 0x00, 0x00, 0x00, 0x00,
    0x00, 0x00, 0x00, 0x00, 0x00, 0x00, 0x00, 0x00, 0x00, 0x00, 0x00, 0x00, 0x00, 0x00, 0x00, 0x00,
    0x00, 0x00, 0x00, 0x00, 0x00, 0x00, 0x00, 0x00, 0xbf, 0xbf, 0x3f, 0x04, 0x00, 0x00, 0x00, 0x00,
    0xaf, 0xa0, 0x53, 0x77, 0xbb, 0xab, 0x58, 0xff, 0xaf, 0xa0, 0x54, 0xfa, 0xaf, 0xa0, 0x54, 0xfe,
    0xaf, 0xa0, 0x54, 0xfe, 0xaf, 0xa0, 0x54, 0xfe, 0xaf, 0xa0, 0x54, 0xfe, 0xaf, 0xa0, 0x54, 0xfe,
    0xaf, 0xa0, 0x54, 0xfe, 0xaf, 0xa0, 0x54, 0xfe, 0xaf, 0xa0, 0x54, 0xfe, 0xae, 0xa1, 0x54, 0xfe,
    0xae, 0xa1, 0x54, 0xfe, 0xb0, 0xa0, 0x55, 0xfe, 0xb0, 0xa1, 0x55, 0xfe, 0xb0, 0xa1, 0x55, 0xfe,
    0xb0, 0xa1, 0x55, 0xfe, 0xb0, 0xa1, 0x55, 0xfe, 0xb0, 0xa1, 0x55, 0xfe, 0xaf, 0xa0, 0x54, 0xfe,
    0xaf, 0xa0, 0x54, 0xfe, 0xaf, 0xa0, 0x54, 0xfe, 0xb0, 0xa1, 0x55, 0xfe, 0xb0, 0xa1, 0x55, 0xfe,
    0xb0, 0xa1, 0x55, 0xfe, 0xaf, 0xa0, 0x54, 0xfe, 0xaf, 0xa0, 0x54, 0xfe, 0xaf, 0xa0, 0x54, 0xfe,
    0xaf, 0xa0, 0x54, 0xfe, 0xb0, 0xa1, 0x55, 0xfe, 0xb0, 0xa1, 0x54, 0xfe, 0xb0, 0xa2, 0x54, 0xfe,
    0xb1, 0xa3, 0x53, 0xfd, 0xb1, 0xa2, 0x54, 0xfd, 0xb0, 0xa1, 0x55, 0xfe, 0xaf, 0xa0, 0x54, 0xfe,
    0xaf, 0xa1, 0x53, 0xfe, 0xaf, 0xa0, 0x53, 0xfe, 0xaf, 0xa0, 0x54, 0xfe, 0xaf, 0xa0, 0x54, 0xfe,
    0xaf, 0xa0, 0x54, 0xfe, 0xaf, 0xa0, 0x54, 0xfe, 0xaf, 0xa0, 0x54, 0xfe, 0xb0, 0xa1, 0x55, 0xfe,
    0xb0, 0xa1, 0x55, 0xfe, 0xb1, 0xa2, 0x56, 0xfe, 0xb0, 0xa1, 0x55, 0xfe, 0xb0, 0xa1, 0x55, 0xfe,
    0xb0, 0xa1, 0x55, 0xfe, 0xb0, 0xa1, 0x55, 0xfe, 0xb0, 0xa1, 0x55, 0xfe, 0xb0, 0xa1, 0x54, 0xfe,
    0xb0, 0xa2, 0x54, 0xfe, 0xb0, 0xa1, 0x55, 0xfe, 0xb0, 0xa1, 0x55, 0xfe, 0xb0, 0xa1, 0x55, 0xfe,
    0xaf, 0xa0, 0x54, 0xfe, 0xaf, 0xa0, 0x54, 0xfe, 0xaf, 0xa0, 0x54, 0xfe, 0xb0, 0xa1, 0x55, 0xfe,
    0xaf, 0xa0, 0x54, 0xfe, 0xaf, 0xa0, 0x54, 0xfe, 0xaf, 0xa0, 0x54, 0xfe, 0xaf, 0xa0, 0x54, 0xfe,
    0xaf, 0xa0, 0x54, 0xfe, 0xaf, 0xa1, 0x53, 0xfe, 0xaf, 0xa0, 0x54, 0xfe, 0xaf, 0xa0, 0x54, 0xfe,
    0xaf, 0xa0, 0x54, 0xfe, 0xaf, 0xa0, 0x54, 0xfe, 0xaf, 0xa0, 0x54, 0xfe, 0xaf, 0xa0, 0x54, 0xfe,
    0xaf, 0xa0, 0x54, 0xfe, 0xaf, 0xa0, 0x54, 0xfe, 0xaf, 0xa0, 0x54, 0xfe, 0xaf, 0xa0, 0x54, 0xfe,
    0xaf, 0xa0, 0x54, 0xfe, 0xaf, 0xa1, 0x53, 0xfe, 0xaf, 0xa0, 0x53, 0xfe, 0xaf, 0xa0, 0x54, 0xfe,
    0xaf, 0xa0, 0x54, 0xfe, 0xaf, 0xa0, 0x53, 0xfe, 0xaf, 0xa0, 0x54, 0xfe, 0xaf, 0xa0, 0x54, 0xfe,
    0xaf, 0xa0, 0x54, 0xfe, 0xaf, 0xa0, 0x54, 0xfe, 0xaf, 0xa0, 0x54, 0xfe, 0xaf, 0xa0, 0x54, 0xfe,
    0xae, 0x9f, 0x53, 0xfe, 0xae, 0x9f, 0x53, 0xfe, 0xae, 0x9f, 0x53, 0xfe, 0xae, 0x9f, 0x53, 0xfe,
    0xaf, 0xa0, 0x54, 0xfe, 0xaf, 0xa0, 0x54, 0xfe, 0xaf, 0xa0, 0x54, 0xfe, 0xaf, 0xa0, 0x54, 0xfe,
    0xaf, 0xa0, 0x53, 0xfe, 0xae, 0xa0, 0x51, 0xfe, 0xae, 0x9f, 0x53, 0xfe, 0xad, 0x9f, 0x51, 0xfa,
    0xb9, 0xaa, 0x55, 0xff, 0xad, 0x9e, 0x51, 0x7a, 0x00, 0x00, 0x00, 0x00, 0xbf, 0xbf, 0x3f, 0x04,
    0x00, 0x00, 0x00, 0x00, 0x00, 0x00, 0x00, 0x00, 0x00, 0x00, 0x00, 0x00, 0x00, 0x00, 0x00, 0x00,
    0x00, 0x00, 0x00, 0x00, 0x00, 0x00, 0x00, 0x00, 0x00, 0x00, 0x00, 0x00, 0x00, 0x00, 0x00, 0x00,
    0x00, 0x00, 0x00, 0x00, 0x00, 0x00, 0x00, 0x00, 0x00, 0x00, 0x00, 0x00, 0x00, 0x00, 0x00, 0x00,
    0x00, 0x00, 0x00, 0x00, 0x00, 0x00, 0x00, 0x00, 0x00, 0x00, 0x00, 0x00, 0x00, 0x00, 0x00, 0x00,
    0x00, 0x00, 0x00, 0x00, 0x00, 0x00, 0x00, 0x00, 0x00, 0x00, 0x00, 0x00, 0x00, 0x00, 0x00, 0x00,
    0x00, 0x00, 0x00, 0x00, 0x00, 0x00, 0x00, 0x00, 0x00, 0x00, 0x00, 0x00, 0x00, 0x00, 0x00, 0x00,
    0x00, 0x00, 0x00, 0x00, 0x00, 0x00, 0x00, 0x00, 0x00, 0x00, 0x00, 0x00, 0x00, 0x00, 0x00, 0x00,
    0x00, 0x00, 0x00, 0x00, 0x00, 0x00, 0x00, 0x00, 0x00, 0x00, 0x00, 0x00, 0x00, 0x00, 0x00, 0x00,
    0x00, 0x00, 0x00, 0x00, 0x00, 0x00, 0x00, 0x00, 0x00, 0x00, 0x00, 0x00, 0x00, 0x00, 0x00, 0x00,
    0x00, 0x00, 0x00, 0x00, 0x00, 0x00, 0x00, 0x00, 0x00, 0x00, 0x00, 0x00, 0x00, 0x00, 0x00, 0x00,
    0x00, 0x00, 0x00, 0x00, 0x00, 0x00, 0x00, 0x00, 0x00, 0x00, 0x00, 0x00, 0x00, 0x00, 0x00, 0x00,
    0xbf, 0x7f, 0x3f, 0x04, 0x00, 0x00, 0x00, 0x00, 0xae, 0x9f, 0x52, 0x78, 0xba, 0xaa, 0x58, 0xff,
    0xaf, 0xa0, 0x53, 0xfa, 0xae, 0x9f, 0x53, 0xfe, 0xaf, 0xa0, 0x54, 0xfe, 0xaf, 0xa0, 0x54, 0xfe,
    0xaf, 0xa0, 0x54, 0xfe, 0xaf, 0xa0, 0x54, 0xfe, 0xaf, 0xa0, 0x54, 0xfe, 0xaf, 0xa0, 0x54, 0xfe,
    0xaf, 0xa0, 0x54, 0xfe, 0xaf, 0xa0, 0x54, 0xfe, 0xaf, 0xa0, 0x54, 0xfe, 0xb0, 0xa1, 0x55, 0xfe,
    0xb0, 0xa1, 0x55, 0xfe, 0xb0, 0xa1, 0x55, 0xfe, 0xb0, 0xa1, 0x55, 0xfe, 0xb0, 0xa1, 0x55, 0xfe,
    0xaf, 0xa0, 0x54, 0xfe, 0xaf, 0xa0, 0x54, 0xfe, 0xaf, 0xa0, 0x54, 0xfe, 0xb0, 0xa1, 0x55, 0xfe,
    0xb0, 0xa1, 0x55, 0xfe, 0xb0, 0xa1, 0x55, 0xfe, 0xb0, 0xa1, 0x55, 0xfe, 0xb0, 0xa1, 0x55, 0xfe,
    0xb0, 0xa1, 0x55, 0xfe, 0xb0, 0xa1, 0x55, 0xfe, 0xb0, 0xa1, 0x55, 0xfe, 0xb0, 0xa1, 0x55, 0xfe,
    0xb0, 0xa1, 0x55, 0xfe, 0xb0, 0xa1, 0x55, 0xfe, 0xb0, 0xa1, 0x55, 0xfe, 0xb0, 0xa1, 0x55, 0xfe,
    0xaf, 0xa0, 0x54, 0xfe, 0xaf, 0xa0, 0x54, 0xfe, 0xaf, 0xa0, 0x54, 0xfe, 0xaf, 0xa0, 0x54, 0xfe,
    0xb0, 0xa1, 0x55, 0xfe, 0xaf, 0xa0, 0x54, 0xfe, 0xaf, 0xa0, 0x54, 0xfe, 0xaf, 0xa0, 0x54, 0xfe,
    0xaf, 0xa0, 0x54, 0xfe, 0xb0, 0xa1, 0x55, 0xfe, 0xb0, 0xa1, 0x55, 0xfe, 0xb0, 0xa1, 0x55, 0xfe,
    0xb0, 0xa1, 0x55, 0xfe, 0xb0, 0xa1, 0x55, 0xfe, 0xb0, 0xa1, 0x55, 0xfe, 0xb0, 0xa2, 0x55, 0xfe,
    0xb0, 0xa1, 0x55, 0xfe, 0xb0, 0xa1, 0x55, 0xfe, 0xb0, 0xa1, 0x55, 0xfe, 0xb0, 0xa1, 0x55, 0xfe,
    0xaf, 0xa0, 0x54, 0xfe, 0xaf, 0xa0, 0x54, 0xfe, 0xaf, 0xa0, 0x54, 0xfe, 0xaf, 0xa0, 0x54, 0xfe,
    0xaf, 0xa0, 0x54, 0xfe, 0xb0, 0xa1, 0x55, 0xfe, 0xb0, 0xa1, 0x55, 0xfe, 0xb0, 0xa1, 0x55, 0xfe,
    0xb0, 0xa1, 0x55, 0xfe, 0xaf, 0xa0, 0x54, 0xfe, 0xaf, 0xa0, 0x54, 0xfe, 0xaf, 0xa0, 0x54, 0xfe,
    0xaf, 0xa0, 0x54, 0xfe, 0xaf, 0xa0, 0x54, 0xfe, 0xaf, 0xa0, 0x54, 0xfe, 0xaf, 0xa0, 0x53, 0xfe,
    0xaf, 0xa1, 0x53, 0xfe, 0xaf, 0xa0, 0x54, 0xfe, 0xaf, 0xa0, 0x54, 0xfe, 0xaf, 0xa0, 0x53, 0xfe,
    0xaf, 0xa1, 0x53, 0xfe, 0xaf, 0xa0, 0x54, 0xfe, 0xaf, 0xa0, 0x54, 0xfe, 0xaf, 0xa0, 0x54, 0xfe,
    0xaf, 0xa0, 0x54, 0xfe, 0xaf, 0xa0, 0x54, 0xfe, 0xaf, 0xa0, 0x54, 0xfe, 0xaf, 0xa1, 0x53, 0xfe,
    0xaf, 0xa0, 0x53, 0xfe, 0xaf, 0xa0, 0x54, 0xfe, 0xaf, 0xa0, 0x54, 0xfe, 0xaf, 0xa0, 0x54, 0xfe,
    0xaf, 0xa0, 0x54, 0xfe, 0xaf, 0xa0, 0x54, 0xfe, 0xae, 0x9f, 0x53, 0xfe, 0xae, 0xa0, 0x52, 0xfe,
    0xae, 0x9f, 0x53, 0xfe, 0xae, 0x9f, 0x52, 0xfe, 0xae, 0x9f, 0x53, 0xfe, 0xaf, 0xa0, 0x54, 0xfe,
    0xaf, 0xa0, 0x54, 0xfe, 0xaf, 0xa0, 0x54, 0xfe, 0xaf, 0x9f, 0x54, 0xfe, 0xae, 0x9f, 0x52, 0xfe,
    0xae, 0x9f, 0x52, 0xfe, 0xad, 0x9e, 0x52, 0xfa, 0xb9, 0xa9, 0x56, 0xff, 0xad, 0x9e, 0x4f, 0x7a,
    0x00, 0x00, 0x00, 0x00, 0xbf, 0xbf, 0x3f, 0x04, 0x00, 0x00, 0x00, 0x00, 0x00, 0x00, 0x00, 0x00,
    0x00, 0x00, 0x00, 0x00, 0x00, 0x00, 0x00, 0x00, 0x00, 0x00, 0x00, 0x00, 0x00, 0x00, 0x00, 0x00,
    0x00, 0x00, 0x00, 0x00, 0x00, 0x00, 0x00, 0x00, 0x00, 0x00, 0x00, 0x00, 0x00, 0x00, 0x00, 0x00,
    0x00, 0x00, 0x00, 0x00, 0x00, 0x00, 0x00, 0x00, 0x00, 0x00, 0x00, 0x00, 0x00, 0x00, 0x00, 0x00,
    0x00, 0x00, 0x00, 0x00, 0x00, 0x00, 0x00, 0x00, 0x00, 0x00, 0x00, 0x00, 0x00, 0x00, 0x00, 0x00,
    0x00, 0x00, 0x00, 0x00, 0x00, 0x00, 0x00, 0x00, 0x00, 0x00, 0x00, 0x00, 0x00, 0x00, 0x00, 0x00,
    0x00, 0x00, 0x00, 0x00, 0x00, 0x00, 0x00, 0x00, 0x00, 0x00, 0x00, 0x00, 0x00, 0x00, 0x00, 0x00,
    0x00, 0x00, 0x00, 0x00, 0x00, 0x00, 0x00, 0x00, 0x00, 0x00, 0x00, 0x00, 0x00, 0x00, 0x00, 0x00,
    0x00, 0x00, 0x00, 0x00, 0x00, 0x00, 0x00, 0x00, 0x00, 0x00, 0x00, 0x00, 0x00, 0x00, 0x00, 0x00,
    0x00, 0x00, 0x00, 0x00, 0x00, 0x00, 0x00, 0x00, 0x00, 0x00, 0x00, 0x00, 0x00, 0x00, 0x00, 0x00,
    0x00, 0x00, 0x00, 0x00, 0x00, 0x00, 0x00, 0x00, 0x00, 0x00, 0x00, 0x00, 0x00, 0x00, 0x00, 0x00,
    0x00, 0x00, 0x00, 0x00, 0x00, 0x00, 0x00, 0x00, 0xbf, 0x7f, 0x3f, 0x04, 0x00, 0x00, 0x00, 0x00,
    0xad, 0x9e, 0x51, 0x7a, 0xba, 0xaa, 0x57, 0xff, 0xae, 0xa0, 0x53, 0xfa, 0xae, 0x9f, 0x53, 0xfe,
    0xae, 0x9f, 0x53, 0xfe, 0xaf, 0xa0, 0x54, 0xfe, 0xaf, 0xa0, 0x54, 0xfe, 0xaf, 0xa0, 0x54, 0xfe,
    0xaf, 0xa0, 0x54, 0xfe, 0xaf, 0xa0, 0x54, 0xfe, 0xaf, 0xa0, 0x54, 0xfe, 0xaf, 0xa0, 0x54, 0xfe,
    0xaf, 0xa0, 0x54, 0xfe, 0xaf, 0xa0, 0x54, 0xfe, 0xb0, 0xa1, 0x55, 0xfe, 0xb0, 0xa1, 0x55, 0xfe,
    0xb0, 0xa1, 0x55, 0xfe, 0xaf, 0xa0, 0x54, 0xfe, 0xaf, 0xa0, 0x54, 0xfe, 0xaf, 0xa1, 0x54, 0xfe,
    0xb0, 0xa1, 0x54, 0xfe, 0xb0, 0xa1, 0x55, 0xfe, 0xb1, 0xa2, 0x56, 0xfe, 0xb0, 0xa1, 0x55, 0xfe,
    0xb0, 0xa0, 0x55, 0xfe, 0xb0, 0xa1, 0x55, 0xfe, 0xb0, 0xa1, 0x55, 0xfe, 0xb0, 0xa1, 0x55, 0xfe,
    0xb0, 0xa1, 0x55, 0xfe, 0xb0, 0xa1, 0x55, 0xfe, 0xb0, 0xa1, 0x54, 0xfe, 0xb0, 0xa1, 0x55, 0xfe,
    0xb0, 0xa1, 0x55, 0xfe, 0xaf, 0xa0, 0x54, 0xfe, 0xaf, 0xa0, 0x54, 0xfe, 0xaf, 0xa0, 0x54, 0xfe,
    0xaf, 0xa0, 0x54, 0xfe, 0xaf, 0xa0, 0x54, 0xfe, 0xb0, 0xa1, 0x55, 0xfe, 0xaf, 0xa1, 0x53, 0xfe,
    0xaf, 0xa0, 0x53, 0xfe, 0xae, 0xa1, 0x55, 0xfe, 0xb0, 0xa1, 0x55, 0xfe, 0xaf, 0xa0, 0x54, 0xfe,
    0xaf, 0xa0, 0x54, 0xfe, 0xb0, 0xa1, 0x55, 0xfe, 0xb0, 0xa1, 0x55, 0xfe, 0xb0, 0xa1, 0x55, 0xfe,
    0xb0, 0xa1, 0x54, 0xfe, 0xb0, 0xa1, 0x54, 0xfe, 0xb0, 0xa1, 0x54, 0xfe, 0xb0, 0xa1, 0x55, 0xfe,
    0xb0, 0xa2, 0x54, 0xfe, 0xb0, 0xa2, 0x54, 0xfe, 0xaf, 0xa0, 0x55, 0xfe, 0xaf, 0xa0, 0x54, 0xfe,
    0xaf, 0xa0, 0x54, 0xfe, 0xaf, 0xa0, 0x54, 0xfe, 0xaf, 0xa0, 0x54, 0xfe, 0xb0, 0xa1, 0x55, 0xfe,
    0xb0, 0xa1, 0x55, 0xfe, 0xb0, 0xa1, 0x55, 0xfe, 0xb0, 0xa1, 0x54, 0xfe, 0xaf, 0xa0, 0x54, 0xfe,
    0xaf, 0xa0, 0x54, 0xfe, 0xaf, 0xa0, 0x54, 0xfe, 0xaf, 0xa1, 0x53, 0xfe, 0xb0, 0xa1, 0x55, 0xfe,
    0xaf, 0xa0, 0x54, 0xfe, 0xaf, 0xa0, 0x53, 0xfe, 0xaf, 0xa1, 0x53, 0xfe, 0xaf, 0xa0, 0x53, 0xfe,
    0xaf, 0xa1, 0x53, 0xfe, 0xaf, 0xa0, 0x54, 0xfe, 0xaf, 0xa0, 0x54, 0xfe, 0xaf, 0xa0, 0x54, 0xfe,
    0xaf, 0xa0, 0x54, 0xfe, 0xaf, 0xa0, 0x54, 0xfe, 0xaf, 0xa0, 0x54, 0xfe, 0xaf, 0xa0, 0x54, 0xfe,
    0xae, 0x9f, 0x53, 0xfe, 0xaf, 0xa0, 0x54, 0xfe, 0xaf, 0xa0, 0x54, 0xfe, 0xaf, 0xa0, 0x54, 0xfe,
    0xaf, 0xa0, 0x54, 0xfe, 0xaf, 0xa0, 0x54, 0xfe, 0xaf, 0xa0, 0x54, 0xfe, 0xaf, 0x9f, 0x54, 0xfe,
    0xae, 0x9f, 0x53, 0xfe, 0xae, 0xa0, 0x52, 0xfe, 0xae, 0x9f, 0x53, 0xfe, 0xae, 0xa0, 0x52, 0xfe,
    0xae, 0x9f, 0x53, 0xfe, 0xae, 0x9f, 0x53, 0xfe, 0xae, 0x9f, 0x53, 0xfe, 0xae, 0x9f, 0x53, 0xfe,
    0xae, 0x9f, 0x53, 0xfe, 0xae, 0x9f, 0x53, 0xfe, 0xae, 0x9e, 0x53, 0xfe, 0xad, 0x9f, 0x52, 0xfa,
    0xb9, 0xa9, 0x56, 0xff, 0xad, 0x9f, 0x4f, 0x7d, 0x00, 0x00, 0x00, 0x00, 0xbf, 0xbf, 0x3f, 0x04,
    0x00, 0x00, 0x00, 0x00, 0x00, 0x00, 0x00, 0x00, 0x00, 0x00, 0x00, 0x00, 0x00, 0x00, 0x00, 0x00,
    0x00, 0x00, 0x00, 0x00, 0x00, 0x00, 0x00, 0x00, 0x00, 0x00, 0x00, 0x00, 0x00, 0x00, 0x00, 0x00,
    0x00, 0x00, 0x00, 0x00, 0x00, 0x00, 0x00, 0x00, 0x00, 0x00, 0x00, 0x00, 0x00, 0x00, 0x00, 0x00,
    0x00, 0x00, 0x00, 0x00, 0x00, 0x00, 0x00, 0x00, 0x00, 0x00, 0x00, 0x00, 0x00, 0x00, 0x00, 0x00,
    0x00, 0x00, 0x00, 0x00, 0x00, 0x00, 0x00, 0x00, 0x00, 0x00, 0x00, 0x00, 0x00, 0x00, 0x00, 0x00,
    0x00, 0x00, 0x00, 0x00, 0x00, 0x00, 0x00, 0x00, 0x00, 0x00, 0x00, 0x00, 0x00, 0x00, 0x00, 0x00,
    0x00, 0x00, 0x00, 0x00, 0x00, 0x00, 0x00, 0x00, 0x00, 0x00, 0x00, 0x00, 0x00, 0x00, 0x00, 0x00,
    0x00, 0x00, 0x00, 0x00, 0x00, 0x00, 0x00, 0x00, 0x00, 0x00, 0x00, 0x00, 0x00, 0x00, 0x00, 0x00,
    0x00, 0x00, 0x00, 0x00, 0x00, 0x00, 0x00, 0x00, 0x00, 0x00, 0x00, 0x00, 0x00, 0x00, 0x00, 0x00,
    0x00, 0x00, 0x00, 0x00, 0x00, 0x00, 0x00, 0x00, 0x00, 0x00, 0x00, 0x00, 0x00, 0x00, 0x00, 0x00,
    0x00, 0x00, 0x00, 0x00, 0x00, 0x00, 0x00, 0x00, 0x00, 0x00, 0x00, 0x00, 0x00, 0x00, 0x00, 0x00,
    0xbf, 0x7f, 0x3f, 0x04, 0x00, 0x00, 0x00, 0x00, 0xac, 0x9d, 0x52, 0x7b, 0xb9, 0xa9, 0x58, 0xff,
    0xae, 0xa0, 0x53, 0xfa, 0xaf, 0xa0, 0x53, 0xfd, 0xae, 0x9f, 0x53, 0xfe, 0xae, 0x9f, 0x53, 0xfe,
    0xae, 0x9f, 0x53, 0xfe, 0xae, 0x9f, 0x53, 0xfe, 0xae, 0x9f, 0x53, 0xfe, 0xae, 0x9f, 0x53, 0xfe,
    0xaf, 0xa0, 0x54, 0xfe, 0xaf, 0xa0, 0x54, 0xfe, 0xaf, 0xa0, 0x54, 0xfe, 0xaf, 0xa0, 0x54, 0xfe,
    0xaf, 0xa0, 0x54, 0xfe, 0xb0, 0xa1, 0x55, 0xfe, 0xb0, 0xa2, 0x54, 0xfe, 0xaf, 0xa0, 0x54, 0xfe,
    0xaf, 0xa0, 0x54, 0xfe, 0xaf, 0xa1, 0x54, 0xfe, 0xb0, 0xa2, 0x54, 0xfe, 0xb0, 0xa1, 0x55, 0xfe,
    0xb0, 0xa1, 0x55, 0xfe, 0xb0, 0xa1, 0x54, 0xfe, 0xaf, 0xa1, 0x53, 0xfe, 0xaf, 0xa0, 0x54, 0xfe,
    0xaf, 0xa0, 0x54, 0xfe, 0xb0, 0xa1, 0x54, 0xfe, 0xb0, 0xa1, 0x55, 0xfe, 0xaf, 0xa0, 0x54, 0xfe,
    0xb0, 0xa1, 0x54, 0xfe, 0xb0, 0xa1, 0x55, 0xfe, 0xaf, 0xa0, 0x54, 0xfe, 0xaf, 0xa0, 0x54, 0xfe,
    0xb0, 0xa1, 0x55, 0xfe, 0xb0, 0xa1, 0x54, 0xfe, 0xaf, 0xa1, 0x54, 0xfe, 0xaf, 0xa0, 0x54, 0xfe,
    0xaf, 0xa0, 0x54, 0xfe, 0xaf, 0xa0, 0x54, 0xfe, 0xaf, 0xa0, 0x54, 0xfe, 0xaf, 0xa0, 0x54, 0xfe,
    0xb0, 0xa0, 0x55, 0xfe, 0xaf, 0xa0, 0x54, 0xfe, 0xaf, 0xa0, 0x54, 0xfe, 0xb0, 0xa2, 0x54, 0xfe,
    0xb0, 0xa1, 0x55, 0xfe, 0xb0, 0xa1, 0x55, 0xfe, 0xaf, 0xa0, 0x54, 0xfe, 0xaf, 0xa0, 0x54, 0xfe,
    0xaf, 0xa0, 0x54, 0xfe, 0xb0, 0xa1, 0x55, 0xfe, 0xb0, 0xa1, 0x55, 0xfe, 0xb0, 0xa1, 0x55, 0xfe,
    0xaf, 0xa0, 0x54, 0xfe, 0xaf, 0xa0, 0x54, 0xfe, 0xaf, 0xa0, 0x54, 0xfe, 0xaf, 0xa0, 0x54, 0xfe,
    0xaf, 0xa0, 0x54, 0xfe, 0xaf, 0xa0, 0x54, 0xfe, 0xaf, 0xa1, 0x55, 0xfe, 0xaf, 0xa1, 0x54, 0xfe,
    0xaf, 0xa0, 0x54, 0xfe, 0xaf, 0xa1, 0x53, 0xfe, 0xaf, 0xa0, 0x53, 0xfe, 0xaf, 0xa0, 0x54, 0xfe,
    0xaf, 0xa1, 0x53, 0xfe, 0xb0, 0xa1, 0x55, 0xfe, 0xaf, 0xa0, 0x54, 0xfe, 0xaf, 0xa0, 0x54, 0xfe,
    0xaf, 0xa0, 0x54, 0xfe, 0xaf, 0xa0, 0x54, 0xfe, 0xaf, 0xa0, 0x54, 0xfe, 0xaf, 0xa0, 0x53, 0xfe,
    0xaf, 0xa1, 0x53, 0xfe, 0xaf, 0xa0, 0x54, 0xfe, 0xaf, 0xa0, 0x54, 0xfe, 0xae, 0x9f, 0x53, 0xfe,
    0xae, 0x9f, 0x53, 0xfe, 0xae, 0x9f, 0x53, 0xfe, 0xaf, 0xa0, 0x54, 0xfe, 0xaf, 0xa0, 0x54, 0xfe,
    0xaf, 0xa0, 0x54, 0xfe, 0xaf, 0xa0, 0x54, 0xfe, 0xaf, 0xa0, 0x54, 0xfe, 0xae, 0x9f, 0x53, 0xfe,
    0xae, 0x9f, 0x53, 0xfe, 0xae, 0xa0, 0x52, 0xfe, 0xae, 0x9f, 0x53, 0xfe, 0xaf, 0x9f, 0x54, 0xfe,
    0xae, 0x9f, 0x53, 0xfe, 0xae, 0x9f, 0x53, 0xfe, 0xae, 0x9f, 0x53, 0xfe, 0xae, 0x9f, 0x53, 0xfe,
    0xae, 0x9f, 0x52, 0xfe, 0xae, 0xa0, 0x52, 0xfe, 0xae, 0x9f, 0x53, 0xfe, 0xad, 0x9f, 0x52, 0xfe,
    0xad, 0x9f, 0x51, 0xfe, 0xad, 0x9e, 0x51, 0xfa, 0xb9, 0xa9, 0x55, 0xff, 0xab, 0x9e, 0x4f, 0x81,
    0x00, 0x00, 0x00, 0x00, 0xbf, 0xbf, 0x3f, 0x04, 0x00, 0x00, 0x00, 0x00, 0x00, 0x00, 0x00, 0x00,
    0x00, 0x00, 0x00, 0x00, 0x00, 0x00, 0x00, 0x00, 0x00, 0x00, 0x00, 0x00, 0x00, 0x00, 0x00, 0x00,
    0x00, 0x00, 0x00, 0x00, 0x00, 0x00, 0x00, 0x00, 0x00, 0x00, 0x00, 0x00, 0x00, 0x00, 0x00, 0x00,
    0x00, 0x00, 0x00, 0x00, 0x00, 0x00, 0x00, 0x00, 0x00, 0x00, 0x00, 0x00, 0x00, 0x00, 0x00, 0x00,
    0x00, 0x00, 0x00, 0x00, 0x00, 0x00, 0x00, 0x00, 0x00, 0x00, 0x00, 0x00, 0x00, 0x00, 0x00, 0x00,
    0x00, 0x00, 0x00, 0x00, 0x00, 0x00, 0x00, 0x00, 0x00, 0x00, 0x00, 0x00, 0x00, 0x00, 0x00, 0x00,
    0x00, 0x00, 0x00, 0x00, 0x00, 0x00, 0x00, 0x00, 0x00, 0x00, 0x00, 0x00, 0x00, 0x00, 0x00, 0x00,
    0x00, 0x00, 0x00, 0x00, 0x00, 0x00, 0x00, 0x00, 0x00, 0x00, 0x00, 0x00, 0x00, 0x00, 0x00, 0x00,
    0x00, 0x00, 0x00, 0x00, 0x00, 0x00, 0x00, 0x00, 0x00, 0x00, 0x00, 0x00, 0x00, 0x00, 0x00, 0x00,
    0x00, 0x00, 0x00, 0x00, 0x00, 0x00, 0x00, 0x00, 0x00, 0x00, 0x00, 0x00, 0x00, 0x00, 0x00, 0x00,
    0x00, 0x00, 0x00, 0x00, 0x00, 0x00, 0x00, 0x00, 0x00, 0x00, 0x00, 0x00, 0x00, 0x00, 0x00, 0x00,
    0x00, 0x00, 0x00, 0x00, 0x00, 0x00, 0x00, 0x00, 0xbf, 0x7f, 0x3f, 0x04, 0x00, 0x00, 0x00, 0x00,
    0xae, 0x9e, 0x52, 0x7c, 0xb9, 0xaa, 0x56, 0xff, 0xae, 0xa0, 0x53, 0xfa, 0xae, 0x9f, 0x53, 0xfe,
    0xae, 0x9f, 0x53, 0xfe, 0xae, 0x9f, 0x53, 0xfe, 0xae, 0x9f, 0x53, 0xfe, 0xae, 0x9f, 0x53, 0xfe,
    0xae, 0x9f, 0x53, 0xfe, 0xae, 0x9f, 0x53, 0xfe, 0xaf, 0xa0, 0x54, 0xfe, 0xaf, 0xa0, 0x54, 0xfe,
    0xaf, 0xa0, 0x54, 0xfe, 0xaf, 0xa0, 0x54, 0xfe, 0xaf, 0xa1, 0x53, 0xfe, 0xaf, 0xa0, 0x53, 0xfd,
    0xb0, 0xa1, 0x54, 0xfb, 0xb0, 0xa2, 0x53, 0xfa, 0xaf, 0xa1, 0x52, 0xfa, 0xaf, 0xa1, 0x53, 0xfa,
    0xb0, 0xa1, 0x55, 0xfa, 0xb1, 0xa2, 0x55, 0xfa, 0xb1, 0xa2, 0x55, 0xfa, 0xb0, 0xa1, 0x54, 0xfa,
    0xaf, 0xa1, 0x53, 0xfa, 0xaf, 0xa1, 0x54, 0xfa, 0xaf, 0xa1, 0x53, 0xfa, 0xaf, 0xa1, 0x53, 0xfa,
    0xaf, 0xa0, 0x53, 0xfa, 0xaf, 0xa0, 0x53, 0xfa, 0xb0, 0xa1, 0x54, 0xfa, 0xaf, 0xa1, 0x54, 0xfa,
    0xaf, 0xa1, 0x54, 0xfa, 0xaf, 0xa1, 0x54, 0xfa, 0xaf, 0xa1, 0x54, 0xfa, 0xb0, 0xa1, 0x54, 0xfa,
    0xb0, 0xa1, 0x54, 0xfa, 0xb0, 0xa1, 0x54, 0xfa, 0xaf, 0xa1, 0x54, 0xfa, 0xaf, 0xa1, 0x54, 0xfa,
    0xaf, 0xa1, 0x54, 0xfa, 0xaf, 0xa1, 0x54, 0xfa, 0xaf, 0xa0, 0x53, 0xfa, 0xaf, 0xa1, 0x52, 0xfa,
    0xaf, 0xa1, 0x52, 0xfa, 0xb0, 0xa2, 0x52, 0xfa, 0xb0, 0xa1, 0x54, 0xfa, 0xaf, 0xa1, 0x53, 0xfa,
    0xaf, 0xa0, 0x54, 0xfa, 0xaf, 0xa1, 0x53, 0xfa, 0xaf, 0xa1, 0x52, 0xfa, 0xb0, 0xa2, 0x54, 0xfa,
    0xb0, 0xa2, 0x55, 0xfa, 0xb0, 0xa1, 0x54, 0xfa, 0xaf, 0xa1, 0x54, 0xfa, 0xaf, 0xa1, 0x53, 0xfa,
    0xaf, 0xa1, 0x52, 0xfa, 0xaf, 0xa1, 0x52, 0xfa, 0xaf, 0xa0, 0x53, 0xfa, 0xaf, 0xa1, 0x53, 0xfa,
    0xaf, 0xa1, 0x53, 0xfa, 0xaf, 0xa0, 0x54, 0xfa, 0xaf, 0xa1, 0x52, 0xfa, 0xb0, 0xa2, 0x51, 0xf9,
    0xb0, 0xa2, 0x51, 0xf9, 0xaf, 0xa1, 0x52, 0xfa, 0xaf, 0xa0, 0x54, 0xfa, 0xaf, 0xa0, 0x54, 0xfa,
    0xaf, 0xa0, 0x53, 0xfa, 0xaf, 0xa0, 0x53, 0xfa, 0xb0, 0xa1, 0x53, 0xfa, 0xaf, 0xa1, 0x54, 0xfa,
    0xaf, 0xa0, 0x54, 0xfa, 0xaf, 0xa1, 0x53, 0xfa, 0xaf, 0xa1, 0x53, 0xfa, 0xaf, 0xa0, 0x53, 0xfa,
    0xae, 0xa0, 0x53, 0xfa, 0xae, 0xa0, 0x53, 0xfa, 0xae, 0xa0, 0x53, 0xfa, 0xae, 0xa0, 0x53, 0xfa,
    0xaf, 0xa0, 0x53, 0xfa, 0xaf, 0xa1, 0x52, 0xfa, 0xaf, 0xa1, 0x52, 0xfa, 0xb0, 0xa1, 0x52, 0xfa,
    0xaf, 0xa1, 0x52, 0xfa, 0xaf, 0xa1, 0x52, 0xfa, 0xae, 0xa0, 0x52, 0xfd, 0xae, 0xa0, 0x52, 0xfe,
    0xae, 0x9f, 0x53, 0xfe, 0xaf, 0xa0, 0x53, 0xfe, 0xae, 0x9f, 0x53, 0xfe, 0xae, 0x9f, 0x53, 0xfe,
    0xae, 0x9f, 0x53, 0xfe, 0xae, 0x9f, 0x53, 0xfe, 0xae, 0x9f, 0x52, 0xfe, 0xae, 0xa0, 0x52, 0xfe,
    0xae, 0x9f, 0x53, 0xfe, 0xad, 0x9f, 0x52, 0xfe, 0xad, 0x9f, 0x51, 0xfe, 0xad, 0x9f, 0x51, 0xfa,
    0xba, 0xa8, 0x55, 0xff, 0xac, 0x9c, 0x4e, 0x7f, 0x00, 0x00, 0x00, 0x00, 0xbf, 0xbf, 0x3f, 0x04,
    0x00, 0x00, 0x00, 0x00, 0x00, 0x00, 0x00, 0x00, 0x00, 0x00, 0x00, 0x00, 0x00, 0x00, 0x00, 0x00,
    0x00, 0x00, 0x00, 0x00, 0x00, 0x00, 0x00, 0x00, 0x00, 0x00, 0x00, 0x00, 0x00, 0x00, 0x00, 0x00,
    0x00, 0x00, 0x00, 0x00, 0x00, 0x00, 0x00, 0x00, 0x00, 0x00, 0x00, 0x00, 0x00, 0x00, 0x00, 0x00,
    0x00, 0x00, 0x00, 0x00, 0x00, 0x00, 0x00, 0x00, 0x00, 0x00, 0x00, 0x00, 0x00, 0x00, 0x00, 0x00,
    0x00, 0x00, 0x00, 0x00, 0x00, 0x00, 0x00, 0x00, 0x00, 0x00, 0x00, 0x00, 0x00, 0x00, 0x00, 0x00,
    0x00, 0x00, 0x00, 0x00, 0x00, 0x00, 0x00, 0x00, 0x00, 0x00, 0x00, 0x00, 0x00, 0x00, 0x00, 0x00,
    0x00, 0x00, 0x00, 0x00, 0x00, 0x00, 0x00, 0x00, 0x00, 0x00, 0x00, 0x00, 0x00, 0x00, 0x00, 0x00,
    0x00, 0x00, 0x00, 0x00, 0x00, 0x00, 0x00, 0x00, 0x00, 0x00, 0x00, 0x00, 0x00, 0x00, 0x00, 0x00,
    0x00, 0x00, 0x00, 0x00, 0x00, 0x00, 0x00, 0x00, 0x00, 0x00, 0x00, 0x00, 0x00, 0x00, 0x00, 0x00,
    0x00, 0x00, 0x00, 0x00, 0x00, 0x00, 0x00, 0x00, 0x00, 0x00, 0x00, 0x00, 0x00, 0x00, 0x00, 0x00,
    0x00, 0x00, 0x00, 0x00, 0x00, 0x00, 0x00, 0x00, 0x00, 0x00, 0x00, 0x00, 0x00, 0x00, 0x00, 0x00,
    0xbf, 0x7f, 0x3f, 0x04, 0x00, 0x00, 0x00, 0x00, 0xae, 0x9e, 0x52, 0x79, 0xb9, 0xaa, 0x56, 0xff,
    0xae, 0xa0, 0x53, 0xfa, 0xae, 0x9f, 0x53, 0xfe, 0xae, 0x9f, 0x53, 0xfe, 0xae, 0x9f, 0x53, 0xfe,
    0xae, 0x9f, 0x53, 0xfe, 0xae, 0x9f, 0x53, 0xfe, 0xae, 0x9f, 0x53, 0xfe, 0xae, 0x9f, 0x53, 0xfe,
    0xaf, 0xa0, 0x53, 0xfe, 0xaf, 0xa0, 0x53, 0xfe, 0xaf, 0xa1, 0x53, 0xfe, 0xaf, 0xa0, 0x54, 0xfe,
    0xb0, 0xa0, 0x52, 0xfc, 0xb0, 0xa2, 0x53, 0xff, 0xb9, 0xa9, 0x57, 0xff, 0xbc, 0xab, 0x57, 0xff,
    0xbb, 0xac, 0x56, 0xff, 0xba, 0xaa, 0x59, 0xff, 0xbb, 0xac, 0x59, 0xff, 0xbb, 0xab, 0x5a, 0xff,
    0xbb, 0xab, 0x5a, 0xff, 0xba, 0xab, 0x58, 0xff, 0xba, 0xaa, 0x5a, 0xff, 0xba, 0xaa, 0x59, 0xff,
    0xba, 0xaa, 0x58, 0xff, 0xb9, 0xaa, 0x57, 0xff, 0xb9, 0xaa, 0x56, 0xff, 0xba, 0xaa, 0x59, 0xff,
    0xba, 0xaa, 0x59, 0xff, 0xbb, 0xab, 0x59, 0xff, 0xba, 0xab, 0x58, 0xff, 0xba, 0xaa, 0x59, 0xff,
    0xba, 0xab, 0x59, 0xff, 0xba, 0xab, 0x58, 0xff, 0xba, 0xaa, 0x59, 0xff, 0xb9, 0xab, 0x5a, 0xff,
    0xba, 0xab, 0x59, 0xff, 0xba, 0xaa, 0x59, 0xff, 0xbb, 0xab, 0x59, 0xff, 0xbb, 0xab, 0x58, 0xff,
    0xbb, 0xab, 0x57, 0xff, 0xba, 0xab, 0x56, 0xff, 0xba, 0xab, 0x56, 0xff, 0xba, 0xab, 0x57, 0xff,
    0xba, 0xab, 0x57, 0xff, 0xba, 0xab, 0x57, 0xff, 0xba, 0xaa, 0x58, 0xff, 0xbb, 0xab, 0x59, 0xff,
    0xbb, 0xac, 0x57, 0xff, 0xbb, 0xac, 0x58, 0xff, 0xba, 0xaa, 0x59, 0xff, 0xba, 0xa9, 0x59, 0xff,
    0xba, 0xaa, 0x58, 0xff, 0xba, 0xab, 0x57, 0xff, 0xbb, 0xab, 0x57, 0xff, 0xba, 0xaa, 0x57, 0xff,
    0xbb, 0xab, 0x58, 0xff, 0xbb, 0xac, 0x57, 0xff, 0xba, 0xab, 0x57, 0xff, 0xba, 0xab, 0x58, 0xff,
    0xbb, 0xac, 0x56, 0xff, 0xbb, 0xac, 0x57, 0xff, 0xba, 0xab, 0x56, 0xff, 0xba, 0xaa, 0x58, 0xff,
    0xba, 0xaa, 0x59, 0xff, 0xba, 0xaa, 0x59, 0xff, 0xb9, 0xa9, 0x58, 0xff, 0xb9, 0xa9, 0x57, 0xff,
    0xba, 0xaa, 0x58, 0xff, 0xb9, 0xa9, 0x58, 0xff, 0xb9, 0xaa, 0x58, 0xff, 0xb9, 0xa9, 0x58, 0xff,
    0xb9, 0xa9, 0x58, 0xff, 0xb9, 0xaa, 0x58, 0xff, 0xb9, 0xa9, 0x57, 0xff, 0xb9, 0xaa, 0x58, 0xff,
    0xb9, 0xaa, 0x58, 0xff, 0xb9, 0xa9, 0x58, 0xff, 0xba, 0xaa, 0x58, 0xff, 0xb9, 0xaa, 0x57, 0xff,
    0xba, 0xab, 0x56, 0xff, 0xba, 0xab, 0x56, 0xff, 0xba, 0xab, 0x56, 0xff, 0xb9, 0xaa, 0x55, 0xff,
    0xb0, 0xa2, 0x51, 0xff, 0xae, 0x9f, 0x51, 0xfc, 0xae, 0x9f, 0x53, 0xfe, 0xae, 0x9f, 0x53, 0xfe,
    0xae, 0x9f, 0x53, 0xfe, 0xae, 0xa0, 0x52, 0xfe, 0xae, 0x9f, 0x53, 0xfe, 0xae, 0x9f, 0x53, 0xfe,
    0xae, 0x9f, 0x53, 0xfe, 0xae, 0x9f, 0x53, 0xfe, 0xae, 0x9f, 0x52, 0xfe, 0xae, 0x9f, 0x52, 0xfe,
    0xad, 0x9e, 0x53, 0xfe, 0xad, 0x9e, 0x52, 0xfa, 0xb9, 0xa9, 0x55, 0xff, 0xac, 0x9d, 0x4e, 0x7e,
    0x00, 0x00, 0x00, 0x00, 0xbf, 0xbf, 0x3f, 0x04, 0x00, 0x00, 0x00, 0x00, 0x00, 0x00, 0x00, 0x00,
    0x00, 0x00, 0x00, 0x00, 0x00, 0x00, 0x00, 0x00, 0x00, 0x00, 0x00, 0x00, 0x00, 0x00, 0x00, 0x00,
    0x00, 0x00, 0x00, 0x00, 0x00, 0x00, 0x00, 0x00, 0x00, 0x00, 0x00, 0x00, 0x00, 0x00, 0x00, 0x00,
    0x00, 0x00, 0x00, 0x00, 0x00, 0x00, 0x00, 0x00, 0x00, 0x00, 0x00, 0x00, 0x00, 0x00, 0x00, 0x00,
    0x00, 0x00, 0x00, 0x00, 0x00, 0x00, 0x00, 0x00, 0x00, 0x00, 0x00, 0x00, 0x00, 0x00, 0x00, 0x00,
    0x00, 0x00, 0x00, 0x00, 0x00, 0x00, 0x00, 0x00, 0x00, 0x00, 0x00, 0x00, 0x00, 0x00, 0x00, 0x00,
    0x00, 0x00, 0x00, 0x00, 0x00, 0x00, 0x00, 0x00, 0x00, 0x00, 0x00, 0x00, 0x00, 0x00, 0x00, 0x00,
    0x00, 0x00, 0x00, 0x00, 0x00, 0x00, 0x00, 0x00, 0x00, 0x00, 0x00, 0x00, 0x00, 0x00, 0x00, 0x00,
    0x00, 0x00, 0x00, 0x00, 0x00, 0x00, 0x00, 0x00, 0x00, 0x00, 0x00, 0x00, 0x00, 0x00, 0x00, 0x00,
    0x00, 0x00, 0x00, 0x00, 0x00, 0x00, 0x00, 0x00, 0x00, 0x00, 0x00, 0x00, 0x00, 0x00, 0x00, 0x00,
    0x00, 0x00, 0x00, 0x00, 0x00, 0x00, 0x00, 0x00, 0x00, 0x00, 0x00, 0x00, 0x00, 0x00, 0x00, 0x00,
    0x00, 0x00, 0x00, 0x00, 0x00, 0x00, 0x00, 0x00, 0xbf, 0x7f, 0x3f, 0x04, 0x00, 0x00, 0x00, 0x00,
    0xae, 0x9d, 0x52, 0x7b, 0xb9, 0xa9, 0x56, 0xff, 0xae, 0x9f, 0x52, 0xfa, 0xae, 0x9f, 0x53, 0xfe,
    0xae, 0x9f, 0x53, 0xfe, 0xae, 0x9f, 0x53, 0xfe, 0xae, 0x9f, 0x52, 0xfe, 0xae, 0xa0, 0x52, 0xfe,
    0xae, 0x9f, 0x53, 0xfe, 0xae, 0x9f, 0x53, 0xfe, 0xae, 0x9f, 0x53, 0xfe, 0xaf, 0xa0, 0x53, 0xfe,
    0xaf, 0xa1, 0x52, 0xfe, 0xb0, 0xa1, 0x52, 0xfc, 0xb6, 0xa8, 0x56, 0xff, 0xb3, 0xa4, 0x53, 0xf6,
    0xb3, 0xa4, 0x53, 0xb7, 0xb2, 0xa3, 0x52, 0xa1, 0xb2, 0xa3, 0x51, 0x9f, 0xb0, 0xa3, 0x55, 0x9f,
    0xb1, 0xa4, 0x53, 0xa1, 0xb1, 0xa3, 0x55, 0xa1, 0xb1, 0xa2, 0x55, 0xa2, 0xb0, 0xa3, 0x53, 0xa2,
    0xb0, 0xa2, 0x54, 0xa0, 0xb2, 0xa3, 0x53, 0xa1, 0xb2, 0xa2, 0x54, 0xa0, 0xb0, 0xa0, 0x52, 0xa0,
    0xb0, 0xa3, 0x53, 0x9f, 0xb0, 0xa4, 0x56, 0xa0, 0xb3, 0xa3, 0x56, 0x9f, 0xb3, 0xa3, 0x55, 0x9f,
    0xb3, 0xa4, 0x55, 0x9e, 0xb2, 0xa2, 0x54, 0xa0, 0xb2, 0xa3, 0x53, 0x9f, 0xb2, 0xa4, 0x52, 0x9d,
    0xb2, 0xa1, 0x55, 0x9f, 0xb0, 0xa3, 0x55, 0x9c, 0xb0, 0xa3, 0x55, 0x9c, 0xb3, 0xa3, 0x56, 0x9c,
    0xb2, 0xa5, 0x56, 0x9c, 0xb2, 0xa5, 0x54, 0x9d, 0xb2, 0xa3, 0x53, 0x9c, 0xb2, 0xa2, 0x54, 0x9d,
    0xb1, 0xa2, 0x54, 0x9d, 0xb2, 0xa1, 0x55, 0x9c, 0xb2, 0xa3, 0x53, 0x9c, 0xb1, 0xa2, 0x55, 0x9b,
    0xb0, 0xa3, 0x55, 0x9c, 0xb2, 0xa3, 0x55, 0x9c, 0xb2, 0xa3, 0x56, 0x9c, 0xb3, 0xa5, 0x56, 0x9c,
    0xb2, 0xa3, 0x55, 0x9c, 0xb1, 0xa2, 0x54, 0x9d, 0xb1, 0xa3, 0x53, 0x9e, 0xb2, 0xa3, 0x56, 0x9c,
    0xb0, 0xa2, 0x55, 0x9b, 0xb1, 0xa2, 0x55, 0x9b, 0xb2, 0xa3, 0x54, 0x9a, 0xb2, 0xa3, 0x54, 0x9a,
    0xb2, 0xa3, 0x53, 0x9c, 0xb1, 0xa4, 0x53, 0x9b, 0xb4, 0xa5, 0x55, 0x99, 0xb2, 0xa3, 0x54, 0x9a,
    0xb1, 0xa2, 0x53, 0x9b, 0xb1, 0xa2, 0x54, 0x9a, 0xb1, 0xa2, 0x54, 0x9a, 0xb1, 0xa2, 0x53, 0x9b,
    0xb2, 0xa1, 0x55, 0x9c, 0xaf, 0xa1, 0x53, 0x9e, 0xb0, 0xa0, 0x53, 0x9f, 0xb0, 0xa1, 0x53, 0x9f,
    0xb2, 0xa2, 0x52, 0x9d, 0xb1, 0xa2, 0x52, 0x9d, 0xb1, 0xa2, 0x54, 0x9d, 0xb1, 0xa2, 0x52, 0x9d,
    0xb0, 0xa1, 0x53, 0x9c, 0xb1, 0xa2, 0x52, 0x9d, 0xb1, 0xa2, 0x54, 0x9d, 0xb1, 0xa2, 0x54, 0x9d,
    0xb0, 0xa1, 0x53, 0x9c, 0xb1, 0xa2, 0x54, 0x9d, 0xb0, 0xa1, 0x53, 0x9f, 0xb0, 0xa0, 0x52, 0xa0,
    0xaf, 0xa1, 0x52, 0x9e, 0xb0, 0xa1, 0x51, 0xaf, 0xb0, 0xa2, 0x52, 0xef, 0xb5, 0xa6, 0x53, 0xff,
    0xae, 0x9f, 0x50, 0xfc, 0xae, 0x9f, 0x53, 0xfe, 0xae, 0x9f, 0x53, 0xfe, 0xae, 0x9f, 0x52, 0xfe,
    0xae, 0x9f, 0x53, 0xfe, 0xae, 0x9f, 0x53, 0xfe, 0xae, 0x9f, 0x53, 0xfe, 0xae, 0x9f, 0x53, 0xfe,
    0xae, 0x9f, 0x53, 0xfe, 0xad, 0x9e, 0x52, 0xfe, 0xad, 0x9e, 0x52, 0xfe, 0xad, 0x9e, 0x52, 0xfa,
    0xb8, 0xa8, 0x54, 0xff, 0xaa, 0x9c, 0x4e, 0x7f, 0x00, 0x00, 0x00, 0x00, 0xbf, 0x7f, 0x3f, 0x04,
    0x00, 0x00, 0x00, 0x00, 0x00, 0x00, 0x00, 0x00, 0x00, 0x00, 0x00, 0x00, 0x00, 0x00, 0x00, 0x00,
    0x00, 0x00, 0x00, 0x00, 0x00, 0x00, 0x00, 0x00, 0x00, 0x00, 0x00, 0x00, 0x00, 0x00, 0x00, 0x00,
    0x00, 0x00, 0x00, 0x00, 0x00, 0x00, 0x00, 0x00, 0x00, 0x00, 0x00, 0x00, 0x00, 0x00, 0x00, 0x00,
    0x00, 0x00, 0x00, 0x00, 0x00, 0x00, 0x00, 0x00, 0x00, 0x00, 0x00, 0x00, 0x00, 0x00, 0x00, 0x00,
    0x00, 0x00, 0x00, 0x00, 0x00, 0x00, 0x00, 0x00, 0x00, 0x00, 0x00, 0x00, 0x00, 0x00, 0x00, 0x00,
    0x00, 0x00, 0x00, 0x00, 0x00, 0x00, 0x00, 0x00, 0x00, 0x00, 0x00, 0x00, 0x00, 0x00, 0x00, 0x00,
    0x00, 0x00, 0x00, 0x00, 0x00, 0x00, 0x00, 0x00, 0x00, 0x00, 0x00, 0x00, 0x00, 0x00, 0x00, 0x00,
    0x00, 0x00, 0x00, 0x00, 0x00, 0x00, 0x00, 0x00, 0x00, 0x00, 0x00, 0x00, 0x00, 0x00, 0x00, 0x00,
    0x00, 0x00, 0x00, 0x00, 0x00, 0x00, 0x00, 0x00, 0x00, 0x00, 0x00, 0x00, 0x00, 0x00, 0x00, 0x00,
    0x00, 0x00, 0x00, 0x00, 0x00, 0x00, 0x00, 0x00, 0x00, 0x00, 0x00, 0x00, 0x00, 0x00, 0x00, 0x00,
    0x00, 0x00, 0x00, 0x00, 0x00, 0x00, 0x00, 0x00, 0x00, 0x00, 0x00, 0x00, 0x00, 0x00, 0x00, 0x00,
    0xbf, 0x7f, 0x3f, 0x04, 0x00, 0x00, 0x00, 0x00, 0xad, 0x9d, 0x51, 0x7d, 0xb9, 0xa9, 0x55, 0xff,
    0xad, 0x9f, 0x52, 0xfa, 0xae, 0x9f, 0x53, 0xfe, 0xae, 0x9f, 0x53, 0xfe, 0xae, 0x9f, 0x52, 0xfe,
    0xae, 0xa0, 0x52, 0xfe, 0xae, 0x9f, 0x53, 0xfe, 0xae, 0x9f, 0x53, 0xfe, 0xae, 0x9f, 0x53, 0xfe,
    0xae, 0xa0, 0x52, 0xfe, 0xaf, 0xa1, 0x52, 0xfe, 0xb0, 0xa1, 0x51, 0xfb, 0xb7, 0xa8, 0x55, 0xff,
    0xb4, 0xa7, 0x55, 0xd1, 0xb5, 0xaa, 0x5a, 0x2d, 0x00, 0x00, 0x00, 0x00, 0x00, 0x00, 0x00, 0x00,
    0x00, 0x00, 0x00, 0x00, 0x00, 0x00, 0x00, 0x00, 0x00, 0x00, 0x00, 0x00, 0x00, 0x00, 0x00, 0x00,
    0x00, 0x00, 0x00, 0x00, 0x00, 0x00, 0x00, 0x00, 0x00, 0x00, 0x00, 0x00, 0x00, 0x00, 0x00, 0x00,
    0x00, 0x00, 0x00, 0x00, 0x00, 0x00, 0x00, 0x00, 0x00, 0x00, 0x00, 0x00, 0x00, 0x00, 0x00, 0x00,
    0x00, 0x00, 0x00, 0x00, 0x00, 0x00, 0x00, 0x00, 0x00, 0x00, 0x00, 0x00, 0x00, 0x00, 0x00, 0x00,
    0x00, 0x00, 0x00, 0x00, 0x00, 0x00, 0x00, 0x00, 0x00, 0x00, 0x00, 0x00, 0x00, 0x00, 0x00, 0x00,
    0x00, 0x00, 0x00, 0x00, 0x00, 0x00, 0x00, 0x00, 0x00, 0x00, 0x00, 0x00, 0x00, 0x00, 0x00, 0x00,
    0x00, 0x00, 0x00, 0x00, 0x00, 0x00, 0x00, 0x00, 0x00, 0x00, 0x00, 0x00, 0x00, 0x00, 0x00, 0x00,
    0x00, 0x00, 0x00, 0x00, 0x00, 0x00, 0x00, 0x00, 0x00, 0x00, 0x00, 0x00, 0x00, 0x00, 0x00, 0x00,
    0x00, 0x00, 0x00, 0x00, 0x00, 0x00, 0x00, 0x00, 0x00, 0x00, 0x00, 0x00, 0x00, 0x00, 0x00, 0x00,
    0x00, 0x00, 0x00, 0x00, 0x00, 0x00, 0x00, 0x00, 0x00, 0x00, 0x00, 0x00, 0x00, 0x00, 0x00, 0x00,
    0x00, 0x00, 0x00, 0x00, 0x00, 0x00, 0x00, 0x00, 0x00, 0x00, 0x00, 0x00, 0x00, 0x00, 0x00, 0x00,
    0x00, 0x00, 0x00, 0x00, 0x00, 0x00, 0x00, 0x00, 0x00, 0x00, 0x00, 0x00, 0x00, 0x00, 0x00, 0x00,
    0x00, 0x00, 0x00, 0x00, 0x00, 0x00, 0x00, 0x00, 0x00, 0x00, 0x00, 0x00, 0x00, 0x00, 0x00, 0x00,
    0x00, 0x00, 0x00, 0x00, 0x00, 0x00, 0x00, 0x00, 0x00, 0x00, 0x00, 0x00, 0x00, 0x00, 0x00, 0x00,
    0x00, 0x00, 0x00, 0x00, 0x00, 0x00, 0x00, 0x00, 0x00, 0x00, 0x00, 0x00, 0x00, 0x00, 0x00, 0x00,
    0x00, 0x00, 0x00, 0x00, 0x00, 0x00, 0x00, 0x00, 0x00, 0x00, 0x00, 0x00, 0x00, 0x00, 0x00, 0x00,
    0x00, 0x00, 0x00, 0x00, 0x00, 0x00, 0x00, 0x00, 0x00, 0x00, 0x00, 0x00, 0x00, 0x00, 0x00, 0x00,
    0xb7, 0xa7, 0x57, 0x20, 0xb0, 0xa2, 0x51, 0xc4, 0xb6, 0xa7, 0x54, 0xff, 0xae, 0xa0, 0x51, 0xfb,
    0xae, 0xa0, 0x52, 0xfe, 0xae, 0x9f, 0x53, 0xfe, 0xae, 0x9f, 0x53, 0xfe, 0xae, 0x9f, 0x53, 0xfe,
    0xae, 0x9f, 0x53, 0xfe, 0xad, 0x9e, 0x52, 0xfe, 0xad, 0x9e, 0x52, 0xfe, 0xad, 0x9e, 0x52, 0xfe,
    0xad, 0x9e, 0x52, 0xfe, 0xad, 0x9e, 0x52, 0xfa, 0xb8, 0xa8, 0x55, 0xff, 0xab, 0x9d, 0x4d, 0x80,
    0x00, 0x00, 0x00, 0x00, 0xbf, 0xbf, 0x3f, 0x04, 0x00, 0x00, 0x00, 0x00, 0x00, 0x00, 0x00, 0x00,
    0x00, 0x00, 0x00, 0x00, 0x00, 0x00, 0x00, 0x00, 0x00, 0x00, 0x00, 0x00, 0x00, 0x00, 0x00, 0x00,
    0x00, 0x00, 0x00, 0x00, 0x00, 0x00, 0x00, 0x00, 0x00, 0x00, 0x00, 0x00, 0x00, 0x00, 0x00, 0x00,
    0x00, 0x00, 0x00, 0x00, 0x00, 0x00, 0x00, 0x00, 0x00, 0x00, 0x00, 0x00, 0x00, 0x00, 0x00, 0x00,
    0x00, 0x00, 0x00, 0x00, 0x00, 0x00, 0x00, 0x00, 0x00, 0x00, 0x00, 0x00, 0x00, 0x00, 0x00, 0x00,
    0x00, 0x00, 0x00, 0x00, 0x00, 0x00, 0x00, 0x00, 0x00, 0x00, 0x00, 0x00, 0x00, 0x00, 0x00, 0x00,
    0x00, 0x00, 0x00, 0x00, 0x00, 0x00, 0x00, 0x00, 0x00, 0x00, 0x00, 0x00, 0x00, 0x00, 0x00, 0x00,
    0x00, 0x00, 0x00, 0x00, 0x00, 0x00, 0x00, 0x00, 0x00, 0x00, 0x00, 0x00, 0x00, 0x00, 0x00, 0x00,
    0x00, 0x00, 0x00, 0x00, 0x00, 0x00, 0x00, 0x00, 0x00, 0x00, 0x00, 0x00, 0x00, 0x00, 0x00, 0x00,
    0x00, 0x00, 0x00, 0x00, 0x00, 0x00, 0x00, 0x00, 0x00, 0x00, 0x00, 0x00, 0x00, 0x00, 0x00, 0x00,
    0x00, 0x00, 0x00, 0x00, 0x00, 0x00, 0x00, 0x00, 0x00, 0x00, 0x00, 0x00, 0x00, 0x00, 0x00, 0x00,
    0x00, 0x00, 0x00, 0x00, 0x00, 0x00, 0x00, 0x00, 0xbf, 0x7f, 0x3f, 0x04, 0x00, 0x00, 0x00, 0x00,
    0xad, 0x9e, 0x51, 0x7a, 0xb9, 0xa9, 0x57, 0xff, 0xad, 0x9f, 0x52, 0xfa, 0xad, 0x9e, 0x52, 0xfe,
    0xad, 0x9e, 0x52, 0xfe, 0xad, 0x9e, 0x52, 0xfe, 0xad, 0x9e, 0x52, 0xfe, 0xad, 0x9e, 0x52, 0xfe,
    0xae, 0x9f, 0x53, 0xfe, 0xae, 0x9f, 0x53, 0xfe, 0xae, 0x9f, 0x53, 0xfe, 0xb0, 0xa1, 0x52, 0xfc,
    0xb2, 0xa3, 0x51, 0xfd, 0xb5, 0xa5, 0x55, 0xf3, 0xb6, 0xa3, 0x5b, 0x2a, 0x00, 0x00, 0x00, 0x00,
    0xb2, 0xb2, 0x66, 0x0a, 0xbf, 0x9f, 0x5f, 0x08, 0xb6, 0xb6, 0x6d, 0x07, 0xb6, 0xb6, 0x6d, 0x07,
    0xb6, 0xb6, 0x6d, 0x07, 0xaa, 0xaa, 0x55, 0x06, 0xaa, 0xaa, 0x55, 0x06, 0xaa, 0xaa, 0x55, 0x06,
    0xaa, 0xaa, 0x55, 0x06, 0xaa, 0xaa, 0x55, 0x06, 0x91, 0x91, 0x48, 0x07, 0xb6, 0x91, 0x48, 0x07,
    0xaa, 0xaa, 0x55, 0x06, 0xaa, 0xaa, 0x55, 0x06, 0xaa, 0xaa, 0x55, 0x06, 0xaa, 0xaa, 0x55, 0x06,
    0xaa, 0xaa, 0x55, 0x06, 0xaa, 0xaa, 0x55, 0x06, 0xaa, 0xaa, 0x55, 0x06, 0x91, 0x91, 0x48, 0x07,
    0xb6, 0x91, 0x48, 0x07, 0x91, 0x91, 0x48, 0x07, 0x91, 0x91, 0x48, 0x07, 0x91, 0x91, 0x48, 0x07,
    0xb6, 0x91, 0x48, 0x07, 0xb6, 0xb6, 0x48, 0x07, 0xb6, 0xb6, 0x48, 0x07, 0xb6, 0x91, 0x48, 0x07,
    0x91, 0x91, 0x48, 0x07, 0x91, 0x91, 0x48, 0x07, 0x91, 0x91, 0x48, 0x07, 0xaa, 0xaa, 0x55, 0x06,
    0x91, 0x91, 0x48, 0x07, 0x91, 0x91, 0x48, 0x07, 0x91, 0x91, 0x48, 0x07, 0x91, 0x91, 0x48, 0x07,
    0x91, 0x91, 0x48, 0x07, 0xaa, 0xaa, 0x55, 0x06, 0xb6, 0x91, 0x48, 0x07, 0x91, 0x91, 0x48, 0x07,
    0x91, 0x91, 0x48, 0x07, 0x91, 0x91, 0x48, 0x07, 0xb6, 0x91, 0x48, 0x07, 0x99, 0x99, 0x66, 0x05,
    0x91, 0x91, 0x48, 0x07, 0xb6, 0x91, 0x48, 0x07, 0x91, 0x91, 0x48, 0x07, 0x91, 0x91, 0x48, 0x07,
    0x91, 0x91, 0x48, 0x07, 0xb6, 0x91, 0x48, 0x07, 0xb6, 0x91, 0x48, 0x07, 0x91, 0x91, 0x48, 0x07,
    0xb6, 0x91, 0x48, 0x07, 0xb6, 0xb6, 0x6d, 0x07, 0xb6, 0x91, 0x48, 0x07, 0xb6, 0xb6, 0x48, 0x07,
    0xb6, 0xb6, 0x48, 0x07, 0xb6, 0xb6, 0x48, 0x07, 0xb6, 0x91, 0x48, 0x07, 0xb6, 0x91, 0x48, 0x07,
    0xb6, 0xb6, 0x48, 0x07, 0xb6, 0xb6, 0x48, 0x07, 0x91, 0x91, 0x48, 0x07, 0x91, 0x91, 0x48, 0x07,
    0x91, 0x91, 0x48, 0x07, 0xb6, 0xb6, 0x6d, 0x07, 0xb6, 0xb6, 0x6d, 0x07, 0xb6, 0xb6, 0x6d, 0x07,
    0xb6, 0xb6, 0x6d, 0x07, 0xaa, 0xaa, 0x55, 0x09, 0x00, 0x00, 0x00, 0x00, 0xaf, 0xa7, 0x57, 0x20,
    0xb3, 0xa3, 0x52, 0xec, 0xb1, 0xa2, 0x50, 0xfd, 0xae, 0xa0, 0x51, 0xfd, 0xae, 0x9f, 0x53, 0xfe,
    0xae, 0x9f, 0x53, 0xfe, 0xae, 0x9f, 0x53, 0xfe, 0xad, 0x9e, 0x52, 0xfe, 0xad, 0x9e, 0x52, 0xfe,
    0xad, 0x9e, 0x52, 0xfe, 0xad, 0x9e, 0x52, 0xfe, 0xad, 0x9f, 0x51, 0xfe, 0xad, 0x9f, 0x51, 0xfa,
    0xb8, 0xa8, 0x55, 0xff, 0xa9, 0x9d, 0x4d, 0x80, 0x00, 0x00, 0x00, 0x00, 0xbf, 0xbf, 0x3f, 0x04,
    0x00, 0x00, 0x00, 0x00, 0x00, 0x00, 0x00, 0x00, 0x00, 0x00, 0x00, 0x00, 0x00, 0x00, 0x00, 0x00,
    0x00, 0x00, 0x00, 0x00, 0x00, 0x00, 0x00, 0x00, 0x00, 0x00, 0x00, 0x00, 0x00, 0x00, 0x00, 0x00,
    0x00, 0x00, 0x00, 0x00, 0x00, 0x00, 0x00, 0x00, 0x00, 0x00, 0x00, 0x00, 0x00, 0x00, 0x00, 0x00,
    0x00, 0x00, 0x00, 0x00, 0x00, 0x00, 0x00, 0x00, 0x00, 0x00, 0x00, 0x00, 0x00, 0x00, 0x00, 0x00,
    0x00, 0x00, 0x00, 0x00, 0x00, 0x00, 0x00, 0x00, 0x00, 0x00, 0x00, 0x00, 0x00, 0x00, 0x00, 0x00,
    0x00, 0x00, 0x00, 0x00, 0x00, 0x00, 0x00, 0x00, 0x00, 0x00, 0x00, 0x00, 0x00, 0x00, 0x00, 0x00,
    0x00, 0x00, 0x00, 0x00, 0x00, 0x00, 0x00, 0x00, 0x00, 0x00, 0x00, 0x00, 0x00, 0x00, 0x00, 0x00,
    0x00, 0x00, 0x00, 0x00, 0x00, 0x00, 0x00, 0x00, 0x00, 0x00, 0x00, 0x00, 0x00, 0x00, 0x00, 0x00,
    0x00, 0x00, 0x00, 0x00, 0x00, 0x00, 0x00, 0x00, 0x00, 0x00, 0x00, 0x00, 0x00, 0x00, 0x00, 0x00,
    0x00, 0x00, 0x00, 0x00, 0x00, 0x00, 0x00, 0x00, 0x00, 0x00, 0x00, 0x00, 0x00, 0x00, 0x00, 0x00,
    0x00, 0x00, 0x00, 0x00, 0x00, 0x00, 0x00, 0x00, 0x00, 0x00, 0x00, 0x00, 0x00, 0x00, 0x00, 0x00,
    0xbf, 0x7f, 0x3f, 0x04, 0x00, 0x00, 0x00, 0x00, 0xac, 0x9d, 0x50, 0x7b, 0xb9, 0xa9, 0x57, 0xff,
    0xad, 0x9f, 0x52, 0xfa, 0xad, 0x9e, 0x52, 0xfe, 0xad, 0x9e, 0x52, 0xfe, 0xad, 0x9e, 0x52, 0xfe,
    0xad, 0x9e, 0x52, 0xfe, 0xad, 0x9e, 0x52, 0xfe, 0xae, 0x9f, 0x53, 0xfe, 0xae, 0x9f, 0x53, 0xfe,
    0xae, 0xa0, 0x52, 0xfe, 0xaf, 0xa2, 0x52, 0xfa, 0xba, 0xaa, 0x55, 0xff, 0xb1, 0xa1, 0x53, 0xb2,
    0x00, 0x00, 0x00, 0x00, 0xbf, 0xbf, 0x5f, 0x08, 0xbf, 0xbf, 0x7f, 0x04, 0xaa, 0xff, 0x55, 0x03,
    0xaa, 0xaa, 0x55, 0x03, 0xaa, 0xaa, 0x55, 0x03, 0xaa, 0xaa, 0x55, 0x03, 0xaa, 0xaa, 0x55, 0x03,
    0xaa, 0xaa, 0x55, 0x03, 0xaa, 0xaa, 0x55, 0x03, 0xaa, 0xaa, 0x55, 0x03, 0xaa, 0xaa, 0x55, 0x03,
    0xaa, 0xaa, 0x55, 0x03, 0xaa, 0xaa, 0x55, 0x03, 0xaa, 0xaa, 0x55, 0x03, 0xaa, 0xaa, 0x55, 0x03,
    0xaa, 0xaa, 0x55, 0x03, 0xaa, 0xaa, 0x55, 0x03, 0x7f, 0x7f, 0x7f, 0x02, 0xaa, 0xaa, 0x55, 0x03,
    0xaa, 0xaa, 0x55, 0x03, 0xaa, 0xaa, 0x55, 0x03, 0xaa, 0xaa, 0x55, 0x03, 0xaa, 0xaa, 0x55, 0x03,
    0xaa, 0xaa, 0x55, 0x03, 0xaa, 0xaa, 0x55, 0x03, 0xaa, 0xaa, 0x55, 0x03, 0xaa, 0xaa, 0x55, 0x03,
    0xaa, 0xaa, 0x55, 0x03, 0xaa, 0xaa, 0x55, 0x03, 0xaa, 0xaa, 0x55, 0x03, 0x7f, 0x7f, 0x7f, 0x02,
    0x7f, 0x7f, 0x7f, 0x02, 0x7f, 0x7f, 0x7f, 0x02, 0xaa, 0xaa, 0x55, 0x03, 0xaa, 0xaa, 0x55, 0x03,
    0xaa, 0xaa, 0x55, 0x03, 0xaa, 0xaa, 0x55, 0x03, 0xaa, 0xaa, 0x55, 0x03, 0xaa, 0xaa, 0x55, 0x03,
    0xaa, 0xaa, 0x55, 0x03, 0xaa, 0xaa, 0x55, 0x03, 0xaa, 0xaa, 0x55, 0x03, 0xaa, 0xaa, 0x55, 0x03,
    0xaa, 0xaa, 0x55, 0x03, 0x7f, 0x7f, 0x7f, 0x02, 0x7f, 0x7f, 0x7f, 0x02, 0xaa, 0xaa, 0x55, 0x03,
    0xaa, 0xaa, 0x55, 0x03, 0xaa, 0xaa, 0x55, 0x03, 0xaa, 0xaa, 0x55, 0x03, 0xaa, 0xaa, 0x55, 0x03,
    0xaa, 0xaa, 0x55, 0x03, 0xaa, 0xaa, 0x55, 0x03, 0xbf, 0xbf, 0x7f, 0x04, 0xbf, 0xbf, 0x7f, 0x04,
    0xaa, 0xaa, 0x55, 0x03, 0x7f, 0x7f, 0x7f, 0x02, 0x7f, 0x7f, 0x7f, 0x02, 0xaa, 0xaa, 0x55, 0x03,
    0xaa, 0xaa, 0x55, 0x03, 0xaa, 0xaa, 0x55, 0x03, 0xaa, 0xaa, 0x55, 0x03, 0xaa, 0xaa, 0x55, 0x03,
    0xaa, 0xaa, 0x55, 0x03, 0xaa, 0xaa, 0x55, 0x03, 0xaa, 0xaa, 0x55, 0x03, 0xaa, 0xaa, 0x55, 0x03,
    0xaa, 0xaa, 0x55, 0x03, 0xaa, 0xaa, 0x55, 0x03, 0xaa, 0xaa, 0x55, 0x03, 0xaa, 0xaa, 0x55, 0x03,
    0xbf, 0xbf, 0x5f, 0x08, 0x00, 0x00, 0x00, 0x00, 0xaf, 0x9f, 0x52, 0x9e, 0xb9, 0xaa, 0x54, 0xff,
    0xae, 0xa0, 0x51, 0xfa, 0xad, 0x9e, 0x52, 0xfe, 0xad, 0x9e, 0x52, 0xfe, 0xad, 0x9e, 0x52, 0xfe,
    0xad, 0x9e, 0x52, 0xfe, 0xad, 0x9e, 0x52, 0xfe, 0xad, 0x9e, 0x52, 0xfe, 0xad, 0x9e, 0x52, 0xfe,
    0xad, 0x9e, 0x52, 0xfe, 0xad, 0x9e, 0x51, 0xfa, 0xb8, 0xa8, 0x54, 0xff, 0xac, 0x9d, 0x4e, 0x7e,
    0x00, 0x00, 0x00, 0x00, 0xbf, 0xbf, 0x3f, 0x04, 0x00, 0x00, 0x00, 0x00, 0x00, 0x00, 0x00, 0x00,
    0x00, 0x00, 0x00, 0x00, 0x00, 0x00, 0x00, 0x00, 0x00, 0x00, 0x00, 0x00, 0x00, 0x00, 0x00, 0x00,
    0x00, 0x00, 0x00, 0x00, 0x00, 0x00, 0x00, 0x00, 0x00, 0x00, 0x00, 0x00, 0x00, 0x00, 0x00, 0x00,
    0x00, 0x00, 0x00, 0x00, 0x00, 0x00, 0x00, 0x00, 0x00, 0x00, 0x00, 0x00, 0x00, 0x00, 0x00, 0x00,
    0x00, 0x00, 0x00, 0x00, 0x00, 0x00, 0x00, 0x00, 0x00, 0x00, 0x00, 0x00, 0x00, 0x00, 0x00, 0x00,
    0x00, 0x00, 0x00, 0x00, 0x00, 0x00, 0x00, 0x00, 0x00, 0x00, 0x00, 0x00, 0x00, 0x00, 0x00, 0x00,
    0x00, 0x00, 0x00, 0x00, 0x00, 0x00, 0x00, 0x00, 0x00, 0x00, 0x00, 0x00, 0x00, 0x00, 0x00, 0x00,
    0x00, 0x00, 0x00, 0x00, 0x00, 0x00, 0x00, 0x00, 0x00, 0x00, 0x00, 0x00, 0x00, 0x00, 0x00, 0x00,
    0x00, 0x00, 0x00, 0x00, 0x00, 0x00, 0x00, 0x00, 0x00, 0x00, 0x00, 0x00, 0x00, 0x00, 0x00, 0x00,
    0x00, 0x00, 0x00, 0x00, 0x00, 0x00, 0x00, 0x00, 0x00, 0x00, 0x00, 0x00, 0x00, 0x00, 0x00, 0x00,
    0x00, 0x00, 0x00, 0x00, 0x00, 0x00, 0x00, 0x00, 0x00, 0x00, 0x00, 0x00, 0x00, 0x00, 0x00, 0x00,
    0x00, 0x00, 0x00, 0x00, 0x00, 0x00, 0x00, 0x00, 0xbf, 0xbf, 0x3f, 0x04, 0x00, 0x00, 0x00, 0x00,
    0xae, 0x9f, 0x50, 0x7b, 0xb9, 0xa9, 0x55, 0xff, 0xae, 0x9f, 0x52, 0xfa, 0xae, 0x9f, 0x53, 0xfe,
    0xae, 0x9f, 0x53, 0xfe, 0xae, 0x9f, 0x53, 0xfe, 0xae, 0x9f, 0x53, 0xfe, 0xae, 0x9f, 0x53, 0xfe,
    0xae, 0xa0, 0x52, 0xfe, 0xae, 0x9f, 0x52, 0xfe, 0xaf, 0xa0, 0x52, 0xfe, 0xb0, 0xa2, 0x51, 0xf9,
    0xbb, 0xab, 0x55, 0xff, 0xb2, 0xa2, 0x51, 0x9a, 0xff, 0xff, 0x00, 0x01, 0x9f, 0x9f, 0x5f, 0x08,
    0xaa, 0xaa, 0x55, 0x03, 0xaa, 0xaa, 0x55, 0x03, 0xaa, 0xaa, 0x55, 0x03, 0xaa, 0xaa, 0x55, 0x03,
    0xaa, 0xaa, 0x55, 0x03, 0xaa, 0xaa, 0x55, 0x03, 0xaa, 0xaa, 0x55, 0x03, 0xaa, 0xaa, 0x55, 0x03,
    0xaa, 0xaa, 0x55, 0x03, 0xaa, 0xaa, 0x55, 0x03, 0xaa, 0xaa, 0x55, 0x03, 0xaa, 0xaa, 0x55, 0x03,
    0xaa, 0xaa, 0x55, 0x03, 0xaa, 0xaa, 0x55, 0x03, 0xaa, 0xaa, 0x55, 0x03, 0xaa, 0xaa, 0x55, 0x03,
    0xaa, 0xaa, 0x55, 0x03, 0xaa, 0xaa, 0x55, 0x03, 0xaa, 0xaa, 0x55, 0x03, 0xaa, 0xaa, 0x55, 0x03,
    0xaa, 0xaa, 0x55, 0x03, 0xaa, 0xaa, 0x55, 0x03, 0xaa, 0xaa, 0x55, 0x03, 0xaa, 0xaa, 0x55, 0x03,
    0xaa, 0xaa, 0x55, 0x03, 0xaa, 0xaa, 0x55, 0x03, 0x7f, 0x7f, 0x7f, 0x02, 0xaa, 0xaa, 0x55, 0x03,
    0xaa, 0xaa, 0x55, 0x03, 0xaa, 0xaa, 0x55, 0x03, 0xaa, 0xaa, 0x55, 0x03, 0xaa, 0xaa, 0x55, 0x03,
    0xaa, 0xaa, 0x55, 0x03, 0xaa, 0xaa, 0x55, 0x03, 0xaa, 0xaa, 0x55, 0x03, 0xaa, 0xaa, 0x55, 0x03,
    0xaa, 0xaa, 0x55, 0x03, 0xaa, 0xaa, 0x55, 0x03, 0xaa, 0xaa, 0x55, 0x03, 0xaa, 0xaa, 0x55, 0x03,
    0xaa, 0xaa, 0x55, 0x03, 0xaa, 0xaa, 0x55, 0x03, 0xaa, 0xaa, 0x55, 0x03, 0xaa, 0xaa, 0x55, 0x03,
    0xaa, 0xaa, 0x55, 0x03, 0xaa, 0xaa, 0x55, 0x03, 0xaa, 0xaa, 0x55, 0x03, 0xaa, 0xaa, 0x55, 0x03,
    0xaa, 0xaa, 0x55, 0x03, 0xaa, 0xaa, 0x55, 0x03, 0xaa, 0xaa, 0x55, 0x03, 0xaa, 0xaa, 0x55, 0x03,
    0xaa, 0xaa, 0x55, 0x03, 0xaa, 0xaa, 0x55, 0x03, 0xaa, 0xaa, 0x55, 0x03, 0x7f, 0x7f, 0x7f, 0x02,
    0x7f, 0x7f, 0x7f, 0x02, 0xaa, 0xaa, 0x55, 0x03, 0xaa, 0xaa, 0x55, 0x03, 0xaa, 0xaa, 0x55, 0x03,
    0xaa, 0xaa, 0x55, 0x03, 0xaa, 0xaa, 0x55, 0x03, 0xaa, 0xaa, 0x55, 0x03, 0xaa, 0xaa, 0x55, 0x03,
    0xaa, 0xaa, 0x55, 0x03, 0xaa, 0xaa, 0x55, 0x03, 0xaa, 0xaa, 0x55, 0x03, 0xaa, 0xaa, 0x55, 0x03,
    0x7f, 0x7f, 0x7f, 0x02, 0xaa, 0xaa, 0x55, 0x03, 0xb6, 0x91, 0x48, 0x07, 0xff, 0xff, 0x00, 0x01,
    0xb2, 0xa2, 0x52, 0x85, 0xb9, 0xaa, 0x55, 0xff, 0xad, 0x9f, 0x50, 0xfa, 0xad, 0x9e, 0x52, 0xfe,
    0xad, 0x9e, 0x52, 0xfe, 0xad, 0x9e, 0x52, 0xfe, 0xad, 0x9e, 0x52, 0xfe, 0xad, 0x9e, 0x52, 0xfe,
    0xad, 0x9e, 0x51, 0xfe, 0xad, 0x9f, 0x51, 0xfe, 0xad, 0x9e, 0x51, 0xfe, 0xad, 0x9e, 0x51, 0xfa,
    0xb8, 0xa8, 0x55, 0xff, 0xae, 0x9f, 0x4e, 0x7e, 0x00, 0x00, 0x00, 0x00, 0xbf, 0xbf, 0x3f, 0x04,
    0x00, 0x00, 0x00, 0x00, 0x00, 0x00, 0x00, 0x00, 0x00, 0x00, 0x00, 0x00, 0x00, 0x00, 0x00, 0x00,
    0x00, 0x00, 0x00, 0x00, 0x00, 0x00, 0x00, 0x00, 0x00, 0x00, 0x00, 0x00, 0x00, 0x00, 0x00, 0x00,
    0x00, 0x00, 0x00, 0x00, 0x00, 0x00, 0x00, 0x00, 0x00, 0x00, 0x00, 0x00, 0x00, 0x00, 0x00, 0x00,
    0x00, 0x00, 0x00, 0x00, 0x00, 0x00, 0x00, 0x00, 0x00, 0x00, 0x00, 0x00, 0x00, 0x00, 0x00, 0x00,
    0x00, 0x00, 0x00, 0x00, 0x00, 0x00, 0x00, 0x00, 0x00, 0x00, 0x00, 0x00, 0x00, 0x00, 0x00, 0x00,
    0x00, 0x00, 0x00, 0x00, 0x00, 0x00, 0x00, 0x00, 0x00, 0x00, 0x00, 0x00, 0x00, 0x00, 0x00, 0x00,
    0x00, 0x00, 0x00, 0x00, 0x00, 0x00, 0x00, 0x00, 0x00, 0x00, 0x00, 0x00, 0x00, 0x00, 0x00, 0x00,
    0x00, 0x00, 0x00, 0x00, 0x00, 0x00, 0x00, 0x00, 0x00, 0x00, 0x00, 0x00, 0x00, 0x00, 0x00, 0x00,
    0x00, 0x00, 0x00, 0x00, 0x00, 0x00, 0x00, 0x00, 0x00, 0x00, 0x00, 0x00, 0x00, 0x00, 0x00, 0x00,
    0x00, 0x00, 0x00, 0x00, 0x00, 0x00, 0x00, 0x00, 0x00, 0x00, 0x00, 0x00, 0x00, 0x00, 0x00, 0x00,
    0x00, 0x00, 0x00, 0x00, 0x00, 0x00, 0x00, 0x00, 0x00, 0x00, 0x00, 0x00, 0x00, 0x00, 0x00, 0x00,
    0xbf, 0x7f, 0x3f, 0x04, 0x00, 0x00, 0x00, 0x00, 0xad, 0x9d, 0x4f, 0x80, 0xb9, 0xa8, 0x56, 0xff,
    0xae, 0x9f, 0x52, 0xfa, 0xae, 0x9f, 0x53, 0xfe, 0xae, 0x9f, 0x53, 0xfe, 0xae, 0x9f, 0x53, 0xfe,
    0xae, 0x9f, 0x53, 0xfe, 0xae, 0x9f, 0x53, 0xfe, 0xae, 0x9f, 0x53, 0xfe, 0xae, 0x9f, 0x53, 0xfe,
    0xae, 0x9f, 0x53, 0xfe, 0xae, 0xa1, 0x51, 0xfa, 0xbb, 0xab, 0x55, 0xff, 0xb2, 0xa0, 0x51, 0x9a,
    0x00, 0x00, 0x00, 0x00, 0xb6, 0xb6, 0x48, 0x07, 0xaa, 0xaa, 0x55, 0x03, 0xaa, 0xaa, 0x55, 0x03,
    0xaa, 0xaa, 0x55, 0x03, 0xaa, 0xaa, 0x55, 0x03, 0xaa, 0xaa, 0x55, 0x03, 0xaa, 0xaa, 0x55, 0x03,
    0xaa, 0xaa, 0x55, 0x03, 0xaa, 0xaa, 0x55, 0x03, 0xaa, 0xaa, 0x55, 0x03, 0xaa, 0xaa, 0x55, 0x03,
    0xbf, 0xbf, 0x7f, 0x04, 0xaa, 0xaa, 0x55, 0x03, 0xaa, 0xaa, 0x55, 0x03, 0xaa, 0xaa, 0x55, 0x03,
    0xaa, 0xaa, 0x55, 0x03, 0xaa, 0xaa, 0x55, 0x03, 0xaa, 0xaa, 0x55, 0x03, 0xbf, 0xbf, 0x7f, 0x04,
    0xbf, 0xbf, 0x7f, 0x04, 0xaa, 0xaa, 0x55, 0x03, 0xaa, 0xaa, 0x55, 0x03, 0xaa, 0xaa, 0x55, 0x03,
    0xaa, 0xaa, 0x55, 0x03, 0xaa, 0xaa, 0x55, 0x03, 0xaa, 0xaa, 0x55, 0x03, 0xaa, 0xaa, 0x55, 0x03,
    0xaa, 0xaa, 0x55, 0x03, 0xaa, 0xaa, 0x55, 0x03, 0xaa, 0xaa, 0x55, 0x03, 0xaa, 0xaa, 0x55, 0x03,
    0xaa, 0xaa, 0x55, 0x03, 0xaa, 0xaa, 0x55, 0x03, 0xaa, 0xaa, 0x55, 0x03, 0xaa, 0xaa, 0x55, 0x03,
    0xaa, 0xaa, 0x55, 0x03, 0xaa, 0xaa, 0x55, 0x03, 0xaa, 0xaa, 0x55, 0x03, 0xbf, 0xbf, 0x7f, 0x04,
    0xaa, 0xaa, 0x55, 0x03, 0xaa, 0xaa, 0x55, 0x03, 0xbf, 0xbf, 0x7f, 0x04, 0xaa, 0xaa, 0x55, 0x03,
    0xaa, 0xaa, 0x55, 0x03, 0xaa, 0xaa, 0x55, 0x03, 0xaa, 0xaa, 0x55, 0x03, 0xaa, 0xaa, 0x55, 0x03,
    0xaa, 0xaa, 0x55, 0x03, 0xaa, 0xaa, 0x55, 0x03, 0xaa, 0xaa, 0x55, 0x03, 0xaa, 0xaa, 0x55, 0x03,
    0xaa, 0xaa, 0x55, 0x03, 0xaa, 0xaa, 0x55, 0x03, 0xaa, 0xaa, 0x55, 0x03, 0xaa, 0xaa, 0x55, 0x03,
    0xaa, 0xaa, 0x55, 0x03, 0xaa, 0xaa, 0x55, 0x03, 0xff, 0x7f, 0x7f, 0x02, 0xaa, 0xaa, 0x55, 0x03,
    0xaa, 0xaa, 0x55, 0x03, 0xaa, 0xaa, 0x55, 0x03, 0xbf, 0xbf, 0x7f, 0x04, 0xbf, 0xbf, 0x7f, 0x04,
    0xbf, 0x7f, 0x3f, 0x04, 0xaa, 0xaa, 0x55, 0x03, 0xaa, 0xaa, 0x55, 0x03, 0xaa, 0xaa, 0x55, 0x03,
    0xaa, 0xaa, 0x55, 0x03, 0xaa, 0xaa, 0x55, 0x03, 0x7f, 0x7f, 0x7f, 0x02, 0xaa, 0xaa, 0x55, 0x03,
    0xb6, 0x91, 0x48, 0x07, 0x00, 0x00, 0x00, 0x00, 0xb2, 0xa3, 0x53, 0x86, 0xb9, 0xaa, 0x55, 0xff,
    0xad, 0x9f, 0x50, 0xfa, 0xad, 0x9e, 0x52, 0xfe, 0xad, 0x9e, 0x52, 0xfe, 0xad, 0x9e, 0x52, 0xfe,
    0xad, 0x9e, 0x51, 0xfe, 0xad, 0x9f, 0x51, 0xfe, 0xad, 0x9e, 0x52, 0xfe, 0xad, 0x9e, 0x52, 0xfe,
    0xad, 0x9e, 0x52, 0xfe, 0xad, 0x9e, 0x52, 0xfa, 0xb9, 0xa9, 0x55, 0xff, 0xad, 0x9d, 0x4f, 0x80,
    0x00, 0x00, 0x00, 0x00, 0xbf, 0xbf, 0x3f, 0x04, 0x00, 0x00, 0x00, 0x00, 0x00, 0x00, 0x00, 0x00,
    0x00, 0x00, 0x00, 0x00, 0x00, 0x00, 0x00, 0x00, 0x00, 0x00, 0x00, 0x00, 0x00, 0x00, 0x00, 0x00,
    0x00, 0x00, 0x00, 0x00, 0x00, 0x00, 0x00, 0x00, 0x00, 0x00, 0x00, 0x00, 0x00, 0x00, 0x00, 0x00,
    0x00, 0x00, 0x00, 0x00, 0x00, 0x00, 0x00, 0x00, 0x00, 0x00, 0x00, 0x00, 0x00, 0x00, 0x00, 0x00,
    0x00, 0x00, 0x00, 0x00, 0x00, 0x00, 0x00, 0x00, 0x00, 0x00, 0x00, 0x00, 0x00, 0x00, 0x00, 0x00,
    0x00, 0x00, 0x00, 0x00, 0x00, 0x00, 0x00, 0x00, 0x00, 0x00, 0x00, 0x00, 0x00, 0x00, 0x00, 0x00,
    0x00, 0x00, 0x00, 0x00, 0x00, 0x00, 0x00, 0x00, 0x00, 0x00, 0x00, 0x00, 0x00, 0x00, 0x00, 0x00,
    0x00, 0x00, 0x00, 0x00, 0x00, 0x00, 0x00, 0x00, 0x00, 0x00, 0x00, 0x00, 0x00, 0x00, 0x00, 0x00,
    0x00, 0x00, 0x00, 0x00, 0x00, 0x00, 0x00, 0x00, 0x00, 0x00, 0x00, 0x00, 0x00, 0x00, 0x00, 0x00,
    0x00, 0x00, 0x00, 0x00, 0x00, 0x00, 0x00, 0x00, 0x00, 0x00, 0x00, 0x00, 0x00, 0x00, 0x00, 0x00,
    0x00, 0x00, 0x00, 0x00, 0x00, 0x00, 0x00, 0x00, 0x00, 0x00, 0x00, 0x00, 0x00, 0x00, 0x00, 0x00,
    0x00, 0x00, 0x00, 0x00, 0x00, 0x00, 0x00, 0x00, 0xbf, 0x7f, 0x3f, 0x04, 0x00, 0x00, 0x00, 0x00,
    0xaf, 0x9d, 0x51, 0x80, 0xb9, 0xa9, 0x55, 0xff, 0xae, 0x9f, 0x52, 0xfa, 0xae, 0x9f, 0x53, 0xfe,
    0xae, 0x9f, 0x53, 0xfe, 0xae, 0x9f, 0x53, 0xfe, 0xae, 0x9f, 0x53, 0xfe, 0xae, 0x9f, 0x53, 0xfe,
    0xae, 0x9f, 0x53, 0xfe, 0xae, 0x9f, 0x53, 0xfe, 0xae, 0x9f, 0x53, 0xfe, 0xae, 0xa0, 0x52, 0xfa,
    0xba, 0xaa, 0x54, 0xff, 0xb0, 0x9f, 0x52, 0x9b, 0x00, 0x00, 0x00, 0x00, 0x91, 0x91, 0x48, 0x07,
    0xaa, 0xaa, 0x55, 0x03, 0xaa, 0xaa, 0x55, 0x03, 0xaa, 0xaa, 0x55, 0x03, 0xaa, 0xaa, 0x55, 0x03,
    0xbf, 0xbf, 0x7f, 0x04, 0xb6, 0xb6, 0x6d, 0x07, 0xaa, 0xaa, 0x55, 0x06, 0xaa, 0xaa, 0x55, 0x06,
    0xaa, 0xaa, 0x55, 0x06, 0xaa, 0xaa, 0x55, 0x06, 0xaa, 0xaa, 0x55, 0x06, 0xaa, 0xaa, 0x55, 0x06,
    0xaa, 0xaa, 0x55, 0x06, 0xaa, 0xaa, 0x55, 0x06, 0xaa, 0xaa, 0x55, 0x06, 0xaa, 0xaa, 0x55, 0x06,
    0xb6, 0x91, 0x48, 0x07, 0xb6, 0xb6, 0x6d, 0x07, 0xaa, 0xaa, 0x55, 0x06, 0xaa, 0xaa, 0x55, 0x06,
    0xaa, 0xaa, 0x55, 0x06, 0xaa, 0xaa, 0x55, 0x06, 0xaa, 0xaa, 0x55, 0x06, 0xaa, 0xaa, 0x55, 0x06,
    0xaa, 0xaa, 0x55, 0x06, 0xaa, 0xaa, 0x55, 0x06, 0xaa, 0xaa, 0x55, 0x06, 0xaa, 0xaa, 0x55, 0x06,
    0xaa, 0xaa, 0x55, 0x06, 0xaa, 0xaa, 0x55, 0x06, 0xaa, 0xaa, 0x55, 0x06, 0xaa, 0xaa, 0x55, 0x06,
    0xaa, 0xaa, 0x55, 0x06, 0xaa, 0xaa, 0x55, 0x06, 0xaa, 0xaa, 0x55, 0x06, 0xaa, 0xaa, 0x55, 0x06,
    0xaa, 0xaa, 0x55, 0x06, 0xaa, 0xaa, 0x55, 0x06, 0xaa, 0xaa, 0x55, 0x06, 0xaa, 0xaa, 0x55, 0x06,
    0xb6, 0xb6, 0x6d, 0x07, 0xaa, 0xaa, 0x55, 0x06, 0xaa, 0xaa, 0x55, 0x06, 0xaa, 0xaa, 0x55, 0x06,
    0xaa, 0xaa, 0x55, 0x06, 0xaa, 0xaa, 0x55, 0x06, 0xaa, 0xaa, 0x55, 0x06, 0xaa, 0xaa, 0x55, 0x06,
    0xaa, 0xaa, 0x55, 0x06, 0xaa, 0xaa, 0x55, 0x06, 0xaa, 0xaa, 0x55, 0x06, 0xaa, 0xaa, 0x55, 0x06,
    0xaa, 0xaa, 0x55, 0x06, 0xaa, 0xaa, 0x55, 0x06, 0xaa, 0xaa, 0x55, 0x06, 0xaa, 0xaa, 0x55, 0x06,
    0xaa, 0xaa, 0x55, 0x06, 0xaa, 0xaa, 0x55, 0x06, 0xaa, 0xaa, 0x55, 0x06, 0xaa, 0xaa, 0x55, 0x06,
    0xbf, 0xbf, 0x5f, 0x08, 0xb6, 0xb6, 0x6d, 0x07, 0x99, 0x99, 0x66, 0x05, 0xaa, 0xaa, 0x55, 0x03,
    0xaa, 0xaa, 0x55, 0x03, 0xaa, 0xaa, 0x55, 0x03, 0xaa, 0xaa, 0x55, 0x03, 0x7f, 0x7f, 0x7f, 0x02,
    0x7f, 0x7f, 0x7f, 0x02, 0xaa, 0xaa, 0x55, 0x03, 0xb6, 0x91, 0x48, 0x07, 0x00, 0x00, 0x00, 0x00,
    0xb0, 0xa1, 0x51, 0x86, 0xb9, 0xaa, 0x55, 0xff, 0xad, 0x9f, 0x52, 0xfa, 0xad, 0x9e, 0x52, 0xfe,
    0xad, 0x9e, 0x52, 0xfe, 0xad, 0x9e, 0x52, 0xfe, 0xad, 0x9e, 0x52, 0xfe, 0xad, 0x9e, 0x52, 0xfe,
    0xad, 0x9e, 0x52, 0xfe, 0xad, 0x9e, 0x52, 0xfe, 0xad, 0x9e, 0x52, 0xfe, 0xad, 0x9f, 0x52, 0xfa,
    0xb8, 0xa8, 0x55, 0xff, 0xac, 0x9d, 0x4e, 0x7e, 0x00, 0x00, 0x00, 0x00, 0x99, 0x99, 0x33, 0x05,
    0x00, 0x00, 0x00, 0x00, 0x00, 0x00, 0x00, 0x00, 0x00, 0x00, 0x00, 0x00, 0x00, 0x00, 0x00, 0x00,
    0x00, 0x00, 0x00, 0x00, 0x00, 0x00, 0x00, 0x00, 0x00, 0x00, 0x00, 0x00, 0x00, 0x00, 0x00, 0x00,
    0x00, 0x00, 0x00, 0x00, 0x00, 0x00, 0x00, 0x00, 0x00, 0x00, 0x00, 0x00, 0x00, 0x00, 0x00, 0x00,
    0x00, 0x00, 0x00, 0x00, 0x00, 0x00, 0x00, 0x00, 0x00, 0x00, 0x00, 0x00, 0x00, 0x00, 0x00, 0x00,
    0x00, 0x00, 0x00, 0x00, 0x00, 0x00, 0x00, 0x00, 0x00, 0x00, 0x00, 0x00, 0x00, 0x00, 0x00, 0x00,
    0x00, 0x00, 0x00, 0x00, 0x00, 0x00, 0x00, 0x00, 0x00, 0x00, 0x00, 0x00, 0x00, 0x00, 0x00, 0x00,
    0x00, 0x00, 0x00, 0x00, 0x00, 0x00, 0x00, 0x00, 0x00, 0x00, 0x00, 0x00, 0x00, 0x00, 0x00, 0x00,
    0x00, 0x00, 0x00, 0x00, 0x00, 0x00, 0x00, 0x00, 0x00, 0x00, 0x00, 0x00, 0x00, 0x00, 0x00, 0x00,
    0x00, 0x00, 0x00, 0x00, 0x00, 0x00, 0x00, 0x00, 0x00, 0x00, 0x00, 0x00, 0x00, 0x00, 0x00, 0x00,
    0x00, 0x00, 0x00, 0x00, 0x00, 0x00, 0x00, 0x00, 0x00, 0x00, 0x00, 0x00, 0x00, 0x00, 0x00, 0x00,
    0x00, 0x00, 0x00, 0x00, 0x00, 0x00, 0x00, 0x00, 0x00, 0x00, 0x00, 0x00, 0x00, 0x00, 0x00, 0x00,
    0xbf, 0x7f, 0x3f, 0x04, 0x00, 0x00, 0x00, 0x00, 0xad, 0x9f, 0x51, 0x7d, 0xb9, 0xaa, 0x55, 0xff,
    0xaf, 0xa0, 0x50, 0xf9, 0xae, 0xa0, 0x52, 0xfe, 0xae, 0x9f, 0x54, 0xfe, 0xae, 0x9f, 0x53, 0xfe,
    0xae, 0x9f, 0x53, 0xfe, 0xae, 0x9f, 0x53, 0xfe, 0xae, 0x9f, 0x53, 0xfe, 0xae, 0x9f, 0x53, 0xfe,
    0xae, 0xa0, 0x52, 0xfe, 0xae, 0xa1, 0x51, 0xfa, 0xba, 0xaa, 0x54, 0xff, 0xb0, 0x9f, 0x4e, 0x9b,
    0x00, 0x00, 0x00, 0x00, 0xaa, 0xaa, 0x55, 0x06, 0xaa, 0xaa, 0x55, 0x03, 0xbf, 0xbf, 0x7f, 0x04,
    0xaa, 0xaa, 0x55, 0x03, 0xbf, 0xbf, 0x7f, 0x04, 0xff, 0xff, 0xff, 0x01, 0x00, 0x00, 0x00, 0x00,
    0x00, 0x00, 0x00, 0x00, 0x00, 0x00, 0x00, 0x00, 0x00, 0x00, 0x00, 0x00, 0x00, 0x00, 0x00, 0x00,
    0x00, 0x00, 0x00, 0x00, 0x00, 0x00, 0x00, 0x00, 0x00, 0x00, 0x00, 0x00, 0x00, 0x00, 0x00, 0x00,
    0x00, 0x00, 0x00, 0x00, 0x00, 0x00, 0x00, 0x00, 0x00, 0x00, 0x00, 0x00, 0x00, 0x00, 0x00, 0x00,
    0x00, 0x00, 0x00, 0x00, 0x00, 0x00, 0x00, 0x00, 0x00, 0x00, 0x00, 0x00, 0x00, 0x00, 0x00, 0x00,
    0x00, 0x00, 0x00, 0x00, 0x00, 0x00, 0x00, 0x00, 0x00, 0x00, 0x00, 0x00, 0x00, 0x00, 0x00, 0x00,
    0x00, 0x00, 0x00, 0x00, 0x00, 0x00, 0x00, 0x00, 0x00, 0x00, 0x00, 0x00, 0x00, 0x00, 0x00, 0x00,
    0x00, 0x00, 0x00, 0x00, 0x00, 0x00, 0x00, 0x00, 0x00, 0x00, 0x00, 0x00, 0x00, 0x00, 0x00, 0x00,
    0x00, 0x00, 0x00, 0x00, 0x00, 0x00, 0x00, 0x00, 0x00, 0x00, 0x00, 0x00, 0x00, 0x00, 0x00, 0x00,
    0x00, 0x00, 0x00, 0x00, 0x00, 0x00, 0x00, 0x00, 0x00, 0x00, 0x00, 0x00, 0x00, 0x00, 0x00, 0x00,
    0x00, 0x00, 0x00, 0x00, 0x00, 0x00, 0x00, 0x00, 0x00, 0x00, 0x00, 0x00, 0x00, 0x00, 0x00, 0x00,
    0x00, 0x00, 0x00, 0x00, 0x00, 0x00, 0x00, 0x00, 0x00, 0x00, 0x00, 0x00, 0x00, 0x00, 0x00, 0x00,
    0x00, 0x00, 0x00, 0x00, 0x00, 0x00, 0x00, 0x00, 0x00, 0x00, 0x00, 0x00, 0x00, 0x00, 0x00, 0x00,
    0x00, 0x00, 0x00, 0x00, 0x00, 0x00, 0x00, 0x00, 0x00, 0x00, 0x00, 0x00, 0x00, 0x00, 0x00, 0x00,
    0x00, 0x00, 0x00, 0x00, 0x00, 0x00, 0x00, 0x00, 0x00, 0x00, 0x00, 0x00, 0x00, 0x00, 0x00, 0x00,
    0xbf, 0xbf, 0x7f, 0x04, 0xd4, 0xaa, 0x7f, 0x06, 0xaa, 0xaa, 0x55, 0x03, 0xaa, 0xaa, 0x55, 0x03,
    0x7f, 0x7f, 0x7f, 0x02, 0x7f, 0x7f, 0x7f, 0x02, 0xaa, 0xaa, 0x55, 0x03, 0xaa, 0xaa, 0x55, 0x03,
    0xb6, 0xb6, 0x48, 0x07, 0x00, 0x00, 0x00, 0x00, 0xaf, 0xa1, 0x51, 0x86, 0xb9, 0xaa, 0x55, 0xff,
    0xad, 0x9f, 0x50, 0xfa, 0xad, 0x9e, 0x51, 0xfe, 0xad, 0x9f, 0x50, 0xfe, 0xad, 0x9e, 0x52, 0xfe,
    0xad, 0x9e, 0x51, 0xfe, 0xad, 0x9f, 0x51, 0xfe, 0xad, 0x9e, 0x52, 0xfe, 0xad, 0x9e, 0x52, 0xfe,
    0xad, 0x9e, 0x52, 0xfe, 0xad, 0x9e, 0x52, 0xfa, 0xb8, 0xa8, 0x55, 0xff, 0xac, 0x9e, 0x4e, 0x7f,
    0x00, 0x00, 0x00, 0x00, 0xbf, 0xbf, 0x3f, 0x04, 0x00, 0x00, 0x00, 0x00, 0x00, 0x00, 0x00, 0x00,
    0x00, 0x00, 0x00, 0x00, 0x00, 0x00, 0x00, 0x00, 0x00, 0x00, 0x00, 0x00, 0x00, 0x00, 0x00, 0x00,
    0x00, 0x00, 0x00, 0x00, 0x00, 0x00, 0x00, 0x00, 0x00, 0x00, 0x00, 0x00, 0x00, 0x00, 0x00, 0x00,
    0x00, 0x00, 0x00, 0x00, 0x00, 0x00, 0x00, 0x00, 0x00, 0x00, 0x00, 0x00, 0x00, 0x00, 0x00, 0x00,
    0x00, 0x00, 0x00, 0x00, 0x00, 0x00, 0x00, 0x00, 0x00, 0x00, 0x00, 0x00, 0x00, 0x00, 0x00, 0x00,
    0x00, 0x00, 0x00, 0x00, 0x00, 0x00, 0x00, 0x00, 0x00, 0x00, 0x00, 0x00, 0x00, 0x00, 0x00, 0x00,
    0x00, 0x00, 0x00, 0x00, 0x00, 0x00, 0x00, 0x00, 0x00, 0x00, 0x00, 0x00, 0x00, 0x00, 0x00, 0x00,
    0x00, 0x00, 0x00, 0x00, 0x00, 0x00, 0x00, 0x00, 0x00, 0x00, 0x00, 0x00, 0x00, 0x00, 0x00, 0x00,
    0x00, 0x00, 0x00, 0x00, 0x00, 0x00, 0x00, 0x00, 0x00, 0x00, 0x00, 0x00, 0x00, 0x00, 0x00, 0x00,
    0x00, 0x00, 0x00, 0x00, 0x00, 0x00, 0x00, 0x00, 0x00, 0x00, 0x00, 0x00, 0x00, 0x00, 0x00, 0x00,
    0x00, 0x00, 0x00, 0x00, 0x00, 0x00, 0x00, 0x00, 0x00, 0x00, 0x00, 0x00, 0x00, 0x00, 0x00, 0x00,
    0x00, 0x00, 0x00, 0x00, 0x00, 0x00, 0x00, 0x00, 0xbf, 0x7f, 0x3f, 0x04, 0x00, 0x00, 0x00, 0x00,
    0xae, 0x9d, 0x50, 0x7e, 0xb9, 0xa9, 0x55, 0xff, 0xae, 0x9f, 0x52, 0xfa, 0xae, 0x9f, 0x53, 0xfe,
    0xae, 0x9f, 0x53, 0xfe, 0xae, 0x9f, 0x53, 0xfe, 0xae, 0x9f, 0x53, 0xfe, 0xae, 0x9f, 0x53, 0xfe,
    0xae, 0x9f, 0x53, 0xfe, 0xae, 0x9f, 0x53, 0xfe, 0xae, 0x9f, 0x53, 0xfe, 0xae, 0xa0, 0x52, 0xfa,
    0xba, 0xaa, 0x54, 0xff, 0xb0, 0xa0, 0x50, 0x99, 0x00, 0x00, 0x00, 0x00, 0xaa, 0xaa, 0x55, 0x06,
    0xaa, 0xaa, 0x55, 0x03, 0xaa, 0xaa, 0x55, 0x03, 0xcc, 0xcc, 0x66, 0x05, 0xaa, 0xaa, 0x55, 0x03,
    0xbf, 0xa5, 0x59, 0x14, 0xb5, 0xa5, 0x55, 0x7d, 0xb2, 0xa2, 0x54, 0xaa, 0xb4, 0xa4, 0x52, 0xab,
    0xb4, 0xa2, 0x52, 0xab, 0xb4, 0xa2, 0x52, 0xab, 0xb2, 0xa2, 0x52, 0xaa, 0xb2, 0xa2, 0x50, 0xab,
    0xb3, 0xa2, 0x51, 0xa9, 0xb4, 0xa3, 0x55, 0xaa, 0xb2, 0xa2, 0x52, 0xab, 0xb3, 0xa2, 0x52, 0xa9,
    0xb2, 0xa1, 0x51, 0xa9, 0xb4, 0xa1, 0x53, 0xab, 0xb2, 0xa1, 0x53, 0xab, 0xb2, 0xa2, 0x52, 0xaa,
    0xb2, 0xa3, 0x51, 0xaa, 0xb4, 0xa3, 0x52, 0xaa, 0xb4, 0xa3, 0x54, 0xaa, 0xb2, 0xa3, 0x55, 0xaa,
    0xb4, 0xa2, 0x53, 0xab, 0xb3, 0xa4, 0x55, 0xac, 0xb2, 0xa4, 0x55, 0xab, 0xb1, 0xa3, 0x52, 0xaa,
    0xb2, 0xa4, 0x53, 0xab, 0xb4, 0xa3, 0x54, 0xaa, 0xb4, 0xa3, 0x54, 0xaa, 0xb4, 0xa5, 0x54, 0xaa,
    0xb5, 0xa5, 0x54, 0xaa, 0xb4, 0xa3, 0x52, 0xaa, 0xb2, 0xa2, 0x52, 0xaa, 0xb4, 0xa3, 0x54, 0xaa,
    0xb2, 0xa2, 0x53, 0xab, 0xb4, 0xa2, 0x54, 0xaa, 0xb4, 0xa3, 0x54, 0xaa, 0xb5, 0xa3, 0x54, 0xaa,
    0xb3, 0xa3, 0x54, 0xac, 0xb1, 0xa3, 0x53, 0xac, 0xb4, 0xa3, 0x54, 0xaa, 0xb4, 0xa3, 0x55, 0xaa,
    0xb2, 0xa2, 0x54, 0xaa, 0xb2, 0xa3, 0x54, 0xaa, 0xb2, 0xa2, 0x53, 0xab, 0xb3, 0xa3, 0x53, 0xac,
    0xb2, 0xa2, 0x53, 0xab, 0xb4, 0xa2, 0x52, 0xab, 0xb1, 0xa2, 0x52, 0xaa, 0xb1, 0xa2, 0x54, 0xaa,
    0xb2, 0xa2, 0x55, 0xab, 0xb1, 0xa2, 0x53, 0xab, 0xb4, 0xa3, 0x54, 0xaa, 0xb3, 0xa4, 0x54, 0xac,
    0xb4, 0xa4, 0x54, 0xac, 0xb5, 0xa4, 0x55, 0xab, 0xb4, 0xa4, 0x55, 0xae, 0xb3, 0xa4, 0x54, 0xa9,
    0xb5, 0xa5, 0x56, 0x8b, 0xb2, 0xa5, 0x56, 0x4d, 0x99, 0x99, 0x66, 0x05, 0x00, 0x00, 0x00, 0x00,
    0xb6, 0xb6, 0x6d, 0x07, 0xaa, 0xaa, 0x55, 0x03, 0xaa, 0xaa, 0x55, 0x03, 0xaa, 0xaa, 0x55, 0x03,
    0xaa, 0xaa, 0x55, 0x03, 0xaa, 0xaa, 0x55, 0x03, 0xb6, 0xb6, 0x6d, 0x07, 0x00, 0x00, 0x00, 0x00,
    0xb0, 0xa1, 0x52, 0x85, 0xb9, 0xa9, 0x55, 0xff, 0xad, 0x9f, 0x52, 0xfa, 0xad, 0x9e, 0x52, 0xfe,
    0xad, 0x9e, 0x52, 0xfe, 0xad, 0x9e, 0x52, 0xfe, 0xad, 0x9e, 0x52, 0xfe, 0xad, 0x9e, 0x52, 0xfe,
    0xad, 0x9e, 0x52, 0xfe, 0xad, 0x9e, 0x52, 0xfe, 0xad, 0x9e, 0x52, 0xfe, 0xad, 0x9f, 0x51, 0xfa,
    0xb9, 0xa9, 0x54, 0xff, 0xad, 0x9d, 0x4f, 0x80, 0x00, 0x00, 0x00, 0x00, 0xbf, 0xbf, 0x3f, 0x04,
    0x00, 0x00, 0x00, 0x00, 0x00, 0x00, 0x00, 0x00, 0x00, 0x00, 0x00, 0x00, 0x00, 0x00, 0x00, 0x00,
    0x00, 0x00, 0x00, 0x00, 0x00, 0x00, 0x00, 0x00, 0x00, 0x00, 0x00, 0x00, 0x00, 0x00, 0x00, 0x00,
    0x00, 0x00, 0x00, 0x00, 0x00, 0x00, 0x00, 0x00, 0x00, 0x00, 0x00, 0x00, 0x00, 0x00, 0x00, 0x00,
    0x00, 0x00, 0x00, 0x00, 0x00, 0x00, 0x00, 0x00, 0x00, 0x00, 0x00, 0x00, 0x00, 0x00, 0x00, 0x00,
    0x00, 0x00, 0x00, 0x00, 0x00, 0x00, 0x00, 0x00, 0x00, 0x00, 0x00, 0x00, 0x00, 0x00, 0x00, 0x00,
    0x00, 0x00, 0x00, 0x00, 0x00, 0x00, 0x00, 0x00, 0x00, 0x00, 0x00, 0x00, 0x00, 0x00, 0x00, 0x00,
    0x00, 0x00, 0x00, 0x00, 0x00, 0x00, 0x00, 0x00, 0x00, 0x00, 0x00, 0x00, 0x00, 0x00, 0x00, 0x00,
    0x00, 0x00, 0x00, 0x00, 0x00, 0x00, 0x00, 0x00, 0x00, 0x00, 0x00, 0x00, 0x00, 0x00, 0x00, 0x00,
    0x00, 0x00, 0x00, 0x00, 0x00, 0x00, 0x00, 0x00, 0x00, 0x00, 0x00, 0x00, 0x00, 0x00, 0x00, 0x00,
    0x00, 0x00, 0x00, 0x00, 0x00, 0x00, 0x00, 0x00, 0x00, 0x00, 0x00, 0x00, 0x00, 0x00, 0x00, 0x00,
    0x00, 0x00, 0x00, 0x00, 0x00, 0x00, 0x00, 0x00, 0x00, 0x00, 0x00, 0x00, 0x00, 0x00, 0x00, 0x00,
    0xbf, 0x7f, 0x3f, 0x04, 0x00, 0x00, 0x00, 0x00, 0xab, 0x9d, 0x51, 0x7d, 0xb8, 0xa8, 0x56, 0xff,
    0xae, 0x9f, 0x52, 0xfa, 0xae, 0x9f, 0x53, 0xfe, 0xae, 0x9f, 0x52, 0xfe, 0xae, 0xa0, 0x52, 0xfe,
    0xae, 0x9f, 0x53, 0xfe, 0xae, 0x9f, 0x53, 0xfe, 0xae, 0x9f, 0x53, 0xfe, 0xae, 0x9f, 0x53, 0xfe,
    0xae, 0xa0, 0x52, 0xfe, 0xaf, 0xa1, 0x51, 0xfa, 0xb9, 0xaa, 0x55, 0xff, 0xb0, 0xa1, 0x51, 0x96,
    0x00, 0x00, 0x00, 0x00, 0xaa, 0xaa, 0x55, 0x06, 0xbf, 0xbf, 0x7f, 0x04, 0xbf, 0xbf, 0x7f, 0x04,
    0x99, 0x99, 0x66, 0x05, 0xbf, 0x7f, 0x7f, 0x04, 0xb4, 0xa3, 0x55, 0xb8, 0xc3, 0xb1, 0x59, 0xff,
    0xb8, 0xa8, 0x53, 0xff, 0xb9, 0xa9, 0x55, 0xff, 0xba, 0xa9, 0x54, 0xff, 0xb8, 0xaa, 0x54, 0xff,
    0xb8, 0xaa, 0x53, 0xff, 0xb9, 0xa9, 0x53, 0xff, 0xba, 0xa9, 0x54, 0xff, 0xb9, 0xa9, 0x55, 0xff,
    0xb9, 0xaa, 0x55, 0xff, 0xb9, 0xaa, 0x55, 0xff, 0xb8, 0xa8, 0x54, 0xff, 0xb9, 0xa8, 0x55, 0xff,
    0xba, 0xa8, 0x56, 0xff, 0xb9, 0xa9, 0x55, 0xff, 0xba, 0xa9, 0x55, 0xff, 0xbb, 0xa9, 0x55, 0xff,
    0xba, 0xab, 0x55, 0xff, 0xba, 0xab, 0x56, 0xff, 0xba, 0xab, 0x56, 0xff, 0xba, 0xab, 0x57, 0xff,
    0xba, 0xab, 0x56, 0xff, 0xb9, 0xaa, 0x55, 0xff, 0xb9, 0xaa, 0x56, 0xff, 0xba, 0xab, 0x56, 0xff,
    0xba, 0xaa, 0x56, 0xff, 0xb9, 0xab, 0x56, 0xff, 0xbb, 0xab, 0x56, 0xff, 0xbb, 0xab, 0x55, 0xff,
    0xb9, 0xaa, 0x54, 0xff, 0xb9, 0xaa, 0x55, 0xff, 0xba, 0xa9, 0x55, 0xff, 0xba, 0xaa, 0x55, 0xff,
    0xb9, 0xaa, 0x56, 0xff, 0xb9, 0xaa, 0x55, 0xff, 0xb9, 0xaa, 0x55, 0xff, 0xb9, 0xaa, 0x55, 0xff,
    0xb9, 0xaa, 0x56, 0xff, 0xbc, 0xaa, 0x56, 0xff, 0xba, 0xab, 0x56, 0xff, 0xbb, 0xaa, 0x56, 0xff,
    0xb9, 0xab, 0x55, 0xff, 0xb9, 0xaa, 0x55, 0xff, 0xb9, 0xaa, 0x55, 0xff, 0xbb, 0xaa, 0x55, 0xff,
    0xb9, 0xaa, 0x55, 0xff, 0xb9, 0xaa, 0x55, 0xff, 0xb9, 0xaa, 0x55, 0xff, 0xb8, 0xaa, 0x55, 0xff,
    0xb9, 0xaa, 0x55, 0xff, 0xb8, 0xa9, 0x54, 0xff, 0xba, 0xaa, 0x56, 0xff, 0xba, 0xaa, 0x56, 0xff,
    0xb9, 0xaa, 0x56, 0xff, 0xba, 0xab, 0x56, 0xff, 0xbb, 0xab, 0x56, 0xff, 0xb7, 0xa8, 0x55, 0xff,
    0xb5, 0xa5, 0x55, 0xca, 0xb3, 0x9f, 0x53, 0x40, 0x00, 0x00, 0x00, 0x00, 0xb6, 0x91, 0x6d, 0x07,
    0xaa, 0xaa, 0x55, 0x03, 0xaa, 0xaa, 0x55, 0x03, 0xaa, 0xaa, 0x55, 0x03, 0xaa, 0xaa, 0x55, 0x03,
    0xb6, 0xb6, 0x6d, 0x07, 0x00, 0x00, 0x00, 0x00, 0xb0, 0xa1, 0x53, 0x86, 0xb9, 0xaa, 0x55, 0xff,
    0xad, 0x9f, 0x52, 0xfa, 0xad, 0x9e, 0x52, 0xfe, 0xad, 0x9e, 0x52, 0xfe, 0xad, 0x9e, 0x52, 0xfe,
    0xad, 0x9e, 0x52, 0xfe, 0xad, 0x9e, 0x52, 0xfe, 0xad, 0x9e, 0x52, 0xfe, 0xad, 0x9e, 0x52, 0xfe,
    0xad, 0x9f, 0x51, 0xfe, 0xad, 0x9f, 0x51, 0xfa, 0xb9, 0xa9, 0x55, 0xff, 0xac, 0x9e, 0x4e, 0x7f,
    0x00, 0x00, 0x00, 0x00, 0xbf, 0xbf, 0x3f, 0x04, 0x00, 0x00, 0x00, 0x00, 0x00, 0x00, 0x00, 0x00,
    0x00, 0x00, 0x00, 0x00, 0x00, 0x00, 0x00, 0x00, 0x00, 0x00, 0x00, 0x00, 0x00, 0x00, 0x00, 0x00,
    0x00, 0x00, 0x00, 0x00, 0x00, 0x00, 0x00, 0x00, 0x00, 0x00, 0x00, 0x00, 0x00, 0x00, 0x00, 0x00,
    0x00, 0x00, 0x00, 0x00, 0x00, 0x00, 0x00, 0x00, 0x00, 0x00, 0x00, 0x00, 0x00, 0x00, 0x00, 0x00,
    0x00, 0x00, 0x00, 0x00, 0x00, 0x00, 0x00, 0x00, 0x00, 0x00, 0x00, 0x00, 0x00, 0x00, 0x00, 0x00,
    0x00, 0x00, 0x00, 0x00, 0x00, 0x00, 0x00, 0x00, 0x00, 0x00, 0x00, 0x00, 0x00, 0x00, 0x00, 0x00,
    0x00, 0x00, 0x00, 0x00, 0x00, 0x00, 0x00, 0x00, 0x00, 0x00, 0x00, 0x00, 0x00, 0x00, 0x00, 0x00,
    0x00, 0x00, 0x00, 0x00, 0x00, 0x00, 0x00, 0x00, 0x00, 0x00, 0x00, 0x00, 0x00, 0x00, 0x00, 0x00,
    0x00, 0x00, 0x00, 0x00, 0x00, 0x00, 0x00, 0x00, 0x00, 0x00, 0x00, 0x00, 0x00, 0x00, 0x00, 0x00,
    0x00, 0x00, 0x00, 0x00, 0x00, 0x00, 0x00, 0x00, 0x00, 0x00, 0x00, 0x00, 0x00, 0x00, 0x00, 0x00,
    0x00, 0x00, 0x00, 0x00, 0x00, 0x00, 0x00, 0x00, 0x00, 0x00, 0x00, 0x00, 0x00, 0x00, 0x00, 0x00,
    0x00, 0x00, 0x00, 0x00, 0x00, 0x00, 0x00, 0x00, 0xbf, 0x7f, 0x3f, 0x04, 0x00, 0x00, 0x00, 0x00,
    0xac, 0xa0, 0x52, 0x7c, 0xb9, 0xa9, 0x57, 0xff, 0xad, 0x9f, 0x52, 0xfa, 0xad, 0x9e, 0x52, 0xfe,
    0xad, 0x9e, 0x52, 0xfe, 0xad, 0x9e, 0x52, 0xfe, 0xae, 0x9f, 0x53, 0xfe, 0xae, 0x9f, 0x53, 0xfe,
    0xae, 0x9f, 0x53, 0xfe, 0xae, 0x9f, 0x53, 0xfe, 0xae, 0xa0, 0x52, 0xfe, 0xae, 0xa1, 0x51, 0xfa,
    0xba, 0xaa, 0x54, 0xff, 0xb0, 0xa1, 0x50, 0x98, 0x00, 0x00, 0x00, 0x00, 0xb6, 0x91, 0x48, 0x07,
    0xbf, 0xbf, 0x7f, 0x04, 0xcc, 0x99, 0x66, 0x05, 0x00, 0x00, 0x00, 0x00, 0xb3, 0xa2, 0x56, 0x2c,
    0xb1, 0xa3, 0x52, 0xff, 0xb0, 0xa2, 0x51, 0xfa, 0xaf, 0xa0, 0x52, 0xfa, 0xaf, 0xa0, 0x53, 0xfb,
    0xaf, 0xa1, 0x51, 0xfa, 0xaf, 0xa1, 0x50, 0xfa, 0xb0, 0xa0, 0x50, 0xfa, 0xaf, 0xa1, 0x51, 0xfa,
    0xaf, 0xa1, 0x50, 0xfa, 0xaf, 0xa0, 0x51, 0xfa, 0xaf, 0xa1, 0x52, 0xfa, 0xae, 0xa0, 0x53, 0xfa,
    0xae, 0xa0, 0x53, 0xfa, 0xae, 0xa0, 0x52, 0xfb, 0xae, 0x9f, 0x52, 0xfb, 0xaf, 0xa0, 0x53, 0xfa,
    0xae, 0x9f, 0x53, 0xfb, 0xb0, 0xa1, 0x52, 0xfa, 0xb1, 0xa2, 0x51, 0xfa, 0xb1, 0xa3, 0x53, 0xfa,
    0xaf, 0xa1, 0x55, 0xfb, 0xb0, 0xa1, 0x55, 0xfb, 0xb1, 0xa2, 0x54, 0xfa, 0xb0, 0xa2, 0x51, 0xfa,
    0xb0, 0xa2, 0x51, 0xfa, 0xb1, 0xa2, 0x52, 0xfa, 0xb0, 0xa1, 0x53, 0xfa, 0xb0, 0xa2, 0x53, 0xfa,
    0xb0, 0xa1, 0x53, 0xfa, 0xb0, 0xa2, 0x51, 0xfa, 0xb0, 0xa2, 0x52, 0xfa, 0xb0, 0xa2, 0x51, 0xfa,
    0xb0, 0xa1, 0x53, 0xfa, 0xb0, 0xa1, 0x54, 0xfa, 0xb0, 0xa1, 0x53, 0xfa, 0xaf, 0xa1, 0x53, 0xfa,
    0xb0, 0xa1, 0x52, 0xfa, 0xaf, 0xa1, 0x53, 0xfa, 0xaf, 0xa1, 0x52, 0xfa, 0xb0, 0xa1, 0x50, 0xfa,
    0xb0, 0xa1, 0x51, 0xfa, 0xb0, 0xa1, 0x53, 0xfa, 0xb0, 0xa2, 0x52, 0xfa, 0xb0, 0xa2, 0x52, 0xfa,
    0xb1, 0xa2, 0x52, 0xfa, 0xb0, 0xa1, 0x54, 0xfa, 0xb0, 0xa2, 0x52, 0xfa, 0xaf, 0xa2, 0x51, 0xfa,
    0xaf, 0xa1, 0x50, 0xfa, 0xaf, 0xa1, 0x50, 0xfa, 0xaf, 0xa1, 0x50, 0xfa, 0xaf, 0xa1, 0x51, 0xfa,
    0xb0, 0xa2, 0x53, 0xfa, 0xae, 0xa0, 0x54, 0xfb, 0xaf, 0xa0, 0x53, 0xfb, 0xb0, 0xa2, 0x52, 0xfa,
    0xb0, 0xa1, 0x51, 0xfa, 0xb0, 0xa1, 0x50, 0xfa, 0xb7, 0xa6, 0x53, 0xff, 0xb5, 0xa6, 0x54, 0xfb,
    0xb1, 0xa3, 0x55, 0x56, 0x00, 0x00, 0x00, 0x00, 0xaa, 0xaa, 0x55, 0x06, 0xaa, 0xaa, 0x55, 0x03,
    0xaa, 0xaa, 0x55, 0x03, 0xaa, 0xaa, 0x55, 0x03, 0xb6, 0xb6, 0x48, 0x07, 0x00, 0x00, 0x00, 0x00,
    0xb1, 0xa0, 0x53, 0x87, 0xba, 0xa9, 0x55, 0xff, 0xad, 0x9f, 0x50, 0xfa, 0xad, 0x9e, 0x52, 0xfe,
    0xad, 0x9e, 0x52, 0xfe, 0xad, 0x9e, 0x52, 0xfe, 0xad, 0x9e, 0x52, 0xfe, 0xad, 0x9e, 0x52, 0xfe,
    0xad, 0x9e, 0x52, 0xfe, 0xad, 0x9e, 0x52, 0xfe, 0xac, 0x9d, 0x51, 0xfe, 0xac, 0x9d, 0x50, 0xfa,
    0xb8, 0xa8, 0x55, 0xff, 0xab, 0x9d, 0x4f, 0x80, 0x00, 0x00, 0x00, 0x00, 0xbf, 0xbf, 0x3f, 0x04,
    0x00, 0x00, 0x00, 0x00, 0x00, 0x00, 0x00, 0x00, 0x00, 0x00, 0x00, 0x00, 0x00, 0x00, 0x00, 0x00,
    0x00, 0x00, 0x00, 0x00, 0x00, 0x00, 0x00, 0x00, 0x00, 0x00, 0x00, 0x00, 0x00, 0x00, 0x00, 0x00,
    0x00, 0x00, 0x00, 0x00, 0x00, 0x00, 0x00, 0x00, 0x00, 0x00, 0x00, 0x00, 0x00, 0x00, 0x00, 0x00,
    0x00, 0x00, 0x00, 0x00, 0x00, 0x00, 0x00, 0x00, 0x00, 0x00, 0x00, 0x00, 0x00, 0x00, 0x00, 0x00,
    0x00, 0x00, 0x00, 0x00, 0x00, 0x00, 0x00, 0x00, 0x00, 0x00, 0x00, 0x00, 0x00, 0x00, 0x00, 0x00,
    0x00, 0x00, 0x00, 0x00, 0x00, 0x00, 0x00, 0x00, 0x00, 0x00, 0x00, 0x00, 0x00, 0x00, 0x00, 0x00,
    0x00, 0x00, 0x00, 0x00, 0x00, 0x00, 0x00, 0x00, 0x00, 0x00, 0x00, 0x00, 0x00, 0x00, 0x00, 0x00,
    0x00, 0x00, 0x00, 0x00, 0x00, 0x00, 0x00, 0x00, 0x00, 0x00, 0x00, 0x00, 0x00, 0x00, 0x00, 0x00,
    0x00, 0x00, 0x00, 0x00, 0x00, 0x00, 0x00, 0x00, 0x00, 0x00, 0x00, 0x00, 0x00, 0x00, 0x00, 0x00,
    0x00, 0x00, 0x00, 0x00, 0x00, 0x00, 0x00, 0x00, 0x00, 0x00, 0x00, 0x00, 0x00, 0x00, 0x00, 0x00,
    0x00, 0x00, 0x00, 0x00, 0x00, 0x00, 0x00, 0x00, 0x00, 0x00, 0x00, 0x00, 0x00, 0x00, 0x00, 0x00,
    0xbf, 0x7f, 0x3f, 0x04, 0x00, 0x00, 0x00, 0x00, 0xaf, 0x9f, 0x53, 0x7d, 0xb9, 0xaa, 0x57, 0xff,
    0xad, 0x9f, 0x52, 0xfa, 0xad, 0x9e, 0x52, 0xfe, 0xad, 0x9e, 0x52, 0xfe, 0xad, 0x9e, 0x52, 0xfe,
    0xae, 0x9f, 0x53, 0xfe, 0xae, 0x9f, 0x52, 0xfe, 0xae, 0xa0, 0x52, 0xfe, 0xae, 0x9f, 0x53, 0xfe,
    0xae, 0xa0, 0x52, 0xfe, 0xaf, 0xa1, 0x51, 0xfa, 0xbb, 0xac, 0x56, 0xff, 0xb1, 0xa3, 0x51, 0x97,
    0x00, 0x00, 0x00, 0x00, 0xb6, 0xb6, 0x6d, 0x07, 0xaa, 0xaa, 0x55, 0x03, 0xcc, 0x99, 0x66, 0x05,
    0x00, 0x00, 0x00, 0x00, 0xb4, 0xa6, 0x58, 0x37, 0xb1, 0xa3, 0x52, 0xff, 0xaf, 0xa0, 0x53, 0xfd,
    0xae, 0xa0, 0x52, 0xfe, 0xaf, 0xa1, 0x52, 0xfe, 0xaf, 0xa0, 0x53, 0xfe, 0xae, 0xa0, 0x52, 0xfe,
    0xaf, 0xa1, 0x52, 0xfe, 0xaf, 0xa0, 0x52, 0xfe, 0xae, 0x9f, 0x53, 0xfe, 0xae, 0x9f, 0x53, 0xfe,
    0xae, 0x9f, 0x53, 0xfe, 0xae, 0x9f, 0x53, 0xfe, 0xaf, 0xa0, 0x54, 0xfe, 0xaf, 0xa0, 0x54, 0xfe,
    0xaf, 0xa0, 0x54, 0xfe, 0xaf, 0xa0, 0x54, 0xfe, 0xaf, 0xa0, 0x53, 0xfe, 0xaf, 0xa0, 0x53, 0xfe,
    0xaf, 0xa1, 0x53, 0xfe, 0xb0, 0xa1, 0x55, 0xfe, 0xb0, 0xa1, 0x55, 0xfe, 0xb0, 0xa1, 0x55, 0xfe,
    0xb0, 0xa1, 0x54, 0xfe, 0xaf, 0xa1, 0x52, 0xfe, 0xb0, 0xa2, 0x52, 0xfd, 0xaf, 0xa0, 0x54, 0xfe,
    0xaf, 0xa0, 0x54, 0xfe, 0xaf, 0xa0, 0x54, 0xfe, 0xb0, 0xa1, 0x55, 0xfe, 0xb0, 0xa1, 0x55, 0xfe,
    0xaf, 0xa0, 0x54, 0xfe, 0xaf, 0xa0, 0x54, 0xfe, 0xaf, 0xa0, 0x54, 0xfe, 0xaf, 0xa0, 0x54, 0xfe,
    0xaf, 0xa0, 0x54, 0xfe, 0xaf, 0xa0, 0x54, 0xfe, 0xaf, 0xa0, 0x54, 0xfe, 0xaf, 0xa0, 0x54, 0xfe,
    0xae, 0x9f, 0x53, 0xfe, 0xae, 0x9f, 0x53, 0xfe, 0xae, 0x9f, 0x53, 0xfe, 0xaf, 0xa0, 0x54, 0xfe,
    0xaf, 0xa0, 0x54, 0xfe, 0xaf, 0xa0, 0x54, 0xfe, 0xaf, 0xa0, 0x54, 0xfe, 0xaf, 0xa0, 0x54, 0xfe,
    0xaf, 0xa0, 0x54, 0xfe, 0xaf, 0xa0, 0x54, 0xfe, 0xae, 0x9f, 0x53, 0xfe, 0xae, 0x9f, 0x53, 0xfe,
    0xae, 0x9f, 0x53, 0xfe, 0xae, 0x9f, 0x53, 0xfe, 0xaf, 0xa0, 0x53, 0xfe, 0xae, 0xa1, 0x52, 0xfe,
    0xaf, 0xa0, 0x53, 0xfe, 0xaf, 0xa1, 0x53, 0xfe, 0xaf, 0xa0, 0x53, 0xfe, 0xae, 0xa0, 0x51, 0xfe,
    0xae, 0xa0, 0x51, 0xfa, 0xb2, 0xa4, 0x51, 0xfd, 0xb4, 0xa5, 0x52, 0xf8, 0xb0, 0xa1, 0x53, 0x31,
    0x7f, 0x7f, 0x7f, 0x02, 0xaa, 0xaa, 0x55, 0x06, 0x7f, 0x7f, 0x7f, 0x02, 0xaa, 0xaa, 0x55, 0x03,
    0xb6, 0xb6, 0x48, 0x07, 0x00, 0x00, 0x00, 0x00, 0xb0, 0xa1, 0x50, 0x88, 0xb8, 0xa9, 0x54, 0xff,
    0xad, 0x9e, 0x51, 0xfa, 0xad, 0x9e, 0x52, 0xfe, 0xad, 0x9e, 0x52, 0xfe, 0xad, 0x9e, 0x52, 0xfe,
    0xad, 0x9e, 0x52, 0xfe, 0xad, 0x9e, 0x52, 0xfe, 0xad, 0x9e, 0x52, 0xfe, 0xad, 0x9e, 0x52, 0xfe,
    0xac, 0x9d, 0x51, 0xfe, 0xac, 0x9d, 0x50, 0xfa, 0xb8, 0xa8, 0x55, 0xff, 0xab, 0x9d, 0x4d, 0x83,
    0x00, 0x00, 0x00, 0x00, 0xbf, 0x7f, 0x3f, 0x04, 0x00, 0x00, 0x00, 0x00, 0x00, 0x00, 0x00, 0x00,
    0x00, 0x00, 0x00, 0x00, 0x00, 0x00, 0x00, 0x00, 0x00, 0x00, 0x00, 0x00, 0x00, 0x00, 0x00, 0x00,
    0x00, 0x00, 0x00, 0x00, 0x00, 0x00, 0x00, 0x00, 0x00, 0x00, 0x00, 0x00, 0x00, 0x00, 0x00, 0x00,
    0x00, 0x00, 0x00, 0x00, 0x00, 0x00, 0x00, 0x00, 0x00, 0x00, 0x00, 0x00, 0x00, 0x00, 0x00, 0x00,
    0x00, 0x00, 0x00, 0x00, 0x00, 0x00, 0x00, 0x00, 0x00, 0x00, 0x00, 0x00, 0x00, 0x00, 0x00, 0x00,
    0x00, 0x00, 0x00, 0x00, 0x00, 0x00, 0x00, 0x00, 0x00, 0x00, 0x00, 0x00, 0x00, 0x00, 0x00, 0x00,
    0x00, 0x00, 0x00, 0x00, 0x00, 0x00, 0x00, 0x00, 0x00, 0x00, 0x00, 0x00, 0x00, 0x00, 0x00, 0x00,
    0x00, 0x00, 0x00, 0x00, 0x00, 0x00, 0x00, 0x00, 0x00, 0x00, 0x00, 0x00, 0x00, 0x00, 0x00, 0x00,
    0x00, 0x00, 0x00, 0x00, 0x00, 0x00, 0x00, 0x00, 0x00, 0x00, 0x00, 0x00, 0x00, 0x00, 0x00, 0x00,
    0x00, 0x00, 0x00, 0x00, 0x00, 0x00, 0x00, 0x00, 0x00, 0x00, 0x00, 0x00, 0x00, 0x00, 0x00, 0x00,
    0x00, 0x00, 0x00, 0x00, 0x00, 0x00, 0x00, 0x00, 0x00, 0x00, 0x00, 0x00, 0x00, 0x00, 0x00, 0x00,
    0x00, 0x00, 0x00, 0x00, 0x00, 0x00, 0x00, 0x00, 0xbf, 0x7f, 0x3f, 0x04, 0x00, 0x00, 0x00, 0x00,
    0xad, 0x9d, 0x51, 0x80, 0xb9, 0xa9, 0x57, 0xff, 0xad, 0x9f, 0x52, 0xfa, 0xad, 0x9e, 0x52, 0xfe,
    0xad, 0x9e, 0x52, 0xfe, 0xad, 0x9e, 0x52, 0xfe, 0xad, 0x9e, 0x52, 0xfe, 0xae, 0x9f, 0x53, 0xfe,
    0xae, 0xa0, 0x52, 0xfe, 0xae, 0xa0, 0x52, 0xfe, 0xae, 0x9f, 0x52, 0xfe, 0xaf, 0xa1, 0x51, 0xfa,
    0xbb, 0xab, 0x55, 0xff, 0xb1, 0xa2, 0x51, 0x97, 0x00, 0x00, 0x00, 0x00, 0xb6, 0xb6, 0x48, 0x07,
    0xaa, 0xaa, 0x55, 0x03, 0xcc, 0x99, 0x66, 0x05, 0x00, 0x00, 0x00, 0x00, 0xb4, 0xa6, 0x58, 0x37,
    0xb1, 0xa3, 0x53, 0xff, 0xaf, 0xa0, 0x54, 0xfe, 0xaf, 0xa0, 0x54, 0xfe, 0xaf, 0xa1, 0x52, 0xfe,
    0xaf, 0xa0, 0x54, 0xfe, 0xaf, 0xa0, 0x54, 0xfe, 0xaf, 0xa1, 0x52, 0xfe, 0xaf, 0xa1, 0x53, 0xfe,
    0xaf, 0xa0, 0x54, 0xfe, 0xaf, 0xa0, 0x53, 0xfe, 0xaf, 0xa1, 0x53, 0xfe, 0xaf, 0xa0, 0x54, 0xfe,
    0xaf, 0xa0, 0x54, 0xfe, 0xaf, 0xa0, 0x54, 0xfe, 0xaf, 0xa0, 0x54, 0xfe, 0xaf, 0xa0, 0x54, 0xfe,
    0xaf, 0xa0, 0x54, 0xfe, 0xaf, 0xa0, 0x54, 0xfe, 0xaf, 0xa0, 0x54, 0xfe, 0xaf, 0xa1, 0x54, 0xfe,
    0xb0, 0xa1, 0x55, 0xfe, 0xb0, 0xa1, 0x55, 0xfe, 0xaf, 0xa0, 0x54, 0xfe, 0xaf, 0xa0, 0x54, 0xfe,
    0xb0, 0xa1, 0x55, 0xfe, 0xb0, 0xa1, 0x55, 0xfe, 0xb0, 0xa1, 0x55, 0xfe, 0xb0, 0xa1, 0x55, 0xfe,
    0xb0, 0xa1, 0x55, 0xfe, 0xb0, 0xa1, 0x55, 0xfe, 0xaf, 0xa0, 0x54, 0xfe, 0xaf, 0xa0, 0x54, 0xfe,
    0xaf, 0xa0, 0x54, 0xfe, 0xb0, 0xa1, 0x55, 0xfe, 0xaf, 0xa0, 0x54, 0xfe, 0xaf, 0xa0, 0x54, 0xfe,
    0xaf, 0xa0, 0x54, 0xfe, 0xaf, 0xa0, 0x54, 0xfe, 0xaf, 0xa1, 0x53, 0xfe, 0xaf, 0xa0, 0x53, 0xfe,
    0xae, 0x9f, 0x53, 0xfe, 0xaf, 0xa0, 0x54, 0xfe, 0xaf, 0xa0, 0x53, 0xfe, 0xaf, 0xa0, 0x54, 0xfe,
    0xaf, 0xa1, 0x52, 0xfe, 0xaf, 0xa0, 0x54, 0xfe, 0xaf, 0xa0, 0x54, 0xfe, 0xaf, 0xa0, 0x54, 0xfe,
    0xaf, 0xa0, 0x53, 0xfe, 0xaf, 0xa0, 0x54, 0xfe, 0xaf, 0xa0, 0x54, 0xfe, 0xae, 0x9f, 0x53, 0xfe,
    0xae, 0x9f, 0x53, 0xfe, 0xae, 0x9f, 0x52, 0xfe, 0xaf, 0xa0, 0x53, 0xfe, 0xaf, 0x9f, 0x54, 0xfe,
    0xae, 0xa0, 0x52, 0xfe, 0xae, 0x9f, 0x52, 0xfe, 0xae, 0xa0, 0x52, 0xfe, 0xb0, 0xa0, 0x4f, 0xf9,
    0xba, 0xab, 0x54, 0xff, 0xb1, 0xa1, 0x52, 0xab, 0x00, 0x00, 0x00, 0x00, 0xaa, 0xaa, 0x55, 0x06,
    0x7f, 0x7f, 0x7f, 0x02, 0xaa, 0xaa, 0x55, 0x03, 0x9f, 0x9f, 0x5f, 0x08, 0x00, 0x00, 0x00, 0x00,
    0xaf, 0xa0, 0x53, 0x87, 0xb8, 0xa8, 0x54, 0xff, 0xad, 0x9e, 0x51, 0xfa, 0xad, 0x9e, 0x52, 0xfe,
    0xad, 0x9e, 0x52, 0xfe, 0xad, 0x9e, 0x52, 0xfe, 0xad, 0x9e, 0x52, 0xfe, 0xad, 0x9e, 0x52, 0xfe,
    0xad, 0x9e, 0x52, 0xfe, 0xad, 0x9e, 0x52, 0xfe, 0xac, 0x9d, 0x50, 0xfe, 0xac, 0x9d, 0x50, 0xfa,
    0xb8, 0xa8, 0x55, 0xff, 0xab, 0x9e, 0x4d, 0x84, 0x00, 0x00, 0x00, 0x00, 0xbf, 0x7f, 0x3f, 0x04,
    0x00, 0x00, 0x00, 0x00, 0x00, 0x00, 0x00, 0x00, 0x00, 0x00, 0x00, 0x00, 0x00, 0x00, 0x00, 0x00,
    0x00, 0x00, 0x00, 0x00, 0x00, 0x00, 0x00, 0x00, 0x00, 0x00, 0x00, 0x00, 0x00, 0x00, 0x00, 0x00,
    0x00, 0x00, 0x00, 0x00, 0x00, 0x00, 0x00, 0x00, 0x00, 0x00, 0x00, 0x00, 0x00, 0x00, 0x00, 0x00,
    0x00, 0x00, 0x00, 0x00, 0x00, 0x00, 0x00, 0x00, 0x00, 0x00, 0x00, 0x00, 0x00, 0x00, 0x00, 0x00,
    0x00, 0x00, 0x00, 0x00, 0x00, 0x00, 0x00, 0x00, 0x00, 0x00, 0x00, 0x00, 0x00, 0x00, 0x00, 0x00,
    0x00, 0x00, 0x00, 0x00, 0x00, 0x00, 0x00, 0x00, 0x00, 0x00, 0x00, 0x00, 0x00, 0x00, 0x00, 0x00,
    0x00, 0x00, 0x00, 0x00, 0x00, 0x00, 0x00, 0x00, 0x00, 0x00, 0x00, 0x00, 0x00, 0x00, 0x00, 0x00,
    0x00, 0x00, 0x00, 0x00, 0x00, 0x00, 0x00, 0x00, 0x00, 0x00, 0x00, 0x00, 0x00, 0x00, 0x00, 0x00,
    0x00, 0x00, 0x00, 0x00, 0x00, 0x00, 0x00, 0x00, 0x00, 0x00, 0x00, 0x00, 0x00, 0x00, 0x00, 0x00,
    0x00, 0x00, 0x00, 0x00, 0x00, 0x00, 0x00, 0x00, 0x00, 0x00, 0x00, 0x00, 0x00, 0x00, 0x00, 0x00,
    0x00, 0x00, 0x00, 0x00, 0x00, 0x00, 0x00, 0x00, 0x00, 0x00, 0x00, 0x00, 0x00, 0x00, 0x00, 0x00,
    0xbf, 0x7f, 0x3f, 0x04, 0x00, 0x00, 0x00, 0x00, 0xab, 0x9d, 0x4f, 0x80, 0xb8, 0xa8, 0x56, 0xff,
    0xad, 0x9f, 0x52, 0xfa, 0xad, 0x9e, 0x52, 0xfe, 0xad, 0x9e, 0x52, 0xfe, 0xad, 0x9e, 0x51, 0xfe,
    0xad, 0x9f, 0x51, 0xfe, 0xad, 0x9e, 0x53, 0xfe, 0xae, 0x9f, 0x53, 0xfe, 0xae, 0x9f, 0x53, 0xfe,
    0xae, 0x9f, 0x53, 0xfe, 0xaf, 0xa1, 0x50, 0xfa, 0xb9, 0xab, 0x53, 0xff, 0xaf, 0xa0, 0x4f, 0x97,
    0x00, 0x00, 0x00, 0x00, 0xb6, 0x91, 0x48, 0x07, 0xaa, 0xaa, 0x55, 0x03, 0xcc, 0xcc, 0x66, 0x05,
    0x00, 0x00, 0x00, 0x00, 0xb2, 0xa5, 0x59, 0x39, 0xb3, 0xa5, 0x55, 0xff, 0xb0, 0xa1, 0x55, 0xfd,
    0xaf, 0xa0, 0x54, 0xfe, 0xaf, 0xa1, 0x52, 0xfe, 0xaf, 0xa1, 0x52, 0xfe, 0xaf, 0xa1, 0x53, 0xfe,
    0xaf, 0xa0, 0x53, 0xfe, 0xaf, 0xa1, 0x53, 0xfe, 0xaf, 0xa0, 0x53, 0xfe, 0xaf, 0xa1, 0x53, 0xfe,
    0xaf, 0xa0, 0x54, 0xfe, 0xaf, 0xa0, 0x54, 0xfe, 0xaf, 0xa0, 0x54, 0xfe, 0xaf, 0xa0, 0x54, 0xfe,
    0xaf, 0xa0, 0x54, 0xfe, 0xaf, 0xa1, 0x53, 0xfe, 0xaf, 0xa0, 0x53, 0xfe, 0xaf, 0xa0, 0x53, 0xfe,
    0xaf, 0xa1, 0x52, 0xfe, 0xaf, 0xa0, 0x54, 0xfe, 0xb0, 0xa1, 0x55, 0xfe, 0xb0, 0xa1, 0x54, 0xfe,
    0xb0, 0xa1, 0x55, 0xfe, 0xaf, 0xa0, 0x54, 0xfe, 0xb0, 0xa1, 0x55, 0xfe, 0xb0, 0xa1, 0x55, 0xfe,
    0xaf, 0xa0, 0x54, 0xfe, 0xb0, 0xa1, 0x55, 0xfe, 0xb0, 0xa1, 0x55, 0xfe, 0xb0, 0xa1, 0x55, 0xfe,
    0xb0, 0xa1, 0x55, 0xfe, 0xb0, 0xa1, 0x55, 0xfe, 0xb0, 0xa1, 0x55, 0xfe, 0xb0, 0xa1, 0x55, 0xfe,
    0xaf, 0xa0, 0x54, 0xfe, 0xaf, 0xa0, 0x54, 0xfe, 0xaf, 0xa0, 0x54, 0xfe, 0xaf, 0xa0, 0x54, 0xfe,
    0xaf, 0xa0, 0x54, 0xfe, 0xaf, 0xa0, 0x54, 0xfe, 0xaf, 0xa1, 0x52, 0xfe, 0xaf, 0xa0, 0x54, 0xfe,
    0xaf, 0xa1, 0x53, 0xfe, 0xaf, 0xa0, 0x54, 0xfe, 0xaf, 0xa0, 0x54, 0xfe, 0xaf, 0xa0, 0x54, 0xfe,
    0xaf, 0xa0, 0x54, 0xfe, 0xaf, 0xa0, 0x54, 0xfe, 0xaf, 0xa1, 0x52, 0xfe, 0xaf, 0xa0, 0x54, 0xfe,
    0xaf, 0xa0, 0x54, 0xfe, 0xae, 0x9f, 0x53, 0xfe, 0xae, 0x9f, 0x53, 0xfe, 0xae, 0x9f, 0x53, 0xfe,
    0xae, 0x9f, 0x53, 0xfe, 0xae, 0xa0, 0x52, 0xfe, 0xae, 0xa0, 0x52, 0xfe, 0xae, 0x9f, 0x53, 0xfe,
    0xae, 0xa0, 0x52, 0xfe, 0xae, 0xa0, 0x51, 0xfd, 0xb2, 0xa3, 0x52, 0xfe, 0xb0, 0xa1, 0x51, 0xea,
    0xb2, 0xa5, 0x59, 0x14, 0x00, 0x00, 0x00, 0x01, 0xbf, 0xbf, 0x3f, 0x04, 0xaa, 0xaa, 0x55, 0x03,
    0xbf, 0x9f, 0x5f, 0x08, 0x00, 0x00, 0x00, 0x00, 0xb2, 0xa1, 0x51, 0x86, 0xbb, 0xa9, 0x54, 0xff,
    0xad, 0x9f, 0x52, 0xfa, 0xad, 0x9e, 0x52, 0xfe, 0xad, 0x9e, 0x52, 0xfe, 0xad, 0x9e, 0x52, 0xfe,
    0xad, 0x9e, 0x52, 0xfe, 0xad, 0x9e, 0x52, 0xfe, 0xad, 0x9e, 0x52, 0xfe, 0xad, 0x9e, 0x52, 0xfe,
    0xac, 0x9d, 0x50, 0xfe, 0xac, 0x9d, 0x4f, 0xfa, 0xb8, 0xa8, 0x54, 0xff, 0xab, 0x9d, 0x4f, 0x83,
    0x00, 0x00, 0x00, 0x00, 0xbf, 0x7f, 0x3f, 0x04, 0x00, 0x00, 0x00, 0x00, 0x00, 0x00, 0x00, 0x00,
    0x00, 0x00, 0x00, 0x00, 0x00, 0x00, 0x00, 0x00, 0x00, 0x00, 0x00, 0x00, 0x00, 0x00, 0x00, 0x00,
    0x00, 0x00, 0x00, 0x00, 0x00, 0x00, 0x00, 0x00, 0x00, 0x00, 0x00, 0x00, 0x00, 0x00, 0x00, 0x00,
    0x00, 0x00, 0x00, 0x00, 0x00, 0x00, 0x00, 0x00, 0x00, 0x00, 0x00, 0x00, 0x00, 0x00, 0x00, 0x00,
    0x00, 0x00, 0x00, 0x00, 0x00, 0x00, 0x00, 0x00, 0x00, 0x00, 0x00, 0x00, 0x00, 0x00, 0x00, 0x00,
    0x00, 0x00, 0x00, 0x00, 0x00, 0x00, 0x00, 0x00, 0x00, 0x00, 0x00, 0x00, 0x00, 0x00, 0x00, 0x00,
    0x00, 0x00, 0x00, 0x00, 0x00, 0x00, 0x00, 0x00, 0x00, 0x00, 0x00, 0x00, 0x00, 0x00, 0x00, 0x00,
    0x00, 0x00, 0x00, 0x00, 0x00, 0x00, 0x00, 0x00, 0x00, 0x00, 0x00, 0x00, 0x00, 0x00, 0x00, 0x00,
    0x00, 0x00, 0x00, 0x00, 0x00, 0x00, 0x00, 0x00, 0x00, 0x00, 0x00, 0x00, 0x00, 0x00, 0x00, 0x00,
    0x00, 0x00, 0x00, 0x00, 0x00, 0x00, 0x00, 0x00, 0x00, 0x00, 0x00, 0x00, 0x00, 0x00, 0x00, 0x00,
    0x00, 0x00, 0x00, 0x00, 0x00, 0x00, 0x00, 0x00, 0x00, 0x00, 0x00, 0x00, 0x00, 0x00, 0x00, 0x00,
    0x00, 0x00, 0x00, 0x00, 0x00, 0x00, 0x00, 0x00, 0xbf, 0x7f, 0x3f, 0x04, 0x00, 0x00, 0x00, 0x00,
    0xaa, 0x9a, 0x50, 0x82, 0xb7, 0xa7, 0x55, 0xff, 0xad, 0x9f, 0x52, 0xfa, 0xad, 0x9e, 0x52, 0xfe,
    0xad, 0x9e, 0x52, 0xfe, 0xad, 0x9e, 0x52, 0xfe, 0xad, 0x9e, 0x52, 0xfe, 0xad, 0x9e, 0x52, 0xfe,
    0xad, 0x9e, 0x52, 0xfe, 0xae, 0x9f, 0x53, 0xfe, 0xae, 0xa0, 0x51, 0xfe, 0xb1, 0xa1, 0x4f, 0xf9,
    0xba, 0xab, 0x54, 0xff, 0xae, 0xa0, 0x50, 0x95, 0x00, 0x00, 0x00, 0x00, 0xb6, 0x91, 0x48, 0x07,
    0xaa, 0xaa, 0x55, 0x03, 0xcc, 0xcc, 0x66, 0x05, 0x00, 0x00, 0x00, 0x00, 0xb1, 0xa3, 0x56, 0x38,
    0xb3, 0xa5, 0x55, 0xff, 0xb0, 0xa2, 0x53, 0xfd, 0xaf, 0xa1, 0x52, 0xfe, 0xaf, 0xa0, 0x53, 0xfe,
    0xaf, 0xa1, 0x53, 0xfe, 0xaf, 0xa0, 0x53, 0xfe, 0xaf, 0xa1, 0x53, 0xfe, 0xaf, 0xa0, 0x53, 0xfe,
    0xaf, 0xa1, 0x52, 0xfe, 0xaf, 0xa1, 0x53, 0xfe, 0xaf, 0xa0, 0x54, 0xfe, 0xaf, 0xa0, 0x53, 0xfe,
    0xae, 0x9f, 0x53, 0xfe, 0xaf, 0xa0, 0x54, 0xfe, 0xaf, 0xa0, 0x54, 0xfe, 0xaf, 0xa0, 0x54, 0xfe,
    0xaf, 0xa0, 0x54, 0xfe, 0xaf, 0xa1, 0x52, 0xfe, 0xaf, 0xa0, 0x53, 0xfe, 0xaf, 0xa0, 0x54, 0xfe,
    0xaf, 0xa0, 0x53, 0xfe, 0xaf, 0xa1, 0x52, 0xfe, 0xaf, 0xa0, 0x54, 0xfe, 0xaf, 0xa0, 0x54, 0xfe,
    0xaf, 0xa0, 0x54, 0xfe, 0xb0, 0xa1, 0x55, 0xfe, 0xaf, 0xa0, 0x54, 0xfe, 0xb0, 0xa1, 0x54, 0xfe,
    0xb0, 0xa1, 0x54, 0xfe, 0xb0, 0xa2, 0x54, 0xfe, 0xb0, 0xa1, 0x55, 0xfe, 0xb0, 0xa1, 0x55, 0xfe,
    0xb0, 0xa1, 0x55, 0xfe, 0xaf, 0xa0, 0x54, 0xfe, 0xaf, 0xa0, 0x54, 0xfe, 0xaf, 0xa0, 0x54, 0xfe,
    0xaf, 0xa1, 0x53, 0xfe, 0xaf, 0xa0, 0x53, 0xfe, 0xaf, 0xa0, 0x54, 0xfe, 0xaf, 0xa0, 0x54, 0xfe,
    0xaf, 0xa0, 0x54, 0xfe, 0xaf, 0xa0, 0x54, 0xfe, 0xaf, 0xa0, 0x53, 0xfe, 0xaf, 0xa0, 0x54, 0xfe,
    0xaf, 0xa0, 0x54, 0xfe, 0xaf, 0xa0, 0x54, 0xfe, 0xaf, 0xa0, 0x53, 0xfe, 0xaf, 0xa0, 0x54, 0xfe,
    0xaf, 0xa0, 0x54, 0xfe, 0xaf, 0xa0, 0x53, 0xfe, 0xae, 0x9f, 0x53, 0xfe, 0xae, 0x9f, 0x53, 0xfe,
    0xae, 0x9f, 0x53, 0xfe, 0xae, 0x9f, 0x53, 0xfe, 0xae, 0x9f, 0x53, 0xfe, 0xae, 0x9f, 0x53, 0xfe,
    0xae, 0x9f, 0x53, 0xfe, 0xae, 0x9f, 0x53, 0xfe, 0xae, 0x9f, 0x53, 0xfe, 0xae, 0x9f, 0x53, 0xfe,
    0xae, 0xa0, 0x52, 0xfe, 0xb0, 0xa1, 0x51, 0xfe, 0xb7, 0xa3, 0x56, 0x32, 0x00, 0x00, 0x00, 0x00,
    0xcc, 0x99, 0x66, 0x05, 0xaa, 0xaa, 0x55, 0x03, 0xb6, 0xb6, 0x6d, 0x07, 0x00, 0x00, 0x00, 0x00,
    0xb2, 0xa3, 0x50, 0x88, 0xba, 0xaa, 0x54, 0xff, 0xad, 0x9e, 0x51, 0xfa, 0xad, 0x9e, 0x50, 0xfe,
    0xad, 0x9e, 0x52, 0xfe, 0xad, 0x9e, 0x52, 0xfe, 0xae, 0x9f, 0x53, 0xfe, 0xad, 0x9e, 0x53, 0xfe,
    0xad, 0x9e, 0x51, 0xfe, 0xad, 0x9f, 0x51, 0xfe, 0xac, 0x9d, 0x51, 0xfe, 0xac, 0x9e, 0x50, 0xfa,
    0xb8, 0xa8, 0x54, 0xff, 0xaa, 0x9e, 0x4e, 0x7f, 0x00, 0x00, 0x00, 0x00, 0xbf, 0x7f, 0x3f, 0x04,
    0x00, 0x00, 0x00, 0x00, 0x00, 0x00, 0x00, 0x00, 0x00, 0x00, 0x00, 0x00, 0x00, 0x00, 0x00, 0x00,
    0x00, 0x00, 0x00, 0x00, 0x00, 0x00, 0x00, 0x00, 0x00, 0x00, 0x00, 0x00, 0x00, 0x00, 0x00, 0x00,
    0x00, 0x00, 0x00, 0x00, 0x00, 0x00, 0x00, 0x00, 0x00, 0x00, 0x00, 0x00, 0x00, 0x00, 0x00, 0x00,
    0x00, 0x00, 0x00, 0x00, 0x00, 0x00, 0x00, 0x00, 0x00, 0x00, 0x00, 0x00, 0x00, 0x00, 0x00, 0x00,
    0x00, 0x00, 0x00, 0x00, 0x00, 0x00, 0x00, 0x00, 0x00, 0x00, 0x00, 0x00, 0x00, 0x00, 0x00, 0x00,
    0x00, 0x00, 0x00, 0x00, 0x00, 0x00, 0x00, 0x00, 0x00, 0x00, 0x00, 0x00, 0x00, 0x00, 0x00, 0x00,
    0x00, 0x00, 0x00, 0x00, 0x00, 0x00, 0x00, 0x00, 0x00, 0x00, 0x00, 0x00, 0x00, 0x00, 0x00, 0x00,
    0x00, 0x00, 0x00, 0x00, 0x00, 0x00, 0x00, 0x00, 0x00, 0x00, 0x00, 0x00, 0x00, 0x00, 0x00, 0x00,
    0x00, 0x00, 0x00, 0x00, 0x00, 0x00, 0x00, 0x00, 0x00, 0x00, 0x00, 0x00, 0x00, 0x00, 0x00, 0x00,
    0x00, 0x00, 0x00, 0x00, 0x00, 0x00, 0x00, 0x00, 0x00, 0x00, 0x00, 0x00, 0x00, 0x00, 0x00, 0x00,
    0x00, 0x00, 0x00, 0x00, 0x00, 0x00, 0x00, 0x00, 0x00, 0x00, 0x00, 0x00, 0x00, 0x00, 0x00, 0x00,
    0xbf, 0x7f, 0x3f, 0x04, 0x00, 0x00, 0x00, 0x00, 0xad, 0x9c, 0x53, 0x84, 0xb8, 0xa8, 0x56, 0xff,
    0xad, 0x9f, 0x52, 0xfa, 0xad, 0x9e, 0x52, 0xfe, 0xad, 0x9e, 0x52, 0xfe, 0xad, 0x9e, 0x52, 0xfe,
    0xad, 0x9e, 0x52, 0xfe, 0xad, 0x9e, 0x52, 0xfe, 0xad, 0x9e, 0x53, 0xfe, 0xae, 0x9f, 0x52, 0xfe,
    0xae, 0xa0, 0x51, 0xfe, 0xaf, 0xa1, 0x50, 0xf9, 0xba, 0xab, 0x54, 0xff, 0xb0, 0xa0, 0x50, 0x95,
    0x00, 0x00, 0x00, 0x00, 0xb6, 0x91, 0x48, 0x07, 0xaa, 0xaa, 0x55, 0x03, 0xcc, 0xcc, 0x66, 0x05,
    0x00, 0x00, 0x00, 0x00, 0xb1, 0xa3, 0x56, 0x38, 0xb2, 0xa4, 0x53, 0xff, 0xb0, 0xa1, 0x52, 0xfd,
    0xaf, 0xa1, 0x53, 0xfe, 0xaf, 0xa1, 0x52, 0xfe, 0xaf, 0xa0, 0x53, 0xfe, 0xaf, 0xa0, 0x54, 0xfe,
    0xaf, 0xa1, 0x52, 0xfe, 0xaf, 0xa1, 0x53, 0xfe, 0xaf, 0xa0, 0x53, 0xfe, 0xaf, 0xa1, 0x53, 0xfe,
    0xaf, 0xa0, 0x54, 0xfe, 0xaf, 0xa0, 0x53, 0xfe, 0xaf, 0xa0, 0x53, 0xfe, 0xaf, 0xa0, 0x54, 0xfe,
    0xaf, 0xa0, 0x54, 0xfe, 0xaf, 0xa0, 0x54, 0xfe, 0xaf, 0xa1, 0x53, 0xfe, 0xaf, 0xa0, 0x53, 0xfe,
    0xaf, 0xa0, 0x54, 0xfe, 0xb0, 0xa1, 0x54, 0xfe, 0xaf, 0xa1, 0x53, 0xfe, 0xaf, 0xa0, 0x54, 0xfe,
    0xaf, 0xa0, 0x54, 0xfe, 0xaf, 0xa0, 0x54, 0xfe, 0xaf, 0xa0, 0x54, 0xfe, 0xaf, 0xa1, 0x52, 0xfe,
    0xb0, 0xa1, 0x54, 0xfe, 0xb0, 0xa2, 0x54, 0xfe, 0xb0, 0xa1, 0x55, 0xfe, 0xb0, 0xa1, 0x55, 0xfe,
    0xb0, 0xa1, 0x55, 0xfe, 0xb0, 0xa1, 0x55, 0xfe, 0xb0, 0xa1, 0x55, 0xfe, 0xaf, 0xa0, 0x54, 0xfe,
    0xaf, 0xa1, 0x54, 0xfe, 0xb0, 0xa1, 0x54, 0xfe, 0xb0, 0xa1, 0x55, 0xfe, 0xb0, 0xa1, 0x55, 0xfe,
    0xaf, 0xa1, 0x54, 0xfe, 0xaf, 0xa0, 0x54, 0xfe, 0xaf, 0xa0, 0x54, 0xfe, 0xaf, 0xa0, 0x54, 0xfe,
    0xaf, 0xa1, 0x53, 0xfe, 0xaf, 0xa0, 0x54, 0xfe, 0xaf, 0xa0, 0x54, 0xfe, 0xaf, 0xa0, 0x54, 0xfe,
    0xaf, 0xa1, 0x53, 0xfe, 0xaf, 0xa0, 0x54, 0xfe, 0xaf, 0xa0, 0x53, 0xfe, 0xaf, 0xa0, 0x52, 0xfe,
    0xaf, 0xa0, 0x54, 0xfe, 0xaf, 0xa0, 0x54, 0xfe, 0xae, 0x9f, 0x53, 0xfe, 0xaf, 0xa0, 0x54, 0xfe,
    0xae, 0x9f, 0x53, 0xfe, 0xae, 0xa0, 0x52, 0xfe, 0xae, 0x9f, 0x53, 0xfe, 0xae, 0x9f, 0x53, 0xfe,
    0xae, 0x9f, 0x53, 0xfe, 0xae, 0x9f, 0x53, 0xfe, 0xae, 0x9f, 0x53, 0xfe, 0xb0, 0xa2, 0x52, 0xff,
    0xb0, 0xa2, 0x53, 0x37, 0x00, 0x00, 0x00, 0x00, 0xcc, 0xcc, 0x66, 0x05, 0xaa, 0xaa, 0x55, 0x03,
    0xb6, 0xb6, 0x6d, 0x07, 0x00, 0x00, 0x00, 0x00, 0xb0, 0xa1, 0x50, 0x88, 0xb9, 0xa9, 0x54, 0xff,
    0xac, 0x9d, 0x50, 0xfa, 0xac, 0x9d, 0x51, 0xfe, 0xad, 0x9e, 0x52, 0xfe, 0xad, 0xa0, 0x52, 0xfe,
    0xae, 0xa0, 0x52, 0xfe, 0xad, 0x9e, 0x52, 0xfe, 0xad, 0x9e, 0x52, 0xfe, 0xad, 0x9e, 0x52, 0xfe,
    0xad, 0x9e, 0x52, 0xfe, 0xad, 0x9e, 0x50, 0xfa, 0xb9, 0xa9, 0x56, 0xff, 0xac, 0x9d, 0x4e, 0x7e,
    0x00, 0x00, 0x00, 0x00, 0xbf, 0x7f, 0x3f, 0x04, 0x00, 0x00, 0x00, 0x00, 0x00, 0x00, 0x00, 0x00,
    0x00, 0x00, 0x00, 0x00, 0x00, 0x00, 0x00, 0x00, 0x00, 0x00, 0x00, 0x00, 0x00, 0x00, 0x00, 0x00,
    0x00, 0x00, 0x00, 0x00, 0x00, 0x00, 0x00, 0x00, 0x00, 0x00, 0x00, 0x00, 0x00, 0x00, 0x00, 0x00,
    0x00, 0x00, 0x00, 0x00, 0x00, 0x00, 0x00, 0x00, 0x00, 0x00, 0x00, 0x00, 0x00, 0x00, 0x00, 0x00,
    0x00, 0x00, 0x00, 0x00, 0x00, 0x00, 0x00, 0x00, 0x00, 0x00, 0x00, 0x00, 0x00, 0x00, 0x00, 0x00,
    0x00, 0x00, 0x00, 0x00, 0x00, 0x00, 0x00, 0x00, 0x00, 0x00, 0x00, 0x00, 0x00, 0x00, 0x00, 0x00,
    0x00, 0x00, 0x00, 0x00, 0x00, 0x00, 0x00, 0x00, 0x00, 0x00, 0x00, 0x00, 0x00, 0x00, 0x00, 0x00,
    0x00, 0x00, 0x00, 0x00, 0x00, 0x00, 0x00, 0x00, 0x00, 0x00, 0x00, 0x00, 0x00, 0x00, 0x00, 0x00,
    0x00, 0x00, 0x00, 0x00, 0x00, 0x00, 0x00, 0x00, 0x00, 0x00, 0x00, 0x00, 0x00, 0x00, 0x00, 0x00,
    0x00, 0x00, 0x00, 0x00, 0x00, 0x00, 0x00, 0x00, 0x00, 0x00, 0x00, 0x00, 0x00, 0x00, 0x00, 0x00,
    0x00, 0x00, 0x00, 0x00, 0x00, 0x00, 0x00, 0x00, 0x00, 0x00, 0x00, 0x00, 0x00, 0x00, 0x00, 0x00,
    0x00, 0x00, 0x00, 0x00, 0x00, 0x00, 0x00, 0x00, 0xbf, 0x7f, 0x3f, 0x04, 0x00, 0x00, 0x00, 0x00,
    0xad, 0x9e, 0x53, 0x84, 0xb9, 0xaa, 0x57, 0xff, 0xad, 0x9e, 0x52, 0xfa, 0xad, 0x9e, 0x52, 0xfe,
    0xad, 0x9e, 0x51, 0xfe, 0xad, 0x9f, 0x51, 0xfe, 0xad, 0x9e, 0x52, 0xfe, 0xad, 0x9e, 0x52, 0xfe,
    0xad, 0x9e, 0x52, 0xfe, 0xae, 0x9f, 0x52, 0xfe, 0xae, 0xa0, 0x52, 0xfe, 0xaf, 0xa1, 0x50, 0xfa,
    0xbb, 0xaa, 0x54, 0xff, 0xb0, 0xa1, 0x51, 0x96, 0x00, 0x00, 0x00, 0x00, 0xb6, 0xb6, 0x6d, 0x07,
    0xaa, 0xaa, 0x55, 0x03, 0xcc, 0xcc, 0x66, 0x05, 0x00, 0x00, 0x00, 0x00, 0xb4, 0xa6, 0x58, 0x37,
    0xb2, 0xa4, 0x53, 0xff, 0xaf, 0xa1, 0x51, 0xfd, 0xaf, 0xa0, 0x53, 0xfe, 0xaf, 0xa1, 0x53, 0xfe,
    0xaf, 0xa1, 0x52, 0xfe, 0xaf, 0xa0, 0x54, 0xfe, 0xaf, 0xa0, 0x53, 0xfe, 0xaf, 0xa1, 0x53, 0xfe,
    0xaf, 0xa0, 0x54, 0xfe, 0xaf, 0xa0, 0x53, 0xfe, 0xaf, 0xa1, 0x53, 0xfe, 0xaf, 0xa0, 0x54, 0xfe,
    0xaf, 0xa0, 0x54, 0xfe, 0xaf, 0xa0, 0x54, 0xfe, 0xaf, 0xa0, 0x54, 0xfe, 0xaf, 0xa0, 0x54, 0xfe,
    0xaf, 0xa0, 0x54, 0xfe, 0xaf, 0xa0, 0x54, 0xfe, 0xaf, 0xa0, 0x54, 0xfe, 0xb0, 0xa1, 0x54, 0xfe,
    0xaf, 0xa0, 0x54, 0xfe, 0xaf, 0xa0, 0x53, 0xfe, 0xaf, 0xa0, 0x54, 0xfe, 0xaf, 0xa0, 0x54, 0xfe,
    0xaf, 0xa0, 0x53, 0xfe, 0xb0, 0xa2, 0x52, 0xfd, 0xb0, 0xa1, 0x52, 0xfe, 0xb1, 0xa1, 0x55, 0xfe,
    0xb0, 0xa1, 0x55, 0xfe, 0xb0, 0xa1, 0x55, 0xfe, 0xb0, 0xa1, 0x54, 0xfe, 0xaf, 0xa0, 0x54, 0xfe,
    0xb0, 0xa1, 0x55, 0xfe, 0xb0, 0xa1, 0x55, 0xfe, 0xb0, 0xa1, 0x55, 0xfe, 0xb0, 0xa1, 0x55, 0xfe,
    0xb0, 0xa1, 0x54, 0xfe, 0xb0, 0xa1, 0x54, 0xfe, 0xaf, 0xa1, 0x53, 0xfe, 0xaf, 0xa0, 0x53, 0xfe,
    0xaf, 0xa0, 0x54, 0xfe, 0xaf, 0xa0, 0x54, 0xfe, 0xaf, 0xa0, 0x53, 0xfe, 0xaf, 0xa0, 0x54, 0xfe,
    0xaf, 0xa0, 0x53, 0xfe, 0xaf, 0xa0, 0x54, 0xfe, 0xaf, 0xa0, 0x54, 0xfe, 0xaf, 0xa0, 0x53, 0xfe,
    0xae, 0x9f, 0x52, 0xfe, 0xae, 0x9f, 0x53, 0xfe, 0xae, 0x9f, 0x53, 0xfe, 0xaf, 0xa0, 0x54, 0xfe,
    0xaf, 0xa0, 0x54, 0xfe, 0xaf, 0xa0, 0x53, 0xfe, 0xaf, 0x9f, 0x53, 0xfe, 0xaf, 0x9f, 0x52, 0xfe,
    0xae, 0x9f, 0x52, 0xfe, 0xae, 0x9f, 0x53, 0xfe, 0xae, 0x9f, 0x53, 0xfe, 0xae, 0x9f, 0x53, 0xfe,
    0xad, 0x9e, 0x53, 0xfe, 0xb1, 0xa3, 0x53, 0xff, 0xb4, 0xa6, 0x58, 0x37, 0x00, 0x00, 0x00, 0x00,
    0xcc, 0xcc, 0x66, 0x05, 0xaa, 0xaa, 0x55, 0x03, 0xb6, 0x91, 0x48, 0x07, 0x00, 0x00, 0x00, 0x00,
    0xb0, 0xa1, 0x52, 0x88, 0xb8, 0xa9, 0x54, 0xff, 0xad, 0x9e, 0x50, 0xfa, 0xad, 0x9e, 0x52, 0xfe,
    0xad, 0x9e, 0x52, 0xfe, 0xae, 0x9f, 0x52, 0xfe, 0xad, 0x9e, 0x52, 0xfe, 0xad, 0x9e, 0x52, 0xfe,
    0xad, 0x9e, 0x52, 0xfe, 0xad, 0x9e, 0x52, 0xfe, 0xad, 0x9e, 0x51, 0xfe, 0xad, 0x9e, 0x50, 0xfa,
    0xba, 0xa9, 0x55, 0xff, 0xac, 0x9d, 0x4e, 0x7e, 0x00, 0x00, 0x00, 0x00, 0xbf, 0x7f, 0x3f, 0x04,
    0x00, 0x00, 0x00, 0x00, 0x00, 0x00, 0x00, 0x00, 0x00, 0x00, 0x00, 0x00, 0x00, 0x00, 0x00, 0x00,
    0x00, 0x00, 0x00, 0x00, 0x00, 0x00, 0x00, 0x00, 0x00, 0x00, 0x00, 0x00, 0x00, 0x00, 0x00, 0x00,
    0x00, 0x00, 0x00, 0x00, 0x00, 0x00, 0x00, 0x00, 0x00, 0x00, 0x00, 0x00, 0x00, 0x00, 0x00, 0x00,
    0x00, 0x00, 0x00, 0x00, 0x00, 0x00, 0x00, 0x00, 0x00, 0x00, 0x00, 0x00, 0x00, 0x00, 0x00, 0x00,
    0x00, 0x00, 0x00, 0x00, 0x00, 0x00, 0x00, 0x00, 0x00, 0x00, 0x00, 0x00, 0x00, 0x00, 0x00, 0x00,
    0x00, 0x00, 0x00, 0x00, 0x00, 0x00, 0x00, 0x00, 0x00, 0x00, 0x00, 0x00, 0x00, 0x00, 0x00, 0x00,
    0x00, 0x00, 0x00, 0x00, 0x00, 0x00, 0x00, 0x00, 0x00, 0x00, 0x00, 0x00, 0x00, 0x00, 0x00, 0x00,
    0x00, 0x00, 0x00, 0x00, 0x00, 0x00, 0x00, 0x00, 0x00, 0x00, 0x00, 0x00, 0x00, 0x00, 0x00, 0x00,
    0x00, 0x00, 0x00, 0x00, 0x00, 0x00, 0x00, 0x00, 0x00, 0x00, 0x00, 0x00, 0x00, 0x00, 0x00, 0x00,
    0x00, 0x00, 0x00, 0x00, 0x00, 0x00, 0x00, 0x00, 0x00, 0x00, 0x00, 0x00, 0x00, 0x00, 0x00, 0x00,
    0x00, 0x00, 0x00, 0x00, 0x00, 0x00, 0x00, 0x00, 0x00, 0x00, 0x00, 0x00, 0x00, 0x00, 0x00, 0x00,
    0xbf, 0xbf, 0x3f, 0x04, 0x00, 0x00, 0x00, 0x00, 0xab, 0x9e, 0x51, 0x81, 0xb9, 0xa9, 0x55, 0xff,
    0xad, 0x9f, 0x52, 0xfa, 0xad, 0x9e, 0x52, 0xfe, 0xad, 0x9e, 0x52, 0xfe, 0xad, 0x9e, 0x52, 0xfe,
    0xad, 0x9e, 0x52, 0xfe, 0xad, 0x9e, 0x52, 0xfe, 0xad, 0x9f, 0x51, 0xfe, 0xad, 0x9e, 0x51, 0xfe,
    0xad, 0x9e, 0x53, 0xfe, 0xb0, 0xa0, 0x50, 0xfa, 0xbb, 0xaa, 0x55, 0xff, 0xb1, 0xa2, 0x52, 0x95,
    0x00, 0x00, 0x00, 0x00, 0xb6, 0xb6, 0x48, 0x07, 0xaa, 0xaa, 0x55, 0x03, 0xcc, 0xcc, 0x66, 0x05,
    0x00, 0x00, 0x00, 0x00, 0xb6, 0xa8, 0x5b, 0x38, 0xb3, 0xa4, 0x54, 0xfe, 0xb0, 0xa2, 0x51, 0xfb,
    0xb0, 0xa1, 0x51, 0xfc, 0xaf, 0xa1, 0x53, 0xfd, 0xaf, 0xa1, 0x52, 0xfd, 0xaf, 0xa0, 0x54, 0xfd,
    0xaf, 0xa0, 0x54, 0xfd, 0xaf, 0xa0, 0x53, 0xfd, 0xaf, 0xa1, 0x53, 0xfd, 0xaf, 0xa0, 0x54, 0xfd,
    0xaf, 0xa0, 0x54, 0xfd, 0xaf, 0xa0, 0x54, 0xfd, 0xaf, 0xa0, 0x54, 0xfd, 0xaf, 0xa0, 0x54, 0xfd,
    0xaf, 0xa0, 0x54, 0xfd, 0xaf, 0xa1, 0x53, 0xfd, 0xaf, 0xa1, 0x52, 0xfd, 0xaf, 0xa0, 0x53, 0xfd,
    0xaf, 0x9f, 0x53, 0xfc, 0xb0, 0xa0, 0x55, 0xfc, 0xaf, 0xa0, 0x54, 0xfd, 0xaf, 0xa1, 0x52, 0xfd,
    0xb0, 0xa0, 0x55, 0xfc, 0xb0, 0xa0, 0x55, 0xfc, 0xb0, 0xa1, 0x52, 0xfc, 0xb0, 0xa0, 0x55, 0xfc,
    0xb0, 0xa2, 0x52, 0xfb, 0xb2, 0xa3, 0x53, 0xfb, 0xb0, 0xa0, 0x52, 0xfc, 0xb0, 0xa1, 0x55, 0xfc,
    0xb0, 0xa1, 0x55, 0xfc, 0xb0, 0xa1, 0x52, 0xfc, 0xb0, 0xa0, 0x52, 0xfc, 0xb0, 0xa1, 0x53, 0xfc,
    0xb0, 0xa0, 0x53, 0xfc, 0xb0, 0xa0, 0x53, 0xfc, 0xb0, 0xa0, 0x53, 0xfc, 0xb0, 0xa0, 0x53, 0xfc,
    0xb0, 0xa0, 0x55, 0xfc, 0xb0, 0xa0, 0x55, 0xfc, 0xb0, 0xa0, 0x53, 0xfc, 0xaf, 0x9f, 0x53, 0xfc,
    0xb0, 0xa0, 0x52, 0xfc, 0xb0, 0xa0, 0x53, 0xfc, 0xb0, 0xa0, 0x52, 0xfc, 0xb0, 0xa0, 0x53, 0xfc,
    0xb0, 0xa0, 0x53, 0xfc, 0xb0, 0xa0, 0x55, 0xfc, 0xae, 0xa0, 0x53, 0xfe, 0xaf, 0xa0, 0x53, 0xfe,
    0xae, 0x9f, 0x53, 0xfe, 0xaf, 0xa0, 0x54, 0xfe, 0xaf, 0xa0, 0x54, 0xfe, 0xaf, 0xa0, 0x53, 0xfe,
    0xae, 0xa0, 0x52, 0xfe, 0xae, 0x9f, 0x54, 0xfe, 0xae, 0x9f, 0x53, 0xfe, 0xae, 0x9f, 0x53, 0xfe,
    0xae, 0x9f, 0x53, 0xfe, 0xae, 0x9f, 0x53, 0xfe, 0xae, 0x9f, 0x52, 0xfd, 0xb2, 0xa4, 0x54, 0xff,
    0xb6, 0xa8, 0x56, 0x38, 0x00, 0x00, 0x00, 0x00, 0xcc, 0xcc, 0x66, 0x05, 0xaa, 0xaa, 0x55, 0x03,
    0xb6, 0xb6, 0x48, 0x07, 0x00, 0x00, 0x00, 0x00, 0xb1, 0xa2, 0x53, 0x87, 0xb9, 0xaa, 0x55, 0xff,
    0xad, 0x9f, 0x50, 0xfa, 0xad, 0x9e, 0x52, 0xfe, 0xad, 0x9e, 0x52, 0xfe, 0xad, 0x9e, 0x52, 0xfe,
    0xad, 0x9e, 0x52, 0xfe, 0xad, 0x9f, 0x51, 0xfe, 0xad, 0x9e, 0x52, 0xfe, 0xad, 0x9e, 0x52, 0xfe,
    0xad, 0x9e, 0x51, 0xfe, 0xad, 0x9f, 0x51, 0xfa, 0xba, 0xa9, 0x55, 0xff, 0xad, 0x9e, 0x4f, 0x81,
    0x00, 0x00, 0x00, 0x00, 0xbf, 0x7f, 0x3f, 0x04, 0x00, 0x00, 0x00, 0x00, 0x00, 0x00, 0x00, 0x00,
    0x00, 0x00, 0x00, 0x00, 0x00, 0x00, 0x00, 0x00, 0x00, 0x00, 0x00, 0x00, 0x00, 0x00, 0x00, 0x00,
    0x00, 0x00, 0x00, 0x00, 0x00, 0x00, 0x00, 0x00, 0x00, 0x00, 0x00, 0x00, 0x00, 0x00, 0x00, 0x00,
    0x00, 0x00, 0x00, 0x00, 0x00, 0x00, 0x00, 0x00, 0x00, 0x00, 0x00, 0x00, 0x00, 0x00, 0x00, 0x00,
    0x00, 0x00, 0x00, 0x00, 0x00, 0x00, 0x00, 0x00, 0x00, 0x00, 0x00, 0x00, 0x00, 0x00, 0x00, 0x00,
    0x00, 0x00, 0x00, 0x00, 0x00, 0x00, 0x00, 0x00, 0x00, 0x00, 0x00, 0x00, 0x00, 0x00, 0x00, 0x00,
    0x00, 0x00, 0x00, 0x00, 0x00, 0x00, 0x00, 0x00, 0x00, 0x00, 0x00, 0x00, 0x00, 0x00, 0x00, 0x00,
    0x00, 0x00, 0x00, 0x00, 0x00, 0x00, 0x00, 0x00, 0x00, 0x00, 0x00, 0x00, 0x00, 0x00, 0x00, 0x00,
    0x00, 0x00, 0x00, 0x00, 0x00, 0x00, 0x00, 0x00, 0x00, 0x00, 0x00, 0x00, 0x00, 0x00, 0x00, 0x00,
    0x00, 0x00, 0x00, 0x00, 0x00, 0x00, 0x00, 0x00, 0x00, 0x00, 0x00, 0x00, 0x00, 0x00, 0x00, 0x00,
    0x00, 0x00, 0x00, 0x00, 0x00, 0x00, 0x00, 0x00, 0x00, 0x00, 0x00, 0x00, 0x00, 0x00, 0x00, 0x00,
    0x00, 0x00, 0x00, 0x00, 0x00, 0x00, 0x00, 0x00, 0xbf, 0x7f, 0x3f, 0x04, 0x00, 0x00, 0x00, 0x00,
    0xaa, 0x9a, 0x50, 0x82, 0xb8, 0xa7, 0x55, 0xff, 0xad, 0x9f, 0x51, 0xfa, 0xad, 0x9f, 0x51, 0xfe,
    0xad, 0x9e, 0x51, 0xfe, 0xad, 0x9f, 0x51, 0xfe, 0xad, 0x9e, 0x52, 0xfe, 0xad, 0x9e, 0x52, 0xfe,
    0xad, 0x9e, 0x52, 0xfe, 0xad, 0x9e, 0x52, 0xfe, 0xad, 0x9e, 0x52, 0xfe, 0xaf, 0xa0, 0x50, 0xfa,
    0xba, 0xaa, 0x54, 0xff, 0xb0, 0xa1, 0x51, 0x93, 0x00, 0x00, 0x00, 0x00, 0x91, 0x91, 0x48, 0x07,
    0xaa, 0xaa, 0x55, 0x03, 0xbf, 0xbf, 0x7f, 0x04, 0x00, 0x00, 0x00, 0x01, 0xb6, 0xa7, 0x57, 0x23,
    0xb2, 0xa3, 0x53, 0xfe, 0xb7, 0xa8, 0x54, 0xff, 0xb1, 0xa3, 0x53, 0xff, 0xb2, 0xa4, 0x54, 0xff,
    0xb2, 0xa4, 0x53, 0xff, 0xb2, 0xa3, 0x55, 0xff, 0xb2, 0xa3, 0x56, 0xff, 0xb2, 0xa3, 0x55, 0xff,
    0xb2, 0xa4, 0x55, 0xff, 0xb2, 0xa3, 0x56, 0xff, 0xb2, 0xa3, 0x56, 0xff, 0xb3, 0xa4, 0x55, 0xff,
    0xb3, 0xa4, 0x55, 0xff, 0xb3, 0xa4, 0x55, 0xff, 0xb3, 0xa4, 0x55, 0xff, 0xb3, 0xa4, 0x55, 0xff,
    0xb3, 0xa3, 0x55, 0xff, 0xb2, 0xa3, 0x55, 0xff, 0xb3, 0xa4, 0x56, 0xff, 0xb3, 0xa4, 0x56, 0xff,
    0xb3, 0xa4, 0x56, 0xff, 0xb3, 0xa4, 0x56, 0xff, 0xb3, 0xa4, 0x55, 0xff, 0xb3, 0xa4, 0x56, 0xff,
    0xb3, 0xa4, 0x56, 0xff, 0xb4, 0xa5, 0x54, 0xff, 0xb5, 0xa5, 0x53, 0xff, 0xb4, 0xa5, 0x53, 0xff,
    0xb4, 0xa6, 0x55, 0xff, 0xb4, 0xa4, 0x56, 0xff, 0xb4, 0xa5, 0x54, 0xff, 0xb5, 0xa6, 0x53, 0xff,
    0xb5, 0xa6, 0x53, 0xff, 0xb4, 0xa6, 0x53, 0xff, 0xb4, 0xa5, 0x54, 0xff, 0xb4, 0xa5, 0x56, 0xff,
    0xb5, 0xa5, 0x56, 0xff, 0xb5, 0xa5, 0x56, 0xff, 0xb5, 0xa6, 0x56, 0xff, 0xb5, 0xa6, 0x55, 0xff,
    0xb4, 0xa5, 0x56, 0xff, 0xb4, 0xa5, 0x56, 0xff, 0xb5, 0xa5, 0x57, 0xff, 0xb4, 0xa5, 0x57, 0xff,
    0xb5, 0xa5, 0x57, 0xff, 0xb5, 0xa5, 0x57, 0xff, 0xb5, 0xa6, 0x56, 0xff, 0xb3, 0xa4, 0x56, 0xff,
    0xaf, 0xa1, 0x52, 0xfd, 0xaf, 0xa0, 0x54, 0xfd, 0xae, 0x9f, 0x53, 0xfe, 0xae, 0x9f, 0x52, 0xfe,
    0xaf, 0xa0, 0x54, 0xfe, 0xaf, 0xa0, 0x54, 0xfe, 0xae, 0x9f, 0x53, 0xfe, 0xae, 0x9f, 0x53, 0xfe,
    0xae, 0x9f, 0x53, 0xfe, 0xae, 0x9f, 0x53, 0xfe, 0xae, 0x9f, 0x52, 0xfe, 0xad, 0x9f, 0x51, 0xfe,
    0xaf, 0xa0, 0x50, 0xfd, 0xb4, 0xa4, 0x53, 0xff, 0xb2, 0xa5, 0x55, 0x39, 0x00, 0x00, 0x00, 0x00,
    0xaa, 0xaa, 0x55, 0x06, 0xaa, 0xaa, 0x55, 0x03, 0xb6, 0xb6, 0x48, 0x07, 0x00, 0x00, 0x00, 0x00,
    0xaf, 0xa2, 0x53, 0x87, 0xb9, 0xaa, 0x55, 0xff, 0xad, 0x9f, 0x50, 0xfa, 0xad, 0x9e, 0x52, 0xfe,
    0xad, 0x9e, 0x52, 0xfe, 0xad, 0x9e, 0x52, 0xfe, 0xad, 0x9e, 0x52, 0xfe, 0xad, 0x9e, 0x52, 0xfe,
    0xad, 0x9e, 0x51, 0xfe, 0xad, 0x9f, 0x51, 0xfe, 0xad, 0x9e, 0x52, 0xfe, 0xad, 0x9e, 0x52, 0xfa,
    0xb8, 0xa9, 0x55, 0xff, 0xab, 0x9d, 0x4f, 0x83, 0x00, 0x00, 0x00, 0x00, 0xbf, 0xbf, 0x3f, 0x04,
    0x00, 0x00, 0x00, 0x00, 0x00, 0x00, 0x00, 0x00, 0x00, 0x00, 0x00, 0x00, 0x00, 0x00, 0x00, 0x00,
    0x00, 0x00, 0x00, 0x00, 0x00, 0x00, 0x00, 0x00, 0x00, 0x00, 0x00, 0x00, 0x00, 0x00, 0x00, 0x00,
    0x00, 0x00, 0x00, 0x00, 0x00, 0x00, 0x00, 0x00, 0x00, 0x00, 0x00, 0x00, 0x00, 0x00, 0x00, 0x00,
    0x00, 0x00, 0x00, 0x00, 0x00, 0x00, 0x00, 0x00, 0x00, 0x00, 0x00, 0x00, 0x00, 0x00, 0x00, 0x00,
    0x00, 0x00, 0x00, 0x00, 0x00, 0x00, 0x00, 0x00, 0x00, 0x00, 0x00, 0x00, 0x00, 0x00, 0x00, 0x00,
    0x00, 0x00, 0x00, 0x00, 0x00, 0x00, 0x00, 0x00, 0x00, 0x00, 0x00, 0x00, 0x00, 0x00, 0x00, 0x00,
    0x00, 0x00, 0x00, 0x00, 0x00, 0x00, 0x00, 0x00, 0x00, 0x00, 0x00, 0x00, 0x00, 0x00, 0x00, 0x00,
    0x00, 0x00, 0x00, 0x00, 0x00, 0x00, 0x00, 0x00, 0x00, 0x00, 0x00, 0x00, 0x00, 0x00, 0x00, 0x00,
    0x00, 0x00, 0x00, 0x00, 0x00, 0x00, 0x00, 0x00, 0x00, 0x00, 0x00, 0x00, 0x00, 0x00, 0x00, 0x00,
    0x00, 0x00, 0x00, 0x00, 0x00, 0x00, 0x00, 0x00, 0x00, 0x00, 0x00, 0x00, 0x00, 0x00, 0x00, 0x00,
    0x00, 0x00, 0x00, 0x00, 0x00, 0x00, 0x00, 0x00, 0x00, 0x00, 0x00, 0x00, 0x00, 0x00, 0x00, 0x00,
    0xbf, 0x7f, 0x3f, 0x04, 0x00, 0x00, 0x00, 0x00, 0xab, 0x9c, 0x4f, 0x81, 0xb7, 0xa7, 0x54, 0xff,
    0xad, 0x9e, 0x50, 0xfa, 0xad, 0x9f, 0x51, 0xfe, 0xad, 0x9e, 0x52, 0xfe, 0xad, 0x9e, 0x52, 0xfe,
    0xad, 0x9e, 0x52, 0xfe, 0xad, 0x9e, 0x52, 0xfe, 0xad, 0x9f, 0x51, 0xfe, 0xad, 0x9e, 0x52, 0xfe,
    0xad, 0x9f, 0x51, 0xfe, 0xad, 0xa0, 0x51, 0xfa, 0xb9, 0xa9, 0x54, 0xff, 0xb0, 0xa2, 0x52, 0x92,
    0x00, 0x00, 0x00, 0x00, 0x91, 0x91, 0x48, 0x07, 0xaa, 0xaa, 0x55, 0x03, 0xaa, 0xaa, 0x55, 0x03,
    0xd4, 0xaa, 0x55, 0x06, 0xff, 0x00, 0x00, 0x01, 0xb1, 0xa4, 0x56, 0x76, 0xb9, 0xa9, 0x56, 0xe2,
    0xb1, 0xa3, 0x52, 0xe9, 0xb1, 0xa2, 0x55, 0xea, 0xaf, 0xa1, 0x52, 0xeb, 0xaf, 0xa1, 0x52, 0xeb,
    0xaf, 0xa0, 0x53, 0xeb, 0xb0, 0xa1, 0x52, 0xeb, 0xb1, 0xa1, 0x53, 0xe9, 0xb1, 0xa0, 0x54, 0xe9,
    0xb0, 0xa1, 0x53, 0xe8, 0xb0, 0xa1, 0x53, 0xe8, 0xb0, 0xa2, 0x52, 0xe7, 0xb0, 0xa2, 0x51, 0xe7,
    0xb0, 0xa1, 0x53, 0xe6, 0xb0, 0xa1, 0x54, 0xe6, 0xb0, 0xa0, 0x53, 0xe6, 0xae, 0x9f, 0x52, 0xe5,
    0xb1, 0xa2, 0x54, 0xe2, 0xb1, 0xa4, 0x55, 0xe3, 0xb0, 0xa2, 0x55, 0xe4, 0xaf, 0x9f, 0x52, 0xe4,
    0xb0, 0xa1, 0x52, 0xe3, 0xb0, 0xa1, 0x54, 0xe3, 0xb1, 0xa2, 0x54, 0xe2, 0xb1, 0xa2, 0x53, 0xe0,
    0xb1, 0xa2, 0x51, 0xe0, 0xb0, 0xa1, 0x51, 0xde, 0xb0, 0xa3, 0x52, 0xde, 0xaf, 0xa1, 0x52, 0xde,
    0xb0, 0xa3, 0x52, 0xde, 0xb1, 0xa2, 0x51, 0xdd, 0xb1, 0xa2, 0x52, 0xdc, 0xb0, 0xa3, 0x52, 0xdb,
    0xb0, 0xa1, 0x52, 0xdc, 0xb0, 0xa2, 0x52, 0xdc, 0xb0, 0xa2, 0x51, 0xda, 0xb0, 0xa2, 0x54, 0xda,
    0xb1, 0xa2, 0x54, 0xda, 0xb1, 0xa2, 0x51, 0xd9, 0xae, 0xa0, 0x51, 0xda, 0xb0, 0xa0, 0x54, 0xda,
    0xb0, 0xa1, 0x54, 0xda, 0xb0, 0xa0, 0x55, 0xdb, 0xb0, 0xa2, 0x53, 0xd9, 0xaf, 0xa1, 0x55, 0xd8,
    0xb0, 0xa2, 0x53, 0xda, 0xb0, 0xa2, 0x53, 0xe1, 0xb3, 0xa5, 0x53, 0xff, 0xb1, 0xa3, 0x54, 0xff,
    0xae, 0xa0, 0x51, 0xfd, 0xaf, 0xa0, 0x53, 0xfe, 0xaf, 0xa0, 0x53, 0xfe, 0xae, 0x9f, 0x53, 0xfe,
    0xae, 0x9f, 0x53, 0xfe, 0xae, 0x9f, 0x53, 0xfe, 0xae, 0x9f, 0x53, 0xfe, 0xad, 0x9e, 0x53, 0xfe,
    0xad, 0x9f, 0x51, 0xfe, 0xad, 0x9f, 0x51, 0xfe, 0xb1, 0x9f, 0x50, 0xfc, 0xb4, 0xa2, 0x52, 0xff,
    0xb6, 0xa3, 0x56, 0x38, 0x00, 0x00, 0x00, 0x00, 0xcc, 0xcc, 0x66, 0x05, 0xaa, 0xaa, 0x55, 0x03,
    0xb6, 0xb6, 0x48, 0x07, 0x00, 0x00, 0x00, 0x00, 0xb0, 0xa3, 0x50, 0x88, 0xb9, 0xaa, 0x55, 0xff,
    0xad, 0x9f, 0x51, 0xfa, 0xad, 0x9e, 0x52, 0xfe, 0xad, 0x9e, 0x52, 0xfe, 0xad, 0x9f, 0x52, 0xfe,
    0xad, 0x9e, 0x52, 0xfe, 0xad, 0x9e, 0x52, 0xfe, 0xad, 0x9e, 0x52, 0xfe, 0xad, 0x9e, 0x52, 0xfe,
    0xad, 0x9f, 0x51, 0xfe, 0xad, 0x9f, 0x50, 0xfa, 0xb9, 0xa8, 0x54, 0xff, 0xac, 0x9e, 0x4e, 0x82,
    0x00, 0x00, 0x00, 0x00, 0xbf, 0xbf, 0x3f, 0x04, 0x00, 0x00, 0x00, 0x00, 0x00, 0x00, 0x00, 0x00,
    0x00, 0x00, 0x00, 0x00, 0x00, 0x00, 0x00, 0x00, 0x00, 0x00, 0x00, 0x00, 0x00, 0x00, 0x00, 0x00,
    0x00, 0x00, 0x00, 0x00, 0x00, 0x00, 0x00, 0x00, 0x00, 0x00, 0x00, 0x00, 0x00, 0x00, 0x00, 0x00,
    0x00, 0x00, 0x00, 0x00, 0x00, 0x00, 0x00, 0x00, 0x00, 0x00, 0x00, 0x00, 0x00, 0x00, 0x00, 0x00,
    0x00, 0x00, 0x00, 0x00, 0x00, 0x00, 0x00, 0x00, 0x00, 0x00, 0x00, 0x00, 0x00, 0x00, 0x00, 0x00,
    0x00, 0x00, 0x00, 0x00, 0x00, 0x00, 0x00, 0x00, 0x00, 0x00, 0x00, 0x00, 0x00, 0x00, 0x00, 0x00,
    0x00, 0x00, 0x00, 0x00, 0x00, 0x00, 0x00, 0x00, 0x00, 0x00, 0x00, 0x00, 0x00, 0x00, 0x00, 0x00,
    0x00, 0x00, 0x00, 0x00, 0x00, 0x00, 0x00, 0x00, 0x00, 0x00, 0x00, 0x00, 0x00, 0x00, 0x00, 0x00,
    0x00, 0x00, 0x00, 0x00, 0x00, 0x00, 0x00, 0x00, 0x00, 0x00, 0x00, 0x00, 0x00, 0x00, 0x00, 0x00,
    0x00, 0x00, 0x00, 0x00, 0x00, 0x00, 0x00, 0x00, 0x00, 0x00, 0x00, 0x00, 0x00, 0x00, 0x00, 0x00,
    0x00, 0x00, 0x00, 0x00, 0x00, 0x00, 0x00, 0x00, 0x00, 0x00, 0x00, 0x00, 0x00, 0x00, 0x00, 0x00,
    0x00, 0x00, 0x00, 0x00, 0x00, 0x00, 0x00, 0x00, 0xbf, 0x7f, 0x3f, 0x04, 0x00, 0x00, 0x00, 0x00,
    0xab, 0x9b, 0x4f, 0x83, 0xb8, 0xa8, 0x54, 0xff, 0xad, 0x9e, 0x51, 0xfa, 0xad, 0x9e, 0x52, 0xfe,
    0xad, 0x9f, 0x51, 0xfe, 0xad, 0x9e, 0x52, 0xfe, 0xad, 0x9e, 0x52, 0xfe, 0xad, 0x9e, 0x51, 0xfe,
    0xad, 0x9f, 0x51, 0xfe, 0xad, 0x9e, 0x52, 0xfe, 0xad, 0x9e, 0x52, 0xfe, 0xae, 0xa0, 0x51, 0xfa,
    0xbb, 0xab, 0x54, 0xff, 0xb2, 0xa3, 0x51, 0x93, 0x00, 0x00, 0x00, 0x00, 0x91, 0x91, 0x48, 0x07,
    0xbf, 0x7f, 0x3f, 0x04, 0xbf, 0xbf, 0x7f, 0x04, 0xcc, 0x99, 0x66, 0x05, 0xcc, 0x99, 0x66, 0x05,
    0x00, 0x00, 0x00, 0x00, 0xb6, 0xa3, 0x5b, 0x0e, 0xb1, 0xa6, 0x58, 0x17, 0xb9, 0xad, 0x51, 0x16,
    0xb1, 0xa6, 0x58, 0x17, 0xb1, 0x9b, 0x58, 0x17, 0xb1, 0xa6, 0x58, 0x17, 0xb1, 0xa6, 0x58, 0x17,
    0xb6, 0xaa, 0x55, 0x15, 0xbf, 0xa5, 0x59, 0x14, 0xb2, 0xa5, 0x59, 0x14, 0xb2, 0xa5, 0x59, 0x14,
    0xae, 0xa1, 0x50, 0x13, 0xae, 0xa1, 0x50, 0x13, 0xb8, 0xaa, 0x55, 0x12, 0xb8, 0x9b, 0x55, 0x12,
    0xb8, 0xaa, 0x55, 0x12, 0xb4, 0xa5, 0x5a, 0x11, 0xc8, 0xa3, 0x5b, 0x0e, 0xbb, 0xaa, 0x55, 0x0f,
    0xbf, 0xaf, 0x5f, 0x10, 0xaf, 0x9f, 0x4f, 0x10, 0xbb, 0xaa, 0x66, 0x0f, 0xbb, 0xaa, 0x66, 0x0f,
    0xc8, 0xa3, 0x5b, 0x0e, 0xc4, 0x9c, 0x62, 0x0d, 0xb0, 0x9c, 0x62, 0x0d, 0xb9, 0xa2, 0x5c, 0x0b,
    0xb9, 0xa2, 0x5c, 0x0b, 0xb9, 0xa2, 0x5c, 0x0b, 0xb9, 0xa2, 0x73, 0x0b, 0xb2, 0xb2, 0x66, 0x0a,
    0xbf, 0xbf, 0x5f, 0x08, 0xbf, 0xbf, 0x5f, 0x08, 0xaa, 0xaa, 0x71, 0x09, 0xb2, 0x99, 0x66, 0x0a,
    0xbf, 0x9f, 0x5f, 0x08, 0xbf, 0x9f, 0x5f, 0x08, 0xc6, 0x8d, 0x55, 0x09, 0xbf, 0x9f, 0x5f, 0x08,
    0xbf, 0x9f, 0x5f, 0x08, 0xaa, 0x8d, 0x55, 0x09, 0xbf, 0x9f, 0x5f, 0x08, 0xc6, 0xaa, 0x71, 0x09,
    0xb6, 0xb6, 0x6d, 0x07, 0xd4, 0xd4, 0x7f, 0x06, 0xb2, 0x99, 0x66, 0x0a, 0xb0, 0x9c, 0x4e, 0x0d,
    0xb0, 0xa3, 0x55, 0x51, 0xb4, 0xa5, 0x53, 0xee, 0xb2, 0xa3, 0x51, 0xfd, 0xaf, 0xa0, 0x52, 0xfd,
    0xaf, 0xa0, 0x52, 0xfe, 0xae, 0x9f, 0x53, 0xfe, 0xae, 0x9f, 0x53, 0xfe, 0xae, 0x9f, 0x53, 0xfe,
    0xae, 0x9f, 0x53, 0xfe, 0xad, 0x9f, 0x51, 0xfe, 0xad, 0x9e, 0x51, 0xfe, 0xad, 0x9e, 0x52, 0xfe,
    0xb0, 0x9f, 0x50, 0xfc, 0xb4, 0xa2, 0x52, 0xff, 0xb2, 0xa1, 0x55, 0x39, 0x00, 0x00, 0x00, 0x00,
    0xaa, 0xaa, 0x55, 0x06, 0xaa, 0xaa, 0x55, 0x03, 0xb6, 0xb6, 0x6d, 0x07, 0x00, 0x00, 0x00, 0x00,
    0xb0, 0xa1, 0x53, 0x86, 0xb9, 0xaa, 0x55, 0xff, 0xad, 0x9f, 0x52, 0xfa, 0xad, 0x9e, 0x52, 0xfe,
    0xad, 0x9e, 0x52, 0xfe, 0xae, 0x9f, 0x52, 0xfe, 0xae, 0x9f, 0x53, 0xfe, 0xad, 0x9f, 0x52, 0xfe,
    0xad, 0x9f, 0x51, 0xfe, 0xad, 0x9e, 0x52, 0xfe, 0xad, 0x9e, 0x52, 0xfe, 0xad, 0x9f, 0x51, 0xfa,
    0xb9, 0xa8, 0x54, 0xff, 0xad, 0x9d, 0x4d, 0x80, 0x00, 0x00, 0x00, 0x00, 0xbf, 0xbf, 0x3f, 0x04,
    0x00, 0x00, 0x00, 0x00, 0x00, 0x00, 0x00, 0x00, 0x00, 0x00, 0x00, 0x00, 0x00, 0x00, 0x00, 0x00,
    0x00, 0x00, 0x00, 0x00, 0x00, 0x00, 0x00, 0x00, 0x00, 0x00, 0x00, 0x00, 0x00, 0x00, 0x00, 0x00,
    0x00, 0x00, 0x00, 0x00, 0x00, 0x00, 0x00, 0x00, 0x00, 0x00, 0x00, 0x00, 0x00, 0x00, 0x00, 0x00,
    0x00, 0x00, 0x00, 0x00, 0x00, 0x00, 0x00, 0x00, 0x00, 0x00, 0x00, 0x00, 0x00, 0x00, 0x00, 0x00,
    0x00, 0x00, 0x00, 0x00, 0x00, 0x00, 0x00, 0x00, 0x00, 0x00, 0x00, 0x00, 0x00, 0x00, 0x00, 0x00,
    0x00, 0x00, 0x00, 0x00, 0x00, 0x00, 0x00, 0x00, 0x00, 0x00, 0x00, 0x00, 0x00, 0x00, 0x00, 0x00,
    0x00, 0x00, 0x00, 0x00, 0x00, 0x00, 0x00, 0x00, 0x00, 0x00, 0x00, 0x00, 0x00, 0x00, 0x00, 0x00,
    0x00, 0x00, 0x00, 0x00, 0x00, 0x00, 0x00, 0x00, 0x00, 0x00, 0x00, 0x00, 0x00, 0x00, 0x00, 0x00,
    0x00, 0x00, 0x00, 0x00, 0x00, 0x00, 0x00, 0x00, 0x00, 0x00, 0x00, 0x00, 0x00, 0x00, 0x00, 0x00,
    0x00, 0x00, 0x00, 0x00, 0x00, 0x00, 0x00, 0x00, 0x00, 0x00, 0x00, 0x00, 0x00, 0x00, 0x00, 0x00,
    0x00, 0x00, 0x00, 0x00, 0x00, 0x00, 0x00, 0x00, 0x00, 0x00, 0x00, 0x00, 0x00, 0x00, 0x00, 0x00,
    0xbf, 0x7f, 0x3f, 0x04, 0x00, 0x00, 0x00, 0x00, 0xac, 0x9c, 0x52, 0x82, 0xb8, 0xa8, 0x55, 0xff,
    0xad, 0x9e, 0x51, 0xfa, 0xad, 0x9e, 0x51, 0xfe, 0xad, 0x9e, 0x51, 0xfe, 0xad, 0x9e, 0x52, 0xfe,
    0xad, 0x9e, 0x52, 0xfe, 0xad, 0x9e, 0x51, 0xfe, 0xad, 0x9e, 0x51, 0xfe, 0xad, 0x9e, 0x52, 0xfe,
    0xae, 0x9f, 0x52, 0xfe, 0xaf, 0xa0, 0x50, 0xfa, 0xbc, 0xaa, 0x54, 0xff, 0xb3, 0xa1, 0x50, 0x91,
    0x00, 0x00, 0x00, 0x00, 0x91, 0x91, 0x48, 0x07, 0xaa, 0xaa, 0x55, 0x03, 0xbf, 0xbf, 0x7f, 0x04,
    0xcc, 0x99, 0x66, 0x05, 0xcc, 0x99, 0x66, 0x05, 0xbf, 0x9f, 0x5f, 0x08, 0xff, 0xff, 0x7f, 0x02,
    0xff, 0xff, 0xff, 0x01, 0xff, 0xff, 0xff, 0x01, 0xff, 0xff, 0xff, 0x01, 0xff, 0xff, 0xff, 0x01,
    0xff, 0xff, 0xff, 0x01, 0xff, 0xff, 0xff, 0x01, 0x7f, 0x7f, 0x7f, 0x02, 0xff, 0xff, 0xff, 0x01,
    0xff, 0xff, 0xff, 0x01, 0xff, 0xff, 0xff, 0x01, 0xff, 0xff, 0xff, 0x01, 0xff, 0xff, 0xff, 0x01,
    0x7f, 0x7f, 0x7f, 0x02, 0xff, 0xff, 0xff, 0x01, 0xff, 0xff, 0xff, 0x01, 0xff, 0xff, 0xff, 0x01,
    0xff, 0x7f, 0x7f, 0x02, 0xff, 0x7f, 0x7f, 0x02, 0xff, 0x7f, 0x7f, 0x02, 0xff, 0x7f, 0x7f, 0x02,
    0x7f, 0x7f, 0x7f, 0x02, 0xff, 0x7f, 0x7f, 0x02, 0xff, 0x7f, 0x7f, 0x02, 0xff, 0x7f, 0x7f, 0x02,
    0x7f, 0x7f, 0x7f, 0x02, 0xff, 0xff, 0x7f, 0x02, 0xff, 0xff, 0x7f, 0x02, 0xff, 0xff, 0x7f, 0x02,
    0xff, 0xff, 0x7f, 0x02, 0xff, 0xff, 0x7f, 0x02, 0x7f, 0x7f, 0x00, 0x02, 0x7f, 0x7f, 0x7f, 0x02,
    0xff, 0xff, 0x7f, 0x02, 0xaa, 0xaa, 0xaa, 0x03, 0xaa, 0xaa, 0xaa, 0x03, 0xaa, 0xaa, 0xaa, 0x03,
    0xaa, 0xaa, 0x55, 0x03, 0xaa, 0xaa, 0xaa, 0x03, 0xaa, 0xaa, 0x55, 0x03, 0xaa, 0xaa, 0x55, 0x03,
    0xff, 0xff, 0x7f, 0x02, 0x7f, 0x7f, 0x7f, 0x02, 0xff, 0xff, 0x7f, 0x02, 0xaa, 0xaa, 0xaa, 0x03,
    0xaa, 0xaa, 0xaa, 0x03, 0xd4, 0xaa, 0x55, 0x06, 0x00, 0x00, 0x00, 0x00, 0xb0, 0x9f, 0x55, 0x6e,
    0xb9, 0xa9, 0x55, 0xff, 0xae, 0x9f, 0x52, 0xfb, 0xae, 0x9f, 0x53, 0xfe, 0xae, 0x9f, 0x52, 0xfe,
    0xae, 0xa0, 0x52, 0xfe, 0xae, 0x9f, 0x53, 0xfe, 0xae, 0x9f, 0x53, 0xfe, 0xae, 0x9f, 0x52, 0xfe,
    0xad, 0x9e, 0x52, 0xfe, 0xad, 0x9e, 0x52, 0xfe, 0xae, 0x9f, 0x52, 0xfd, 0xb4, 0xa3, 0x53, 0xff,
    0xb4, 0xa2, 0x53, 0x3a, 0x00, 0x00, 0x00, 0x00, 0xaa, 0xaa, 0x55, 0x06, 0xaa, 0xaa, 0x55, 0x03,
    0xb6, 0xb6, 0x6d, 0x07, 0x00, 0x00, 0x00, 0x00, 0xb1, 0xa2, 0x51, 0x87, 0xb9, 0xaa, 0x55, 0xff,
    0xad, 0x9f, 0x52, 0xfa, 0xad, 0x9e, 0x52, 0xfe, 0xad, 0x9f, 0x52, 0xfe, 0xae, 0x9f, 0x51, 0xfe,
    0xad, 0x9e, 0x52, 0xfe, 0xae, 0x9f, 0x51, 0xfe, 0xad, 0x9e, 0x52, 0xfe, 0xad, 0x9e, 0x52, 0xfe,
    0xad, 0x9f, 0x51, 0xfe, 0xad, 0x9f, 0x51, 0xfa, 0xb8, 0xa8, 0x54, 0xff, 0xab, 0x9e, 0x4f, 0x81,
    0x00, 0x00, 0x00, 0x00, 0xbf, 0x7f, 0x3f, 0x04, 0x00, 0x00, 0x00, 0x00, 0x00, 0x00, 0x00, 0x00,
    0x00, 0x00, 0x00, 0x00, 0x00, 0x00, 0x00, 0x00, 0x00, 0x00, 0x00, 0x00, 0x00, 0x00, 0x00, 0x00,
    0x00, 0x00, 0x00, 0x00, 0x00, 0x00, 0x00, 0x00, 0x00, 0x00, 0x00, 0x00, 0x00, 0x00, 0x00, 0x00,
    0x00, 0x00, 0x00, 0x00, 0x00, 0x00, 0x00, 0x00, 0x00, 0x00, 0x00, 0x00, 0x00, 0x00, 0x00, 0x00,
    0x00, 0x00, 0x00, 0x00, 0x00, 0x00, 0x00, 0x00, 0x00, 0x00, 0x00, 0x00, 0x00, 0x00, 0x00, 0x00,
    0x00, 0x00, 0x00, 0x00, 0x00, 0x00, 0x00, 0x00, 0x00, 0x00, 0x00, 0x00, 0x00, 0x00, 0x00, 0x00,
    0x00, 0x00, 0x00, 0x00, 0x00, 0x00, 0x00, 0x00, 0x00, 0x00, 0x00, 0x00, 0x00, 0x00, 0x00, 0x00,
    0x00, 0x00, 0x00, 0x00, 0x00, 0x00, 0x00, 0x00, 0x00, 0x00, 0x00, 0x00, 0x00, 0x00, 0x00, 0x00,
    0x00, 0x00, 0x00, 0x00, 0x00, 0x00, 0x00, 0x00, 0x00, 0x00, 0x00, 0x00, 0x00, 0x00, 0x00, 0x00,
    0x00, 0x00, 0x00, 0x00, 0x00, 0x00, 0x00, 0x00, 0x00, 0x00, 0x00, 0x00, 0x00, 0x00, 0x00, 0x00,
    0x00, 0x00, 0x00, 0x00, 0x00, 0x00, 0x00, 0x00, 0x00, 0x00, 0x00, 0x00, 0x00, 0x00, 0x00, 0x00,
    0x00, 0x00, 0x00, 0x00, 0x00, 0x00, 0x00, 0x00, 0xbf, 0x7f, 0x3f, 0x04, 0x00, 0x00, 0x00, 0x00,
    0xa9, 0x9b, 0x51, 0x83, 0xb7, 0xa7, 0x55, 0xff, 0xad, 0x9e, 0x51, 0xfa, 0xad, 0x9e, 0x52, 0xfe,
    0xad, 0x9e, 0x51, 0xfe, 0xad, 0x9f, 0x51, 0xfe, 0xad, 0x9e, 0x52, 0xfe, 0xad, 0x9e, 0x52, 0xfe,
    0xae, 0x9f, 0x53, 0xfe, 0xae, 0x9f, 0x53, 0xfe, 0xae, 0xa0, 0x53, 0xfe, 0xaf, 0xa0, 0x52, 0xfa,
    0xba, 0xab, 0x54, 0xff, 0xb0, 0xa2, 0x50, 0x8f, 0xff, 0xff, 0x00, 0x01, 0x9f, 0x9f, 0x5f, 0x08,
    0xbf, 0xbf, 0x7f, 0x04, 0xbf, 0xbf, 0x7f, 0x04, 0xbf, 0xbf, 0x7f, 0x04, 0x99, 0x99, 0x66, 0x05,
    0xbf, 0xbf, 0x7f, 0x04, 0xcc, 0x99, 0x66, 0x05, 0xcc, 0xcc, 0x66, 0x05, 0xcc, 0xcc, 0x66, 0x05,
    0xcc, 0xcc, 0x66, 0x05, 0xcc, 0xcc, 0x66, 0x05, 0xcc, 0xcc, 0x66, 0x05, 0xcc, 0xcc, 0x66, 0x05,
    0xcc, 0xcc, 0x66, 0x05, 0xcc, 0xcc, 0x66, 0x05, 0xcc, 0xcc, 0x66, 0x05, 0xcc, 0xcc, 0x66, 0x05,
    0xcc, 0xcc, 0x66, 0x05, 0xcc, 0xcc, 0x66, 0x05, 0xcc, 0xcc, 0x66, 0x05, 0xcc, 0xcc, 0x66, 0x05,
    0xcc, 0xcc, 0x66, 0x05, 0xcc, 0xcc, 0x66, 0x05, 0x99, 0xcc, 0x66, 0x05, 0xcc, 0xcc, 0x66, 0x05,
    0xcc, 0xcc, 0x66, 0x05, 0xcc, 0xcc, 0x66, 0x05, 0xcc, 0xcc, 0x66, 0x05, 0xcc, 0xcc, 0x66, 0x05,
    0xcc, 0xcc, 0x66, 0x05, 0x99, 0xcc, 0x66, 0x05, 0xcc, 0xcc, 0x66, 0x05, 0xcc, 0x99, 0x66, 0x05,
    0xcc, 0x99, 0x66, 0x05, 0xcc, 0x99, 0x66, 0x05, 0xcc, 0x99, 0x66, 0x05, 0xcc, 0x99, 0x66, 0x05,
    0x99, 0x99, 0x66, 0x05, 0xbf, 0xbf, 0x7f, 0x04, 0x99, 0x99, 0x66, 0x05, 0x99, 0x99, 0x66, 0x05,
    0x99, 0x99, 0x66, 0x05, 0xbf, 0xbf, 0x7f, 0x04, 0x7f, 0x7f, 0x3f, 0x04, 0x7f, 0x7f, 0x3f, 0x04,
    0x7f, 0x7f, 0x3f, 0x04, 0x7f, 0x7f, 0x3f, 0x04, 0xaa, 0xaa, 0x55, 0x03, 0x55, 0x55, 0x55, 0x03,
    0xaa, 0xaa, 0x55, 0x03, 0xbf, 0xbf, 0x3f, 0x04, 0xbf, 0xbf, 0x3f, 0x04, 0xd4, 0xaa, 0x7f, 0x06,
    0xaa, 0xaa, 0x55, 0x03, 0xb2, 0xa8, 0x56, 0x35, 0xb1, 0xa3, 0x53, 0xff, 0xae, 0x9f, 0x53, 0xfd,
    0xae, 0x9f, 0x52, 0xfe, 0xae, 0xa0, 0x52, 0xfe, 0xae, 0x9f, 0x53, 0xfe, 0xae, 0x9f, 0x53, 0xfe,
    0xae, 0x9f, 0x53, 0xfe, 0xae, 0x9f, 0x53, 0xfe, 0xae, 0x9f, 0x53, 0xfe, 0xae, 0x9f, 0x53, 0xfe,
    0xae, 0xa0, 0x52, 0xfd, 0xb3, 0xa4, 0x53, 0xff, 0xb5, 0xa4, 0x56, 0x3b, 0x00, 0x00, 0x00, 0x00,
    0xaa, 0xaa, 0x55, 0x06, 0xaa, 0xaa, 0x55, 0x03, 0xb6, 0xb6, 0x6d, 0x07, 0x00, 0x00, 0x00, 0x00,
    0xb1, 0xa2, 0x51, 0x87, 0xb9, 0xaa, 0x55, 0xff, 0xad, 0x9f, 0x52, 0xfa, 0xad, 0x9e, 0x52, 0xfe,
    0xad, 0x9e, 0x52, 0xfe, 0xae, 0x9f, 0x52, 0xfe, 0xad, 0x9e, 0x52, 0xfe, 0xae, 0x9f, 0x52, 0xfe,
    0xad, 0x9e, 0x52, 0xfe, 0xad, 0x9e, 0x52, 0xfe, 0xad, 0x9e, 0x52, 0xfe, 0xad, 0x9f, 0x51, 0xfa,
    0xb8, 0xa8, 0x54, 0xff, 0xab, 0x9d, 0x4d, 0x83, 0x00, 0x00, 0x00, 0x00, 0xbf, 0x7f, 0x3f, 0x04,
    0x00, 0x00, 0x00, 0x00, 0x00, 0x00, 0x00, 0x00, 0x00, 0x00, 0x00, 0x00, 0x00, 0x00, 0x00, 0x00,
    0x00, 0x00, 0x00, 0x00, 0x00, 0x00, 0x00, 0x00, 0x00, 0x00, 0x00, 0x00, 0x00, 0x00, 0x00, 0x00,
    0x00, 0x00, 0x00, 0x00, 0x00, 0x00, 0x00, 0x00, 0x00, 0x00, 0x00, 0x00, 0x00, 0x00, 0x00, 0x00,
    0x00, 0x00, 0x00, 0x00, 0x00, 0x00, 0x00, 0x00, 0x00, 0x00, 0x00, 0x00, 0x00, 0x00, 0x00, 0x00,
    0x00, 0x00, 0x00, 0x00, 0x00, 0x00, 0x00, 0x00, 0x00, 0x00, 0x00, 0x00, 0x00, 0x00, 0x00, 0x00,
    0x00, 0x00, 0x00, 0x00, 0x00, 0x00, 0x00, 0x00, 0x00, 0x00, 0x00, 0x00, 0x00, 0x00, 0x00, 0x00,
    0x00, 0x00, 0x00, 0x00, 0x00, 0x00, 0x00, 0x00, 0x00, 0x00, 0x00, 0x00, 0x00, 0x00, 0x00, 0x00,
    0x00, 0x00, 0x00, 0x00, 0x00, 0x00, 0x00, 0x00, 0x00, 0x00, 0x00, 0x00, 0x00, 0x00, 0x00, 0x00,
    0x00, 0x00, 0x00, 0x00, 0x00, 0x00, 0x00, 0x00, 0x00, 0x00, 0x00, 0x00, 0x00, 0x00, 0x00, 0x00,
    0x00, 0x00, 0x00, 0x00, 0x00, 0x00, 0x00, 0x00, 0x00, 0x00, 0x00, 0x00, 0x00, 0x00, 0x00, 0x00,
    0x00, 0x00, 0x00, 0x00, 0x00, 0x00, 0x00, 0x00, 0x00, 0x00, 0x00, 0x00, 0x00, 0x00, 0x00, 0x00,
    0xbf, 0x7f, 0x3f, 0x04, 0x00, 0x00, 0x00, 0x00, 0xaa, 0x9a, 0x51, 0x84, 0xb7, 0xa7, 0x55, 0xff,
    0xad, 0x9e, 0x51, 0xfa, 0xad, 0x9e, 0x52, 0xfe, 0xad, 0x9e, 0x52, 0xfe, 0xad, 0x9e, 0x52, 0xfe,
    0xad, 0x9e, 0x52, 0xfe, 0xad, 0x9e, 0x52, 0xfe, 0xad, 0x9e, 0x52, 0xfe, 0xad, 0x9e, 0x52, 0xfe,
    0xae, 0x9e, 0x53, 0xfe, 0xae, 0xa0, 0x53, 0xfb, 0xb7, 0xa8, 0x53, 0xff, 0xb1, 0xa0, 0x51, 0xbb,
    0x00, 0x00, 0x00, 0x00, 0xaa, 0xaa, 0x71, 0x09, 0xbf, 0x9f, 0x5f, 0x08, 0xb6, 0xb6, 0x6d, 0x07,
    0xb6, 0xb6, 0x6d, 0x07, 0xb6, 0xb6, 0x6d, 0x07, 0xb6, 0xb6, 0x6d, 0x07, 0xb6, 0xb6, 0x6d, 0x07,
    0xb6, 0xb6, 0x6d, 0x07, 0xb6, 0xb6, 0x6d, 0x07, 0xb6, 0xb6, 0x6d, 0x07, 0xb6, 0xb6, 0x6d, 0x07,
    0xb6, 0xb6, 0x6d, 0x07, 0xb6, 0xb6, 0x6d, 0x07, 0xb6, 0xb6, 0x6d, 0x07, 0xb6, 0xb6, 0x6d, 0x07,
    0xb6, 0xb6, 0x6d, 0x07, 0xb6, 0xb6, 0x6d, 0x07, 0xb6, 0xb6, 0x6d, 0x07, 0xb6, 0xb6, 0x6d, 0x07,
    0xb6, 0xb6, 0x6d, 0x07, 0xb6, 0xb6, 0x6d, 0x07, 0xb6, 0xb6, 0x6d, 0x07, 0xbf, 0x9f, 0x5f, 0x08,
    0xbf, 0x9f, 0x5f, 0x08, 0x9f, 0x9f, 0x5f, 0x08, 0x9f, 0x9f, 0x5f, 0x08, 0xbf, 0x9f, 0x5f, 0x08,
    0xbf, 0x9f, 0x5f, 0x08, 0x9f, 0x9f, 0x5f, 0x08, 0xbf, 0x9f, 0x5f, 0x08, 0xbf, 0x9f, 0x5f, 0x08,
    0xbf, 0x9f, 0x5f, 0x08, 0xbf, 0x9f, 0x5f, 0x08, 0xbf, 0x9f, 0x5f, 0x08, 0xbf, 0x9f, 0x5f, 0x08,
    0xbf, 0x9f, 0x5f, 0x08, 0xbf, 0x9f, 0x5f, 0x08, 0xb6, 0xb6, 0x6d, 0x07, 0xbf, 0xbf, 0x7f, 0x04,
    0xbf, 0xbf, 0x7f, 0x04, 0xbf, 0xbf, 0x7f, 0x04, 0xaa, 0xaa, 0x55, 0x03, 0xaa, 0xaa, 0x55, 0x03,
    0xaa, 0xaa, 0x55, 0x03, 0xaa, 0xaa, 0x55, 0x03, 0xaa, 0xaa, 0x55, 0x03, 0xaa, 0xaa, 0x55, 0x03,
    0x7f, 0x7f, 0x7f, 0x02, 0x7f, 0x7f, 0x7f, 0x02, 0x7f, 0x7f, 0x7f, 0x02, 0xaa, 0xaa, 0x55, 0x03,
    0xaa, 0xaa, 0x55, 0x03, 0xcc, 0x99, 0x66, 0x05, 0x00, 0x00, 0x00, 0x00, 0xb1, 0xa3, 0x56, 0x38,
    0xb1, 0xa2, 0x52, 0xff, 0xaf, 0x9f, 0x53, 0xfd, 0xae, 0x9f, 0x53, 0xfe, 0xae, 0x9f, 0x53, 0xfe,
    0xae, 0x9f, 0x53, 0xfe, 0xae, 0x9f, 0x53, 0xfe, 0xae, 0xa0, 0x52, 0xfe, 0xae, 0xa0, 0x52, 0xfe,
    0xae, 0x9f, 0x53, 0xfe, 0xae, 0xa0, 0x52, 0xfe, 0xb0, 0xa0, 0x50, 0xfc, 0xb3, 0xa3, 0x52, 0xff,
    0xb5, 0xa4, 0x56, 0x3b, 0x00, 0x00, 0x00, 0x00, 0xcc, 0xcc, 0x66, 0x05, 0xaa, 0xaa, 0x55, 0x03,
    0x9f, 0x9f, 0x5f, 0x08, 0x00, 0x00, 0x00, 0x00, 0xb1, 0xa0, 0x51, 0x87, 0xb9, 0xaa, 0x55, 0xff,
    0xad, 0x9f, 0x52, 0xfa, 0xad, 0x9e, 0x52, 0xfe, 0xad, 0x9e, 0x51, 0xfe, 0xad, 0x9f, 0x52, 0xfe,
    0xad, 0x9e, 0x52, 0xfe, 0xad, 0x9e, 0x52, 0xfe, 0xad, 0x9e, 0x51, 0xfe, 0xac, 0x9d, 0x51, 0xfe,
    0xad, 0x9f, 0x51, 0xfe, 0xad, 0x9f, 0x51, 0xfa, 0xb9, 0xa8, 0x55, 0xff, 0xae, 0x9e, 0x4e, 0x82,
    0x00, 0x00, 0x00, 0x00, 0xbf, 0x7f, 0x3f, 0x04, 0x00, 0x00, 0x00, 0x00, 0x00, 0x00, 0x00, 0x00,
    0x00, 0x00, 0x00, 0x00, 0x00, 0x00, 0x00, 0x00, 0x00, 0x00, 0x00, 0x00, 0x00, 0x00, 0x00, 0x00,
    0x00, 0x00, 0x00, 0x00, 0x00, 0x00, 0x00, 0x00, 0x00, 0x00, 0x00, 0x00, 0x00, 0x00, 0x00, 0x00,
    0x00, 0x00, 0x00, 0x00, 0x00, 0x00, 0x00, 0x00, 0x00, 0x00, 0x00, 0x00, 0x00, 0x00, 0x00, 0x00,
    0x00, 0x00, 0x00, 0x00, 0x00, 0x00, 0x00, 0x00, 0x00, 0x00, 0x00, 0x00, 0x00, 0x00, 0x00, 0x00,
    0x00, 0x00, 0x00, 0x00, 0x00, 0x00, 0x00, 0x00, 0x00, 0x00, 0x00, 0x00, 0x00, 0x00, 0x00, 0x00,
    0x00, 0x00, 0x00, 0x00, 0x00, 0x00, 0x00, 0x00, 0x00, 0x00, 0x00, 0x00, 0x00, 0x00, 0x00, 0x00,
    0x00, 0x00, 0x00, 0x00, 0x00, 0x00, 0x00, 0x00, 0x00, 0x00, 0x00, 0x00, 0x00, 0x00, 0x00, 0x00,
    0x00, 0x00, 0x00, 0x00, 0x00, 0x00, 0x00, 0x00, 0x00, 0x00, 0x00, 0x00, 0x00, 0x00, 0x00, 0x00,
    0x00, 0x00, 0x00, 0x00, 0x00, 0x00, 0x00, 0x00, 0x00, 0x00, 0x00, 0x00, 0x00, 0x00, 0x00, 0x00,
    0x00, 0x00, 0x00, 0x00, 0x00, 0x00, 0x00, 0x00, 0x00, 0x00, 0x00, 0x00, 0x00, 0x00, 0x00, 0x00,
    0x00, 0x00, 0x00, 0x00, 0x00, 0x00, 0x00, 0x00, 0xbf, 0x7f, 0x3f, 0x04, 0x00, 0x00, 0x00, 0x00,
    0xab, 0x9d, 0x4f, 0x83, 0xb8, 0xa8, 0x55, 0xff, 0xad, 0x9e, 0x52, 0xfa, 0xad, 0x9e, 0x51, 0xfe,
    0xad, 0x9f, 0x51, 0xfe, 0xad, 0x9e, 0x52, 0xfe, 0xad, 0x9e, 0x52, 0xfe, 0xad, 0x9e, 0x52, 0xfe,
    0xae, 0x9f, 0x52, 0xfe, 0xae, 0x9f, 0x52, 0xfe, 0xae, 0x9f, 0x53, 0xfe, 0xae, 0x9f, 0x53, 0xfe,
    0xaf, 0xa0, 0x50, 0xfc, 0xb6, 0xa5, 0x53, 0xfd, 0xb4, 0xa2, 0x57, 0x55, 0x00, 0x00, 0x00, 0x00,
    0x00, 0x00, 0x00, 0x00, 0x00, 0x00, 0x00, 0x00, 0x00, 0x00, 0x00, 0x00, 0x00, 0x00, 0x00, 0x00,
    0x00, 0x00, 0x00, 0x00, 0x00, 0x00, 0x00, 0x00, 0x00, 0x00, 0x00, 0x00, 0x00, 0x00, 0x00, 0x00,
    0x00, 0x00, 0x00, 0x00, 0x00, 0x00, 0x00, 0x00, 0x00, 0x00, 0x00, 0x00, 0x00, 0x00, 0x00, 0x00,
    0x00, 0x00, 0x00, 0x00, 0x00, 0x00, 0x00, 0x00, 0x00, 0x00, 0x00, 0x00, 0x00, 0x00, 0x00, 0x00,
    0x00, 0x00, 0x00, 0x00, 0x00, 0x00, 0x00, 0x00, 0x00, 0x00, 0x00, 0x00, 0x00, 0x00, 0x00, 0x00,
    0x00, 0x00, 0x00, 0x00, 0x00, 0x00, 0x00, 0x00, 0x00, 0x00, 0x00, 0x00, 0x00, 0x00, 0x00, 0x00,
    0x00, 0x00, 0x00, 0x00, 0x00, 0x00, 0x00, 0x00, 0x00, 0x00, 0x00, 0x00, 0x00, 0x00, 0x00, 0x00,
    0x00, 0x00, 0x00, 0x00, 0x00, 0x00, 0x00, 0x00, 0x00, 0x00, 0x00, 0x00, 0x00, 0x00, 0x00, 0x00,
    0x00, 0x00, 0x00, 0x00, 0x00, 0x00, 0x00, 0x00, 0x00, 0x00, 0x00, 0x00, 0x00, 0x00, 0x00, 0x00,
    0x00, 0x00, 0x00, 0x00, 0xff, 0xff, 0x7f, 0x02, 0xb6, 0xb6, 0x6d, 0x07, 0xaa, 0xaa, 0x55, 0x03,
    0xaa, 0xaa, 0x55, 0x03, 0xaa, 0xaa, 0x55, 0x03, 0x7f, 0x7f, 0x7f, 0x02, 0x7f, 0x7f, 0x7f, 0x02,
    0x7f, 0x7f, 0x7f, 0x02, 0x7f, 0x7f, 0x7f, 0x02, 0x7f, 0x7f, 0x7f, 0x02, 0x7f, 0x7f, 0x7f, 0x02,
    0x7f, 0x7f, 0x7f, 0x02, 0x7f, 0x7f, 0x7f, 0x02, 0x7f, 0x7f, 0x7f, 0x02, 0x99, 0x99, 0x66, 0x05,
    0x00, 0x00, 0x00, 0x00, 0xb4, 0xa6, 0x58, 0x37, 0xb1, 0xa3, 0x52, 0xff, 0xaf, 0xa0, 0x52, 0xfd,
    0xae, 0x9f, 0x53, 0xfe, 0xae, 0x9f, 0x53, 0xfe, 0xae, 0x9f, 0x53, 0xfe, 0xae, 0x9f, 0x53, 0xfe,
    0xae, 0x9f, 0x53, 0xfe, 0xae, 0xa0, 0x52, 0xfe, 0xae, 0x9f, 0x52, 0xfe, 0xae, 0x9f, 0x52, 0xfe,
    0xb1, 0xa0, 0x50, 0xfc, 0xb3, 0xa3, 0x52, 0xff, 0xb4, 0xa2, 0x57, 0x3a, 0x00, 0x00, 0x00, 0x00,
    0xcc, 0xcc, 0x66, 0x05, 0xaa, 0xaa, 0x55, 0x03, 0xbf, 0x9f, 0x5f, 0x08, 0x00, 0x00, 0x00, 0x00,
    0xb1, 0x9e, 0x51, 0x87, 0xb9, 0xa9, 0x55, 0xff, 0xad, 0x9f, 0x51, 0xfa, 0xad, 0x9f, 0x51, 0xfe,
    0xad, 0x9e, 0x52, 0xfe, 0xad, 0x9e, 0x52, 0xfe, 0xad, 0x9e, 0x52, 0xfe, 0xad, 0x9e, 0x52, 0xfe,
    0xad, 0x9e, 0x51, 0xfe, 0xac, 0x9d, 0x50, 0xfe, 0xad, 0x9e, 0x51, 0xfe, 0xad, 0xa0, 0x50, 0xfa,
    0xb9, 0xa9, 0x54, 0xff, 0xae, 0x9f, 0x4c, 0x7e, 0x00, 0x00, 0x00, 0x00, 0xbf, 0xbf, 0x3f, 0x04,
    0x00, 0x00, 0x00, 0x00, 0x00, 0x00, 0x00, 0x00, 0x00, 0x00, 0x00, 0x00, 0x00, 0x00, 0x00, 0x00,
    0x00, 0x00, 0x00, 0x00, 0x00, 0x00, 0x00, 0x00, 0x00, 0x00, 0x00, 0x00, 0x00, 0x00, 0x00, 0x00,
    0x00, 0x00, 0x00, 0x00, 0x00, 0x00, 0x00, 0x00, 0x00, 0x00, 0x00, 0x00, 0x00, 0x00, 0x00, 0x00,
    0x00, 0x00, 0x00, 0x00, 0x00, 0x00, 0x00, 0x00, 0x00, 0x00, 0x00, 0x00, 0x00, 0x00, 0x00, 0x00,
    0x00, 0x00, 0x00, 0x00, 0x00, 0x00, 0x00, 0x00, 0x00, 0x00, 0x00, 0x00, 0x00, 0x00, 0x00, 0x00,
    0x00, 0x00, 0x00, 0x00, 0x00, 0x00, 0x00, 0x00, 0x00, 0x00, 0x00, 0x00, 0x00, 0x00, 0x00, 0x00,
    0x00, 0x00, 0x00, 0x00, 0x00, 0x00, 0x00, 0x00, 0x00, 0x00, 0x00, 0x00, 0x00, 0x00, 0x00, 0x00,
    0x00, 0x00, 0x00, 0x00, 0x00, 0x00, 0x00, 0x00, 0x00, 0x00, 0x00, 0x00, 0x00, 0x00, 0x00, 0x00,
    0x00, 0x00, 0x00, 0x00, 0x00, 0x00, 0x00, 0x00, 0x00, 0x00, 0x00, 0x00, 0x00, 0x00, 0x00, 0x00,
    0x00, 0x00, 0x00, 0x00, 0x00, 0x00, 0x00, 0x00, 0x00, 0x00, 0x00, 0x00, 0x00, 0x00, 0x00, 0x00,
    0x00, 0x00, 0x00, 0x00, 0x00, 0x00, 0x00, 0x00, 0x00, 0x00, 0x00, 0x00, 0x00, 0x00, 0x00, 0x00,
    0xbf, 0xbf, 0x3f, 0x04, 0x00, 0x00, 0x00, 0x00, 0xaf, 0x9e, 0x53, 0x84, 0xb9, 0xaa, 0x56, 0xff,
    0xad, 0x9f, 0x52, 0xfa, 0xae, 0x9f, 0x52, 0xfe, 0xae, 0x9f, 0x52, 0xfe, 0xae, 0x9f, 0x52, 0xfe,
    0xad, 0x9e, 0x52, 0xfe, 0xae, 0x9f, 0x53, 0xfe, 0xae, 0x9f, 0x53, 0xfe, 0xae, 0x9f, 0x53, 0xfe,
    0xaf, 0xa0, 0x52, 0xfe, 0xaf, 0xa0, 0x53, 0xfe, 0xae, 0xa0, 0x51, 0xfd, 0xb3, 0xa4, 0x51, 0xfd,
    0xb3, 0xa2, 0x52, 0xf6, 0xb1, 0xa2, 0x53, 0x8d, 0xb3, 0xa3, 0x55, 0x51, 0xb5, 0xa4, 0x57, 0x4c,
    0xb4, 0xa3, 0x58, 0x4b, 0xb7, 0xa6, 0x58, 0x4b, 0xb7, 0xa3, 0x58, 0x4e, 0xb6, 0xa8, 0x56, 0x4d,
    0xb7, 0xa6, 0x58, 0x4e, 0xb5, 0xa5, 0x59, 0x50, 0xb5, 0xa5, 0x56, 0x50, 0xb3, 0xa3, 0x55, 0x51,
    0xb3, 0xa3, 0x55, 0x51, 0xb1, 0xa1, 0x53, 0x52, 0xb2, 0xa2, 0x52, 0x53, 0xb2, 0xa2, 0x52, 0x53,
    0xb3, 0xa3, 0x55, 0x54, 0xb1, 0x9f, 0x51, 0x55, 0xb1, 0xa3, 0x53, 0x56, 0xb2, 0xa1, 0x55, 0x57,
    0xb1, 0xa3, 0x53, 0x56, 0xb0, 0xa2, 0x51, 0x58, 0xb2, 0xa1, 0x52, 0x5a, 0xb3, 0xa2, 0x54, 0x5b,
    0xb4, 0xa0, 0x53, 0x5c, 0xb1, 0xa0, 0x53, 0x5c, 0xb5, 0xa4, 0x57, 0x5a, 0xb3, 0xa5, 0x56, 0x5b,
    0xb2, 0xa4, 0x55, 0x5d, 0xb3, 0xa3, 0x55, 0x5f, 0xb6, 0xa3, 0x55, 0x62, 0xb8, 0xa6, 0x58, 0x62,
    0xb5, 0xa5, 0x56, 0x64, 0xb5, 0xa3, 0x56, 0x64, 0xb3, 0xa4, 0x55, 0x65, 0xb5, 0xa4, 0x55, 0x6b,
    0xb5, 0xa2, 0x55, 0x6c, 0xb9, 0xa7, 0x57, 0x63, 0xb4, 0xa4, 0x56, 0x41, 0xaa, 0xaa, 0x71, 0x09,
    0x00, 0x00, 0x00, 0x00, 0x99, 0x99, 0x33, 0x05, 0xaa, 0xaa, 0x55, 0x03, 0x7f, 0x7f, 0x7f, 0x02,
    0x7f, 0x7f, 0x7f, 0x02, 0x7f, 0x7f, 0x7f, 0x02, 0x7f, 0x7f, 0x00, 0x02, 0xff, 0xff, 0x00, 0x01,
    0xff, 0xff, 0x00, 0x01, 0xff, 0xff, 0x00, 0x01, 0x7f, 0x7f, 0x7f, 0x02, 0x7f, 0x7f, 0x7f, 0x02,
    0x7f, 0x7f, 0x7f, 0x02, 0xbf, 0xbf, 0x7f, 0x04, 0x00, 0x00, 0x00, 0x00, 0xb3, 0xa5, 0x59, 0x36,
    0xb1, 0xa3, 0x52, 0xff, 0xb0, 0xa1, 0x52, 0xfd, 0xaf, 0xa0, 0x54, 0xfe, 0xaf, 0xa0, 0x53, 0xfe,
    0xaf, 0xa0, 0x52, 0xfe, 0xae, 0x9f, 0x53, 0xfe, 0xae, 0x9f, 0x53, 0xfe, 0xae, 0x9f, 0x53, 0xfe,
    0xae, 0x9f, 0x53, 0xfe, 0xae, 0x9e, 0x52, 0xfe, 0xae, 0x9f, 0x50, 0xfd, 0xb3, 0xa3, 0x52, 0xff,
    0xb4, 0xa2, 0x53, 0x3a, 0x00, 0x00, 0x00, 0x00, 0xcc, 0xcc, 0x66, 0x05, 0xaa, 0xaa, 0x55, 0x03,
    0xbf, 0x9f, 0x5f, 0x08, 0x00, 0x00, 0x00, 0x00, 0xaf, 0x9f, 0x51, 0x86, 0xb8, 0xa8, 0x54, 0xff,
    0xad, 0x9e, 0x51, 0xfa, 0xad, 0x9e, 0x52, 0xfe, 0xad, 0x9e, 0x52, 0xfe, 0xad, 0x9e, 0x52, 0xfe,
    0xad, 0x9e, 0x52, 0xfe, 0xad, 0x9e, 0x51, 0xfe, 0xac, 0x9d, 0x51, 0xfe, 0xac, 0x9e, 0x50, 0xfe,
    0xad, 0x9f, 0x50, 0xfe, 0xad, 0xa0, 0x50, 0xfa, 0xb9, 0xa9, 0x54, 0xff, 0xad, 0x9f, 0x4d, 0x80,
    0x00, 0x00, 0x00, 0x00, 0xbf, 0xbf, 0x3f, 0x04, 0x00, 0x00, 0x00, 0x00, 0x00, 0x00, 0x00, 0x00,
    0x00, 0x00, 0x00, 0x00, 0x00, 0x00, 0x00, 0x00, 0x00, 0x00, 0x00, 0x00, 0x00, 0x00, 0x00, 0x00,
    0x00, 0x00, 0x00, 0x00, 0x00, 0x00, 0x00, 0x00, 0x00, 0x00, 0x00, 0x00, 0x00, 0x00, 0x00, 0x00,
    0x00, 0x00, 0x00, 0x00, 0x00, 0x00, 0x00, 0x00, 0x00, 0x00, 0x00, 0x00, 0x00, 0x00, 0x00, 0x00,
    0x00, 0x00, 0x00, 0x00, 0x00, 0x00, 0x00, 0x00, 0x00, 0x00, 0x00, 0x00, 0x00, 0x00, 0x00, 0x00,
    0x00, 0x00, 0x00, 0x00, 0x00, 0x00, 0x00, 0x00, 0x00, 0x00, 0x00, 0x00, 0x00, 0x00, 0x00, 0x00,
    0x00, 0x00, 0x00, 0x00, 0x00, 0x00, 0x00, 0x00, 0x00, 0x00, 0x00, 0x00, 0x00, 0x00, 0x00, 0x00,
    0x00, 0x00, 0x00, 0x00, 0x00, 0x00, 0x00, 0x00, 0x00, 0x00, 0x00, 0x00, 0x00, 0x00, 0x00, 0x00,
    0x00, 0x00, 0x00, 0x00, 0x00, 0x00, 0x00, 0x00, 0x00, 0x00, 0x00, 0x00, 0x00, 0x00, 0x00, 0x00,
    0x00, 0x00, 0x00, 0x00, 0x00, 0x00, 0x00, 0x00, 0x00, 0x00, 0x00, 0x00, 0x00, 0x00, 0x00, 0x00,
    0x00, 0x00, 0x00, 0x00, 0x00, 0x00, 0x00, 0x00, 0x00, 0x00, 0x00, 0x00, 0x00, 0x00, 0x00, 0x00,
    0x00, 0x00, 0x00, 0x00, 0x00, 0x00, 0x00, 0x00, 0xbf, 0xbf, 0x3f, 0x04, 0x00, 0x00, 0x00, 0x00,
    0xb1, 0x9f, 0x53, 0x83, 0xb9, 0xa9, 0x57, 0xff, 0xad, 0x9f, 0x52, 0xfa, 0xae, 0x9f, 0x53, 0xfe,
    0xae, 0x9f, 0x53, 0xfe, 0xae, 0x9f, 0x53, 0xfe, 0xad, 0x9e, 0x52, 0xfe, 0xae, 0x9f, 0x53, 0xfe,
    0xae, 0x9f, 0x53, 0xfe, 0xae, 0x9f, 0x53, 0xfe, 0xaf, 0xa0, 0x54, 0xfe, 0xaf, 0xa1, 0x53, 0xfe,
    0xae, 0x9f, 0x52, 0xfe, 0xb0, 0xa1, 0x51, 0xfd, 0xb1, 0xa3, 0x51, 0xff, 0xba, 0xab, 0x56, 0xff,
    0xb8, 0xa9, 0x55, 0xff, 0xb6, 0xa8, 0x55, 0xff, 0xb7, 0xa8, 0x55, 0xff, 0xb6, 0xa8, 0x55, 0xff,
    0xb7, 0xa8, 0x53, 0xff, 0xb8, 0xa9, 0x55, 0xff, 0xb8, 0xa8, 0x55, 0xff, 0xb9, 0xa9, 0x56, 0xff,
    0xb8, 0xaa, 0x55, 0xff, 0xb7, 0xa9, 0x54, 0xff, 0xb7, 0xa9, 0x54, 0xff, 0xb8, 0xa9, 0x55, 0xff,
    0xb8, 0xa9, 0x54, 0xff, 0xb7, 0xa9, 0x54, 0xff, 0xb7, 0xa9, 0x54, 0xff, 0xb7, 0xa8, 0x54, 0xff,
    0xb7, 0xa8, 0x54, 0xff, 0xb8, 0xa9, 0x55, 0xff, 0xb8, 0xa9, 0x55, 0xff, 0xb7, 0xa9, 0x55, 0xff,
    0xba, 0xa8, 0x55, 0xff, 0xba, 0xaa, 0x55, 0xff, 0xba, 0xa9, 0x55, 0xff, 0xb9, 0xa9, 0x55, 0xff,
    0xba, 0xaa, 0x56, 0xff, 0xba, 0xaa, 0x56, 0xff, 0xb9, 0xab, 0x56, 0xff, 0xb9, 0xaa, 0x55, 0xff,
    0xba, 0xab, 0x56, 0xff, 0xbb, 0xab, 0x56, 0xff, 0xba, 0xab, 0x56, 0xff, 0xba, 0xab, 0x56, 0xff,
    0xbb, 0xaa, 0x56, 0xff, 0xbc, 0xab, 0x55, 0xff, 0xbd, 0xab, 0x55, 0xff, 0xbb, 0xab, 0x55, 0xff,
    0xb5, 0xa5, 0x54, 0xff, 0xb4, 0xa5, 0x53, 0xd5, 0xb2, 0xa3, 0x56, 0x64, 0x00, 0x00, 0x00, 0x00,
    0x7f, 0x7f, 0x7f, 0x02, 0x55, 0x55, 0x55, 0x03, 0x7f, 0x7f, 0x7f, 0x02, 0x7f, 0x7f, 0x7f, 0x02,
    0x7f, 0x7f, 0x00, 0x02, 0xff, 0xff, 0x00, 0x01, 0xff, 0xff, 0x00, 0x01, 0xff, 0xff, 0x00, 0x01,
    0x7f, 0x7f, 0x7f, 0x02, 0x7f, 0x7f, 0x7f, 0x02, 0x7f, 0x7f, 0x7f, 0x02, 0xbf, 0xbf, 0x7f, 0x04,
    0x00, 0x00, 0x00, 0x00, 0xb2, 0xa3, 0x5b, 0x35, 0xb1, 0xa2, 0x54, 0xff, 0xaf, 0xa0, 0x54, 0xfe,
    0xaf, 0xa0, 0x54, 0xfe, 0xaf, 0xa0, 0x54, 0xfe, 0xaf, 0x9f, 0x53, 0xfe, 0xae, 0x9f, 0x52, 0xfe,
    0xae, 0xa0, 0x52, 0xfe, 0xae, 0x9f, 0x53, 0xfe, 0xae, 0xa0, 0x52, 0xfe, 0xad, 0x9e, 0x52, 0xfe,
    0xad, 0x9f, 0x51, 0xfd, 0xb1, 0xa2, 0x52, 0xff, 0xaf, 0xa2, 0x53, 0x3a, 0x00, 0x00, 0x00, 0x00,
    0xaa, 0xaa, 0x55, 0x06, 0xaa, 0xaa, 0x55, 0x03, 0xb6, 0xb6, 0x6d, 0x07, 0x00, 0x00, 0x00, 0x00,
    0xaf, 0xa0, 0x4f, 0x87, 0xb8, 0xa8, 0x54, 0xff, 0xad, 0x9e, 0x51, 0xfa, 0xad, 0x9e, 0x52, 0xfe,
    0xad, 0x9e, 0x52, 0xfe, 0xad, 0x9e, 0x51, 0xfe, 0xad, 0x9f, 0x51, 0xfe, 0xad, 0x9e, 0x51, 0xfe,
    0xad, 0x9f, 0x51, 0xfe, 0xad, 0x9f, 0x51, 0xfe, 0xad, 0x9e, 0x51, 0xfe, 0xad, 0xa0, 0x50, 0xfa,
    0xba, 0xaa, 0x53, 0xff, 0xae, 0x9e, 0x4e, 0x82, 0x00, 0x00, 0x00, 0x00, 0xbf, 0xbf, 0x3f, 0x04,
    0x00, 0x00, 0x00, 0x00, 0x00, 0x00, 0x00, 0x00, 0x00, 0x00, 0x00, 0x00, 0x00, 0x00, 0x00, 0x00,
    0x00, 0x00, 0x00, 0x00, 0x00, 0x00, 0x00, 0x00, 0x00, 0x00, 0x00, 0x00, 0x00, 0x00, 0x00, 0x00,
    0x00, 0x00, 0x00, 0x00, 0x00, 0x00, 0x00, 0x00, 0x00, 0x00, 0x00, 0x00, 0x00, 0x00, 0x00, 0x00,
    0x00, 0x00, 0x00, 0x00, 0x00, 0x00, 0x00, 0x00, 0x00, 0x00, 0x00, 0x00, 0x00, 0x00, 0x00, 0x00,
    0x00, 0x00, 0x00, 0x00, 0x00, 0x00, 0x00, 0x00, 0x00, 0x00, 0x00, 0x00, 0x00, 0x00, 0x00, 0x00,
    0x00, 0x00, 0x00, 0x00, 0x00, 0x00, 0x00, 0x00, 0x00, 0x00, 0x00, 0x00, 0x00, 0x00, 0x00, 0x00,
    0x00, 0x00, 0x00, 0x00, 0x00, 0x00, 0x00, 0x00, 0x00, 0x00, 0x00, 0x00, 0x00, 0x00, 0x00, 0x00,
    0x00, 0x00, 0x00, 0x00, 0x00, 0x00, 0x00, 0x00, 0x00, 0x00, 0x00, 0x00, 0x00, 0x00, 0x00, 0x00,
    0x00, 0x00, 0x00, 0x00, 0x00, 0x00, 0x00, 0x00, 0x00, 0x00, 0x00, 0x00, 0x00, 0x00, 0x00, 0x00,
    0x00, 0x00, 0x00, 0x00, 0x00, 0x00, 0x00, 0x00, 0x00, 0x00, 0x00, 0x00, 0x00, 0x00, 0x00, 0x00,
    0x00, 0x00, 0x00, 0x00, 0x00, 0x00, 0x00, 0x00, 0x00, 0x00, 0x00, 0x00, 0x00, 0x00, 0x00, 0x00,
    0xbf, 0xbf, 0x3f, 0x04, 0x00, 0x00, 0x00, 0x00, 0xad, 0x9e, 0x51, 0x84, 0xb9, 0xa9, 0x58, 0xff,
    0xae, 0xa0, 0x53, 0xfa, 0xae, 0x9f, 0x53, 0xfe, 0xae, 0x9f, 0x53, 0xfe, 0xae, 0x9f, 0x53, 0xfe,
    0xae, 0x9f, 0x53, 0xfe, 0xae, 0x9f, 0x53, 0xfe, 0xae, 0x9f, 0x53, 0xfe, 0xae, 0x9f, 0x53, 0xfe,
    0xaf, 0xa0, 0x52, 0xfe, 0xaf, 0xa0, 0x53, 0xfe, 0xae, 0x9f, 0x53, 0xfe, 0xaf, 0xa0, 0x53, 0xfe,
    0xb2, 0xa1, 0x50, 0xfc, 0xb1, 0xa2, 0x51, 0xf9, 0xaf, 0xa1, 0x52, 0xfb, 0xaf, 0xa1, 0x51, 0xfb,
    0xaf, 0xa1, 0x51, 0xfb, 0xae, 0xa0, 0x50, 0xfb, 0xae, 0xa0, 0x52, 0xfb, 0xae, 0xa1, 0x51, 0xfb,
    0xb1, 0xa1, 0x51, 0xfb, 0xb1, 0xa2, 0x51, 0xfa, 0xb1, 0xa2, 0x51, 0xfa, 0xb1, 0xa3, 0x51, 0xfa,
    0xb2, 0xa2, 0x51, 0xfa, 0xb0, 0xa2, 0x51, 0xfa, 0xb0, 0xa2, 0x51, 0xfa, 0xaf, 0xa2, 0x51, 0xfa,
    0xaf, 0xa1, 0x50, 0xfa, 0xaf, 0xa1, 0x50, 0xfa, 0xb0, 0xa2, 0x51, 0xfa, 0xb0, 0xa2, 0x51, 0xfa,
    0xb0, 0xa2, 0x51, 0xfa, 0xaf, 0xa1, 0x52, 0xfa, 0xaf, 0xa1, 0x51, 0xfa, 0xaf, 0xa2, 0x50, 0xfa,
    0xb0, 0xa1, 0x52, 0xfa, 0xaf, 0xa1, 0x51, 0xfa, 0xaf, 0xa2, 0x50, 0xfa, 0xb0, 0xa2, 0x51, 0xfa,
    0xb0, 0xa1, 0x53, 0xfa, 0xb0, 0xa2, 0x52, 0xfa, 0xaf, 0xa1, 0x53, 0xfa, 0xaf, 0xa1, 0x53, 0xfa,
    0xaf, 0xa1, 0x53, 0xfa, 0xaf, 0xa2, 0x51, 0xfa, 0xb0, 0xa2, 0x51, 0xfa, 0xb1, 0xa2, 0x51, 0xfa,
    0xb0, 0xa2, 0x51, 0xfa, 0xb0, 0xa2, 0x51, 0xfa, 0xb0, 0xa2, 0x52, 0xfb, 0xb4, 0xa6, 0x53, 0xff,
    0xbb, 0xac, 0x56, 0xff, 0xaf, 0xa0, 0x52, 0x97, 0xbf, 0xbf, 0x7f, 0x04, 0xbf, 0xbf, 0x7f, 0x04,
    0x7f, 0x7f, 0x7f, 0x02, 0x7f, 0x7f, 0x7f, 0x02, 0x7f, 0x7f, 0x7f, 0x02, 0xff, 0xff, 0x00, 0x01,
    0x7f, 0x7f, 0x7f, 0x02, 0x7f, 0x7f, 0x7f, 0x02, 0x7f, 0x7f, 0x7f, 0x02, 0x7f, 0x7f, 0x7f, 0x02,
    0x7f, 0x7f, 0x7f, 0x02, 0xbf, 0xbf, 0x7f, 0x04, 0x00, 0x00, 0x00, 0x00, 0xb2, 0xa3, 0x56, 0x35,
    0xb1, 0xa2, 0x53, 0xff, 0xaf, 0xa0, 0x54, 0xfe, 0xaf, 0xa0, 0x54, 0xfe, 0xaf, 0xa0, 0x54, 0xfe,
    0xaf, 0x9f, 0x54, 0xfe, 0xae, 0x9f, 0x53, 0xfe, 0xae, 0x9f, 0x53, 0xfe, 0xae, 0x9f, 0x53, 0xfe,
    0xae, 0x9f, 0x53, 0xfe, 0xad, 0x9f, 0x51, 0xfe, 0xad, 0x9f, 0x50, 0xfd, 0xb1, 0xa2, 0x51, 0xff,
    0xb2, 0xa1, 0x55, 0x39, 0x00, 0x00, 0x00, 0x00, 0xaa, 0xaa, 0x55, 0x06, 0xaa, 0xaa, 0x55, 0x03,
    0xb6, 0xb6, 0x48, 0x07, 0x00, 0x00, 0x00, 0x00, 0xad, 0xa0, 0x4f, 0x8a, 0xb7, 0xa7, 0x53, 0xff,
    0xac, 0x9e, 0x50, 0xfa, 0xad, 0x9e, 0x51, 0xfe, 0xad, 0x9e, 0x52, 0xfe, 0xad, 0x9e, 0x52, 0xfe,
    0xad, 0x9e, 0x52, 0xfe, 0xad, 0x9e, 0x52, 0xfe, 0xad, 0x9e, 0x52, 0xfe, 0xad, 0x9e, 0x52, 0xfe,
    0xad, 0x9e, 0x52, 0xfe, 0xad, 0x9e, 0x50, 0xfa, 0xba, 0xaa, 0x53, 0xff, 0xb0, 0xa0, 0x50, 0x82,
    0x00, 0x00, 0x00, 0x00, 0xbf, 0xbf, 0x3f, 0x04, 0x00, 0x00, 0x00, 0x00, 0x00, 0x00, 0x00, 0x00,
    0x00, 0x00, 0x00, 0x00, 0x00, 0x00, 0x00, 0x00, 0x00, 0x00, 0x00, 0x00, 0x00, 0x00, 0x00, 0x00,
    0x00, 0x00, 0x00, 0x00, 0x00, 0x00, 0x00, 0x00, 0x00, 0x00, 0x00, 0x00, 0x00, 0x00, 0x00, 0x00,
    0x00, 0x00, 0x00, 0x00, 0x00, 0x00, 0x00, 0x00, 0x00, 0x00, 0x00, 0x00, 0x00, 0x00, 0x00, 0x00,
    0x00, 0x00, 0x00, 0x00, 0x00, 0x00, 0x00, 0x00, 0x00, 0x00, 0x00, 0x00, 0x00, 0x00, 0x00, 0x00,
    0x00, 0x00, 0x00, 0x00, 0x00, 0x00, 0x00, 0x00, 0x00, 0x00, 0x00, 0x00, 0x00, 0x00, 0x00, 0x00,
    0x00, 0x00, 0x00, 0x00, 0x00, 0x00, 0x00, 0x00, 0x00, 0x00, 0x00, 0x00, 0x00, 0x00, 0x00, 0x00,
    0x00, 0x00, 0x00, 0x00, 0x00, 0x00, 0x00, 0x00, 0x00, 0x00, 0x00, 0x00, 0x00, 0x00, 0x00, 0x00,
    0x00, 0x00, 0x00, 0x00, 0x00, 0x00, 0x00, 0x00, 0x00, 0x00, 0x00, 0x00, 0x00, 0x00, 0x00, 0x00,
    0x00, 0x00, 0x00, 0x00, 0x00, 0x00, 0x00, 0x00, 0x00, 0x00, 0x00, 0x00, 0x00, 0x00, 0x00, 0x00,
    0x00, 0x00, 0x00, 0x00, 0x00, 0x00, 0x00, 0x00, 0x00, 0x00, 0x00, 0x00, 0x00, 0x00, 0x00, 0x00,
    0x00, 0x00, 0x00, 0x00, 0x00, 0x00, 0x00, 0x00, 0xbf, 0xbf, 0x3f, 0x04, 0x00, 0x00, 0x00, 0x00,
    0xaf, 0x9e, 0x51, 0x84, 0xb9, 0xa9, 0x58, 0xff, 0xae, 0x9f, 0x53, 0xfa, 0xae, 0x9f, 0x52, 0xfe,
    0xae, 0xa0, 0x51, 0xfe, 0xae, 0xa0, 0x52, 0xfe, 0xae, 0x9f, 0x53, 0xfe, 0xae, 0x9f, 0x53, 0xfe,
    0xae, 0x9f, 0x52, 0xfe, 0xae, 0xa0, 0x51, 0xfe, 0xae, 0x9f, 0x52, 0xfe, 0xae, 0x9f, 0x53, 0xfe,
    0xae, 0xa0, 0x52, 0xfe, 0xae, 0xa0, 0x53, 0xfe, 0xaf, 0xa0, 0x52, 0xfe, 0xaf, 0xa1, 0x52, 0xfe,
    0xaf, 0xa0, 0x53, 0xfe, 0xaf, 0xa0, 0x52, 0xfe, 0xae, 0x9f, 0x52, 0xfe, 0xae, 0xa0, 0x51, 0xfe,
    0xae, 0x9f, 0x53, 0xfe, 0xae, 0xa0, 0x51, 0xfe, 0xae, 0xa0, 0x53, 0xfe, 0xaf, 0xa1, 0x52, 0xfe,
    0xaf, 0xa1, 0x52, 0xfe, 0xaf, 0xa1, 0x52, 0xfe, 0xb0, 0xa2, 0x51, 0xfd, 0xb0, 0xa2, 0x52, 0xfd,
    0xaf, 0xa0, 0x52, 0xfe, 0xae, 0x9f, 0x53, 0xfe, 0xae, 0xa0, 0x52, 0xfe, 0xae, 0xa0, 0x53, 0xfe,
    0xaf, 0xa1, 0x53, 0xfe, 0xaf, 0xa0, 0x53, 0xfe, 0xaf, 0xa0, 0x54, 0xfe, 0xae, 0x9f, 0x53, 0xfe,
    0xae, 0xa0, 0x51, 0xfe, 0xae, 0x9f, 0x52, 0xfe, 0xae, 0x9f, 0x53, 0xfe, 0xae, 0x9f, 0x53, 0xfe,
    0xae, 0x9f, 0x53, 0xfe, 0xaf, 0xa0, 0x54, 0xfe, 0xaf, 0xa0, 0x54, 0xfe, 0xaf, 0xa0, 0x54, 0xfe,
    0xaf, 0xa0, 0x54, 0xfe, 0xaf, 0xa1, 0x53, 0xfe, 0xaf, 0xa0, 0x54, 0xfe, 0xaf, 0xa0, 0x54, 0xfe,
    0xaf, 0xa0, 0x53, 0xfe, 0xaf, 0xa1, 0x52, 0xfe, 0xaf, 0xa1, 0x52, 0xfe, 0xaf, 0xa1, 0x53, 0xfe,
    0xaf, 0xa0, 0x53, 0xfe, 0xaf, 0xa0, 0x52, 0xfc, 0xb1, 0xa0, 0x51, 0xf9, 0xc1, 0xb1, 0x59, 0xff,
    0xb1, 0xa5, 0x55, 0x7d, 0x00, 0x00, 0x00, 0x00, 0x99, 0x99, 0x66, 0x05, 0x7f, 0x7f, 0x7f, 0x02,
    0x7f, 0x7f, 0x7f, 0x02, 0xff, 0xff, 0x00, 0x01, 0x7f, 0x7f, 0x00, 0x02, 0x7f, 0x7f, 0x7f, 0x02,
    0x7f, 0x7f, 0x7f, 0x02, 0x7f, 0x7f, 0x7f, 0x02, 0x7f, 0x7f, 0x7f, 0x02, 0xbf, 0x7f, 0x7f, 0x04,
    0x00, 0x00, 0x00, 0x00, 0xb3, 0xaa, 0x59, 0x36, 0xb1, 0xa3, 0x53, 0xff, 0xae, 0x9f, 0x53, 0xfe,
    0xaf, 0xa0, 0x54, 0xfe, 0xaf, 0xa0, 0x53, 0xfe, 0xaf, 0xa1, 0x53, 0xfe, 0xaf, 0x9f, 0x54, 0xfe,
    0xae, 0x9f, 0x53, 0xfe, 0xae, 0x9f, 0x53, 0xfe, 0xae, 0x9f, 0x53, 0xfe, 0xad, 0x9e, 0x52, 0xfe,
    0xae, 0x9f, 0x50, 0xfc, 0xb2, 0xa3, 0x51, 0xff, 0xae, 0xa1, 0x55, 0x3c, 0x00, 0x00, 0x00, 0x00,
    0xaa, 0xaa, 0x55, 0x06, 0xaa, 0xaa, 0x55, 0x03, 0xb6, 0xb6, 0x48, 0x07, 0x00, 0x00, 0x00, 0x00,
    0xb0, 0xa0, 0x50, 0x89, 0xb7, 0xa7, 0x54, 0xff, 0xac, 0x9d, 0x50, 0xfa, 0xad, 0x9e, 0x51, 0xfe,
    0xad, 0x9e, 0x52, 0xfe, 0xad, 0x9e, 0x52, 0xfe, 0xad, 0x9e, 0x52, 0xfe, 0xad, 0x9e, 0x52, 0xfe,
    0xad, 0x9e, 0x51, 0xfe, 0xad, 0x9f, 0x51, 0xfe, 0xad, 0x9e, 0x52, 0xfe, 0xad, 0x9f, 0x52, 0xfa,
    0xba, 0xa9, 0x55, 0xff, 0xad, 0x9e, 0x4f, 0x84, 0x00, 0x00, 0x00, 0x00, 0xbf, 0xbf, 0x3f, 0x04,
    0x00, 0x00, 0x00, 0x00, 0x00, 0x00, 0x00, 0x00, 0x00, 0x00, 0x00, 0x00, 0x00, 0x00, 0x00, 0x00,
    0x00, 0x00, 0x00, 0x00, 0x00, 0x00, 0x00, 0x00, 0x00, 0x00, 0x00, 0x00, 0x00, 0x00, 0x00, 0x00,
    0x00, 0x00, 0x00, 0x00, 0x00, 0x00, 0x00, 0x00, 0x00, 0x00, 0x00, 0x00, 0x00, 0x00, 0x00, 0x00,
    0x00, 0x00, 0x00, 0x00, 0x00, 0x00, 0x00, 0x00, 0x00, 0x00, 0x00, 0x00, 0x00, 0x00, 0x00, 0x00,
    0x00, 0x00, 0x00, 0x00, 0x00, 0x00, 0x00, 0x00, 0x00, 0x00, 0x00, 0x00, 0x00, 0x00, 0x00, 0x00,
    0x00, 0x00, 0x00, 0x00, 0x00, 0x00, 0x00, 0x00, 0x00, 0x00, 0x00, 0x00, 0x00, 0x00, 0x00, 0x00,
    0x00, 0x00, 0x00, 0x00, 0x00, 0x00, 0x00, 0x00, 0x00, 0x00, 0x00, 0x00, 0x00, 0x00, 0x00, 0x00,
    0x00, 0x00, 0x00, 0x00, 0x00, 0x00, 0x00, 0x00, 0x00, 0x00, 0x00, 0x00, 0x00, 0x00, 0x00, 0x00,
    0x00, 0x00, 0x00, 0x00, 0x00, 0x00, 0x00, 0x00, 0x00, 0x00, 0x00, 0x00, 0x00, 0x00, 0x00, 0x00,
    0x00, 0x00, 0x00, 0x00, 0x00, 0x00, 0x00, 0x00, 0x00, 0x00, 0x00, 0x00, 0x00, 0x00, 0x00, 0x00,
    0x00, 0x00, 0x00, 0x00, 0x00, 0x00, 0x00, 0x00, 0x00, 0x00, 0x00, 0x00, 0x00, 0x00, 0x00, 0x00,
    0xbf, 0x7f, 0x3f, 0x04, 0x00, 0x00, 0x00, 0x00, 0xae, 0x9f, 0x50, 0x85, 0xb9, 0xaa, 0x56, 0xff,
    0xad, 0x9f, 0x52, 0xfa, 0xad, 0x9e, 0x52, 0xfe, 0xad, 0x9e, 0x52, 0xfe, 0xae, 0x9f, 0x53, 0xfe,
    0xae, 0x9f, 0x53, 0xfe, 0xae, 0x9f, 0x53, 0xfe, 0xae, 0x9f, 0x53, 0xfe, 0xae, 0x9f, 0x53, 0xfe,
    0xae, 0xa0, 0x52, 0xfe, 0xae, 0x9f, 0x52, 0xfe, 0xae, 0x9f, 0x53, 0xfe, 0xae, 0x9f, 0x53, 0xfe,
    0xae, 0x9f, 0x53, 0xfe, 0xaf, 0xa0, 0x53, 0xfe, 0xaf, 0xa0, 0x52, 0xfe, 0xaf, 0xa1, 0x52, 0xfe,
    0xae, 0xa0, 0x51, 0xfe, 0xae, 0x9f, 0x53, 0xfe, 0xae, 0x9f, 0x53, 0xfe, 0xae, 0x9f, 0x53, 0xfe,
    0xaf, 0xa0, 0x53, 0xfe, 0xaf, 0xa1, 0x53, 0xfe, 0xaf, 0xa0, 0x53, 0xfe, 0xaf, 0xa1, 0x52, 0xfe,
    0xaf, 0xa0, 0x54, 0xfe, 0xaf, 0xa0, 0x54, 0xfe, 0xae, 0x9f, 0x53, 0xfe, 0xae, 0xa0, 0x52, 0xfe,
    0xae, 0x9f, 0x52, 0xfe, 0xae, 0xa0, 0x53, 0xfe, 0xaf, 0xa1, 0x53, 0xfe, 0xaf, 0xa0, 0x54, 0xfe,
    0xaf, 0xa0, 0x54, 0xfe, 0xaf, 0xa0, 0x54, 0xfe, 0xaf, 0xa0, 0x54, 0xfe, 0xae, 0x9f, 0x53, 0xfe,
    0xae, 0x9f, 0x53, 0xfe, 0xae, 0x9f, 0x53, 0xfe, 0xae, 0x9f, 0x53, 0xfe, 0xae, 0x9f, 0x53, 0xfe,
    0xae, 0x9f, 0x53, 0xfe, 0xae, 0x9f, 0x53, 0xfe, 0xaf, 0xa0, 0x54, 0xfe, 0xaf, 0xa0, 0x54, 0xfe,
    0xaf, 0xa0, 0x54, 0xfe, 0xaf, 0xa0, 0x54, 0xfe, 0xaf, 0xa0, 0x54, 0xfe, 0xaf, 0xa0, 0x54, 0xfe,
    0xaf, 0xa0, 0x54, 0xfe, 0xaf, 0xa0, 0x53, 0xfe, 0xaf, 0xa1, 0x53, 0xfe, 0xaf, 0xa0, 0x53, 0xfe,
    0xaf, 0xa1, 0x53, 0xfd, 0xb3, 0xa3, 0x55, 0xfc, 0xb3, 0xa4, 0x53, 0xf3, 0xb9, 0xaa, 0x5c, 0x21,
    0x00, 0x00, 0x00, 0x01, 0x7f, 0x7f, 0x7f, 0x04, 0xff, 0xff, 0x00, 0x01, 0xff, 0xff, 0x00, 0x01,
    0x7f, 0x7f, 0x00, 0x02, 0xff, 0xff, 0x00, 0x01, 0x7f, 0x7f, 0x7f, 0x02, 0x7f, 0x7f, 0x7f, 0x02,
    0x7f, 0x7f, 0x7f, 0x02, 0xbf, 0x7f, 0x7f, 0x04, 0x00, 0x00, 0x00, 0x00, 0xb8, 0xaa, 0x59, 0x36,
    0xb1, 0xa3, 0x53, 0xff, 0xae, 0x9f, 0x54, 0xfe, 0xaf, 0xa0, 0x54, 0xfe, 0xaf, 0xa0, 0x54, 0xfe,
    0xaf, 0xa0, 0x54, 0xfe, 0xaf, 0xa0, 0x53, 0xfe, 0xaf, 0xa0, 0x53, 0xfe, 0xae, 0x9f, 0x53, 0xfe,
    0xae, 0x9f, 0x53, 0xfe, 0xad, 0x9e, 0x52, 0xfe, 0xad, 0x9e, 0x51, 0xfd, 0xb3, 0xa3, 0x52, 0xff,
    0xb3, 0xa3, 0x53, 0x3d, 0x00, 0x00, 0x00, 0x00, 0xaa, 0xaa, 0x55, 0x06, 0xaa, 0xaa, 0x55, 0x03,
    0xb6, 0xb6, 0x6d, 0x07, 0x00, 0x00, 0x00, 0x00, 0xb1, 0xa0, 0x51, 0x87, 0xb8, 0xa8, 0x54, 0xff,
    0xac, 0x9e, 0x50, 0xfa, 0xad, 0x9e, 0x52, 0xfe, 0xad, 0x9e, 0x52, 0xfe, 0xad, 0x9e, 0x52, 0xfe,
    0xad, 0x9e, 0x52, 0xfe, 0xad, 0x9e, 0x52, 0xfe, 0xad, 0x9e, 0x52, 0xfe, 0xad, 0x9e, 0x52, 0xfe,
    0xad, 0x9e, 0x52, 0xfe, 0xad, 0x9f, 0x52, 0xfa, 0xba, 0xa8, 0x55, 0xff, 0xae, 0x9e, 0x4c, 0x82,
    0x00, 0x00, 0x00, 0x00, 0xbf, 0x7f, 0x3f, 0x04, 0x00, 0x00, 0x00, 0x00, 0x00, 0x00, 0x00, 0x00,
    0x00, 0x00, 0x00, 0x00, 0x00, 0x00, 0x00, 0x00, 0x00, 0x00, 0x00, 0x00, 0x00, 0x00, 0x00, 0x00,
    0x00, 0x00, 0x00, 0x00, 0x00, 0x00, 0x00, 0x00, 0x00, 0x00, 0x00, 0x00, 0x00, 0x00, 0x00, 0x00,
    0x00, 0x00, 0x00, 0x00, 0x00, 0x00, 0x00, 0x00, 0x00, 0x00, 0x00, 0x00, 0x00, 0x00, 0x00, 0x00,
    0x00, 0x00, 0x00, 0x00, 0x00, 0x00, 0x00, 0x00, 0x00, 0x00, 0x00, 0x00, 0x00, 0x00, 0x00, 0x00,
    0x00, 0x00, 0x00, 0x00, 0x00, 0x00, 0x00, 0x00, 0x00, 0x00, 0x00, 0x00, 0x00, 0x00, 0x00, 0x00,
    0x00, 0x00, 0x00, 0x00, 0x00, 0x00, 0x00, 0x00, 0x00, 0x00, 0x00, 0x00, 0x00, 0x00, 0x00, 0x00,
    0x00, 0x00, 0x00, 0x00, 0x00, 0x00, 0x00, 0x00, 0x00, 0x00, 0x00, 0x00, 0x00, 0x00, 0x00, 0x00,
    0x00, 0x00, 0x00, 0x00, 0x00, 0x00, 0x00, 0x00, 0x00, 0x00, 0x00, 0x00, 0x00, 0x00, 0x00, 0x00,
    0x00, 0x00, 0x00, 0x00, 0x00, 0x00, 0x00, 0x00, 0x00, 0x00, 0x00, 0x00, 0x00, 0x00, 0x00, 0x00,
    0x00, 0x00, 0x00, 0x00, 0x00, 0x00, 0x00, 0x00, 0x00, 0x00, 0x00, 0x00, 0x00, 0x00, 0x00, 0x00,
    0x00, 0x00, 0x00, 0x00, 0x00, 0x00, 0x00, 0x00, 0xbf, 0x7f, 0x3f, 0x04, 0x00, 0x00, 0x00, 0x00,
    0xad, 0xa0, 0x51, 0x87, 0xb9, 0xaa, 0x55, 0xff, 0xad, 0x9f, 0x52, 0xfa, 0xad, 0x9e, 0x52, 0xfe,
    0xad, 0x9f, 0x52, 0xfe, 0xae, 0xa0, 0x52, 0xfe, 0xae, 0x9f, 0x53, 0xfe, 0xae, 0x9f, 0x53, 0xfe,
    0xae, 0xa0, 0x52, 0xfe, 0xae, 0xa0, 0x52, 0xfe, 0xae, 0x9f, 0x53, 0xfe, 0xae, 0x9f, 0x53, 0xfe,
    0xae, 0x9f, 0x53, 0xfe, 0xae, 0x9f, 0x53, 0xfe, 0xae, 0x9f, 0x53, 0xfe, 0xae, 0xa0, 0x52, 0xfe,
    0xaf, 0xa0, 0x53, 0xfe, 0xaf, 0xa0, 0x52, 0xfe, 0xae, 0x9f, 0x53, 0xfe, 0xae, 0x9f, 0x53, 0xfe,
    0xae, 0x9f, 0x53, 0xfe, 0xae, 0xa0, 0x51, 0xfe, 0xaf, 0x9f, 0x53, 0xfe, 0xaf, 0xa0, 0x54, 0xfe,
    0xaf, 0xa0, 0x54, 0xfe, 0xaf, 0xa1, 0x52, 0xfe, 0xaf, 0xa1, 0x52, 0xfe, 0xaf, 0xa0, 0x52, 0xfe,
    0xae, 0x9f, 0x52, 0xfe, 0xae, 0xa0, 0x52, 0xfe, 0xae, 0x9f, 0x52, 0xfe, 0xae, 0xa0, 0x52, 0xfe,
    0xaf, 0xa1, 0x53, 0xfe, 0xaf, 0xa0, 0x53, 0xfe, 0xaf, 0xa1, 0x53, 0xfe, 0xaf, 0xa0, 0x53, 0xfe,
    0xaf, 0xa1, 0x52, 0xfe, 0xae, 0xa0, 0x53, 0xfe, 0xae, 0x9f, 0x53, 0xfe, 0xae, 0x9f, 0x53, 0xfe,
    0xae, 0x9f, 0x53, 0xfe, 0xae, 0x9f, 0x53, 0xfe, 0xae, 0xa0, 0x51, 0xfe, 0xae, 0x9f, 0x53, 0xfe,
    0xaf, 0xa0, 0x54, 0xfe, 0xaf, 0xa1, 0x52, 0xfe, 0xaf, 0xa0, 0x54, 0xfe, 0xae, 0x9f, 0x53, 0xfe,
    0xae, 0x9f, 0x53, 0xfe, 0xaf, 0xa0, 0x53, 0xfe, 0xaf, 0xa1, 0x53, 0xfe, 0xaf, 0xa0, 0x53, 0xfe,
    0xaf, 0xa1, 0x53, 0xfe, 0xaf, 0xa0, 0x54, 0xfe, 0xaf, 0xa1, 0x53, 0xfe, 0xaf, 0xa1, 0x52, 0xfa,
    0xbc, 0xac, 0x57, 0xff, 0xb2, 0xa3, 0x55, 0x75, 0x00, 0x00, 0x00, 0x00, 0xaa, 0x7f, 0x55, 0x06,
    0x7f, 0x7f, 0x7f, 0x02, 0xff, 0xff, 0x00, 0x01, 0xff, 0xff, 0x00, 0x01, 0xff, 0xff, 0x00, 0x01,
    0x7f, 0x7f, 0x7f, 0x02, 0x7f, 0x7f, 0x7f, 0x02, 0x7f, 0x7f, 0x7f, 0x02, 0xbf, 0xbf, 0x7f, 0x04,
    0x00, 0x00, 0x00, 0x00, 0xb3, 0xa5, 0x55, 0x36, 0xb1, 0xa3, 0x53, 0xff, 0xaf, 0xa0, 0x54, 0xfe,
    0xaf, 0xa0, 0x53, 0xfe, 0xaf, 0xa1, 0x53, 0xfe, 0xaf, 0xa0, 0x54, 0xfe, 0xaf, 0xa0, 0x53, 0xfe,
    0xae, 0x9f, 0x53, 0xfe, 0xae, 0xa0, 0x52, 0xfe, 0xae, 0x9f, 0x52, 0xfe, 0xae, 0x9f, 0x53, 0xfe,
    0xad, 0x9e, 0x52, 0xfd, 0xb3, 0xa4, 0x53, 0xff, 0xb0, 0xa4, 0x52, 0x3e, 0x00, 0x00, 0x00, 0x00,
    0xaa, 0xaa, 0x55, 0x06, 0xaa, 0xaa, 0x55, 0x03, 0xb6, 0xb6, 0x6d, 0x07, 0x00, 0x00, 0x00, 0x00,
    0xb0, 0xa0, 0x51, 0x89, 0xb8, 0xa8, 0x54, 0xff, 0xac, 0x9e, 0x50, 0xfa, 0xad, 0x9e, 0x52, 0xfe,
    0xad, 0x9e, 0x52, 0xfe, 0xad, 0x9e, 0x52, 0xfe, 0xad, 0x9e, 0x52, 0xfe, 0xad, 0x9e, 0x52, 0xfe,
    0xad, 0x9e, 0x52, 0xfe, 0xad, 0x9e, 0x52, 0xfe, 0xad, 0x9e, 0x52, 0xfe, 0xad, 0x9f, 0x51, 0xfa,
    0xba, 0xa9, 0x55, 0xff, 0xad, 0x9e, 0x4f, 0x84, 0x00, 0x00, 0x00, 0x00, 0xbf, 0x7f, 0x3f, 0x04,
    0x00, 0x00, 0x00, 0x00, 0x00, 0x00, 0x00, 0x00, 0x00, 0x00, 0x00, 0x00, 0x00, 0x00, 0x00, 0x00,
    0x00, 0x00, 0x00, 0x00, 0x00, 0x00, 0x00, 0x00, 0x00, 0x00, 0x00, 0x00, 0x00, 0x00, 0x00, 0x00,
    0x00, 0x00, 0x00, 0x00, 0x00, 0x00, 0x00, 0x00, 0x00, 0x00, 0x00, 0x00, 0x00, 0x00, 0x00, 0x00,
    0x00, 0x00, 0x00, 0x00, 0x00, 0x00, 0x00, 0x00, 0x00, 0x00, 0x00, 0x00, 0x00, 0x00, 0x00, 0x00,
    0x00, 0x00, 0x00, 0x00, 0x00, 0x00, 0x00, 0x00, 0x00, 0x00, 0x00, 0x00, 0x00, 0x00, 0x00, 0x00,
    0x00, 0x00, 0x00, 0x00, 0x00, 0x00, 0x00, 0x00, 0x00, 0x00, 0x00, 0x00, 0x00, 0x00, 0x00, 0x00,
    0x00, 0x00, 0x00, 0x00, 0x00, 0x00, 0x00, 0x00, 0x00, 0x00, 0x00, 0x00, 0x00, 0x00, 0x00, 0x00,
    0x00, 0x00, 0x00, 0x00, 0x00, 0x00, 0x00, 0x00, 0x00, 0x00, 0x00, 0x00, 0x00, 0x00, 0x00, 0x00,
    0x00, 0x00, 0x00, 0x00, 0x00, 0x00, 0x00, 0x00, 0x00, 0x00, 0x00, 0x00, 0x00, 0x00, 0x00, 0x00,
    0x00, 0x00, 0x00, 0x00, 0x00, 0x00, 0x00, 0x00, 0x00, 0x00, 0x00, 0x00, 0x00, 0x00, 0x00, 0x00,
    0x00, 0x00, 0x00, 0x00, 0x00, 0x00, 0x00, 0x00, 0x00, 0x00, 0x00, 0x00, 0x00, 0x00, 0x00, 0x00,
    0xbf, 0x7f, 0x3f, 0x04, 0x00, 0x00, 0x00, 0x00, 0xac, 0x9f, 0x50, 0x88, 0xb9, 0xaa, 0x55, 0xff,
    0xad, 0x9e, 0x52, 0xfa, 0xad, 0x9e, 0x52, 0xfe, 0xad, 0x9e, 0x52, 0xfe, 0xad, 0x9e, 0x52, 0xfe,
    0xad, 0x9e, 0x52, 0xfe, 0xae, 0x9f, 0x53, 0xfe, 0xae, 0x9f, 0x53, 0xfe, 0xae, 0x9f, 0x53, 0xfe,
    0xae, 0x9f, 0x53, 0xfe, 0xae, 0xa0, 0x52, 0xfe, 0xae, 0x9f, 0x52, 0xfe, 0xae, 0x9f, 0x53, 0xfe,
    0xae, 0x9f, 0x53, 0xfe, 0xae, 0x9f, 0x53, 0xfe, 0xae, 0x9f, 0x53, 0xfe, 0xae, 0x9f, 0x53, 0xfe,
    0xae, 0x9f, 0x53, 0xfe, 0xae, 0x9f, 0x53, 0xfe, 0xae, 0xa0, 0x51, 0xfe, 0xae, 0x9f, 0x53, 0xfe,
    0xae, 0x9f, 0x53, 0xfe, 0xaf, 0xa0, 0x54, 0xfe, 0xaf, 0xa1, 0x52, 0xfe, 0xaf, 0xa0, 0x54, 0xfe,
    0xaf, 0xa0, 0x53, 0xfe, 0xaf, 0xa1, 0x53, 0xfe, 0xaf, 0xa0, 0x53, 0xfe, 0xaf, 0xa1, 0x53, 0xfe,
    0xaf, 0xa0, 0x54, 0xfe, 0xaf, 0xa1, 0x53, 0xfe, 0xaf, 0xa1, 0x52, 0xfe, 0xaf, 0xa1, 0x52, 0xfe,
    0xaf, 0xa1, 0x52, 0xfe, 0xaf, 0xa1, 0x52, 0xfe, 0xaf, 0xa1, 0x52, 0xfe, 0xae, 0xa0, 0x53, 0xfe,
    0xae, 0x9f, 0x53, 0xfe, 0xae, 0x9f, 0x53, 0xfe, 0xae, 0x9f, 0x53, 0xfe, 0xae, 0xa0, 0x51, 0xfe,
    0xae, 0x9f, 0x53, 0xfe, 0xae, 0x9f, 0x53, 0xfe, 0xae, 0x9f, 0x53, 0xfe, 0xaf, 0xa0, 0x54, 0xfe,
    0xae, 0x9f, 0x53, 0xfe, 0xae, 0x9f, 0x52, 0xfe, 0xae, 0xa0, 0x51, 0xfe, 0xae, 0x9f, 0x53, 0xfe,
    0xaf, 0xa0, 0x54, 0xfe, 0xaf, 0xa0, 0x54, 0xfe, 0xaf, 0xa1, 0x53, 0xfe, 0xb0, 0xa0, 0x53, 0xfe,
    0xb0, 0xa1, 0x53, 0xfe, 0xaf, 0xa1, 0x51, 0xfa, 0xba, 0xa9, 0x55, 0xfe, 0xb2, 0xa2, 0x53, 0xab,
    0x00, 0x00, 0x00, 0x00, 0x99, 0x99, 0x66, 0x05, 0x7f, 0x7f, 0x7f, 0x02, 0x7f, 0x7f, 0x7f, 0x02,
    0xff, 0xff, 0x00, 0x01, 0xff, 0xff, 0x00, 0x01, 0xff, 0xff, 0x00, 0x01, 0x7f, 0x7f, 0x7f, 0x02,
    0x7f, 0x7f, 0x7f, 0x02, 0x99, 0x99, 0x66, 0x05, 0x00, 0x00, 0x00, 0x00, 0xb3, 0xa5, 0x55, 0x36,
    0xb1, 0xa2, 0x53, 0xff, 0xb0, 0xa1, 0x54, 0xfd, 0xaf, 0xa0, 0x54, 0xfe, 0xaf, 0xa0, 0x53, 0xfe,
    0xaf, 0xa1, 0x53, 0xfe, 0xaf, 0xa0, 0x54, 0xfe, 0xae, 0x9f, 0x53, 0xfe, 0xae, 0x9f, 0x53, 0xfe,
    0xae, 0x9f, 0x53, 0xfe, 0xae, 0x9f, 0x53, 0xfe, 0xaf, 0x9f, 0x52, 0xfc, 0xb3, 0xa4, 0x53, 0xff,
    0xae, 0xa1, 0x55, 0x3f, 0x00, 0x00, 0x00, 0x00, 0xaa, 0xaa, 0x55, 0x06, 0xaa, 0xaa, 0x55, 0x03,
    0xb6, 0xb6, 0x6d, 0x07, 0x00, 0x00, 0x00, 0x00, 0xae, 0xa0, 0x51, 0x89, 0xb7, 0xa7, 0x53, 0xff,
    0xad, 0x9e, 0x50, 0xfa, 0xad, 0x9e, 0x52, 0xfe, 0xad, 0x9e, 0x51, 0xfe, 0xac, 0x9d, 0x50, 0xfe,
    0xac, 0x9d, 0x50, 0xfe, 0xac, 0x9d, 0x51, 0xfe, 0xad, 0x9e, 0x52, 0xfe, 0xad, 0x9e, 0x52, 0xfe,
    0xad, 0x9e, 0x52, 0xfe, 0xad, 0x9e, 0x52, 0xfa, 0xb9, 0xa9, 0x56, 0xff, 0xae, 0x9f, 0x4e, 0x85,
    0x00, 0x00, 0x00, 0x00, 0xbf, 0x7f, 0x3f, 0x04, 0x00, 0x00, 0x00, 0x00, 0x00, 0x00, 0x00, 0x00,
    0x00, 0x00, 0x00, 0x00, 0x00, 0x00, 0x00, 0x00, 0x00, 0x00, 0x00, 0x00, 0x00, 0x00, 0x00, 0x00,
    0x00, 0x00, 0x00, 0x00, 0x00, 0x00, 0x00, 0x00, 0x00, 0x00, 0x00, 0x00, 0x00, 0x00, 0x00, 0x00,
    0x00, 0x00, 0x00, 0x00, 0x00, 0x00, 0x00, 0x00, 0x00, 0x00, 0x00, 0x00, 0x00, 0x00, 0x00, 0x00,
    0x00, 0x00, 0x00, 0x00, 0x00, 0x00, 0x00, 0x00, 0x00, 0x00, 0x00, 0x00, 0x00, 0x00, 0x00, 0x00,
    0x00, 0x00, 0x00, 0x00, 0x00, 0x00, 0x00, 0x00, 0x00, 0x00, 0x00, 0x00, 0x00, 0x00, 0x00, 0x00,
    0x00, 0x00, 0x00, 0x00, 0x00, 0x00, 0x00, 0x00, 0x00, 0x00, 0x00, 0x00, 0x00, 0x00, 0x00, 0x00,
    0x00, 0x00, 0x00, 0x00, 0x00, 0x00, 0x00, 0x00, 0x00, 0x00, 0x00, 0x00, 0x00, 0x00, 0x00, 0x00,
    0x00, 0x00, 0x00, 0x00, 0x00, 0x00, 0x00, 0x00, 0x00, 0x00, 0x00, 0x00, 0x00, 0x00, 0x00, 0x00,
    0x00, 0x00, 0x00, 0x00, 0x00, 0x00, 0x00, 0x00, 0x00, 0x00, 0x00, 0x00, 0x00, 0x00, 0x00, 0x00,
    0x00, 0x00, 0x00, 0x00, 0x00, 0x00, 0x00, 0x00, 0x00, 0x00, 0x00, 0x00, 0x00, 0x00, 0x00, 0x00,
    0x00, 0x00, 0x00, 0x00, 0x00, 0x00, 0x00, 0x00, 0xbf, 0x7f, 0x3f, 0x04, 0x00, 0x00, 0x00, 0x00,
    0xae, 0x9f, 0x52, 0x78, 0xb9, 0xaa, 0x55, 0xfe, 0xad, 0x9e, 0x52, 0xfa, 0xad, 0x9e, 0x52, 0xfe,
    0xad, 0x9e, 0x52, 0xfe, 0xad, 0x9e, 0x52, 0xfe, 0xad, 0x9e, 0x52, 0xfe, 0xad, 0x9e, 0x51, 0xfe,
    0xae, 0xa0, 0x51, 0xfe, 0xae, 0xa0, 0x52, 0xfe, 0xae, 0x9f, 0x53, 0xfe, 0xae, 0x9f, 0x53, 0xfe,
    0xae, 0x9f, 0x53, 0xfe, 0xae, 0x9f, 0x53, 0xfe, 0xae, 0x9f, 0x53, 0xfe, 0xae, 0x9f, 0x53, 0xfe,
    0xae, 0x9f, 0x53, 0xfe, 0xae, 0x9f, 0x53, 0xfe, 0xae, 0xa0, 0x51, 0xfe, 0xae, 0x9f, 0x53, 0xfe,
    0xaf, 0xa0, 0x54, 0xfe, 0xaf, 0xa0, 0x54, 0xfe, 0xaf, 0xa0, 0x54, 0xfe, 0xaf, 0xa1, 0x52, 0xfe,
    0xaf, 0xa0, 0x54, 0xfe, 0xae, 0xa0, 0x53, 0xfe, 0xaf, 0xa0, 0x52, 0xfe, 0xaf, 0xa0, 0x53, 0xfe,
    0xaf, 0xa1, 0x53, 0xfe, 0xaf, 0xa0, 0x54, 0xfe, 0xaf, 0xa1, 0x53, 0xfe, 0xaf, 0xa0, 0x53, 0xfe,
    0xae, 0x9f, 0x52, 0xfe, 0xaf, 0xa1, 0x51, 0xfe, 0xaf, 0xa1, 0x52, 0xfe, 0xaf, 0xa1, 0x52, 0xfe,
    0xaf, 0xa0, 0x53, 0xfe, 0xae, 0x9f, 0x53, 0xfe, 0xae, 0xa0, 0x51, 0xfe, 0xae, 0x9f, 0x53, 0xfe,
    0xae, 0xa0, 0x51, 0xfe, 0xae, 0x9f, 0x53, 0xfe, 0xae, 0x9f, 0x53, 0xfe, 0xae, 0x9f, 0x53, 0xfe,
    0xae, 0x9f, 0x53, 0xfe, 0xae, 0x9f, 0x53, 0xfe, 0xaf, 0xa0, 0x54, 0xfe, 0xaf, 0xa0, 0x52, 0xfe,
    0xaf, 0xa0, 0x53, 0xfe, 0xaf, 0xa0, 0x54, 0xfe, 0xaf, 0xa0, 0x53, 0xfe, 0xaf, 0xa1, 0x53, 0xfe,
    0xaf, 0xa0, 0x54, 0xfe, 0xaf, 0xa0, 0x53, 0xfe, 0xae, 0xa0, 0x51, 0xfe, 0xb0, 0xa1, 0x52, 0xfb,
    0xb9, 0xa8, 0x54, 0xff, 0xb1, 0xa3, 0x53, 0xc9, 0xff, 0xff, 0xff, 0x01, 0xbf, 0x7f, 0x3f, 0x04,
    0x7f, 0x7f, 0x7f, 0x02, 0x7f, 0x7f, 0x7f, 0x02, 0x7f, 0x7f, 0x7f, 0x02, 0x7f, 0x7f, 0x7f, 0x02,
    0x7f, 0x7f, 0x7f, 0x02, 0x7f, 0x7f, 0x7f, 0x02, 0x7f, 0x7f, 0x7f, 0x02, 0x99, 0x99, 0x66, 0x05,
    0x00, 0x00, 0x00, 0x00, 0xb2, 0xa5, 0x55, 0x39, 0xb2, 0xa4, 0x54, 0xff, 0xaf, 0xa0, 0x54, 0xfd,
    0xaf, 0xa0, 0x54, 0xfe, 0xaf, 0xa0, 0x54, 0xfe, 0xaf, 0xa0, 0x54, 0xfe, 0xaf, 0xa0, 0x53, 0xfe,
    0xae, 0xa0, 0x52, 0xfe, 0xae, 0x9f, 0x53, 0xfe, 0xae, 0x9f, 0x53, 0xfe, 0xae, 0x9f, 0x53, 0xfe,
    0xaf, 0xa0, 0x51, 0xfc, 0xb4, 0xa6, 0x53, 0xff, 0xb2, 0xa1, 0x55, 0x3f, 0x00, 0x00, 0x00, 0x00,
    0xaa, 0xaa, 0x55, 0x06, 0xaa, 0xaa, 0x55, 0x03, 0xb6, 0xb6, 0x48, 0x07, 0x00, 0x00, 0x00, 0x00,
    0xb0, 0x9f, 0x50, 0x88, 0xb7, 0xa8, 0x53, 0xff, 0xac, 0x9e, 0x50, 0xfa, 0xad, 0x9e, 0x51, 0xfe,
    0xad, 0x9f, 0x50, 0xfe, 0xad, 0x9e, 0x52, 0xfe, 0xad, 0x9e, 0x51, 0xfe, 0xac, 0x9e, 0x50, 0xfe,
    0xad, 0x9f, 0x51, 0xfe, 0xad, 0x9e, 0x52, 0xfe, 0xad, 0x9e, 0x52, 0xfe, 0xad, 0x9f, 0x51, 0xfa,
    0xb9, 0xaa, 0x55, 0xff, 0xac, 0x9d, 0x4e, 0x85, 0x00, 0x00, 0x00, 0x00, 0xbf, 0xbf, 0x3f, 0x04,
    0x00, 0x00, 0x00, 0x00, 0x00, 0x00, 0x00, 0x00, 0x00, 0x00, 0x00, 0x00, 0x00, 0x00, 0x00, 0x00,
    0x00, 0x00, 0x00, 0x00, 0x00, 0x00, 0x00, 0x00, 0x00, 0x00, 0x00, 0x00, 0x00, 0x00, 0x00, 0x00,
    0x00, 0x00, 0x00, 0x00, 0x00, 0x00, 0x00, 0x00, 0x00, 0x00, 0x00, 0x00, 0x00, 0x00, 0x00, 0x00,
    0x00, 0x00, 0x00, 0x00, 0x00, 0x00, 0x00, 0x00, 0x00, 0x00, 0x00, 0x00, 0x00, 0x00, 0x00, 0x00,
    0x00, 0x00, 0x00, 0x00, 0x00, 0x00, 0x00, 0x00, 0x00, 0x00, 0x00, 0x00, 0x00, 0x00, 0x00, 0x00,
    0x00, 0x00, 0x00, 0x00, 0x00, 0x00, 0x00, 0x00, 0x00, 0x00, 0x00, 0x00, 0x00, 0x00, 0x00, 0x00,
    0x00, 0x00, 0x00, 0x00, 0x00, 0x00, 0x00, 0x00, 0x00, 0x00, 0x00, 0x00, 0x00, 0x00, 0x00, 0x00,
    0x00, 0x00, 0x00, 0x00, 0x00, 0x00, 0x00, 0x00, 0x00, 0x00, 0x00, 0x00, 0x00, 0x00, 0x00, 0x00,
    0x00, 0x00, 0x00, 0x00, 0x00, 0x00, 0x00, 0x00, 0x00, 0x00, 0x00, 0x00, 0x00, 0x00, 0x00, 0x00,
    0x00, 0x00, 0x00, 0x00, 0x00, 0x00, 0x00, 0x00, 0x00, 0x00, 0x00, 0x00, 0x00, 0x00, 0x00, 0x00,
    0x00, 0x00, 0x00, 0x00, 0x00, 0x00, 0x00, 0x00, 0x00, 0x00, 0x00, 0x00, 0x00, 0x00, 0x00, 0x00,
    0xaa, 0xaa, 0x55, 0x03, 0x00, 0x00, 0x00, 0x00, 0xaf, 0x9e, 0x53, 0x3d, 0xb3, 0xa4, 0x52, 0xff,
    0xad, 0x9e, 0x51, 0xfb, 0xad, 0x9e, 0x52, 0xfe, 0xad, 0x9e, 0x52, 0xfe, 0xad, 0x9e, 0x52, 0xfe,
    0xad, 0x9e, 0x51, 0xfe, 0xad, 0x9f, 0x51, 0xfe, 0xae, 0x9f, 0x52, 0xfe, 0xae, 0xa0, 0x52, 0xfe,
    0xae, 0x9f, 0x53, 0xfe, 0xae, 0x9f, 0x53, 0xfe, 0xae, 0xa0, 0x52, 0xfe, 0xae, 0x9f, 0x52, 0xfe,
    0xae, 0x9f, 0x53, 0xfe, 0xae, 0x9f, 0x53, 0xfe, 0xae, 0x9f, 0x53, 0xfe, 0xae, 0x9f, 0x53, 0xfe,
    0xaf, 0xa0, 0x54, 0xfe, 0xaf, 0xa0, 0x54, 0xfe, 0xaf, 0xa0, 0x54, 0xfe, 0xaf, 0xa0, 0x54, 0xfe,
    0xaf, 0xa0, 0x54, 0xfe, 0xae, 0xa0, 0x53, 0xfe, 0xae, 0x9f, 0x53, 0xfe, 0xae, 0x9f, 0x53, 0xfe,
    0xaf, 0xa0, 0x54, 0xfe, 0xaf, 0xa0, 0x54, 0xfe, 0xaf, 0xa0, 0x54, 0xfe, 0xaf, 0xa0, 0x53, 0xfe,
    0xaf, 0xa0, 0x52, 0xfe, 0xae, 0x9f, 0x52, 0xfe, 0xae, 0xa0, 0x52, 0xfe, 0xae, 0x9f, 0x53, 0xfe,
    0xaf, 0xa1, 0x53, 0xfe, 0xae, 0xa0, 0x53, 0xfe, 0xae, 0xa0, 0x52, 0xfe, 0xae, 0x9f, 0x52, 0xfe,
    0xae, 0x9f, 0x53, 0xfe, 0xae, 0x9f, 0x53, 0xfe, 0xae, 0x9f, 0x53, 0xfe, 0xae, 0x9f, 0x53, 0xfe,
    0xae, 0x9f, 0x53, 0xfe, 0xae, 0xa0, 0x52, 0xfe, 0xae, 0xa0, 0x53, 0xfe, 0xae, 0xa0, 0x52, 0xfe,
    0xaf, 0xa0, 0x54, 0xfe, 0xaf, 0xa0, 0x54, 0xfe, 0xaf, 0xa0, 0x54, 0xfe, 0xaf, 0xa0, 0x54, 0xfe,
    0xaf, 0xa0, 0x54, 0xfe, 0xaf, 0xa1, 0x53, 0xfe, 0xaf, 0xa0, 0x52, 0xfe, 0xae, 0x9f, 0x53, 0xfe,
    0xaf, 0xa0, 0x52, 0xfe, 0xb2, 0xa2, 0x50, 0xfb, 0xb6, 0xa6, 0x52, 0xff, 0xb1, 0xa1, 0x52, 0xdc,
    0xcc, 0xb2, 0x66, 0x0a, 0xff, 0xff, 0x00, 0x01, 0xaa, 0x55, 0x55, 0x03, 0x7f, 0x7f, 0x7f, 0x02,
    0x7f, 0x7f, 0x7f, 0x02, 0x7f, 0x7f, 0x7f, 0x02, 0x7f, 0x7f, 0x7f, 0x02, 0x7f, 0x7f, 0x7f, 0x02,
    0x7f, 0x7f, 0x7f, 0x02, 0x99, 0x99, 0x66, 0x05, 0x00, 0x00, 0x00, 0x00, 0xb2, 0xa1, 0x55, 0x3c,
    0xb3, 0xa4, 0x54, 0xff, 0xaf, 0xa0, 0x54, 0xfd, 0xaf, 0xa0, 0x54, 0xfe, 0xaf, 0xa0, 0x54, 0xfe,
    0xaf, 0xa0, 0x54, 0xfe, 0xae, 0xa0, 0x53, 0xfe, 0xaf, 0xa0, 0x54, 0xfe, 0xaf, 0xa0, 0x53, 0xfe,
    0xae, 0x9f, 0x53, 0xfe, 0xae, 0xa0, 0x51, 0xfe, 0xaf, 0xa0, 0x4f, 0xfc, 0xb4, 0xa6, 0x54, 0xff,
    0xb4, 0xa4, 0x56, 0x3e, 0x00, 0x00, 0x00, 0x00, 0xaa, 0xaa, 0x55, 0x06, 0xaa, 0xaa, 0x55, 0x03,
    0xb6, 0xb6, 0x48, 0x07, 0x00, 0x00, 0x00, 0x00, 0xb0, 0xa1, 0x51, 0x89, 0xb8, 0xa8, 0x55, 0xff,
    0xac, 0x9d, 0x50, 0xfa, 0xac, 0x9d, 0x50, 0xfe, 0xad, 0x9e, 0x52, 0xfe, 0xad, 0x9e, 0x52, 0xfe,
    0xad, 0x9e, 0x52, 0xfe, 0xad, 0x9e, 0x52, 0xfe, 0xad, 0x9e, 0x51, 0xfe, 0xad, 0x9f, 0x51, 0xfe,
    0xad, 0x9e, 0x52, 0xfe, 0xad, 0x9f, 0x51, 0xfa, 0xb9, 0xa9, 0x54, 0xff, 0xad, 0x9f, 0x4f, 0x83,
    0x00, 0x00, 0x00, 0x00, 0xbf, 0xbf, 0x3f, 0x04, 0x00, 0x00, 0x00, 0x00, 0x00, 0x00, 0x00, 0x00,
    0x00, 0x00, 0x00, 0x00, 0x00, 0x00, 0x00, 0x00, 0x00, 0x00, 0x00, 0x00, 0x00, 0x00, 0x00, 0x00,
    0x00, 0x00, 0x00, 0x00, 0x00, 0x00, 0x00, 0x00, 0x00, 0x00, 0x00, 0x00, 0x00, 0x00, 0x00, 0x00,
    0x00, 0x00, 0x00, 0x00, 0x00, 0x00, 0x00, 0x00, 0x00, 0x00, 0x00, 0x00, 0x00, 0x00, 0x00, 0x00,
    0x00, 0x00, 0x00, 0x00, 0x00, 0x00, 0x00, 0x00, 0x00, 0x00, 0x00, 0x00, 0x00, 0x00, 0x00, 0x00,
    0x00, 0x00, 0x00, 0x00, 0x00, 0x00, 0x00, 0x00, 0x00, 0x00, 0x00, 0x00, 0x00, 0x00, 0x00, 0x00,
    0x00, 0x00, 0x00, 0x00, 0x00, 0x00, 0x00, 0x00, 0x00, 0x00, 0x00, 0x00, 0x00, 0x00, 0x00, 0x00,
    0x00, 0x00, 0x00, 0x00, 0x00, 0x00, 0x00, 0x00, 0x00, 0x00, 0x00, 0x00, 0x00, 0x00, 0x00, 0x00,
    0x00, 0x00, 0x00, 0x00, 0x00, 0x00, 0x00, 0x00, 0x00, 0x00, 0x00, 0x00, 0x00, 0x00, 0x00, 0x00,
    0x00, 0x00, 0x00, 0x00, 0x00, 0x00, 0x00, 0x00, 0x00, 0x00, 0x00, 0x00, 0x00, 0x00, 0x00, 0x00,
    0x00, 0x00, 0x00, 0x00, 0x00, 0x00, 0x00, 0x00, 0x00, 0x00, 0x00, 0x00, 0x00, 0x00, 0x00, 0x00,
    0x00, 0x00, 0x00, 0x00, 0x00, 0x00, 0x00, 0x00, 0x00, 0x00, 0x00, 0x00, 0x7f, 0x7f, 0x00, 0x02,
    0xbf, 0x7f, 0x3f, 0x04, 0xac, 0x9d, 0x4e, 0xcc, 0xb6, 0xa7, 0x54, 0xff, 0xad, 0x9d, 0x51, 0xf9,
    0xad, 0x9e, 0x51, 0xfe, 0xad, 0x9f, 0x51, 0xfe, 0xad, 0x9e, 0x51, 0xfe, 0xad, 0x9f, 0x51, 0xfe,
    0xad, 0x9e, 0x53, 0xfe, 0xae, 0xa0, 0x52, 0xfe, 0xae, 0x9f, 0x52, 0xfe, 0xae, 0xa0, 0x52, 0xfe,
    0xae, 0x9f, 0x52, 0xfe, 0xae, 0x9f, 0x53, 0xfe, 0xae, 0x9f, 0x53, 0xfe, 0xae, 0x9f, 0x52, 0xfe,
    0xae, 0x9f, 0x53, 0xfe, 0xae, 0x9f, 0x53, 0xfe, 0xaf, 0xa0, 0x54, 0xfe, 0xaf, 0xa0, 0x54, 0xfe,
    0xaf, 0xa0, 0x54, 0xfe, 0xaf, 0xa0, 0x54, 0xfe, 0xae, 0xa0, 0x53, 0xfe, 0xae, 0xa0, 0x52, 0xfe,
    0xae, 0x9f, 0x53, 0xfe, 0xae, 0x9f, 0x53, 0xfe, 0xaf, 0xa0, 0x53, 0xfe, 0xaf, 0xa1, 0x53, 0xfe,
    0xaf, 0xa0, 0x54, 0xfe, 0xaf, 0xa0, 0x54, 0xfe, 0xaf, 0xa0, 0x54, 0xfe, 0xae, 0x9f, 0x53, 0xfe,
    0xae, 0x9f, 0x53, 0xfe, 0xae, 0x9f, 0x53, 0xfe, 0xae, 0x9f, 0x54, 0xfe, 0xae, 0xa0, 0x52, 0xfe,
    0xae, 0x9f, 0x52, 0xfe, 0xae, 0x9f, 0x52, 0xfe, 0xae, 0x9f, 0x53, 0xfe, 0xae, 0xa0, 0x51, 0xfe,
    0xae, 0x9f, 0x53, 0xfe, 0xae, 0x9f, 0x52, 0xfe, 0xae, 0x9f, 0x53, 0xfe, 0xaf, 0xa0, 0x53, 0xfe,
    0xaf, 0xa0, 0x54, 0xfe, 0xaf, 0xa0, 0x53, 0xfe, 0xaf, 0xa0, 0x54, 0xfe, 0xaf, 0xa0, 0x54, 0xfe,
    0xaf, 0xa0, 0x54, 0xfe, 0xaf, 0xa0, 0x54, 0xfe, 0xaf, 0xa0, 0x53, 0xfe, 0xaf, 0xa1, 0x53, 0xfe,
    0xaf, 0x9f, 0x54, 0xfe, 0xae, 0x9f, 0x52, 0xfe, 0xb0, 0xa0, 0x50, 0xfe, 0xb3, 0xa2, 0x50, 0xfc,
    0xb3, 0xa3, 0x50, 0xff, 0xb2, 0xa2, 0x50, 0xed, 0xb7, 0xad, 0x5b, 0x19, 0x00, 0x00, 0x00, 0x00,
    0xaa, 0xaa, 0x55, 0x03, 0x7f, 0x7f, 0x7f, 0x02, 0x7f, 0x7f, 0x7f, 0x02, 0x7f, 0x7f, 0x7f, 0x02,
    0x7f, 0x7f, 0x7f, 0x02, 0x7f, 0x7f, 0x7f, 0x02, 0x7f, 0x7f, 0x7f, 0x02, 0x99, 0x99, 0x66, 0x05,
    0x00, 0x00, 0x00, 0x00, 0xb3, 0xa7, 0x53, 0x3d, 0xb3, 0xa4, 0x54, 0xff, 0xaf, 0xa0, 0x54, 0xfd,
    0xaf, 0xa0, 0x53, 0xfe, 0xaf, 0xa0, 0x53, 0xfe, 0xaf, 0xa0, 0x53, 0xfe, 0xae, 0xa0, 0x53, 0xfe,
    0xaf, 0xa0, 0x53, 0xfe, 0xae, 0x9f, 0x52, 0xfe, 0xae, 0x9f, 0x53, 0xfe, 0xaf, 0xa1, 0x51, 0xfd,
    0xaf, 0xa1, 0x50, 0xfb, 0xb5, 0xa4, 0x53, 0xff, 0xb2, 0xa1, 0x55, 0x3f, 0x00, 0x00, 0x00, 0x00,
    0xaa, 0xaa, 0x55, 0x06, 0xaa, 0xaa, 0x55, 0x03, 0xb6, 0x91, 0x48, 0x07, 0x00, 0x00, 0x00, 0x00,
    0xb0, 0xa3, 0x52, 0x88, 0xb9, 0xa9, 0x57, 0xff, 0xac, 0x9e, 0x50, 0xfa, 0xad, 0x9e, 0x51, 0xfe,
    0xad, 0x9e, 0x52, 0xfe, 0xad, 0x9e, 0x52, 0xfe, 0xad, 0x9e, 0x52, 0xfe, 0xad, 0x9e, 0x51, 0xfe,
    0xad, 0x9f, 0x51, 0xfe, 0xad, 0x9e, 0x52, 0xfe, 0xad, 0x9e, 0x51, 0xfe, 0xae, 0xa0, 0x4f, 0xf9,
    0xba, 0xa9, 0x54, 0xff, 0xb0, 0x9f, 0x50, 0x85, 0x00, 0x00, 0x00, 0x00, 0xbf, 0xbf, 0x3f, 0x04,
    0x00, 0x00, 0x00, 0x00, 0x00, 0x00, 0x00, 0x00, 0x00, 0x00, 0x00, 0x00, 0x00, 0x00, 0x00, 0x00,
    0x00, 0x00, 0x00, 0x00, 0x00, 0x00, 0x00, 0x00, 0x00, 0x00, 0x00, 0x00, 0x00, 0x00, 0x00, 0x00,
    0x00, 0x00, 0x00, 0x00, 0x00, 0x00, 0x00, 0x00, 0x00, 0x00, 0x00, 0x00, 0x00, 0x00, 0x00, 0x00,
    0x00, 0x00, 0x00, 0x00, 0x00, 0x00, 0x00, 0x00, 0x00, 0x00, 0x00, 0x00, 0x00, 0x00, 0x00, 0x00,
    0x00, 0x00, 0x00, 0x00, 0x00, 0x00, 0x00, 0x00, 0x00, 0x00, 0x00, 0x00, 0x00, 0x00, 0x00, 0x00,
    0x00, 0x00, 0x00, 0x00, 0x00, 0x00, 0x00, 0x00, 0x00, 0x00, 0x00, 0x00, 0x00, 0x00, 0x00, 0x00,
    0x00, 0x00, 0x00, 0x00, 0x00, 0x00, 0x00, 0x00, 0x00, 0x00, 0x00, 0x00, 0x00, 0x00, 0x00, 0x00,
    0x00, 0x00, 0x00, 0x00, 0x00, 0x00, 0x00, 0x00, 0x00, 0x00, 0x00, 0x00, 0x00, 0x00, 0x00, 0x00,
    0x00, 0x00, 0x00, 0x00, 0x00, 0x00, 0x00, 0x00, 0x00, 0x00, 0x00, 0x00, 0x00, 0x00, 0x00, 0x00,
    0x00, 0x00, 0x00, 0x00, 0x00, 0x00, 0x00, 0x00, 0x00, 0x00, 0x00, 0x00, 0x00, 0x00, 0x00, 0x00,
    0x00, 0x00, 0x00, 0x00, 0x00, 0x00, 0x00, 0x00, 0x00, 0x00, 0x00, 0x00, 0x00, 0x00, 0x00, 0x00,
    0x00, 0x00, 0x00, 0x00, 0x7f, 0x7f, 0x7f, 0x02, 0x00, 0x00, 0x00, 0x00, 0xaf, 0x9f, 0x4f, 0x30,
    0xb1, 0xa3, 0x51, 0xf0, 0xb6, 0xa7, 0x53, 0xff, 0xaf, 0x9e, 0x4f, 0xf9, 0xad, 0x9f, 0x52, 0xfa,
    0xad, 0x9e, 0x52, 0xfb, 0xad, 0x9e, 0x52, 0xfb, 0xad, 0x9e, 0x52, 0xfb, 0xad, 0x9e, 0x52, 0xfb,
    0xad, 0x9e, 0x52, 0xfb, 0xad, 0x9e, 0x52, 0xfb, 0xad, 0x9e, 0x52, 0xfb, 0xae, 0x9f, 0x53, 0xfb,
    0xaf, 0xa1, 0x51, 0xfa, 0xaf, 0xa1, 0x50, 0xfa, 0xaf, 0xa0, 0x52, 0xfa, 0xae, 0x9f, 0x53, 0xfb,
    0xaf, 0xa0, 0x54, 0xfb, 0xaf, 0xa0, 0x54, 0xfb, 0xae, 0xa0, 0x53, 0xfb, 0xae, 0x9f, 0x53, 0xfb,
    0xae, 0x9f, 0x53, 0xfb, 0xae, 0x9f, 0x53, 0xfb, 0xae, 0x9f, 0x53, 0xfb, 0xae, 0x9f, 0x53, 0xfb,
    0xaf, 0xa0, 0x54, 0xfb, 0xaf, 0xa0, 0x54, 0xfb, 0xaf, 0xa0, 0x54, 0xfb, 0xaf, 0xa0, 0x54, 0xfb,
    0xae, 0x9f, 0x53, 0xfb, 0xae, 0x9f, 0x53, 0xfb, 0xae, 0x9f, 0x53, 0xfb, 0xae, 0x9f, 0x53, 0xfb,
    0xae, 0x9f, 0x53, 0xfb, 0xae, 0x9f, 0x53, 0xfb, 0xb0, 0xa1, 0x52, 0xfa, 0xb0, 0xa2, 0x50, 0xfa,
    0xae, 0xa0, 0x52, 0xfb, 0xae, 0x9f, 0x53, 0xfb, 0xae, 0x9f, 0x53, 0xfb, 0xae, 0xa0, 0x52, 0xfb,
    0xae, 0x9f, 0x53, 0xfb, 0xaf, 0xa0, 0x53, 0xfe, 0xaf, 0xa0, 0x54, 0xfe, 0xaf, 0xa1, 0x52, 0xfe,
    0xaf, 0xa0, 0x54, 0xfe, 0xaf, 0xa0, 0x53, 0xfe, 0xaf, 0xa0, 0x54, 0xfe, 0xaf, 0xa0, 0x54, 0xfe,
    0xaf, 0xa0, 0x54, 0xfe, 0xaf, 0xa0, 0x53, 0xfe, 0xae, 0xa0, 0x52, 0xfe, 0xaf, 0x9f, 0x51, 0xfe,
    0xb1, 0xa0, 0x52, 0xfe, 0xb2, 0xa2, 0x51, 0xfd, 0xb2, 0xa1, 0x50, 0xfe, 0xb1, 0xa1, 0x51, 0xf8,
    0xb7, 0xa3, 0x5b, 0x27, 0x00, 0x00, 0x00, 0x00, 0xbf, 0xbf, 0x7f, 0x04, 0x7f, 0x7f, 0x7f, 0x02,
    0x7f, 0x7f, 0x7f, 0x02, 0x7f, 0x7f, 0x7f, 0x02, 0x7f, 0x7f, 0x7f, 0x02, 0x7f, 0x7f, 0x7f, 0x02,
    0xaa, 0xaa, 0x55, 0x03, 0x91, 0x91, 0x48, 0x07, 0x00, 0x00, 0x00, 0x01, 0xb1, 0xa3, 0x56, 0x38,
    0xb5, 0xa6, 0x55, 0xff, 0xaf, 0xa0, 0x54, 0xfd, 0xaf, 0xa0, 0x54, 0xfe, 0xaf, 0xa0, 0x53, 0xfe,
    0xae, 0x9f, 0x53, 0xfe, 0xae, 0x9f, 0x53, 0xfe, 0xaf, 0xa0, 0x54, 0xfe, 0xae, 0x9f, 0x53, 0xfe,
    0xae, 0x9f, 0x53, 0xfe, 0xaf, 0xa1, 0x51, 0xfd, 0xaf, 0xa1, 0x50, 0xfb, 0xb4, 0xa5, 0x53, 0xff,
    0xb0, 0xa0, 0x52, 0x41, 0x00, 0x00, 0x00, 0x00, 0x99, 0x99, 0x66, 0x05, 0xaa, 0xaa, 0x55, 0x03,
    0xb6, 0x91, 0x48, 0x07, 0x00, 0x00, 0x00, 0x00, 0xb0, 0xa1, 0x51, 0x89, 0xb9, 0xaa, 0x55, 0xff,
    0xad, 0x9f, 0x52, 0xfa, 0xad, 0x9e, 0x52, 0xfe, 0xad, 0x9e, 0x52, 0xfe, 0xad, 0x9e, 0x52, 0xfe,
    0xad, 0x9e, 0x52, 0xfe, 0xad, 0x9e, 0x52, 0xfe, 0xad, 0x9e, 0x52, 0xfe, 0xad, 0x9e, 0x52, 0xfe,
    0xad, 0x9e, 0x51, 0xfe, 0xaf, 0xa0, 0x4f, 0xf9, 0xba, 0xa9, 0x53, 0xff, 0xad, 0x9e, 0x4d, 0x81,
    0x00, 0x00, 0x00, 0x00, 0xbf, 0xbf, 0x3f, 0x04, 0x00, 0x00, 0x00, 0x00, 0x00, 0x00, 0x00, 0x00,
    0x00, 0x00, 0x00, 0x00, 0x00, 0x00, 0x00, 0x00, 0x00, 0x00, 0x00, 0x00, 0x00, 0x00, 0x00, 0x00,
    0x00, 0x00, 0x00, 0x00, 0x00, 0x00, 0x00, 0x00, 0x00, 0x00, 0x00, 0x00, 0x00, 0x00, 0x00, 0x00,
    0x00, 0x00, 0x00, 0x00, 0x00, 0x00, 0x00, 0x00, 0x00, 0x00, 0x00, 0x00, 0x00, 0x00, 0x00, 0x00,
    0x00, 0x00, 0x00, 0x00, 0x00, 0x00, 0x00, 0x00, 0x00, 0x00, 0x00, 0x00, 0x00, 0x00, 0x00, 0x00,
    0x00, 0x00, 0x00, 0x00, 0x00, 0x00, 0x00, 0x00, 0x00, 0x00, 0x00, 0x00, 0x00, 0x00, 0x00, 0x00,
    0x00, 0x00, 0x00, 0x00, 0x00, 0x00, 0x00, 0x00, 0x00, 0x00, 0x00, 0x00, 0x00, 0x00, 0x00, 0x00,
    0x00, 0x00, 0x00, 0x00, 0x00, 0x00, 0x00, 0x00, 0x00, 0x00, 0x00, 0x00, 0x00, 0x00, 0x00, 0x00,
    0x00, 0x00, 0x00, 0x00, 0x00, 0x00, 0x00, 0x00, 0x00, 0x00, 0x00, 0x00, 0x00, 0x00, 0x00, 0x00,
    0x00, 0x00, 0x00, 0x00, 0x00, 0x00, 0x00, 0x00, 0x00, 0x00, 0x00, 0x00, 0x00, 0x00, 0x00, 0x00,
    0x00, 0x00, 0x00, 0x00, 0x00, 0x00, 0x00, 0x00, 0x00, 0x00, 0x00, 0x00, 0x00, 0x00, 0x00, 0x00,
    0x00, 0x00, 0x00, 0x00, 0x00, 0x00, 0x00, 0x00, 0x00, 0x00, 0x00, 0x00, 0x00, 0x00, 0x00, 0x00,
    0xff, 0x7f, 0x7f, 0x02, 0x00, 0x00, 0x00, 0x00, 0xaa, 0x9b, 0x50, 0x36, 0xb1, 0xa3, 0x50, 0xd3,
    0xb7, 0xa7, 0x56, 0xff, 0xb8, 0xa8, 0x57, 0xff, 0xb7, 0xa7, 0x55, 0xff, 0xb7, 0xa7, 0x55, 0xff,
    0xb8, 0xa9, 0x54, 0xff, 0xb8, 0xa8, 0x55, 0xff, 0xb8, 0xa9, 0x56, 0xff, 0xb8, 0xaa, 0x55, 0xff,
    0xb8, 0xa9, 0x55, 0xff, 0xb8, 0xa9, 0x56, 0xff, 0xb8, 0xa9, 0x55, 0xff, 0xb8, 0xa9, 0x54, 0xff,
    0xb8, 0xa9, 0x55, 0xff, 0xb8, 0xa8, 0x56, 0xff, 0xb8, 0xa8, 0x56, 0xff, 0xb8, 0xa9, 0x58, 0xff,
    0xb9, 0xaa, 0x56, 0xff, 0xb9, 0xa9, 0x58, 0xff, 0xb9, 0xaa, 0x56, 0xff, 0xb9, 0xa9, 0x57, 0xff,
    0xb8, 0xaa, 0x56, 0xff, 0xb9, 0xa9, 0x56, 0xff, 0xb9, 0xaa, 0x56, 0xff, 0xb9, 0xa9, 0x57, 0xff,
    0xb9, 0xaa, 0x57, 0xff, 0xb8, 0xa9, 0x57, 0xff, 0xb8, 0xa8, 0x56, 0xff, 0xb7, 0xa8, 0x56, 0xff,
    0xb7, 0xa8, 0x54, 0xff, 0xb7, 0xa8, 0x55, 0xff, 0xb9, 0xa9, 0x57, 0xff, 0xb9, 0xaa, 0x56, 0xff,
    0xb8, 0xa9, 0x56, 0xff, 0xb8, 0xaa, 0x55, 0xff, 0xb9, 0xaa, 0x55, 0xff, 0xb9, 0xaa, 0x55, 0xff,
    0xb8, 0xa8, 0x57, 0xff, 0xb8, 0xa9, 0x57, 0xff, 0xb8, 0xa9, 0x54, 0xff, 0xb0, 0xa2, 0x52, 0xff,
    0xaf, 0xa0, 0x53, 0xfe, 0xaf, 0xa0, 0x54, 0xfe, 0xaf, 0xa0, 0x53, 0xfe, 0xaf, 0xa1, 0x53, 0xfe,
    0xaf, 0xa0, 0x54, 0xfe, 0xaf, 0xa0, 0x54, 0xfe, 0xaf, 0xa0, 0x53, 0xfe, 0xaf, 0xa1, 0x52, 0xfe,
    0xaf, 0xa1, 0x52, 0xfe, 0xae, 0xa0, 0x51, 0xfe, 0xaf, 0xa1, 0x52, 0xfe, 0xb1, 0xa2, 0x51, 0xfd,
    0xb2, 0xa2, 0x50, 0xfd, 0xb1, 0xa3, 0x52, 0xfd, 0xb2, 0xa8, 0x56, 0x32, 0x00, 0x00, 0x00, 0x00,
    0x99, 0x99, 0x66, 0x05, 0x7f, 0x7f, 0x7f, 0x02, 0x7f, 0x7f, 0x7f, 0x02, 0x7f, 0x7f, 0x7f, 0x02,
    0x7f, 0x7f, 0x7f, 0x02, 0xaa, 0xaa, 0x55, 0x03, 0xbf, 0xbf, 0x3f, 0x04, 0xaa, 0xaa, 0x55, 0x06,
    0x00, 0x00, 0x00, 0x00, 0xb3, 0xa4, 0x55, 0x98, 0xb9, 0xa9, 0x56, 0xff, 0xb0, 0xa0, 0x54, 0xfb,
    0xaf, 0xa0, 0x53, 0xfe, 0xae, 0xa0, 0x52, 0xfe, 0xae, 0x9f, 0x53, 0xfe, 0xaf, 0x9f, 0x53, 0xfe,
    0xaf, 0xa0, 0x54, 0xfe, 0xae, 0x9f, 0x53, 0xfe, 0xae, 0x9f, 0x53, 0xfe, 0xaf, 0xa1, 0x51, 0xfd,
    0xaf, 0xa1, 0x50, 0xfb, 0xb6, 0xa5, 0x53, 0xff, 0xb1, 0xa2, 0x51, 0x42, 0x00, 0x00, 0x00, 0x00,
    0x99, 0x99, 0x66, 0x05, 0x7f, 0x7f, 0x7f, 0x02, 0xb6, 0x91, 0x48, 0x07, 0x00, 0x00, 0x00, 0x00,
    0xb0, 0xa1, 0x50, 0x89, 0xb8, 0xa8, 0x54, 0xff, 0xad, 0x9e, 0x51, 0xfa, 0xad, 0x9e, 0x52, 0xfe,
    0xad, 0x9e, 0x51, 0xfe, 0xad, 0x9f, 0x51, 0xfe, 0xad, 0x9e, 0x52, 0xfe, 0xad, 0x9e, 0x52, 0xfe,
    0xad, 0x9e, 0x52, 0xfe, 0xad, 0x9e, 0x52, 0xfe, 0xad, 0x9e, 0x52, 0xfe, 0xaf, 0x9f, 0x51, 0xfa,
    0xba, 0xa9, 0x52, 0xff, 0xad, 0x9e, 0x4d, 0x84, 0x00, 0x00, 0x00, 0x00, 0xbf, 0x7f, 0x3f, 0x04,
    0x00, 0x00, 0x00, 0x00, 0x00, 0x00, 0x00, 0x00, 0x00, 0x00, 0x00, 0x00, 0x00, 0x00, 0x00, 0x00,
    0x00, 0x00, 0x00, 0x00, 0x00, 0x00, 0x00, 0x00, 0x00, 0x00, 0x00, 0x00, 0x00, 0x00, 0x00, 0x00,
    0x00, 0x00, 0x00, 0x00, 0x00, 0x00, 0x00, 0x00, 0x00, 0x00, 0x00, 0x00, 0x00, 0x00, 0x00, 0x00,
    0x00, 0x00, 0x00, 0x00, 0x00, 0x00, 0x00, 0x00, 0x00, 0x00, 0x00, 0x00, 0x00, 0x00, 0x00, 0x00,
    0x00, 0x00, 0x00, 0x00, 0x00, 0x00, 0x00, 0x00, 0x00, 0x00, 0x00, 0x00, 0x00, 0x00, 0x00, 0x00,
    0x00, 0x00, 0x00, 0x00, 0x00, 0x00, 0x00, 0x00, 0x00, 0x00, 0x00, 0x00, 0x00, 0x00, 0x00, 0x00,
    0x00, 0x00, 0x00, 0x00, 0x00, 0x00, 0x00, 0x00, 0x00, 0x00, 0x00, 0x00, 0x00, 0x00, 0x00, 0x00,
    0x00, 0x00, 0x00, 0x00, 0x00, 0x00, 0x00, 0x00, 0x00, 0x00, 0x00, 0x00, 0x00, 0x00, 0x00, 0x00,
    0x00, 0x00, 0x00, 0x00, 0x00, 0x00, 0x00, 0x00, 0x00, 0x00, 0x00, 0x00, 0x00, 0x00, 0x00, 0x00,
    0x00, 0x00, 0x00, 0x00, 0x00, 0x00, 0x00, 0x00, 0x00, 0x00, 0x00, 0x00, 0x00, 0x00, 0x00, 0x00,
    0x00, 0x00, 0x00, 0x00, 0x00, 0x00, 0x00, 0x00, 0x00, 0x00, 0x00, 0x00, 0x00, 0x00, 0x00, 0x00,
    0x00, 0x00, 0x00, 0x00, 0x00, 0x00, 0x00, 0x00, 0x00, 0x00, 0x00, 0x00, 0xaa, 0xaa, 0x55, 0x03,
    0x00, 0x00, 0x00, 0x00, 0x8d, 0x8d, 0x55, 0x09, 0xb1, 0xa2, 0x57, 0x55, 0xaf, 0xa0, 0x52, 0x94,
    0xad, 0x9f, 0x4f, 0xad, 0xad, 0x9f, 0x4f, 0xb0, 0xaf, 0x9f, 0x51, 0xb0, 0xae, 0xa1, 0x51, 0xaf,
    0xaf, 0xa1, 0x52, 0xae, 0xae, 0xa1, 0x51, 0xac, 0xaf, 0xa0, 0x51, 0xad, 0xae, 0xa0, 0x51, 0xaf,
    0xaf, 0xa0, 0x51, 0xb0, 0xae, 0x9f, 0x50, 0xb1, 0xae, 0xa0, 0x53, 0xaf, 0xaf, 0xa0, 0x51, 0xb0,
    0xad, 0xa0, 0x51, 0xb3, 0xb0, 0xa0, 0x54, 0xb5, 0xb0, 0xa2, 0x54, 0xb3, 0xb0, 0xa1, 0x54, 0xb2,
    0xaf, 0xa1, 0x52, 0xb4, 0xb0, 0xa2, 0x55, 0xb3, 0xaf, 0xa1, 0x52, 0xb4, 0xae, 0xa1, 0x51, 0xb2,
    0xb1, 0xa1, 0x52, 0xb1, 0xb0, 0xa0, 0x51, 0xb3, 0xb0, 0xa1, 0x53, 0xb2, 0xb0, 0xa2, 0x52, 0xb3,
    0xaf, 0xa0, 0x52, 0xb3, 0xaf, 0xa1, 0x52, 0xb1, 0xae, 0xa0, 0x51, 0xb2, 0xaf, 0xa1, 0x51, 0xb6,
    0xb0, 0xa2, 0x53, 0xb5, 0xb0, 0xa2, 0x53, 0xb5, 0xaf, 0xa0, 0x53, 0xb7, 0xaf, 0xa0, 0x52, 0xb4,
    0xb2, 0xa0, 0x52, 0xb3, 0xaf, 0xa1, 0x52, 0xb4, 0xb0, 0xa2, 0x53, 0xb5, 0xb0, 0xa3, 0x52, 0xb7,
    0xb0, 0xa1, 0x52, 0xba, 0xaf, 0xa2, 0x52, 0xf2, 0xb1, 0xa2, 0x52, 0xfe, 0xb0, 0xa1, 0x53, 0xfd,
    0xaf, 0xa0, 0x54, 0xfe, 0xaf, 0xa0, 0x54, 0xfe, 0xaf, 0xa0, 0x53, 0xfe, 0xaf, 0xa0, 0x54, 0xfe,
    0xaf, 0xa0, 0x54, 0xfe, 0xaf, 0xa0, 0x53, 0xfe, 0xaf, 0xa1, 0x52, 0xfe, 0xaf, 0xa1, 0x52, 0xfe,
    0xae, 0xa0, 0x51, 0xfe, 0xb0, 0xa1, 0x50, 0xfd, 0xb2, 0xa2, 0x50, 0xfd, 0xb1, 0xa2, 0x52, 0xfe,
    0xb9, 0xaa, 0x5a, 0x33, 0x00, 0x00, 0x00, 0x00, 0xcc, 0xcc, 0x66, 0x05, 0xaa, 0xaa, 0x55, 0x03,
    0xaa, 0xaa, 0x55, 0x03, 0x7f, 0x7f, 0x7f, 0x02, 0x7f, 0x7f, 0x7f, 0x02, 0xbf, 0xbf, 0x3f, 0x04,
    0xbf, 0xbf, 0x3f, 0x04, 0x00, 0x00, 0x00, 0x00, 0xb1, 0xa4, 0x55, 0x95, 0xba, 0xaa, 0x57, 0xff,
    0xb0, 0x9f, 0x51, 0xfc, 0xae, 0xa0, 0x53, 0xfe, 0xae, 0xa0, 0x52, 0xfe, 0xae, 0x9f, 0x53, 0xfe,
    0xae, 0x9f, 0x53, 0xfe, 0xaf, 0xa0, 0x54, 0xfe, 0xae, 0x9f, 0x53, 0xfe, 0xae, 0x9f, 0x53, 0xfe,
    0xae, 0x9f, 0x53, 0xfe, 0xae, 0xa0, 0x51, 0xfe, 0xaf, 0xa0, 0x50, 0xfb, 0xb6, 0xa5, 0x53, 0xff,
    0xb1, 0xa2, 0x51, 0x45, 0x00, 0x00, 0x00, 0x00, 0x99, 0x99, 0x66, 0x05, 0x7f, 0x7f, 0x7f, 0x02,
    0x91, 0x91, 0x48, 0x07, 0x00, 0x00, 0x00, 0x00, 0xae, 0x9f, 0x50, 0x8b, 0xb9, 0xa8, 0x54, 0xff,
    0xad, 0x9e, 0x51, 0xfa, 0xad, 0x9e, 0x52, 0xfe, 0xad, 0x9e, 0x52, 0xfe, 0xad, 0x9e, 0x52, 0xfe,
    0xad, 0x9e, 0x52, 0xfe, 0xad, 0x9e, 0x52, 0xfe, 0xad, 0x9e, 0x52, 0xfe, 0xad, 0x9e, 0x52, 0xfe,
    0xad, 0x9f, 0x51, 0xfe, 0xad, 0x9f, 0x51, 0xfa, 0xba, 0xa9, 0x54, 0xff, 0xaf, 0x9e, 0x51, 0x84,
    0x00, 0x00, 0x00, 0x00, 0xbf, 0x7f, 0x3f, 0x04, 0x00, 0x00, 0x00, 0x00, 0x00, 0x00, 0x00, 0x00,
    0x00, 0x00, 0x00, 0x00, 0x00, 0x00, 0x00, 0x00, 0x00, 0x00, 0x00, 0x00, 0x00, 0x00, 0x00, 0x00,
    0x00, 0x00, 0x00, 0x00, 0x00, 0x00, 0x00, 0x00, 0x00, 0x00, 0x00, 0x00, 0x00, 0x00, 0x00, 0x00,
    0x00, 0x00, 0x00, 0x00, 0x00, 0x00, 0x00, 0x00, 0x00, 0x00, 0x00, 0x00, 0x00, 0x00, 0x00, 0x00,
    0x00, 0x00, 0x00, 0x00, 0x00, 0x00, 0x00, 0x00, 0x00, 0x00, 0x00, 0x00, 0x00, 0x00, 0x00, 0x00,
    0x00, 0x00, 0x00, 0x00, 0x00, 0x00, 0x00, 0x00, 0x00, 0x00, 0x00, 0x00, 0x00, 0x00, 0x00, 0x00,
    0x00, 0x00, 0x00, 0x00, 0x00, 0x00, 0x00, 0x00, 0x00, 0x00, 0x00, 0x00, 0x00, 0x00, 0x00, 0x00,
    0x00, 0x00, 0x00, 0x00, 0x00, 0x00, 0x00, 0x00, 0x00, 0x00, 0x00, 0x00, 0x00, 0x00, 0x00, 0x00,
    0x00, 0x00, 0x00, 0x00, 0x00, 0x00, 0x00, 0x00, 0x00, 0x00, 0x00, 0x00, 0x00, 0x00, 0x00, 0x00,
    0x00, 0x00, 0x00, 0x00, 0x00, 0x00, 0x00, 0x00, 0x00, 0x00, 0x00, 0x00, 0x00, 0x00, 0x00, 0x00,
    0x00, 0x00, 0x00, 0x00, 0x00, 0x00, 0x00, 0x00, 0x00, 0x00, 0x00, 0x00, 0x00, 0x00, 0x00, 0x00,
    0x00, 0x00, 0x00, 0x00, 0x00, 0x00, 0x00, 0x00, 0x00, 0x00, 0x00, 0x00, 0x00, 0x00, 0x00, 0x00,
    0x00, 0x00, 0x00, 0x00, 0x00, 0x00, 0x00, 0x00, 0xff, 0xaa, 0x55, 0x03, 0x00, 0x00, 0x00, 0x00,
    0x00, 0x00, 0x00, 0x00, 0x00, 0x00, 0x00, 0x00, 0x00, 0x00, 0x00, 0x00, 0x00, 0x00, 0x00, 0x00,
    0x00, 0x00, 0x00, 0x00, 0x00, 0x00, 0x00, 0x00, 0x00, 0x00, 0x00, 0x00, 0x00, 0x00, 0x00, 0x00,
    0x00, 0x00, 0x00, 0x00, 0x00, 0x00, 0x00, 0x00, 0x00, 0x00, 0x00, 0x00, 0x00, 0x00, 0x00, 0x00,
    0x00, 0x00, 0x00, 0x00, 0x00, 0x00, 0x00, 0x00, 0x00, 0x00, 0x00, 0x00, 0x00, 0x00, 0x00, 0x00,
    0x00, 0x00, 0x00, 0x00, 0x00, 0x00, 0x00, 0x00, 0x00, 0x00, 0x00, 0x00, 0x00, 0x00, 0x00, 0x00,
    0x00, 0x00, 0x00, 0x00, 0x00, 0x00, 0x00, 0x00, 0x00, 0x00, 0x00, 0x00, 0x00, 0x00, 0x00, 0x00,
    0x00, 0x00, 0x00, 0x00, 0x00, 0x00, 0x00, 0x00, 0x00, 0x00, 0x00, 0x00, 0x00, 0x00, 0x00, 0x00,
    0x00, 0x00, 0x00, 0x00, 0x00, 0x00, 0x00, 0x00, 0x00, 0x00, 0x00, 0x00, 0x00, 0x00, 0x00, 0x00,
    0x00, 0x00, 0x00, 0x00, 0x00, 0x00, 0x00, 0x00, 0x00, 0x00, 0x00, 0x00, 0x00, 0x00, 0x00, 0x00,
    0x00, 0x00, 0x00, 0x00, 0x00, 0x00, 0x00, 0x00, 0x00, 0x00, 0x00, 0x00, 0xb0, 0xa2, 0x54, 0xd7,
    0xb5, 0xa6, 0x53, 0xff, 0xb0, 0xa1, 0x51, 0xfc, 0xaf, 0xa0, 0x54, 0xfe, 0xaf, 0xa0, 0x53, 0xfe,
    0xaf, 0xa1, 0x52, 0xfe, 0xaf, 0xa0, 0x54, 0xfe, 0xaf, 0xa0, 0x53, 0xfe, 0xaf, 0xa1, 0x53, 0xfe,
    0xaf, 0xa0, 0x53, 0xfe, 0xaf, 0xa1, 0x52, 0xfe, 0xae, 0xa0, 0x52, 0xfe, 0xb0, 0xa1, 0x51, 0xfd,
    0xb2, 0xa3, 0x50, 0xff, 0xb2, 0xa2, 0x51, 0xf2, 0xbb, 0xaa, 0x5d, 0x1e, 0x00, 0x00, 0x00, 0x00,
    0x99, 0x99, 0x66, 0x05, 0xaa, 0xaa, 0x55, 0x03, 0xaa, 0xaa, 0x55, 0x03, 0x7f, 0x7f, 0x7f, 0x02,
    0x7f, 0x7f, 0x7f, 0x04, 0xbf, 0x7f, 0x3f, 0x04, 0xff, 0xff, 0xff, 0x01, 0xb4, 0xa3, 0x57, 0x97,
    0xbb, 0xac, 0x57, 0xff, 0xae, 0xa0, 0x52, 0xfb, 0xae, 0x9f, 0x53, 0xfe, 0xae, 0xa0, 0x52, 0xfe,
    0xae, 0xa0, 0x53, 0xfe, 0xae, 0x9f, 0x53, 0xfe, 0xae, 0x9f, 0x53, 0xfe, 0xaf, 0xa0, 0x53, 0xfe,
    0xae, 0xa0, 0x52, 0xfe, 0xae, 0x9f, 0x53, 0xfe, 0xae, 0x9f, 0x53, 0xfe, 0xad, 0x9f, 0x51, 0xfe,
    0xae, 0x9f, 0x4f, 0xfc, 0xb5, 0xa5, 0x53, 0xff, 0xb1, 0xa2, 0x55, 0x45, 0x00, 0x00, 0x00, 0x00,
    0x99, 0x99, 0x66, 0x05, 0x7f, 0x7f, 0x7f, 0x02, 0xaa, 0xaa, 0x55, 0x06, 0x00, 0x00, 0x00, 0x00,
    0xb1, 0xa1, 0x52, 0x8b, 0xb9, 0xa9, 0x55, 0xff, 0xad, 0x9f, 0x52, 0xfa, 0xad, 0x9e, 0x52, 0xfe,
    0xad, 0x9e, 0x52, 0xfe, 0xad, 0x9e, 0x51, 0xfe, 0xad, 0x9f, 0x51, 0xfe, 0xad, 0x9e, 0x51, 0xfe,
    0xad, 0x9f, 0x51, 0xfe, 0xad, 0x9e, 0x52, 0xfe, 0xad, 0x9e, 0x51, 0xfe, 0xad, 0xa0, 0x50, 0xfa,
    0xba, 0xa9, 0x54, 0xff, 0xae, 0x9f, 0x4e, 0x85, 0x00, 0x00, 0x00, 0x00, 0xbf, 0x7f, 0x3f, 0x04,
    0x00, 0x00, 0x00, 0x00, 0x00, 0x00, 0x00, 0x00, 0x00, 0x00, 0x00, 0x00, 0x00, 0x00, 0x00, 0x00,
    0x00, 0x00, 0x00, 0x00, 0x00, 0x00, 0x00, 0x00, 0x00, 0x00, 0x00, 0x00, 0x00, 0x00, 0x00, 0x00,
    0x00, 0x00, 0x00, 0x00, 0x00, 0x00, 0x00, 0x00, 0x00, 0x00, 0x00, 0x00, 0x00, 0x00, 0x00, 0x00,
    0x00, 0x00, 0x00, 0x00, 0x00, 0x00, 0x00, 0x00, 0x00, 0x00, 0x00, 0x00, 0x00, 0x00, 0x00, 0x00,
    0x00, 0x00, 0x00, 0x00, 0x00, 0x00, 0x00, 0x00, 0x00, 0x00, 0x00, 0x00, 0x00, 0x00, 0x00, 0x00,
    0x00, 0x00, 0x00, 0x00, 0x00, 0x00, 0x00, 0x00, 0x00, 0x00, 0x00, 0x00, 0x00, 0x00, 0x00, 0x00,
    0x00, 0x00, 0x00, 0x00, 0x00, 0x00, 0x00, 0x00, 0x00, 0x00, 0x00, 0x00, 0x00, 0x00, 0x00, 0x00,
    0x00, 0x00, 0x00, 0x00, 0x00, 0x00, 0x00, 0x00, 0x00, 0x00, 0x00, 0x00, 0x00, 0x00, 0x00, 0x00,
    0x00, 0x00, 0x00, 0x00, 0x00, 0x00, 0x00, 0x00, 0x00, 0x00, 0x00, 0x00, 0x00, 0x00, 0x00, 0x00,
    0x00, 0x00, 0x00, 0x00, 0x00, 0x00, 0x00, 0x00, 0x00, 0x00, 0x00, 0x00, 0x00, 0x00, 0x00, 0x00,
    0x00, 0x00, 0x00, 0x00, 0x00, 0x00, 0x00, 0x00, 0x00, 0x00, 0x00, 0x00, 0x00, 0x00, 0x00, 0x00,
    0x00, 0x00, 0x00, 0x00, 0x00, 0x00, 0x00, 0x00, 0x00, 0x00, 0x00, 0x00, 0x00, 0x00, 0x00, 0x00,
    0x00, 0x00, 0x00, 0x00, 0xff, 0xff, 0x00, 0x01, 0xbf, 0xbf, 0x3f, 0x04, 0xcc, 0x99, 0x33, 0x05,
    0xbf, 0xbf, 0x3f, 0x04, 0xbf, 0xbf, 0x3f, 0x04, 0xbf, 0xbf, 0x3f, 0x04, 0xbf, 0xbf, 0x3f, 0x04,
    0xbf, 0xbf, 0x3f, 0x04, 0xbf, 0xbf, 0x3f, 0x04, 0xbf, 0xbf, 0x3f, 0x04, 0x99, 0x99, 0x66, 0x05,
    0x99, 0x99, 0x66, 0x05, 0x99, 0x99, 0x66, 0x05, 0x99, 0x99, 0x66, 0x05, 0x99, 0x99, 0x66, 0x05,
    0x99, 0x99, 0x66, 0x05, 0xbf, 0xbf, 0x3f, 0x04, 0xbf, 0xbf, 0x3f, 0x04, 0xbf, 0xbf, 0x3f, 0x04,
    0xbf, 0xbf, 0x3f, 0x04, 0xbf, 0xbf, 0x7f, 0x04, 0xbf, 0xbf, 0x7f, 0x04, 0x99, 0x99, 0x66, 0x05,
    0x99, 0x99, 0x66, 0x05, 0x99, 0x99, 0x66, 0x05, 0x99, 0x99, 0x66, 0x05, 0x99, 0x99, 0x66, 0x05,
    0x99, 0x99, 0x66, 0x05, 0x99, 0x99, 0x66, 0x05, 0xaa, 0xaa, 0x55, 0x06, 0x99, 0x99, 0x66, 0x05,
    0x99, 0x99, 0x66, 0x05, 0x99, 0x99, 0x66, 0x05, 0xcc, 0xcc, 0x66, 0x05, 0xaa, 0xaa, 0x55, 0x06,
    0xaa, 0xaa, 0x55, 0x06, 0xbf, 0x9f, 0x5f, 0x08, 0xb2, 0x99, 0x4c, 0x0a, 0x00, 0x00, 0x00, 0x00,
    0xb2, 0xa3, 0x53, 0x8c, 0xb6, 0xa8, 0x54, 0xfd, 0xb1, 0xa3, 0x52, 0xfb, 0xaf, 0xa0, 0x53, 0xfe,
    0xaf, 0xa0, 0x54, 0xfe, 0xaf, 0xa0, 0x54, 0xfe, 0xaf, 0xa0, 0x54, 0xfe, 0xaf, 0xa1, 0x53, 0xfe,
    0xaf, 0xa0, 0x53, 0xfe, 0xaf, 0xa1, 0x52, 0xfe, 0xaf, 0xa1, 0x52, 0xfe, 0xaf, 0xa1, 0x52, 0xfe,
    0xaf, 0xa0, 0x53, 0xfe, 0xaf, 0xa0, 0x53, 0xfb, 0xb7, 0xa9, 0x53, 0xfe, 0xb0, 0xa1, 0x51, 0xc5,
    0xaa, 0xaa, 0xaa, 0x03, 0xcc, 0xcc, 0x66, 0x05, 0xaa, 0xaa, 0x55, 0x03, 0xaa, 0xaa, 0x55, 0x03,
    0xaa, 0xaa, 0x55, 0x03, 0x99, 0x99, 0x66, 0x05, 0xaa, 0xaa, 0x55, 0x03, 0x00, 0x00, 0x00, 0x00,
    0xb3, 0xa3, 0x53, 0xa5, 0xbf, 0xae, 0x58, 0xff, 0xb0, 0xa1, 0x52, 0xf9, 0xae, 0x9f, 0x53, 0xfe,
    0xae, 0x9f, 0x52, 0xfe, 0xaf, 0xa0, 0x54, 0xfe, 0xaf, 0xa1, 0x54, 0xfe, 0xaf, 0xa0, 0x53, 0xfe,
    0xae, 0xa0, 0x52, 0xfe, 0xaf, 0xa0, 0x54, 0xfe, 0xae, 0x9f, 0x53, 0xfe, 0xae, 0x9f, 0x52, 0xfe,
    0xae, 0x9f, 0x53, 0xfe, 0xad, 0x9f, 0x51, 0xfe, 0xaf, 0x9e, 0x4f, 0xfc, 0xb6, 0xa4, 0x53, 0xff,
    0xb2, 0xa3, 0x53, 0x46, 0x00, 0x00, 0x00, 0x00, 0x99, 0x99, 0x66, 0x05, 0x7f, 0x7f, 0x7f, 0x02,
    0xb6, 0x91, 0x48, 0x07, 0x00, 0x00, 0x00, 0x00, 0xb1, 0xa2, 0x53, 0x8a, 0xb9, 0xa9, 0x55, 0xff,
    0xad, 0x9e, 0x51, 0xfa, 0xad, 0x9e, 0x52, 0xfe, 0xad, 0x9e, 0x52, 0xfe, 0xad, 0x9f, 0x50, 0xfe,
    0xad, 0x9f, 0x51, 0xfe, 0xad, 0x9e, 0x52, 0xfe, 0xad, 0x9e, 0x52, 0xfe, 0xad, 0x9e, 0x52, 0xfe,
    0xad, 0x9f, 0x51, 0xfe, 0xad, 0x9f, 0x51, 0xfa, 0xba, 0xa9, 0x54, 0xff, 0xaf, 0x9f, 0x4e, 0x86,
    0x00, 0x00, 0x00, 0x00, 0xbf, 0xbf, 0x3f, 0x04, 0x00, 0x00, 0x00, 0x00, 0x00, 0x00, 0x00, 0x00,
    0x00, 0x00, 0x00, 0x00, 0x00, 0x00, 0x00, 0x00, 0x00, 0x00, 0x00, 0x00, 0x00, 0x00, 0x00, 0x00,
    0x00, 0x00, 0x00, 0x00, 0x00, 0x00, 0x00, 0x00, 0x00, 0x00, 0x00, 0x00, 0x00, 0x00, 0x00, 0x00,
    0x00, 0x00, 0x00, 0x00, 0x00, 0x00, 0x00, 0x00, 0x00, 0x00, 0x00, 0x00, 0x00, 0x00, 0x00, 0x00,
    0x00, 0x00, 0x00, 0x00, 0x00, 0x00, 0x00, 0x00, 0x00, 0x00, 0x00, 0x00, 0x00, 0x00, 0x00, 0x00,
    0x00, 0x00, 0x00, 0x00, 0x00, 0x00, 0x00, 0x00, 0x00, 0x00, 0x00, 0x00, 0x00, 0x00, 0x00, 0x00,
    0x00, 0x00, 0x00, 0x00, 0x00, 0x00, 0x00, 0x00, 0x00, 0x00, 0x00, 0x00, 0x00, 0x00, 0x00, 0x00,
    0x00, 0x00, 0x00, 0x00, 0x00, 0x00, 0x00, 0x00, 0x00, 0x00, 0x00, 0x00, 0x00, 0x00, 0x00, 0x00,
    0x00, 0x00, 0x00, 0x00, 0x00, 0x00, 0x00, 0x00, 0x00, 0x00, 0x00, 0x00, 0x00, 0x00, 0x00, 0x00,
    0x00, 0x00, 0x00, 0x00, 0x00, 0x00, 0x00, 0x00, 0x00, 0x00, 0x00, 0x00, 0x00, 0x00, 0x00, 0x00,
    0x00, 0x00, 0x00, 0x00, 0x00, 0x00, 0x00, 0x00, 0x00, 0x00, 0x00, 0x00, 0x00, 0x00, 0x00, 0x00,
    0x00, 0x00, 0x00, 0x00, 0x00, 0x00, 0x00, 0x00, 0x00, 0x00, 0x00, 0x00, 0x00, 0x00, 0x00, 0x00,
    0x00, 0x00, 0x00, 0x00, 0x00, 0x00, 0x00, 0x00, 0x00, 0x00, 0x00, 0x00, 0x00, 0x00, 0x00, 0x00,
    0x00, 0x00, 0x00, 0x00, 0x00, 0x00, 0x00, 0x00, 0xff, 0xff, 0x00, 0x01, 0xff, 0xff, 0x00, 0x01,
    0xff, 0xff, 0x00, 0x01, 0xff, 0xff, 0x00, 0x01, 0xff, 0xff, 0x00, 0x01, 0xff, 0xff, 0x00, 0x01,
    0xff, 0xff, 0x00, 0x01, 0xff, 0xff, 0x00, 0x01, 0xff, 0xff, 0x00, 0x01, 0x7f, 0x7f, 0x00, 0x02,
    0x7f, 0x7f, 0x00, 0x02, 0x7f, 0x7f, 0x00, 0x02, 0xff, 0xff, 0x00, 0x01, 0xff, 0xff, 0x00, 0x01,
    0xff, 0xff, 0x00, 0x01, 0xff, 0xff, 0x00, 0x01, 0xff, 0xff, 0x00, 0x01, 0xff, 0xff, 0x00, 0x01,
    0xff, 0xff, 0x00, 0x01, 0x7f, 0x7f, 0x00, 0x02, 0x7f, 0x7f, 0x7f, 0x02, 0x7f, 0x7f, 0x7f, 0x02,
    0x7f, 0x7f, 0x7f, 0x02, 0x7f, 0x7f, 0x7f, 0x02, 0x7f, 0x7f, 0x7f, 0x02, 0x7f, 0x7f, 0x7f, 0x02,
    0x7f, 0x7f, 0x7f, 0x02, 0x7f, 0x7f, 0x7f, 0x02, 0x7f, 0x7f, 0x7f, 0x02, 0x7f, 0x7f, 0x7f, 0x02,
    0x7f, 0x7f, 0x7f, 0x02, 0x7f, 0x7f, 0x7f, 0x02, 0xbf, 0xbf, 0x3f, 0x04, 0xd4, 0xaa, 0x55, 0x06,
    0x00, 0x00, 0x00, 0x00, 0xaf, 0xa2, 0x53, 0x8d, 0xbb, 0xac, 0x57, 0xff, 0xb0, 0xa2, 0x52, 0xfb,
    0xb0, 0xa2, 0x52, 0xfd, 0xaf, 0xa0, 0x54, 0xfe, 0xaf, 0xa0, 0x54, 0xfe, 0xaf, 0xa0, 0x54, 0xfe,
    0xaf, 0xa0, 0x54, 0xfe, 0xaf, 0xa0, 0x54, 0xfe, 0xaf, 0xa0, 0x54, 0xfe, 0xaf, 0xa1, 0x54, 0xfe,
    0xaf, 0xa0, 0x54, 0xfe, 0xaf, 0xa0, 0x53, 0xfe, 0xb0, 0xa1, 0x52, 0xfe, 0xb0, 0xa0, 0x52, 0xf9,
    0xba, 0xab, 0x55, 0xff, 0xb1, 0xa3, 0x55, 0x59, 0x00, 0x00, 0x00, 0x00, 0xb6, 0xb6, 0x6d, 0x07,
    0xaa, 0xaa, 0x55, 0x03, 0xaa, 0xaa, 0x55, 0x03, 0xcc, 0xcc, 0x66, 0x05, 0x7f, 0x7f, 0x7f, 0x02,
    0xb6, 0x91, 0x48, 0x07, 0xb3, 0xa3, 0x53, 0xa8, 0xbc, 0xac, 0x56, 0xff, 0xb1, 0xa2, 0x50, 0xf9,
    0xaf, 0xa1, 0x52, 0xfe, 0xae, 0xa1, 0x52, 0xfe, 0xae, 0xa0, 0x52, 0xfe, 0xaf, 0xa0, 0x54, 0xfe,
    0xaf, 0xa0, 0x53, 0xfe, 0xaf, 0x9f, 0x54, 0xfe, 0xae, 0x9f, 0x53, 0xfe, 0xae, 0xa0, 0x53, 0xfe,
    0xae, 0xa0, 0x52, 0xfe, 0xae, 0x9f, 0x52, 0xfe, 0xae, 0x9f, 0x52, 0xfe, 0xae, 0x9f, 0x52, 0xfe,
    0xb0, 0x9e, 0x4f, 0xfc, 0xb7, 0xa5, 0x53, 0xff, 0xb2, 0xa3, 0x53, 0x46, 0x00, 0x00, 0x00, 0x00,
    0xaa, 0xaa, 0x55, 0x06, 0xaa, 0xaa, 0x55, 0x03, 0xb6, 0x91, 0x48, 0x07, 0x00, 0x00, 0x00, 0x00,
    0xb0, 0xa0, 0x53, 0x89, 0xb8, 0xa9, 0x55, 0xff, 0xad, 0x9e, 0x51, 0xfa, 0xac, 0x9d, 0x50, 0xfe,
    0xad, 0x9f, 0x51, 0xfe, 0xad, 0x9e, 0x52, 0xfe, 0xad, 0x9f, 0x51, 0xfe, 0xad, 0x9e, 0x52, 0xfe,
    0xad, 0x9e, 0x52, 0xfe, 0xad, 0x9f, 0x51, 0xfe, 0xad, 0x9e, 0x51, 0xfe, 0xad, 0xa0, 0x50, 0xfa,
    0xba, 0xaa, 0x54, 0xff, 0xaf, 0xa0, 0x4f, 0x84, 0x00, 0x00, 0x00, 0x00, 0xbf, 0x7f, 0x3f, 0x04,
    0x00, 0x00, 0x00, 0x00, 0x00, 0x00, 0x00, 0x00, 0x00, 0x00, 0x00, 0x00, 0x00, 0x00, 0x00, 0x00,
    0x00, 0x00, 0x00, 0x00, 0x00, 0x00, 0x00, 0x00, 0x00, 0x00, 0x00, 0x00, 0x00, 0x00, 0x00, 0x00,
    0x00, 0x00, 0x00, 0x00, 0x00, 0x00, 0x00, 0x00, 0x00, 0x00, 0x00, 0x00, 0x00, 0x00, 0x00, 0x00,
    0x00, 0x00, 0x00, 0x00, 0x00, 0x00, 0x00, 0x00, 0x00, 0x00, 0x00, 0x00, 0x00, 0x00, 0x00, 0x00,
    0x00, 0x00, 0x00, 0x00, 0x00, 0x00, 0x00, 0x00, 0x00, 0x00, 0x00, 0x00, 0x00, 0x00, 0x00, 0x00,
    0x00, 0x00, 0x00, 0x00, 0x00, 0x00, 0x00, 0x00, 0x00, 0x00, 0x00, 0x00, 0x00, 0x00, 0x00, 0x00,
    0x00, 0x00, 0x00, 0x00, 0x00, 0x00, 0x00, 0x00, 0x00, 0x00, 0x00, 0x00, 0x00, 0x00, 0x00, 0x00,
    0x00, 0x00, 0x00, 0x00, 0x00, 0x00, 0x00, 0x00, 0x00, 0x00, 0x00, 0x00, 0x00, 0x00, 0x00, 0x00,
    0x00, 0x00, 0x00, 0x00, 0x00, 0x00, 0x00, 0x00, 0x00, 0x00, 0x00, 0x00, 0x00, 0x00, 0x00, 0x00,
    0x00, 0x00, 0x00, 0x00, 0x00, 0x00, 0x00, 0x00, 0x00, 0x00, 0x00, 0x00, 0x00, 0x00, 0x00, 0x00,
    0x00, 0x00, 0x00, 0x00, 0x00, 0x00, 0x00, 0x00, 0x00, 0x00, 0x00, 0x00, 0x00, 0x00, 0x00, 0x00,
    0x00, 0x00, 0x00, 0x00, 0x00, 0x00, 0x00, 0x00, 0x00, 0x00, 0x00, 0x00, 0x00, 0x00, 0x00, 0x00,
    0x00, 0x00, 0x00, 0x00, 0x00, 0x00, 0x00, 0x00, 0x00, 0x00, 0x00, 0x00, 0x00, 0x00, 0x00, 0x00,
    0x00, 0x00, 0x00, 0x00, 0xff, 0xff, 0x00, 0x01, 0xff, 0xff, 0x00, 0x01, 0xff, 0xff, 0x00, 0x01,
    0xff, 0xff, 0x00, 0x01, 0xff, 0xff, 0x00, 0x01, 0xff, 0xff, 0x00, 0x01, 0xff, 0xff, 0x00, 0x01,
    0x01, 0x01, 0x00, 0x00, 0xff, 0xff, 0x00, 0x01, 0xff, 0xff, 0x00, 0x01, 0xff, 0xff, 0x00, 0x01,
    0xff, 0xff, 0x00, 0x01, 0xff, 0xff, 0x00, 0x01, 0xff, 0xff, 0x00, 0x01, 0xff, 0xff, 0x00, 0x01,
    0xff, 0xff, 0x00, 0x01, 0xff, 0xff, 0x00, 0x01, 0xff, 0xff, 0x00, 0x01, 0xff, 0xff, 0x00, 0x01,
    0xff, 0xff, 0x00, 0x01, 0xff, 0xff, 0x00, 0x01, 0xff, 0xff, 0x00, 0x01, 0xff, 0xff, 0x00, 0x01,
    0xff, 0xff, 0x00, 0x01, 0xff, 0xff, 0x00, 0x01, 0xff, 0xff, 0x00, 0x01, 0xff, 0xff, 0x00, 0x01,
    0xff, 0xff, 0x00, 0x01, 0x7f, 0x7f, 0x7f, 0x02, 0x7f, 0x7f, 0x7f, 0x02, 0xaa, 0xaa, 0x55, 0x03,
    0x99, 0x99, 0x66, 0x05, 0x00, 0x00, 0x00, 0x00, 0xb4, 0xa3, 0x56, 0x94, 0xba, 0xab, 0x56, 0xff,
    0xb1, 0xa2, 0x51, 0xf9, 0xb0, 0xa1, 0x52, 0xfd, 0xaf, 0xa0, 0x53, 0xfe, 0xaf, 0xa0, 0x54, 0xfe,
    0xaf, 0xa0, 0x53, 0xfe, 0xaf, 0xa1, 0x52, 0xfe, 0xaf, 0xa0, 0x53, 0xfe, 0xaf, 0xa1, 0x53, 0xfe,
    0xaf, 0xa1, 0x54, 0xfe, 0xaf, 0xa0, 0x54, 0xfe, 0xaf, 0xa0, 0x54, 0xfe, 0xaf, 0xa1, 0x53, 0xfe,
    0xb0, 0xa2, 0x51, 0xf8, 0xbe, 0xae, 0x57, 0xff, 0xb1, 0xa1, 0x52, 0xb4, 0xff, 0xff, 0xff, 0x01,
    0xaa, 0xaa, 0x55, 0x06, 0xbf, 0xbf, 0x7f, 0x04, 0xbf, 0xbf, 0x7f, 0x04, 0xcc, 0xcc, 0x66, 0x05,
    0xff, 0xff, 0x00, 0x01, 0xbf, 0x9f, 0x5f, 0x08, 0xb1, 0xa3, 0x54, 0xb6, 0xbc, 0xac, 0x58, 0xff,
    0xaf, 0xa1, 0x52, 0xfa, 0xaf, 0xa0, 0x53, 0xfe, 0xaf, 0xa1, 0x52, 0xfe, 0xaf, 0xa1, 0x53, 0xfe,
    0xaf, 0xa1, 0x53, 0xfe, 0xaf, 0xa0, 0x52, 0xfe, 0xaf, 0x9f, 0x52, 0xfe, 0xae, 0x9f, 0x52, 0xfe,
    0xae, 0x9f, 0x52, 0xfe, 0xae, 0x9f, 0x53, 0xfe, 0xae, 0x9f, 0x53, 0xfe, 0xae, 0x9f, 0x53, 0xfe,
    0xae, 0x9f, 0x52, 0xfe, 0xae, 0xa0, 0x51, 0xfe, 0xae, 0xa0, 0x50, 0xfd, 0xb3, 0xa3, 0x52, 0xff,
    0xb4, 0xa2, 0x53, 0x37, 0x00, 0x00, 0x00, 0x00, 0xaa, 0xaa, 0x55, 0x06, 0xaa, 0xaa, 0x55, 0x03,
    0xb6, 0x91, 0x48, 0x07, 0x00, 0x00, 0x00, 0x00, 0xaf, 0xa0, 0x53, 0x87, 0xb8, 0xa8, 0x54, 0xff,
    0xac, 0x9e, 0x50, 0xfa, 0xac, 0x9d, 0x51, 0xfe, 0xad, 0x9e, 0x52, 0xfe, 0xad, 0x9f, 0x51, 0xfe,
    0xad, 0x9e, 0x52, 0xfe, 0xad, 0x9e, 0x52, 0xfe, 0xad, 0x9e, 0x52, 0xfe, 0xad, 0x9e, 0x52, 0xfe,
    0xad, 0x9e, 0x52, 0xfe, 0xae, 0x9f, 0x50, 0xf9, 0xb9, 0xa9, 0x53, 0xff, 0xae, 0x9e, 0x4e, 0x82,
    0x00, 0x00, 0x00, 0x00, 0xbf, 0x7f, 0x3f, 0x04, 0x00, 0x00, 0x00, 0x00, 0x00, 0x00, 0x00, 0x00,
    0x00, 0x00, 0x00, 0x00, 0x00, 0x00, 0x00, 0x00, 0x00, 0x00, 0x00, 0x00, 0x00, 0x00, 0x00, 0x00,
    0x00, 0x00, 0x00, 0x00, 0x00, 0x00, 0x00, 0x00, 0x00, 0x00, 0x00, 0x00, 0x00, 0x00, 0x00, 0x00,
    0x00, 0x00, 0x00, 0x00, 0x00, 0x00, 0x00, 0x00, 0x00, 0x00, 0x00, 0x00, 0x00, 0x00, 0x00, 0x00,
    0x00, 0x00, 0x00, 0x00, 0x00, 0x00, 0x00, 0x00, 0x00, 0x00, 0x00, 0x00, 0x00, 0x00, 0x00, 0x00,
    0x00, 0x00, 0x00, 0x00, 0x00, 0x00, 0x00, 0x00, 0x00, 0x00, 0x00, 0x00, 0x00, 0x00, 0x00, 0x00,
    0x00, 0x00, 0x00, 0x00, 0x00, 0x00, 0x00, 0x00, 0x00, 0x00, 0x00, 0x00, 0x00, 0x00, 0x00, 0x00,
    0x00, 0x00, 0x00, 0x00, 0x00, 0x00, 0x00, 0x00, 0x00, 0x00, 0x00, 0x00, 0x00, 0x00, 0x00, 0x00,
    0x00, 0x00, 0x00, 0x00, 0x00, 0x00, 0x00, 0x00, 0x00, 0x00, 0x00, 0x00, 0x00, 0x00, 0x00, 0x00,
    0x00, 0x00, 0x00, 0x00, 0x00, 0x00, 0x00, 0x00, 0x00, 0x00, 0x00, 0x00, 0x00, 0x00, 0x00, 0x00,
    0x00, 0x00, 0x00, 0x00, 0x00, 0x00, 0x00, 0x00, 0x00, 0x00, 0x00, 0x00, 0x00, 0x00, 0x00, 0x00,
    0x00, 0x00, 0x00, 0x00, 0x00, 0x00, 0x00, 0x00, 0x00, 0x00, 0x00, 0x00, 0x00, 0x00, 0x00, 0x00,
    0x00, 0x00, 0x00, 0x00, 0x00, 0x00, 0x00, 0x00, 0x00, 0x00, 0x00, 0x00, 0x00, 0x00, 0x00, 0x00,
    0x00, 0x00, 0x00, 0x00, 0x00, 0x00, 0x00, 0x00, 0x00, 0x00, 0x00, 0x00, 0x00, 0x00, 0x00, 0x00,
    0x00, 0x00, 0x00, 0x00, 0xff, 0xff, 0x00, 0x01, 0xff, 0xff, 0x00, 0x01, 0xff, 0xff, 0x00, 0x01,
    0xff, 0xff, 0x00, 0x01, 0x00, 0x00, 0x00, 0x00, 0x00, 0x00, 0x00, 0x00, 0x00, 0x00, 0x00, 0x00,
    0x00, 0x00, 0x00, 0x00, 0x00, 0x00, 0x00, 0x00, 0xff, 0xff, 0x00, 0x01, 0xff, 0xff, 0x00, 0x01,
    0xff, 0xff, 0x00, 0x01, 0xff, 0xff, 0x00, 0x01, 0xff, 0xff, 0x00, 0x01, 0xff, 0xff, 0x00, 0x01,
    0xff, 0xff, 0x00, 0x01, 0xff, 0xff, 0x00, 0x01, 0xff, 0xff, 0x00, 0x01, 0xff, 0xff, 0x00, 0x01,
    0xff, 0xff, 0x00, 0x01, 0xff, 0xff, 0x00, 0x01, 0xff, 0xff, 0x00, 0x01, 0xff, 0xff, 0x00, 0x01,
    0xff, 0xff, 0x00, 0x01, 0xff, 0xff, 0x00, 0x01, 0xff, 0xff, 0x00, 0x01, 0x7f, 0x7f, 0x7f, 0x02,
    0xaa, 0xaa, 0x55, 0x03, 0xbf, 0xbf, 0x3f, 0x04, 0x00, 0x00, 0x00, 0x00, 0xb1, 0xa3, 0x54, 0x97,
    0xbe, 0xad, 0x58, 0xff, 0xb1, 0xa2, 0x51, 0xf9, 0xb0, 0xa2, 0x51, 0xfd, 0xaf, 0xa0, 0x54, 0xfe,
    0xaf, 0xa0, 0x54, 0xfe, 0xaf, 0xa0, 0x54, 0xfe, 0xaf, 0xa0, 0x54, 0xfe, 0xaf, 0xa0, 0x53, 0xfe,
    0xaf, 0xa1, 0x52, 0xfe, 0xaf, 0xa0, 0x53, 0xfe, 0xaf, 0xa1, 0x53, 0xfe, 0xaf, 0xa0, 0x54, 0xfe,
    0xaf, 0xa0, 0x53, 0xfe, 0xb0, 0xa1, 0x51, 0xf9, 0xba, 0xaa, 0x55, 0xff, 0xb1, 0xa3, 0x53, 0xc3,
    0xb8, 0xaa, 0x63, 0x12, 0xbf, 0xbf, 0x3f, 0x04, 0xaa, 0xaa, 0x55, 0x06, 0xbf, 0xbf, 0x7f, 0x04,
    0xb6, 0xb6, 0x6d, 0x07, 0x00, 0x00, 0x00, 0x00, 0xaa, 0x99, 0x55, 0x0f, 0xb3, 0xa5, 0x53, 0xba,
    0xbb, 0xab, 0x56, 0xff, 0xaf, 0xa0, 0x51, 0xfa, 0xaf, 0xa1, 0x52, 0xfe, 0xaf, 0x9f, 0x53, 0xfe,
    0xae, 0xa0, 0x52, 0xfe, 0xae, 0x9f, 0x53, 0xfe, 0xae, 0xa0, 0x52, 0xfe, 0xae, 0x9f, 0x53, 0xfe,
    0xae, 0xa0, 0x51, 0xfe, 0xae, 0xa0, 0x52, 0xfe, 0xae, 0x9f, 0x52, 0xfe, 0xae, 0xa0, 0x52, 0xfe,
    0xae, 0x9f, 0x53, 0xfe, 0xae, 0x9f, 0x53, 0xfe, 0xae, 0xa0, 0x52, 0xfe, 0xaf, 0xa0, 0x51, 0xfb,
    0xb5, 0xa4, 0x52, 0xfd, 0xb0, 0xa0, 0x51, 0xde, 0xbf, 0xaa, 0x6a, 0x0c, 0xaa, 0xaa, 0x55, 0x03,
    0x7f, 0x7f, 0x3f, 0x04, 0xaa, 0xaa, 0x55, 0x03, 0xb6, 0x91, 0x48, 0x07, 0x00, 0x00, 0x00, 0x00,
    0xaf, 0x9f, 0x51, 0x86, 0xb8, 0xa8, 0x54, 0xff, 0xad, 0x9f, 0x52, 0xfa, 0xad, 0x9e, 0x52, 0xfe,
    0xad, 0x9e, 0x51, 0xfe, 0xad, 0x9f, 0x51, 0xfe, 0xad, 0x9e, 0x52, 0xfe, 0xad, 0x9e, 0x52, 0xfe,
    0xad, 0x9f, 0x51, 0xfe, 0xad, 0x9f, 0x51, 0xfe, 0xae, 0x9f, 0x52, 0xfe, 0xaf, 0xa0, 0x50, 0xf9,
    0xb8, 0xa9, 0x53, 0xff, 0xac, 0x9e, 0x4e, 0x82, 0x00, 0x00, 0x00, 0x00, 0xbf, 0x7f, 0x3f, 0x04,
    0x00, 0x00, 0x00, 0x00, 0x00, 0x00, 0x00, 0x00, 0x00, 0x00, 0x00, 0x00, 0x00, 0x00, 0x00, 0x00,
    0x00, 0x00, 0x00, 0x00, 0x00, 0x00, 0x00, 0x00, 0x00, 0x00, 0x00, 0x00, 0x00, 0x00, 0x00, 0x00,
    0x00, 0x00, 0x00, 0x00, 0x00, 0x00, 0x00, 0x00, 0x00, 0x00, 0x00, 0x00, 0x00, 0x00, 0x00, 0x00,
    0x00, 0x00, 0x00, 0x00, 0x00, 0x00, 0x00, 0x00, 0x00, 0x00, 0x00, 0x00, 0x00, 0x00, 0x00, 0x00,
    0x00, 0x00, 0x00, 0x00, 0x00, 0x00, 0x00, 0x00, 0x00, 0x00, 0x00, 0x00, 0x00, 0x00, 0x00, 0x00,
    0x00, 0x00, 0x00, 0x00, 0x00, 0x00, 0x00, 0x00, 0x00, 0x00, 0x00, 0x00, 0x00, 0x00, 0x00, 0x00,
    0x00, 0x00, 0x00, 0x00, 0x00, 0x00, 0x00, 0x00, 0x00, 0x00, 0x00, 0x00, 0x00, 0x00, 0x00, 0x00,
    0x00, 0x00, 0x00, 0x00, 0x00, 0x00, 0x00, 0x00, 0x00, 0x00, 0x00, 0x00, 0x00, 0x00, 0x00, 0x00,
    0x00, 0x00, 0x00, 0x00, 0x00, 0x00, 0x00, 0x00, 0x00, 0x00, 0x00, 0x00, 0x00, 0x00, 0x00, 0x00,
    0x00, 0x00, 0x00, 0x00, 0x00, 0x00, 0x00, 0x00, 0x00, 0x00, 0x00, 0x00, 0x00, 0x00, 0x00, 0x00,
    0x00, 0x00, 0x00, 0x00, 0x00, 0x00, 0x00, 0x00, 0x00, 0x00, 0x00, 0x00, 0x00, 0x00, 0x00, 0x00,
    0x00, 0x00, 0x00, 0x00, 0x00, 0x00, 0x00, 0x00, 0x00, 0x00, 0x00, 0x00, 0x00, 0x00, 0x00, 0x00,
    0x00, 0x00, 0x00, 0x00, 0x00, 0x00, 0x00, 0x00, 0x00, 0x00, 0x00, 0x00, 0x00, 0x00, 0x00, 0x00,
    0x00, 0x00, 0x00, 0x00, 0x00, 0x00, 0x00, 0x00, 0x00, 0x00, 0x00, 0x00, 0xff, 0xff, 0x00, 0x01,
    0xff, 0xff, 0x00, 0x01, 0xff, 0xff, 0x00, 0x01, 0xff, 0xff, 0x00, 0x01, 0xff, 0xff, 0x00, 0x01,
    0x00, 0x00, 0x00, 0x00, 0x00, 0x00, 0x00, 0x00, 0x00, 0x00, 0x00, 0x00, 0x00, 0x00, 0x00, 0x00,
    0x00, 0x00, 0x00, 0x00, 0x00, 0x00, 0x00, 0x00, 0x00, 0x00, 0x00, 0x00, 0x00, 0x00, 0x00, 0x00,
    0x00, 0x00, 0x00, 0x00, 0xff, 0xff, 0x00, 0x01, 0xff, 0xff, 0x00, 0x01, 0x00, 0x00, 0x00, 0x00,
    0x00, 0x00, 0x00, 0x00, 0xff, 0xff, 0x00, 0x01, 0xff, 0xff, 0x00, 0x01, 0xff, 0xff, 0x00, 0x01,
    0xff, 0xff, 0x00, 0x01, 0xff, 0xff, 0x00, 0x01, 0xff, 0xff, 0x00, 0x01, 0xff, 0xff, 0x00, 0x01,
    0xff, 0xff, 0x00, 0x01, 0x7f, 0x7f, 0x7f, 0x04, 0xaa, 0xaa, 0x55, 0x03, 0xff, 0xff, 0xff, 0x01,
    0xb2, 0xa3, 0x51, 0x9f, 0xba, 0xac, 0x56, 0xff, 0xaf, 0xa1, 0x52, 0xfa, 0xb0, 0xa2, 0x51, 0xfd,
    0xaf, 0xa0, 0x53, 0xfe, 0xaf, 0xa0, 0x54, 0xfe, 0xaf, 0xa0, 0x54, 0xfe, 0xaf, 0xa0, 0x54, 0xfe,
    0xaf, 0xa1, 0x53, 0xfe, 0xaf, 0xa1, 0x54, 0xfe, 0xaf, 0xa0, 0x52, 0xfe, 0xaf, 0xa1, 0x52, 0xfe,
    0xaf, 0xa0, 0x54, 0xfe, 0xaf, 0xa0, 0x54, 0xfe, 0xaf, 0xa0, 0x51, 0xfa, 0xbc, 0xac, 0x57, 0xff,
    0xb3, 0xa4, 0x54, 0xc5, 0xa3, 0x91, 0x48, 0x0e, 0xff, 0xff, 0xff, 0x01, 0xd4, 0xaa, 0x7f, 0x06,
    0xff, 0xff, 0xaa, 0x03, 0xb6, 0xb6, 0x6d, 0x07, 0x00, 0x00, 0x00, 0x00, 0xaf, 0x9f, 0x5f, 0x10,
    0xb2, 0xa3, 0x51, 0xc4, 0xba, 0xab, 0x55, 0xff, 0xaf, 0xa0, 0x51, 0xfa, 0xae, 0xa0, 0x51, 0xfe,
    0xae, 0xa0, 0x51, 0xfe, 0xae, 0x9f, 0x52, 0xfe, 0xae, 0xa0, 0x51, 0xfe, 0xae, 0xa0, 0x51, 0xfe,
    0xae, 0xa0, 0x51, 0xfe, 0xae, 0xa0, 0x53, 0xfe, 0xae, 0xa0, 0x52, 0xfe, 0xae, 0xa0, 0x51, 0xfe,
    0xae, 0xa0, 0x52, 0xfe, 0xae, 0x9f, 0x53, 0xfe, 0xae, 0x9f, 0x53, 0xfe, 0xae, 0xa0, 0x52, 0xfe,
    0xae, 0xa1, 0x50, 0xfd, 0xb1, 0xa1, 0x50, 0xf9, 0xbd, 0xac, 0x57, 0xff, 0xb2, 0xa2, 0x54, 0x61,
    0x00, 0x00, 0x00, 0x00, 0xb6, 0x91, 0x48, 0x07, 0xaa, 0xaa, 0x55, 0x03, 0xaa, 0xaa, 0x55, 0x03,
    0xb6, 0x91, 0x48, 0x07, 0x00, 0x00, 0x00, 0x00, 0xb0, 0xa1, 0x54, 0x88, 0xb9, 0xaa, 0x55, 0xff,
    0xad, 0x9f, 0x52, 0xfa, 0xad, 0x9e, 0x52, 0xfe, 0xad, 0x9e, 0x52, 0xfe, 0xad, 0x9e, 0x52, 0xfe,
    0xad, 0x9e, 0x51, 0xfe, 0xad, 0x9f, 0x51, 0xfe, 0xad, 0x9e, 0x51, 0xfe, 0xae, 0x9f, 0x51, 0xfe,
    0xae, 0x9f, 0x53, 0xfe, 0xae, 0xa0, 0x51, 0xfa, 0xb8, 0xa9, 0x54, 0xff, 0xab, 0x9e, 0x4d, 0x81,
    0x00, 0x00, 0x00, 0x00, 0xbf, 0xbf, 0x3f, 0x04, 0x00, 0x00, 0x00, 0x00, 0x00, 0x00, 0x00, 0x00,
    0x00, 0x00, 0x00, 0x00, 0x00, 0x00, 0x00, 0x00, 0x00, 0x00, 0x00, 0x00, 0x00, 0x00, 0x00, 0x00,
    0x00, 0x00, 0x00, 0x00, 0x00, 0x00, 0x00, 0x00, 0x00, 0x00, 0x00, 0x00, 0x00, 0x00, 0x00, 0x00,
    0x00, 0x00, 0x00, 0x00, 0x00, 0x00, 0x00, 0x00, 0x00, 0x00, 0x00, 0x00, 0x00, 0x00, 0x00, 0x00,
    0x00, 0x00, 0x00, 0x00, 0x00, 0x00, 0x00, 0x00, 0x00, 0x00, 0x00, 0x00, 0x00, 0x00, 0x00, 0x00,
    0x00, 0x00, 0x00, 0x00, 0x00, 0x00, 0x00, 0x00, 0x00, 0x00, 0x00, 0x00, 0x00, 0x00, 0x00, 0x00,
    0x00, 0x00, 0x00, 0x00, 0x00, 0x00, 0x00, 0x00, 0x00, 0x00, 0x00, 0x00, 0x00, 0x00, 0x00, 0x00,
    0x00, 0x00, 0x00, 0x00, 0x00, 0x00, 0x00, 0x00, 0x00, 0x00, 0x00, 0x00, 0x00, 0x00, 0x00, 0x00,
    0x00, 0x00, 0x00, 0x00, 0x00, 0x00, 0x00, 0x00, 0x00, 0x00, 0x00, 0x00, 0x00, 0x00, 0x00, 0x00,
    0x00, 0x00, 0x00, 0x00, 0x00, 0x00, 0x00, 0x00, 0x00, 0x00, 0x00, 0x00, 0x00, 0x00, 0x00, 0x00,
    0x00, 0x00, 0x00, 0x00, 0x00, 0x00, 0x00, 0x00, 0x00, 0x00, 0x00, 0x00, 0x00, 0x00, 0x00, 0x00,
    0x00, 0x00, 0x00, 0x00, 0x00, 0x00, 0x00, 0x00, 0x00, 0x00, 0x00, 0x00, 0x00, 0x00, 0x00, 0x00,
    0x00, 0x00, 0x00, 0x00, 0x00, 0x00, 0x00, 0x00, 0x00, 0x00, 0x00, 0x00, 0x00, 0x00, 0x00, 0x00,
    0x00, 0x00, 0x00, 0x00, 0x00, 0x00, 0x00, 0x00, 0x00, 0x00, 0x00, 0x00, 0x00, 0x00, 0x00, 0x00,
    0xff, 0xff, 0x00, 0x01, 0xff, 0xff, 0x00, 0x01, 0xff, 0xff, 0x00, 0x01, 0xff, 0xff, 0x00, 0x01,
    0xff, 0xff, 0x00, 0x01, 0xff, 0xff, 0x00, 0x01, 0xff, 0xff, 0x00, 0x01, 0x00, 0x00, 0x00, 0x00,
    0x00, 0x00, 0x00, 0x00, 0x00, 0x00, 0x00, 0x00, 0x00, 0x00, 0x00, 0x00, 0x00, 0x00, 0x00, 0x00,
    0x00, 0x00, 0x00, 0x00, 0x00, 0x00, 0x00, 0x00, 0x00, 0x00, 0x00, 0x00, 0xff, 0xff, 0x00, 0x01,
    0x00, 0x00, 0x00, 0x00, 0x00, 0x00, 0x00, 0x00, 0x00, 0x00, 0x00, 0x00, 0x00, 0x00, 0x00, 0x00,
    0xff, 0xff, 0x00, 0x01, 0xff, 0xff, 0x00, 0x01, 0xff, 0xff, 0x00, 0x01, 0xff, 0xff, 0x00, 0x01,
    0xff, 0xff, 0x00, 0x01, 0xff, 0xff, 0x00, 0x01, 0x7f, 0x7f, 0x7f, 0x04, 0xaa, 0xaa, 0x55, 0x03,
    0xff, 0xff, 0xff, 0x01, 0xb2, 0xa1, 0x52, 0xa1, 0xbd, 0xad, 0x56, 0xff, 0xaf, 0xa0, 0x51, 0xf9,
    0xae, 0x9f, 0x54, 0xfe, 0xae, 0xa0, 0x53, 0xfe, 0xaf, 0xa0, 0x54, 0xfe, 0xaf, 0xa1, 0x53, 0xfe,
    0xaf, 0xa0, 0x54, 0xfe, 0xaf, 0xa0, 0x54, 0xfe, 0xaf, 0xa0, 0x53, 0xfe, 0xaf, 0xa0, 0x54, 0xfe,
    0xaf, 0xa0, 0x54, 0xfe, 0xaf, 0xa0, 0x53, 0xfe, 0xae, 0xa0, 0x53, 0xfe, 0xb0, 0xa1, 0x51, 0xf9,
    0xbb, 0xab, 0x56, 0xff, 0xb2, 0xa3, 0x53, 0xbe, 0xaa, 0x9b, 0x63, 0x12, 0xff, 0xff, 0x7f, 0x02,
    0xb6, 0xb6, 0x6d, 0x07, 0xaa, 0xff, 0xaa, 0x03, 0xb6, 0xb6, 0x6d, 0x07, 0x00, 0x00, 0x00, 0x00,
    0xb4, 0x9f, 0x55, 0x18, 0xb4, 0xa3, 0x52, 0xc9, 0xb8, 0xa9, 0x54, 0xff, 0xad, 0x9f, 0x51, 0xfa,
    0xae, 0xa0, 0x51, 0xfe, 0xae, 0xa0, 0x51, 0xfe, 0xae, 0x9f, 0x53, 0xfe, 0xae, 0x9f, 0x53, 0xfe,
    0xae, 0x9f, 0x52, 0xfe, 0xae, 0xa0, 0x52, 0xfe, 0xae, 0x9f, 0x52, 0xfe, 0xaf, 0xa0, 0x51, 0xfe,
    0xaf, 0x9f, 0x51, 0xfe, 0xae, 0xa0, 0x51, 0xfe, 0xae, 0x9f, 0x53, 0xfe, 0xae, 0x9f, 0x53, 0xfe,
    0xae, 0x9f, 0x53, 0xfe, 0xae, 0xa0, 0x52, 0xfd, 0xaf, 0xa2, 0x50, 0xfa, 0xba, 0xaa, 0x56, 0xff,
    0xae, 0xa1, 0x52, 0x85, 0x00, 0x00, 0x00, 0x00, 0xcc, 0xcc, 0x66, 0x05, 0xaa, 0xaa, 0x55, 0x03,
    0xaa, 0xaa, 0x55, 0x03, 0xaa, 0xaa, 0x55, 0x03, 0xb6, 0xb6, 0x48, 0x07, 0x00, 0x00, 0x00, 0x00,
    0xb0, 0xa3, 0x52, 0x88, 0xb9, 0xaa, 0x55, 0xff, 0xad, 0x9f, 0x52, 0xfa, 0xad, 0x9e, 0x52, 0xfe,
    0xad, 0x9e, 0x52, 0xfe, 0xad, 0x9e, 0x52, 0xfe, 0xad, 0x9e, 0x52, 0xfe, 0xad, 0x9e, 0x52, 0xfe,
    0xad, 0x9e, 0x52, 0xfe, 0xae, 0x9e, 0x53, 0xfe, 0xae, 0x9f, 0x52, 0xfe, 0xad, 0x9f, 0x51, 0xfa,
    0xb9, 0xa9, 0x55, 0xff, 0xad, 0x9d, 0x4f, 0x83, 0x00, 0x00, 0x00, 0x00, 0xbf, 0x7f, 0x3f, 0x04,
    0x00, 0x00, 0x00, 0x00, 0x00, 0x00, 0x00, 0x00, 0x00, 0x00, 0x00, 0x00, 0x00, 0x00, 0x00, 0x00,
    0x00, 0x00, 0x00, 0x00, 0x00, 0x00, 0x00, 0x00, 0x00, 0x00, 0x00, 0x00, 0x00, 0x00, 0x00, 0x00,
    0x00, 0x00, 0x00, 0x00, 0x00, 0x00, 0x00, 0x00, 0x00, 0x00, 0x00, 0x00, 0x00, 0x00, 0x00, 0x00,
    0x00, 0x00, 0x00, 0x00, 0x00, 0x00, 0x00, 0x00, 0x00, 0x00, 0x00, 0x00, 0x00, 0x00, 0x00, 0x00,
    0x00, 0x00, 0x00, 0x00, 0x00, 0x00, 0x00, 0x00, 0x00, 0x00, 0x00, 0x00, 0x00, 0x00, 0x00, 0x00,
    0x00, 0x00, 0x00, 0x00, 0x00, 0x00, 0x00, 0x00, 0x00, 0x00, 0x00, 0x00, 0x00, 0x00, 0x00, 0x00,
    0x00, 0x00, 0x00, 0x00, 0x00, 0x00, 0x00, 0x00, 0x00, 0x00, 0x00, 0x00, 0x00, 0x00, 0x00, 0x00,
    0x00, 0x00, 0x00, 0x00, 0x00, 0x00, 0x00, 0x00, 0x00, 0x00, 0x00, 0x00, 0x00, 0x00, 0x00, 0x00,
    0x00, 0x00, 0x00, 0x00, 0x00, 0x00, 0x00, 0x00, 0x00, 0x00, 0x00, 0x00, 0x00, 0x00, 0x00, 0x00,
    0x00, 0x00, 0x00, 0x00, 0x00, 0x00, 0x00, 0x00, 0x00, 0x00, 0x00, 0x00, 0x00, 0x00, 0x00, 0x00,
    0x00, 0x00, 0x00, 0x00, 0x00, 0x00, 0x00, 0x00, 0x00, 0x00, 0x00, 0x00, 0x00, 0x00, 0x00, 0x00,
    0x00, 0x00, 0x00, 0x00, 0x00, 0x00, 0x00, 0x00, 0x00, 0x00, 0x00, 0x00, 0x00, 0x00, 0x00, 0x00,
    0x00, 0x00, 0x00, 0x00, 0x7f, 0x7f, 0x7f, 0x02, 0xaa, 0xaa, 0x55, 0x03, 0xbf, 0x7f, 0x3f, 0x04,
    0xbf, 0xbf, 0x3f, 0x04, 0xcc, 0x99, 0x33, 0x05, 0xcc, 0x99, 0x33, 0x05, 0xcc, 0x99, 0x33, 0x05,
    0xcc, 0x99, 0x33, 0x05, 0xbf, 0xbf, 0x3f, 0x04, 0xff, 0xff, 0x00, 0x01, 0xff, 0xff, 0x00, 0x01,
    0xff, 0xff, 0x00, 0x01, 0xff, 0xff, 0x00, 0x01, 0x00, 0x00, 0x00, 0x00, 0x00, 0x00, 0x00, 0x00,
    0x00, 0x00, 0x00, 0x00, 0x00, 0x00, 0x00, 0x00, 0x00, 0x00, 0x00, 0x00, 0x00, 0x00, 0x00, 0x00,
    0x00, 0x00, 0x00, 0x00, 0xff, 0xff, 0x00, 0x01, 0x00, 0x00, 0x00, 0x00, 0x00, 0x00, 0x00, 0x00,
    0x00, 0x00, 0x00, 0x00, 0x00, 0x00, 0x00, 0x00, 0x00, 0x00, 0x00, 0x00, 0x00, 0x00, 0x00, 0x00,
    0xff, 0xff, 0x00, 0x01, 0xff, 0xff, 0x00, 0x01, 0xff, 0xff, 0x00, 0x01, 0xaa, 0xaa, 0x55, 0x03,
    0x7f, 0x7f, 0x7f, 0x02, 0xbf, 0xbf, 0x7f, 0x04, 0xb2, 0xa3, 0x55, 0xaa, 0xbc, 0xab, 0x57, 0xff,
    0xb0, 0xa1, 0x51, 0xf9, 0xae, 0x9f, 0x53, 0xfe, 0xae, 0x9f, 0x53, 0xfe, 0xae, 0xa0, 0x52, 0xfe,
    0xaf, 0xa1, 0x53, 0xfe, 0xaf, 0xa1, 0x52, 0xfe, 0xaf, 0xa0, 0x54, 0xfe, 0xaf, 0xa1, 0x53, 0xfe,
    0xaf, 0xa0, 0x53, 0xfe, 0xaf, 0xa0, 0x53, 0xfe, 0xb0, 0xa0, 0x54, 0xfe, 0xb2, 0xa2, 0x52, 0xfd,
    0xb0, 0xa1, 0x51, 0xf9, 0xbc, 0xac, 0x56, 0xff, 0xb4, 0xa3, 0x56, 0xba, 0x99, 0x99, 0x4c, 0x0a,
    0xff, 0xff, 0x00, 0x01, 0xb6, 0xb6, 0x6d, 0x07, 0xaa, 0xff, 0xaa, 0x03, 0xbf, 0x9f, 0x5f, 0x08,
    0x00, 0x00, 0x00, 0x00, 0xb0, 0xa6, 0x58, 0x1a, 0xb5, 0xa4, 0x52, 0xd4, 0xba, 0xa9, 0x54, 0xff,
    0xae, 0xa0, 0x50, 0xfa, 0xb0, 0x9f, 0x52, 0xfe, 0xae, 0xa0, 0x51, 0xfe, 0xae, 0x9f, 0x52, 0xfe,
    0xae, 0xa0, 0x52, 0xfe, 0xae, 0x9f, 0x53, 0xfe, 0xae, 0x9f, 0x51, 0xfe, 0xae, 0x9f, 0x53, 0xfe,
    0xae, 0xa0, 0x52, 0xfe, 0xae, 0xa0, 0x51, 0xfe, 0xae, 0xa0, 0x52, 0xfe, 0xae, 0x9f, 0x53, 0xfe,
    0xae, 0x9f, 0x53, 0xfe, 0xae, 0x9f, 0x53, 0xfe, 0xae, 0x9f, 0x53, 0xfd, 0xae, 0xa0, 0x52, 0xfb,
    0xba, 0xab, 0x55, 0xff, 0xb1, 0xa1, 0x53, 0x83, 0x00, 0x00, 0x00, 0x00, 0xcc, 0x99, 0x66, 0x05,
    0x7f, 0x7f, 0x3f, 0x04, 0xaa, 0xaa, 0x55, 0x03, 0x7f, 0x7f, 0x7f, 0x02, 0xaa, 0xaa, 0x55, 0x03,
    0xb6, 0xb6, 0x48, 0x07, 0x00, 0x00, 0x00, 0x00, 0xb2, 0xa3, 0x54, 0x88, 0xb9, 0xaa, 0x55, 0xff,
    0xad, 0x9e, 0x52, 0xfa, 0xad, 0x9e, 0x51, 0xfe, 0xad, 0x9f, 0x51, 0xfe, 0xad, 0x9e, 0x51, 0xfe,
    0xad, 0x9f, 0x51, 0xfe, 0xad, 0x9e, 0x52, 0xfe, 0xae, 0x9f, 0x51, 0xfe, 0xae, 0x9f, 0x52, 0xfe,
    0xad, 0x9f, 0x52, 0xfe, 0xae, 0xa0, 0x52, 0xfa, 0xbb, 0xaa, 0x55, 0xff, 0xaf, 0x9f, 0x4d, 0x83,
    0x00, 0x00, 0x00, 0x00, 0xbf, 0x7f, 0x3f, 0x04, 0x00, 0x00, 0x00, 0x00, 0x00, 0x00, 0x00, 0x00,
    0x00, 0x00, 0x00, 0x00, 0x00, 0x00, 0x00, 0x00, 0x00, 0x00, 0x00, 0x00, 0x00, 0x00, 0x00, 0x00,
    0x00, 0x00, 0x00, 0x00, 0x00, 0x00, 0x00, 0x00, 0x00, 0x00, 0x00, 0x00, 0x00, 0x00, 0x00, 0x00,
    0x00, 0x00, 0x00, 0x00, 0x00, 0x00, 0x00, 0x00, 0x00, 0x00, 0x00, 0x00, 0x00, 0x00, 0x00, 0x00,
    0x00, 0x00, 0x00, 0x00, 0x00, 0x00, 0x00, 0x00, 0x00, 0x00, 0x00, 0x00, 0x00, 0x00, 0x00, 0x00,
    0x00, 0x00, 0x00, 0x00, 0x00, 0x00, 0x00, 0x00, 0x00, 0x00, 0x00, 0x00, 0x00, 0x00, 0x00, 0x00,
    0x00, 0x00, 0x00, 0x00, 0x00, 0x00, 0x00, 0x00, 0x00, 0x00, 0x00, 0x00, 0x00, 0x00, 0x00, 0x00,
    0x00, 0x00, 0x00, 0x00, 0x00, 0x00, 0x00, 0x00, 0x00, 0x00, 0x00, 0x00, 0x00, 0x00, 0x00, 0x00,
    0x00, 0x00, 0x00, 0x00, 0x00, 0x00, 0x00, 0x00, 0x00, 0x00, 0x00, 0x00, 0x00, 0x00, 0x00, 0x00,
    0x00, 0x00, 0x00, 0x00, 0x00, 0x00, 0x00, 0x00, 0x00, 0x00, 0x00, 0x00, 0x00, 0x00, 0x00, 0x00,
    0x00, 0x00, 0x00, 0x00, 0x00, 0x00, 0x00, 0x00, 0x00, 0x00, 0x00, 0x00, 0x00, 0x00, 0x00, 0x00,
    0x00, 0x00, 0x00, 0x00, 0x00, 0x00, 0x00, 0x00, 0x00, 0x00, 0x00, 0x00, 0x00, 0x00, 0x00, 0x00,
    0x00, 0x00, 0x00, 0x00, 0xff, 0xff, 0x00, 0x01, 0xaa, 0xaa, 0x55, 0x03, 0x00, 0x00, 0x00, 0x00,
    0x00, 0x00, 0x00, 0x00, 0x00, 0x00, 0x00, 0x00, 0x00, 0x00, 0x00, 0x00, 0x00, 0x00, 0x00, 0x00,
    0x00, 0x00, 0x00, 0x00, 0x00, 0x00, 0x00, 0x00, 0x00, 0x00, 0x00, 0x00, 0x00, 0x00, 0x00, 0x00,
    0xff, 0xff, 0x00, 0x01, 0x7f, 0x7f, 0x00, 0x02, 0xff, 0xff, 0x00, 0x01, 0xff, 0xff, 0x00, 0x01,
    0xff, 0xff, 0x00, 0x01, 0x00, 0x00, 0x00, 0x00, 0x00, 0x00, 0x00, 0x00, 0x00, 0x00, 0x00, 0x00,
    0x00, 0x00, 0x00, 0x00, 0x00, 0x00, 0x00, 0x00, 0x00, 0x00, 0x00, 0x00, 0x00, 0x00, 0x00, 0x00,
    0x00, 0x00, 0x00, 0x00, 0x00, 0x00, 0x00, 0x00, 0x00, 0x00, 0x00, 0x00, 0x00, 0x00, 0x00, 0x00,
    0x00, 0x00, 0x00, 0x00, 0xff, 0xff, 0x00, 0x01, 0xff, 0xff, 0x00, 0x01, 0xff, 0xff, 0x00, 0x01,
    0xaa, 0xaa, 0x55, 0x03, 0x7f, 0x7f, 0x7f, 0x02, 0xcc, 0x99, 0x66, 0x05, 0xb1, 0xa3, 0x53, 0xac,
    0xbc, 0xac, 0x57, 0xff, 0xb0, 0xa1, 0x51, 0xf9, 0xaf, 0xa0, 0x53, 0xfe, 0xaf, 0xa0, 0x54, 0xfe,
    0xaf, 0xa0, 0x54, 0xfe, 0xaf, 0xa0, 0x53, 0xfe, 0xaf, 0xa1, 0x52, 0xfe, 0xaf, 0xa1, 0x52, 0xfe,
    0xaf, 0xa0, 0x54, 0xfe, 0xaf, 0xa0, 0x53, 0xfe, 0xaf, 0xa0, 0x54, 0xfe, 0xaf, 0xa0, 0x54, 0xfe,
    0xb0, 0xa0, 0x53, 0xfe, 0xb0, 0xa2, 0x51, 0xf8, 0xbc, 0xac, 0x56, 0xff, 0xb3, 0xa5, 0x52, 0xb3,
    0xaa, 0xaa, 0x55, 0x09, 0xff, 0xff, 0x7f, 0x02, 0xb6, 0xb6, 0x6d, 0x07, 0xff, 0xff, 0xaa, 0x03,
    0xbf, 0x9f, 0x5f, 0x08, 0x00, 0x00, 0x00, 0x00, 0xaf, 0xa7, 0x57, 0x20, 0xb4, 0xa5, 0x54, 0xd4,
    0xb9, 0xa9, 0x55, 0xff, 0xaf, 0xa0, 0x50, 0xfa, 0xae, 0x9f, 0x51, 0xfe, 0xaf, 0x9f, 0x52, 0xfe,
    0xae, 0xa0, 0x51, 0xfe, 0xae, 0x9f, 0x53, 0xfe, 0xae, 0x9f, 0x53, 0xfe, 0xad, 0x9e, 0x52, 0xfe,
    0xad, 0x9e, 0x52, 0xfe, 0xae, 0x9f, 0x52, 0xfe, 0xae, 0xa0, 0x51, 0xfe, 0xaf, 0x9f, 0x52, 0xfe,
    0xae, 0x9f, 0x53, 0xfe, 0xae, 0x9f, 0x53, 0xfe, 0xae, 0x9f, 0x53, 0xfe, 0xae, 0xa0, 0x52, 0xfd,
    0xaf, 0xa0, 0x52, 0xfb, 0xb8, 0xa9, 0x57, 0xff, 0xaf, 0xa1, 0x53, 0x7d, 0x00, 0x00, 0x00, 0x00,
    0xaa, 0xaa, 0x55, 0x06, 0xaa, 0xaa, 0x55, 0x03, 0xaa, 0xaa, 0x55, 0x03, 0x7f, 0x7f, 0x7f, 0x02,
    0x7f, 0x7f, 0x7f, 0x02, 0x7f, 0x7f, 0x7f, 0x02, 0xb6, 0x91, 0x48, 0x07, 0x00, 0x00, 0x00, 0x00,
    0xb1, 0xa2, 0x53, 0x8a, 0xb9, 0xaa, 0x55, 0xff, 0xad, 0x9e, 0x52, 0xfa, 0xad, 0x9e, 0x52, 0xfe,
    0xad, 0x9e, 0x51, 0xfe, 0xad, 0x9f, 0x51, 0xfe, 0xad, 0x9e, 0x52, 0xfe, 0xad, 0x9e, 0x52, 0xfe,
    0xad, 0x9e, 0x52, 0xfe, 0xad, 0x9e, 0x52, 0xfe, 0xae, 0xa0, 0x52, 0xfe, 0xae, 0xa0, 0x52, 0xfa,
    0xbb, 0xaa, 0x56, 0xff, 0xb0, 0xa1, 0x4e, 0x85, 0x00, 0x00, 0x00, 0x00, 0xbf, 0x7f, 0x3f, 0x04,
    0x00, 0x00, 0x00, 0x00, 0x00, 0x00, 0x00, 0x00, 0x00, 0x00, 0x00, 0x00, 0x00, 0x00, 0x00, 0x00,
    0x00, 0x00, 0x00, 0x00, 0x00, 0x00, 0x00, 0x00, 0x00, 0x00, 0x00, 0x00, 0x00, 0x00, 0x00, 0x00,
    0x00, 0x00, 0x00, 0x00, 0x00, 0x00, 0x00, 0x00, 0x00, 0x00, 0x00, 0x00, 0x00, 0x00, 0x00, 0x00,
    0x00, 0x00, 0x00, 0x00, 0x00, 0x00, 0x00, 0x00, 0x00, 0x00, 0x00, 0x00, 0x00, 0x00, 0x00, 0x00,
    0x00, 0x00, 0x00, 0x00, 0x00, 0x00, 0x00, 0x00, 0x00, 0x00, 0x00, 0x00, 0x00, 0x00, 0x00, 0x00,
    0x00, 0x00, 0x00, 0x00, 0x00, 0x00, 0x00, 0x00, 0x00, 0x00, 0x00, 0x00, 0x00, 0x00, 0x00, 0x00,
    0x00, 0x00, 0x00, 0x00, 0x00, 0x00, 0x00, 0x00, 0x00, 0x00, 0x00, 0x00, 0x00, 0x00, 0x00, 0x00,
    0x00, 0x00, 0x00, 0x00, 0x00, 0x00, 0x00, 0x00, 0x00, 0x00, 0x00, 0x00, 0x00, 0x00, 0x00, 0x00,
    0x00, 0x00, 0x00, 0x00, 0x00, 0x00, 0x00, 0x00, 0x00, 0x00, 0x00, 0x00, 0x00, 0x00, 0x00, 0x00,
    0x00, 0x00, 0x00, 0x00, 0x00, 0x00, 0x00, 0x00, 0x00, 0x00, 0x00, 0x00, 0x00, 0x00, 0x00, 0x00,
    0x00, 0x00, 0x00, 0x00, 0x00, 0x00, 0x00, 0x00, 0x00, 0x00, 0x00, 0x00, 0x00, 0x00, 0x00, 0x00,
    0x00, 0x00, 0x00, 0x00, 0x00, 0x00, 0x00, 0x00, 0x00, 0x00, 0x00, 0x00, 0x00, 0x00, 0x00, 0x00,
    0x00, 0x00, 0x00, 0x00, 0xab, 0xa0, 0x53, 0x2e, 0xad, 0xa2, 0x54, 0x5b, 0xaf, 0xa0, 0x52, 0x66,
    0xb2, 0xa3, 0x54, 0x67, 0xb2, 0xa1, 0x54, 0x6a, 0xb1, 0xa0, 0x52, 0x69, 0xb2, 0xa1, 0x53, 0x68,
    0xb5, 0xa4, 0x55, 0x68, 0xb4, 0xa6, 0x55, 0x48, 0xff, 0xff, 0xff, 0x01, 0x00, 0x00, 0x00, 0x00,
    0xff, 0x7f, 0x00, 0x02, 0xff, 0xff, 0x00, 0x01, 0xff, 0xff, 0x00, 0x01, 0x00, 0x00, 0x00, 0x00,
    0x00, 0x00, 0x00, 0x00, 0x00, 0x00, 0x00, 0x00, 0x00, 0x00, 0x00, 0x00, 0x00, 0x00, 0x00, 0x00,
    0x00, 0x00, 0x00, 0x00, 0x00, 0x00, 0x00, 0x00, 0x00, 0x00, 0x00, 0x00, 0x00, 0x00, 0x00, 0x00,
    0x00, 0x00, 0x00, 0x00, 0x00, 0x00, 0x00, 0x00, 0xff, 0xff, 0x00, 0x01, 0xff, 0xff, 0x00, 0x01,
    0xff, 0xff, 0x00, 0x01, 0xaa, 0xaa, 0x55, 0x03, 0xff, 0xff, 0x00, 0x01, 0xbf, 0x9f, 0x5f, 0x08,
    0xb3, 0xa2, 0x52, 0xb3, 0xbb, 0xac, 0x56, 0xff, 0xb0, 0xa1, 0x51, 0xf9, 0xaf, 0xa0, 0x53, 0xfe,
    0xaf, 0xa0, 0x54, 0xfe, 0xaf, 0xa1, 0x53, 0xfe, 0xaf, 0xa0, 0x54, 0xfe, 0xaf, 0xa0, 0x54, 0xfe,
    0xaf, 0xa1, 0x52, 0xfe, 0xaf, 0xa0, 0x54, 0xfe, 0xaf, 0xa1, 0x53, 0xfe, 0xaf, 0xa1, 0x53, 0xfe,
    0xaf, 0xa0, 0x54, 0xfe, 0xaf, 0xa0, 0x54, 0xfe, 0xaf, 0xa0, 0x51, 0xf9, 0xbc, 0xad, 0x56, 0xff,
    0xb3, 0xa3, 0x54, 0xb6, 0xaa, 0xaa, 0x55, 0x06, 0xaa, 0xaa, 0x55, 0x03, 0xd4, 0xaa, 0x7f, 0x06,
    0xff, 0xff, 0xaa, 0x03, 0xbf, 0xbf, 0x5f, 0x08, 0x00, 0x00, 0x00, 0x00, 0xac, 0x9f, 0x59, 0x28,
    0xb5, 0xa6, 0x54, 0xdd, 0xb9, 0xa9, 0x56, 0xff, 0xae, 0x9f, 0x52, 0xfb, 0xae, 0xa0, 0x51, 0xfe,
    0xae, 0xa0, 0x51, 0xfe, 0xad, 0x9f, 0x51, 0xfe, 0xae, 0xa0, 0x51, 0xfe, 0xae, 0x9f, 0x53, 0xfe,
    0xae, 0x9f, 0x53, 0xfe, 0xad, 0x9f, 0x52, 0xfe, 0xad, 0x9f, 0x51, 0xfe, 0xae, 0x9f, 0x53, 0xfe,
    0xae, 0x9f, 0x51, 0xfe, 0xae, 0xa0, 0x52, 0xfe, 0xae, 0x9f, 0x53, 0xfe, 0xae, 0x9f, 0x53, 0xfe,
    0xae, 0x9f, 0x53, 0xfd, 0xaf, 0xa0, 0x52, 0xfb, 0xb8, 0xa9, 0x56, 0xff, 0xb1, 0x9f, 0x54, 0x76,
    0x00, 0x00, 0x00, 0x00, 0xaa, 0xaa, 0x55, 0x06, 0x55, 0x55, 0x55, 0x03, 0x7f, 0x7f, 0x7f, 0x02,
    0x7f, 0x7f, 0x7f, 0x02, 0x7f, 0x7f, 0x7f, 0x02, 0x7f, 0x7f, 0x7f, 0x02, 0x7f, 0x7f, 0x7f, 0x02,
    0xaa, 0x7f, 0x55, 0x06, 0x00, 0x00, 0x00, 0x00, 0xb3, 0xa2, 0x53, 0x8d, 0xb9, 0xaa, 0x56, 0xff,
    0xad, 0x9e, 0x52, 0xfa, 0xad, 0x9e, 0x52, 0xfe, 0xad, 0x9e, 0x51, 0xfe, 0xad, 0x9f, 0x50, 0xfe,
    0xad, 0x9e, 0x52, 0xfe, 0xad, 0x9e, 0x51, 0xfe, 0xad, 0x9e, 0x51, 0xfe, 0xad, 0x9e, 0x52, 0xfe,
    0xad, 0x9f, 0x52, 0xfe, 0xad, 0x9e, 0x52, 0xfa, 0xba, 0xaa, 0x56, 0xff, 0xae, 0xa1, 0x50, 0x85,
    0x00, 0x00, 0x00, 0x00, 0xbf, 0xbf, 0x3f, 0x04, 0x00, 0x00, 0x00, 0x00, 0x00, 0x00, 0x00, 0x00,
    0x00, 0x00, 0x00, 0x00, 0x00, 0x00, 0x00, 0x00, 0x00, 0x00, 0x00, 0x00, 0x00, 0x00, 0x00, 0x00,
    0x00, 0x00, 0x00, 0x00, 0x00, 0x00, 0x00, 0x00, 0x00, 0x00, 0x00, 0x00, 0x00, 0x00, 0x00, 0x00,
    0x00, 0x00, 0x00, 0x00, 0x00, 0x00, 0x00, 0x00, 0x00, 0x00, 0x00, 0x00, 0x00, 0x00, 0x00, 0x00,
    0x00, 0x00, 0x00, 0x00, 0x00, 0x00, 0x00, 0x00, 0x00, 0x00, 0x00, 0x00, 0x00, 0x00, 0x00, 0x00,
    0x00, 0x00, 0x00, 0x00, 0x00, 0x00, 0x00, 0x00, 0x00, 0x00, 0x00, 0x00, 0x00, 0x00, 0x00, 0x00,
    0x00, 0x00, 0x00, 0x00, 0x00, 0x00, 0x00, 0x00, 0x00, 0x00, 0x00, 0x00, 0x00, 0x00, 0x00, 0x00,
    0x00, 0x00, 0x00, 0x00, 0x00, 0x00, 0x00, 0x00, 0x00, 0x00, 0x00, 0x00, 0x00, 0x00, 0x00, 0x00,
    0x00, 0x00, 0x00, 0x00, 0x00, 0x00, 0x00, 0x00, 0x00, 0x00, 0x00, 0x00, 0x00, 0x00, 0x00, 0x00,
    0x00, 0x00, 0x00, 0x00, 0x00, 0x00, 0x00, 0x00, 0x00, 0x00, 0x00, 0x00, 0x00, 0x00, 0x00, 0x00,
    0x00, 0x00, 0x00, 0x00, 0x00, 0x00, 0x00, 0x00, 0x00, 0x00, 0x00, 0x00, 0x00, 0x00, 0x00, 0x00,
    0x00, 0x00, 0x00, 0x00, 0x00, 0x00, 0x00, 0x00, 0x00, 0x00, 0x00, 0x00, 0xff, 0xff, 0x00, 0x01,
    0xff, 0x7f, 0x7f, 0x02, 0xb6, 0xb6, 0x6d, 0x07, 0xad, 0x9e, 0x50, 0x99, 0xb0, 0xa1, 0x51, 0xfb,
    0xb6, 0xa7, 0x54, 0xff, 0xb8, 0xa9, 0x54, 0xff, 0xb9, 0xa9, 0x55, 0xff, 0xba, 0xa9, 0x54, 0xff,
    0xba, 0xa8, 0x54, 0xff, 0xba, 0xa8, 0x54, 0xff, 0xba, 0xa9, 0x53, 0xff, 0xbc, 0xaa, 0x56, 0xff,
    0xb0, 0x9f, 0x51, 0xb0, 0xaa, 0xaa, 0x55, 0x09, 0xff, 0xff, 0x7f, 0x02, 0x7f, 0x7f, 0x00, 0x02,
    0xff, 0xff, 0x00, 0x01, 0x00, 0x00, 0x00, 0x00, 0x00, 0x00, 0x00, 0x00, 0x00, 0x00, 0x00, 0x00,
    0x00, 0x00, 0x00, 0x00, 0x00, 0x00, 0x00, 0x00, 0x00, 0x00, 0x00, 0x00, 0x00, 0x00, 0x00, 0x00,
    0x00, 0x00, 0x00, 0x00, 0x00, 0x00, 0x00, 0x00, 0x00, 0x00, 0x00, 0x00, 0xff, 0xff, 0x00, 0x01,
    0xff, 0xff, 0x00, 0x01, 0xff, 0xff, 0x00, 0x01, 0xff, 0xaa, 0x55, 0x03, 0x00, 0x00, 0x00, 0x00,
    0xb2, 0xb2, 0x4c, 0x0a, 0xb3, 0xa5, 0x55, 0xb7, 0xbb, 0xac, 0x56, 0xff, 0xb0, 0xa0, 0x50, 0xf8,
    0xb0, 0xa1, 0x51, 0xfd, 0xaf, 0xa1, 0x53, 0xfe, 0xaf, 0xa1, 0x52, 0xfe, 0xaf, 0xa0, 0x53, 0xfe,
    0xaf, 0xa0, 0x54, 0xfe, 0xaf, 0xa0, 0x54, 0xfe, 0xaf, 0xa0, 0x54, 0xfe, 0xaf, 0xa1, 0x53, 0xfe,
    0xaf, 0xa0, 0x53, 0xfe, 0xae, 0xa0, 0x53, 0xfe, 0xae, 0x9f, 0x53, 0xfe, 0xb0, 0xa0, 0x51, 0xf9,
    0xbc, 0xac, 0x56, 0xff, 0xb3, 0xa5, 0x54, 0xb0, 0xaa, 0xaa, 0x55, 0x09, 0xbf, 0xbf, 0x7f, 0x04,
    0xb6, 0x91, 0x6d, 0x07, 0xbf, 0xbf, 0x7f, 0x04, 0xc6, 0xaa, 0x55, 0x09, 0x00, 0x00, 0x00, 0x00,
    0xaf, 0x9e, 0x4f, 0x2d, 0xb5, 0xa6, 0x53, 0xe3, 0xb8, 0xa7, 0x54, 0xff, 0xaf, 0xa0, 0x51, 0xfa,
    0xae, 0xa0, 0x51, 0xfe, 0xae, 0xa0, 0x51, 0xfe, 0xae, 0xa0, 0x51, 0xfe, 0xaf, 0x9f, 0x51, 0xfe,
    0xae, 0xa0, 0x51, 0xfe, 0xae, 0x9f, 0x53, 0xfe, 0xae, 0x9f, 0x53, 0xfe, 0xae, 0x9f, 0x53, 0xfe,
    0xae, 0x9f, 0x52, 0xfe, 0xae, 0x9f, 0x53, 0xfe, 0xae, 0x9f, 0x53, 0xfe, 0xae, 0x9f, 0x53, 0xfe,
    0xae, 0x9f, 0x53, 0xfe, 0xae, 0xa0, 0x52, 0xfd, 0xaf, 0xa1, 0x53, 0xfb, 0xb8, 0xa8, 0x56, 0xff,
    0xb0, 0xa1, 0x52, 0x72, 0x00, 0x00, 0x00, 0x00, 0xaa, 0xaa, 0x55, 0x06, 0x7f, 0x7f, 0x7f, 0x02,
    0xff, 0xff, 0x00, 0x01, 0x7f, 0x7f, 0x7f, 0x02, 0x7f, 0x7f, 0x7f, 0x02, 0xff, 0xff, 0x00, 0x01,
    0xff, 0xff, 0x00, 0x01, 0x7f, 0x7f, 0x7f, 0x02, 0xaa, 0x7f, 0x55, 0x06, 0x00, 0x00, 0x00, 0x00,
    0xb2, 0xa2, 0x53, 0x8c, 0xb9, 0xaa, 0x56, 0xff, 0xad, 0x9e, 0x52, 0xfa, 0xad, 0x9e, 0x52, 0xfe,
    0xad, 0x9e, 0x52, 0xfe, 0xad, 0x9e, 0x51, 0xfe, 0xad, 0x9e, 0x52, 0xfe, 0xad, 0x9e, 0x52, 0xfe,
    0xad, 0x9e, 0x51, 0xfe, 0xad, 0x9e, 0x52, 0xfe, 0xad, 0x9e, 0x52, 0xfe, 0xad, 0x9e, 0x52, 0xfa,
    0xb9, 0xa9, 0x56, 0xff, 0xae, 0x9e, 0x50, 0x82, 0x00, 0x00, 0x00, 0x00, 0xbf, 0xbf, 0x3f, 0x04,
    0x00, 0x00, 0x00, 0x00, 0x00, 0x00, 0x00, 0x00, 0x00, 0x00, 0x00, 0x00, 0x00, 0x00, 0x00, 0x00,
    0x00, 0x00, 0x00, 0x00, 0x00, 0x00, 0x00, 0x00, 0x00, 0x00, 0x00, 0x00, 0x00, 0x00, 0x00, 0x00,
    0x00, 0x00, 0x00, 0x00, 0x00, 0x00, 0x00, 0x00, 0x00, 0x00, 0x00, 0x00, 0x00, 0x00, 0x00, 0x00,
    0x00, 0x00, 0x00, 0x00, 0x00, 0x00, 0x00, 0x00, 0x00, 0x00, 0x00, 0x00, 0x00, 0x00, 0x00, 0x00,
    0x00, 0x00, 0x00, 0x00, 0x00, 0x00, 0x00, 0x00, 0x00, 0x00, 0x00, 0x00, 0x00, 0x00, 0x00, 0x00,
    0x00, 0x00, 0x00, 0x00, 0x00, 0x00, 0x00, 0x00, 0x00, 0x00, 0x00, 0x00, 0x00, 0x00, 0x00, 0x00,
    0x00, 0x00, 0x00, 0x00, 0x00, 0x00, 0x00, 0x00, 0x00, 0x00, 0x00, 0x00, 0x00, 0x00, 0x00, 0x00,
    0x00, 0x00, 0x00, 0x00, 0x00, 0x00, 0x00, 0x00, 0x00, 0x00, 0x00, 0x00, 0x00, 0x00, 0x00, 0x00,
    0x00, 0x00, 0x00, 0x00, 0x00, 0x00, 0x00, 0x00, 0x00, 0x00, 0x00, 0x00, 0x00, 0x00, 0x00, 0x00,
    0x00, 0x00, 0x00, 0x00, 0x00, 0x00, 0x00, 0x00, 0x00, 0x00, 0x00, 0x00, 0x00, 0x00, 0x00, 0x00,
    0x00, 0x00, 0x00, 0x00, 0x00, 0x00, 0x00, 0x00, 0x00, 0x00, 0x00, 0x00, 0x00, 0x00, 0x00, 0x00,
    0x00, 0x00, 0x00, 0x00, 0xaa, 0xaa, 0x55, 0x03, 0x00, 0x00, 0x00, 0x00, 0xab, 0x9d, 0x4e, 0x9b,
    0xbe, 0xae, 0x56, 0xff, 0xae, 0x9f, 0x4f, 0xfc, 0xaf, 0xa0, 0x51, 0xfa, 0xad, 0xa0, 0x51, 0xfb,
    0xae, 0xa1, 0x51, 0xfa, 0xae, 0xa0, 0x4f, 0xfa, 0xae, 0x9f, 0x4f, 0xfa, 0xaf, 0x9f, 0x50, 0xfa,
    0xb0, 0x9f, 0x50, 0xfa, 0xb0, 0xa0, 0x4f, 0xf8, 0xbd, 0xad, 0x55, 0xff, 0xb2, 0xa2, 0x54, 0x61,
    0x00, 0x00, 0x00, 0x00, 0xcc, 0x99, 0x33, 0x05, 0xff, 0xff, 0x00, 0x01, 0xff, 0xff, 0x00, 0x01,
    0x00, 0x00, 0x00, 0x00, 0x00, 0x00, 0x00, 0x00, 0x00, 0x00, 0x00, 0x00, 0x00, 0x00, 0x00, 0x00,
    0x00, 0x00, 0x00, 0x00, 0x00, 0x00, 0x00, 0x00, 0x00, 0x00, 0x00, 0x00, 0x00, 0x00, 0x00, 0x00,
    0xff, 0xff, 0x00, 0x01, 0xff, 0xff, 0x00, 0x01, 0xff, 0xff, 0x00, 0x01, 0xbf, 0x7f, 0x3f, 0x04,
    0x00, 0x00, 0x00, 0x00, 0xaa, 0xaa, 0x6a, 0x0c, 0xb3, 0xa4, 0x54, 0xbc, 0xbb, 0xad, 0x57, 0xff,
    0xae, 0xa0, 0x52, 0xfa, 0xae, 0x9f, 0x53, 0xfe, 0xaf, 0xa0, 0x53, 0xfe, 0xaf, 0xa1, 0x52, 0xfe,
    0xaf, 0xa0, 0x53, 0xfe, 0xaf, 0xa1, 0x53, 0xfe, 0xaf, 0xa0, 0x54, 0xfe, 0xaf, 0xa1, 0x52, 0xfe,
    0xaf, 0xa0, 0x54, 0xfe, 0xaf, 0xa0, 0x54, 0xfe, 0xaf, 0xa1, 0x52, 0xfe, 0xae, 0x9f, 0x53, 0xfe,
    0xae, 0x9f, 0x50, 0xf9, 0xbb, 0xab, 0x56, 0xff, 0xb3, 0xa3, 0x54, 0xb0, 0xcc, 0x99, 0x66, 0x05,
    0xbf, 0x7f, 0x3f, 0x04, 0xb6, 0x91, 0x6d, 0x07, 0xcc, 0x99, 0x66, 0x05, 0xb2, 0x99, 0x4c, 0x0a,
    0x00, 0x00, 0x00, 0x00, 0xb0, 0xa1, 0x53, 0x34, 0xb5, 0xa4, 0x52, 0xe8, 0xb6, 0xa7, 0x54, 0xff,
    0xaf, 0xa0, 0x51, 0xfb, 0xaf, 0xa0, 0x51, 0xfe, 0xae, 0xa0, 0x51, 0xfe, 0xb0, 0x9f, 0x53, 0xfe,
    0xae, 0xa0, 0x51, 0xfe, 0xaf, 0xa0, 0x51, 0xfe, 0xae, 0x9f, 0x53, 0xfe, 0xae, 0xa0, 0x51, 0xfe,
    0xae, 0x9f, 0x53, 0xfe, 0xae, 0x9f, 0x53, 0xfe, 0xae, 0x9f, 0x53, 0xfe, 0xae, 0x9f, 0x53, 0xfe,
    0xae, 0x9f, 0x53, 0xfe, 0xae, 0x9f, 0x53, 0xfe, 0xae, 0x9f, 0x53, 0xfd, 0xaf, 0xa1, 0x53, 0xfb,
    0xb7, 0xa8, 0x55, 0xff, 0xb0, 0xa0, 0x53, 0x71, 0x00, 0x00, 0x00, 0x00, 0xaa, 0xaa, 0x55, 0x06,
    0x7f, 0x7f, 0x7f, 0x02, 0xff, 0xff, 0x00, 0x01, 0xff, 0xff, 0x00, 0x01, 0xff, 0xff, 0x00, 0x01,
    0xff, 0xff, 0x00, 0x01, 0xff, 0xff, 0x00, 0x01, 0xff, 0xff, 0x00, 0x01, 0xff, 0xff, 0x00, 0x01,
    0xaa, 0x7f, 0x55, 0x06, 0x00, 0x00, 0x00, 0x00, 0xb1, 0xa0, 0x53, 0x8a, 0xb9, 0xaa, 0x55, 0xff,
    0xad, 0x9f, 0x52, 0xfa, 0xad, 0x9e, 0x51, 0xfe, 0xad, 0x9f, 0x50, 0xfe, 0xad, 0x9d, 0x52, 0xfe,
    0xad, 0x9e, 0x51, 0xfe, 0xad, 0x9f, 0x51, 0xfe, 0xad, 0x9e, 0x52, 0xfe, 0xad, 0x9e, 0x52, 0xfe,
    0xad, 0x9e, 0x51, 0xfe, 0xae, 0xa0, 0x4f, 0xf9, 0xba, 0xa9, 0x55, 0xff, 0xae, 0x9e, 0x4e, 0x82,
    0x00, 0x00, 0x00, 0x00, 0xbf, 0xbf, 0x3f, 0x04, 0x00, 0x00, 0x00, 0x00, 0x00, 0x00, 0x00, 0x00,
    0x00, 0x00, 0x00, 0x00, 0x00, 0x00, 0x00, 0x00, 0x00, 0x00, 0x00, 0x00, 0x00, 0x00, 0x00, 0x00,
    0x00, 0x00, 0x00, 0x00, 0x00, 0x00, 0x00, 0x00, 0x00, 0x00, 0x00, 0x00, 0x00, 0x00, 0x00, 0x00,
    0x00, 0x00, 0x00, 0x00, 0x00, 0x00, 0x00, 0x00, 0x00, 0x00, 0x00, 0x00, 0x00, 0x00, 0x00, 0x00,
    0x00, 0x00, 0x00, 0x00, 0x00, 0x00, 0x00, 0x00, 0x00, 0x00, 0x00, 0x00, 0x00, 0x00, 0x00, 0x00,
    0x00, 0x00, 0x00, 0x00, 0x00, 0x00, 0x00, 0x00, 0x00, 0x00, 0x00, 0x00, 0x00, 0x00, 0x00, 0x00,
    0x00, 0x00, 0x00, 0x00, 0x00, 0x00, 0x00, 0x00, 0x00, 0x00, 0x00, 0x00, 0x00, 0x00, 0x00, 0x00,
    0x00, 0x00, 0x00, 0x00, 0x00, 0x00, 0x00, 0x00, 0x00, 0x00, 0x00, 0x00, 0x00, 0x00, 0x00, 0x00,
    0x00, 0x00, 0x00, 0x00, 0x00, 0x00, 0x00, 0x00, 0x00, 0x00, 0x00, 0x00, 0x00, 0x00, 0x00, 0x00,
    0x00, 0x00, 0x00, 0x00, 0x00, 0x00, 0x00, 0x00, 0x00, 0x00, 0x00, 0x00, 0x00, 0x00, 0x00, 0x00,
    0x00, 0x00, 0x00, 0x00, 0x00, 0x00, 0x00, 0x00, 0x00, 0x00, 0x00, 0x00, 0x00, 0x00, 0x00, 0x00,
    0x00, 0x00, 0x00, 0x00, 0x00, 0x00, 0x00, 0x00, 0x7f, 0x7f, 0x7f, 0x02, 0x00, 0x00, 0x00, 0x00,
    0xab, 0xa0, 0x53, 0x2e, 0xae, 0xa0, 0x50, 0xfe, 0xaf, 0xa0, 0x50, 0xfa, 0xad, 0x9f, 0x50, 0xfd,
    0xae, 0x9f, 0x53, 0xfe, 0xaf, 0xa0, 0x51, 0xfe, 0xaf, 0x9f, 0x51, 0xfe, 0xad, 0x9f, 0x50, 0xfe,
    0xae, 0x9f, 0x50, 0xfe, 0xae, 0x9f, 0x51, 0xfe, 0xaf, 0x9f, 0x51, 0xfe, 0xb1, 0xa0, 0x4f, 0xf9,
    0xbb, 0xaa, 0x54, 0xfd, 0xb1, 0xa1, 0x52, 0x8b, 0x00, 0x00, 0x00, 0x00, 0xcc, 0x99, 0x33, 0x05,
    0xff, 0xff, 0x00, 0x01, 0x00, 0x00, 0x00, 0x00, 0x00, 0x00, 0x00, 0x00, 0x00, 0x00, 0x00, 0x00,
    0x00, 0x00, 0x00, 0x00, 0x00, 0x00, 0x00, 0x00, 0x00, 0x00, 0x00, 0x00, 0x00, 0x00, 0x00, 0x00,
    0x00, 0x00, 0x00, 0x00, 0x00, 0x00, 0x00, 0x00, 0xff, 0xff, 0x00, 0x01, 0xff, 0xff, 0x00, 0x01,
    0xbf, 0xbf, 0x3f, 0x04, 0x00, 0x00, 0x00, 0x00, 0xb4, 0x96, 0x5a, 0x11, 0xb5, 0xa5, 0x53, 0xc1,
    0xbb, 0xac, 0x56, 0xff, 0xaf, 0xa1, 0x51, 0xf9, 0xaf, 0xa1, 0x52, 0xfe, 0xaf, 0xa1, 0x52, 0xfe,
    0xaf, 0xa1, 0x52, 0xfe, 0xaf, 0xa0, 0x53, 0xfe, 0xb0, 0xa0, 0x53, 0xfe, 0xaf, 0xa1, 0x52, 0xfe,
    0xaf, 0xa0, 0x54, 0xfe, 0xae, 0x9f, 0x53, 0xfe, 0xae, 0x9f, 0x53, 0xfe, 0xaf, 0xa0, 0x52, 0xfe,
    0xaf, 0xa0, 0x53, 0xfe, 0xae, 0xa0, 0x51, 0xf9, 0xbb, 0xab, 0x56, 0xff, 0xb3, 0xa2, 0x54, 0xa9,
    0xbf, 0x7f, 0x7f, 0x04, 0x99, 0x99, 0x66, 0x05, 0xb6, 0x91, 0x6d, 0x07, 0xcc, 0x99, 0x66, 0x05,
    0xb2, 0x99, 0x4c, 0x0a, 0x00, 0x00, 0x00, 0x00, 0xb2, 0xa1, 0x55, 0x39, 0xb5, 0xa6, 0x54, 0xec,
    0xb5, 0xa5, 0x52, 0xff, 0xae, 0xa0, 0x50, 0xfb, 0xaf, 0xa0, 0x51, 0xfe, 0xae, 0xa0, 0x51, 0xfe,
    0xae, 0xa0, 0x51, 0xfe, 0xb0, 0x9f, 0x53, 0xfe, 0xae, 0x9f, 0x53, 0xfe, 0xae, 0xa0, 0x51, 0xfe,
    0xae, 0x9f, 0x53, 0xfe, 0xae, 0xa0, 0x51, 0xfe, 0xae, 0x9f, 0x53, 0xfe, 0xae, 0xa0, 0x51, 0xfe,
    0xae, 0x9f, 0x53, 0xfe, 0xae, 0x9f, 0x53, 0xfe, 0xae, 0x9f, 0x53, 0xfe, 0xae, 0x9f, 0x53, 0xfd,
    0xb0, 0xa0, 0x53, 0xfc, 0xb8, 0xa8, 0x57, 0xff, 0xae, 0xa0, 0x55, 0x6c, 0x00, 0x00, 0x00, 0x00,
    0xaa, 0xaa, 0x55, 0x06, 0x7f, 0x7f, 0x00, 0x02, 0xff, 0xff, 0x00, 0x01, 0xff, 0xff, 0x00, 0x01,
    0xff, 0xff, 0x00, 0x01, 0xff, 0xff, 0x00, 0x01, 0xff, 0xff, 0x00, 0x01, 0xff, 0xff, 0x00, 0x01,
    0xff, 0xff, 0x00, 0x01, 0xff, 0xff, 0x00, 0x01, 0xaa, 0x7f, 0x55, 0x06, 0x00, 0x00, 0x00, 0x00,
    0xb1, 0xa1, 0x50, 0x8b, 0xb9, 0xa9, 0x54, 0xff, 0xad, 0x9f, 0x52, 0xfa, 0xad, 0x9e, 0x52, 0xfe,
    0xad, 0x9e, 0x51, 0xfe, 0xac, 0x9d, 0x50, 0xfe, 0xad, 0x9e, 0x51, 0xfe, 0xad, 0x9f, 0x51, 0xfe,
    0xad, 0x9e, 0x52, 0xfe, 0xad, 0x9e, 0x53, 0xfe, 0xaf, 0x9f, 0x52, 0xfe, 0xb0, 0x9f, 0x4f, 0xf9,
    0xbb, 0xa9, 0x53, 0xff, 0xae, 0x9f, 0x4e, 0x85, 0x00, 0x00, 0x00, 0x00, 0xbf, 0xbf, 0x3f, 0x04,
    0x00, 0x00, 0x00, 0x00, 0x00, 0x00, 0x00, 0x00, 0x00, 0x00, 0x00, 0x00, 0x00, 0x00, 0x00, 0x00,
    0x00, 0x00, 0x00, 0x00, 0x00, 0x00, 0x00, 0x00, 0x00, 0x00, 0x00, 0x00, 0x00, 0x00, 0x00, 0x00,
    0x00, 0x00, 0x00, 0x00, 0x00, 0x00, 0x00, 0x00, 0x00, 0x00, 0x00, 0x00, 0x00, 0x00, 0x00, 0x00,
    0x00, 0x00, 0x00, 0x00, 0x00, 0x00, 0x00, 0x00, 0x00, 0x00, 0x00, 0x00, 0x00, 0x00, 0x00, 0x00,
    0x00, 0x00, 0x00, 0x00, 0x00, 0x00, 0x00, 0x00, 0x00, 0x00, 0x00, 0x00, 0x00, 0x00, 0x00, 0x00,
    0x00, 0x00, 0x00, 0x00, 0x00, 0x00, 0x00, 0x00, 0x00, 0x00, 0x00, 0x00, 0x00, 0x00, 0x00, 0x00,
    0x00, 0x00, 0x00, 0x00, 0x00, 0x00, 0x00, 0x00, 0x00, 0x00, 0x00, 0x00, 0x00, 0x00, 0x00, 0x00,
    0x00, 0x00, 0x00, 0x00, 0x00, 0x00, 0x00, 0x00, 0x00, 0x00, 0x00, 0x00, 0x00, 0x00, 0x00, 0x00,
    0x00, 0x00, 0x00, 0x00, 0x00, 0x00, 0x00, 0x00, 0x00, 0x00, 0x00, 0x00, 0x00, 0x00, 0x00, 0x00,
    0x00, 0x00, 0x00, 0x00, 0x00, 0x00, 0x00, 0x00, 0x00, 0x00, 0x00, 0x00, 0x00, 0x00, 0x00, 0x00,
    0x00, 0x00, 0x00, 0x00, 0x00, 0x00, 0x00, 0x00, 0x00, 0x00, 0x00, 0x00, 0x00, 0x00, 0x00, 0x00,
    0xbf, 0xbf, 0x3f, 0x04, 0x00, 0x00, 0x00, 0x00, 0xae, 0xa0, 0x52, 0x6f, 0xb8, 0xa8, 0x56, 0xff,
    0xae, 0x9f, 0x50, 0xf9, 0xad, 0x9f, 0x51, 0xfe, 0xad, 0x9f, 0x51, 0xfe, 0xad, 0x9e, 0x51, 0xfe,
    0xad, 0x9f, 0x50, 0xfe, 0xad, 0x9f, 0x50, 0xfe, 0xad, 0x9f, 0x50, 0xfe, 0xaf, 0x9f, 0x51, 0xfe,
    0xaf, 0x9f, 0x51, 0xfe, 0xb0, 0xa1, 0x4f, 0xf9, 0xbb, 0xab, 0x55, 0xff, 0xb2, 0xa3, 0x52, 0x88,
    0x00, 0x00, 0x00, 0x00, 0xcc, 0x99, 0x33, 0x05, 0xff, 0xff, 0x00, 0x01, 0xff, 0xff, 0x00, 0x01,
    0x00, 0x00, 0x00, 0x00, 0x00, 0x00, 0x00, 0x00, 0x00, 0x00, 0x00, 0x00, 0x00, 0x00, 0x00, 0x00,
    0xff, 0xff, 0x00, 0x01, 0xff, 0xff, 0x00, 0x01, 0x00, 0x00, 0x00, 0x00, 0xff, 0xff, 0x00, 0x01,
    0xff, 0xff, 0x00, 0x01, 0xbf, 0xbf, 0x3f, 0x04, 0x00, 0x00, 0x00, 0x00, 0xa5, 0xa5, 0x5a, 0x11,
    0xb4, 0xa4, 0x53, 0xc9, 0xbb, 0xac, 0x55, 0xff, 0xae, 0xa1, 0x51, 0xfa, 0xaf, 0xa1, 0x52, 0xfe,
    0xaf, 0xa1, 0x52, 0xfe, 0xaf, 0xa1, 0x52, 0xfe, 0xaf, 0xa0, 0x53, 0xfe, 0xaf, 0xa0, 0x53, 0xfe,
    0xaf, 0xa1, 0x52, 0xfe, 0xaf, 0xa1, 0x52, 0xfe, 0xb1, 0xa0, 0x54, 0xfe, 0xae, 0x9f, 0x53, 0xfe,
    0xae, 0xa0, 0x51, 0xfe, 0xae, 0x9f, 0x52, 0xfe, 0xae, 0x9f, 0x52, 0xfa, 0xba, 0xab, 0x57, 0xff,
    0xb2, 0xa2, 0x53, 0xae, 0xbf, 0xbf, 0x7f, 0x04, 0xbf, 0xbf, 0x7f, 0x04, 0xd4, 0xaa, 0x7f, 0x06,
    0xbf, 0xbf, 0x7f, 0x04, 0xc6, 0xaa, 0x55, 0x09, 0x00, 0x00, 0x00, 0x00, 0xaf, 0x9f, 0x53, 0x40,
    0xb5, 0xa5, 0x53, 0xf0, 0xb4, 0xa5, 0x53, 0xff, 0xae, 0xa0, 0x51, 0xfb, 0xae, 0xa0, 0x51, 0xfe,
    0xae, 0x9f, 0x52, 0xfe, 0xb0, 0x9f, 0x52, 0xfe, 0xaf, 0x9f, 0x52, 0xfe, 0xae, 0x9f, 0x53, 0xfe,
    0xae, 0xa0, 0x51, 0xfe, 0xae, 0x9f, 0x53, 0xfe, 0xb0, 0x9f, 0x51, 0xfe, 0xae, 0x9f, 0x53, 0xfe,
    0xae, 0xa0, 0x51, 0xfe, 0xae, 0x9f, 0x52, 0xfe, 0xae, 0xa0, 0x51, 0xfe, 0xae, 0x9f, 0x53, 0xfe,
    0xad, 0x9e, 0x52, 0xfd, 0xb0, 0xa0, 0x52, 0xfc, 0xb8, 0xa7, 0x56, 0xff, 0xb1, 0xa1, 0x56, 0x6d,
    0x00, 0x00, 0x00, 0x00, 0xaa, 0xaa, 0x55, 0x06, 0xff, 0xff, 0x00, 0x01, 0xff, 0xff, 0x00, 0x01,
    0xff, 0xff, 0x00, 0x01, 0xff, 0xff, 0x00, 0x01, 0xff, 0xff, 0x00, 0x01, 0xff, 0xff, 0x00, 0x01,
    0xff, 0xff, 0x00, 0x01, 0xff, 0xff, 0x00, 0x01, 0xff, 0xff, 0x00, 0x01, 0xff, 0xff, 0x00, 0x01,
    0xaa, 0x7f, 0x55, 0x06, 0x00, 0x00, 0x00, 0x00, 0xb1, 0xa3, 0x54, 0x8b, 0xb9, 0xaa, 0x56, 0xff,
    0xad, 0x9f, 0x52, 0xfa, 0xad, 0x9e, 0x52, 0xfe, 0xac, 0x9d, 0x51, 0xfe, 0xac, 0x9d, 0x51, 0xfe,
    0xad, 0x9e, 0x52, 0xfe, 0xad, 0x9e, 0x52, 0xfe, 0xad, 0x9e, 0x52, 0xfe, 0xad, 0x9f, 0x52, 0xfe,
    0xae, 0xa0, 0x51, 0xfe, 0xaf, 0xa0, 0x50, 0xf9, 0xba, 0xa9, 0x54, 0xff, 0xac, 0x9d, 0x4e, 0x85,
    0x00, 0x00, 0x00, 0x00, 0xbf, 0x7f, 0x3f, 0x04, 0x00, 0x00, 0x00, 0x00, 0x00, 0x00, 0x00, 0x00,
    0x00, 0x00, 0x00, 0x00, 0x00, 0x00, 0x00, 0x00, 0x00, 0x00, 0x00, 0x00, 0x00, 0x00, 0x00, 0x00,
    0x00, 0x00, 0x00, 0x00, 0x00, 0x00, 0x00, 0x00, 0x00, 0x00, 0x00, 0x00, 0x00, 0x00, 0x00, 0x00,
    0x00, 0x00, 0x00, 0x00, 0x00, 0x00, 0x00, 0x00, 0x00, 0x00, 0x00, 0x00, 0x00, 0x00, 0x00, 0x00,
    0x00, 0x00, 0x00, 0x00, 0x00, 0x00, 0x00, 0x00, 0x00, 0x00, 0x00, 0x00, 0x00, 0x00, 0x00, 0x00,
    0x00, 0x00, 0x00, 0x00, 0x00, 0x00, 0x00, 0x00, 0x00, 0x00, 0x00, 0x00, 0x00, 0x00, 0x00, 0x00,
    0x00, 0x00, 0x00, 0x00, 0x00, 0x00, 0x00, 0x00, 0x00, 0x00, 0x00, 0x00, 0x00, 0x00, 0x00, 0x00,
    0x00, 0x00, 0x00, 0x00, 0x00, 0x00, 0x00, 0x00, 0x00, 0x00, 0x00, 0x00, 0x00, 0x00, 0x00, 0x00,
    0x00, 0x00, 0x00, 0x00, 0x00, 0x00, 0x00, 0x00, 0x00, 0x00, 0x00, 0x00, 0x00, 0x00, 0x00, 0x00,
    0x00, 0x00, 0x00, 0x00, 0x00, 0x00, 0x00, 0x00, 0x00, 0x00, 0x00, 0x00, 0x00, 0x00, 0x00, 0x00,
    0x00, 0x00, 0x00, 0x00, 0x00, 0x00, 0x00, 0x00, 0x00, 0x00, 0x00, 0x00, 0x00, 0x00, 0x00, 0x00,
    0x00, 0x00, 0x00, 0x00, 0x00, 0x00, 0x00, 0x00, 0xbf, 0x7f, 0x3f, 0x04, 0x00, 0x00, 0x00, 0x00,
    0xad, 0x9f, 0x51, 0x80, 0xba, 0xab, 0x56, 0xff, 0xaf, 0xa0, 0x50, 0xf9, 0xad, 0x9e, 0x52, 0xfe,
    0xad, 0x9e, 0x51, 0xfe, 0xad, 0x9f, 0x51, 0xfe, 0xad, 0x9e, 0x51, 0xfe, 0xad, 0x9f, 0x50, 0xfe,
    0xad, 0x9e, 0x51, 0xfe, 0xae, 0x9e, 0x53, 0xfe, 0xae, 0xa0, 0x52, 0xfe, 0xb1, 0xa1, 0x4f, 0xf9,
    0xbb, 0xab, 0x55, 0xff, 0xb2, 0xa1, 0x53, 0x89, 0x00, 0x00, 0x00, 0x00, 0xcc, 0x99, 0x33, 0x05,
    0xff, 0xff, 0x00, 0x01, 0xff, 0xff, 0x00, 0x01, 0x00, 0x00, 0x00, 0x00, 0x00, 0x00, 0x00, 0x00,
    0x00, 0x00, 0x00, 0x00, 0x00, 0x00, 0x00, 0x00, 0xff, 0xff, 0x00, 0x01, 0xff, 0xff, 0x00, 0x01,
    0xff, 0xff, 0x00, 0x01, 0xff, 0xff, 0x00, 0x01, 0xbf, 0xbf, 0x3f, 0x04, 0x00, 0x00, 0x00, 0x00,
    0xad, 0x96, 0x51, 0x16, 0xb2, 0xa3, 0x52, 0xc9, 0xba, 0xab, 0x56, 0xff, 0xb0, 0xa1, 0x51, 0xf9,
    0xaf, 0xa0, 0x53, 0xfe, 0xaf, 0xa0, 0x53, 0xfe, 0xaf, 0xa1, 0x52, 0xfe, 0xaf, 0xa0, 0x53, 0xfe,
    0xae, 0x9f, 0x54, 0xfe, 0xae, 0xa0, 0x51, 0xfe, 0xae, 0xa1, 0x52, 0xfe, 0xb0, 0xa0, 0x53, 0xfe,
    0xaf, 0xa0, 0x52, 0xfe, 0xae, 0x9f, 0x53, 0xfe, 0xae, 0xa0, 0x51, 0xfe, 0xb0, 0x9f, 0x50, 0xf9,
    0xbd, 0xab, 0x57, 0xff, 0xb1, 0xa2, 0x53, 0xab, 0xcc, 0x99, 0x66, 0x05, 0xcc, 0x99, 0x66, 0x05,
    0xb6, 0x91, 0x6d, 0x07, 0xbf, 0xbf, 0x7f, 0x04, 0xb2, 0x99, 0x4c, 0x0a, 0x00, 0x00, 0x00, 0x00,
    0xb2, 0x9f, 0x53, 0x43, 0xb4, 0xa4, 0x52, 0xf3, 0xb2, 0xa5, 0x53, 0xff, 0xaf, 0xa0, 0x51, 0xfb,
    0xaf, 0x9f, 0x52, 0xfe, 0xae, 0xa0, 0x52, 0xfe, 0xae, 0x9f, 0x52, 0xfe, 0xae, 0x9f, 0x53, 0xfe,
    0xae, 0xa0, 0x51, 0xfe, 0xae, 0x9f, 0x53, 0xfe, 0xae, 0x9f, 0x53, 0xfe, 0xae, 0x9f, 0x53, 0xfe,
    0xae, 0x9f, 0x53, 0xfe, 0xae, 0x9f, 0x53, 0xfe, 0xae, 0x9f, 0x53, 0xfe, 0xae, 0x9f, 0x51, 0xfe,
    0xaf, 0xa1, 0x50, 0xfd, 0xae, 0x9f, 0x50, 0xfc, 0xae, 0x9f, 0x52, 0xfd, 0xb6, 0xa5, 0x56, 0xff,
    0xb2, 0xa0, 0x54, 0x61, 0x00, 0x00, 0x00, 0x00, 0xaa, 0xaa, 0x55, 0x06, 0x7f, 0x7f, 0x00, 0x02,
    0xff, 0xff, 0x00, 0x01, 0xff, 0xff, 0x00, 0x01, 0xff, 0xff, 0x00, 0x01, 0xff, 0xff, 0x00, 0x01,
    0xff, 0xff, 0x00, 0x01, 0xff, 0xff, 0x00, 0x01, 0xff, 0xff, 0x00, 0x01, 0xff, 0xff, 0x00, 0x01,
    0xff, 0xff, 0x00, 0x01, 0xff, 0xff, 0x00, 0x01, 0x7f, 0x7f, 0x55, 0x06, 0x00, 0x00, 0x00, 0x00,
    0xb1, 0xa2, 0x55, 0x8d, 0xb9, 0xa9, 0x55, 0xff, 0xad, 0x9e, 0x51, 0xfa, 0xac, 0x9d, 0x50, 0xfe,
    0xad, 0x9e, 0x52, 0xfe, 0xad, 0x9e, 0x52, 0xfe, 0xad, 0x9e, 0x52, 0xfe, 0xad, 0x9e, 0x52, 0xfe,
    0xad, 0x9e, 0x52, 0xfe, 0xad, 0x9e, 0x52, 0xfe, 0xaf, 0xa0, 0x50, 0xfd, 0xaf, 0xa0, 0x4f, 0xf9,
    0xb8, 0xa9, 0x55, 0xff, 0xab, 0x9e, 0x4d, 0x87, 0x00, 0x00, 0x00, 0x00, 0xbf, 0x7f, 0x3f, 0x04,
    0x00, 0x00, 0x00, 0x00, 0x00, 0x00, 0x00, 0x00, 0x00, 0x00, 0x00, 0x00, 0x00, 0x00, 0x00, 0x00,
    0x00, 0x00, 0x00, 0x00, 0x00, 0x00, 0x00, 0x00, 0x00, 0x00, 0x00, 0x00, 0x00, 0x00, 0x00, 0x00,
    0x00, 0x00, 0x00, 0x00, 0x00, 0x00, 0x00, 0x00, 0x00, 0x00, 0x00, 0x00, 0x00, 0x00, 0x00, 0x00,
    0x00, 0x00, 0x00, 0x00, 0x00, 0x00, 0x00, 0x00, 0x00, 0x00, 0x00, 0x00, 0x00, 0x00, 0x00, 0x00,
    0x00, 0x00, 0x00, 0x00, 0x00, 0x00, 0x00, 0x00, 0x00, 0x00, 0x00, 0x00, 0x00, 0x00, 0x00, 0x00,
    0x00, 0x00, 0x00, 0x00, 0x00, 0x00, 0x00, 0x00, 0x00, 0x00, 0x00, 0x00, 0x00, 0x00, 0x00, 0x00,
    0x00, 0x00, 0x00, 0x00, 0x00, 0x00, 0x00, 0x00, 0x00, 0x00, 0x00, 0x00, 0x00, 0x00, 0x00, 0x00,
    0x00, 0x00, 0x00, 0x00, 0x00, 0x00, 0x00, 0x00, 0x00, 0x00, 0x00, 0x00, 0x00, 0x00, 0x00, 0x00,
    0x00, 0x00, 0x00, 0x00, 0x00, 0x00, 0x00, 0x00, 0x00, 0x00, 0x00, 0x00, 0x00, 0x00, 0x00, 0x00,
    0x00, 0x00, 0x00, 0x00, 0x00, 0x00, 0x00, 0x00, 0x00, 0x00, 0x00, 0x00, 0x00, 0x00, 0x00, 0x00,
    0x00, 0x00, 0x00, 0x00, 0x00, 0x00, 0x00, 0x00, 0x00, 0x00, 0x00, 0x00, 0x00, 0x00, 0x00, 0x00,
    0xbf, 0x7f, 0x3f, 0x04, 0x00, 0x00, 0x00, 0x00, 0xaa, 0x9c, 0x50, 0x82, 0xb9, 0xaa, 0x54, 0xff,
    0xad, 0x9f, 0x50, 0xfa, 0xad, 0x9e, 0x51, 0xfe, 0xad, 0x9f, 0x51, 0xfe, 0xad, 0x9e, 0x52, 0xfe,
    0xad, 0x9e, 0x52, 0xfe, 0xad, 0x9e, 0x52, 0xfe, 0xad, 0x9e, 0x52, 0xfe, 0xad, 0x9f, 0x51, 0xfe,
    0xae, 0x9f, 0x52, 0xfe, 0xb0, 0xa0, 0x51, 0xfa, 0xbb, 0xa9, 0x55, 0xff, 0xb2, 0xa1, 0x52, 0x88,
    0x00, 0x00, 0x00, 0x00, 0xcc, 0x99, 0x66, 0x05, 0xff, 0xff, 0x00, 0x01, 0xff, 0xff, 0x00, 0x01,
    0x00, 0x00, 0x00, 0x00, 0x00, 0x00, 0x00, 0x00, 0xff, 0xff, 0x00, 0x01, 0xff, 0xff, 0x00, 0x01,
    0xff, 0xff, 0x00, 0x01, 0xff, 0xff, 0x00, 0x01, 0xff, 0xff, 0x00, 0x01, 0xbf, 0xbf, 0x3f, 0x04,
    0x00, 0x00, 0x00, 0x00, 0xad, 0x96, 0x51, 0x16, 0xb3, 0xa3, 0x54, 0xce, 0xbb, 0xaa, 0x55, 0xff,
    0xae, 0xa1, 0x51, 0xfa, 0xaf, 0xa0, 0x53, 0xfe, 0xaf, 0xa1, 0x53, 0xfe, 0xaf, 0xa0, 0x53, 0xfe,
    0xaf, 0xa0, 0x54, 0xfe, 0xaf, 0xa0, 0x54, 0xfe, 0xae, 0xa0, 0x52, 0xfe, 0xaf, 0xa0, 0x52, 0xfe,
    0xae, 0xa0, 0x52, 0xfe, 0xae, 0xa0, 0x51, 0xfe, 0xae, 0x9f, 0x53, 0xfe, 0xae, 0x9f, 0x53, 0xfe,
    0xaf, 0xa0, 0x50, 0xf9, 0xbb, 0xab, 0x55, 0xff, 0xb3, 0xa2, 0x52, 0xa6, 0xbf, 0x7f, 0x7f, 0x04,
    0xcc, 0x99, 0x66, 0x05, 0xb6, 0x91, 0x6d, 0x07, 0xcc, 0x99, 0x66, 0x05, 0xb2, 0x99, 0x4c, 0x0a,
    0x00, 0x00, 0x00, 0x00, 0xb1, 0xa1, 0x53, 0x4c, 0xb4, 0xa5, 0x52, 0xf7, 0xb1, 0xa3, 0x52, 0xff,
    0xae, 0x9f, 0x50, 0xfc, 0xae, 0xa0, 0x52, 0xfe, 0xae, 0x9e, 0x52, 0xfe, 0xae, 0x9f, 0x53, 0xfe,
    0xae, 0xa0, 0x51, 0xfe, 0xae, 0x9f, 0x52, 0xfe, 0xae, 0x9f, 0x53, 0xfe, 0xae, 0x9f, 0x53, 0xfe,
    0xae, 0x9f, 0x53, 0xfe, 0xae, 0x9f, 0x53, 0xfe, 0xae, 0x9f, 0x53, 0xfe, 0xae, 0xa0, 0x51, 0xfe,
    0xae, 0x9f, 0x53, 0xfe, 0xae, 0x9f, 0x53, 0xfe, 0xaf, 0x9f, 0x51, 0xfc, 0xb1, 0xa0, 0x50, 0xfc,
    0xb3, 0xa4, 0x54, 0xff, 0xae, 0x9e, 0x53, 0x62, 0x00, 0x00, 0x00, 0x00, 0x91, 0x91, 0x48, 0x07,
    0xff, 0xff, 0x00, 0x01, 0xff, 0xff, 0x00, 0x01, 0xff, 0xff, 0x00, 0x01, 0xff, 0xff, 0x00, 0x01,
    0xff, 0xff, 0x00, 0x01, 0xff, 0xff, 0x00, 0x01, 0xff, 0xff, 0x00, 0x01, 0xff, 0xff, 0x00, 0x01,
    0xff, 0xff, 0x00, 0x01, 0xff, 0xff, 0x00, 0x01, 0xff, 0xff, 0x00, 0x01, 0xff, 0xff, 0x00, 0x01,
    0x99, 0x99, 0x33, 0x05, 0x00, 0x00, 0x00, 0x00, 0xac, 0x9e, 0x52, 0x8f, 0xb7, 0xa8, 0x54, 0xff,
    0xad, 0x9e, 0x50, 0xfa, 0xac, 0x9d, 0x50, 0xfe, 0xad, 0x9e, 0x52, 0xfe, 0xad, 0x9e, 0x51, 0xfe,
    0xad, 0x9f, 0x51, 0xfe, 0xad, 0x9e, 0x52, 0xfe, 0xad, 0x9e, 0x52, 0xfe, 0xad, 0x9e, 0x51, 0xfe,
    0xad, 0x9e, 0x50, 0xfe, 0xae, 0x9f, 0x4f, 0xf9, 0xb9, 0xa8, 0x54, 0xff, 0xad, 0x9d, 0x4e, 0x86,
    0x00, 0x00, 0x00, 0x00, 0xbf, 0x7f, 0x3f, 0x04, 0x00, 0x00, 0x00, 0x00, 0x00, 0x00, 0x00, 0x00,
    0x00, 0x00, 0x00, 0x00, 0x00, 0x00, 0x00, 0x00, 0x00, 0x00, 0x00, 0x00, 0x00, 0x00, 0x00, 0x00,
    0x00, 0x00, 0x00, 0x00, 0x00, 0x00, 0x00, 0x00, 0x00, 0x00, 0x00, 0x00, 0x00, 0x00, 0x00, 0x00,
    0x00, 0x00, 0x00, 0x00, 0x00, 0x00, 0x00, 0x00, 0x00, 0x00, 0x00, 0x00, 0x00, 0x00, 0x00, 0x00,
    0x00, 0x00, 0x00, 0x00, 0x00, 0x00, 0x00, 0x00, 0x00, 0x00, 0x00, 0x00, 0x00, 0x00, 0x00, 0x00,
    0x00, 0x00, 0x00, 0x00, 0x00, 0x00, 0x00, 0x00, 0x00, 0x00, 0x00, 0x00, 0x00, 0x00, 0x00, 0x00,
    0x00, 0x00, 0x00, 0x00, 0x00, 0x00, 0x00, 0x00, 0x00, 0x00, 0x00, 0x00, 0x00, 0x00, 0x00, 0x00,
    0x00, 0x00, 0x00, 0x00, 0x00, 0x00, 0x00, 0x00, 0x00, 0x00, 0x00, 0x00, 0x00, 0x00, 0x00, 0x00,
    0x00, 0x00, 0x00, 0x00, 0x00, 0x00, 0x00, 0x00, 0x00, 0x00, 0x00, 0x00, 0x00, 0x00, 0x00, 0x00,
    0x00, 0x00, 0x00, 0x00, 0x00, 0x00, 0x00, 0x00, 0x00, 0x00, 0x00, 0x00, 0x00, 0x00, 0x00, 0x00,
    0x00, 0x00, 0x00, 0x00, 0x00, 0x00, 0x00, 0x00, 0x00, 0x00, 0x00, 0x00, 0x00, 0x00, 0x00, 0x00,
    0x00, 0x00, 0x00, 0x00, 0x00, 0x00, 0x00, 0x00, 0xbf, 0x7f, 0x3f, 0x04, 0x00, 0x00, 0x00, 0x00,
    0xab, 0xa0, 0x51, 0x81, 0xb9, 0xaa, 0x54, 0xff, 0xad, 0x9f, 0x52, 0xfa, 0xad, 0x9e, 0x52, 0xfe,
    0xad, 0x9e, 0x52, 0xfe, 0xad, 0x9e, 0x52, 0xfe, 0xad, 0x9e, 0x52, 0xfe, 0xad, 0x9e, 0x52, 0xfe,
    0xae, 0x9f, 0x52, 0xfe, 0xae, 0x9f, 0x52, 0xfe, 0xae, 0x9f, 0x52, 0xfe, 0xb0, 0xa0, 0x50, 0xfa,
    0xbb, 0xa9, 0x55, 0xff, 0xb2, 0xa1, 0x52, 0x88, 0x00, 0x00, 0x00, 0x00, 0xcc, 0x99, 0x66, 0x05,
    0xff, 0xff, 0x00, 0x01, 0xff, 0xff, 0x00, 0x01, 0xff, 0xff, 0x00, 0x01, 0xff, 0xff, 0x00, 0x01,
    0xff, 0xff, 0x00, 0x01, 0xff, 0xff, 0x00, 0x01, 0xff, 0xff, 0x00, 0x01, 0xff, 0xff, 0x00, 0x01,
    0xbf, 0xbf, 0x3f, 0x04, 0x00, 0x00, 0x00, 0x00, 0xad, 0x99, 0x5b, 0x19, 0xb2, 0xa3, 0x53, 0xd0,
    0xb8, 0xaa, 0x55, 0xff, 0xb0, 0xa1, 0x51, 0xf9, 0xaf, 0xa1, 0x53, 0xfe, 0xaf, 0xa0, 0x54, 0xfe,
    0xaf, 0xa0, 0x54, 0xfe, 0xaf, 0xa0, 0x54, 0xfe, 0xaf, 0xa0, 0x54, 0xfe, 0xae, 0xa0, 0x52, 0xfe,
    0xb0, 0xa0, 0x50, 0xfd, 0xaf, 0xa0, 0x51, 0xfe, 0xae, 0xa0, 0x51, 0xfe, 0xaf, 0xa1, 0x50, 0xfd,
    0xb0, 0xa0, 0x51, 0xfd, 0xae, 0x9f, 0x52, 0xfa, 0xbc, 0xac, 0x57, 0xff, 0xb2, 0xa3, 0x53, 0xa1,
    0xff, 0xff, 0xff, 0x01, 0xcc, 0x99, 0x66, 0x05, 0xb6, 0x91, 0x6d, 0x07, 0xcc, 0x99, 0x66, 0x05,
    0xaa, 0xaa, 0x55, 0x09, 0x00, 0x00, 0x00, 0x00, 0xb2, 0xa2, 0x56, 0x4d, 0xb6, 0xa6, 0x54, 0xf7,
    0xb2, 0xa4, 0x52, 0xfe, 0xaf, 0x9f, 0x52, 0xfc, 0xae, 0x9f, 0x53, 0xfe, 0xae, 0x9f, 0x53, 0xfe,
    0xad, 0x9e, 0x52, 0xfe, 0xad, 0x9e, 0x52, 0xfe, 0xae, 0xa0, 0x51, 0xfe, 0xae, 0x9f, 0x52, 0xfe,
    0xad, 0x9e, 0x52, 0xfe, 0xae, 0x9f, 0x53, 0xfe, 0xae, 0xa0, 0x51, 0xfe, 0xae, 0x9f, 0x53, 0xfe,
    0xae, 0xa0, 0x51, 0xfe, 0xae, 0x9f, 0x53, 0xfe, 0xae, 0x9f, 0x53, 0xfe, 0xad, 0x9e, 0x51, 0xfd,
    0xaf, 0xa0, 0x52, 0xfd, 0xb4, 0xa4, 0x52, 0xff, 0xaf, 0xa1, 0x52, 0x5a, 0x00, 0x00, 0x00, 0x00,
    0xaa, 0xaa, 0x55, 0x06, 0x7f, 0x7f, 0x7f, 0x02, 0xff, 0xff, 0x00, 0x01, 0xff, 0xff, 0x00, 0x01,
    0x00, 0x00, 0x00, 0x00, 0x00, 0x00, 0x00, 0x00, 0x00, 0x00, 0x00, 0x00, 0x00, 0x00, 0x00, 0x00,
    0xff, 0xff, 0x00, 0x01, 0xff, 0xff, 0x00, 0x01, 0xff, 0xff, 0x00, 0x01, 0xff, 0xff, 0x00, 0x01,
    0xff, 0xff, 0x00, 0x01, 0xff, 0xff, 0x00, 0x01, 0x99, 0x99, 0x33, 0x05, 0x00, 0x00, 0x00, 0x00,
    0xac, 0x9e, 0x50, 0x8f, 0xb6, 0xa7, 0x53, 0xff, 0xad, 0x9e, 0x50, 0xfa, 0xac, 0x9d, 0x50, 0xfe,
    0xad, 0x9e, 0x52, 0xfe, 0xad, 0x9e, 0x52, 0xfe, 0xad, 0x9e, 0x51, 0xfe, 0xad, 0x9f, 0x51, 0xfe,
    0xad, 0x9e, 0x52, 0xfe, 0xad, 0x9e, 0x52, 0xfe, 0xad, 0x9f, 0x51, 0xfe, 0xb0, 0x9f, 0x4f, 0xf9,
    0xba, 0xa8, 0x53, 0xff, 0xad, 0x9d, 0x4d, 0x83, 0x00, 0x00, 0x00, 0x00, 0xbf, 0xbf, 0x3f, 0x04,
    0x00, 0x00, 0x00, 0x00, 0x00, 0x00, 0x00, 0x00, 0x00, 0x00, 0x00, 0x00, 0x00, 0x00, 0x00, 0x00,
    0x00, 0x00, 0x00, 0x00, 0x00, 0x00, 0x00, 0x00, 0x00, 0x00, 0x00, 0x00, 0x00, 0x00, 0x00, 0x00,
    0x00, 0x00, 0x00, 0x00, 0x00, 0x00, 0x00, 0x00, 0x00, 0x00, 0x00, 0x00, 0x00, 0x00, 0x00, 0x00,
    0x00, 0x00, 0x00, 0x00, 0x00, 0x00, 0x00, 0x00, 0x00, 0x00, 0x00, 0x00, 0x00, 0x00, 0x00, 0x00,
    0x00, 0x00, 0x00, 0x00, 0x00, 0x00, 0x00, 0x00, 0x00, 0x00, 0x00, 0x00, 0x00, 0x00, 0x00, 0x00,
    0x00, 0x00, 0x00, 0x00, 0x00, 0x00, 0x00, 0x00, 0x00, 0x00, 0x00, 0x00, 0x00, 0x00, 0x00, 0x00,
    0x00, 0x00, 0x00, 0x00, 0x00, 0x00, 0x00, 0x00, 0x00, 0x00, 0x00, 0x00, 0x00, 0x00, 0x00, 0x00,
    0x00, 0x00, 0x00, 0x00, 0x00, 0x00, 0x00, 0x00, 0x00, 0x00, 0x00, 0x00, 0x00, 0x00, 0x00, 0x00,
    0x00, 0x00, 0x00, 0x00, 0x00, 0x00, 0x00, 0x00, 0x00, 0x00, 0x00, 0x00, 0x00, 0x00, 0x00, 0x00,
    0x00, 0x00, 0x00, 0x00, 0x00, 0x00, 0x00, 0x00, 0x00, 0x00, 0x00, 0x00, 0x00, 0x00, 0x00, 0x00,
    0x00, 0x00, 0x00, 0x00, 0x00, 0x00, 0x00, 0x00, 0x00, 0x00, 0x00, 0x00, 0x00, 0x00, 0x00, 0x00,
    0xbf, 0x7f, 0x3f, 0x04, 0x00, 0x00, 0x00, 0x00, 0xad, 0xa0, 0x51, 0x81, 0xb9, 0xaa, 0x55, 0xff,
    0xad, 0x9e, 0x52, 0xfa, 0xad, 0x9e, 0x51, 0xfe, 0xad, 0x9f, 0x51, 0xfe, 0xae, 0x9f, 0x52, 0xfe,
    0xae, 0x9f, 0x52, 0xfe, 0xae, 0x9f, 0x52, 0xfe, 0xae, 0x9f, 0x52, 0xfe, 0xae, 0x9f, 0x52, 0xfe,
    0xae, 0xa0, 0x52, 0xfe, 0xb0, 0xa0, 0x50, 0xfa, 0xba, 0xaa, 0x55, 0xff, 0xb0, 0xa1, 0x52, 0x88,
    0x00, 0x00, 0x00, 0x00, 0xcc, 0x99, 0x66, 0x05, 0xff, 0xff, 0x00, 0x01, 0xff, 0xff, 0x00, 0x01,
    0xff, 0xff, 0x00, 0x01, 0xff, 0xff, 0x00, 0x01, 0xff, 0xff, 0x00, 0x01, 0xff, 0xff, 0x00, 0x01,
    0xff, 0xff, 0x00, 0x01, 0xaa, 0xaa, 0x55, 0x03, 0x00, 0x00, 0x00, 0x00, 0xb7, 0xa3, 0x5b, 0x19,
    0xb3, 0xa5, 0x52, 0xd2, 0xb8, 0xa9, 0x54, 0xff, 0xaf, 0xa1, 0x51, 0xfa, 0xaf, 0xa0, 0x53, 0xfe,
    0xaf, 0x9f, 0x54, 0xfe, 0xae, 0xa0, 0x53, 0xfe, 0xaf, 0xa0, 0x53, 0xfe, 0xae, 0xa0, 0x52, 0xfe,
    0xae, 0x9f, 0x52, 0xfe, 0xaf, 0x9f, 0x51, 0xfe, 0xb0, 0xa1, 0x50, 0xfd, 0xae, 0x9f, 0x52, 0xfe,
    0xae, 0xa0, 0x52, 0xfe, 0xaf, 0xa1, 0x50, 0xfd, 0xaf, 0xa0, 0x4f, 0xf9, 0xbb, 0xac, 0x57, 0xff,
    0xb1, 0xa2, 0x55, 0xa5, 0x7f, 0x7f, 0x7f, 0x02, 0xcc, 0x99, 0x66, 0x05, 0xaa, 0xaa, 0x7f, 0x06,
    0xcc, 0x99, 0x66, 0x05, 0xbf, 0x9f, 0x5f, 0x08, 0x00, 0x00, 0x00, 0x00, 0xb1, 0xa3, 0x55, 0x59,
    0xb6, 0xa5, 0x53, 0xfa, 0xb2, 0xa2, 0x52, 0xfe, 0xaf, 0xa0, 0x51, 0xfc, 0xaf, 0xa0, 0x53, 0xfe,
    0xae, 0x9f, 0x52, 0xfe, 0xae, 0xa0, 0x52, 0xfe, 0xad, 0x9f, 0x51, 0xfe, 0xad, 0x9e, 0x51, 0xfe,
    0xae, 0x9f, 0x51, 0xfe, 0xae, 0x9f, 0x52, 0xfe, 0xad, 0x9e, 0x52, 0xfe, 0xae, 0x9f, 0x53, 0xfe,
    0xae, 0xa0, 0x51, 0xfe, 0xae, 0x9f, 0x53, 0xfe, 0xae, 0x9f, 0x53, 0xfe, 0xaf, 0xa0, 0x51, 0xfe,
    0xaf, 0x9f, 0x51, 0xfc, 0xaf, 0xa1, 0x51, 0xfd, 0xb3, 0xa4, 0x54, 0xfd, 0xae, 0xa0, 0x53, 0x5c,
    0x00, 0x00, 0x00, 0x00, 0x91, 0x91, 0x48, 0x07, 0xff, 0xff, 0x00, 0x01, 0xff, 0xff, 0x00, 0x01,
    0xff, 0xff, 0x00, 0x01, 0xff, 0xff, 0x00, 0x01, 0x00, 0x00, 0x00, 0x00, 0x00, 0x00, 0x00, 0x00,
    0x00, 0x00, 0x00, 0x00, 0x00, 0x00, 0x00, 0x00, 0xff, 0xff, 0x00, 0x01, 0xff, 0xff, 0x00, 0x01,
    0xff, 0xff, 0x00, 0x01, 0xff, 0xff, 0x00, 0x01, 0xff, 0xff, 0x00, 0x01, 0xff, 0xff, 0x00, 0x01,
    0x99, 0x99, 0x33, 0x05, 0x00, 0x00, 0x00, 0x00, 0xb0, 0xa0, 0x50, 0x8f, 0xb8, 0xa8, 0x54, 0xff,
    0xac, 0x9e, 0x50, 0xfa, 0xac, 0x9d, 0x50, 0xfe, 0xad, 0x9e, 0x52, 0xfe, 0xad, 0x9e, 0x51, 0xfe,
    0xad, 0x9f, 0x51, 0xfe, 0xad, 0x9e, 0x52, 0xfe, 0xad, 0x9e, 0x52, 0xfe, 0xad, 0x9e, 0x52, 0xfe,
    0xad, 0x9f, 0x51, 0xfe, 0xb0, 0x9f, 0x4f, 0xf9, 0xba, 0xa8, 0x52, 0xff, 0xad, 0x9f, 0x4d, 0x83,
    0x00, 0x00, 0x00, 0x00, 0xbf, 0x7f, 0x3f, 0x04, 0x00, 0x00, 0x00, 0x00, 0x00, 0x00, 0x00, 0x00,
    0x00, 0x00, 0x00, 0x00, 0x00, 0x00, 0x00, 0x00, 0x00, 0x00, 0x00, 0x00, 0x00, 0x00, 0x00, 0x00,
    0x00, 0x00, 0x00, 0x00, 0x00, 0x00, 0x00, 0x00, 0x00, 0x00, 0x00, 0x00, 0x00, 0x00, 0x00, 0x00,
    0x00, 0x00, 0x00, 0x00, 0x00, 0x00, 0x00, 0x00, 0x00, 0x00, 0x00, 0x00, 0x00, 0x00, 0x00, 0x00,
    0x00, 0x00, 0x00, 0x00, 0x00, 0x00, 0x00, 0x00, 0x00, 0x00, 0x00, 0x00, 0x00, 0x00, 0x00, 0x00,
    0x00, 0x00, 0x00, 0x00, 0x00, 0x00, 0x00, 0x00, 0x00, 0x00, 0x00, 0x00, 0x00, 0x00, 0x00, 0x00,
    0x00, 0x00, 0x00, 0x00, 0x00, 0x00, 0x00, 0x00, 0x00, 0x00, 0x00, 0x00, 0x00, 0x00, 0x00, 0x00,
    0x00, 0x00, 0x00, 0x00, 0x00, 0x00, 0x00, 0x00, 0x00, 0x00, 0x00, 0x00, 0x00, 0x00, 0x00, 0x00,
    0x00, 0x00, 0x00, 0x00, 0x00, 0x00, 0x00, 0x00, 0x00, 0x00, 0x00, 0x00, 0x00, 0x00, 0x00, 0x00,
    0x00, 0x00, 0x00, 0x00, 0x00, 0x00, 0x00, 0x00, 0x00, 0x00, 0x00, 0x00, 0x00, 0x00, 0x00, 0x00,
    0x00, 0x00, 0x00, 0x00, 0x00, 0x00, 0x00, 0x00, 0x00, 0x00, 0x00, 0x00, 0x00, 0x00, 0x00, 0x00,
    0x00, 0x00, 0x00, 0x00, 0x00, 0x00, 0x00, 0x00, 0xbf, 0x7f, 0x3f, 0x04, 0x00, 0x00, 0x00, 0x00,
    0xaf, 0xa0, 0x4f, 0x81, 0xb8, 0xa8, 0x55, 0xff, 0xac, 0x9d, 0x50, 0xfa, 0xad, 0x9e, 0x50, 0xfe,
    0xad, 0x9f, 0x51, 0xfe, 0xae, 0xa0, 0x52, 0xfe, 0xae, 0xa0, 0x52, 0xfe, 0xae, 0x9f, 0x53, 0xfe,
    0xae, 0x9f, 0x53, 0xfe, 0xad, 0x9e, 0x52, 0xfe, 0xad, 0x9e, 0x52, 0xfe, 0xb0, 0xa0, 0x51, 0xfa,
    0xba, 0xaa, 0x55, 0xff, 0xb2, 0xa1, 0x52, 0x88, 0x00, 0x00, 0x00, 0x00, 0xaa, 0x7f, 0x55, 0x06,
    0xff, 0xff, 0x00, 0x01, 0xff, 0xff, 0x00, 0x01, 0xff, 0xff, 0x00, 0x01, 0xff, 0xff, 0x00, 0x01,
    0xff, 0xff, 0x00, 0x01, 0xff, 0xff, 0x00, 0x01, 0xaa, 0xaa, 0x55, 0x03, 0x7f, 0x7f, 0x00, 0x02,
    0xba, 0xa6, 0x58, 0x1a, 0xb4, 0xa4, 0x55, 0xd5, 0xb9, 0xa9, 0x54, 0xff, 0xb0, 0xa1, 0x50, 0xf9,
    0xb0, 0xa0, 0x52, 0xfe, 0xae, 0x9f, 0x53, 0xfe, 0xae, 0x9f, 0x53, 0xfe, 0xae, 0x9f, 0x53, 0xfe,
    0xae, 0x9f, 0x53, 0xfe, 0xae, 0x9f, 0x53, 0xfe, 0xae, 0x9f, 0x53, 0xfe, 0xae, 0xa0, 0x51, 0xfe,
    0xb0, 0xa2, 0x51, 0xfd, 0xae, 0xa0, 0x53, 0xfe, 0xae, 0x9f, 0x53, 0xfe, 0xb0, 0xa0, 0x50, 0xf9,
    0xbd, 0xad, 0x57, 0xff, 0xb3, 0xa5, 0x55, 0xa2, 0xff, 0xff, 0xff, 0x01, 0xaa, 0x7f, 0x55, 0x06,
    0xaa, 0xaa, 0x7f, 0x06, 0xbf, 0xbf, 0x7f, 0x04, 0xda, 0x91, 0x6d, 0x07, 0x7f, 0x7f, 0x00, 0x02,
    0xb5, 0xa6, 0x58, 0x34, 0xb5, 0xa5, 0x53, 0xfa, 0xb0, 0xa2, 0x51, 0xfe, 0xae, 0x9f, 0x51, 0xfc,
    0xae, 0xa0, 0x51, 0xfe, 0xae, 0x9f, 0x52, 0xfe, 0xae, 0xa0, 0x52, 0xfe, 0xaf, 0x9f, 0x52, 0xfe,
    0xaf, 0xa0, 0x52, 0xfe, 0xad, 0x9f, 0x51, 0xfe, 0xae, 0x9f, 0x51, 0xfe, 0xae, 0x9f, 0x52, 0xfe,
    0xae, 0xa0, 0x52, 0xfe, 0xae, 0x9f, 0x53, 0xfe, 0xae, 0x9f, 0x53, 0xfe, 0xae, 0xa0, 0x51, 0xfe,
    0xaf, 0xa0, 0x51, 0xfe, 0xb0, 0xa0, 0x50, 0xfb, 0xb2, 0xa1, 0x51, 0xfd, 0xb4, 0xa4, 0x53, 0xfe,
    0xae, 0x9d, 0x53, 0x59, 0x00, 0x00, 0x00, 0x00, 0xb6, 0x91, 0x6d, 0x07, 0x7f, 0x7f, 0x7f, 0x02,
    0xff, 0xff, 0x00, 0x01, 0xff, 0xff, 0x00, 0x01, 0x00, 0x00, 0x00, 0x00, 0x00, 0x00, 0x00, 0x00,
    0x00, 0x00, 0x00, 0x00, 0x00, 0x00, 0x00, 0x00, 0x00, 0x00, 0x00, 0x00, 0xff, 0xff, 0x00, 0x01,
    0xff, 0xff, 0x00, 0x01, 0xff, 0xff, 0x00, 0x01, 0xff, 0xff, 0x00, 0x01, 0xff, 0xff, 0x00, 0x01,
    0xff, 0xff, 0x00, 0x01, 0xff, 0xff, 0x00, 0x01, 0xcc, 0x99, 0x33, 0x05, 0x00, 0x00, 0x00, 0x00,
    0xb0, 0xa0, 0x52, 0x8f, 0xb9, 0xaa, 0x55, 0xff, 0xad, 0x9f, 0x52, 0xfa, 0xad, 0x9e, 0x52, 0xfe,
    0xad, 0x9e, 0x51, 0xfe, 0xad, 0x9e, 0x52, 0xfe, 0xad, 0x9e, 0x52, 0xfe, 0xad, 0x9e, 0x52, 0xfe,
    0xad, 0x9e, 0x52, 0xfe, 0xad, 0x9e, 0x52, 0xfe, 0xad, 0x9f, 0x51, 0xfe, 0xb0, 0x9f, 0x4f, 0xf9,
    0xb9, 0xa9, 0x54, 0xff, 0xac, 0x9f, 0x50, 0x85, 0x00, 0x00, 0x00, 0x00, 0xbf, 0x7f, 0x3f, 0x04,
    0x00, 0x00, 0x00, 0x00, 0x00, 0x00, 0x00, 0x00, 0x00, 0x00, 0x00, 0x00, 0x00, 0x00, 0x00, 0x00,
    0x00, 0x00, 0x00, 0x00, 0x00, 0x00, 0x00, 0x00, 0x00, 0x00, 0x00, 0x00, 0x00, 0x00, 0x00, 0x00,
    0x00, 0x00, 0x00, 0x00, 0x00, 0x00, 0x00, 0x00, 0x00, 0x00, 0x00, 0x00, 0x00, 0x00, 0x00, 0x00,
    0x00, 0x00, 0x00, 0x00, 0x00, 0x00, 0x00, 0x00, 0x00, 0x00, 0x00, 0x00, 0x00, 0x00, 0x00, 0x00,
    0x00, 0x00, 0x00, 0x00, 0x00, 0x00, 0x00, 0x00, 0x00, 0x00, 0x00, 0x00, 0x00, 0x00, 0x00, 0x00,
    0x00, 0x00, 0x00, 0x00, 0x00, 0x00, 0x00, 0x00, 0x00, 0x00, 0x00, 0x00, 0x00, 0x00, 0x00, 0x00,
    0x00, 0x00, 0x00, 0x00, 0x00, 0x00, 0x00, 0x00, 0x00, 0x00, 0x00, 0x00, 0x00, 0x00, 0x00, 0x00,
    0x00, 0x00, 0x00, 0x00, 0x00, 0x00, 0x00, 0x00, 0x00, 0x00, 0x00, 0x00, 0x00, 0x00, 0x00, 0x00,
    0x00, 0x00, 0x00, 0x00, 0x00, 0x00, 0x00, 0x00, 0x00, 0x00, 0x00, 0x00, 0x00, 0x00, 0x00, 0x00,
    0x00, 0x00, 0x00, 0x00, 0x00, 0x00, 0x00, 0x00, 0x00, 0x00, 0x00, 0x00, 0x00, 0x00, 0x00, 0x00,
    0x00, 0x00, 0x00, 0x00, 0x00, 0x00, 0x00, 0x00, 0x00, 0x00, 0x00, 0x00, 0x00, 0x00, 0x00, 0x00,
    0xbf, 0x7f, 0x3f, 0x04, 0x00, 0x00, 0x00, 0x00, 0xae, 0x9e, 0x50, 0x82, 0xb8, 0xa8, 0x54, 0xff,
    0xac, 0x9e, 0x50, 0xfa, 0xad, 0x9e, 0x51, 0xfe, 0xad, 0x9e, 0x51, 0xfe, 0xad, 0x9f, 0x52, 0xfe,
    0xae, 0x9f, 0x52, 0xfe, 0xae, 0xa0, 0x52, 0xfe, 0xae, 0x9f, 0x53, 0xfe, 0xae, 0xa0, 0x52, 0xfe,
    0xae, 0xa0, 0x52, 0xfe, 0xae, 0xa1, 0x51, 0xfa, 0xba, 0xab, 0x55, 0xff, 0xb2, 0xa3, 0x52, 0x88,
    0x00, 0x00, 0x00, 0x00, 0xaa, 0x7f, 0x55, 0x06, 0xff, 0xff, 0x00, 0x01, 0xff, 0xff, 0x00, 0x01,
    0xff, 0xff, 0x00, 0x01, 0xff, 0xff, 0x00, 0x01, 0xff, 0xff, 0x00, 0x01, 0xff, 0xff, 0x00, 0x01,
    0xaa, 0xaa, 0x55, 0x03, 0xaa, 0xaa, 0x55, 0x03, 0xb0, 0xa3, 0x52, 0xbd, 0xbb, 0xac, 0x57, 0xff,
    0xaf, 0xa0, 0x51, 0xf9, 0xaf, 0xa1, 0x53, 0xfe, 0xaf, 0xa0, 0x52, 0xfe, 0xae, 0x9f, 0x53, 0xfe,
    0xae, 0xa0, 0x52, 0xfe, 0xae, 0xa0, 0x52, 0xfe, 0xae, 0x9f, 0x52, 0xfe, 0xae, 0xa0, 0x51, 0xfe,
    0xae, 0x9f, 0x53, 0xfe, 0xaf, 0xa1, 0x53, 0xfe, 0xae, 0xa0, 0x53, 0xfe, 0xb0, 0xa1, 0x51, 0xfd,
    0xae, 0xa0, 0x52, 0xfb, 0xbb, 0xab, 0x57, 0xff, 0xb3, 0xa3, 0x55, 0xa5, 0xff, 0x7f, 0x7f, 0x02,
    0xcc, 0x99, 0x66, 0x05, 0xaa, 0xaa, 0x7f, 0x06, 0xbf, 0xbf, 0x7f, 0x04, 0xbf, 0xbf, 0x7f, 0x04,
    0xd4, 0xaa, 0x7f, 0x06, 0x00, 0x00, 0x01, 0x00, 0xaf, 0xa1, 0x52, 0xb4, 0xb8, 0xa9, 0x55, 0xff,
    0xae, 0xa0, 0x50, 0xfa, 0xaf, 0xa0, 0x51, 0xfe, 0xae, 0x9f, 0x52, 0xfe, 0xae, 0x9f, 0x52, 0xfe,
    0xae, 0xa0, 0x51, 0xfe, 0xae, 0x9f, 0x52, 0xfe, 0xad, 0x9f, 0x51, 0xfe, 0xae, 0xa0, 0x50, 0xfe,
    0xae, 0xa0, 0x51, 0xfe, 0xae, 0x9f, 0x51, 0xfe, 0xae, 0xa0, 0x51, 0xfe, 0xae, 0x9f, 0x53, 0xfe,
    0xaf, 0xa0, 0x50, 0xfd, 0xb1, 0xa0, 0x50, 0xfd, 0xb0, 0xa0, 0x50, 0xfb, 0xb2, 0xa3, 0x51, 0xfd,
    0xb5, 0xa4, 0x53, 0xfb, 0xb0, 0x9f, 0x54, 0x58, 0x00, 0x00, 0x00, 0x00, 0xb6, 0xb6, 0x6d, 0x07,
    0x7f, 0x7f, 0x7f, 0x02, 0xff, 0xff, 0x00, 0x01, 0xff, 0xff, 0x00, 0x01, 0xff, 0xff, 0x00, 0x01,
    0x00, 0x00, 0x00, 0x00, 0x00, 0x00, 0x00, 0x00, 0x00, 0x00, 0x00, 0x00, 0x00, 0x00, 0x00, 0x00,
    0x00, 0x00, 0x00, 0x00, 0x00, 0x00, 0x00, 0x00, 0xff, 0xff, 0x00, 0x01, 0xff, 0xff, 0x00, 0x01,
    0xff, 0xff, 0x00, 0x01, 0xff, 0xff, 0x00, 0x01, 0xff, 0xff, 0x00, 0x01, 0xff, 0xff, 0x00, 0x01,
    0xcc, 0x99, 0x33, 0x05, 0x00, 0x00, 0x00, 0x00, 0xb0, 0xa0, 0x53, 0x8f, 0xb9, 0xa9, 0x55, 0xff,
    0xad, 0x9f, 0x52, 0xfa, 0xad, 0x9e, 0x52, 0xfe, 0xad, 0x9e, 0x51, 0xfe, 0xad, 0x9f, 0x51, 0xfe,
    0xad, 0x9e, 0x52, 0xfe, 0xad, 0x9e, 0x52, 0xfe, 0xad, 0x9e, 0x52, 0xfe, 0xad, 0x9e, 0x52, 0xfe,
    0xad, 0x9e, 0x51, 0xfe, 0xae, 0xa0, 0x4f, 0xf9, 0xb9, 0xa9, 0x52, 0xff, 0xaf, 0x9f, 0x4f, 0x83,
    0x00, 0x00, 0x00, 0x00, 0xbf, 0xbf, 0x3f, 0x04, 0x00, 0x00, 0x00, 0x00, 0x00, 0x00, 0x00, 0x00,
    0x00, 0x00, 0x00, 0x00, 0x00, 0x00, 0x00, 0x00, 0x00, 0x00, 0x00, 0x00, 0x00, 0x00, 0x00, 0x00,
    0x00, 0x00, 0x00, 0x00, 0x00, 0x00, 0x00, 0x00, 0x00, 0x00, 0x00, 0x00, 0x00, 0x00, 0x00, 0x00,
    0x00, 0x00, 0x00, 0x00, 0x00, 0x00, 0x00, 0x00, 0x00, 0x00, 0x00, 0x00, 0x00, 0x00, 0x00, 0x00,
    0x00, 0x00, 0x00, 0x00, 0x00, 0x00, 0x00, 0x00, 0x00, 0x00, 0x00, 0x00, 0x00, 0x00, 0x00, 0x00,
    0x00, 0x00, 0x00, 0x00, 0x00, 0x00, 0x00, 0x00, 0x00, 0x00, 0x00, 0x00, 0x00, 0x00, 0x00, 0x00,
    0x00, 0x00, 0x00, 0x00, 0x00, 0x00, 0x00, 0x00, 0x00, 0x00, 0x00, 0x00, 0x00, 0x00, 0x00, 0x00,
    0x00, 0x00, 0x00, 0x00, 0x00, 0x00, 0x00, 0x00, 0x00, 0x00, 0x00, 0x00, 0x00, 0x00, 0x00, 0x00,
    0x00, 0x00, 0x00, 0x00, 0x00, 0x00, 0x00, 0x00, 0x00, 0x00, 0x00, 0x00, 0x00, 0x00, 0x00, 0x00,
    0x00, 0x00, 0x00, 0x00, 0x00, 0x00, 0x00, 0x00, 0x00, 0x00, 0x00, 0x00, 0x00, 0x00, 0x00, 0x00,
    0x00, 0x00, 0x00, 0x00, 0x00, 0x00, 0x00, 0x00, 0x00, 0x00, 0x00, 0x00, 0x00, 0x00, 0x00, 0x00,
    0x00, 0x00, 0x00, 0x00, 0x00, 0x00, 0x00, 0x00, 0xbf, 0x7f, 0x3f, 0x04, 0x00, 0x00, 0x00, 0x00,
    0xaf, 0x9d, 0x4f, 0x86, 0xb7, 0xa7, 0x54, 0xff, 0xac, 0x9e, 0x50, 0xfa, 0xad, 0x9e, 0x51, 0xfe,
    0xad, 0x9e, 0x51, 0xfe, 0xad, 0x9f, 0x52, 0xfe, 0xae, 0x9f, 0x53, 0xfe, 0xae, 0x9f, 0x53, 0xfe,
    0xae, 0xa0, 0x52, 0xfe, 0xae, 0xa0, 0x52, 0xfe, 0xae, 0x9f, 0x52, 0xfe, 0xaf, 0xa0, 0x51, 0xfa,
    0xbc, 0xaa, 0x55, 0xff, 0xb4, 0xa3, 0x54, 0x88, 0x00, 0x00, 0x00, 0x00, 0xaa, 0x7f, 0x55, 0x06,
    0x7f, 0x7f, 0x7f, 0x02, 0xff, 0xff, 0x00, 0x01, 0xff, 0xff, 0x00, 0x01, 0xff, 0xff, 0x00, 0x01,
    0xff, 0xff, 0x00, 0x01, 0x99, 0x99, 0x66, 0x05, 0x00, 0x00, 0x00, 0x00, 0xb5, 0xa5, 0x56, 0x50,
    0xba, 0xab, 0x56, 0xff, 0xaf, 0xa1, 0x51, 0xfa, 0xaf, 0xa1, 0x54, 0xfe, 0xaf, 0xa0, 0x54, 0xfe,
    0xae, 0x9f, 0x53, 0xfe, 0xae, 0x9f, 0x53, 0xfe, 0xae, 0x9f, 0x53, 0xfe, 0xae, 0x9f, 0x53, 0xfe,
    0xae, 0x9f, 0x53, 0xfe, 0xaf, 0xa0, 0x52, 0xfe, 0xaf, 0xa0, 0x53, 0xfe, 0xaf, 0xa1, 0x53, 0xfe,
    0xaf, 0xa1, 0x52, 0xfe, 0xb1, 0xa1, 0x51, 0xfb, 0xb9, 0xaa, 0x55, 0xff, 0xb1, 0xa2, 0x52, 0x9d,
    0x00, 0x00, 0x00, 0x00, 0xcc, 0x99, 0x66, 0x05, 0xaa, 0xaa, 0x7f, 0x06, 0xbf, 0xbf, 0x7f, 0x04,
    0xbf, 0xbf, 0x7f, 0x04, 0xcc, 0xcc, 0x66, 0x05, 0x00, 0x00, 0x00, 0x00, 0xb8, 0xa7, 0x60, 0x1d,
    0xae, 0xa0, 0x50, 0xf2, 0xae, 0xa0, 0x50, 0xfe, 0xaf, 0xa0, 0x51, 0xfd, 0xaf, 0x9f, 0x51, 0xfe,
    0xae, 0x9f, 0x52, 0xfe, 0xae, 0x9f, 0x52, 0xfe, 0xae, 0xa0, 0x52, 0xfe, 0xae, 0x9f, 0x52, 0xfe,
    0xae, 0x9f, 0x50, 0xfe, 0xad, 0x9f, 0x52, 0xfe, 0xad, 0x9f, 0x51, 0xfe, 0xae, 0x9e, 0x50, 0xfe,
    0xae, 0x9f, 0x51, 0xfe, 0xae, 0x9f, 0x52, 0xfe, 0xae, 0xa0, 0x51, 0xfe, 0xb1, 0x9f, 0x50, 0xfc,
    0xb3, 0xa3, 0x51, 0xff, 0xb5, 0xa5, 0x53, 0xf8, 0xae, 0xa1, 0x50, 0x4f, 0x00, 0x00, 0x00, 0x00,
    0x9f, 0x9f, 0x5f, 0x08, 0x7f, 0x7f, 0x7f, 0x02, 0xff, 0xff, 0x00, 0x01, 0xff, 0xff, 0x00, 0x01,
    0xff, 0xff, 0x00, 0x01, 0x00, 0x00, 0x00, 0x00, 0x00, 0x00, 0x00, 0x00, 0x00, 0x00, 0x00, 0x00,
    0x00, 0x00, 0x00, 0x00, 0x00, 0x00, 0x00, 0x00, 0x00, 0x00, 0x00, 0x00, 0x00, 0x00, 0x00, 0x00,
    0xff, 0xff, 0x00, 0x01, 0xff, 0xff, 0x00, 0x01, 0xff, 0xff, 0x00, 0x01, 0xff, 0xff, 0x00, 0x01,
    0xff, 0xff, 0x00, 0x01, 0xff, 0xff, 0x00, 0x01, 0x99, 0x99, 0x33, 0x05, 0x00, 0x00, 0x00, 0x00,
    0xb1, 0xa2, 0x55, 0x90, 0xba, 0xaa, 0x56, 0xff, 0xad, 0x9f, 0x52, 0xfa, 0xad, 0x9e, 0x52, 0xfe,
    0xad, 0x9e, 0x52, 0xfe, 0xad, 0x9e, 0x52, 0xfe, 0xad, 0x9e, 0x51, 0xfe, 0xad, 0x9e, 0x51, 0xfe,
    0xad, 0x9e, 0x51, 0xfe, 0xad, 0x9e, 0x50, 0xfe, 0xad, 0x9e, 0x51, 0xfe, 0xad, 0x9f, 0x51, 0xfa,
    0xba, 0xa9, 0x54, 0xff, 0xaf, 0x9f, 0x4f, 0x83, 0x00, 0x00, 0x00, 0x00, 0xbf, 0xbf, 0x3f, 0x04,
    0x00, 0x00, 0x00, 0x00, 0x00, 0x00, 0x00, 0x00, 0x00, 0x00, 0x00, 0x00, 0x00, 0x00, 0x00, 0x00,
    0x00, 0x00, 0x00, 0x00, 0x00, 0x00, 0x00, 0x00, 0x00, 0x00, 0x00, 0x00, 0x00, 0x00, 0x00, 0x00,
    0x00, 0x00, 0x00, 0x00, 0x00, 0x00, 0x00, 0x00, 0x00, 0x00, 0x00, 0x00, 0x00, 0x00, 0x00, 0x00,
    0x00, 0x00, 0x00, 0x00, 0x00, 0x00, 0x00, 0x00, 0x00, 0x00, 0x00, 0x00, 0x00, 0x00, 0x00, 0x00,
    0x00, 0x00, 0x00, 0x00, 0x00, 0x00, 0x00, 0x00, 0x00, 0x00, 0x00, 0x00, 0x00, 0x00, 0x00, 0x00,
    0x00, 0x00, 0x00, 0x00, 0x00, 0x00, 0x00, 0x00, 0x00, 0x00, 0x00, 0x00, 0x00, 0x00, 0x00, 0x00,
    0x00, 0x00, 0x00, 0x00, 0x00, 0x00, 0x00, 0x00, 0x00, 0x00, 0x00, 0x00, 0x00, 0x00, 0x00, 0x00,
    0x00, 0x00, 0x00, 0x00, 0x00, 0x00, 0x00, 0x00, 0x00, 0x00, 0x00, 0x00, 0x00, 0x00, 0x00, 0x00,
    0x00, 0x00, 0x00, 0x00, 0x00, 0x00, 0x00, 0x00, 0x00, 0x00, 0x00, 0x00, 0x00, 0x00, 0x00, 0x00,
    0x00, 0x00, 0x00, 0x00, 0x00, 0x00, 0x00, 0x00, 0x00, 0x00, 0x00, 0x00, 0x00, 0x00, 0x00, 0x00,
    0x00, 0x00, 0x00, 0x00, 0x00, 0x00, 0x00, 0x00, 0x00, 0x00, 0x00, 0x00, 0x00, 0x00, 0x00, 0x00,
    0xbf, 0x7f, 0x3f, 0x04, 0x00, 0x00, 0x00, 0x00, 0xab, 0x9d, 0x4f, 0x86, 0xb6, 0xa6, 0x55, 0xff,
    0xad, 0x9e, 0x51, 0xfa, 0xad, 0x9f, 0x51, 0xfe, 0xad, 0x9f, 0x51, 0xfe, 0xad, 0x9e, 0x52, 0xfe,
    0xae, 0x9f, 0x52, 0xfe, 0xae, 0xa0, 0x52, 0xfe, 0xae, 0x9f, 0x53, 0xfe, 0xae, 0x9f, 0x52, 0xfe,
    0xae, 0xa0, 0x51, 0xfe, 0xb0, 0xa1, 0x50, 0xf9, 0xba, 0xa9, 0x55, 0xff, 0xb0, 0xa1, 0x53, 0x89,
    0x00, 0x00, 0x00, 0x00, 0x91, 0x91, 0x48, 0x07, 0x7f, 0x7f, 0x7f, 0x02, 0xff, 0xff, 0x00, 0x01,
    0xff, 0xff, 0x00, 0x01, 0xff, 0xff, 0x00, 0x01, 0xff, 0xff, 0x00, 0x01, 0x99, 0x99, 0x66, 0x05,
    0x00, 0x00, 0x00, 0x00, 0xb0, 0xa0, 0x51, 0xa5, 0xbb, 0xa9, 0x55, 0xfe, 0xb0, 0xa2, 0x52, 0xfa,
    0xaf, 0xa0, 0x53, 0xfe, 0xae, 0xa0, 0x53, 0xfe, 0xae, 0xa0, 0x52, 0xfe, 0xae, 0x9f, 0x53, 0xfe,
    0xae, 0x9f, 0x53, 0xfe, 0xae, 0xa0, 0x52, 0xfe, 0xae, 0x9f, 0x52, 0xfe, 0xaf, 0xa0, 0x53, 0xfe,
    0xaf, 0xa1, 0x52, 0xfe, 0xaf, 0xa1, 0x52, 0xfe, 0xb2, 0xa2, 0x51, 0xfa, 0xb9, 0xa8, 0x54, 0xff,
    0xb1, 0xa0, 0x53, 0xb8, 0xff, 0xff, 0xff, 0x01, 0xaa, 0xaa, 0x55, 0x06, 0xcc, 0xcc, 0x66, 0x05,
    0xbf, 0xbf, 0x7f, 0x04, 0xbf, 0xbf, 0x7f, 0x04, 0xaa, 0xaa, 0x55, 0x03, 0xaa, 0xaa, 0x7f, 0x06,
    0x00, 0x00, 0x00, 0x00, 0xb4, 0xa2, 0x58, 0x37, 0xb1, 0xa1, 0x4f, 0xff, 0xaf, 0x9f, 0x50, 0xfd,
    0xae, 0x9f, 0x52, 0xfe, 0xae, 0xa0, 0x52, 0xfe, 0xae, 0x9f, 0x52, 0xfe, 0xae, 0xa0, 0x51, 0xfe,
    0xae, 0xa0, 0x51, 0xfe, 0xae, 0x9f, 0x52, 0xfe, 0xad, 0x9e, 0x52, 0xfe, 0xae, 0x9f, 0x51, 0xfe,
    0xae, 0xa0, 0x51, 0xfe, 0xad, 0x9f, 0x50, 0xfe, 0xad, 0x9e, 0x52, 0xfe, 0xae, 0x9f, 0x51, 0xfe,
    0xae, 0xa0, 0x50, 0xfd, 0xb1, 0x9f, 0x4f, 0xfc, 0xb2, 0xa4, 0x51, 0xf1, 0xae, 0x9d, 0x53, 0x4c,
    0x00, 0x00, 0x00, 0x00, 0x9f, 0x9f, 0x5f, 0x08, 0x7f, 0x7f, 0x7f, 0x02, 0xff, 0xff, 0x00, 0x01,
    0xff, 0xff, 0x00, 0x01, 0x00, 0x00, 0x00, 0x00, 0x00, 0x00, 0x00, 0x00, 0x00, 0x00, 0x00, 0x00,
    0x00, 0x00, 0x00, 0x00, 0x00, 0x00, 0x00, 0x00, 0x00, 0x00, 0x00, 0x00, 0x00, 0x00, 0x00, 0x00,
    0x00, 0x00, 0x00, 0x00, 0x00, 0x00, 0x00, 0x00, 0xff, 0xff, 0x00, 0x01, 0xff, 0xff, 0x00, 0x01,
    0xff, 0xff, 0x00, 0x01, 0x00, 0x00, 0x00, 0x00, 0xff, 0xff, 0x00, 0x01, 0xff, 0xff, 0x00, 0x01,
    0x99, 0x99, 0x33, 0x05, 0x00, 0x00, 0x00, 0x00, 0xb1, 0xa3, 0x54, 0x91, 0xba, 0xab, 0x56, 0xff,
    0xad, 0x9f, 0x50, 0xfa, 0xad, 0x9e, 0x51, 0xfe, 0xad, 0x9f, 0x50, 0xfe, 0xad, 0x9e, 0x51, 0xfe,
    0xad, 0x9e, 0x50, 0xfe, 0xac, 0x9d, 0x50, 0xfe, 0xac, 0x9d, 0x50, 0xfe, 0xac, 0x9d, 0x4f, 0xfe,
    0xad, 0x9e, 0x50, 0xfe, 0xad, 0x9f, 0x51, 0xfa, 0xba, 0xaa, 0x56, 0xff, 0xb1, 0xa2, 0x51, 0x84,
    0x00, 0x00, 0x00, 0x00, 0xbf, 0x7f, 0x3f, 0x04, 0x00, 0x00, 0x00, 0x00, 0x00, 0x00, 0x00, 0x00,
    0x00, 0x00, 0x00, 0x00, 0x00, 0x00, 0x00, 0x00, 0x00, 0x00, 0x00, 0x00, 0x00, 0x00, 0x00, 0x00,
    0x00, 0x00, 0x00, 0x00, 0x00, 0x00, 0x00, 0x00, 0x00, 0x00, 0x00, 0x00, 0x00, 0x00, 0x00, 0x00,
    0x00, 0x00, 0x00, 0x00, 0x00, 0x00, 0x00, 0x00, 0x00, 0x00, 0x00, 0x00, 0x00, 0x00, 0x00, 0x00,
    0x00, 0x00, 0x00, 0x00, 0x00, 0x00, 0x00, 0x00, 0x00, 0x00, 0x00, 0x00, 0x00, 0x00, 0x00, 0x00,
    0x00, 0x00, 0x00, 0x00, 0x00, 0x00, 0x00, 0x00, 0x00, 0x00, 0x00, 0x00, 0x00, 0x00, 0x00, 0x00,
    0x00, 0x00, 0x00, 0x00, 0x00, 0x00, 0x00, 0x00, 0x00, 0x00, 0x00, 0x00, 0x00, 0x00, 0x00, 0x00,
    0x00, 0x00, 0x00, 0x00, 0x00, 0x00, 0x00, 0x00, 0x00, 0x00, 0x00, 0x00, 0x00, 0x00, 0x00, 0x00,
    0x00, 0x00, 0x00, 0x00, 0x00, 0x00, 0x00, 0x00, 0x00, 0x00, 0x00, 0x00, 0x00, 0x00, 0x00, 0x00,
    0x00, 0x00, 0x00, 0x00, 0x00, 0x00, 0x00, 0x00, 0x00, 0x00, 0x00, 0x00, 0x00, 0x00, 0x00, 0x00,
    0x00, 0x00, 0x00, 0x00, 0x00, 0x00, 0x00, 0x00, 0x00, 0x00, 0x00, 0x00, 0x00, 0x00, 0x00, 0x00,
    0x00, 0x00, 0x00, 0x00, 0x00, 0x00, 0x00, 0x00, 0xbf, 0x7f, 0x3f, 0x04, 0x00, 0x00, 0x00, 0x00,
    0xab, 0x9c, 0x4f, 0x84, 0xb7, 0xa7, 0x54, 0xff, 0xad, 0x9e, 0x51, 0xfa, 0xad, 0x9e, 0x52, 0xfe,
    0xad, 0x9f, 0x52, 0xfe, 0xae, 0xa0, 0x52, 0xfe, 0xae, 0x9f, 0x52, 0xfe, 0xad, 0x9e, 0x52, 0xfe,
    0xae, 0x9f, 0x52, 0xfe, 0xae, 0x9f, 0x53, 0xfe, 0xaf, 0x9f, 0x52, 0xfe, 0xb0, 0xa0, 0x4f, 0xf9,
    0xba, 0xa8, 0x54, 0xff, 0xb0, 0xa1, 0x52, 0x88, 0x00, 0x00, 0x00, 0x00, 0xb6, 0x91, 0x48, 0x07,
    0x7f, 0x7f, 0x7f, 0x02, 0x7f, 0x7f, 0x7f, 0x02, 0xff, 0xff, 0x00, 0x01, 0xff, 0xff, 0x00, 0x01,
    0x7f, 0x7f, 0x7f, 0x02, 0xaa, 0x55, 0x55, 0x03, 0x7f, 0xff, 0x7f, 0x02, 0xb1, 0xa2, 0x52, 0xc9,
    0xb7, 0xa6, 0x53, 0xff, 0xb0, 0xa1, 0x51, 0xfb, 0xae, 0x9f, 0x51, 0xfe, 0xae, 0xa0, 0x51, 0xfe,
    0xae, 0x9f, 0x53, 0xfe, 0xae, 0x9f, 0x52, 0xfe, 0xae, 0xa0, 0x52, 0xfe, 0xae, 0x9f, 0x53, 0xfe,
    0xae, 0x9f, 0x53, 0xfe, 0xaf, 0xa0, 0x51, 0xfe, 0xaf, 0xa1, 0x52, 0xfe, 0xaf, 0xa1, 0x52, 0xfe,
    0xb1, 0xa1, 0x52, 0xfb, 0xba, 0xa9, 0x55, 0xff, 0xb1, 0xa0, 0x53, 0xaf, 0x00, 0x00, 0x00, 0x00,
    0xbf, 0x9f, 0x5f, 0x08, 0x99, 0x99, 0x66, 0x05, 0xbf, 0xbf, 0x7f, 0x04, 0xbf, 0xbf, 0x7f, 0x04,
    0xaa, 0xaa, 0x55, 0x03, 0xaa, 0xaa, 0x7f, 0x06, 0x00, 0x00, 0x00, 0x00, 0xb1, 0xa0, 0x58, 0x2e,
    0xb1, 0xa0, 0x51, 0xfc, 0xaf, 0x9f, 0x50, 0xfe, 0xad, 0x9f, 0x50, 0xfe, 0xae, 0xa0, 0x51, 0xfe,
    0xae, 0xa0, 0x51, 0xfe, 0xae, 0xa0, 0x51, 0xfe, 0xae, 0xa0, 0x51, 0xfe, 0xae, 0x9f, 0x52, 0xfe,
    0xae, 0x9f, 0x53, 0xfe, 0xad, 0x9e, 0x52, 0xfe, 0xad, 0x9f, 0x51, 0xfe, 0xad, 0x9e, 0x51, 0xfe,
    0xad, 0x9f, 0x51, 0xfe, 0xad, 0x9e, 0x52, 0xfe, 0xac, 0x9e, 0x51, 0xfb, 0xb8, 0xa7, 0x54, 0xff,
    0xad, 0x9e, 0x51, 0xa9, 0x00, 0x00, 0x00, 0x00, 0xa2, 0xa2, 0x45, 0x0b, 0x7f, 0x7f, 0x7f, 0x02,
    0x7f, 0x7f, 0x7f, 0x02, 0xff, 0xff, 0x00, 0x01, 0xff, 0xff, 0x00, 0x01, 0x00, 0x00, 0x00, 0x00,
    0x00, 0x00, 0x00, 0x00, 0x00, 0x00, 0x00, 0x00, 0x00, 0x00, 0x00, 0x00, 0x00, 0x00, 0x00, 0x00,
    0x00, 0x00, 0x00, 0x00, 0x00, 0x00, 0x00, 0x00, 0x00, 0x00, 0x00, 0x00, 0x00, 0x00, 0x00, 0x00,
    0x00, 0x00, 0x00, 0x00, 0x00, 0x00, 0x00, 0x00, 0x00, 0x00, 0x00, 0x00, 0x00, 0x00, 0x00, 0x00,
    0x00, 0x00, 0x00, 0x00, 0xff, 0xff, 0x00, 0x01, 0xcc, 0x99, 0x66, 0x05, 0x00, 0x00, 0x00, 0x00,
    0xb2, 0xa4, 0x53, 0x8f, 0xba, 0xaa, 0x56, 0xff, 0xad, 0x9f, 0x50, 0xfa, 0xad, 0x9e, 0x51, 0xfe,
    0xad, 0x9f, 0x51, 0xfe, 0xad, 0x9e, 0x52, 0xfe, 0xad, 0x9e, 0x51, 0xfe, 0xac, 0x9d, 0x50, 0xfe,
    0xac, 0x9d, 0x50, 0xfe, 0xac, 0x9d, 0x51, 0xfe, 0xad, 0x9e, 0x52, 0xfe, 0xad, 0x9e, 0x52, 0xfa,
    0xb9, 0xaa, 0x56, 0xff, 0xaf, 0xa1, 0x51, 0x83, 0x00, 0x00, 0x00, 0x00, 0xbf, 0x7f, 0x3f, 0x04,
    0x00, 0x00, 0x00, 0x00, 0x00, 0x00, 0x00, 0x00, 0x00, 0x00, 0x00, 0x00, 0x00, 0x00, 0x00, 0x00,
    0x00, 0x00, 0x00, 0x00, 0x00, 0x00, 0x00, 0x00, 0x00, 0x00, 0x00, 0x00, 0x00, 0x00, 0x00, 0x00,
    0x00, 0x00, 0x00, 0x00, 0x00, 0x00, 0x00, 0x00, 0x00, 0x00, 0x00, 0x00, 0x00, 0x00, 0x00, 0x00,
    0x00, 0x00, 0x00, 0x00, 0x00, 0x00, 0x00, 0x00, 0x00, 0x00, 0x00, 0x00, 0x00, 0x00, 0x00, 0x00,
    0x00, 0x00, 0x00, 0x00, 0x00, 0x00, 0x00, 0x00, 0x00, 0x00, 0x00, 0x00, 0x00, 0x00, 0x00, 0x00,
    0x00, 0x00, 0x00, 0x00, 0x00, 0x00, 0x00, 0x00, 0x00, 0x00, 0x00, 0x00, 0x00, 0x00, 0x00, 0x00,
    0x00, 0x00, 0x00, 0x00, 0x00, 0x00, 0x00, 0x00, 0x00, 0x00, 0x00, 0x00, 0x00, 0x00, 0x00, 0x00,
    0x00, 0x00, 0x00, 0x00, 0x00, 0x00, 0x00, 0x00, 0x00, 0x00, 0x00, 0x00, 0x00, 0x00, 0x00, 0x00,
    0x00, 0x00, 0x00, 0x00, 0x00, 0x00, 0x00, 0x00, 0x00, 0x00, 0x00, 0x00, 0x00, 0x00, 0x00, 0x00,
    0x00, 0x00, 0x00, 0x00, 0x00, 0x00, 0x00, 0x00, 0x00, 0x00, 0x00, 0x00, 0x00, 0x00, 0x00, 0x00,
    0x00, 0x00, 0x00, 0x00, 0x00, 0x00, 0x00, 0x00, 0x00, 0x00, 0x00, 0x00, 0x00, 0x00, 0x00, 0x00,
    0xbf, 0x7f, 0x3f, 0x04, 0x00, 0x00, 0x00, 0x00, 0xaf, 0x9e, 0x51, 0x84, 0xb8, 0xa8, 0x55, 0xff,
    0xac, 0x9e, 0x50, 0xfa, 0xad, 0x9e, 0x52, 0xfe, 0xad, 0x9e, 0x52, 0xfe, 0xae, 0x9f, 0x52, 0xfe,
    0xae, 0xa0, 0x52, 0xfe, 0xae, 0x9f, 0x53, 0xfe, 0xad, 0x9f, 0x52, 0xfe, 0xae, 0x9f, 0x52, 0xfe,
    0xae, 0x9f, 0x52, 0xfe, 0xad, 0xa0, 0x50, 0xfa, 0xba, 0xa9, 0x54, 0xff, 0xb2, 0xa1, 0x52, 0x88,
    0x00, 0x00, 0x00, 0x00, 0xb6, 0x91, 0x48, 0x07, 0x7f, 0x7f, 0x7f, 0x02, 0x7f, 0x7f, 0x7f, 0x02,
    0x7f, 0x7f, 0x00, 0x02, 0xff, 0xff, 0x00, 0x01, 0x7f, 0x7f, 0x7f, 0x02, 0x7f, 0x7f, 0x7f, 0x02,
    0xaa, 0xaa, 0xaa, 0x03, 0xb0, 0xa1, 0x50, 0xcd, 0xb6, 0xa7, 0x53, 0xff, 0xaf, 0xa1, 0x50, 0xfb,
    0xb0, 0xa1, 0x50, 0xfd, 0xaf, 0x9f, 0x52, 0xfe, 0xae, 0xa0, 0x52, 0xfe, 0xae, 0x9f, 0x53, 0xfe,
    0xae, 0x9f, 0x53, 0xfe, 0xae, 0x9f, 0x53, 0xfe, 0xae, 0x9f, 0x52, 0xfe, 0xaf, 0xa1, 0x51, 0xfe,
    0xaf, 0xa1, 0x52, 0xfe, 0xb0, 0xa1, 0x52, 0xfe, 0xb1, 0xa0, 0x52, 0xfe, 0xb0, 0xa1, 0x50, 0xfb,
    0xb9, 0xa9, 0x55, 0xff, 0xb2, 0xa1, 0x54, 0x85, 0x00, 0x00, 0x00, 0x00, 0xbf, 0x9f, 0x5f, 0x08,
    0xbf, 0xbf, 0x7f, 0x04, 0xbf, 0xbf, 0x7f, 0x04, 0xaa, 0xaa, 0x55, 0x03, 0xbf, 0xbf, 0x7f, 0x04,
    0xaa, 0xaa, 0xaa, 0x03, 0xb9, 0xa2, 0x5c, 0x0b, 0xaf, 0xa0, 0x50, 0xdb, 0xb4, 0xa4, 0x50, 0xfd,
    0xae, 0x9f, 0x50, 0xfb, 0xad, 0x9f, 0x51, 0xfe, 0xae, 0xa0, 0x51, 0xfe, 0xae, 0xa0, 0x51, 0xfe,
    0xae, 0x9f, 0x52, 0xfe, 0xae, 0x9f, 0x53, 0xfe, 0xae, 0xa0, 0x52, 0xfe, 0xad, 0x9f, 0x52, 0xfe,
    0xad, 0x9e, 0x52, 0xfe, 0xad, 0x9e, 0x52, 0xfe, 0xad, 0x9e, 0x51, 0xfe, 0xad, 0x9e, 0x52, 0xfe,
    0xad, 0x9e, 0x52, 0xfd, 0xb0, 0xa2, 0x51, 0xfd, 0xb2, 0xa3, 0x52, 0xe9, 0xac, 0xa0, 0x52, 0x3e,
    0x00, 0x00, 0x00, 0x00, 0xaa, 0x7f, 0x55, 0x06, 0x7f, 0x7f, 0x7f, 0x02, 0xff, 0xff, 0x00, 0x01,
    0xff, 0xff, 0x00, 0x01, 0x00, 0x00, 0x00, 0x00, 0x00, 0x00, 0x00, 0x00, 0x00, 0x00, 0x00, 0x00,
    0x00, 0x00, 0x00, 0x00, 0x00, 0x00, 0x00, 0x00, 0x00, 0x00, 0x00, 0x00, 0x00, 0x00, 0x00, 0x00,
    0x00, 0x00, 0x00, 0x00, 0x00, 0x00, 0x00, 0x00, 0x00, 0x00, 0x00, 0x00, 0x00, 0x00, 0x00, 0x00,
    0x00, 0x00, 0x00, 0x00, 0x00, 0x00, 0x00, 0x00, 0x00, 0x00, 0x00, 0x00, 0xff, 0xff, 0x00, 0x01,
    0xcc, 0x99, 0x33, 0x05, 0x00, 0x00, 0x00, 0x00, 0xb1, 0xa1, 0x52, 0x91, 0xb9, 0xaa, 0x54, 0xff,
    0xad, 0x9f, 0x52, 0xfa, 0xad, 0x9f, 0x51, 0xfe, 0xad, 0x9e, 0x52, 0xfe, 0xad, 0x9f, 0x52, 0xfe,
    0xad, 0x9e, 0x51, 0xfe, 0xac, 0x9d, 0x50, 0xfe, 0xac, 0x9d, 0x50, 0xfe, 0xac, 0x9d, 0x50, 0xfe,
    0xac, 0x9d, 0x50, 0xfe, 0xad, 0x9f, 0x50, 0xfa, 0xb9, 0xaa, 0x55, 0xff, 0xad, 0x9f, 0x4f, 0x86,
    0x00, 0x00, 0x00, 0x00, 0xbf, 0x7f, 0x3f, 0x04, 0x00, 0x00, 0x00, 0x00, 0x00, 0x00, 0x00, 0x00,
    0x00, 0x00, 0x00, 0x00, 0x00, 0x00, 0x00, 0x00, 0x00, 0x00, 0x00, 0x00, 0x00, 0x00, 0x00, 0x00,
    0x00, 0x00, 0x00, 0x00, 0x00, 0x00, 0x00, 0x00, 0x00, 0x00, 0x00, 0x00, 0x00, 0x00, 0x00, 0x00,
    0x00, 0x00, 0x00, 0x00, 0x00, 0x00, 0x00, 0x00, 0x00, 0x00, 0x00, 0x00, 0x00, 0x00, 0x00, 0x00,
    0x00, 0x00, 0x00, 0x00, 0x00, 0x00, 0x00, 0x00, 0x00, 0x00, 0x00, 0x00, 0x00, 0x00, 0x00, 0x00,
    0x00, 0x00, 0x00, 0x00, 0x00, 0x00, 0x00, 0x00, 0x00, 0x00, 0x00, 0x00, 0x00, 0x00, 0x00, 0x00,
    0x00, 0x00, 0x00, 0x00, 0x00, 0x00, 0x00, 0x00, 0x00, 0x00, 0x00, 0x00, 0x00, 0x00, 0x00, 0x00,
    0x00, 0x00, 0x00, 0x00, 0x00, 0x00, 0x00, 0x00, 0x00, 0x00, 0x00, 0x00, 0x00, 0x00, 0x00, 0x00,
    0x00, 0x00, 0x00, 0x00, 0x00, 0x00, 0x00, 0x00, 0x00, 0x00, 0x00, 0x00, 0x00, 0x00, 0x00, 0x00,
    0x00, 0x00, 0x00, 0x00, 0x00, 0x00, 0x00, 0x00, 0x00, 0x00, 0x00, 0x00, 0x00, 0x00, 0x00, 0x00,
    0x00, 0x00, 0x00, 0x00, 0x00, 0x00, 0x00, 0x00, 0x00, 0x00, 0x00, 0x00, 0x00, 0x00, 0x00, 0x00,
    0x00, 0x00, 0x00, 0x00, 0x00, 0x00, 0x00, 0x00, 0xbf, 0x7f, 0x3f, 0x04, 0x00, 0x00, 0x00, 0x00,
    0xaf, 0x9e, 0x51, 0x84, 0xb8, 0xa8, 0x55, 0xff, 0xac, 0x9e, 0x50, 0xfa, 0xad, 0x9e, 0x52, 0xfe,
    0xad, 0x9f, 0x51, 0xfe, 0xae, 0x9f, 0x53, 0xfe, 0xae, 0x9f, 0x53, 0xfe, 0xae, 0xa0, 0x53, 0xfe,
    0xad, 0x9e, 0x52, 0xfe, 0xad, 0x9e, 0x51, 0xfe, 0xad, 0x9e, 0x51, 0xfe, 0xae, 0x9e, 0x52, 0xfa,
    0xba, 0xa9, 0x55, 0xff, 0xb0, 0xa1, 0x50, 0x89, 0x00, 0x00, 0x00, 0x00, 0xb6, 0xb6, 0x48, 0x07,
    0x7f, 0x7f, 0x7f, 0x02, 0x7f, 0x7f, 0x7f, 0x02, 0x7f, 0x7f, 0x7f, 0x02, 0xff, 0xff, 0x00, 0x01,
    0x7f, 0x7f, 0x7f, 0x02, 0x99, 0x99, 0x66, 0x05, 0x00, 0x00, 0x00, 0x00, 0xb0, 0xa1, 0x51, 0xac,
    0xb9, 0xaa, 0x56, 0xfe, 0xb0, 0xa0, 0x53, 0xfb, 0xae, 0x9f, 0x51, 0xfe, 0xae, 0x9f, 0x53, 0xfe,
    0xaf, 0x9f, 0x53, 0xfe, 0xaf, 0x9f, 0x52, 0xfe, 0xae, 0xa0, 0x52, 0xfe, 0xae, 0xa0, 0x52, 0xfe,
    0xae, 0x9f, 0x53, 0xfe, 0xaf, 0xa0, 0x52, 0xfe, 0xaf, 0xa1, 0x52, 0xfe, 0xb0, 0x9f, 0x51, 0xfe,
    0xb1, 0xa0, 0x50, 0xfd, 0xae, 0x9f, 0x51, 0xfe, 0xb0, 0xa0, 0x51, 0xfb, 0xba, 0xaa, 0x56, 0xff,
    0xb1, 0xa2, 0x54, 0x79, 0x00, 0x00, 0x00, 0x00, 0xbf, 0x9f, 0x5f, 0x08, 0xaa, 0xaa, 0x55, 0x03,
    0xaa, 0xaa, 0x55, 0x03, 0xbf, 0xbf, 0x7f, 0x04, 0x9f, 0x9f, 0x5f, 0x08, 0x00, 0x00, 0x00, 0x00,
    0xb0, 0xa1, 0x50, 0x62, 0xbb, 0xaa, 0x53, 0xff, 0xb0, 0x9e, 0x50, 0xf9, 0xad, 0x9f, 0x52, 0xfe,
    0xae, 0xa0, 0x51, 0xfe, 0xae, 0x9f, 0x52, 0xfe, 0xae, 0x9f, 0x53, 0xfe, 0xae, 0x9f, 0x53, 0xfe,
    0xae, 0x9f, 0x53, 0xfe, 0xad, 0x9e, 0x52, 0xfe, 0xad, 0x9f, 0x51, 0xfe, 0xad, 0x9e, 0x52, 0xfe,
    0xad, 0x9f, 0x51, 0xfe, 0xad, 0x9e, 0x51, 0xfe, 0xae, 0x9f, 0x52, 0xfe, 0xae, 0xa0, 0x50, 0xfd,
    0xb2, 0xa4, 0x51, 0xff, 0xb6, 0xa4, 0x54, 0xf2, 0xb0, 0xa0, 0x52, 0x41, 0x00, 0x00, 0x00, 0x00,
    0xb6, 0x91, 0x48, 0x07, 0x7f, 0x7f, 0x7f, 0x02, 0xff, 0xff, 0x00, 0x01, 0xff, 0xff, 0x00, 0x01,
    0x00, 0x00, 0x00, 0x00, 0x00, 0x00, 0x00, 0x00, 0x00, 0x00, 0x00, 0x00, 0x00, 0x00, 0x00, 0x00,
    0x00, 0x00, 0x00, 0x00, 0xff, 0xff, 0x00, 0x01, 0x00, 0x00, 0x00, 0x00, 0x00, 0x00, 0x00, 0x00,
    0x00, 0x00, 0x00, 0x00, 0x00, 0x00, 0x00, 0x00, 0x00, 0x00, 0x00, 0x00, 0x00, 0x00, 0x00, 0x00,
    0x00, 0x00, 0x00, 0x00, 0xff, 0xff, 0x00, 0x01, 0x99, 0x99, 0x33, 0x05, 0x00, 0x00, 0x00, 0x00,
    0xaf, 0x9f, 0x4f, 0x93, 0xb9, 0xa9, 0x55, 0xff, 0xad, 0x9f, 0x52, 0xfa, 0xad, 0x9e, 0x52, 0xfe,
    0xad, 0x9f, 0x50, 0xfe, 0xad, 0x9e, 0x50, 0xfe, 0xad, 0x9e, 0x51, 0xfe, 0xac, 0x9d, 0x50, 0xfe,
    0xac, 0x9d, 0x50, 0xfe, 0xac, 0x9d, 0x50, 0xfe, 0xac, 0x9d, 0x4f, 0xfe, 0xad, 0x9f, 0x4f, 0xfa,
    0xb9, 0xa9, 0x54, 0xff, 0xad, 0x9e, 0x4d, 0x87, 0x00, 0x00, 0x00, 0x00, 0xbf, 0x7f, 0x3f, 0x04,
    0x00, 0x00, 0x00, 0x00, 0x00, 0x00, 0x00, 0x00, 0x00, 0x00, 0x00, 0x00, 0x00, 0x00, 0x00, 0x00,
    0x00, 0x00, 0x00, 0x00, 0x00, 0x00, 0x00, 0x00, 0x00, 0x00, 0x00, 0x00, 0x00, 0x00, 0x00, 0x00,
    0x00, 0x00, 0x00, 0x00, 0x00, 0x00, 0x00, 0x00, 0x00, 0x00, 0x00, 0x00, 0x00, 0x00, 0x00, 0x00,
    0x00, 0x00, 0x00, 0x00, 0x00, 0x00, 0x00, 0x00, 0x00, 0x00, 0x00, 0x00, 0x00, 0x00, 0x00, 0x00,
    0x00, 0x00, 0x00, 0x00, 0x00, 0x00, 0x00, 0x00, 0x00, 0x00, 0x00, 0x00, 0x00, 0x00, 0x00, 0x00,
    0x00, 0x00, 0x00, 0x00, 0x00, 0x00, 0x00, 0x00, 0x00, 0x00, 0x00, 0x00, 0x00, 0x00, 0x00, 0x00,
    0x00, 0x00, 0x00, 0x00, 0x00, 0x00, 0x00, 0x00, 0x00, 0x00, 0x00, 0x00, 0x00, 0x00, 0x00, 0x00,
    0x00, 0x00, 0x00, 0x00, 0x00, 0x00, 0x00, 0x00, 0x00, 0x00, 0x00, 0x00, 0x00, 0x00, 0x00, 0x00,
    0x00, 0x00, 0x00, 0x00, 0x00, 0x00, 0x00, 0x00, 0x00, 0x00, 0x00, 0x00, 0x00, 0x00, 0x00, 0x00,
    0x00, 0x00, 0x00, 0x00, 0x00, 0x00, 0x00, 0x00, 0x00, 0x00, 0x00, 0x00, 0x00, 0x00, 0x00, 0x00,
    0x00, 0x00, 0x00, 0x00, 0x00, 0x00, 0x00, 0x00, 0x00, 0x00, 0x00, 0x00, 0x00, 0x00, 0x00, 0x00,
    0xbf, 0x7f, 0x3f, 0x04, 0x00, 0x00, 0x00, 0x00, 0xab, 0x9e, 0x4f, 0x84, 0xb8, 0xa8, 0x55, 0xff,
    0xad, 0x9e, 0x50, 0xfa, 0xad, 0x9e, 0x51, 0xfe, 0xad, 0x9f, 0x51, 0xfe, 0xae, 0x9e, 0x53, 0xfe,
    0xae, 0x9f, 0x53, 0xfe, 0xae, 0xa0, 0x51, 0xfe, 0xae, 0x9f, 0x53, 0xfe, 0xad, 0x9f, 0x52, 0xfe,
    0xad, 0x9e, 0x52, 0xfe, 0xaf, 0x9e, 0x51, 0xfa, 0xbb, 0xaa, 0x54, 0xff, 0xb0, 0xa1, 0x53, 0x89,
    0x00, 0x00, 0x00, 0x00, 0xb6, 0xb6, 0x48, 0x07, 0x7f, 0x7f, 0x7f, 0x02, 0xff, 0xff, 0x00, 0x01,
    0xff, 0xff, 0x00, 0x01, 0xff, 0xff, 0x00, 0x01, 0xff, 0xff, 0x00, 0x01, 0x99, 0x99, 0x66, 0x05,
    0x00, 0x00, 0x00, 0x00, 0xb4, 0xa4, 0x57, 0x60, 0xbb, 0xac, 0x58, 0xff, 0xb0, 0x9f, 0x51, 0xf9,
    0xb0, 0xa1, 0x52, 0xfd, 0xae, 0x9f, 0x52, 0xfe, 0xae, 0xa0, 0x52, 0xfe, 0xae, 0x9f, 0x52, 0xfe,
    0xae, 0xa0, 0x52, 0xfe, 0xae, 0xa0, 0x52, 0xfe, 0xae, 0x9f, 0x52, 0xfe, 0xaf, 0x9f, 0x53, 0xfe,
    0xaf, 0xa0, 0x53, 0xfe, 0xaf, 0x9f, 0x52, 0xfe, 0xae, 0xa0, 0x51, 0xfe, 0xb0, 0x9f, 0x51, 0xfe,
    0xaf, 0xa0, 0x51, 0xfd, 0xaf, 0xa2, 0x52, 0xfb, 0xba, 0xaa, 0x56, 0xff, 0xb1, 0x9e, 0x55, 0x6c,
    0x00, 0x00, 0x00, 0x00, 0xbf, 0x9f, 0x5f, 0x08, 0xaa, 0xaa, 0x55, 0x03, 0xbf, 0xbf, 0x7f, 0x04,
    0xbf, 0xbf, 0x7f, 0x04, 0xaa, 0xaa, 0x55, 0x06, 0x01, 0x00, 0x01, 0x00, 0xaf, 0xa0, 0x51, 0xa0,
    0xbb, 0xaa, 0x54, 0xff, 0xaf, 0x9f, 0x50, 0xf9, 0xae, 0xa0, 0x52, 0xfe, 0xae, 0x9f, 0x53, 0xfe,
    0xae, 0x9f, 0x53, 0xfe, 0xae, 0x9f, 0x53, 0xfe, 0xae, 0x9f, 0x53, 0xfe, 0xae, 0x9f, 0x53, 0xfe,
    0xae, 0x9f, 0x52, 0xfe, 0xae, 0x9f, 0x52, 0xfe, 0xae, 0x9f, 0x52, 0xfe, 0xae, 0x9f, 0x53, 0xfe,
    0xae, 0xa0, 0x52, 0xfe, 0xae, 0xa0, 0x52, 0xfe, 0xaf, 0xa0, 0x50, 0xfb, 0xb3, 0xa4, 0x52, 0xff,
    0xb4, 0xa4, 0x52, 0xf2, 0xb1, 0xa2, 0x51, 0x42, 0x00, 0x00, 0x00, 0x00, 0xaa, 0xaa, 0x55, 0x06,
    0xff, 0xff, 0xff, 0x01, 0xff, 0xff, 0x00, 0x01, 0xff, 0xff, 0x00, 0x01, 0x00, 0x00, 0x00, 0x00,
    0x00, 0x00, 0x00, 0x00, 0x00, 0x00, 0x00, 0x00, 0x00, 0x00, 0x00, 0x00, 0x00, 0x00, 0x00, 0x00,
    0x00, 0x00, 0x00, 0x00, 0x00, 0x00, 0x00, 0x00, 0x00, 0x00, 0x00, 0x00, 0x00, 0x00, 0x00, 0x00,
    0x00, 0x00, 0x00, 0x00, 0x00, 0x00, 0x00, 0x00, 0xff, 0xff, 0x00, 0x01, 0xff, 0xff, 0x00, 0x01,
    0xcc, 0x99, 0x33, 0x05, 0x00, 0x00, 0x00, 0x00, 0xb1, 0xa1, 0x52, 0x91, 0xb9, 0xaa, 0x55, 0xff,
    0xad, 0x9f, 0x52, 0xfa, 0xad, 0x9e, 0x52, 0xfe, 0xad, 0x9e, 0x51, 0xfe, 0xac, 0x9d, 0x50, 0xfe,
    0xac, 0x9d, 0x50, 0xfe, 0xac, 0x9d, 0x50, 0xfe, 0xac, 0x9d, 0x50, 0xfe, 0xac, 0x9d, 0x4f, 0xfe,
    0xac, 0x9e, 0x50, 0xfe, 0xae, 0x9e, 0x4f, 0xfa, 0xba, 0xa8, 0x52, 0xff, 0xad, 0x9e, 0x4d, 0x87,
    0x00, 0x00, 0x00, 0x00, 0xbf, 0x7f, 0x3f, 0x04, 0x00, 0x00, 0x00, 0x00, 0x00, 0x00, 0x00, 0x00,
    0x00, 0x00, 0x00, 0x00, 0x00, 0x00, 0x00, 0x00, 0x00, 0x00, 0x00, 0x00, 0x00, 0x00, 0x00, 0x00,
    0x00, 0x00, 0x00, 0x00, 0x00, 0x00, 0x00, 0x00, 0x00, 0x00, 0x00, 0x00, 0x00, 0x00, 0x00, 0x00,
    0x00, 0x00, 0x00, 0x00, 0x00, 0x00, 0x00, 0x00, 0x00, 0x00, 0x00, 0x00, 0x00, 0x00, 0x00, 0x00,
    0x00, 0x00, 0x00, 0x00, 0x00, 0x00, 0x00, 0x00, 0x00, 0x00, 0x00, 0x00, 0x00, 0x00, 0x00, 0x00,
    0x00, 0x00, 0x00, 0x00, 0x00, 0x00, 0x00, 0x00, 0x00, 0x00, 0x00, 0x00, 0x00, 0x00, 0x00, 0x00,
    0x00, 0x00, 0x00, 0x00, 0x00, 0x00, 0x00, 0x00, 0x00, 0x00, 0x00, 0x00, 0x00, 0x00, 0x00, 0x00,
    0x00, 0x00, 0x00, 0x00, 0x00, 0x00, 0x00, 0x00, 0x00, 0x00, 0x00, 0x00, 0x00, 0x00, 0x00, 0x00,
    0x00, 0x00, 0x00, 0x00, 0x00, 0x00, 0x00, 0x00, 0x00, 0x00, 0x00, 0x00, 0x00, 0x00, 0x00, 0x00,
    0x00, 0x00, 0x00, 0x00, 0x00, 0x00, 0x00, 0x00, 0x00, 0x00, 0x00, 0x00, 0x00, 0x00, 0x00, 0x00,
    0x00, 0x00, 0x00, 0x00, 0x00, 0x00, 0x00, 0x00, 0x00, 0x00, 0x00, 0x00, 0x00, 0x00, 0x00, 0x00,
    0x00, 0x00, 0x00, 0x00, 0x00, 0x00, 0x00, 0x00, 0xbf, 0x7f, 0x3f, 0x04, 0x00, 0x00, 0x00, 0x00,
    0xaf, 0x9e, 0x51, 0x84, 0xb8, 0xa8, 0x55, 0xff, 0xac, 0x9d, 0x4f, 0xfa, 0xad, 0x9e, 0x51, 0xfe,
    0xad, 0x9e, 0x52, 0xfe, 0xad, 0x9e, 0x52, 0xfe, 0xae, 0xa0, 0x52, 0xfe, 0xae, 0x9f, 0x52, 0xfe,
    0xae, 0x9f, 0x52, 0xfe, 0xae, 0x9f, 0x52, 0xfe, 0xae, 0x9e, 0x53, 0xfe, 0xb1, 0xa0, 0x51, 0xf9,
    0xbc, 0xaa, 0x55, 0xff, 0xb3, 0xa2, 0x53, 0x87, 0x00, 0x00, 0x00, 0x00, 0x91, 0x91, 0x48, 0x07,
    0x7f, 0x7f, 0x7f, 0x02, 0xff, 0xff, 0x00, 0x01, 0xff, 0xff, 0x00, 0x01, 0xff, 0xff, 0x00, 0x01,
    0xff, 0xff, 0x00, 0x01, 0x7f, 0x7f, 0x7f, 0x02, 0xaa, 0xaa, 0x55, 0x03, 0xb9, 0xb9, 0x5c, 0x0b,
    0xb1, 0xa1, 0x51, 0xd8, 0xb8, 0xa8, 0x54, 0xff, 0xb0, 0xa2, 0x51, 0xfa, 0xaf, 0xa0, 0x53, 0xfe,
    0xae, 0x9f, 0x53, 0xfe, 0xae, 0x9f, 0x53, 0xfe, 0xae, 0x9f, 0x53, 0xfe, 0xae, 0x9f, 0x53, 0xfe,
    0xae, 0x9f, 0x53, 0xfe, 0xae, 0xa0, 0x52, 0xfe, 0xae, 0x9f, 0x52, 0xfe, 0xae, 0xa0, 0x52, 0xfe,
    0xae, 0xa0, 0x51, 0xfe, 0xaf, 0xa0, 0x52, 0xfe, 0xb0, 0xa0, 0x52, 0xfe, 0xae, 0xa0, 0x51, 0xfd,
    0xaf, 0xa2, 0x52, 0xfb, 0xb6, 0xa6, 0x54, 0xff, 0xb1, 0x9f, 0x52, 0x60, 0x00, 0x00, 0x00, 0x00,
    0xb6, 0xb6, 0x48, 0x07, 0xaa, 0xaa, 0x55, 0x03, 0xbf, 0xbf, 0x7f, 0x04, 0xcc, 0x99, 0x66, 0x05,
    0xaa, 0xaa, 0x55, 0x06, 0x00, 0x00, 0x00, 0x00, 0xb1, 0xa1, 0x50, 0x9b, 0xbb, 0xaa, 0x54, 0xff,
    0xaf, 0x9f, 0x50, 0xf9, 0xad, 0x9f, 0x51, 0xfe, 0xae, 0x9e, 0x52, 0xfe, 0xad, 0x9f, 0x52, 0xfe,
    0xae, 0x9f, 0x52, 0xfe, 0xae, 0x9f, 0x53, 0xfe, 0xae, 0xa0, 0x52, 0xfe, 0xae, 0x9f, 0x53, 0xfe,
    0xae, 0xa0, 0x52, 0xfe, 0xae, 0x9f, 0x53, 0xfe, 0xae, 0xa0, 0x52, 0xfe, 0xae, 0x9f, 0x53, 0xfe,
    0xaf, 0xa0, 0x51, 0xfe, 0xae, 0xa0, 0x51, 0xfb, 0xb2, 0xa2, 0x51, 0xff, 0xb5, 0xa5, 0x53, 0xf7,
    0xb0, 0xa1, 0x56, 0x44, 0x00, 0x00, 0x00, 0x00, 0xaa, 0xaa, 0x55, 0x06, 0xff, 0xff, 0x00, 0x01,
    0xff, 0xff, 0x00, 0x01, 0xff, 0xff, 0x00, 0x01, 0xff, 0xff, 0x00, 0x01, 0x00, 0x00, 0x00, 0x00,
    0x00, 0x00, 0x00, 0x00, 0x00, 0x00, 0x00, 0x00, 0x00, 0x00, 0x00, 0x00, 0x00, 0x00, 0x00, 0x00,
    0x00, 0x00, 0x00, 0x00, 0x00, 0x00, 0x00, 0x00, 0x00, 0x00, 0x00, 0x00, 0x00, 0x00, 0x00, 0x00,
    0xff, 0xff, 0x00, 0x01, 0xff, 0xff, 0x00, 0x01, 0x99, 0x99, 0x66, 0x05, 0x00, 0x00, 0x00, 0x00,
    0xb2, 0xa1, 0x53, 0x93, 0xb9, 0xaa, 0x55, 0xff, 0xad, 0x9e, 0x52, 0xfa, 0xad, 0x9e, 0x52, 0xfe,
    0xad, 0x9e, 0x50, 0xfe, 0xac, 0x9d, 0x50, 0xfe, 0xac, 0x9d, 0x50, 0xfe, 0xac, 0x9d, 0x50, 0xfe,
    0xac, 0x9d, 0x4f, 0xfe, 0xac, 0x9d, 0x4f, 0xfe, 0xac, 0x9d, 0x50, 0xfe, 0xac, 0x9d, 0x4f, 0xfa,
    0xb9, 0xa8, 0x53, 0xff, 0xad, 0x9e, 0x4d, 0x87, 0x00, 0x00, 0x00, 0x00, 0xbf, 0x7f, 0x3f, 0x04,
    0x00, 0x00, 0x00, 0x00, 0x00, 0x00, 0x00, 0x00, 0x00, 0x00, 0x00, 0x00, 0x00, 0x00, 0x00, 0x00,
    0x00, 0x00, 0x00, 0x00, 0x00, 0x00, 0x00, 0x00, 0x00, 0x00, 0x00, 0x00, 0x00, 0x00, 0x00, 0x00,
    0x00, 0x00, 0x00, 0x00, 0x00, 0x00, 0x00, 0x00, 0x00, 0x00, 0x00, 0x00, 0x00, 0x00, 0x00, 0x00,
    0x00, 0x00, 0x00, 0x00, 0x00, 0x00, 0x00, 0x00, 0x00, 0x00, 0x00, 0x00, 0x00, 0x00, 0x00, 0x00,
    0x00, 0x00, 0x00, 0x00, 0x00, 0x00, 0x00, 0x00, 0x00, 0x00, 0x00, 0x00, 0x00, 0x00, 0x00, 0x00,
    0x00, 0x00, 0x00, 0x00, 0x00, 0x00, 0x00, 0x00, 0x00, 0x00, 0x00, 0x00, 0x00, 0x00, 0x00, 0x00,
    0x00, 0x00, 0x00, 0x00, 0x00, 0x00, 0x00, 0x00, 0x00, 0x00, 0x00, 0x00, 0x00, 0x00, 0x00, 0x00,
    0x00, 0x00, 0x00, 0x00, 0x00, 0x00, 0x00, 0x00, 0x00, 0x00, 0x00, 0x00, 0x00, 0x00, 0x00, 0x00,
    0x00, 0x00, 0x00, 0x00, 0x00, 0x00, 0x00, 0x00, 0x00, 0x00, 0x00, 0x00, 0x00, 0x00, 0x00, 0x00,
    0x00, 0x00, 0x00, 0x00, 0x00, 0x00, 0x00, 0x00, 0x00, 0x00, 0x00, 0x00, 0x00, 0x00, 0x00, 0x00,
    0x00, 0x00, 0x00, 0x00, 0x00, 0x00, 0x00, 0x00, 0x00, 0x00, 0x00, 0x00, 0x00, 0x00, 0x00, 0x00,
    0xbf, 0x7f, 0x3f, 0x04, 0x00, 0x00, 0x00, 0x00, 0xb0, 0x9d, 0x52, 0x85, 0xb8, 0xa8, 0x55, 0xff,
    0xad, 0x9f, 0x51, 0xfa, 0xad, 0x9e, 0x52, 0xfe, 0xad, 0x9e, 0x51, 0xfe, 0xad, 0x9f, 0x51, 0xfe,
    0xad, 0x9e, 0x52, 0xfe, 0xad, 0x9f, 0x51, 0xfe, 0xae, 0xa0, 0x51, 0xfe, 0xae, 0x9e, 0x53, 0xfe,
    0xaf, 0x9f, 0x51, 0xfe, 0xb2, 0x9f, 0x50, 0xf9, 0xbb, 0xa9, 0x55, 0xff, 0xb0, 0xa1, 0x54, 0x88,
    0x00, 0x00, 0x00, 0x00, 0xaa, 0xaa, 0x55, 0x06, 0x7f, 0x7f, 0x7f, 0x02, 0xff, 0xff, 0x00, 0x01,
    0xff, 0xff, 0x00, 0x01, 0xff, 0xff, 0x00, 0x01, 0xff, 0xff, 0x00, 0x01, 0xff, 0xff, 0x00, 0x01,
    0xbf, 0xbf, 0x7f, 0x04, 0x00, 0x00, 0x00, 0x00, 0xb2, 0xa3, 0x56, 0x32, 0xb5, 0xa6, 0x53, 0xeb,
    0xb4, 0xa5, 0x53, 0xff, 0xaf, 0xa0, 0x51, 0xfb, 0xaf, 0xa0, 0x53, 0xfe, 0xae, 0x9f, 0x53, 0xfe,
    0xae, 0x9f, 0x53, 0xfe, 0xae, 0x9f, 0x53, 0xfe, 0xae, 0x9f, 0x53, 0xfe, 0xae, 0xa0, 0x52, 0xfe,
    0xae, 0x9f, 0x52, 0xfe, 0xae, 0x9f, 0x53, 0xfe, 0xae, 0xa0, 0x52, 0xfe, 0xb0, 0xa1, 0x51, 0xfe,
    0xaf, 0xa0, 0x51, 0xfe, 0xaf, 0xa0, 0x51, 0xfe, 0xaf, 0x9f, 0x50, 0xfd, 0xb2, 0xa1, 0x50, 0xfc,
    0xb5, 0xa5, 0x52, 0xfe, 0xaf, 0x9f, 0x52, 0x53, 0x00, 0x00, 0x00, 0x00, 0xb6, 0xb6, 0x48, 0x07,
    0xaa, 0xaa, 0x55, 0x03, 0xbf, 0xbf, 0x7f, 0x04, 0xcc, 0xcc, 0x66, 0x05, 0x99, 0x99, 0x66, 0x05,
    0xff, 0xff, 0xff, 0x01, 0xb1, 0xa0, 0x52, 0xaa, 0xbb, 0xaa, 0x54, 0xff, 0xae, 0x9f, 0x4e, 0xf9,
    0xae, 0xa0, 0x50, 0xfd, 0xad, 0x9e, 0x51, 0xfe, 0xae, 0xa0, 0x52, 0xfe, 0xae, 0x9f, 0x52, 0xfe,
    0xae, 0x9f, 0x52, 0xfe, 0xae, 0x9f, 0x53, 0xfe, 0xae, 0xa0, 0x52, 0xfe, 0xae, 0x9f, 0x53, 0xfe,
    0xad, 0x9f, 0x51, 0xfe, 0xad, 0x9e, 0x52, 0xfe, 0xae, 0x9f, 0x52, 0xfe, 0xae, 0xa0, 0x51, 0xfe,
    0xae, 0x9f, 0x52, 0xfb, 0xb3, 0xa3, 0x51, 0xfe, 0xb4, 0xa4, 0x52, 0xf3, 0xb1, 0xa2, 0x55, 0x45,
    0x00, 0x00, 0x00, 0x00, 0xaa, 0xaa, 0x55, 0x06, 0xff, 0xff, 0x00, 0x01, 0xff, 0xff, 0x00, 0x01,
    0xff, 0xff, 0x00, 0x01, 0xff, 0xff, 0x00, 0x01, 0x00, 0x00, 0x00, 0x00, 0x00, 0x00, 0x00, 0x00,
    0x00, 0x00, 0x00, 0x00, 0x00, 0x00, 0x00, 0x00, 0x00, 0x00, 0x00, 0x00, 0x00, 0x00, 0x00, 0x00,
    0x00, 0x00, 0x00, 0x00, 0x00, 0x00, 0x00, 0x00, 0x00, 0x00, 0x00, 0x00, 0xff, 0xff, 0x00, 0x01,
    0xcc, 0x99, 0x33, 0x05, 0x00, 0x00, 0x00, 0x00, 0xaf, 0xa1, 0x51, 0x93, 0xb9, 0xaa, 0x55, 0xff,
    0xad, 0x9f, 0x52, 0xfa, 0xad, 0x9f, 0x51, 0xfe, 0xad, 0x9f, 0x50, 0xfe, 0xad, 0x9e, 0x51, 0xfe,
    0xad, 0x9e, 0x51, 0xfe, 0xad, 0x9e, 0x51, 0xfe, 0xad, 0x9e, 0x51, 0xfe, 0xad, 0x9e, 0x51, 0xfe,
    0xad, 0x9d, 0x50, 0xfe, 0xac, 0x9e, 0x4f, 0xfa, 0xb9, 0xa9, 0x54, 0xff, 0xaf, 0x9d, 0x4c, 0x86,
    0x00, 0x00, 0x00, 0x00, 0xbf, 0xbf, 0x3f, 0x04, 0x00, 0x00, 0x00, 0x00, 0x00, 0x00, 0x00, 0x00,
    0x00, 0x00, 0x00, 0x00, 0x00, 0x00, 0x00, 0x00, 0x00, 0x00, 0x00, 0x00, 0x00, 0x00, 0x00, 0x00,
    0x00, 0x00, 0x00, 0x00, 0x00, 0x00, 0x00, 0x00, 0x00, 0x00, 0x00, 0x00, 0x00, 0x00, 0x00, 0x00,
    0x00, 0x00, 0x00, 0x00, 0x00, 0x00, 0x00, 0x00, 0x00, 0x00, 0x00, 0x00, 0x00, 0x00, 0x00, 0x00,
    0x00, 0x00, 0x00, 0x00, 0x00, 0x00, 0x00, 0x00, 0x00, 0x00, 0x00, 0x00, 0x00, 0x00, 0x00, 0x00,
    0x00, 0x00, 0x00, 0x00, 0x00, 0x00, 0x00, 0x00, 0x00, 0x00, 0x00, 0x00, 0x00, 0x00, 0x00, 0x00,
    0x00, 0x00, 0x00, 0x00, 0x00, 0x00, 0x00, 0x00, 0x00, 0x00, 0x00, 0x00, 0x00, 0x00, 0x00, 0x00,
    0x00, 0x00, 0x00, 0x00, 0x00, 0x00, 0x00, 0x00, 0x00, 0x00, 0x00, 0x00, 0x00, 0x00, 0x00, 0x00,
    0x00, 0x00, 0x00, 0x00, 0x00, 0x00, 0x00, 0x00, 0x00, 0x00, 0x00, 0x00, 0x00, 0x00, 0x00, 0x00,
    0x00, 0x00, 0x00, 0x00, 0x00, 0x00, 0x00, 0x00, 0x00, 0x00, 0x00, 0x00, 0x00, 0x00, 0x00, 0x00,
    0x00, 0x00, 0x00, 0x00, 0x00, 0x00, 0x00, 0x00, 0x00, 0x00, 0x00, 0x00, 0x00, 0x00, 0x00, 0x00,
    0x00, 0x00, 0x00, 0x00, 0x00, 0x00, 0x00, 0x00, 0xbf, 0x7f, 0x3f, 0x04, 0x00, 0x00, 0x00, 0x00,
    0xac, 0x9f, 0x50, 0x85, 0xb8, 0xa8, 0x55, 0xff, 0xad, 0x9f, 0x52, 0xfa, 0xad, 0x9f, 0x51, 0xfe,
    0xad, 0x9e, 0x52, 0xfe, 0xad, 0x9e, 0x51, 0xfe, 0xad, 0x9f, 0x51, 0xfe, 0xad, 0x9e, 0x52, 0xfe,
    0xae, 0xa0, 0x52, 0xfe, 0xae, 0xa0, 0x52, 0xfe, 0xae, 0x9f, 0x53, 0xfe, 0xaf, 0x9f, 0x50, 0xfa,
    0xbb, 0xa9, 0x54, 0xff, 0xb1, 0xa2, 0x53, 0x8a, 0x00, 0x00, 0x00, 0x00, 0xaa, 0xaa, 0x55, 0x06,
    0xff, 0xff, 0x00, 0x01, 0xff, 0xff, 0x00, 0x01, 0xff, 0xff, 0x00, 0x01, 0xff, 0xff, 0x00, 0x01,
    0xff, 0xff, 0x00, 0x01, 0xff, 0xff, 0x00, 0x01, 0x7f, 0x7f, 0x7f, 0x02, 0x99, 0x99, 0x66, 0x05,
    0x00, 0x00, 0x00, 0x00, 0xb1, 0x9f, 0x56, 0x38, 0xb4, 0xa5, 0x53, 0xf3, 0xb2, 0xa4, 0x52, 0xfe,
    0xaf, 0x9f, 0x51, 0xfc, 0xad, 0x9f, 0x53, 0xfe, 0xad, 0x9e, 0x52, 0xfe, 0xae, 0x9f, 0x53, 0xfe,
    0xae, 0x9f, 0x53, 0xfe, 0xae, 0x9f, 0x53, 0xfe, 0xae, 0x9f, 0x53, 0xfe, 0xae, 0xa0, 0x52, 0xfe,
    0xae, 0x9f, 0x52, 0xfe, 0xaf, 0xa0, 0x51, 0xfe, 0xae, 0x9f, 0x51, 0xfe, 0xae, 0xa0, 0x51, 0xfe,
    0xaf, 0xa0, 0x51, 0xfe, 0xaf, 0x9f, 0x50, 0xfc, 0xb1, 0xa2, 0x51, 0xfd, 0xb5, 0xa5, 0x53, 0xf9,
    0xaf, 0x9e, 0x56, 0x4d, 0x00, 0x00, 0x00, 0x00, 0xb6, 0xb6, 0x48, 0x07, 0xaa, 0xaa, 0x55, 0x03,
    0xaa, 0xaa, 0x55, 0x03, 0xaa, 0xaa, 0x7f, 0x06, 0xcc, 0x99, 0x66, 0x05, 0x7f, 0x7f, 0x7f, 0x02,
    0xb2, 0x9f, 0x51, 0xa9, 0xbc, 0xaa, 0x55, 0xff, 0xae, 0x9f, 0x4e, 0xf9, 0xad, 0x9f, 0x51, 0xfe,
    0xae, 0x9f, 0x53, 0xfe, 0xae, 0xa0, 0x52, 0xfe, 0xae, 0xa0, 0x52, 0xfe, 0xae, 0x9f, 0x53, 0xfe,
    0xae, 0x9f, 0x52, 0xfe, 0xae, 0x9f, 0x53, 0xfe, 0xad, 0x9e, 0x52, 0xfe, 0xad, 0x9e, 0x52, 0xfe,
    0xae, 0x9f, 0x51, 0xfe, 0xae, 0xa0, 0x51, 0xfe, 0xae, 0xa0, 0x52, 0xfe, 0xaf, 0x9f, 0x51, 0xfc,
    0xb1, 0xa3, 0x51, 0xff, 0xb4, 0xa4, 0x52, 0xf9, 0xaf, 0xa1, 0x52, 0x4a, 0x00, 0x00, 0x00, 0x00,
    0xaa, 0xaa, 0x55, 0x06, 0xff, 0xff, 0x00, 0x01, 0xff, 0xff, 0x00, 0x01, 0xff, 0xff, 0x00, 0x01,
    0x00, 0x00, 0x00, 0x00, 0x00, 0x00, 0x00, 0x00, 0xff, 0xff, 0x00, 0x01, 0x00, 0x00, 0x00, 0x00,
    0x00, 0x00, 0x00, 0x00, 0x00, 0x00, 0x00, 0x00, 0x00, 0x00, 0x00, 0x00, 0x00, 0x00, 0x00, 0x00,
    0x00, 0x00, 0x00, 0x00, 0xff, 0xff, 0x00, 0x01, 0xcc, 0x99, 0x33, 0x05, 0x00, 0x00, 0x00, 0x00,
    0xb0, 0xa0, 0x52, 0x92, 0xb9, 0xaa, 0x55, 0xff, 0xad, 0x9f, 0x50, 0xfa, 0xad, 0x9e, 0x52, 0xfe,
    0xad, 0x9e, 0x51, 0xfe, 0xad, 0x9f, 0x51, 0xfe, 0xad, 0x9e, 0x51, 0xfe, 0xad, 0x9f, 0x51, 0xfe,
    0xad, 0x9e, 0x52, 0xfe, 0xad, 0x9f, 0x51, 0xfe, 0xad, 0x9f, 0x50, 0xfe, 0xad, 0x9f, 0x51, 0xfa,
    0xb9, 0xa8, 0x53, 0xff, 0xad, 0xa0, 0x4e, 0x89, 0x00, 0x00, 0x00, 0x00, 0xbf, 0xbf, 0x3f, 0x04,
    0x00, 0x00, 0x00, 0x00, 0x00, 0x00, 0x00, 0x00, 0x00, 0x00, 0x00, 0x00, 0x00, 0x00, 0x00, 0x00,
    0x00, 0x00, 0x00, 0x00, 0x00, 0x00, 0x00, 0x00, 0x00, 0x00, 0x00, 0x00, 0x00, 0x00, 0x00, 0x00,
    0x00, 0x00, 0x00, 0x00, 0x00, 0x00, 0x00, 0x00, 0x00, 0x00, 0x00, 0x00, 0x00, 0x00, 0x00, 0x00,
    0x00, 0x00, 0x00, 0x00, 0x00, 0x00, 0x00, 0x00, 0x00, 0x00, 0x00, 0x00, 0x00, 0x00, 0x00, 0x00,
    0x00, 0x00, 0x00, 0x00, 0x00, 0x00, 0x00, 0x00, 0x00, 0x00, 0x00, 0x00, 0x00, 0x00, 0x00, 0x00,
    0x00, 0x00, 0x00, 0x00, 0x00, 0x00, 0x00, 0x00, 0x00, 0x00, 0x00, 0x00, 0x00, 0x00, 0x00, 0x00,
    0x00, 0x00, 0x00, 0x00, 0x00, 0x00, 0x00, 0x00, 0x00, 0x00, 0x00, 0x00, 0x00, 0x00, 0x00, 0x00,
    0x00, 0x00, 0x00, 0x00, 0x00, 0x00, 0x00, 0x00, 0x00, 0x00, 0x00, 0x00, 0x00, 0x00, 0x00, 0x00,
    0x00, 0x00, 0x00, 0x00, 0x00, 0x00, 0x00, 0x00, 0x00, 0x00, 0x00, 0x00, 0x00, 0x00, 0x00, 0x00,
    0x00, 0x00, 0x00, 0x00, 0x00, 0x00, 0x00, 0x00, 0x00, 0x00, 0x00, 0x00, 0x00, 0x00, 0x00, 0x00,
    0x00, 0x00, 0x00, 0x00, 0x00, 0x00, 0x00, 0x00, 0x00, 0x00, 0x00, 0x00, 0x00, 0x00, 0x00, 0x00,
    0xbf, 0x7f, 0x3f, 0x04, 0x00, 0x00, 0x00, 0x00, 0xad, 0x9d, 0x4f, 0x86, 0xb8, 0xa8, 0x55, 0xff,
    0xad, 0x9e, 0x51, 0xfa, 0xad, 0x9e, 0x51, 0xfe, 0xad, 0x9e, 0x51, 0xfe, 0xad, 0x9f, 0x51, 0xfe,
    0xad, 0x9e, 0x51, 0xfe, 0xad, 0x9f, 0x52, 0xfe, 0xad, 0x9f, 0x52, 0xfe, 0xad, 0x9f, 0x52, 0xfe,
    0xad, 0x9e, 0x52, 0xfe, 0xad, 0x9f, 0x51, 0xfa, 0xb9, 0xa9, 0x54, 0xff, 0xb2, 0xa1, 0x53, 0x89,
    0x00, 0x00, 0x00, 0x00, 0xaa, 0x7f, 0x55, 0x06, 0xff, 0xff, 0x00, 0x01, 0xff, 0xff, 0x00, 0x01,
    0xff, 0xff, 0x00, 0x01, 0xff, 0xff, 0x00, 0x01, 0xff, 0xff, 0x00, 0x01, 0xff, 0xff, 0x00, 0x01,
    0xff, 0xff, 0x00, 0x01, 0x7f, 0x7f, 0x7f, 0x02, 0xaa, 0xaa, 0x55, 0x06, 0x00, 0x00, 0x00, 0x00,
    0xb0, 0xa1, 0x52, 0x44, 0xb5, 0xa4, 0x52, 0xf5, 0xb2, 0xa2, 0x51, 0xfd, 0xae, 0x9e, 0x52, 0xfc,
    0xae, 0x9f, 0x53, 0xfe, 0xad, 0x9e, 0x52, 0xfe, 0xad, 0x9e, 0x53, 0xfe, 0xae, 0xa0, 0x52, 0xfe,
    0xae, 0x9f, 0x52, 0xfe, 0xae, 0x9f, 0x53, 0xfe, 0xae, 0x9f, 0x53, 0xfe, 0xae, 0x9f, 0x53, 0xfe,
    0xae, 0x9f, 0x53, 0xfe, 0xae, 0x9f, 0x52, 0xfe, 0xae, 0xa0, 0x51, 0xfe, 0xae, 0xa1, 0x51, 0xfe,
    0xaf, 0x9f, 0x52, 0xfc, 0xb0, 0xa2, 0x52, 0xfe, 0xb4, 0xa5, 0x53, 0xf7, 0xb0, 0xa0, 0x56, 0x41,
    0x00, 0x00, 0x00, 0x00, 0xb6, 0xb6, 0x48, 0x07, 0xaa, 0xaa, 0x55, 0x03, 0xbf, 0xbf, 0x7f, 0x04,
    0xaa, 0xaa, 0x55, 0x06, 0xbf, 0xbf, 0x7f, 0x04, 0xd4, 0xaa, 0x7f, 0x06, 0xb1, 0xa2, 0x51, 0xb5,
    0xba, 0xaa, 0x55, 0xff, 0xae, 0x9f, 0x51, 0xfa, 0xae, 0x9f, 0x53, 0xfe, 0xae, 0x9f, 0x53, 0xfe,
    0xae, 0xa0, 0x51, 0xfe, 0xae, 0x9f, 0x52, 0xfe, 0xae, 0x9f, 0x53, 0xfe, 0xae, 0x9f, 0x53, 0xfe,
    0xad, 0x9f, 0x51, 0xfe, 0xad, 0x9e, 0x52, 0xfe, 0xae, 0x9f, 0x52, 0xfe, 0xae, 0xa0, 0x51, 0xfe,
    0xae, 0xa0, 0x51, 0xfe, 0xae, 0x9f, 0x53, 0xfe, 0xaf, 0x9f, 0x50, 0xfb, 0xb2, 0xa2, 0x50, 0xfd,
    0xb4, 0xa4, 0x51, 0xf6, 0xb0, 0xa0, 0x51, 0x4e, 0x00, 0x00, 0x00, 0x00, 0xaa, 0xaa, 0x55, 0x06,
    0xff, 0xff, 0x00, 0x01, 0xff, 0xff, 0x00, 0x01, 0x00, 0x00, 0x00, 0x00, 0x00, 0x00, 0x00, 0x00,
    0x00, 0x00, 0x00, 0x00, 0x00, 0x00, 0x00, 0x00, 0xff, 0xff, 0x00, 0x01, 0x00, 0x00, 0x00, 0x00,
    0x00, 0x00, 0x00, 0x00, 0x00, 0x00, 0x00, 0x00, 0xff, 0xff, 0x00, 0x01, 0xff, 0xff, 0x00, 0x01,
    0x99, 0x99, 0x66, 0x05, 0x00, 0x00, 0x00, 0x00, 0xad, 0xa1, 0x4f, 0x93, 0xb9, 0xa9, 0x54, 0xff,
    0xad, 0x9f, 0x51, 0xfa, 0xad, 0x9e, 0x51, 0xfe, 0xad, 0x9f, 0x50, 0xfe, 0xad, 0x9e, 0x52, 0xfe,
    0xad, 0x9e, 0x50, 0xfe, 0xad, 0x9f, 0x51, 0xfe, 0xac, 0x9d, 0x51, 0xfe, 0xac, 0x9e, 0x51, 0xfe,
    0xad, 0x9e, 0x51, 0xfe, 0xad, 0x9e, 0x50, 0xfa, 0xb9, 0xa8, 0x54, 0xff, 0xae, 0x9f, 0x4e, 0x88,
    0x00, 0x00, 0x00, 0x00, 0xbf, 0xbf, 0x3f, 0x04, 0x00, 0x00, 0x00, 0x00, 0x00, 0x00, 0x00, 0x00,
    0x00, 0x00, 0x00, 0x00, 0x00, 0x00, 0x00, 0x00, 0x00, 0x00, 0x00, 0x00, 0x00, 0x00, 0x00, 0x00,
    0x00, 0x00, 0x00, 0x00, 0x00, 0x00, 0x00, 0x00, 0x00, 0x00, 0x00, 0x00, 0x00, 0x00, 0x00, 0x00,
    0x00, 0x00, 0x00, 0x00, 0x00, 0x00, 0x00, 0x00, 0x00, 0x00, 0x00, 0x00, 0x00, 0x00, 0x00, 0x00,
    0x00, 0x00, 0x00, 0x00, 0x00, 0x00, 0x00, 0x00, 0x00, 0x00, 0x00, 0x00, 0x00, 0x00, 0x00, 0x00,
    0x00, 0x00, 0x00, 0x00, 0x00, 0x00, 0x00, 0x00, 0x00, 0x00, 0x00, 0x00, 0x00, 0x00, 0x00, 0x00,
    0x00, 0x00, 0x00, 0x00, 0x00, 0x00, 0x00, 0x00, 0x00, 0x00, 0x00, 0x00, 0x00, 0x00, 0x00, 0x00,
    0x00, 0x00, 0x00, 0x00, 0x00, 0x00, 0x00, 0x00, 0x00, 0x00, 0x00, 0x00, 0x00, 0x00, 0x00, 0x00,
    0x00, 0x00, 0x00, 0x00, 0x00, 0x00, 0x00, 0x00, 0x00, 0x00, 0x00, 0x00, 0x00, 0x00, 0x00, 0x00,
    0x00, 0x00, 0x00, 0x00, 0x00, 0x00, 0x00, 0x00, 0x00, 0x00, 0x00, 0x00, 0x00, 0x00, 0x00, 0x00,
    0x00, 0x00, 0x00, 0x00, 0x00, 0x00, 0x00, 0x00, 0x00, 0x00, 0x00, 0x00, 0x00, 0x00, 0x00, 0x00,
    0x00, 0x00, 0x00, 0x00, 0x00, 0x00, 0x00, 0x00, 0xbf, 0x7f, 0x3f, 0x04, 0x00, 0x00, 0x00, 0x00,
    0xae, 0x9f, 0x50, 0x85, 0xb8, 0xa8, 0x54, 0xff, 0xad, 0x9e, 0x51, 0xfa, 0xad, 0x9e, 0x51, 0xfe,
    0xad, 0x9f, 0x51, 0xfe, 0xad, 0x9e, 0x51, 0xfe, 0xad, 0x9f, 0x51, 0xfe, 0xad, 0x9e, 0x52, 0xfe,
    0xad, 0x9e, 0x52, 0xfe, 0xad, 0x9e, 0x52, 0xfe, 0xad, 0x9e, 0x52, 0xfe, 0xad, 0x9f, 0x50, 0xfa,
    0xb9, 0xa9, 0x54, 0xff, 0xb2, 0xa1, 0x53, 0x89, 0x00, 0x00, 0x00, 0x00, 0xaa, 0x7f, 0x55, 0x06,
    0xff, 0xff, 0x00, 0x01, 0xff, 0xff, 0x00, 0x01, 0xff, 0xff, 0x00, 0x01, 0xff, 0xff, 0x00, 0x01,
    0xff, 0xff, 0x00, 0x01, 0xff, 0xff, 0x00, 0x01, 0xff, 0xff, 0x00, 0x01, 0xff, 0xff, 0x00, 0x01,
    0x7f, 0x7f, 0x7f, 0x02, 0xaa, 0xaa, 0x55, 0x06, 0x00, 0x00, 0x00, 0x00, 0xb1, 0x9f, 0x51, 0x48,
    0xb3, 0xa4, 0x53, 0xfb, 0xaf, 0xa0, 0x53, 0xfe, 0xae, 0x9e, 0x52, 0xfc, 0xad, 0x9e, 0x52, 0xfe,
    0xae, 0x9f, 0x53, 0xfe, 0xae, 0x9f, 0x53, 0xfe, 0xae, 0x9f, 0x53, 0xfe, 0xae, 0x9f, 0x53, 0xfe,
    0xae, 0x9f, 0x53, 0xfe, 0xae, 0xa0, 0x52, 0xfe, 0xae, 0x9f, 0x52, 0xfe, 0xae, 0x9f, 0x53, 0xfe,
    0xae, 0x9f, 0x52, 0xfe, 0xaf, 0xa1, 0x52, 0xfe, 0xaf, 0xa1, 0x53, 0xfe, 0xaf, 0xa0, 0x51, 0xfc,
    0xb2, 0xa3, 0x54, 0xff, 0xb3, 0xa5, 0x54, 0xf1, 0xaf, 0x9e, 0x53, 0x3a, 0x00, 0x00, 0x00, 0x00,
    0xb6, 0xb6, 0x6d, 0x07, 0xaa, 0xaa, 0x55, 0x03, 0xaa, 0xaa, 0x55, 0x03, 0xaa, 0xaa, 0x55, 0x06,
    0xff, 0xaa, 0xaa, 0x03, 0xaa, 0xaa, 0x55, 0x06, 0xb2, 0xa2, 0x53, 0xb5, 0xbb, 0xab, 0x56, 0xff,
    0xaf, 0x9f, 0x51, 0xf9, 0xaf, 0xa0, 0x52, 0xfe, 0xae, 0x9f, 0x52, 0xfe, 0xae, 0x9f, 0x53, 0xfe,
    0xae, 0xa0, 0x52, 0xfe, 0xae, 0x9f, 0x53, 0xfe, 0xae, 0x9f, 0x52, 0xfe, 0xae, 0xa0, 0x52, 0xfe,
    0xae, 0xa0, 0x52, 0xfe, 0xae, 0xa0, 0x51, 0xfe, 0xae, 0xa0, 0x51, 0xfe, 0xae, 0xa0, 0x52, 0xfe,
    0xaf, 0xa0, 0x51, 0xfe, 0xae, 0x9e, 0x4f, 0xfc, 0xaf, 0xa2, 0x51, 0xfe, 0xb5, 0xa5, 0x53, 0xfc,
    0xaf, 0xa2, 0x52, 0x50, 0x00, 0x00, 0x00, 0x00, 0xaa, 0x7f, 0x55, 0x06, 0xff, 0xff, 0x00, 0x01,
    0xff, 0xff, 0x00, 0x01, 0x00, 0x00, 0x00, 0x00, 0x00, 0x00, 0x00, 0x00, 0x00, 0x00, 0x00, 0x00,
    0xff, 0xff, 0x00, 0x01, 0xff, 0xff, 0x00, 0x01, 0x00, 0x00, 0x00, 0x00, 0xff, 0xff, 0x00, 0x01,
    0xff, 0xff, 0x00, 0x01, 0xff, 0xff, 0x00, 0x01, 0x99, 0x99, 0x33, 0x05, 0x00, 0x00, 0x00, 0x00,
    0xb0, 0x9f, 0x50, 0x95, 0xb9, 0xa9, 0x54, 0xff, 0xad, 0xa0, 0x51, 0xfa, 0xad, 0x9f, 0x51, 0xfe,
    0xad, 0x9e, 0x52, 0xfe, 0xad, 0x9e, 0x51, 0xfe, 0xad, 0x9e, 0x50, 0xfe, 0xad, 0x9e, 0x52, 0xfe,
    0xac, 0x9d, 0x51, 0xfe, 0xac, 0x9e, 0x51, 0xfe, 0xad, 0x9d, 0x51, 0xfe, 0xad, 0x9e, 0x50, 0xfa,
    0xb8, 0xa8, 0x54, 0xff, 0xad, 0x9d, 0x4e, 0x86, 0x00, 0x00, 0x00, 0x00, 0xbf, 0xbf, 0x3f, 0x04,
    0x00, 0x00, 0x00, 0x00, 0x00, 0x00, 0x00, 0x00, 0x00, 0x00, 0x00, 0x00, 0x00, 0x00, 0x00, 0x00,
    0x00, 0x00, 0x00, 0x00, 0x00, 0x00, 0x00, 0x00, 0x00, 0x00, 0x00, 0x00, 0x00, 0x00, 0x00, 0x00,
    0x00, 0x00, 0x00, 0x00, 0x00, 0x00, 0x00, 0x00, 0x00, 0x00, 0x00, 0x00, 0x00, 0x00, 0x00, 0x00,
    0x00, 0x00, 0x00, 0x00, 0x00, 0x00, 0x00, 0x00, 0x00, 0x00, 0x00, 0x00, 0x00, 0x00, 0x00, 0x00,
    0x00, 0x00, 0x00, 0x00, 0x00, 0x00, 0x00, 0x00, 0x00, 0x00, 0x00, 0x00, 0x00, 0x00, 0x00, 0x00,
    0x00, 0x00, 0x00, 0x00, 0x00, 0x00, 0x00, 0x00, 0x00, 0x00, 0x00, 0x00, 0x00, 0x00, 0x00, 0x00,
    0x00, 0x00, 0x00, 0x00, 0x00, 0x00, 0x00, 0x00, 0x00, 0x00, 0x00, 0x00, 0x00, 0x00, 0x00, 0x00,
    0x00, 0x00, 0x00, 0x00, 0x00, 0x00, 0x00, 0x00, 0x00, 0x00, 0x00, 0x00, 0x00, 0x00, 0x00, 0x00,
    0x00, 0x00, 0x00, 0x00, 0x00, 0x00, 0x00, 0x00, 0x00, 0x00, 0x00, 0x00, 0x00, 0x00, 0x00, 0x00,
    0x00, 0x00, 0x00, 0x00, 0x00, 0x00, 0x00, 0x00, 0x00, 0x00, 0x00, 0x00, 0x00, 0x00, 0x00, 0x00,
    0x00, 0x00, 0x00, 0x00, 0x00, 0x00, 0x00, 0x00, 0x00, 0x00, 0x00, 0x00, 0x00, 0x00, 0x00, 0x00,
    0xbf, 0x7f, 0x3f, 0x04, 0x00, 0x00, 0x00, 0x00, 0xad, 0x9e, 0x51, 0x84, 0xb8, 0xa8, 0x55, 0xff,
    0xad, 0x9e, 0x51, 0xfa, 0xad, 0x9e, 0x52, 0xfe, 0xad, 0x9e, 0x52, 0xfe, 0xad, 0x9e, 0x52, 0xfe,
    0xad, 0x9e, 0x52, 0xfe, 0xad, 0x9e, 0x52, 0xfe, 0xad, 0x9e, 0x52, 0xfe, 0xad, 0x9e, 0x52, 0xfe,
    0xad, 0x9e, 0x52, 0xfe, 0xad, 0x9f, 0x51, 0xfa, 0xba, 0xa9, 0x54, 0xff, 0xb1, 0xa2, 0x53, 0x87,
    0x00, 0x00, 0x00, 0x00, 0xcc, 0x99, 0x66, 0x05, 0xff, 0xff, 0x00, 0x01, 0xff, 0xff, 0x00, 0x01,
    0xff, 0xff, 0x00, 0x01, 0xff, 0xff, 0x00, 0x01, 0x00, 0x00, 0x00, 0x00, 0x00, 0x00, 0x00, 0x00,
    0xff, 0xff, 0x00, 0x01, 0xff, 0xff, 0x00, 0x01, 0xff, 0xff, 0x00, 0x01, 0xff, 0xff, 0x00, 0x01,
    0xaa, 0xaa, 0x55, 0x06, 0x00, 0x00, 0x00, 0x00, 0xae, 0x9d, 0x53, 0x56, 0xb4, 0xa4, 0x53, 0xfa,
    0xb0, 0xa0, 0x51, 0xfc, 0xad, 0x9e, 0x52, 0xfd, 0xae, 0x9f, 0x52, 0xfe, 0xae, 0x9f, 0x53, 0xfe,
    0xae, 0x9f, 0x53, 0xfe, 0xae, 0x9f, 0x53, 0xfe, 0xae, 0x9f, 0x53, 0xfe, 0xae, 0x9f, 0x52, 0xfe,
    0xae, 0x9f, 0x53, 0xfe, 0xaf, 0xa1, 0x52, 0xfe, 0xaf, 0xa0, 0x54, 0xfe, 0xaf, 0xa1, 0x52, 0xfe,
    0xaf, 0xa1, 0x52, 0xfe, 0xaf, 0xa1, 0x54, 0xfe, 0xb0, 0xa1, 0x52, 0xfb, 0xb4, 0xa4, 0x51, 0xff,
    0xb5, 0xa3, 0x53, 0xee, 0xaf, 0x9f, 0x55, 0x30, 0x00, 0x00, 0x00, 0x00, 0xbf, 0x9f, 0x5f, 0x08,
    0xff, 0xff, 0xaa, 0x03, 0xaa, 0xaa, 0x55, 0x03, 0xaa, 0xaa, 0x55, 0x06, 0xff, 0xff, 0x7f, 0x02,
    0xb9, 0xa2, 0x5c, 0x0b, 0xb3, 0xa2, 0x52, 0xc3, 0xb9, 0xa9, 0x54, 0xff, 0xb0, 0x9f, 0x50, 0xf9,
    0xae, 0x9f, 0x52, 0xfe, 0xae, 0x9f, 0x53, 0xfe, 0xad, 0x9f, 0x52, 0xfe, 0xad, 0x9e, 0x52, 0xfe,
    0xae, 0x9e, 0x53, 0xfe, 0xae, 0x9f, 0x52, 0xfe, 0xae, 0xa0, 0x51, 0xfe, 0xae, 0x9f, 0x53, 0xfe,
    0xae, 0xa0, 0x51, 0xfe, 0xae, 0xa0, 0x51, 0xfe, 0xae, 0xa0, 0x51, 0xfe, 0xae, 0xa0, 0x51, 0xfe,
    0xad, 0x9e, 0x50, 0xfc, 0xb0, 0xa2, 0x51, 0xfd, 0xb4, 0xa4, 0x52, 0xf9, 0xaf, 0x9f, 0x52, 0x53,
    0x00, 0x00, 0x00, 0x00, 0xaa, 0xaa, 0x55, 0x06, 0xff, 0xff, 0x00, 0x01, 0xff, 0xff, 0x00, 0x01,
    0xff, 0xff, 0x00, 0x01, 0xff, 0xff, 0x00, 0x01, 0xff, 0xff, 0x00, 0x01, 0xff, 0xff, 0x00, 0x01,
    0xff, 0xff, 0x00, 0x01, 0xff, 0xff, 0x00, 0x01, 0xff, 0xff, 0x00, 0x01, 0xff, 0xff, 0x00, 0x01,
    0x99, 0x99, 0x33, 0x05, 0x00, 0x00, 0x00, 0x00, 0xb2, 0x9f, 0x51, 0x96, 0xba, 0xa9, 0x53, 0xff,
    0xad, 0x9f, 0x51, 0xfa, 0xad, 0x9f, 0x51, 0xfe, 0xad, 0x9e, 0x51, 0xfe, 0xad, 0x9f, 0x50, 0xfe,
    0xad, 0x9e, 0x52, 0xfe, 0xad, 0x9e, 0x51, 0xfe, 0xac, 0x9d, 0x4f, 0xfe, 0xad, 0x9d, 0x51, 0xfe,
    0xad, 0x9e, 0x51, 0xfe, 0xac, 0x9e, 0x50, 0xfa, 0xb9, 0xa8, 0x54, 0xff, 0xad, 0x9e, 0x4d, 0x87,
    0x00, 0x00, 0x00, 0x00, 0xbf, 0x7f, 0x3f, 0x04, 0x00, 0x00, 0x00, 0x00, 0x00, 0x00, 0x00, 0x00,
    0x00, 0x00, 0x00, 0x00, 0x00, 0x00, 0x00, 0x00, 0x00, 0x00, 0x00, 0x00, 0x00, 0x00, 0x00, 0x00,
    0x00, 0x00, 0x00, 0x00, 0x00, 0x00, 0x00, 0x00, 0x00, 0x00, 0x00, 0x00, 0x00, 0x00, 0x00, 0x00,
    0x00, 0x00, 0x00, 0x00, 0x00, 0x00, 0x00, 0x00, 0x00, 0x00, 0x00, 0x00, 0x00, 0x00, 0x00, 0x00,
    0x00, 0x00, 0x00, 0x00, 0x00, 0x00, 0x00, 0x00, 0x00, 0x00, 0x00, 0x00, 0x00, 0x00, 0x00, 0x00,
    0x00, 0x00, 0x00, 0x00, 0x00, 0x00, 0x00, 0x00, 0x00, 0x00, 0x00, 0x00, 0x00, 0x00, 0x00, 0x00,
    0x00, 0x00, 0x00, 0x00, 0x00, 0x00, 0x00, 0x00, 0x00, 0x00, 0x00, 0x00, 0x00, 0x00, 0x00, 0x00,
    0x00, 0x00, 0x00, 0x00, 0x00, 0x00, 0x00, 0x00, 0x00, 0x00, 0x00, 0x00, 0x00, 0x00, 0x00, 0x00,
    0x00, 0x00, 0x00, 0x00, 0x00, 0x00, 0x00, 0x00, 0x00, 0x00, 0x00, 0x00, 0x00, 0x00, 0x00, 0x00,
    0x00, 0x00, 0x00, 0x00, 0x00, 0x00, 0x00, 0x00, 0x00, 0x00, 0x00, 0x00, 0x00, 0x00, 0x00, 0x00,
    0x00, 0x00, 0x00, 0x00, 0x00, 0x00, 0x00, 0x00, 0x00, 0x00, 0x00, 0x00, 0x00, 0x00, 0x00, 0x00,
    0x00, 0x00, 0x00, 0x00, 0x00, 0x00, 0x00, 0x00, 0xbf, 0x7f, 0x3f, 0x04, 0x00, 0x00, 0x00, 0x00,
    0xad, 0x9f, 0x51, 0x83, 0xb8, 0xa8, 0x55, 0xff, 0xad, 0x9e, 0x51, 0xfa, 0xad, 0x9e, 0x52, 0xfe,
    0xad, 0x9e, 0x51, 0xfe, 0xad, 0x9f, 0x51, 0xfe, 0xad, 0x9e, 0x52, 0xfe, 0xad, 0x9e, 0x52, 0xfe,
    0xad, 0x9f, 0x51, 0xfe, 0xad, 0x9e, 0x51, 0xfe, 0xad, 0x9f, 0x51, 0xfe, 0xae, 0x9f, 0x4f, 0xfa,
    0xbb, 0xa9, 0x54, 0xff, 0xb2, 0xa1, 0x52, 0x85, 0x00, 0x00, 0x00, 0x00, 0xcc, 0x99, 0x66, 0x05,
    0xff, 0xff, 0x00, 0x01, 0xff, 0xff, 0x00, 0x01, 0x00, 0x00, 0x00, 0x00, 0x00, 0x00, 0x00, 0x00,
    0x00, 0x00, 0x00, 0x00, 0x00, 0x00, 0x00, 0x00, 0xff, 0xff, 0x00, 0x01, 0xff, 0xff, 0x00, 0x01,
    0xff, 0xff, 0x00, 0x01, 0xff, 0xff, 0x00, 0x01, 0xff, 0xff, 0x00, 0x01, 0xaa, 0xaa, 0x55, 0x06,
    0x00, 0x00, 0x00, 0x00, 0xae, 0xa0, 0x50, 0x56, 0xb6, 0xa6, 0x54, 0xff, 0xaf, 0xa0, 0x51, 0xfc,
    0xad, 0x9f, 0x51, 0xfd, 0xae, 0x9f, 0x53, 0xfe, 0xae, 0x9f, 0x53, 0xfe, 0xae, 0x9f, 0x53, 0xfe,
    0xae, 0x9f, 0x53, 0xfe, 0xae, 0x9f, 0x53, 0xfe, 0xae, 0x9f, 0x53, 0xfe, 0xaf, 0xa0, 0x53, 0xfe,
    0xaf, 0xa1, 0x52, 0xfe, 0xaf, 0xa0, 0x53, 0xfe, 0xaf, 0xa0, 0x53, 0xfe, 0xae, 0xa0, 0x52, 0xfe,
    0xaf, 0xa1, 0x51, 0xfe, 0xb0, 0xa0, 0x50, 0xfa, 0xb5, 0xa6, 0x52, 0xff, 0xb5, 0xa4, 0x52, 0xe5,
    0xb0, 0x9d, 0x55, 0x2a, 0x00, 0x00, 0x00, 0x00, 0xbf, 0x9f, 0x5f, 0x08, 0xaa, 0xaa, 0x55, 0x03,
    0xaa, 0xaa, 0x55, 0x03, 0xaa, 0xaa, 0x55, 0x06, 0x7f, 0x7f, 0x7f, 0x02, 0xaf, 0x8f, 0x4f, 0x10,
    0xb3, 0xa1, 0x52, 0xca, 0xba, 0xa9, 0x55, 0xff, 0xad, 0x9f, 0x50, 0xfa, 0xae, 0x9f, 0x52, 0xfe,
    0xad, 0x9e, 0x52, 0xfe, 0xad, 0x9e, 0x52, 0xfe, 0xae, 0x9f, 0x51, 0xfe, 0xae, 0x9e, 0x53, 0xfe,
    0xae, 0xa0, 0x51, 0xfe, 0xae, 0xa0, 0x52, 0xfe, 0xae, 0x9f, 0x53, 0xfe, 0xae, 0xa0, 0x51, 0xfe,
    0xae, 0xa0, 0x51, 0xfe, 0xae, 0xa0, 0x51, 0xfe, 0xad, 0x9f, 0x50, 0xfe, 0xae, 0x9f, 0x4f, 0xfc,
    0xb1, 0xa3, 0x52, 0xfd, 0xb4, 0xa4, 0x53, 0xfe, 0xae, 0x9f, 0x51, 0x55, 0x00, 0x00, 0x00, 0x00,
    0xaa, 0xaa, 0x55, 0x06, 0xff, 0xff, 0x00, 0x01, 0xff, 0xff, 0x00, 0x01, 0xff, 0xff, 0x00, 0x01,
    0xff, 0xff, 0x00, 0x01, 0xff, 0xff, 0x00, 0x01, 0xff, 0xff, 0x00, 0x01, 0xff, 0xff, 0x00, 0x01,
    0xff, 0xff, 0x00, 0x01, 0xff, 0xff, 0x00, 0x01, 0x99, 0x99, 0x33, 0x05, 0x00, 0x00, 0x00, 0x00,
    0xaf, 0xa0, 0x50, 0x94, 0xba, 0xa9, 0x53, 0xff, 0xad, 0xa0, 0x50, 0xfa, 0xad, 0x9e, 0x50, 0xfe,
    0xad, 0x9f, 0x51, 0xfe, 0xad, 0x9e, 0x51, 0xfe, 0xad, 0x9e, 0x52, 0xfe, 0xad, 0x9e, 0x52, 0xfe,
    0xad, 0x9e, 0x51, 0xfe, 0xac, 0x9d, 0x50, 0xfe, 0xae, 0x9e, 0x50, 0xfe, 0xad, 0x9e, 0x4f, 0xfa,
    0xb9, 0xa8, 0x53, 0xff, 0xad, 0x9c, 0x4d, 0x87, 0x00, 0x00, 0x00, 0x00, 0xbf, 0x7f, 0x3f, 0x04,
    0x00, 0x00, 0x00, 0x00, 0x00, 0x00, 0x00, 0x00, 0x00, 0x00, 0x00, 0x00, 0x00, 0x00, 0x00, 0x00,
    0x00, 0x00, 0x00, 0x00, 0x00, 0x00, 0x00, 0x00, 0x00, 0x00, 0x00, 0x00, 0x00, 0x00, 0x00, 0x00,
    0x00, 0x00, 0x00, 0x00, 0x00, 0x00, 0x00, 0x00, 0x00, 0x00, 0x00, 0x00, 0x00, 0x00, 0x00, 0x00,
    0x00, 0x00, 0x00, 0x00, 0x00, 0x00, 0x00, 0x00, 0x00, 0x00, 0x00, 0x00, 0x00, 0x00, 0x00, 0x00,
    0x00, 0x00, 0x00, 0x00, 0x00, 0x00, 0x00, 0x00, 0x00, 0x00, 0x00, 0x00, 0x00, 0x00, 0x00, 0x00,
    0x00, 0x00, 0x00, 0x00, 0x00, 0x00, 0x00, 0x00, 0x00, 0x00, 0x00, 0x00, 0x00, 0x00, 0x00, 0x00,
    0x00, 0x00, 0x00, 0x00, 0x00, 0x00, 0x00, 0x00, 0x00, 0x00, 0x00, 0x00, 0x00, 0x00, 0x00, 0x00,
    0x00, 0x00, 0x00, 0x00, 0x00, 0x00, 0x00, 0x00, 0x00, 0x00, 0x00, 0x00, 0x00, 0x00, 0x00, 0x00,
    0x00, 0x00, 0x00, 0x00, 0x00, 0x00, 0x00, 0x00, 0x00, 0x00, 0x00, 0x00, 0x00, 0x00, 0x00, 0x00,
    0x00, 0x00, 0x00, 0x00, 0x00, 0x00, 0x00, 0x00, 0x00, 0x00, 0x00, 0x00, 0x00, 0x00, 0x00, 0x00,
    0x00, 0x00, 0x00, 0x00, 0x00, 0x00, 0x00, 0x00, 0x00, 0x00, 0x00, 0x00, 0x00, 0x00, 0x00, 0x00,
    0xbf, 0x7f, 0x3f, 0x04, 0x00, 0x00, 0x00, 0x00, 0xad, 0x9d, 0x51, 0x83, 0xb8, 0xa8, 0x56, 0xff,
    0xad, 0x9e, 0x51, 0xfa, 0xad, 0x9e, 0x52, 0xfe, 0xad, 0x9e, 0x51, 0xfe, 0xad, 0x9f, 0x51, 0xfe,
    0xad, 0x9e, 0x52, 0xfe, 0xad, 0x9e, 0x52, 0xfe, 0xad, 0x9e, 0x52, 0xfe, 0xae, 0x9e, 0x51, 0xfe,
    0xb0, 0x9f, 0x4f, 0xfd, 0xb0, 0x9f, 0x4e, 0xf9, 0xba, 0xa9, 0x53, 0xff, 0xaf, 0x9f, 0x51, 0x86,
    0x00, 0x00, 0x00, 0x00, 0xcc, 0x99, 0x33, 0x05, 0xff, 0xff, 0x00, 0x01, 0xff, 0xff, 0x00, 0x01,
    0x00, 0x00, 0x00, 0x00, 0xff, 0xff, 0x00, 0x01, 0xff, 0xff, 0x00, 0x01, 0x00, 0x00, 0x00, 0x00,
    0x00, 0x00, 0x00, 0x00, 0xff, 0xff, 0x00, 0x01, 0xff, 0xff, 0x00, 0x01, 0xff, 0xff, 0x00, 0x01,
    0xff, 0xff, 0x00, 0x01, 0xff, 0xff, 0x00, 0x01, 0xaa, 0x7f, 0x55, 0x06, 0x00, 0x00, 0x00, 0x00,
    0xb0, 0x9f, 0x55, 0x6b, 0xb5, 0xa7, 0x54, 0xff, 0xae, 0xa0, 0x51, 0xfb, 0xae, 0x9f, 0x52, 0xfd,
    0xae, 0x9f, 0x52, 0xfe, 0xad, 0x9e, 0x52, 0xfe, 0xae, 0x9f, 0x53, 0xfe, 0xae, 0x9f, 0x53, 0xfe,
    0xae, 0x9f, 0x53, 0xfe, 0xae, 0xa0, 0x51, 0xfe, 0xae, 0x9f, 0x52, 0xfe, 0xae, 0xa0, 0x51, 0xfe,
    0xae, 0x9f, 0x53, 0xfe, 0xae, 0xa0, 0x51, 0xfe, 0xae, 0xa0, 0x51, 0xfe, 0xaf, 0xa0, 0x51, 0xfe,
    0xaf, 0xa1, 0x50, 0xfa, 0xb7, 0xa6, 0x52, 0xff, 0xb4, 0xa3, 0x53, 0xe1, 0xae, 0x99, 0x57, 0x23,
    0x00, 0x00, 0x00, 0x00, 0xb6, 0xb6, 0x6d, 0x07, 0xaa, 0xaa, 0x55, 0x03, 0xbf, 0xbf, 0x7f, 0x04,
    0xd4, 0xaa, 0x55, 0x06, 0x00, 0x00, 0x00, 0x00, 0xb4, 0xaa, 0x55, 0x18, 0xb3, 0xa5, 0x53, 0xd2,
    0xb8, 0xa7, 0x54, 0xff, 0xad, 0x9f, 0x50, 0xfa, 0xad, 0x9f, 0x52, 0xfe, 0xad, 0x9e, 0x52, 0xfe,
    0xad, 0x9e, 0x52, 0xfe, 0xad, 0x9e, 0x52, 0xfe, 0xae, 0xa0, 0x51, 0xfe, 0xae, 0x9f, 0x52, 0xfe,
    0xae, 0x9f, 0x53, 0xfe, 0xae, 0x9f, 0x53, 0xfe, 0xae, 0x9f, 0x53, 0xfe, 0xae, 0x9f, 0x53, 0xfe,
    0xae, 0x9f, 0x52, 0xfe, 0xae, 0x9f, 0x52, 0xfe, 0xae, 0x9f, 0x50, 0xfc, 0xb0, 0xa1, 0x50, 0xfc,
    0xb4, 0xa4, 0x53, 0xfb, 0xb3, 0xa2, 0x54, 0x58, 0x00, 0x00, 0x00, 0x00, 0xaa, 0xaa, 0x55, 0x06,
    0x7f, 0x7f, 0x00, 0x02, 0xff, 0xff, 0x00, 0x01, 0xff, 0xff, 0x00, 0x01, 0xff, 0xff, 0x00, 0x01,
    0xff, 0xff, 0x00, 0x01, 0xff, 0xff, 0x00, 0x01, 0xff, 0xff, 0x00, 0x01, 0xff, 0xff, 0x00, 0x01,
    0x99, 0x99, 0x33, 0x05, 0x00, 0x00, 0x00, 0x00, 0xae, 0x9f, 0x50, 0x95, 0xb8, 0xa8, 0x54, 0xff,
    0xae, 0x9f, 0x4f, 0xfa, 0xae, 0x9e, 0x50, 0xfe, 0xad, 0x9e, 0x52, 0xfe, 0xad, 0x9e, 0x52, 0xfe,
    0xad, 0x9e, 0x52, 0xfe, 0xad, 0x9e, 0x52, 0xfe, 0xad, 0x9e, 0x52, 0xfe, 0xac, 0x9d, 0x50, 0xfe,
    0xad, 0x9f, 0x51, 0xfe, 0xae, 0x9e, 0x4f, 0xfa, 0xba, 0xa8, 0x52, 0xff, 0xab, 0x9e, 0x4b, 0x8a,
    0x00, 0x00, 0x00, 0x00, 0xbf, 0x7f, 0x3f, 0x04, 0x00, 0x00, 0x00, 0x00, 0x00, 0x00, 0x00, 0x00,
    0x00, 0x00, 0x00, 0x00, 0x00, 0x00, 0x00, 0x00, 0x00, 0x00, 0x00, 0x00, 0x00, 0x00, 0x00, 0x00,
    0x00, 0x00, 0x00, 0x00, 0x00, 0x00, 0x00, 0x00, 0x00, 0x00, 0x00, 0x00, 0x00, 0x00, 0x00, 0x00,
    0x00, 0x00, 0x00, 0x00, 0x00, 0x00, 0x00, 0x00, 0x00, 0x00, 0x00, 0x00, 0x00, 0x00, 0x00, 0x00,
    0x00, 0x00, 0x00, 0x00, 0x00, 0x00, 0x00, 0x00, 0x00, 0x00, 0x00, 0x00, 0x00, 0x00, 0x00, 0x00,
    0x00, 0x00, 0x00, 0x00, 0x00, 0x00, 0x00, 0x00, 0x00, 0x00, 0x00, 0x00, 0x00, 0x00, 0x00, 0x00,
    0x00, 0x00, 0x00, 0x00, 0x00, 0x00, 0x00, 0x00, 0x00, 0x00, 0x00, 0x00, 0x00, 0x00, 0x00, 0x00,
    0x00, 0x00, 0x00, 0x00, 0x00, 0x00, 0x00, 0x00, 0x00, 0x00, 0x00, 0x00, 0x00, 0x00, 0x00, 0x00,
    0x00, 0x00, 0x00, 0x00, 0x00, 0x00, 0x00, 0x00, 0x00, 0x00, 0x00, 0x00, 0x00, 0x00, 0x00, 0x00,
    0x00, 0x00, 0x00, 0x00, 0x00, 0x00, 0x00, 0x00, 0x00, 0x00, 0x00, 0x00, 0x00, 0x00, 0x00, 0x00,
    0x00, 0x00, 0x00, 0x00, 0x00, 0x00, 0x00, 0x00, 0x00, 0x00, 0x00, 0x00, 0x00, 0x00, 0x00, 0x00,
    0x00, 0x00, 0x00, 0x00, 0x00, 0x00, 0x00, 0x00, 0xbf, 0x7f, 0x3f, 0x04, 0x00, 0x00, 0x00, 0x00,
    0xaf, 0x9f, 0x51, 0x83, 0xb9, 0xa9, 0x57, 0xff, 0xac, 0x9e, 0x50, 0xfa, 0xac, 0x9d, 0x51, 0xfe,
    0xad, 0x9e, 0x50, 0xfe, 0xad, 0x9e, 0x52, 0xfe, 0xad, 0x9e, 0x51, 0xfe, 0xad, 0x9f, 0x51, 0xfe,
    0xad, 0x9e, 0x51, 0xfe, 0xaf, 0x9f, 0x4f, 0xfd, 0xb0, 0x9f, 0x4f, 0xfd, 0xb0, 0x9e, 0x4e, 0xf9,
    0xba, 0xa8, 0x53, 0xff, 0xaf, 0xa0, 0x51, 0x87, 0x00, 0x00, 0x00, 0x00, 0xcc, 0x99, 0x33, 0x05,
    0xff, 0xff, 0x00, 0x01, 0xff, 0xff, 0x00, 0x01, 0xff, 0xff, 0x00, 0x01, 0xff, 0xff, 0x00, 0x01,
    0xff, 0xff, 0x00, 0x01, 0xff, 0xff, 0x00, 0x01, 0x00, 0x00, 0x00, 0x00, 0xff, 0xff, 0x00, 0x01,
    0xff, 0xff, 0x00, 0x01, 0xff, 0xff, 0x00, 0x01, 0xff, 0xff, 0x00, 0x01, 0xff, 0xff, 0x00, 0x01,
    0xff, 0xff, 0x00, 0x01, 0xaa, 0xaa, 0x55, 0x06, 0x00, 0x00, 0x00, 0x00, 0xad, 0x9f, 0x51, 0x6e,
    0xba, 0xa9, 0x54, 0xff, 0xae, 0x9f, 0x51, 0xfb, 0xad, 0x9f, 0x52, 0xfd, 0xad, 0x9e, 0x52, 0xfe,
    0xad, 0x9e, 0x52, 0xfe, 0xae, 0x9f, 0x53, 0xfe, 0xae, 0x9f, 0x53, 0xfe, 0xae, 0x9f, 0x52, 0xfe,
    0xae, 0xa0, 0x51, 0xfe, 0xae, 0x9f, 0x53, 0xfe, 0xae, 0xa0, 0x51, 0xfe, 0xae, 0xa0, 0x51, 0xfe,
    0xae, 0xa0, 0x51, 0xfe, 0xae, 0xa0, 0x51, 0xfe, 0xae, 0xa0, 0x51, 0xfe, 0xae, 0x9f, 0x51, 0xfb,
    0xb6, 0xa7, 0x54, 0xff, 0xb3, 0xa3, 0x55, 0xdb, 0xb1, 0xa2, 0x55, 0x21, 0x00, 0x00, 0x00, 0x00,
    0xb6, 0xb6, 0x6d, 0x07, 0xaa, 0xaa, 0x55, 0x03, 0xaa, 0xaa, 0x55, 0x03, 0xaa, 0xaa, 0x55, 0x06,
    0x00, 0x00, 0x00, 0x00, 0xa6, 0x9c, 0x4e, 0x1a, 0xb2, 0xa3, 0x51, 0xd6, 0xb8, 0xa7, 0x53, 0xff,
    0xae, 0x9f, 0x50, 0xfa, 0xad, 0x9e, 0x52, 0xfe, 0xad, 0x9e, 0x52, 0xfe, 0xad, 0x9f, 0x50, 0xfe,
    0xae, 0x9f, 0x53, 0xfe, 0xae, 0x9f, 0x53, 0xfe, 0xae, 0xa0, 0x51, 0xfe, 0xae, 0xa0, 0x51, 0xfe,
    0xae, 0xa0, 0x52, 0xfe, 0xae, 0x9f, 0x52, 0xfe, 0xae, 0xa0, 0x52, 0xfe, 0xae, 0x9f, 0x52, 0xfe,
    0xad, 0x9f, 0x50, 0xfe, 0xad, 0x9e, 0x4f, 0xfc, 0xaf, 0xa1, 0x50, 0xfd, 0xb4, 0xa5, 0x53, 0xfe,
    0xb0, 0xa0, 0x55, 0x54, 0x00, 0x00, 0x00, 0x00, 0x91, 0x91, 0x48, 0x07, 0xff, 0xff, 0x00, 0x01,
    0xff, 0xff, 0x00, 0x01, 0xff, 0xff, 0x00, 0x01, 0xff, 0xff, 0x00, 0x01, 0xff, 0xff, 0x00, 0x01,
    0xff, 0xff, 0x00, 0x01, 0xff, 0xff, 0x00, 0x01, 0x99, 0x99, 0x33, 0x05, 0x00, 0x00, 0x00, 0x00,
    0xb0, 0xa1, 0x4f, 0x96, 0xb9, 0xaa, 0x55, 0xff, 0xad, 0xa0, 0x50, 0xfa, 0xad, 0x9f, 0x50, 0xfe,
    0xad, 0x9e, 0x52, 0xfe, 0xad, 0x9e, 0x52, 0xfe, 0xad, 0x9e, 0x51, 0xfe, 0xad, 0x9e, 0x51, 0xfe,
    0xad, 0x9e, 0x52, 0xfe, 0xac, 0x9d, 0x50, 0xfe, 0xad, 0x9e, 0x4f, 0xfe, 0xad, 0x9f, 0x50, 0xfa,
    0xb9, 0xa8, 0x52, 0xff, 0xad, 0x9d, 0x4b, 0x8a, 0x00, 0x00, 0x00, 0x00, 0xbf, 0xbf, 0x3f, 0x04,
    0x00, 0x00, 0x00, 0x00, 0x00, 0x00, 0x00, 0x00, 0x00, 0x00, 0x00, 0x00, 0x00, 0x00, 0x00, 0x00,
    0x00, 0x00, 0x00, 0x00, 0x00, 0x00, 0x00, 0x00, 0x00, 0x00, 0x00, 0x00, 0x00, 0x00, 0x00, 0x00,
    0x00, 0x00, 0x00, 0x00, 0x00, 0x00, 0x00, 0x00, 0x00, 0x00, 0x00, 0x00, 0x00, 0x00, 0x00, 0x00,
    0x00, 0x00, 0x00, 0x00, 0x00, 0x00, 0x00, 0x00, 0x00, 0x00, 0x00, 0x00, 0x00, 0x00, 0x00, 0x00,
    0x00, 0x00, 0x00, 0x00, 0x00, 0x00, 0x00, 0x00, 0x00, 0x00, 0x00, 0x00, 0x00, 0x00, 0x00, 0x00,
    0x00, 0x00, 0x00, 0x00, 0x00, 0x00, 0x00, 0x00, 0x00, 0x00, 0x00, 0x00, 0x00, 0x00, 0x00, 0x00,
    0x00, 0x00, 0x00, 0x00, 0x00, 0x00, 0x00, 0x00, 0x00, 0x00, 0x00, 0x00, 0x00, 0x00, 0x00, 0x00,
    0x00, 0x00, 0x00, 0x00, 0x00, 0x00, 0x00, 0x00, 0x00, 0x00, 0x00, 0x00, 0x00, 0x00, 0x00, 0x00,
    0x00, 0x00, 0x00, 0x00, 0x00, 0x00, 0x00, 0x00, 0x00, 0x00, 0x00, 0x00, 0x00, 0x00, 0x00, 0x00,
    0x00, 0x00, 0x00, 0x00, 0x00, 0x00, 0x00, 0x00, 0x00, 0x00, 0x00, 0x00, 0x00, 0x00, 0x00, 0x00,
    0x00, 0x00, 0x00, 0x00, 0x00, 0x00, 0x00, 0x00, 0x00, 0x00, 0x00, 0x00, 0x00, 0x00, 0x00, 0x00,
    0xbf, 0x7f, 0x3f, 0x04, 0x00, 0x00, 0x00, 0x00, 0xb0, 0xa0, 0x52, 0x82, 0xb9, 0xa8, 0x56, 0xff,
    0xac, 0x9d, 0x4f, 0xfa, 0xac, 0x9e, 0x50, 0xfe, 0xad, 0x9e, 0x52, 0xfe, 0xad, 0x9e, 0x51, 0xfe,
    0xad, 0x9f, 0x51, 0xfe, 0xad, 0x9e, 0x52, 0xfe, 0xad, 0x9f, 0x51, 0xfe, 0xad, 0x9e, 0x51, 0xfe,
    0xae, 0x9e, 0x50, 0xfe, 0xb0, 0x9f, 0x4c, 0xf9, 0xba, 0xa8, 0x53, 0xff, 0xb0, 0x9f, 0x52, 0x88,
    0x00, 0x00, 0x00, 0x00, 0xcc, 0x99, 0x33, 0x05, 0xff, 0xff, 0x00, 0x01, 0xff, 0xff, 0x00, 0x01,
    0xff, 0xff, 0x00, 0x01, 0xff, 0xff, 0x00, 0x01, 0xff, 0xff, 0x00, 0x01, 0xff, 0xff, 0x00, 0x01,
    0xff, 0xff, 0x00, 0x01, 0xff, 0xff, 0x00, 0x01, 0xff, 0xff, 0x00, 0x01, 0xff, 0xff, 0x00, 0x01,
    0xff, 0xff, 0x00, 0x01, 0xff, 0xff, 0x00, 0x01, 0xff, 0xff, 0x00, 0x01, 0x55, 0x55, 0x55, 0x03,
    0xaa, 0xaa, 0x55, 0x06, 0x00, 0x00, 0x00, 0x00, 0xb2, 0xa1, 0x50, 0x7e, 0xb8, 0xa8, 0x54, 0xff,
    0xae, 0x9f, 0x51, 0xfa, 0xad, 0x9e, 0x52, 0xfe, 0xad, 0x9e, 0x52, 0xfe, 0xae, 0x9f, 0x53, 0xfe,
    0xae, 0x9f, 0x53, 0xfe, 0xad, 0x9f, 0x51, 0xfe, 0xad, 0x9e, 0x51, 0xfe, 0xad, 0x9f, 0x51, 0xfe,
    0xae, 0x9f, 0x53, 0xfe, 0xae, 0xa0, 0x51, 0xfe, 0xae, 0xa0, 0x51, 0xfe, 0xae, 0x9f, 0x53, 0xfe,
    0xae, 0xa0, 0x51, 0xfe, 0xae, 0xa0, 0x53, 0xfe, 0xad, 0x9f, 0x51, 0xfb, 0xb8, 0xa8, 0x54, 0xff,
    0xb3, 0xa3, 0x52, 0xd6, 0xb0, 0x9c, 0x58, 0x1a, 0x00, 0x00, 0x00, 0x00, 0xb6, 0xb6, 0x6d, 0x07,
    0xaa, 0xaa, 0x55, 0x03, 0xaa, 0xaa, 0x55, 0x03, 0xaa, 0xaa, 0x55, 0x06, 0x00, 0x00, 0x00, 0x00,
    0xb1, 0xa2, 0x4d, 0x24, 0xb4, 0xa3, 0x52, 0xe1, 0xb4, 0xa5, 0x52, 0xff, 0xac, 0x9e, 0x52, 0xfb,
    0xad, 0x9e, 0x52, 0xfe, 0xad, 0x9e, 0x52, 0xfe, 0xae, 0x9f, 0x53, 0xfe, 0xae, 0x9f, 0x53, 0xfe,
    0xae, 0xa0, 0x51, 0xfe, 0xae, 0x9f, 0x53, 0xfe, 0xae, 0xa0, 0x52, 0xfe, 0xae, 0x9f, 0x52, 0xfe,
    0xae, 0x9f, 0x51, 0xfe, 0xad, 0x9e, 0x51, 0xfe, 0xad, 0x9f, 0x50, 0xfe, 0xad, 0x9f, 0x50, 0xfe,
    0xad, 0x9f, 0x4f, 0xfc, 0xb1, 0xa1, 0x50, 0xfc, 0xb4, 0xa3, 0x51, 0xfc, 0xad, 0xa0, 0x51, 0x5e,
    0x00, 0x00, 0x00, 0x00, 0xaa, 0xaa, 0x55, 0x06, 0x7f, 0x7f, 0x7f, 0x02, 0xff, 0xff, 0x00, 0x01,
    0xff, 0xff, 0x00, 0x01, 0xff, 0xff, 0x00, 0x01, 0xff, 0xff, 0x00, 0x01, 0x7f, 0x7f, 0x00, 0x02,
    0x7f, 0x7f, 0x55, 0x06, 0x00, 0x00, 0x00, 0x00, 0xb1, 0xa0, 0x4f, 0x97, 0xb9, 0xaa, 0x54, 0xff,
    0xae, 0xa0, 0x50, 0xfa, 0xad, 0x9f, 0x50, 0xfe, 0xad, 0x9e, 0x52, 0xfe, 0xad, 0x9e, 0x52, 0xfe,
    0xad, 0x9e, 0x52, 0xfe, 0xad, 0x9e, 0x52, 0xfe, 0xad, 0x9e, 0x51, 0xfe, 0xad, 0x9f, 0x51, 0xfe,
    0xac, 0x9e, 0x51, 0xfe, 0xad, 0x9d, 0x4f, 0xfa, 0xba, 0xa8, 0x53, 0xff, 0xae, 0x9e, 0x4c, 0x89,
    0x00, 0x00, 0x00, 0x00, 0xbf, 0x7f, 0x3f, 0x04, 0x00, 0x00, 0x00, 0x00, 0x00, 0x00, 0x00, 0x00,
    0x00, 0x00, 0x00, 0x00, 0x00, 0x00, 0x00, 0x00, 0x00, 0x00, 0x00, 0x00, 0x00, 0x00, 0x00, 0x00,
    0x00, 0x00, 0x00, 0x00, 0x00, 0x00, 0x00, 0x00, 0x00, 0x00, 0x00, 0x00, 0x00, 0x00, 0x00, 0x00,
    0x00, 0x00, 0x00, 0x00, 0x00, 0x00, 0x00, 0x00, 0x00, 0x00, 0x00, 0x00, 0x00, 0x00, 0x00, 0x00,
    0x00, 0x00, 0x00, 0x00, 0x00, 0x00, 0x00, 0x00, 0x00, 0x00, 0x00, 0x00, 0x00, 0x00, 0x00, 0x00,
    0x00, 0x00, 0x00, 0x00, 0x00, 0x00, 0x00, 0x00, 0x00, 0x00, 0x00, 0x00, 0x00, 0x00, 0x00, 0x00,
    0x00, 0x00, 0x00, 0x00, 0x00, 0x00, 0x00, 0x00, 0x00, 0x00, 0x00, 0x00, 0x00, 0x00, 0x00, 0x00,
    0x00, 0x00, 0x00, 0x00, 0x00, 0x00, 0x00, 0x00, 0x00, 0x00, 0x00, 0x00, 0x00, 0x00, 0x00, 0x00,
    0x00, 0x00, 0x00, 0x00, 0x00, 0x00, 0x00, 0x00, 0x00, 0x00, 0x00, 0x00, 0x00, 0x00, 0x00, 0x00,
    0x00, 0x00, 0x00, 0x00, 0x00, 0x00, 0x00, 0x00, 0x00, 0x00, 0x00, 0x00, 0x00, 0x00, 0x00, 0x00,
    0x00, 0x00, 0x00, 0x00, 0x00, 0x00, 0x00, 0x00, 0x00, 0x00, 0x00, 0x00, 0x00, 0x00, 0x00, 0x00,
    0x00, 0x00, 0x00, 0x00, 0x00, 0x00, 0x00, 0x00, 0xbf, 0x7f, 0x3f, 0x04, 0x00, 0x00, 0x00, 0x00,
    0xad, 0x9e, 0x51, 0x84, 0xb7, 0xa7, 0x55, 0xff, 0xac, 0x9d, 0x4f, 0xfa, 0xad, 0x9e, 0x50, 0xfe,
    0xad, 0x9f, 0x51, 0xfe, 0xad, 0x9e, 0x52, 0xfe, 0xad, 0x9e, 0x52, 0xfe, 0xad, 0x9f, 0x51, 0xfe,
    0xad, 0x9f, 0x51, 0xfe, 0xad, 0x9e, 0x51, 0xfe, 0xae, 0x9f, 0x50, 0xfe, 0xaf, 0x9f, 0x4e, 0xfa,
    0xb9, 0xa8, 0x52, 0xff, 0xb0, 0x9f, 0x50, 0x88, 0x00, 0x00, 0x00, 0x00, 0xaa, 0x7f, 0x55, 0x06,
    0x7f, 0x7f, 0x00, 0x02, 0xff, 0xff, 0x00, 0x01, 0xff, 0xff, 0x00, 0x01, 0xff, 0xff, 0x00, 0x01,
    0xff, 0xff, 0x00, 0x01, 0xff, 0xff, 0x00, 0x01, 0xff, 0xff, 0x00, 0x01, 0xff, 0xff, 0x00, 0x01,
    0xff, 0xff, 0x00, 0x01, 0xff, 0xff, 0x00, 0x01, 0xff, 0xff, 0x00, 0x01, 0xff, 0xff, 0x00, 0x01,
    0xff, 0xff, 0x00, 0x01, 0xff, 0xff, 0x00, 0x01, 0x7f, 0x7f, 0x7f, 0x02, 0xaa, 0xaa, 0x55, 0x06,
    0x00, 0x00, 0x00, 0x00, 0xb1, 0xa0, 0x51, 0x87, 0xbc, 0xab, 0x57, 0xff, 0xad, 0x9f, 0x50, 0xfa,
    0xae, 0xa0, 0x52, 0xfd, 0xae, 0x9f, 0x53, 0xfe, 0xae, 0x9f, 0x53, 0xfe, 0xad, 0x9e, 0x52, 0xfe,
    0xad, 0x9e, 0x52, 0xfe, 0xad, 0x9f, 0x51, 0xfe, 0xae, 0xa0, 0x51, 0xfe, 0xae, 0x9f, 0x53, 0xfe,
    0xae, 0xa0, 0x51, 0xfe, 0xae, 0xa0, 0x51, 0xfe, 0xae, 0xa0, 0x51, 0xfe, 0xae, 0xa0, 0x51, 0xfe,
    0xaf, 0x9f, 0x53, 0xfe, 0xb0, 0xa0, 0x50, 0xf9, 0xb8, 0xa9, 0x53, 0xff, 0xb4, 0xa3, 0x51, 0xd1,
    0xb1, 0x9b, 0x58, 0x17, 0xff, 0xff, 0xff, 0x01, 0xaa, 0xaa, 0x55, 0x06, 0xaa, 0xaa, 0x55, 0x03,
    0xaa, 0xaa, 0x55, 0x03, 0xaa, 0xaa, 0x55, 0x06, 0x00, 0x00, 0x00, 0x00, 0xae, 0x9b, 0x50, 0x29,
    0xb1, 0xa2, 0x52, 0xe6, 0xb3, 0xa4, 0x52, 0xff, 0xad, 0x9e, 0x52, 0xfb, 0xae, 0x9f, 0x52, 0xfe,
    0xae, 0x9f, 0x51, 0xfe, 0xae, 0xa0, 0x51, 0xfe, 0xae, 0xa0, 0x51, 0xfe, 0xae, 0xa0, 0x51, 0xfe,
    0xae, 0x9f, 0x52, 0xfe, 0xad, 0x9f, 0x50, 0xfe, 0xad, 0x9f, 0x50, 0xfe, 0xad, 0x9f, 0x50, 0xfe,
    0xad, 0x9f, 0x51, 0xfe, 0xad, 0x9e, 0x51, 0xfe, 0xad, 0x9f, 0x50, 0xfe, 0xae, 0x9f, 0x50, 0xfc,
    0xb0, 0xa1, 0x4f, 0xfd, 0xb7, 0xa6, 0x53, 0xff, 0xaf, 0xa1, 0x55, 0x5d, 0x00, 0x00, 0x00, 0x00,
    0xb6, 0x91, 0x48, 0x07, 0x7f, 0x7f, 0x7f, 0x02, 0x7f, 0x7f, 0x7f, 0x02, 0x7f, 0x7f, 0x7f, 0x02,
    0x7f, 0x7f, 0x7f, 0x02, 0x7f, 0x7f, 0x7f, 0x02, 0xaa, 0x7f, 0x55, 0x06, 0x00, 0x00, 0x00, 0x00,
    0xb1, 0xa0, 0x51, 0x97, 0xb9, 0xaa, 0x54, 0xff, 0xad, 0xa0, 0x50, 0xfa, 0xad, 0x9e, 0x50, 0xfe,
    0xad, 0x9e, 0x51, 0xfe, 0xad, 0x9f, 0x51, 0xfe, 0xad, 0x9e, 0x51, 0xfe, 0xad, 0x9f, 0x51, 0xfe,
    0xad, 0x9e, 0x52, 0xfe, 0xad, 0x9e, 0x52, 0xfe, 0xac, 0x9d, 0x51, 0xfe, 0xac, 0x9d, 0x4f, 0xfa,
    0xb9, 0xa8, 0x53, 0xff, 0xad, 0xa0, 0x4c, 0x89, 0x00, 0x00, 0x00, 0x00, 0xbf, 0x7f, 0x3f, 0x04,
    0x00, 0x00, 0x00, 0x00, 0x00, 0x00, 0x00, 0x00, 0x00, 0x00, 0x00, 0x00, 0x00, 0x00, 0x00, 0x00,
    0x00, 0x00, 0x00, 0x00, 0x00, 0x00, 0x00, 0x00, 0x00, 0x00, 0x00, 0x00, 0x00, 0x00, 0x00, 0x00,
    0x00, 0x00, 0x00, 0x00, 0x00, 0x00, 0x00, 0x00, 0x00, 0x00, 0x00, 0x00, 0x00, 0x00, 0x00, 0x00,
    0x00, 0x00, 0x00, 0x00, 0x00, 0x00, 0x00, 0x00, 0x00, 0x00, 0x00, 0x00, 0x00, 0x00, 0x00, 0x00,
    0x00, 0x00, 0x00, 0x00, 0x00, 0x00, 0x00, 0x00, 0x00, 0x00, 0x00, 0x00, 0x00, 0x00, 0x00, 0x00,
    0x00, 0x00, 0x00, 0x00, 0x00, 0x00, 0x00, 0x00, 0x00, 0x00, 0x00, 0x00, 0x00, 0x00, 0x00, 0x00,
    0x00, 0x00, 0x00, 0x00, 0x00, 0x00, 0x00, 0x00, 0x00, 0x00, 0x00, 0x00, 0x00, 0x00, 0x00, 0x00,
    0x00, 0x00, 0x00, 0x00, 0x00, 0x00, 0x00, 0x00, 0x00, 0x00, 0x00, 0x00, 0x00, 0x00, 0x00, 0x00,
    0x00, 0x00, 0x00, 0x00, 0x00, 0x00, 0x00, 0x00, 0x00, 0x00, 0x00, 0x00, 0x00, 0x00, 0x00, 0x00,
    0x00, 0x00, 0x00, 0x00, 0x00, 0x00, 0x00, 0x00, 0x00, 0x00, 0x00, 0x00, 0x00, 0x00, 0x00, 0x00,
    0x00, 0x00, 0x00, 0x00, 0x00, 0x00, 0x00, 0x00, 0x00, 0x00, 0x00, 0x00, 0x00, 0x00, 0x00, 0x00,
    0xbf, 0x7f, 0x3f, 0x04, 0x00, 0x00, 0x00, 0x00, 0xad, 0x9b, 0x4f, 0x83, 0xb6, 0xa6, 0x54, 0xff,
    0xac, 0x9e, 0x4f, 0xfa, 0xad, 0x9e, 0x50, 0xfe, 0xad, 0x9f, 0x50, 0xfe, 0xad, 0x9f, 0x51, 0xfe,
    0xad, 0x9e, 0x51, 0xfe, 0xad, 0x9f, 0x51, 0xfe, 0xad, 0x9e, 0x52, 0xfe, 0xae, 0x9d, 0x52, 0xfe,
    0xaf, 0x9d, 0x51, 0xfe, 0xaf, 0x9f, 0x4e, 0xfa, 0xba, 0xa8, 0x52, 0xff, 0xaf, 0x9e, 0x51, 0x8a,
    0x00, 0x00, 0x00, 0x00, 0xaa, 0xaa, 0x55, 0x06, 0x7f, 0x7f, 0x7f, 0x02, 0x7f, 0x7f, 0x7f, 0x02,
    0xff, 0xff, 0x00, 0x01, 0xff, 0xff, 0x00, 0x01, 0xff, 0xff, 0x00, 0x01, 0xff, 0xff, 0x00, 0x01,
    0xff, 0xff, 0x00, 0x01, 0xff, 0xff, 0x00, 0x01, 0xff, 0xff, 0x00, 0x01, 0xff, 0xff, 0x00, 0x01,
    0xff, 0xff, 0x00, 0x01, 0xff, 0xff, 0x00, 0x01, 0xff, 0xff, 0x00, 0x01, 0xff, 0xff, 0x00, 0x01,
    0xff, 0xff, 0x00, 0x01, 0xaa, 0xaa, 0x55, 0x03, 0xaa, 0xaa, 0x55, 0x06, 0x00, 0x00, 0x00, 0x00,
    0xb0, 0xa1, 0x51, 0x93, 0xb8, 0xa9, 0x54, 0xff, 0xaf, 0xa0, 0x51, 0xf9, 0xad, 0x9f, 0x51, 0xfe,
    0xad, 0x9e, 0x51, 0xfe, 0xae, 0x9f, 0x53, 0xfe, 0xae, 0xa0, 0x51, 0xfe, 0xae, 0xa0, 0x51, 0xfe,
    0xae, 0x9f, 0x53, 0xfe, 0xae, 0xa0, 0x51, 0xfe, 0xb0, 0x9f, 0x53, 0xfe, 0xae, 0xa0, 0x51, 0xfe,
    0xae, 0xa0, 0x51, 0xfe, 0xae, 0x9f, 0x53, 0xfe, 0xae, 0x9f, 0x52, 0xfe, 0xae, 0xa0, 0x50, 0xfe,
    0xae, 0xa0, 0x50, 0xfa, 0xb9, 0xa9, 0x55, 0xff, 0xb5, 0xa4, 0x53, 0xca, 0xaa, 0x99, 0x55, 0x0f,
    0x7f, 0x7f, 0x7f, 0x02, 0xaa, 0xaa, 0x55, 0x06, 0xaa, 0xaa, 0x55, 0x03, 0xaa, 0xaa, 0x55, 0x03,
    0xb6, 0xb6, 0x6d, 0x07, 0x00, 0x00, 0x00, 0x00, 0xad, 0x9e, 0x56, 0x35, 0xb3, 0xa5, 0x52, 0xf0,
    0xb2, 0xa3, 0x52, 0xff, 0xaf, 0x9e, 0x50, 0xfb, 0xaf, 0xa0, 0x4f, 0xfd, 0xaf, 0x9e, 0x50, 0xfe,
    0xad, 0x9e, 0x52, 0xfe, 0xad, 0x9f, 0x50, 0xfe, 0xaf, 0x9e, 0x50, 0xfe, 0xad, 0x9f, 0x50, 0xfe,
    0xae, 0x9f, 0x50, 0xfe, 0xae, 0x9e, 0x50, 0xfe, 0xad, 0x9f, 0x50, 0xfe, 0xad, 0x9f, 0x50, 0xfe,
    0xae, 0xa0, 0x52, 0xfe, 0xae, 0x9f, 0x52, 0xfe, 0xb0, 0x9e, 0x4f, 0xfc, 0xb1, 0xa2, 0x50, 0xfc,
    0xb5, 0xa6, 0x52, 0xff, 0xb0, 0xa0, 0x54, 0x61, 0x00, 0x00, 0x00, 0x00, 0xb6, 0xb6, 0x48, 0x07,
    0x7f, 0x7f, 0x7f, 0x02, 0x7f, 0x7f, 0x7f, 0x02, 0x7f, 0x7f, 0x7f, 0x02, 0x7f, 0x7f, 0x7f, 0x02,
    0xaa, 0xaa, 0x55, 0x06, 0x00, 0x00, 0x00, 0x00, 0xb0, 0xa0, 0x52, 0x95, 0xb9, 0xaa, 0x54, 0xff,
    0xad, 0x9f, 0x50, 0xfa, 0xac, 0x9d, 0x4f, 0xfe, 0xac, 0x9d, 0x50, 0xfe, 0xac, 0x9d, 0x50, 0xfe,
    0xac, 0x9d, 0x51, 0xfe, 0xad, 0x9e, 0x52, 0xfe, 0xad, 0x9e, 0x51, 0xfe, 0xad, 0x9f, 0x51, 0xfe,
    0xad, 0x9e, 0x51, 0xfe, 0xac, 0x9e, 0x4f, 0xfa, 0xb9, 0xa8, 0x54, 0xff, 0xad, 0x9d, 0x4f, 0x8a,
    0x00, 0x00, 0x00, 0x00, 0xbf, 0xbf, 0x3f, 0x04, 0x00, 0x00, 0x00, 0x00, 0x00, 0x00, 0x00, 0x00,
    0x00, 0x00, 0x00, 0x00, 0x00, 0x00, 0x00, 0x00, 0x00, 0x00, 0x00, 0x00, 0x00, 0x00, 0x00, 0x00,
    0x00, 0x00, 0x00, 0x00, 0x00, 0x00, 0x00, 0x00, 0x00, 0x00, 0x00, 0x00, 0x00, 0x00, 0x00, 0x00,
    0x00, 0x00, 0x00, 0x00, 0x00, 0x00, 0x00, 0x00, 0x00, 0x00, 0x00, 0x00, 0x00, 0x00, 0x00, 0x00,
    0x00, 0x00, 0x00, 0x00, 0x00, 0x00, 0x00, 0x00, 0x00, 0x00, 0x00, 0x00, 0x00, 0x00, 0x00, 0x00,
    0x00, 0x00, 0x00, 0x00, 0x00, 0x00, 0x00, 0x00, 0x00, 0x00, 0x00, 0x00, 0x00, 0x00, 0x00, 0x00,
    0x00, 0x00, 0x00, 0x00, 0x00, 0x00, 0x00, 0x00, 0x00, 0x00, 0x00, 0x00, 0x00, 0x00, 0x00, 0x00,
    0x00, 0x00, 0x00, 0x00, 0x00, 0x00, 0x00, 0x00, 0x00, 0x00, 0x00, 0x00, 0x00, 0x00, 0x00, 0x00,
    0x00, 0x00, 0x00, 0x00, 0x00, 0x00, 0x00, 0x00, 0x00, 0x00, 0x00, 0x00, 0x00, 0x00, 0x00, 0x00,
    0x00, 0x00, 0x00, 0x00, 0x00, 0x00, 0x00, 0x00, 0x00, 0x00, 0x00, 0x00, 0x00, 0x00, 0x00, 0x00,
    0x00, 0x00, 0x00, 0x00, 0x00, 0x00, 0x00, 0x00, 0x00, 0x00, 0x00, 0x00, 0x00, 0x00, 0x00, 0x00,
    0x00, 0x00, 0x00, 0x00, 0x00, 0x00, 0x00, 0x00, 0xbf, 0x7f, 0x3f, 0x04, 0x00, 0x00, 0x00, 0x00,
    0xac, 0x9c, 0x4e, 0x82, 0xb7, 0xa8, 0x54, 0xff, 0xac, 0x9d, 0x4f, 0xfa, 0xac, 0x9e, 0x50, 0xfe,
    0xae, 0x9f, 0x50, 0xfe, 0xae, 0x9e, 0x50, 0xfe, 0xad, 0x9f, 0x51, 0xfe, 0xad, 0x9e, 0x52, 0xfe,
    0xad, 0x9f, 0x51, 0xfe, 0xad, 0x9e, 0x51, 0xfe, 0xad, 0x9f, 0x51, 0xfe, 0xaf, 0x9f, 0x4d, 0xf9,
    0xba, 0xa8, 0x52, 0xff, 0xb0, 0xa1, 0x51, 0x89, 0xff, 0xff, 0x00, 0x01, 0xb6, 0xb6, 0x48, 0x07,
    0x7f, 0x7f, 0x7f, 0x02, 0x7f, 0x7f, 0x7f, 0x02, 0xff, 0xff, 0x00, 0x01, 0xff, 0xff, 0x00, 0x01,
    0xff, 0xff, 0x00, 0x01, 0xff, 0xff, 0x00, 0x01, 0xff, 0xff, 0x00, 0x01, 0xff, 0xff, 0x00, 0x01,
    0xff, 0xff, 0x00, 0x01, 0xff, 0xff, 0x00, 0x01, 0xff, 0xff, 0x00, 0x01, 0xff, 0xff, 0x00, 0x01,
    0x7f, 0x7f, 0x7f, 0x02, 0x7f, 0x7f, 0x7f, 0x02, 0x7f, 0x7f, 0x7f, 0x02, 0x7f, 0x7f, 0x7f, 0x02,
    0x7f, 0x7f, 0x3f, 0x04, 0xcc, 0xcc, 0x66, 0x05, 0x00, 0x00, 0x00, 0x00, 0xb1, 0x9f, 0x50, 0x9b,
    0xbc, 0xac, 0x56, 0xff, 0xae, 0x9f, 0x51, 0xf9, 0xad, 0x9e, 0x52, 0xfe, 0xad, 0x9e, 0x52, 0xfe,
    0xad, 0x9f, 0x50, 0xfe, 0xad, 0x9f, 0x52, 0xfe, 0xae, 0xa0, 0x51, 0xfe, 0xae, 0xa0, 0x51, 0xfe,
    0xb0, 0x9f, 0x51, 0xfe, 0xae, 0xa0, 0x51, 0xfe, 0xae, 0x9f, 0x53, 0xfe, 0xae, 0x9f, 0x53, 0xfe,
    0xae, 0x9f, 0x52, 0xfe, 0xae, 0xa0, 0x51, 0xfe, 0xae, 0xa0, 0x51, 0xfe, 0xaf, 0xa0, 0x50, 0xfa,
    0xbb, 0xa9, 0x55, 0xff, 0xb3, 0xa3, 0x52, 0xc0, 0xaa, 0xaa, 0x55, 0x0c, 0xaa, 0xaa, 0x55, 0x03,
    0x99, 0x99, 0x66, 0x05, 0xaa, 0xaa, 0x55, 0x03, 0xaa, 0xaa, 0x55, 0x03, 0x9f, 0x9f, 0x5f, 0x08,
    0x00, 0x00, 0x00, 0x00, 0xaf, 0x9f, 0x53, 0x40, 0xb5, 0xa4, 0x52, 0xf5, 0xb2, 0xa1, 0x50, 0xfe,
    0xaf, 0x9f, 0x50, 0xfb, 0xae, 0x9f, 0x50, 0xfe, 0xad, 0x9f, 0x50, 0xfe, 0xaf, 0x9e, 0x50, 0xfe,
    0xad, 0x9f, 0x50, 0xfe, 0xae, 0x9f, 0x50, 0xfe, 0xaf, 0x9e, 0x50, 0xfe, 0xad, 0x9f, 0x50, 0xfe,
    0xae, 0x9f, 0x50, 0xfe, 0xae, 0x9e, 0x51, 0xfe, 0xae, 0x9f, 0x52, 0xfe, 0xae, 0xa0, 0x51, 0xfe,
    0xad, 0x9f, 0x50, 0xfe, 0xad, 0x9f, 0x50, 0xfd, 0xb2, 0xa1, 0x50, 0xfc, 0xb6, 0xa6, 0x53, 0xff,
    0xb1, 0xa0, 0x53, 0x5c, 0x00, 0x00, 0x00, 0x00, 0x91, 0x91, 0x48, 0x07, 0x7f, 0x7f, 0x7f, 0x02,
    0x7f, 0x7f, 0x7f, 0x02, 0xaa, 0xaa, 0x55, 0x03, 0xb6, 0x91, 0x48, 0x07, 0x00, 0x00, 0x00, 0x00,
    0xb2, 0xa1, 0x4f, 0x96, 0xba, 0xa9, 0x53, 0xff, 0xad, 0x9f, 0x4f, 0xfa, 0xac, 0x9d, 0x50, 0xfe,
    0xac, 0x9d, 0x50, 0xfe, 0xac, 0x9d, 0x50, 0xfe, 0xac, 0x9d, 0x51, 0xfe, 0xad, 0x9e, 0x52, 0xfe,
    0xac, 0x9d, 0x51, 0xfe, 0xac, 0x9d, 0x50, 0xfe, 0xac, 0x9d, 0x50, 0xfe, 0xac, 0x9e, 0x50, 0xfa,
    0xb9, 0xa8, 0x54, 0xff, 0xac, 0x9c, 0x4f, 0x8e, 0x00, 0x00, 0x00, 0x00, 0xbf, 0xbf, 0x3f, 0x04,
    0x00, 0x00, 0x00, 0x00, 0x00, 0x00, 0x00, 0x00, 0x00, 0x00, 0x00, 0x00, 0x00, 0x00, 0x00, 0x00,
    0x00, 0x00, 0x00, 0x00, 0x00, 0x00, 0x00, 0x00, 0x00, 0x00, 0x00, 0x00, 0x00, 0x00, 0x00, 0x00,
    0x00, 0x00, 0x00, 0x00, 0x00, 0x00, 0x00, 0x00, 0x00, 0x00, 0x00, 0x00, 0x00, 0x00, 0x00, 0x00,
    0x00, 0x00, 0x00, 0x00, 0x00, 0x00, 0x00, 0x00, 0x00, 0x00, 0x00, 0x00, 0x00, 0x00, 0x00, 0x00,
    0x00, 0x00, 0x00, 0x00, 0x00, 0x00, 0x00, 0x00, 0x00, 0x00, 0x00, 0x00, 0x00, 0x00, 0x00, 0x00,
    0x00, 0x00, 0x00, 0x00, 0x00, 0x00, 0x00, 0x00, 0x00, 0x00, 0x00, 0x00, 0x00, 0x00, 0x00, 0x00,
    0x00, 0x00, 0x00, 0x00, 0x00, 0x00, 0x00, 0x00, 0x00, 0x00, 0x00, 0x00, 0x00, 0x00, 0x00, 0x00,
    0x00, 0x00, 0x00, 0x00, 0x00, 0x00, 0x00, 0x00, 0x00, 0x00, 0x00, 0x00, 0x00, 0x00, 0x00, 0x00,
    0x00, 0x00, 0x00, 0x00, 0x00, 0x00, 0x00, 0x00, 0x00, 0x00, 0x00, 0x00, 0x00, 0x00, 0x00, 0x00,
    0x00, 0x00, 0x00, 0x00, 0x00, 0x00, 0x00, 0x00, 0x00, 0x00, 0x00, 0x00, 0x00, 0x00, 0x00, 0x00,
    0x00, 0x00, 0x00, 0x00, 0x00, 0x00, 0x00, 0x00, 0x00, 0x00, 0x00, 0x00, 0x00, 0x00, 0x00, 0x00,
    0xbf, 0x7f, 0x3f, 0x04, 0x00, 0x00, 0x00, 0x00, 0xaf, 0x9e, 0x51, 0x84, 0xb9, 0xa8, 0x56, 0xff,
    0xac, 0x9e, 0x4f, 0xfa, 0xac, 0x9d, 0x4f, 0xfe, 0xac, 0x9e, 0x51, 0xfe, 0xad, 0x9e, 0x51, 0xfe,
    0xad, 0x9f, 0x51, 0xfe, 0xad, 0x9e, 0x52, 0xfe, 0xad, 0x9e, 0x52, 0xfe, 0xad, 0x9e, 0x52, 0xfe,
    0xad, 0x9d, 0x50, 0xfe, 0xaf, 0x9f, 0x4e, 0xfa, 0xb8, 0xa7, 0x50, 0xff, 0xaf, 0x9f, 0x4f, 0xaa,
    0x00, 0x00, 0x00, 0x00, 0xbf, 0xbf, 0x5f, 0x08, 0x55, 0x55, 0x55, 0x03, 0x7f, 0x7f, 0x7f, 0x02,
    0x7f, 0x7f, 0x7f, 0x02, 0xff, 0xff, 0x00, 0x01, 0xff, 0xff, 0x00, 0x01, 0xff, 0xff, 0x00, 0x01,
    0xff, 0xff, 0x00, 0x01, 0xff, 0xff, 0x00, 0x01, 0xff, 0xff, 0x00, 0x01, 0xff, 0xff, 0x00, 0x01,
    0xff, 0xff, 0x00, 0x01, 0xff, 0xff, 0x00, 0x01, 0x7f, 0x7f, 0x7f, 0x02, 0x7f, 0x7f, 0x7f, 0x02,
    0x7f, 0x7f, 0x7f, 0x02, 0xaa, 0xaa, 0x55, 0x03, 0xaa, 0xaa, 0x55, 0x03, 0x99, 0x99, 0x66, 0x05,
    0xaa, 0xaa, 0x55, 0x06, 0xbf, 0xbf, 0x7f, 0x04, 0xb0, 0xa1, 0x51, 0xa9, 0xb8, 0xa9, 0x55, 0xff,
    0xac, 0x9e, 0x51, 0xfb, 0xad, 0x9e, 0x52, 0xfe, 0xad, 0x9e, 0x52, 0xfe, 0xad, 0x9f, 0x50, 0xfe,
    0xad, 0x9f, 0x50, 0xfe, 0xb0, 0x9f, 0x53, 0xfe, 0xae, 0xa0, 0x51, 0xfe, 0xae, 0x9f, 0x53, 0xfe,
    0xae, 0x9f, 0x52, 0xfe, 0xad, 0x9f, 0x51, 0xfe, 0xad, 0x9e, 0x52, 0xfe, 0xae, 0x9f, 0x53, 0xfe,
    0xae, 0x9f, 0x52, 0xfe, 0xaf, 0xa0, 0x51, 0xfe, 0xb0, 0x9f, 0x50, 0xf9, 0xba, 0xab, 0x56, 0xff,
    0xb0, 0xa1, 0x52, 0xba, 0xb6, 0xb6, 0x6d, 0x07, 0xbf, 0xbf, 0x7f, 0x04, 0xbf, 0xbf, 0x3f, 0x04,
    0xaa, 0xaa, 0x55, 0x03, 0xaa, 0xaa, 0x55, 0x03, 0xb6, 0xb6, 0x48, 0x07, 0x00, 0x00, 0x00, 0x00,
    0xb3, 0xa1, 0x52, 0x4a, 0xb4, 0xa3, 0x51, 0xf8, 0xb3, 0xa1, 0x50, 0xfc, 0xaf, 0xa0, 0x4e, 0xfb,
    0xaf, 0x9e, 0x50, 0xfe, 0xae, 0xa0, 0x51, 0xfe, 0xaf, 0xa0, 0x51, 0xfe, 0xaf, 0x9f, 0x51, 0xfe,
    0xad, 0x9e, 0x51, 0xfe, 0xad, 0x9f, 0x50, 0xfe, 0xae, 0x9f, 0x50, 0xfe, 0xae, 0x9e, 0x50, 0xfe,
    0xad, 0x9f, 0x51, 0xfe, 0xad, 0x9e, 0x51, 0xfe, 0xad, 0x9e, 0x51, 0xfe, 0xad, 0x9e, 0x51, 0xfe,
    0xae, 0x9f, 0x4f, 0xfc, 0xb0, 0xa1, 0x51, 0xfc, 0xb5, 0xa5, 0x54, 0xfe, 0xaf, 0x9f, 0x55, 0x63,
    0x00, 0x00, 0x00, 0x00, 0xb6, 0xb6, 0x48, 0x07, 0x7f, 0x7f, 0x3f, 0x04, 0xaa, 0xaa, 0x55, 0x03,
    0x9f, 0x9f, 0x3f, 0x08, 0xff, 0x7f, 0x7f, 0x02, 0xb0, 0x9e, 0x4e, 0x92, 0xb9, 0xa7, 0x53, 0xff,
    0xac, 0x9e, 0x4f, 0xfa, 0xac, 0x9d, 0x50, 0xfe, 0xac, 0x9d, 0x4f, 0xfe, 0xac, 0x9d, 0x50, 0xfe,
    0xac, 0x9d, 0x50, 0xfe, 0xac, 0x9d, 0x4f, 0xfe, 0xac, 0x9d, 0x50, 0xfe, 0xac, 0x9d, 0x50, 0xfe,
    0xac, 0x9d, 0x50, 0xfe, 0xad, 0x9e, 0x50, 0xfa, 0xb7, 0xa7, 0x54, 0xff, 0xab, 0x9b, 0x4d, 0x8d,
    0x00, 0x00, 0x00, 0x00, 0xbf, 0xbf, 0x3f, 0x04, 0x00, 0x00, 0x00, 0x00, 0x00, 0x00, 0x00, 0x00,
    0x00, 0x00, 0x00, 0x00, 0x00, 0x00, 0x00, 0x00, 0x00, 0x00, 0x00, 0x00, 0x00, 0x00, 0x00, 0x00,
    0x00, 0x00, 0x00, 0x00, 0x00, 0x00, 0x00, 0x00, 0x00, 0x00, 0x00, 0x00, 0x00, 0x00, 0x00, 0x00,
    0x00, 0x00, 0x00, 0x00, 0x00, 0x00, 0x00, 0x00, 0x00, 0x00, 0x00, 0x00, 0x00, 0x00, 0x00, 0x00,
    0x00, 0x00, 0x00, 0x00, 0x00, 0x00, 0x00, 0x00, 0x00, 0x00, 0x00, 0x00, 0x00, 0x00, 0x00, 0x00,
    0x00, 0x00, 0x00, 0x00, 0x00, 0x00, 0x00, 0x00, 0x00, 0x00, 0x00, 0x00, 0x00, 0x00, 0x00, 0x00,
    0x00, 0x00, 0x00, 0x00, 0x00, 0x00, 0x00, 0x00, 0x00, 0x00, 0x00, 0x00, 0x00, 0x00, 0x00, 0x00,
    0x00, 0x00, 0x00, 0x00, 0x00, 0x00, 0x00, 0x00, 0x00, 0x00, 0x00, 0x00, 0x00, 0x00, 0x00, 0x00,
    0x00, 0x00, 0x00, 0x00, 0x00, 0x00, 0x00, 0x00, 0x00, 0x00, 0x00, 0x00, 0x00, 0x00, 0x00, 0x00,
    0x00, 0x00, 0x00, 0x00, 0x00, 0x00, 0x00, 0x00, 0x00, 0x00, 0x00, 0x00, 0x00, 0x00, 0x00, 0x00,
    0x00, 0x00, 0x00, 0x00, 0x00, 0x00, 0x00, 0x00, 0x00, 0x00, 0x00, 0x00, 0x00, 0x00, 0x00, 0x00,
    0x00, 0x00, 0x00, 0x00, 0x00, 0x00, 0x00, 0x00, 0xbf, 0x7f, 0x3f, 0x04, 0x00, 0x00, 0x00, 0x00,
    0xab, 0x9f, 0x4f, 0x83, 0xb8, 0xa8, 0x55, 0xff, 0xad, 0x9e, 0x51, 0xfa, 0xac, 0x9d, 0x50, 0xfe,
    0xac, 0x9d, 0x50, 0xfe, 0xad, 0x9e, 0x51, 0xfe, 0xad, 0x9e, 0x52, 0xfe, 0xad, 0x9e, 0x52, 0xfe,
    0xad, 0x9f, 0x51, 0xfe, 0xad, 0x9e, 0x51, 0xfe, 0xad, 0x9f, 0x51, 0xfe, 0xae, 0x9f, 0x4f, 0xfd,
    0xb1, 0xa1, 0x4e, 0xfd, 0xb3, 0xa4, 0x51, 0xf4, 0xb3, 0xa2, 0x56, 0x2f, 0x00, 0x00, 0x00, 0x00,
    0xbf, 0xbf, 0x3f, 0x04, 0xaa, 0xaa, 0x55, 0x03, 0xaa, 0xaa, 0x55, 0x03, 0xaa, 0xaa, 0x55, 0x03,
    0xaa, 0xaa, 0x55, 0x03, 0xff, 0xff, 0x7f, 0x02, 0xff, 0xff, 0x00, 0x02, 0xff, 0xff, 0x00, 0x02,
    0xff, 0xff, 0x00, 0x02, 0xff, 0xff, 0x7f, 0x02, 0xaa, 0xaa, 0x55, 0x03, 0xaa, 0xaa, 0x55, 0x03,
    0xaa, 0xaa, 0x55, 0x03, 0xaa, 0xaa, 0x55, 0x03, 0xaa, 0xaa, 0x55, 0x03, 0xbf, 0xbf, 0x3f, 0x04,
    0xbf, 0xbf, 0x3f, 0x04, 0xbf, 0xbf, 0x3f, 0x04, 0xb6, 0xb6, 0x6d, 0x07, 0xcc, 0xcc, 0x66, 0x05,
    0x7f, 0x7f, 0x7f, 0x04, 0xb2, 0xa0, 0x50, 0xb7, 0xb9, 0xa9, 0x56, 0xff, 0xad, 0x9e, 0x52, 0xfb,
    0xae, 0x9f, 0x51, 0xfe, 0xad, 0x9e, 0x52, 0xfe, 0xae, 0xa0, 0x51, 0xfe, 0xae, 0xa0, 0x51, 0xfe,
    0xae, 0x9f, 0x53, 0xfe, 0xae, 0xa0, 0x51, 0xfe, 0xae, 0x9f, 0x53, 0xfe, 0xae, 0x9f, 0x53, 0xfe,
    0xae, 0x9f, 0x52, 0xfe, 0xae, 0xa0, 0x52, 0xfe, 0xae, 0x9f, 0x52, 0xfe, 0xae, 0xa0, 0x52, 0xfe,
    0xae, 0x9f, 0x52, 0xfe, 0xaf, 0x9f, 0x50, 0xf9, 0xbc, 0xab, 0x56, 0xff, 0xb0, 0xa1, 0x51, 0xa6,
    0x00, 0x01, 0x00, 0x00, 0xbf, 0xbf, 0x3f, 0x04, 0xaa, 0xaa, 0x55, 0x03, 0x7f, 0x7f, 0x7f, 0x02,
    0x7f, 0x7f, 0x7f, 0x02, 0x91, 0x91, 0x48, 0x07, 0x00, 0x00, 0x00, 0x00, 0xb0, 0xa0, 0x51, 0x51,
    0xb5, 0xa4, 0x51, 0xfd, 0xb2, 0xa1, 0x4e, 0xfc, 0xae, 0x9f, 0x4f, 0xfd, 0xb0, 0x9f, 0x51, 0xfe,
    0xae, 0xa0, 0x51, 0xfe, 0xae, 0xa0, 0x51, 0xfe, 0xad, 0x9f, 0x51, 0xfe, 0xad, 0x9e, 0x51, 0xfe,
    0xad, 0x9f, 0x50, 0xfe, 0xad, 0x9f, 0x50, 0xfe, 0xad, 0x9f, 0x51, 0xfe, 0xad, 0x9e, 0x52, 0xfe,
    0xad, 0x9f, 0x51, 0xfe, 0xad, 0x9e, 0x51, 0xfe, 0xad, 0x9f, 0x51, 0xfe, 0xad, 0x9e, 0x51, 0xfd,
    0xb0, 0xa0, 0x51, 0xfc, 0xb5, 0xa6, 0x53, 0xff, 0xb0, 0xa0, 0x54, 0x61, 0x00, 0x00, 0x00, 0x00,
    0x7f, 0xbf, 0x3f, 0x04, 0xbf, 0xbf, 0x3f, 0x04, 0xaa, 0xaa, 0x55, 0x06, 0x00, 0x00, 0x00, 0x00,
    0xaf, 0x9f, 0x4f, 0xaa, 0xb6, 0xa6, 0x53, 0xff, 0xac, 0x9d, 0x50, 0xfb, 0xac, 0x9d, 0x50, 0xfe,
    0xac, 0x9d, 0x50, 0xfe, 0xac, 0x9d, 0x50, 0xfe, 0xac, 0x9d, 0x4f, 0xfe, 0xac, 0x9d, 0x50, 0xfe,
    0xac, 0x9d, 0x50, 0xfe, 0xac, 0x9d, 0x50, 0xfe, 0xac, 0x9d, 0x4f, 0xfe, 0xad, 0x9e, 0x4f, 0xfa,
    0xb9, 0xa8, 0x53, 0xff, 0xab, 0x9b, 0x4d, 0x8d, 0x00, 0x00, 0x00, 0x00, 0xbf, 0xbf, 0x3f, 0x04,
    0x00, 0x00, 0x00, 0x00, 0x00, 0x00, 0x00, 0x00, 0x00, 0x00, 0x00, 0x00, 0x00, 0x00, 0x00, 0x00,
    0x00, 0x00, 0x00, 0x00, 0x00, 0x00, 0x00, 0x00, 0x00, 0x00, 0x00, 0x00, 0x00, 0x00, 0x00, 0x00,
    0x00, 0x00, 0x00, 0x00, 0x00, 0x00, 0x00, 0x00, 0x00, 0x00, 0x00, 0x00, 0x00, 0x00, 0x00, 0x00,
    0x00, 0x00, 0x00, 0x00, 0x00, 0x00, 0x00, 0x00, 0x00, 0x00, 0x00, 0x00, 0x00, 0x00, 0x00, 0x00,
    0x00, 0x00, 0x00, 0x00, 0x00, 0x00, 0x00, 0x00, 0x00, 0x00, 0x00, 0x00, 0x00, 0x00, 0x00, 0x00,
    0x00, 0x00, 0x00, 0x00, 0x00, 0x00, 0x00, 0x00, 0x00, 0x00, 0x00, 0x00, 0x00, 0x00, 0x00, 0x00,
    0x00, 0x00, 0x00, 0x00, 0x00, 0x00, 0x00, 0x00, 0x00, 0x00, 0x00, 0x00, 0x00, 0x00, 0x00, 0x00,
    0x00, 0x00, 0x00, 0x00, 0x00, 0x00, 0x00, 0x00, 0x00, 0x00, 0x00, 0x00, 0x00, 0x00, 0x00, 0x00,
    0x00, 0x00, 0x00, 0x00, 0x00, 0x00, 0x00, 0x00, 0x00, 0x00, 0x00, 0x00, 0x00, 0x00, 0x00, 0x00,
    0x00, 0x00, 0x00, 0x00, 0x00, 0x00, 0x00, 0x00, 0x00, 0x00, 0x00, 0x00, 0x00, 0x00, 0x00, 0x00,
    0x00, 0x00, 0x00, 0x00, 0x00, 0x00, 0x00, 0x00, 0x00, 0x00, 0x00, 0x00, 0x00, 0x00, 0x00, 0x00,
    0xbf, 0x7f, 0x3f, 0x04, 0x00, 0x00, 0x00, 0x00, 0xab, 0x9e, 0x4f, 0x84, 0xb8, 0xa8, 0x55, 0xff,
    0xad, 0x9f, 0x52, 0xfa, 0xad, 0x9e, 0x51, 0xfe, 0xac, 0x9d, 0x50, 0xfe, 0xac, 0x9d, 0x51, 0xfe,
    0xad, 0x9e, 0x52, 0xfe, 0xad, 0x9e, 0x52, 0xfe, 0xad, 0x9e, 0x52, 0xfe, 0xae, 0x9e, 0x53, 0xfe,
    0xae, 0xa0, 0x52, 0xfe, 0xae, 0xa0, 0x51, 0xfe, 0xaf, 0x9f, 0x50, 0xfc, 0xb5, 0xa4, 0x52, 0xff,
    0xb4, 0xa3, 0x51, 0xde, 0xb1, 0xa2, 0x55, 0x48, 0xcc, 0xcc, 0x66, 0x05, 0x00, 0x00, 0x00, 0x00,
    0x00, 0x00, 0x00, 0x00, 0x00, 0x00, 0x00, 0x00, 0x00, 0x00, 0x00, 0x00, 0x00, 0x00, 0x00, 0x00,
    0x00, 0x00, 0x00, 0x00, 0x00, 0x00, 0x00, 0x00, 0x00, 0x00, 0x00, 0x00, 0x00, 0x00, 0x00, 0x00,
    0x00, 0x00, 0x00, 0x00, 0x00, 0x00, 0x00, 0x00, 0x00, 0x00, 0x00, 0x00, 0x00, 0x00, 0x00, 0x00,
    0x00, 0x00, 0x00, 0x00, 0x00, 0x00, 0x00, 0x00, 0x00, 0x00, 0x00, 0x00, 0x00, 0x00, 0x00, 0x00,
    0x00, 0x00, 0x00, 0x00, 0xff, 0xff, 0xff, 0x01, 0x00, 0x00, 0x00, 0x00, 0xaa, 0xaa, 0x6a, 0x0c,
    0xb2, 0xa3, 0x52, 0xce, 0xb4, 0xa4, 0x52, 0xfe, 0xaf, 0x9f, 0x51, 0xfc, 0xad, 0x9f, 0x50, 0xfe,
    0xae, 0x9f, 0x53, 0xfe, 0xae, 0x9f, 0x53, 0xfe, 0xae, 0x9f, 0x53, 0xfe, 0xae, 0x9f, 0x53, 0xfe,
    0xae, 0x9f, 0x53, 0xfe, 0xae, 0x9f, 0x53, 0xfe, 0xae, 0x9f, 0x53, 0xfe, 0xae, 0x9f, 0x53, 0xfe,
    0xae, 0x9f, 0x52, 0xfe, 0xad, 0x9f, 0x53, 0xfe, 0xad, 0x9f, 0x51, 0xfe, 0xae, 0x9f, 0x50, 0xfe,
    0xb1, 0x9f, 0x50, 0xf9, 0xba, 0xaa, 0x54, 0xff, 0xb0, 0xa2, 0x51, 0x58, 0x00, 0x00, 0x00, 0x00,
    0xaa, 0x7f, 0x55, 0x06, 0x7f, 0x7f, 0x7f, 0x02, 0x7f, 0x7f, 0x7f, 0x02, 0x7f, 0x7f, 0x7f, 0x02,
    0x91, 0x91, 0x48, 0x07, 0x00, 0x00, 0x00, 0x00, 0xad, 0xa0, 0x4e, 0x5e, 0xb6, 0xa5, 0x52, 0xff,
    0xb0, 0xa0, 0x50, 0xfb, 0xae, 0x9f, 0x4f, 0xfc, 0xad, 0x9f, 0x50, 0xfe, 0xad, 0x9f, 0x50, 0xfe,
    0xad, 0x9e, 0x52, 0xfe, 0xad, 0x9e, 0x51, 0xfe, 0xad, 0x9f, 0x51, 0xfe, 0xad, 0x9e, 0x52, 0xfe,
    0xad, 0x9e, 0x51, 0xfe, 0xae, 0xa0, 0x51, 0xfe, 0xae, 0xa0, 0x51, 0xfe, 0xad, 0x9f, 0x52, 0xfe,
    0xad, 0x9e, 0x52, 0xfe, 0xad, 0x9e, 0x52, 0xfe, 0xad, 0x9e, 0x51, 0xfd, 0xaf, 0xa0, 0x50, 0xfc,
    0xb3, 0xa4, 0x52, 0xfe, 0xaf, 0xa0, 0x51, 0x67, 0xaa, 0xaa, 0xaa, 0x03, 0xff, 0xff, 0xff, 0x02,
    0xff, 0xff, 0x7f, 0x02, 0xb3, 0xa2, 0x54, 0x5e, 0xb3, 0xa3, 0x51, 0xf7, 0xaf, 0xa0, 0x50, 0xfc,
    0xad, 0x9d, 0x51, 0xfe, 0xad, 0x9e, 0x51, 0xfe, 0xac, 0x9e, 0x51, 0xfe, 0xac, 0x9e, 0x50, 0xfe,
    0xad, 0x9c, 0x50, 0xfe, 0xad, 0x9c, 0x50, 0xfe, 0xac, 0x9d, 0x4f, 0xfe, 0xac, 0x9d, 0x4f, 0xfe,
    0xad, 0x9d, 0x50, 0xfe, 0xad, 0x9e, 0x4f, 0xfa, 0xb9, 0xa8, 0x52, 0xff, 0xad, 0x9d, 0x4b, 0x8a,
    0x00, 0x00, 0x00, 0x00, 0xbf, 0xbf, 0x3f, 0x04, 0x00, 0x00, 0x00, 0x00, 0x00, 0x00, 0x00, 0x00,
    0x00, 0x00, 0x00, 0x00, 0x00, 0x00, 0x00, 0x00, 0x00, 0x00, 0x00, 0x00, 0x00, 0x00, 0x00, 0x00,
    0x00, 0x00, 0x00, 0x00, 0x00, 0x00, 0x00, 0x00, 0x00, 0x00, 0x00, 0x00, 0x00, 0x00, 0x00, 0x00,
    0x00, 0x00, 0x00, 0x00, 0x00, 0x00, 0x00, 0x00, 0x00, 0x00, 0x00, 0x00, 0x00, 0x00, 0x00, 0x00,
    0x00, 0x00, 0x00, 0x00, 0x00, 0x00, 0x00, 0x00, 0x00, 0x00, 0x00, 0x00, 0x00, 0x00, 0x00, 0x00,
    0x00, 0x00, 0x00, 0x00, 0x00, 0x00, 0x00, 0x00, 0x00, 0x00, 0x00, 0x00, 0x00, 0x00, 0x00, 0x00,
    0x00, 0x00, 0x00, 0x00, 0x00, 0x00, 0x00, 0x00, 0x00, 0x00, 0x00, 0x00, 0x00, 0x00, 0x00, 0x00,
    0x00, 0x00, 0x00, 0x00, 0x00, 0x00, 0x00, 0x00, 0x00, 0x00, 0x00, 0x00, 0x00, 0x00, 0x00, 0x00,
    0x00, 0x00, 0x00, 0x00, 0x00, 0x00, 0x00, 0x00, 0x00, 0x00, 0x00, 0x00, 0x00, 0x00, 0x00, 0x00,
    0x00, 0x00, 0x00, 0x00, 0x00, 0x00, 0x00, 0x00, 0x00, 0x00, 0x00, 0x00, 0x00, 0x00, 0x00, 0x00,
    0x00, 0x00, 0x00, 0x00, 0x00, 0x00, 0x00, 0x00, 0x00, 0x00, 0x00, 0x00, 0x00, 0x00, 0x00, 0x00,
    0x00, 0x00, 0x00, 0x00, 0x00, 0x00, 0x00, 0x00, 0xbf, 0x7f, 0x3f, 0x04, 0x00, 0x00, 0x00, 0x00,
    0xaf, 0x9f, 0x51, 0x83, 0xb8, 0xa8, 0x54, 0xff, 0xac, 0x9e, 0x50, 0xfa, 0xad, 0x9e, 0x52, 0xfe,
    0xac, 0x9d, 0x50, 0xfe, 0xac, 0x9e, 0x51, 0xfe, 0xad, 0x9e, 0x52, 0xfe, 0xad, 0x9e, 0x52, 0xfe,
    0xad, 0x9e, 0x52, 0xfe, 0xae, 0x9f, 0x52, 0xfe, 0xae, 0x9f, 0x53, 0xfe, 0xae, 0xa0, 0x52, 0xfe,
    0xae, 0xa0, 0x51, 0xfe, 0xae, 0x9e, 0x50, 0xfd, 0xb4, 0xa3, 0x51, 0xff, 0xb3, 0xa2, 0x51, 0xff,
    0xaf, 0xa1, 0x50, 0xd4, 0xb1, 0xa0, 0x52, 0xc2, 0xaf, 0xa0, 0x51, 0xc3, 0xb0, 0xa1, 0x51, 0xc2,
    0xb1, 0xa2, 0x53, 0xc1, 0xb0, 0xa0, 0x51, 0xc3, 0xb1, 0xa0, 0x51, 0xc2, 0xb0, 0xa0, 0x50, 0xc2,
    0xb1, 0xa1, 0x51, 0xc2, 0xb1, 0xa0, 0x52, 0xc2, 0xaf, 0xa1, 0x53, 0xc4, 0xb1, 0xa2, 0x51, 0xc6,
    0xb0, 0xa0, 0x51, 0xc4, 0xb1, 0xa0, 0x52, 0xc2, 0xb0, 0x9f, 0x52, 0xc3, 0xb0, 0x9f, 0x4f, 0xc3,
    0xb2, 0xa1, 0x50, 0xc4, 0xaf, 0xa0, 0x51, 0xc4, 0xae, 0xa0, 0x50, 0xc2, 0xae, 0xa0, 0x50, 0xc5,
    0xb0, 0x9f, 0x51, 0xc9, 0xaf, 0x9f, 0x52, 0xc3, 0xb1, 0x9f, 0x53, 0xdd, 0xb2, 0xa3, 0x52, 0xfe,
    0xaf, 0xa0, 0x50, 0xfd, 0xad, 0x9e, 0x52, 0xfe, 0xae, 0x9f, 0x53, 0xfe, 0xae, 0x9f, 0x53, 0xfe,
    0xae, 0x9f, 0x53, 0xfe, 0xae, 0x9f, 0x52, 0xfe, 0xae, 0x9f, 0x53, 0xfe, 0xae, 0x9f, 0x53, 0xfe,
    0xae, 0x9f, 0x53, 0xfe, 0xae, 0x9f, 0x52, 0xfe, 0xae, 0x9f, 0x52, 0xfe, 0xad, 0x9e, 0x52, 0xfe,
    0xae, 0xa0, 0x51, 0xfe, 0xad, 0x9f, 0x51, 0xfe, 0xae, 0xa0, 0x50, 0xfa, 0xb9, 0xa8, 0x52, 0xfe,
    0xb1, 0x9f, 0x50, 0xb1, 0x00, 0x00, 0x00, 0x00, 0x99, 0x99, 0x66, 0x05, 0x7f, 0x7f, 0x7f, 0x02,
    0x7f, 0x7f, 0x7f, 0x02, 0x7f, 0x7f, 0x7f, 0x02, 0x7f, 0x7f, 0x7f, 0x02, 0x91, 0x91, 0x48, 0x07,
    0x00, 0x00, 0x00, 0x00, 0xae, 0xa0, 0x50, 0x69, 0xb7, 0xa6, 0x52, 0xff, 0xaf, 0xa1, 0x4e, 0xfa,
    0xae, 0x9f, 0x50, 0xfd, 0xad, 0x9e, 0x52, 0xfe, 0xad, 0x9e, 0x52, 0xfe, 0xad, 0x9e, 0x52, 0xfe,
    0xad, 0x9e, 0x51, 0xfe, 0xad, 0x9f, 0x51, 0xfe, 0xad, 0x9f, 0x51, 0xfe, 0xad, 0x9f, 0x51, 0xfe,
    0xad, 0x9f, 0x52, 0xfe, 0xad, 0x9e, 0x51, 0xfe, 0xad, 0x9f, 0x50, 0xfe, 0xad, 0x9e, 0x51, 0xfe,
    0xad, 0x9f, 0x51, 0xfe, 0xad, 0x9e, 0x4f, 0xfd, 0xaf, 0xa1, 0x50, 0xfd, 0xb4, 0xa3, 0x52, 0xff,
    0xaf, 0x9f, 0x4f, 0xd4, 0xae, 0x9e, 0x4f, 0xc7, 0xae, 0x9e, 0x4f, 0xd3, 0xb2, 0xa2, 0x51, 0xff,
    0xaf, 0xa1, 0x50, 0xff, 0xae, 0x9f, 0x50, 0xfd, 0xaf, 0x9e, 0x50, 0xfe, 0xad, 0x9e, 0x50, 0xfe,
    0xad, 0x9e, 0x51, 0xfe, 0xac, 0x9d, 0x51, 0xfe, 0xac, 0x9d, 0x50, 0xfe, 0xac, 0x9d, 0x4f, 0xfe,
    0xab, 0x9d, 0x50, 0xfe, 0xac, 0x9d, 0x50, 0xfe, 0xad, 0x9d, 0x4f, 0xfe, 0xaf, 0x9e, 0x4f, 0xfa,
    0xba, 0xa8, 0x52, 0xff, 0xae, 0x9d, 0x4c, 0x88, 0x00, 0x00, 0x00, 0x00, 0xbf, 0xbf, 0x3f, 0x04,
    0x00, 0x00, 0x00, 0x00, 0x00, 0x00, 0x00, 0x00, 0x00, 0x00, 0x00, 0x00, 0x00, 0x00, 0x00, 0x00,
    0x00, 0x00, 0x00, 0x00, 0x00, 0x00, 0x00, 0x00, 0x00, 0x00, 0x00, 0x00, 0x00, 0x00, 0x00, 0x00,
    0x00, 0x00, 0x00, 0x00, 0x00, 0x00, 0x00, 0x00, 0x00, 0x00, 0x00, 0x00, 0x00, 0x00, 0x00, 0x00,
    0x00, 0x00, 0x00, 0x00, 0x00, 0x00, 0x00, 0x00, 0x00, 0x00, 0x00, 0x00, 0x00, 0x00, 0x00, 0x00,
    0x00, 0x00, 0x00, 0x00, 0x00, 0x00, 0x00, 0x00, 0x00, 0x00, 0x00, 0x00, 0x00, 0x00, 0x00, 0x00,
    0x00, 0x00, 0x00, 0x00, 0x00, 0x00, 0x00, 0x00, 0x00, 0x00, 0x00, 0x00, 0x00, 0x00, 0x00, 0x00,
    0x00, 0x00, 0x00, 0x00, 0x00, 0x00, 0x00, 0x00, 0x00, 0x00, 0x00, 0x00, 0x00, 0x00, 0x00, 0x00,
    0x00, 0x00, 0x00, 0x00, 0x00, 0x00, 0x00, 0x00, 0x00, 0x00, 0x00, 0x00, 0x00, 0x00, 0x00, 0x00,
    0x00, 0x00, 0x00, 0x00, 0x00, 0x00, 0x00, 0x00, 0x00, 0x00, 0x00, 0x00, 0x00, 0x00, 0x00, 0x00,
    0x00, 0x00, 0x00, 0x00, 0x00, 0x00, 0x00, 0x00, 0x00, 0x00, 0x00, 0x00, 0x00, 0x00, 0x00, 0x00,
    0x00, 0x00, 0x00, 0x00, 0x00, 0x00, 0x00, 0x00, 0x00, 0x00, 0x00, 0x00, 0x00, 0x00, 0x00, 0x00,
    0xbf, 0x7f, 0x3f, 0x04, 0x00, 0x00, 0x00, 0x00, 0xae, 0x9d, 0x50, 0x85, 0xb8, 0xa8, 0x55, 0xff,
    0xac, 0x9e, 0x50, 0xfa, 0xad, 0x9e, 0x52, 0xfe, 0xad, 0x9e, 0x51, 0xfe, 0xad, 0x9f, 0x51, 0xfe,
    0xad, 0x9e, 0x52, 0xfe, 0xad, 0x9e, 0x52, 0xfe, 0xad, 0x9e, 0x52, 0xfe, 0xae, 0x9e, 0x53, 0xfe,
    0xae, 0xa0, 0x52, 0xfe, 0xae, 0x9f, 0x52, 0xfe, 0xad, 0x9f, 0x51, 0xfe, 0xae, 0x9f, 0x50, 0xfe,
    0xae, 0x9f, 0x4f, 0xfc, 0xae, 0x9f, 0x4f, 0xfd, 0xb4, 0xa4, 0x52, 0xff, 0xb8, 0xa7, 0x54, 0xff,
    0xb6, 0xa8, 0x54, 0xff, 0xb7, 0xa8, 0x56, 0xff, 0xb9, 0xa9, 0x55, 0xff, 0xb7, 0xa7, 0x54, 0xff,
    0xb8, 0xa7, 0x54, 0xff, 0xb7, 0xa8, 0x55, 0xff, 0xb7, 0xa8, 0x54, 0xff, 0xb8, 0xa7, 0x54, 0xff,
    0xb7, 0xa7, 0x54, 0xff, 0xb7, 0xa6, 0x54, 0xff, 0xb8, 0xa7, 0x54, 0xff, 0xb8, 0xa9, 0x54, 0xff,
    0xb7, 0xa7, 0x54, 0xff, 0xb7, 0xa5, 0x53, 0xff, 0xb7, 0xa6, 0x54, 0xff, 0xb7, 0xa7, 0x54, 0xff,
    0xb6, 0xa6, 0x53, 0xff, 0xb6, 0xa7, 0x53, 0xff, 0xb6, 0xa6, 0x53, 0xff, 0xb8, 0xa7, 0x54, 0xff,
    0xb4, 0xa3, 0x52, 0xff, 0xb0, 0xa1, 0x4f, 0xfd, 0xaf, 0x9e, 0x51, 0xfe, 0xad, 0x9e, 0x52, 0xfe,
    0xad, 0x9f, 0x53, 0xfe, 0xae, 0x9f, 0x52, 0xfe, 0xae, 0x9f, 0x53, 0xfe, 0xad, 0x9f, 0x51, 0xfe,
    0xae, 0x9f, 0x53, 0xfe, 0xae, 0x9f, 0x52, 0xfe, 0xae, 0x9f, 0x52, 0xfe, 0xae, 0x9f, 0x52, 0xfe,
    0xae, 0x9f, 0x53, 0xfe, 0xad, 0x9f, 0x52, 0xfe, 0xae, 0x9f, 0x52, 0xfe, 0xad, 0x9f, 0x52, 0xfe,
    0xae, 0x9e, 0x51, 0xfb, 0xb7, 0xa5, 0x52, 0xff, 0xb2, 0xa2, 0x50, 0xcb, 0x00, 0x00, 0x00, 0x00,
    0x55, 0x55, 0x55, 0x03, 0x7f, 0x7f, 0x7f, 0x02, 0x7f, 0x7f, 0x7f, 0x02, 0xff, 0xff, 0x00, 0x01,
    0xff, 0xff, 0x00, 0x01, 0x7f, 0x7f, 0x00, 0x02, 0xaa, 0xaa, 0x55, 0x06, 0x00, 0x00, 0x00, 0x00,
    0xac, 0x9f, 0x4d, 0x76, 0xb8, 0xa7, 0x53, 0xff, 0xaf, 0x9e, 0x4f, 0xfa, 0xae, 0x9f, 0x51, 0xfd,
    0xad, 0x9e, 0x52, 0xfe, 0xad, 0x9e, 0x51, 0xfe, 0xad, 0x9f, 0x51, 0xfe, 0xad, 0x9e, 0x51, 0xfe,
    0xad, 0x9f, 0x51, 0xfe, 0xad, 0x9e, 0x51, 0xfe, 0xad, 0x9f, 0x51, 0xfe, 0xad, 0x9e, 0x51, 0xfe,
    0xad, 0x9f, 0x51, 0xfe, 0xad, 0x9e, 0x51, 0xfe, 0xad, 0x9f, 0x51, 0xfe, 0xad, 0x9e, 0x51, 0xfe,
    0xad, 0x9f, 0x50, 0xfd, 0xae, 0x9e, 0x4f, 0xfc, 0xb3, 0xa3, 0x52, 0xff, 0xb5, 0xa5, 0x50, 0xff,
    0xb2, 0xa4, 0x50, 0xff, 0xac, 0x9d, 0x4e, 0xfd, 0xad, 0x9e, 0x50, 0xfe, 0xae, 0x9e, 0x50, 0xfe,
    0xae, 0x9d, 0x50, 0xfe, 0xac, 0x9d, 0x50, 0xfe, 0xad, 0x9f, 0x51, 0xfe, 0xad, 0x9e, 0x50, 0xfe,
    0xad, 0x9c, 0x50, 0xfe, 0xac, 0x9d, 0x4f, 0xfe, 0xab, 0x9c, 0x50, 0xfe, 0xab, 0x9c, 0x50, 0xfe,
    0xac, 0x9c, 0x4f, 0xfe, 0xac, 0x9d, 0x4e, 0xfa, 0xb8, 0xa7, 0x51, 0xff, 0xad, 0x9c, 0x4a, 0x8c,
    0x00, 0x00, 0x00, 0x00, 0xbf, 0xbf, 0x3f, 0x04, 0x00, 0x00, 0x00, 0x00, 0x00, 0x00, 0x00, 0x00,
    0x00, 0x00, 0x00, 0x00, 0x00, 0x00, 0x00, 0x00, 0x00, 0x00, 0x00, 0x00, 0x00, 0x00, 0x00, 0x00,
    0x00, 0x00, 0x00, 0x00, 0x00, 0x00, 0x00, 0x00, 0x00, 0x00, 0x00, 0x00, 0x00, 0x00, 0x00, 0x00,
    0x00, 0x00, 0x00, 0x00, 0x00, 0x00, 0x00, 0x00, 0x00, 0x00, 0x00, 0x00, 0x00, 0x00, 0x00, 0x00,
    0x00, 0x00, 0x00, 0x00, 0x00, 0x00, 0x00, 0x00, 0x00, 0x00, 0x00, 0x00, 0x00, 0x00, 0x00, 0x00,
    0x00, 0x00, 0x00, 0x00, 0x00, 0x00, 0x00, 0x00, 0x00, 0x00, 0x00, 0x00, 0x00, 0x00, 0x00, 0x00,
    0x00, 0x00, 0x00, 0x00, 0x00, 0x00, 0x00, 0x00, 0x00, 0x00, 0x00, 0x00, 0x00, 0x00, 0x00, 0x00,
    0x00, 0x00, 0x00, 0x00, 0x00, 0x00, 0x00, 0x00, 0x00, 0x00, 0x00, 0x00, 0x00, 0x00, 0x00, 0x00,
    0x00, 0x00, 0x00, 0x00, 0x00, 0x00, 0x00, 0x00, 0x00, 0x00, 0x00, 0x00, 0x00, 0x00, 0x00, 0x00,
    0x00, 0x00, 0x00, 0x00, 0x00, 0x00, 0x00, 0x00, 0x00, 0x00, 0x00, 0x00, 0x00, 0x00, 0x00, 0x00,
    0x00, 0x00, 0x00, 0x00, 0x00, 0x00, 0x00, 0x00, 0x00, 0x00, 0x00, 0x00, 0x00, 0x00, 0x00, 0x00,
    0x00, 0x00, 0x00, 0x00, 0x00, 0x00, 0x00, 0x00, 0xbf, 0x7f, 0x3f, 0x04, 0x00, 0x00, 0x00, 0x00,
    0xac, 0x9d, 0x4e, 0x88, 0xb7, 0xa7, 0x55, 0xff, 0xad, 0x9e, 0x50, 0xfa, 0xad, 0x9e, 0x51, 0xfe,
    0xad, 0x9f, 0x51, 0xfe, 0xad, 0x9e, 0x52, 0xfe, 0xad, 0x9e, 0x52, 0xfe, 0xad, 0x9f, 0x51, 0xfe,
    0xad, 0x9f, 0x51, 0xfe, 0xae, 0x9e, 0x53, 0xfe, 0xae, 0x9f, 0x53, 0xfe, 0xae, 0x9f, 0x53, 0xfe,
    0xad, 0x9f, 0x52, 0xfe, 0xad, 0x9f, 0x51, 0xfe, 0xad, 0x9f, 0x50, 0xfe, 0xad, 0x9f, 0x50, 0xfe,
    0xae, 0x9e, 0x50, 0xfc, 0xad, 0x9f, 0x51, 0xfb, 0xae, 0xa0, 0x51, 0xfb, 0xae, 0x9f, 0x53, 0xfb,
    0xae, 0xa0, 0x52, 0xfb, 0xb0, 0x9f, 0x52, 0xfb, 0xae, 0xa0, 0x52, 0xfb, 0xae, 0x9f, 0x53, 0xfb,
    0xaf, 0xa0, 0x51, 0xfb, 0xaf, 0x9f, 0x51, 0xfb, 0xae, 0xa0, 0x51, 0xfb, 0xae, 0xa0, 0x52, 0xfb,
    0xae, 0xa1, 0x50, 0xfb, 0xae, 0xa1, 0x51, 0xfb, 0xae, 0xa0, 0x52, 0xfb, 0xae, 0x9f, 0x52, 0xfb,
    0xad, 0xa0, 0x51, 0xfb, 0xad, 0x9f, 0x53, 0xfb, 0xad, 0x9f, 0x52, 0xfb, 0xae, 0xa0, 0x51, 0xfb,
    0xae, 0x9f, 0x50, 0xfc, 0xae, 0xa0, 0x52, 0xfb, 0xb0, 0x9f, 0x51, 0xfd, 0xae, 0x9f, 0x52, 0xfe,
    0xae, 0x9f, 0x52, 0xfe, 0xae, 0x9f, 0x52, 0xfe, 0xae, 0x9e, 0x52, 0xfe, 0xae, 0xa0, 0x51, 0xfe,
    0xae, 0x9f, 0x53, 0xfe, 0xad, 0x9f, 0x52, 0xfe, 0xad, 0x9e, 0x52, 0xfe, 0xae, 0x9f, 0x52, 0xfe,
    0xae, 0x9f, 0x53, 0xfe, 0xad, 0x9e, 0x52, 0xfe, 0xae, 0x9f, 0x52, 0xfe, 0xae, 0x9f, 0x52, 0xfe,
    0xae, 0xa0, 0x52, 0xfe, 0xae, 0x9f, 0x52, 0xfe, 0xb0, 0x9f, 0x50, 0xfb, 0xb5, 0xa6, 0x53, 0xff,
    0xb1, 0xa3, 0x52, 0xd0, 0xff, 0xff, 0xff, 0x01, 0x7f, 0x7f, 0x7f, 0x02, 0x7f, 0x7f, 0x00, 0x02,
    0xff, 0xff, 0x00, 0x01, 0xff, 0xff, 0x00, 0x01, 0xff, 0xff, 0x00, 0x01, 0xff, 0xff, 0x00, 0x01,
    0x7f, 0x7f, 0x00, 0x02, 0xcc, 0x99, 0x66, 0x05, 0x00, 0x00, 0x00, 0x00, 0xad, 0x9f, 0x51, 0x83,
    0xb8, 0xa8, 0x54, 0xff, 0xaf, 0xa0, 0x4f, 0xf9, 0xad, 0x9e, 0x51, 0xfe, 0xad, 0x9f, 0x51, 0xfe,
    0xad, 0x9e, 0x52, 0xfe, 0xad, 0x9e, 0x52, 0xfe, 0xad, 0x9e, 0x51, 0xfe, 0xad, 0x9f, 0x50, 0xfe,
    0xad, 0x9f, 0x50, 0xfe, 0xad, 0x9f, 0x50, 0xfe, 0xad, 0x9f, 0x51, 0xfe, 0xad, 0x9f, 0x51, 0xfe,
    0xad, 0x9e, 0x51, 0xfe, 0xad, 0x9f, 0x51, 0xfe, 0xad, 0x9f, 0x51, 0xfe, 0xac, 0x9d, 0x50, 0xfe,
    0xac, 0x9d, 0x4f, 0xfc, 0xac, 0x9e, 0x4f, 0xfb, 0xad, 0x9e, 0x4f, 0xfc, 0xac, 0x9e, 0x50, 0xfe,
    0xae, 0x9e, 0x50, 0xfe, 0xac, 0x9e, 0x50, 0xfe, 0xac, 0x9d, 0x4f, 0xfe, 0xac, 0x9d, 0x4f, 0xfe,
    0xac, 0x9d, 0x51, 0xfe, 0xac, 0x9d, 0x50, 0xfe, 0xac, 0x9d, 0x4f, 0xfe, 0xac, 0x9d, 0x50, 0xfe,
    0xab, 0x9d, 0x50, 0xfe, 0xac, 0x9c, 0x4f, 0xfe, 0xac, 0x9d, 0x4f, 0xfe, 0xac, 0x9e, 0x4f, 0xfa,
    0xb8, 0xa7, 0x52, 0xff, 0xab, 0x9d, 0x4b, 0x8a, 0x00, 0x00, 0x00, 0x00, 0xbf, 0xbf, 0x3f, 0x04,
    0x00, 0x00, 0x00, 0x00, 0x00, 0x00, 0x00, 0x00, 0x00, 0x00, 0x00, 0x00, 0x00, 0x00, 0x00, 0x00,
    0x00, 0x00, 0x00, 0x00, 0x00, 0x00, 0x00, 0x00, 0x00, 0x00, 0x00, 0x00, 0x00, 0x00, 0x00, 0x00,
    0x00, 0x00, 0x00, 0x00, 0x00, 0x00, 0x00, 0x00, 0x00, 0x00, 0x00, 0x00, 0x00, 0x00, 0x00, 0x00,
    0x00, 0x00, 0x00, 0x00, 0x00, 0x00, 0x00, 0x00, 0x00, 0x00, 0x00, 0x00, 0x00, 0x00, 0x00, 0x00,
    0x00, 0x00, 0x00, 0x00, 0x00, 0x00, 0x00, 0x00, 0x00, 0x00, 0x00, 0x00, 0x00, 0x00, 0x00, 0x00,
    0x00, 0x00, 0x00, 0x00, 0x00, 0x00, 0x00, 0x00, 0x00, 0x00, 0x00, 0x00, 0x00, 0x00, 0x00, 0x00,
    0x00, 0x00, 0x00, 0x00, 0x00, 0x00, 0x00, 0x00, 0x00, 0x00, 0x00, 0x00, 0x00, 0x00, 0x00, 0x00,
    0x00, 0x00, 0x00, 0x00, 0x00, 0x00, 0x00, 0x00, 0x00, 0x00, 0x00, 0x00, 0x00, 0x00, 0x00, 0x00,
    0x00, 0x00, 0x00, 0x00, 0x00, 0x00, 0x00, 0x00, 0x00, 0x00, 0x00, 0x00, 0x00, 0x00, 0x00, 0x00,
    0x00, 0x00, 0x00, 0x00, 0x00, 0x00, 0x00, 0x00, 0x00, 0x00, 0x00, 0x00, 0x00, 0x00, 0x00, 0x00,
    0x00, 0x00, 0x00, 0x00, 0x00, 0x00, 0x00, 0x00, 0x00, 0x00, 0x00, 0x00, 0x00, 0x00, 0x00, 0x00,
    0xbf, 0x7f, 0x3f, 0x04, 0x00, 0x00, 0x00, 0x00, 0xab, 0xa0, 0x4f, 0x84, 0xb6, 0xa8, 0x55, 0xff,
    0xad, 0x9e, 0x50, 0xfa, 0xad, 0x9e, 0x51, 0xfe, 0xad, 0x9e, 0x51, 0xfe, 0xad, 0x9e, 0x52, 0xfe,
    0xad, 0x9e, 0x52, 0xfe, 0xad, 0x9e, 0x52, 0xfe, 0xad, 0x9e, 0x52, 0xfe, 0xae, 0x9e, 0x52, 0xfe,
    0xae, 0x9f, 0x52, 0xfe, 0xae, 0xa0, 0x52, 0xfe, 0xae, 0x9f, 0x52, 0xfe, 0xad, 0x9e, 0x52, 0xfe,
    0xad, 0x9f, 0x51, 0xfe, 0xad, 0x9f, 0x51, 0xfe, 0xad, 0x9e, 0x51, 0xfe, 0xad, 0x9f, 0x51, 0xfe,
    0xae, 0xa0, 0x52, 0xfe, 0xae, 0x9f, 0x53, 0xfe, 0xae, 0x9f, 0x53, 0xfe, 0xae, 0x9f, 0x52, 0xfe,
    0xae, 0x9f, 0x52, 0xfe, 0xad, 0x9e, 0x51, 0xfe, 0xad, 0x9f, 0x51, 0xfe, 0xad, 0x9e, 0x52, 0xfe,
    0xad, 0x9f, 0x50, 0xfe, 0xae, 0xa0, 0x51, 0xfe, 0xae, 0x9f, 0x51, 0xfe, 0xae, 0xa0, 0x51, 0xfe,
    0xae, 0x9f, 0x52, 0xfe, 0xae, 0x9f, 0x52, 0xfe, 0xae, 0xa0, 0x53, 0xfe, 0xad, 0x9e, 0x52, 0xfe,
    0xad, 0x9e, 0x52, 0xfe, 0xad, 0x9e, 0x52, 0xfe, 0xad, 0x9f, 0x51, 0xfe, 0xae, 0x9f, 0x52, 0xfe,
    0xaf, 0x9f, 0x52, 0xfe, 0xae, 0x9e, 0x52, 0xfe, 0xad, 0x9f, 0x50, 0xfe, 0xae, 0x9f, 0x52, 0xfe,
    0xaf, 0x9f, 0x53, 0xfe, 0xae, 0xa0, 0x52, 0xfe, 0xae, 0x9f, 0x52, 0xfe, 0xae, 0xa0, 0x51, 0xfe,
    0xae, 0x9f, 0x53, 0xfe, 0xad, 0x9e, 0x52, 0xfe, 0xae, 0x9f, 0x53, 0xfe, 0xae, 0x9f, 0x52, 0xfe,
    0xae, 0x9f, 0x52, 0xfe, 0xad, 0x9e, 0x52, 0xfe, 0xad, 0x9e, 0x52, 0xfe, 0xae, 0x9f, 0x51, 0xfe,
    0xb0, 0xa0, 0x50, 0xfb, 0xb5, 0xa6, 0x53, 0xff, 0xb2, 0xa1, 0x54, 0xd1, 0xff, 0xff, 0xff, 0x01,
    0x7f, 0x7f, 0x7f, 0x02, 0xff, 0xff, 0x00, 0x01, 0xff, 0xff, 0x00, 0x01, 0xff, 0xff, 0x00, 0x01,
    0xff, 0xff, 0x00, 0x01, 0xff, 0xff, 0x00, 0x01, 0xff, 0xff, 0x00, 0x01, 0xff, 0xff, 0x00, 0x01,
    0x99, 0x99, 0x33, 0x05, 0x00, 0x00, 0x00, 0x00, 0xae, 0xa0, 0x52, 0x92, 0xba, 0xab, 0x55, 0xff,
    0xae, 0x9f, 0x4f, 0xf9, 0xae, 0x9f, 0x52, 0xfe, 0xae, 0x9f, 0x52, 0xfe, 0xae, 0x9f, 0x51, 0xfe,
    0xad, 0x9f, 0x51, 0xfe, 0xad, 0x9e, 0x51, 0xfe, 0xad, 0x9f, 0x50, 0xfe, 0xad, 0x9f, 0x50, 0xfe,
    0xad, 0x9f, 0x50, 0xfe, 0xad, 0x9e, 0x51, 0xfe, 0xad, 0x9f, 0x51, 0xfe, 0xad, 0x9f, 0x50, 0xfe,
    0xad, 0x9e, 0x51, 0xfe, 0xac, 0x9d, 0x50, 0xfe, 0xac, 0x9d, 0x50, 0xfe, 0xac, 0x9d, 0x4f, 0xfe,
    0xac, 0x9d, 0x4f, 0xfe, 0xac, 0x9e, 0x4f, 0xfe, 0xac, 0x9d, 0x51, 0xfe, 0xad, 0x9e, 0x50, 0xfe,
    0xac, 0x9d, 0x4f, 0xfe, 0xac, 0x9d, 0x50, 0xfe, 0xac, 0x9d, 0x4f, 0xfe, 0xac, 0x9d, 0x50, 0xfe,
    0xac, 0x9d, 0x50, 0xfe, 0xac, 0x9d, 0x50, 0xfe, 0xab, 0x9c, 0x50, 0xfe, 0xab, 0x9c, 0x4f, 0xfe,
    0xac, 0x9d, 0x4f, 0xfe, 0xae, 0x9e, 0x4f, 0xfa, 0xb9, 0xa8, 0x52, 0xff, 0xab, 0x9b, 0x4b, 0x8a,
    0x00, 0x00, 0x00, 0x00, 0x99, 0x99, 0x33, 0x05, 0x00, 0x00, 0x00, 0x00, 0x00, 0x00, 0x00, 0x00,
    0x00, 0x00, 0x00, 0x00, 0x00, 0x00, 0x00, 0x00, 0x00, 0x00, 0x00, 0x00, 0x00, 0x00, 0x00, 0x00,
    0x00, 0x00, 0x00, 0x00, 0x00, 0x00, 0x00, 0x00, 0x00, 0x00, 0x00, 0x00, 0x00, 0x00, 0x00, 0x00,
    0x00, 0x00, 0x00, 0x00, 0x00, 0x00, 0x00, 0x00, 0x00, 0x00, 0x00, 0x00, 0x00, 0x00, 0x00, 0x00,
    0x00, 0x00, 0x00, 0x00, 0x00, 0x00, 0x00, 0x00, 0x00, 0x00, 0x00, 0x00, 0x00, 0x00, 0x00, 0x00,
    0x00, 0x00, 0x00, 0x00, 0x00, 0x00, 0x00, 0x00, 0x00, 0x00, 0x00, 0x00, 0x00, 0x00, 0x00, 0x00,
    0x00, 0x00, 0x00, 0x00, 0x00, 0x00, 0x00, 0x00, 0x00, 0x00, 0x00, 0x00, 0x00, 0x00, 0x00, 0x00,
    0x00, 0x00, 0x00, 0x00, 0x00, 0x00, 0x00, 0x00, 0x00, 0x00, 0x00, 0x00, 0x00, 0x00, 0x00, 0x00,
    0x00, 0x00, 0x00, 0x00, 0x00, 0x00, 0x00, 0x00, 0x00, 0x00, 0x00, 0x00, 0x00, 0x00, 0x00, 0x00,
    0x00, 0x00, 0x00, 0x00, 0x00, 0x00, 0x00, 0x00, 0x00, 0x00, 0x00, 0x00, 0x00, 0x00, 0x00, 0x00,
    0x00, 0x00, 0x00, 0x00, 0x00, 0x00, 0x00, 0x00, 0x00, 0x00, 0x00, 0x00, 0x00, 0x00, 0x00, 0x00,
    0x00, 0x00, 0x00, 0x00, 0x00, 0x00, 0x00, 0x00, 0xbf, 0x7f, 0x3f, 0x04, 0x00, 0x00, 0x00, 0x00,
    0xad, 0x9e, 0x51, 0x84, 0xb8, 0xa8, 0x54, 0xff, 0xad, 0x9e, 0x50, 0xfa, 0xad, 0x9e, 0x51, 0xfe,
    0xad, 0x9e, 0x51, 0xfe, 0xad, 0x9e, 0x52, 0xfe, 0xad, 0x9e, 0x52, 0xfe, 0xad, 0x9e, 0x52, 0xfe,
    0xad, 0x9e, 0x51, 0xfe, 0xae, 0x9f, 0x51, 0xfe, 0xae, 0x9f, 0x52, 0xfe, 0xae, 0xa0, 0x52, 0xfe,
    0xae, 0xa0, 0x52, 0xfe, 0xae, 0x9f, 0x52, 0xfe, 0xad, 0x9f, 0x51, 0xfe, 0xad, 0x9e, 0x51, 0xfe,
    0xad, 0x9f, 0x51, 0xfe, 0xad, 0x9f, 0x51, 0xfe, 0xae, 0xa0, 0x52, 0xfe, 0xae, 0x9f, 0x53, 0xfe,
    0xae, 0x9f, 0x52, 0xfe, 0xad, 0xa0, 0x50, 0xfe, 0xae, 0x9f, 0x51, 0xfe, 0xad, 0x9f, 0x50, 0xfe,
    0xae, 0x9d, 0x52, 0xfe, 0xad, 0x9e, 0x52, 0xfe, 0xad, 0x9f, 0x50, 0xfe, 0xad, 0x9f, 0x51, 0xfe,
    0xae, 0x9e, 0x52, 0xfe, 0xae, 0x9f, 0x50, 0xfe, 0xad, 0xa0, 0x51, 0xfe, 0xae, 0x9e, 0x52, 0xfe,
    0xae, 0x9e, 0x52, 0xfe, 0xae, 0xa0, 0x50, 0xfe, 0xad, 0x9f, 0x52, 0xfe, 0xad, 0x9f, 0x51, 0xfe,
    0xad, 0x9f, 0x50, 0xfe, 0xae, 0xa0, 0x52, 0xfe, 0xae, 0x9f, 0x53, 0xfe, 0xaf, 0x9f, 0x50, 0xfe,
    0xad, 0x9e, 0x51, 0xfe, 0xad, 0x9f, 0x51, 0xfe, 0xad, 0x9e, 0x52, 0xfe, 0xae, 0x9f, 0x52, 0xfe,
    0xae, 0xa0, 0x51, 0xfe, 0xae, 0xa0, 0x52, 0xfe, 0xae, 0x9f, 0x52, 0xfe, 0xad, 0x9f, 0x52, 0xfe,
    0xae, 0x9f, 0x52, 0xfe, 0xaf, 0x9f, 0x51, 0xfe, 0xae, 0x9f, 0x52, 0xfe, 0xae, 0xa0, 0x50, 0xfe,
    0xad, 0x9f, 0x51, 0xfe, 0xad, 0x9e, 0x51, 0xfe, 0xae, 0x9f, 0x50, 0xfc, 0xb6, 0xa5, 0x53, 0xff,
    0xb1, 0xa0, 0x52, 0xd2, 0x7f, 0x7f, 0x7f, 0x02, 0xff, 0xff, 0x00, 0x01, 0xff, 0xff, 0x00, 0x01,
    0xff, 0xff, 0x00, 0x01, 0xff, 0xff, 0x00, 0x01, 0x00, 0x00, 0x00, 0x00, 0x00, 0x00, 0x00, 0x00,
    0x00, 0x00, 0x00, 0x00, 0x00, 0x00, 0x00, 0x00, 0xff, 0xff, 0x00, 0x02, 0xbf, 0xbf, 0x3f, 0x04,
    0x00, 0x00, 0x00, 0x00, 0xb0, 0xa0, 0x53, 0x9c, 0xbb, 0xaa, 0x57, 0xff, 0xaf, 0xa0, 0x50, 0xf9,
    0xae, 0x9f, 0x52, 0xfe, 0xad, 0x9f, 0x51, 0xfe, 0xad, 0x9e, 0x51, 0xfe, 0xad, 0x9e, 0x50, 0xfe,
    0xad, 0x9f, 0x50, 0xfe, 0xad, 0x9e, 0x51, 0xfe, 0xad, 0x9f, 0x51, 0xfe, 0xad, 0x9f, 0x50, 0xfe,
    0xad, 0x9f, 0x50, 0xfe, 0xad, 0x9e, 0x51, 0xfe, 0xad, 0x9e, 0x52, 0xfe, 0xad, 0x9e, 0x52, 0xfe,
    0xac, 0x9d, 0x50, 0xfe, 0xac, 0x9d, 0x50, 0xfe, 0xac, 0x9d, 0x50, 0xfe, 0xac, 0x9d, 0x4f, 0xfe,
    0xac, 0x9d, 0x50, 0xfe, 0xad, 0x9d, 0x50, 0xfe, 0xac, 0x9d, 0x50, 0xfe, 0xac, 0x9d, 0x50, 0xfe,
    0xac, 0x9d, 0x4f, 0xfe, 0xac, 0x9d, 0x50, 0xfe, 0xac, 0x9d, 0x50, 0xfe, 0xac, 0x9d, 0x4f, 0xfe,
    0xac, 0x9d, 0x4f, 0xfe, 0xac, 0x9d, 0x4f, 0xfe, 0xad, 0x9d, 0x50, 0xfe, 0xaf, 0x9e, 0x4f, 0xf9,
    0xb9, 0xa8, 0x52, 0xff, 0xaa, 0x9b, 0x4d, 0x8b, 0x00, 0x00, 0x00, 0x00, 0x99, 0x99, 0x33, 0x05,
    0x00, 0x00, 0x00, 0x00, 0x00, 0x00, 0x00, 0x00, 0x00, 0x00, 0x00, 0x00, 0x00, 0x00, 0x00, 0x00,
    0x00, 0x00, 0x00, 0x00, 0x00, 0x00, 0x00, 0x00, 0x00, 0x00, 0x00, 0x00, 0x00, 0x00, 0x00, 0x00,
    0x00, 0x00, 0x00, 0x00, 0x00, 0x00, 0x00, 0x00, 0x00, 0x00, 0x00, 0x00, 0x00, 0x00, 0x00, 0x00,
    0x00, 0x00, 0x00, 0x00, 0x00, 0x00, 0x00, 0x00, 0x00, 0x00, 0x00, 0x00, 0x00, 0x00, 0x00, 0x00,
    0x00, 0x00, 0x00, 0x00, 0x00, 0x00, 0x00, 0x00, 0x00, 0x00, 0x00, 0x00, 0x00, 0x00, 0x00, 0x00,
    0x00, 0x00, 0x00, 0x00, 0x00, 0x00, 0x00, 0x00, 0x00, 0x00, 0x00, 0x00, 0x00, 0x00, 0x00, 0x00,
    0x00, 0x00, 0x00, 0x00, 0x00, 0x00, 0x00, 0x00, 0x00, 0x00, 0x00, 0x00, 0x00, 0x00, 0x00, 0x00,
    0x00, 0x00, 0x00, 0x00, 0x00, 0x00, 0x00, 0x00, 0x00, 0x00, 0x00, 0x00, 0x00, 0x00, 0x00, 0x00,
    0x00, 0x00, 0x00, 0x00, 0x00, 0x00, 0x00, 0x00, 0x00, 0x00, 0x00, 0x00, 0x00, 0x00, 0x00, 0x00,
    0x00, 0x00, 0x00, 0x00, 0x00, 0x00, 0x00, 0x00, 0x00, 0x00, 0x00, 0x00, 0x00, 0x00, 0x00, 0x00,
    0x00, 0x00, 0x00, 0x00, 0x00, 0x00, 0x00, 0x00, 0x00, 0x00, 0x00, 0x00, 0x00, 0x00, 0x00, 0x00,
    0xbf, 0x7f, 0x3f, 0x04, 0x00, 0x00, 0x00, 0x00, 0xb0, 0xa0, 0x50, 0x82, 0xb9, 0xa8, 0x54, 0xff,
    0xac, 0x9d, 0x50, 0xfa, 0xad, 0x9e, 0x51, 0xfe, 0xad, 0x9e, 0x51, 0xfe, 0xad, 0x9e, 0x52, 0xfe,
    0xad, 0x9e, 0x52, 0xfe, 0xad, 0x9f, 0x52, 0xfe, 0xad, 0x9e, 0x52, 0xfe, 0xae, 0x9f, 0x52, 0xfe,
    0xae, 0xa0, 0x51, 0xfe, 0xae, 0x9f, 0x53, 0xfe, 0xae, 0x9e, 0x53, 0xfe, 0xad, 0x9e, 0x53, 0xfe,
    0xad, 0x9e, 0x52, 0xfe, 0xad, 0x9e, 0x52, 0xfe, 0xad, 0x9f, 0x51, 0xfe, 0xad, 0x9e, 0x51, 0xfe,
    0xad, 0x9f, 0x51, 0xfe, 0xae, 0x9f, 0x52, 0xfe, 0xad, 0x9f, 0x50, 0xfe, 0xae, 0x9e, 0x50, 0xfe,
    0xad, 0x9e, 0x51, 0xfe, 0xad, 0x9f, 0x50, 0xfe, 0xae, 0x9e, 0x51, 0xfe, 0xad, 0x9f, 0x51, 0xfe,
    0xad, 0x9e, 0x51, 0xfe, 0xad, 0x9f, 0x51, 0xfe, 0xad, 0x9e, 0x50, 0xfe, 0xad, 0x9f, 0x50, 0xfe,
    0xad, 0x9f, 0x51, 0xfe, 0xad, 0x9e, 0x51, 0xfe, 0xad, 0x9f, 0x50, 0xfe, 0xae, 0xa0, 0x50, 0xfe,
    0xad, 0x9f, 0x51, 0xfe, 0xad, 0x9e, 0x51, 0xfe, 0xad, 0x9f, 0x51, 0xfe, 0xad, 0x9f, 0x52, 0xfe,
    0xad, 0x9f, 0x51, 0xfe, 0xae, 0x9e, 0x51, 0xfe, 0xad, 0x9e, 0x51, 0xfe, 0xad, 0x9e, 0x52, 0xfe,
    0xad, 0x9e, 0x52, 0xfe, 0xae, 0x9f, 0x52, 0xfe, 0xae, 0xa0, 0x52, 0xfe, 0xae, 0x9f, 0x52, 0xfe,
    0xae, 0x9f, 0x53, 0xfe, 0xaf, 0xa0, 0x52, 0xfe, 0xae, 0x9f, 0x52, 0xfe, 0xaf, 0xa0, 0x53, 0xfe,
    0xaf, 0xa0, 0x51, 0xfe, 0xae, 0xa0, 0x51, 0xfe, 0xae, 0xa0, 0x51, 0xfe, 0xae, 0x9f, 0x50, 0xfe,
    0xb0, 0x9e, 0x4f, 0xfc, 0xb6, 0xa6, 0x51, 0xff, 0xb0, 0xa1, 0x4f, 0xd1, 0xff, 0xff, 0xff, 0x01,
    0xff, 0xff, 0x00, 0x01, 0xff, 0xff, 0x00, 0x01, 0x00, 0x00, 0x00, 0x00, 0x00, 0x00, 0x00, 0x00,
    0x00, 0x00, 0x00, 0x00, 0x00, 0x00, 0x00, 0x00, 0x00, 0x00, 0x00, 0x00, 0x00, 0x00, 0x00, 0x00,
    0x00, 0x00, 0x00, 0x00, 0x7f, 0x7f, 0x00, 0x02, 0xaa, 0xaa, 0x55, 0x03, 0x00, 0x00, 0x00, 0x00,
    0xb1, 0xa0, 0x53, 0xa8, 0xbc, 0xac, 0x56, 0xff, 0xad, 0xa0, 0x50, 0xfa, 0xae, 0x9f, 0x52, 0xfe,
    0xad, 0x9e, 0x51, 0xfe, 0xad, 0x9f, 0x50, 0xfe, 0xad, 0x9e, 0x51, 0xfe, 0xad, 0x9f, 0x51, 0xfe,
    0xae, 0x9e, 0x4f, 0xfe, 0xad, 0x9e, 0x51, 0xfe, 0xad, 0x9f, 0x51, 0xfe, 0xad, 0x9e, 0x51, 0xfe,
    0xad, 0x9e, 0x52, 0xfe, 0xac, 0x9d, 0x50, 0xfe, 0xac, 0x9d, 0x50, 0xfe, 0xac, 0x9d, 0x50, 0xfe,
    0xac, 0x9d, 0x4f, 0xfe, 0xad, 0x9e, 0x51, 0xfe, 0xac, 0x9d, 0x51, 0xfe, 0xac, 0x9d, 0x50, 0xfe,
    0xac, 0x9d, 0x50, 0xfe, 0xac, 0x9d, 0x50, 0xfe, 0xac, 0x9d, 0x50, 0xfe, 0xac, 0x9d, 0x4f, 0xfe,
    0xac, 0x9d, 0x50, 0xfe, 0xac, 0x9d, 0x50, 0xfe, 0xac, 0x9d, 0x4f, 0xfe, 0xac, 0x9d, 0x4f, 0xfe,
    0xad, 0x9d, 0x4f, 0xfe, 0xb0, 0x9e, 0x4e, 0xf9, 0xb8, 0xa7, 0x52, 0xff, 0xa9, 0x9a, 0x4c, 0x8c,
    0x00, 0x00, 0x00, 0x00, 0x99, 0x99, 0x33, 0x05, 0x00, 0x00, 0x00, 0x00, 0x00, 0x00, 0x00, 0x00,
    0x00, 0x00, 0x00, 0x00, 0x00, 0x00, 0x00, 0x00, 0x00, 0x00, 0x00, 0x00, 0x00, 0x00, 0x00, 0x00,
    0x00, 0x00, 0x00, 0x00, 0x00, 0x00, 0x00, 0x00, 0x00, 0x00, 0x00, 0x00, 0x00, 0x00, 0x00, 0x00,
    0x00, 0x00, 0x00, 0x00, 0x00, 0x00, 0x00, 0x00, 0x00, 0x00, 0x00, 0x00, 0x00, 0x00, 0x00, 0x00,
    0x00, 0x00, 0x00, 0x00, 0x00, 0x00, 0x00, 0x00, 0x00, 0x00, 0x00, 0x00, 0x00, 0x00, 0x00, 0x00,
    0x00, 0x00, 0x00, 0x00, 0x00, 0x00, 0x00, 0x00, 0x00, 0x00, 0x00, 0x00, 0x00, 0x00, 0x00, 0x00,
    0x00, 0x00, 0x00, 0x00, 0x00, 0x00, 0x00, 0x00, 0x00, 0x00, 0x00, 0x00, 0x00, 0x00, 0x00, 0x00,
    0x00, 0x00, 0x00, 0x00, 0x00, 0x00, 0x00, 0x00, 0x00, 0x00, 0x00, 0x00, 0x00, 0x00, 0x00, 0x00,
    0x00, 0x00, 0x00, 0x00, 0x00, 0x00, 0x00, 0x00, 0x00, 0x00, 0x00, 0x00, 0x00, 0x00, 0x00, 0x00,
    0x00, 0x00, 0x00, 0x00, 0x00, 0x00, 0x00, 0x00, 0x00, 0x00, 0x00, 0x00, 0x00, 0x00, 0x00, 0x00,
    0x00, 0x00, 0x00, 0x00, 0x00, 0x00, 0x00, 0x00, 0x00, 0x00, 0x00, 0x00, 0x00, 0x00, 0x00, 0x00,
    0x00, 0x00, 0x00, 0x00, 0x00, 0x00, 0x00, 0x00, 0xbf, 0x7f, 0x3f, 0x04, 0x00, 0x00, 0x00, 0x00,
    0xad, 0x9e, 0x51, 0x84, 0xb8, 0xa8, 0x54, 0xff, 0xac, 0x9d, 0x50, 0xfa, 0xad, 0x9e, 0x50, 0xfe,
    0xad, 0x9f, 0x50, 0xfe, 0xad, 0x9f, 0x50, 0xfe, 0xad, 0x9f, 0x51, 0xfe, 0xad, 0x9e, 0x51, 0xfe,
    0xad, 0x9e, 0x52, 0xfe, 0xad, 0x9f, 0x51, 0xfe, 0xae, 0xa0, 0x52, 0xfe, 0xad, 0x9f, 0x53, 0xfe,
    0xad, 0x9e, 0x52, 0xfe, 0xad, 0x9f, 0x51, 0xfe, 0xad, 0x9e, 0x51, 0xfe, 0xad, 0x9f, 0x51, 0xfe,
    0xae, 0x9e, 0x51, 0xfe, 0xad, 0x9f, 0x50, 0xfe, 0xae, 0x9e, 0x51, 0xfe, 0xad, 0x9f, 0x50, 0xfe,
    0xae, 0x9e, 0x50, 0xfe, 0xae, 0x9f, 0x50, 0xfe, 0xae, 0x9e, 0x50, 0xfe, 0xad, 0x9f, 0x50, 0xfe,
    0xae, 0x9f, 0x50, 0xfe, 0xad, 0x9e, 0x50, 0xfe, 0xad, 0x9f, 0x52, 0xfe, 0xad, 0x9e, 0x51, 0xfe,
    0xad, 0x9f, 0x50, 0xfe, 0xad, 0x9e, 0x50, 0xfe, 0xad, 0x9f, 0x50, 0xfe, 0xad, 0x9f, 0x51, 0xfe,
    0xad, 0x9e, 0x50, 0xfe, 0xac, 0x9e, 0x4f, 0xfe, 0xac, 0x9e, 0x50, 0xfe, 0xad, 0x9f, 0x50, 0xfe,
    0xad, 0x9e, 0x52, 0xfe, 0xad, 0x9f, 0x51, 0xfe, 0xad, 0x9f, 0x50, 0xfe, 0xad, 0x9e, 0x52, 0xfe,
    0xad, 0x9e, 0x51, 0xfe, 0xad, 0x9e, 0x52, 0xfe, 0xad, 0x9e, 0x52, 0xfe, 0xae, 0x9f, 0x52, 0xfe,
    0xae, 0x9f, 0x53, 0xfe, 0xad, 0x9f, 0x51, 0xfe, 0xad, 0x9f, 0x51, 0xfe, 0xae, 0x9f, 0x51, 0xfe,
    0xad, 0x9e, 0x51, 0xfe, 0xae, 0x9f, 0x52, 0xfe, 0xae, 0xa0, 0x51, 0xfe, 0xae, 0xa0, 0x51, 0xfe,
    0xae, 0xa0, 0x51, 0xfe, 0xaf, 0x9f, 0x51, 0xfe, 0xaf, 0xa0, 0x50, 0xfb, 0xb6, 0xa6, 0x51, 0xff,
    0xaf, 0x9f, 0x4e, 0xd1, 0x00, 0xff, 0xff, 0x01, 0xff, 0xff, 0x00, 0x01, 0xff, 0xff, 0x00, 0x01,
    0x00, 0x00, 0x00, 0x00, 0x00, 0x00, 0x00, 0x00, 0x00, 0x00, 0x00, 0x00, 0x00, 0x00, 0x00, 0x00,
    0x00, 0x00, 0x00, 0x00, 0x00, 0x00, 0x00, 0x00, 0x00, 0x00, 0x00, 0x00, 0x00, 0x00, 0x00, 0x00,
    0xff, 0xff, 0x00, 0x02, 0xff, 0xff, 0x7f, 0x02, 0xcc, 0x99, 0x66, 0x05, 0xb2, 0xa2, 0x52, 0xb3,
    0xba, 0xaa, 0x57, 0xff, 0xaf, 0xa0, 0x4f, 0xf9, 0xaf, 0xa0, 0x50, 0xfd, 0xad, 0x9f, 0x51, 0xfe,
    0xad, 0x9e, 0x51, 0xfe, 0xac, 0x9e, 0x51, 0xfe, 0xae, 0x9e, 0x50, 0xfe, 0xad, 0x9e, 0x51, 0xfe,
    0xac, 0x9e, 0x50, 0xfe, 0xad, 0x9f, 0x50, 0xfe, 0xad, 0x9e, 0x52, 0xfe, 0xac, 0x9d, 0x50, 0xfe,
    0xac, 0x9d, 0x50, 0xfe, 0xac, 0x9d, 0x4f, 0xfe, 0xac, 0x9d, 0x50, 0xfe, 0xac, 0x9d, 0x50, 0xfe,
    0xac, 0x9d, 0x50, 0xfe, 0xac, 0x9d, 0x4f, 0xfe, 0xac, 0x9d, 0x50, 0xfe, 0xac, 0x9d, 0x4f, 0xfe,
    0xac, 0x9d, 0x50, 0xfe, 0xac, 0x9d, 0x50, 0xfe, 0xad, 0x9f, 0x4f, 0xfd, 0xad, 0x9e, 0x51, 0xfe,
    0xad, 0x9d, 0x51, 0xfe, 0xac, 0x9d, 0x50, 0xfe, 0xac, 0x9d, 0x50, 0xfe, 0xaf, 0x9e, 0x4e, 0xf9,
    0xb8, 0xa7, 0x51, 0xfe, 0xab, 0x9c, 0x4c, 0x89, 0x00, 0x00, 0x00, 0x00, 0xbf, 0xbf, 0x3f, 0x04,
    0x00, 0x00, 0x00, 0x00, 0x00, 0x00, 0x00, 0x00, 0x00, 0x00, 0x00, 0x00, 0x00, 0x00, 0x00, 0x00,
    0x00, 0x00, 0x00, 0x00, 0x00, 0x00, 0x00, 0x00, 0x00, 0x00, 0x00, 0x00, 0x00, 0x00, 0x00, 0x00,
    0x00, 0x00, 0x00, 0x00, 0x00, 0x00, 0x00, 0x00, 0x00, 0x00, 0x00, 0x00, 0x00, 0x00, 0x00, 0x00,
    0x00, 0x00, 0x00, 0x00, 0x00, 0x00, 0x00, 0x00, 0x00, 0x00, 0x00, 0x00, 0x00, 0x00, 0x00, 0x00,
    0x00, 0x00, 0x00, 0x00, 0x00, 0x00, 0x00, 0x00, 0x00, 0x00, 0x00, 0x00, 0x00, 0x00, 0x00, 0x00,
    0x00, 0x00, 0x00, 0x00, 0x00, 0x00, 0x00, 0x00, 0x00, 0x00, 0x00, 0x00, 0x00, 0x00, 0x00, 0x00,
    0x00, 0x00, 0x00, 0x00, 0x00, 0x00, 0x00, 0x00, 0x00, 0x00, 0x00, 0x00, 0x00, 0x00, 0x00, 0x00,
    0x00, 0x00, 0x00, 0x00, 0x00, 0x00, 0x00, 0x00, 0x00, 0x00, 0x00, 0x00, 0x00, 0x00, 0x00, 0x00,
    0x00, 0x00, 0x00, 0x00, 0x00, 0x00, 0x00, 0x00, 0x00, 0x00, 0x00, 0x00, 0x00, 0x00, 0x00, 0x00,
    0x00, 0x00, 0x00, 0x00, 0x00, 0x00, 0x00, 0x00, 0x00, 0x00, 0x00, 0x00, 0x00, 0x00, 0x00, 0x00,
    0x00, 0x00, 0x00, 0x00, 0x00, 0x00, 0x00, 0x00, 0x00, 0x00, 0x00, 0x00, 0x00, 0x00, 0x00, 0x00,
    0xbf, 0x7f, 0x3f, 0x04, 0x00, 0x00, 0x00, 0x00, 0xac, 0x9e, 0x52, 0x6c, 0xb7, 0xa7, 0x54, 0xff,
    0xac, 0x9d, 0x4f, 0xfa, 0xac, 0x9d, 0x4f, 0xfe, 0xad, 0x9f, 0x50, 0xfe, 0xad, 0x9f, 0x50, 0xfe,
    0xad, 0x9f, 0x50, 0xfe, 0xad, 0x9f, 0x50, 0xfe, 0xad, 0x9f, 0x50, 0xfe, 0xae, 0x9f, 0x52, 0xfe,
    0xae, 0xa0, 0x51, 0xfe, 0xad, 0x9f, 0x52, 0xfe, 0xad, 0x9e, 0x52, 0xfe, 0xad, 0x9f, 0x50, 0xfe,
    0xad, 0x9f, 0x50, 0xfe, 0xad, 0x9f, 0x50, 0xfe, 0xae, 0x9e, 0x51, 0xfe, 0xae, 0x9e, 0x50, 0xfe,
    0xaf, 0x9e, 0x50, 0xfe, 0xad, 0x9f, 0x50, 0xfe, 0xae, 0x9f, 0x50, 0xfe, 0xae, 0x9f, 0x50, 0xfe,
    0xae, 0x9f, 0x50, 0xfe, 0xae, 0x9f, 0x50, 0xfe, 0xae, 0x9e, 0x51, 0xfe, 0xae, 0x9f, 0x51, 0xfe,
    0xae, 0x9f, 0x51, 0xfe, 0xad, 0x9e, 0x51, 0xfe, 0xad, 0x9f, 0x51, 0xfe, 0xad, 0x9e, 0x52, 0xfe,
    0xad, 0x9f, 0x51, 0xfe, 0xad, 0x9e, 0x51, 0xfe, 0xac, 0x9e, 0x50, 0xfe, 0xac, 0x9d, 0x4f, 0xfe,
    0xac, 0x9d, 0x4f, 0xfe, 0xad, 0x9e, 0x50, 0xfe, 0xad, 0x9e, 0x50, 0xfe, 0xad, 0x9f, 0x51, 0xfe,
    0xad, 0x9f, 0x51, 0xfe, 0xad, 0x9e, 0x52, 0xfe, 0xac, 0x9d, 0x51, 0xfe, 0xac, 0x9d, 0x50, 0xfe,
    0xad, 0x9f, 0x51, 0xfe, 0xad, 0x9e, 0x51, 0xfe, 0xad, 0x9f, 0x51, 0xfe, 0xad, 0x9e, 0x52, 0xfe,
    0xad, 0x9e, 0x51, 0xfe, 0xad, 0x9e, 0x51, 0xfe, 0xad, 0x9f, 0x50, 0xfe, 0xae, 0x9f, 0x52, 0xfe,
    0xae, 0x9f, 0x52, 0xfe, 0xae, 0xa0, 0x51, 0xfe, 0xae, 0xa0, 0x51, 0xfe, 0xb0, 0xa0, 0x50, 0xfd,
    0xb0, 0xa1, 0x50, 0xfb, 0xb6, 0xa6, 0x52, 0xff, 0xaf, 0xa0, 0x4e, 0xd0, 0x00, 0x00, 0xff, 0x01,
    0xff, 0xff, 0x00, 0x01, 0x00, 0x00, 0x00, 0x00, 0x00, 0x00, 0x00, 0x00, 0x00, 0x00, 0x00, 0x00,
    0x00, 0x00, 0x00, 0x00, 0x00, 0x00, 0x00, 0x00, 0x00, 0x00, 0x00, 0x00, 0x00, 0x00, 0x00, 0x00,
    0x00, 0x00, 0x00, 0x00, 0x00, 0x00, 0x00, 0x00, 0x00, 0x00, 0x00, 0x00, 0x7f, 0x7f, 0x00, 0x02,
    0xff, 0xff, 0x00, 0x01, 0xb6, 0x91, 0x6d, 0x07, 0xb2, 0xa1, 0x50, 0xbd, 0xb8, 0xa9, 0x54, 0xff,
    0xae, 0x9f, 0x4f, 0xf9, 0xad, 0x9f, 0x52, 0xfe, 0xad, 0x9e, 0x52, 0xfe, 0xac, 0x9d, 0x4f, 0xfe,
    0xac, 0x9d, 0x50, 0xfe, 0xac, 0x9d, 0x4f, 0xfe, 0xac, 0x9d, 0x4f, 0xfe, 0xac, 0x9d, 0x51, 0xfe,
    0xac, 0x9d, 0x50, 0xfe, 0xac, 0x9d, 0x50, 0xfe, 0xac, 0x9d, 0x4f, 0xfe, 0xac, 0x9d, 0x50, 0xfe,
    0xac, 0x9d, 0x50, 0xfe, 0xac, 0x9d, 0x50, 0xfe, 0xac, 0x9d, 0x4f, 0xfe, 0xac, 0x9d, 0x50, 0xfe,
    0xac, 0x9d, 0x4f, 0xfe, 0xac, 0x9d, 0x50, 0xfe, 0xac, 0x9d, 0x50, 0xfe, 0xac, 0x9d, 0x4f, 0xfe,
    0xac, 0x9e, 0x50, 0xfe, 0xad, 0x9f, 0x51, 0xfe, 0xac, 0x9e, 0x51, 0xfe, 0xae, 0x9f, 0x51, 0xfd,
    0xaf, 0x9d, 0x50, 0xfe, 0xaf, 0x9e, 0x4d, 0xf9, 0xb7, 0xa7, 0x51, 0xff, 0xac, 0x9b, 0x4b, 0x6c,
    0x00, 0x00, 0x00, 0x00, 0xbf, 0x7f, 0x3f, 0x04, 0x00, 0x00, 0x00, 0x00, 0x00, 0x00, 0x00, 0x00,
    0x00, 0x00, 0x00, 0x00, 0x00, 0x00, 0x00, 0x00, 0x00, 0x00, 0x00, 0x00, 0x00, 0x00, 0x00, 0x00,
    0x00, 0x00, 0x00, 0x00, 0x00, 0x00, 0x00, 0x00, 0x00, 0x00, 0x00, 0x00, 0x00, 0x00, 0x00, 0x00,
    0x00, 0x00, 0x00, 0x00, 0x00, 0x00, 0x00, 0x00, 0x00, 0x00, 0x00, 0x00, 0x00, 0x00, 0x00, 0x00,
    0x00, 0x00, 0x00, 0x00, 0x00, 0x00, 0x00, 0x00, 0x00, 0x00, 0x00, 0x00, 0x00, 0x00, 0x00, 0x00,
    0x00, 0x00, 0x00, 0x00, 0x00, 0x00, 0x00, 0x00, 0x00, 0x00, 0x00, 0x00, 0x00, 0x00, 0x00, 0x00,
    0x00, 0x00, 0x00, 0x00, 0x00, 0x00, 0x00, 0x00, 0x00, 0x00, 0x00, 0x00, 0x00, 0x00, 0x00, 0x00,
    0x00, 0x00, 0x00, 0x00, 0x00, 0x00, 0x00, 0x00, 0x00, 0x00, 0x00, 0x00, 0x00, 0x00, 0x00, 0x00,
    0x00, 0x00, 0x00, 0x00, 0x00, 0x00, 0x00, 0x00, 0x00, 0x00, 0x00, 0x00, 0x00, 0x00, 0x00, 0x00,
    0x00, 0x00, 0x00, 0x00, 0x00, 0x00, 0x00, 0x00, 0x00, 0x00, 0x00, 0x00, 0x00, 0x00, 0x00, 0x00,
    0x00, 0x00, 0x00, 0x00, 0x00, 0x00, 0x00, 0x00, 0x00, 0x00, 0x00, 0x00, 0x00, 0x00, 0x00, 0x00,
    0x00, 0x00, 0x00, 0x00, 0x00, 0x00, 0x00, 0x00, 0x7f, 0x7f, 0x7f, 0x02, 0x00, 0x00, 0x00, 0x00,
    0xab, 0x9a, 0x53, 0x2b, 0xb0, 0xa0, 0x4f, 0xfc, 0xad, 0x9e, 0x4f, 0xfb, 0xae, 0x9e, 0x4f, 0xfd,
    0xae, 0x9f, 0x50, 0xfe, 0xae, 0x9e, 0x50, 0xfe, 0xad, 0x9f, 0x50, 0xfe, 0xad, 0x9e, 0x51, 0xfe,
    0xad, 0x9e, 0x51, 0xfe, 0xad, 0x9f, 0x51, 0xfe, 0xad, 0x9f, 0x52, 0xfe, 0xad, 0x9f, 0x51, 0xfe,
    0xad, 0x9f, 0x50, 0xfe, 0xad, 0x9e, 0x51, 0xfe, 0xae, 0x9e, 0x51, 0xfe, 0xae, 0x9f, 0x50, 0xfe,
    0xae, 0x9f, 0x50, 0xfe, 0xaf, 0x9e, 0x50, 0xfe, 0xae, 0x9f, 0x50, 0xfe, 0xae, 0x9e, 0x50, 0xfe,
    0xae, 0x9f, 0x50, 0xfe, 0xad, 0x9e, 0x4f, 0xfe, 0xad, 0x9e, 0x50, 0xfe, 0xad, 0x9d, 0x4f, 0xfe,
    0xac, 0x9e, 0x4f, 0xfe, 0xad, 0x9e, 0x4f, 0xfe, 0xad, 0x9e, 0x51, 0xfe, 0xad, 0x9f, 0x50, 0xfe,
    0xad, 0x9f, 0x51, 0xfe, 0xad, 0x9e, 0x52, 0xfe, 0xad, 0x9f, 0x51, 0xfe, 0xad, 0x9e, 0x50, 0xfe,
    0xac, 0x9d, 0x50, 0xfe, 0xac, 0x9d, 0x50, 0xfe, 0xac, 0x9d, 0x4f, 0xfe, 0xac, 0x9d, 0x50, 0xfe,
    0xac, 0x9d, 0x50, 0xfe, 0xac, 0x9d, 0x50, 0xfe, 0xac, 0x9e, 0x50, 0xfe, 0xac, 0x9d, 0x50, 0xfe,
    0xac, 0x9d, 0x4f, 0xfe, 0xac, 0x9d, 0x50, 0xfe, 0xac, 0x9e, 0x50, 0xfe, 0xad, 0x9e, 0x50, 0xfe,
    0xad, 0x9e, 0x51, 0xfe, 0xad, 0x9f, 0x51, 0xfe, 0xad, 0x9e, 0x52, 0xfe, 0xad, 0x9f, 0x51, 0xfe,
    0xad, 0x9e, 0x51, 0xfe, 0xad, 0x9f, 0x52, 0xfe, 0xae, 0x9f, 0x52, 0xfe, 0xae, 0xa0, 0x52, 0xfe,
    0xaf, 0x9f, 0x52, 0xfe, 0xb1, 0xa0, 0x4f, 0xfd, 0xb1, 0xa1, 0x4f, 0xfa, 0xb9, 0xa7, 0x52, 0xfd,
    0xaf, 0x9f, 0x4e, 0xc0, 0x00, 0x00, 0x00, 0x00, 0xaa, 0xaa, 0x55, 0x03, 0x00, 0x00, 0x00, 0x00,
    0x00, 0x00, 0x00, 0x00, 0x00, 0x00, 0x00, 0x00, 0x00, 0x00, 0x00, 0x00, 0x00, 0x00, 0x00, 0x00,
    0x00, 0x00, 0x00, 0x00, 0x00, 0x00, 0x00, 0x00, 0x00, 0x00, 0x00, 0x00, 0x00, 0x00, 0x00, 0x00,
    0x00, 0x00, 0x00, 0x00, 0x00, 0x00, 0x00, 0x00, 0xaa, 0xaa, 0x55, 0x03, 0xff, 0xff, 0x00, 0x01,
    0xaf, 0x9f, 0x4f, 0x10, 0xb0, 0xa1, 0x53, 0xca, 0xb7, 0xa7, 0x54, 0xff, 0xad, 0x9e, 0x51, 0xfa,
    0xad, 0x9e, 0x52, 0xfe, 0xac, 0x9d, 0x4f, 0xfe, 0xac, 0x9d, 0x50, 0xfe, 0xac, 0x9d, 0x50, 0xfe,
    0xac, 0x9d, 0x50, 0xfe, 0xac, 0x9d, 0x4f, 0xfe, 0xac, 0x9d, 0x4f, 0xfe, 0xac, 0x9d, 0x50, 0xfe,
    0xac, 0x9d, 0x50, 0xfe, 0xac, 0x9d, 0x50, 0xfe, 0xac, 0x9d, 0x4f, 0xfe, 0xac, 0x9d, 0x4f, 0xfe,
    0xac, 0x9d, 0x50, 0xfe, 0xac, 0x9d, 0x50, 0xfe, 0xac, 0x9d, 0x4f, 0xfe, 0xab, 0x9c, 0x4f, 0xfe,
    0xab, 0x9c, 0x4f, 0xfe, 0xac, 0x9d, 0x50, 0xfe, 0xac, 0x9d, 0x51, 0xfe, 0xac, 0x9d, 0x51, 0xfe,
    0xac, 0x9d, 0x50, 0xfe, 0xad, 0x9d, 0x4f, 0xfe, 0xaf, 0x9e, 0x4e, 0xfc, 0xaf, 0x9f, 0x4e, 0xfb,
    0xae, 0x9e, 0x4d, 0xf8, 0xb1, 0x9b, 0x4d, 0x24, 0x00, 0x00, 0x00, 0x00, 0x7f, 0x7f, 0x7f, 0x02,
    0x00, 0x00, 0x00, 0x00, 0x00, 0x00, 0x00, 0x00, 0x00, 0x00, 0x00, 0x00, 0x00, 0x00, 0x00, 0x00,
    0x00, 0x00, 0x00, 0x00, 0x00, 0x00, 0x00, 0x00, 0x00, 0x00, 0x00, 0x00, 0x00, 0x00, 0x00, 0x00,
    0x00, 0x00, 0x00, 0x00, 0x00, 0x00, 0x00, 0x00, 0x00, 0x00, 0x00, 0x00, 0x00, 0x00, 0x00, 0x00,
    0x00, 0x00, 0x00, 0x00, 0x00, 0x00, 0x00, 0x00, 0x00, 0x00, 0x00, 0x00, 0x00, 0x00, 0x00, 0x00,
    0x00, 0x00, 0x00, 0x00, 0x00, 0x00, 0x00, 0x00, 0x00, 0x00, 0x00, 0x00, 0x00, 0x00, 0x00, 0x00,
    0x00, 0x00, 0x00, 0x00, 0x00, 0x00, 0x00, 0x00, 0x00, 0x00, 0x00, 0x00, 0x00, 0x00, 0x00, 0x00,
    0x00, 0x00, 0x00, 0x00, 0x00, 0x00, 0x00, 0x00, 0x00, 0x00, 0x00, 0x00, 0x00, 0x00, 0x00, 0x00,
    0x00, 0x00, 0x00, 0x00, 0x00, 0x00, 0x00, 0x00, 0x00, 0x00, 0x00, 0x00, 0x00, 0x00, 0x00, 0x00,
    0x00, 0x00, 0x00, 0x00, 0x00, 0x00, 0x00, 0x00, 0x00, 0x00, 0x00, 0x00, 0x00, 0x00, 0x00, 0x00,
    0x00, 0x00, 0x00, 0x00, 0x00, 0x00, 0x00, 0x00, 0x00, 0x00, 0x00, 0x00, 0x00, 0x00, 0x00, 0x00,
    0x00, 0x00, 0x00, 0x00, 0x00, 0x00, 0x00, 0x00, 0x00, 0x00, 0x00, 0x00, 0x00, 0x00, 0x00, 0x00,
    0x00, 0x00, 0x00, 0x00, 0xaa, 0x55, 0x55, 0x03, 0x00, 0x00, 0x00, 0x00, 0xad, 0x9c, 0x4f, 0xa0,
    0xbc, 0xab, 0x55, 0xff, 0xaf, 0x9d, 0x4e, 0xf7, 0xae, 0x9f, 0x50, 0xfd, 0xad, 0x9f, 0x50, 0xfe,
    0xad, 0x9f, 0x51, 0xfe, 0xad, 0x9e, 0x51, 0xfe, 0xad, 0x9f, 0x51, 0xfe, 0xad, 0x9e, 0x52, 0xfe,
    0xad, 0x9e, 0x51, 0xfe, 0xad, 0x9e, 0x51, 0xfe, 0xad, 0x9f, 0x51, 0xfe, 0xad, 0x9f, 0x50, 0xfe,
    0xaf, 0xa0, 0x50, 0xfd, 0xae, 0x9e, 0x4f, 0xfe, 0xad, 0x9d, 0x4f, 0xfe, 0xad, 0x9d, 0x4f, 0xfe,
    0xad, 0x9f, 0x50, 0xfe, 0xad, 0x9d, 0x50, 0xfe, 0xad, 0x9d, 0x4f, 0xfe, 0xab, 0x9d, 0x4e, 0xfe,
    0xac, 0x9d, 0x4f, 0xfe, 0xac, 0x9d, 0x50, 0xfe, 0xac, 0x9d, 0x4f, 0xfe, 0xac, 0x9d, 0x4f, 0xfe,
    0xab, 0x9d, 0x4f, 0xfe, 0xac, 0x9d, 0x50, 0xfe, 0xad, 0x9e, 0x51, 0xfe, 0xad, 0x9e, 0x50, 0xfe,
    0xad, 0x9f, 0x51, 0xfe, 0xac, 0x9d, 0x50, 0xfe, 0xac, 0x9d, 0x4f, 0xfe, 0xac, 0x9d, 0x4f, 0xfe,
    0xac, 0x9d, 0x50, 0xfe, 0xac, 0x9d, 0x50, 0xfe, 0xac, 0x9d, 0x50, 0xfe, 0xac, 0x9d, 0x4f, 0xfe,
    0xac, 0x9d, 0x50, 0xfe, 0xac, 0x9d, 0x4f, 0xfe, 0xac, 0x9d, 0x50, 0xfe, 0xac, 0x9d, 0x50, 0xfe,
    0xac, 0x9d, 0x4f, 0xfe, 0xad, 0x9f, 0x4f, 0xfe, 0xad, 0x9f, 0x51, 0xfe, 0xad, 0x9e, 0x51, 0xfe,
    0xac, 0x9e, 0x50, 0xfe, 0xac, 0x9e, 0x50, 0xfe, 0xad, 0x9f, 0x51, 0xfe, 0xad, 0x9e, 0x51, 0xfe,
    0xad, 0x9f, 0x51, 0xfe, 0xae, 0x9f, 0x53, 0xfe, 0xaf, 0xa0, 0x51, 0xfe, 0xb1, 0xa0, 0x4f, 0xfd,
    0xaf, 0x9e, 0x4e, 0xf7, 0xbd, 0xac, 0x55, 0xff, 0xae, 0x9d, 0x50, 0x7b, 0x00, 0x00, 0x00, 0x00,
    0xbf, 0xbf, 0x3f, 0x04, 0x00, 0x00, 0x00, 0x00, 0x00, 0x00, 0x00, 0x00, 0x00, 0x00, 0x00, 0x00,
    0x00, 0x00, 0x00, 0x00, 0x00, 0x00, 0x00, 0x00, 0x00, 0x00, 0x00, 0x00, 0x00, 0x00, 0x00, 0x00,
    0x00, 0x00, 0x00, 0x00, 0x00, 0x00, 0x00, 0x00, 0x00, 0x00, 0x00, 0x00, 0x00, 0x00, 0x00, 0x00,
    0x00, 0x00, 0x00, 0x00, 0xaa, 0xaa, 0x55, 0x03, 0x00, 0x00, 0x00, 0x00, 0xb6, 0x9d, 0x55, 0x15,
    0xb2, 0xa1, 0x51, 0xd5, 0xb8, 0xa8, 0x53, 0xff, 0xac, 0x9d, 0x4f, 0xf9, 0xad, 0x9e, 0x50, 0xfd,
    0xac, 0x9d, 0x50, 0xfe, 0xac, 0x9d, 0x50, 0xfe, 0xac, 0x9d, 0x4f, 0xfe, 0xac, 0x9d, 0x50, 0xfe,
    0xab, 0x9c, 0x4f, 0xfe, 0xaa, 0x9b, 0x4f, 0xfe, 0xac, 0x9d, 0x4f, 0xfe, 0xab, 0x9c, 0x4f, 0xfe,
    0xab, 0x9c, 0x50, 0xfe, 0xab, 0x9c, 0x4f, 0xfe, 0xab, 0x9c, 0x4f, 0xfe, 0xab, 0x9c, 0x50, 0xfe,
    0xaa, 0x9b, 0x4f, 0xfe, 0xaa, 0x9b, 0x4f, 0xfe, 0xaa, 0x9c, 0x4e, 0xfe, 0xab, 0x9c, 0x4f, 0xfe,
    0xad, 0x9d, 0x4f, 0xfe, 0xac, 0x9d, 0x4f, 0xfe, 0xac, 0x9d, 0x50, 0xfe, 0xae, 0x9e, 0x4f, 0xfb,
    0xae, 0x9d, 0x4e, 0xf7, 0xbc, 0xab, 0x54, 0xff, 0xab, 0x9a, 0x4c, 0x8c, 0x00, 0x00, 0x00, 0x00,
    0xaa, 0xaa, 0x55, 0x03, 0x00, 0x00, 0x00, 0x00, 0x00, 0x00, 0x00, 0x00, 0x00, 0x00, 0x00, 0x00,
    0x00, 0x00, 0x00, 0x00, 0x00, 0x00, 0x00, 0x00, 0x00, 0x00, 0x00, 0x00, 0x00, 0x00, 0x00, 0x00,
    0x00, 0x00, 0x00, 0x00, 0x00, 0x00, 0x00, 0x00, 0x00, 0x00, 0x00, 0x00, 0x00, 0x00, 0x00, 0x00,
    0x00, 0x00, 0x00, 0x00, 0x00, 0x00, 0x00, 0x00, 0x00, 0x00, 0x00, 0x00, 0x00, 0x00, 0x00, 0x00,
    0x00, 0x00, 0x00, 0x00, 0x00, 0x00, 0x00, 0x00, 0x00, 0x00, 0x00, 0x00, 0x00, 0x00, 0x00, 0x00,
    0x00, 0x00, 0x00, 0x00, 0x00, 0x00, 0x00, 0x00, 0x00, 0x00, 0x00, 0x00, 0x00, 0x00, 0x00, 0x00,
    0x00, 0x00, 0x00, 0x00, 0x00, 0x00, 0x00, 0x00, 0x00, 0x00, 0x00, 0x00, 0x00, 0x00, 0x00, 0x00,
    0x00, 0x00, 0x00, 0x00, 0x00, 0x00, 0x00, 0x00, 0x00, 0x00, 0x00, 0x00, 0x00, 0x00, 0x00, 0x00,
    0x00, 0x00, 0x00, 0x00, 0x00, 0x00, 0x00, 0x00, 0x00, 0x00, 0x00, 0x00, 0x00, 0x00, 0x00, 0x00,
    0x00, 0x00, 0x00, 0x00, 0x00, 0x00, 0x00, 0x00, 0x00, 0x00, 0x00, 0x00, 0x00, 0x00, 0x00, 0x00,
    0x00, 0x00, 0x00, 0x00, 0x00, 0x00, 0x00, 0x00, 0x00, 0x00, 0x00, 0x00, 0x00, 0x00, 0x00, 0x00,
    0x00, 0x00, 0x00, 0x00, 0x00, 0x00, 0x00, 0x00, 0x00, 0x00, 0x00, 0x00, 0xff, 0xff, 0x00, 0x01,
    0x7f, 0x7f, 0x7f, 0x02, 0xaa, 0x99, 0x55, 0x0f, 0xb1, 0xa0, 0x51, 0xc0, 0xbd, 0xab, 0x55, 0xff,
    0xb0, 0xa0, 0x50, 0xff, 0xad, 0x9e, 0x50, 0xfb, 0xad, 0x9e, 0x51, 0xfa, 0xad, 0x9e, 0x50, 0xfa,
    0xad, 0x9e, 0x50, 0xfa, 0xad, 0x9f, 0x50, 0xfa, 0xae, 0x9f, 0x4f, 0xfa, 0xae, 0x9e, 0x4f, 0xfa,
    0xae, 0x9f, 0x4f, 0xf9, 0xaf, 0x9e, 0x4e, 0xf9, 0xb0, 0x9f, 0x4e, 0xf9, 0xaf, 0x9e, 0x4f, 0xf9,
    0xad, 0x9e, 0x4e, 0xfa, 0xad, 0x9e, 0x4e, 0xfa, 0xac, 0x9e, 0x4f, 0xfa, 0xab, 0x9c, 0x4f, 0xfa,
    0xab, 0x9d, 0x4e, 0xfa, 0xab, 0x9d, 0x4e, 0xfa, 0xab, 0x9c, 0x4f, 0xfa, 0xab, 0x9d, 0x4e, 0xfa,
    0xad, 0x9e, 0x4e, 0xfa, 0xad, 0x9d, 0x4f, 0xfa, 0xab, 0x9c, 0x4e, 0xfa, 0xac, 0x9d, 0x4e, 0xfa,
    0xad, 0x9e, 0x4f, 0xfa, 0xad, 0xa0, 0x4f, 0xfa, 0xaf, 0xa0, 0x50, 0xfa, 0xaf, 0x9e, 0x4f, 0xf9,
    0xae, 0x9e, 0x4e, 0xf9, 0xae, 0x9e, 0x4e, 0xf9, 0xac, 0x9e, 0x4f, 0xfa, 0xac, 0x9d, 0x50, 0xfa,
    0xac, 0x9d, 0x50, 0xfa, 0xac, 0x9d, 0x4f, 0xfa, 0xac, 0x9e, 0x4f, 0xfa, 0xab, 0x9d, 0x4e, 0xfa,
    0xae, 0x9e, 0x4f, 0xfa, 0xac, 0x9d, 0x4e, 0xfa, 0xac, 0x9e, 0x4f, 0xfa, 0xad, 0x9f, 0x4f, 0xfa,
    0xae, 0x9f, 0x4f, 0xfa, 0xad, 0x9e, 0x51, 0xfa, 0xac, 0x9e, 0x50, 0xfa, 0xad, 0x9e, 0x50, 0xfa,
    0xad, 0x9f, 0x50, 0xfa, 0xae, 0xa0, 0x50, 0xfa, 0xae, 0xa0, 0x50, 0xfa, 0xae, 0xa0, 0x51, 0xfa,
    0xaf, 0xa0, 0x4f, 0xfa, 0xb0, 0x9f, 0x4e, 0xfc, 0xbc, 0xaa, 0x55, 0xff, 0xae, 0x9e, 0x50, 0xd1,
    0xa5, 0xa5, 0x4b, 0x11, 0x7f, 0x7f, 0x00, 0x02, 0x7f, 0x7f, 0x00, 0x02, 0x00, 0x00, 0x00, 0x00,
    0x00, 0x00, 0x00, 0x00, 0x00, 0x00, 0x00, 0x00, 0x00, 0x00, 0x00, 0x00, 0x00, 0x00, 0x00, 0x00,
    0x00, 0x00, 0x00, 0x00, 0x00, 0x00, 0x00, 0x00, 0x00, 0x00, 0x00, 0x00, 0x00, 0x00, 0x00, 0x00,
    0x00, 0x00, 0x00, 0x00, 0x00, 0x00, 0x00, 0x00, 0x00, 0x00, 0x00, 0x00, 0x00, 0x00, 0x00, 0x00,
    0xbf, 0xbf, 0x3f, 0x04, 0x00, 0x00, 0x00, 0x00, 0xac, 0x96, 0x52, 0x22, 0xb0, 0xa1, 0x50, 0xd7,
    0xb9, 0xa9, 0x54, 0xff, 0xad, 0x9e, 0x4f, 0xff, 0xac, 0x9d, 0x50, 0xfb, 0xad, 0x9e, 0x4f, 0xfa,
    0xad, 0x9e, 0x4e, 0xfa, 0xac, 0x9d, 0x4e, 0xfa, 0xad, 0x9e, 0x4f, 0xfa, 0xab, 0x9c, 0x4e, 0xfa,
    0xab, 0x9d, 0x4e, 0xfa, 0xab, 0x9c, 0x4f, 0xfa, 0xab, 0x9c, 0x4f, 0xfa, 0xaa, 0x9c, 0x4e, 0xfa,
    0xaa, 0x9c, 0x4f, 0xfa, 0xaa, 0x9c, 0x4d, 0xfa, 0xaa, 0x9b, 0x4f, 0xfa, 0xab, 0x9d, 0x4e, 0xfa,
    0xac, 0x9d, 0x4d, 0xf9, 0xad, 0x9d, 0x4d, 0xf9, 0xaf, 0x9e, 0x4e, 0xf9, 0xae, 0x9e, 0x4e, 0xfa,
    0xad, 0x9d, 0x4e, 0xfb, 0xb0, 0xa0, 0x50, 0xff, 0xbb, 0xa9, 0x53, 0xff, 0xad, 0x9c, 0x4f, 0xb0,
    0x9f, 0x9f, 0x5f, 0x08, 0xaa, 0x55, 0x55, 0x03, 0xff, 0x00, 0x00, 0x01, 0x00, 0x00, 0x00, 0x00,
    0x00, 0x00, 0x00, 0x00, 0x00, 0x00, 0x00, 0x00, 0x00, 0x00, 0x00, 0x00, 0x00, 0x00, 0x00, 0x00,
    0x00, 0x00, 0x00, 0x00, 0x00, 0x00, 0x00, 0x00, 0x00, 0x00, 0x00, 0x00, 0x00, 0x00, 0x00, 0x00,
    0x00, 0x00, 0x00, 0x00, 0x00, 0x00, 0x00, 0x00, 0x00, 0x00, 0x00, 0x00, 0x00, 0x00, 0x00, 0x00,
    0x00, 0x00, 0x00, 0x00, 0x00, 0x00, 0x00, 0x00, 0x00, 0x00, 0x00, 0x00, 0x00, 0x00, 0x00, 0x00,
    0x00, 0x00, 0x00, 0x00, 0x00, 0x00, 0x00, 0x00, 0x00, 0x00, 0x00, 0x00, 0x00, 0x00, 0x00, 0x00,
    0x00, 0x00, 0x00, 0x00, 0x00, 0x00, 0x00, 0x00, 0x00, 0x00, 0x00, 0x00, 0x00, 0x00, 0x00, 0x00,
    0x00, 0x00, 0x00, 0x00, 0x00, 0x00, 0x00, 0x00, 0x00, 0x00, 0x00, 0x00, 0x00, 0x00, 0x00, 0x00,
    0x00, 0x00, 0x00, 0x00, 0x00, 0x00, 0x00, 0x00, 0x00, 0x00, 0x00, 0x00, 0x00, 0x00, 0x00, 0x00,
    0x00, 0x00, 0x00, 0x00, 0x00, 0x00, 0x00, 0x00, 0x00, 0x00, 0x00, 0x00, 0x00, 0x00, 0x00, 0x00,
    0x00, 0x00, 0x00, 0x00, 0x00, 0x00, 0x00, 0x00, 0x00, 0x00, 0x00, 0x00, 0x00, 0x00, 0x00, 0x00,
    0x00, 0x00, 0x00, 0x00, 0x00, 0x00, 0x00, 0x00, 0x00, 0x00, 0x00, 0x00, 0x00, 0x00, 0x00, 0x00,
    0x00, 0x00, 0x00, 0x00, 0x00, 0x00, 0x00, 0x00, 0xff, 0xff, 0x00, 0x01, 0x00, 0x00, 0x00, 0x00,
    0xbf, 0x9f, 0x3f, 0x08, 0xae, 0x9f, 0x50, 0x88, 0xb1, 0xa1, 0x4f, 0xe9, 0xb4, 0xa5, 0x53, 0xff,
    0xb7, 0xa7, 0x55, 0xff, 0xb7, 0xa7, 0x55, 0xff, 0xb7, 0xa7, 0x53, 0xff, 0xb8, 0xa8, 0x53, 0xff,
    0xb8, 0xa7, 0x53, 0xff, 0xb7, 0xa6, 0x52, 0xff, 0xb6, 0xa6, 0x52, 0xff, 0xb6, 0xa7, 0x53, 0xff,
    0xb7, 0xa7, 0x53, 0xff, 0xb6, 0xa6, 0x52, 0xff, 0xb7, 0xa7, 0x53, 0xff, 0xb6, 0xa7, 0x52, 0xff,
    0xb6, 0xa6, 0x53, 0xff, 0xb4, 0xa5, 0x52, 0xff, 0xb5, 0xa6, 0x51, 0xff, 0xb5, 0xa6, 0x52, 0xff,
    0xb5, 0xa6, 0x52, 0xff, 0xb5, 0xa6, 0x52, 0xff, 0xb6, 0xa6, 0x52, 0xff, 0xb6, 0xa6, 0x52, 0xff,
    0xb5, 0xa6, 0x52, 0xff, 0xb5, 0xa6, 0x52, 0xff, 0xb6, 0xa7, 0x53, 0xff, 0xb7, 0xa7, 0x53, 0xff,
    0xb7, 0xa7, 0x53, 0xff, 0xb7, 0xa7, 0x53, 0xff, 0xb5, 0xa6, 0x52, 0xff, 0xb5, 0xa6, 0x52, 0xff,
    0xb5, 0xa6, 0x52, 0xff, 0xb5, 0xa5, 0x53, 0xff, 0xb5, 0xa5, 0x54, 0xff, 0xb5, 0xa6, 0x53, 0xff,
    0xb5, 0xa6, 0x52, 0xff, 0xb5, 0xa6, 0x52, 0xff, 0xb5, 0xa6, 0x52, 0xff, 0xb7, 0xa7, 0x53, 0xff,
    0xb7, 0xa7, 0x53, 0xff, 0xb7, 0xa7, 0x53, 0xff, 0xb6, 0xa6, 0x53, 0xff, 0xb6, 0xa6, 0x54, 0xff,
    0xb6, 0xa6, 0x54, 0xff, 0xb5, 0xa6, 0x53, 0xff, 0xb6, 0xa6, 0x53, 0xff, 0xb7, 0xa8, 0x54, 0xff,
    0xb8, 0xa8, 0x53, 0xff, 0xb8, 0xa8, 0x53, 0xff, 0xb7, 0xa8, 0x53, 0xff, 0xb3, 0xa1, 0x4e, 0xfc,
    0xae, 0x9e, 0x50, 0xaf, 0xa6, 0x9b, 0x4d, 0x17, 0x00, 0x00, 0x00, 0x00, 0x7f, 0x7f, 0x00, 0x02,
    0x00, 0x00, 0x00, 0x00, 0x00, 0x00, 0x00, 0x00, 0x00, 0x00, 0x00, 0x00, 0x00, 0x00, 0x00, 0x00,
    0x00, 0x00, 0x00, 0x00, 0x00, 0x00, 0x00, 0x00, 0x00, 0x00, 0x00, 0x00, 0x00, 0x00, 0x00, 0x00,
    0x00, 0x00, 0x00, 0x00, 0x00, 0x00, 0x00, 0x00, 0x00, 0x00, 0x00, 0x00, 0x00, 0x00, 0x00, 0x00,
    0x00, 0x00, 0x00, 0x00, 0x00, 0x00, 0x00, 0x00, 0x00, 0x00, 0x00, 0x00, 0xaa, 0xaa, 0x55, 0x03,
    0x00, 0x00, 0x00, 0x00, 0xaa, 0x9b, 0x55, 0x12, 0xae, 0x9f, 0x50, 0x95, 0xae, 0xa0, 0x50, 0xee,
    0xb4, 0xa5, 0x52, 0xff, 0xb6, 0xa7, 0x53, 0xff, 0xb6, 0xa6, 0x52, 0xff, 0xb6, 0xa6, 0x52, 0xff,
    0xb8, 0xa6, 0x52, 0xff, 0xb7, 0xa6, 0x51, 0xff, 0xb4, 0xa5, 0x50, 0xff, 0xb4, 0xa5, 0x51, 0xff,
    0xb5, 0xa5, 0x52, 0xff, 0xb4, 0xa5, 0x50, 0xff, 0xb4, 0xa5, 0x51, 0xff, 0xb4, 0xa4, 0x51, 0xff,
    0xb4, 0xa5, 0x50, 0xff, 0xb4, 0xa5, 0x50, 0xff, 0xb4, 0xa5, 0x51, 0xff, 0xb5, 0xa5, 0x51, 0xff,
    0xb5, 0xa5, 0x51, 0xff, 0xb6, 0xa6, 0x52, 0xff, 0xb1, 0xa1, 0x4f, 0xff, 0xad, 0x9f, 0x4e, 0xdd,
    0xac, 0x9d, 0x4d, 0x73, 0x7f, 0x7f, 0x7f, 0x02, 0x01, 0x00, 0x00, 0x00, 0xff, 0x00, 0x00, 0x01,
    0x00, 0x00, 0x00, 0x00, 0x00, 0x00, 0x00, 0x00, 0x00, 0x00, 0x00, 0x00, 0x00, 0x00, 0x00, 0x00,
    0x00, 0x00, 0x00, 0x00, 0x00, 0x00, 0x00, 0x00, 0x00, 0x00, 0x00, 0x00, 0x00, 0x00, 0x00, 0x00,
    0x00, 0x00, 0x00, 0x00, 0x00, 0x00, 0x00, 0x00, 0x00, 0x00, 0x00, 0x00, 0x00, 0x00, 0x00, 0x00,
    0x00, 0x00, 0x00, 0x00, 0x00, 0x00, 0x00, 0x00, 0x00, 0x00, 0x00, 0x00, 0x00, 0x00, 0x00, 0x00,
    0x00, 0x00, 0x00, 0x00, 0x00, 0x00, 0x00, 0x00, 0x00, 0x00, 0x00, 0x00, 0x00, 0x00, 0x00, 0x00,
    0x00, 0x00, 0x00, 0x00, 0x00, 0x00, 0x00, 0x00, 0x00, 0x00, 0x00, 0x00, 0x00, 0x00, 0x00, 0x00,
    0x00, 0x00, 0x00, 0x00, 0x00, 0x00, 0x00, 0x00, 0x00, 0x00, 0x00, 0x00, 0x00, 0x00, 0x00, 0x00,
    0x00, 0x00, 0x00, 0x00, 0x00, 0x00, 0x00, 0x00, 0x00, 0x00, 0x00, 0x00, 0x00, 0x00, 0x00, 0x00,
    0x00, 0x00, 0x00, 0x00, 0x00, 0x00, 0x00, 0x00, 0x00, 0x00, 0x00, 0x00, 0x00, 0x00, 0x00, 0x00,
    0x00, 0x00, 0x00, 0x00, 0x00, 0x00, 0x00, 0x00, 0x00, 0x00, 0x00, 0x00, 0x00, 0x00, 0x00, 0x00,
    0x00, 0x00, 0x00, 0x00, 0x00, 0x00, 0x00, 0x00, 0x00, 0x00, 0x00, 0x00, 0x00, 0x00, 0x00, 0x00,
    0x00, 0x00, 0x00, 0x00, 0x00, 0x00, 0x00, 0x00, 0x00, 0x00, 0x00, 0x00, 0x00, 0x00, 0x00, 0x00,
    0x00, 0x00, 0x00, 0x00, 0xff, 0xff, 0x00, 0x01, 0x00, 0x00, 0x00, 0x00, 0x00, 0x00, 0x00, 0x00,
    0xaa, 0x9d, 0x55, 0x15, 0xac, 0x9e, 0x4f, 0x4d, 0xad, 0x9e, 0x51, 0x6a, 0xa9, 0x9b, 0x51, 0x6e,
    0xaa, 0x9e, 0x4d, 0x6c, 0xad, 0x9d, 0x51, 0x6b, 0xac, 0x9b, 0x50, 0x6c, 0xac, 0x9b, 0x50, 0x6c,
    0xaa, 0x9c, 0x4f, 0x6a, 0xa9, 0x9d, 0x4e, 0x6b, 0xaa, 0x9c, 0x4f, 0x6a, 0xaa, 0x9b, 0x4f, 0x67,
    0xaa, 0x9b, 0x4c, 0x67, 0xaa, 0x9b, 0x4c, 0x67, 0xa9, 0x9c, 0x4e, 0x65, 0xa9, 0x9c, 0x4e, 0x68,
    0xa9, 0x9d, 0x4e, 0x6b, 0xab, 0x9c, 0x4e, 0x68, 0xab, 0x9c, 0x4e, 0x65, 0xa9, 0x9c, 0x4e, 0x65,
    0xaa, 0x9b, 0x4d, 0x66, 0xaa, 0x9e, 0x4f, 0x64, 0xac, 0x9d, 0x50, 0x66, 0xaa, 0x9b, 0x4d, 0x66,
    0xab, 0x9c, 0x4e, 0x65, 0xaa, 0x9d, 0x4d, 0x63, 0xa9, 0x9a, 0x4e, 0x65, 0xa8, 0x9b, 0x4c, 0x64,
    0xaa, 0x9e, 0x4c, 0x64, 0xa9, 0x9a, 0x4e, 0x65, 0xaa, 0x9d, 0x51, 0x61, 0xac, 0x9d, 0x4f, 0x63,
    0xab, 0x9a, 0x50, 0x65, 0xaa, 0x9d, 0x4f, 0x63, 0xa9, 0x9c, 0x4e, 0x65, 0xaa, 0x9b, 0x4f, 0x64,
    0xa9, 0x9c, 0x50, 0x62, 0xac, 0x9d, 0x4f, 0x63, 0xab, 0x9c, 0x50, 0x65, 0xad, 0x9b, 0x4f, 0x64,
    0xa8, 0x9b, 0x4f, 0x64, 0xab, 0x9c, 0x50, 0x65, 0xac, 0x9d, 0x4f, 0x63, 0xa9, 0x9c, 0x4e, 0x62,
    0xaa, 0x9d, 0x4e, 0x61, 0xaa, 0x9b, 0x4f, 0x64, 0xaa, 0x9e, 0x4f, 0x64, 0xac, 0x9d, 0x4f, 0x63,
    0xaf, 0x9f, 0x52, 0x5d, 0xaf, 0x9f, 0x4f, 0x30, 0x00, 0x00, 0x00, 0x00, 0x00, 0x00, 0x00, 0x00,
    0x7f, 0x7f, 0x00, 0x02, 0x00, 0x00, 0x00, 0x00, 0x00, 0x00, 0x00, 0x00, 0x00, 0x00, 0x00, 0x00,
    0x00, 0x00, 0x00, 0x00, 0x00, 0x00, 0x00, 0x00, 0x00, 0x00, 0x00, 0x00, 0x00, 0x00, 0x00, 0x00,
    0x00, 0x00, 0x00, 0x00, 0x00, 0x00, 0x00, 0x00, 0x00, 0x00, 0x00, 0x00, 0x00, 0x00, 0x00, 0x00,
    0x00, 0x00, 0x00, 0x00, 0x00, 0x00, 0x00, 0x00, 0x00, 0x00, 0x00, 0x00, 0x00, 0x00, 0x00, 0x00,
    0x00, 0x00, 0x00, 0x00, 0x00, 0x00, 0x00, 0x00, 0xaa, 0xaa, 0x55, 0x03, 0x00, 0x00, 0x00, 0x00,
    0x00, 0x00, 0x00, 0x00, 0xb3, 0xa0, 0x55, 0x1b, 0xad, 0xa0, 0x51, 0x4e, 0xaa, 0x9d, 0x4d, 0x66,
    0xab, 0x9d, 0x4e, 0x6b, 0xaa, 0x9c, 0x4f, 0x6a, 0xac, 0x9b, 0x4d, 0x6c, 0xab, 0x9d, 0x4e, 0x6b,
    0xa9, 0x9a, 0x4c, 0x6b, 0xa7, 0x9b, 0x4d, 0x69, 0xa9, 0x9a, 0x4e, 0x6b, 0xaa, 0x9c, 0x4c, 0x6a,
    0xa8, 0x99, 0x4c, 0x6a, 0xa8, 0x99, 0x4c, 0x6a, 0xa7, 0x9b, 0x4b, 0x69, 0xa8, 0x99, 0x4c, 0x6a,
    0xa8, 0x99, 0x4c, 0x6a, 0xa7, 0x9b, 0x4b, 0x69, 0xa7, 0x9b, 0x4b, 0x69, 0xaa, 0x9b, 0x4f, 0x64,
    0xad, 0x9e, 0x51, 0x42, 0xaa, 0x94, 0x55, 0x0c, 0x00, 0x00, 0x00, 0x00, 0xff, 0x00, 0x00, 0x01,
    0xff, 0x00, 0x00, 0x01, 0x00, 0x00, 0x00, 0x00, 0x00, 0x00, 0x00, 0x00, 0x00, 0x00, 0x00, 0x00,
    0x00, 0x00, 0x00, 0x00, 0x00, 0x00, 0x00, 0x00, 0x00, 0x00, 0x00, 0x00, 0x00, 0x00, 0x00, 0x00,
    0x00, 0x00, 0x00, 0x00, 0x00, 0x00, 0x00, 0x00, 0x00, 0x00, 0x00, 0x00, 0x00, 0x00, 0x00, 0x00,
    0x00, 0x00, 0x00, 0x00, 0x00, 0x00, 0x00, 0x00, 0x00, 0x00, 0x00, 0x00, 0x00, 0x00, 0x00, 0x00,
    0x00, 0x00, 0x00, 0x00, 0x00, 0x00, 0x00, 0x00, 0x00, 0x00, 0x00, 0x00, 0x00, 0x00, 0x00, 0x00,
    0x00, 0x00, 0x00, 0x00, 0x00, 0x00, 0x00, 0x00, 0x00, 0x00, 0x00, 0x00, 0x00, 0x00, 0x00, 0x00,
    0x00, 0x00, 0x00, 0x00, 0x00, 0x00, 0x00, 0x00, 0x00, 0x00, 0x00, 0x00, 0x00, 0x00, 0x00, 0x00,
    0x00, 0x00, 0x00, 0x00, 0x00, 0x00, 0x00, 0x00, 0x00, 0x00, 0x00, 0x00, 0x00, 0x00, 0x00, 0x00,
    0x00, 0x00, 0x00, 0x00, 0x00, 0x00, 0x00, 0x00, 0x00, 0x00, 0x00, 0x00, 0x00, 0x00, 0x00, 0x00,
    0x00, 0x00, 0x00, 0x00, 0x00, 0x00, 0x00, 0x00, 0x00, 0x00, 0x00, 0x00, 0x00, 0x00, 0x00, 0x00,
    0x00, 0x00, 0x00, 0x00, 0x00, 0x00, 0x00, 0x00, 0x00, 0x00, 0x00, 0x00, 0x00, 0x00, 0x00, 0x00,
    0x00, 0x00, 0x00, 0x00, 0x00, 0x00, 0x00, 0x00, 0x00, 0x00, 0x00, 0x00, 0x00, 0x00, 0x00, 0x00,
    0x00, 0x00, 0x00, 0x00, 0x00, 0x00, 0x00, 0x00, 0x00, 0x00, 0x00, 0x00, 0x00, 0x00, 0x00, 0x00,
    0xff, 0x00, 0x00, 0x01, 0xaa, 0xaa, 0x55, 0x03, 0x00, 0x00, 0x00, 0x00, 0x00, 0x00, 0x00, 0x00,
    0x00, 0x00, 0x00, 0x00, 0x00, 0x00, 0x00, 0x00, 0x00, 0x00, 0x00, 0x00, 0x00, 0x00, 0x00, 0x00,
    0x00, 0x00, 0x00, 0x00, 0x00, 0x00, 0x00, 0x00, 0x00, 0x00, 0x00, 0x00, 0x00, 0x00, 0x00, 0x00,
    0x00, 0x00, 0x00, 0x00, 0x00, 0x00, 0x00, 0x00, 0x00, 0x00, 0x00, 0x00, 0x00, 0x00, 0x00, 0x00,
    0x00, 0x00, 0x00, 0x00, 0x00, 0x00, 0x00, 0x00, 0x00, 0x00, 0x00, 0x00, 0x00, 0x00, 0x00, 0x00,
    0x00, 0x00, 0x00, 0x00, 0x00, 0x00, 0x00, 0x00, 0x00, 0x00, 0x00, 0x00, 0x00, 0x00, 0x00, 0x00,
    0x00, 0x00, 0x00, 0x00, 0x00, 0x00, 0x00, 0x00, 0x00, 0x00, 0x00, 0x00, 0x00, 0x00, 0x00, 0x00,
    0x00, 0x00, 0x00, 0x00, 0x00, 0x00, 0x00, 0x00, 0x00, 0x00, 0x00, 0x00, 0x00, 0x00, 0x00, 0x00,
    0x00, 0x00, 0x00, 0x00, 0x00, 0x00, 0x00, 0x00, 0x00, 0x00, 0x00, 0x00, 0x00, 0x00, 0x00, 0x00,
    0x00, 0x00, 0x00, 0x00, 0x00, 0x00, 0x00, 0x00, 0x00, 0x00, 0x00, 0x00, 0x00, 0x00, 0x00, 0x00,
    0x00, 0x00, 0x00, 0x00, 0x00, 0x00, 0x00, 0x00, 0x00, 0x00, 0x00, 0x00, 0x00, 0x00, 0x00, 0x00,
    0x00, 0x00, 0x00, 0x00, 0x00, 0x00, 0x00, 0x00, 0x00, 0x00, 0x00, 0x00, 0x00, 0x00, 0x00, 0x00,
    0x00, 0x00, 0x00, 0x00, 0x00, 0x00, 0x00, 0x00, 0x00, 0x00, 0x00, 0x00, 0x00, 0x00, 0x00, 0x00,
    0xff, 0xff, 0x7f, 0x02, 0xff, 0xff, 0x00, 0x01, 0x00, 0x00, 0x00, 0x00, 0x00, 0x00, 0x00, 0x00,
    0x00, 0x00, 0x00, 0x00, 0x00, 0x00, 0x00, 0x00, 0x00, 0x00, 0x00, 0x00, 0x00, 0x00, 0x00, 0x00,
    0x00, 0x00, 0x00, 0x00, 0x00, 0x00, 0x00, 0x00, 0x00, 0x00, 0x00, 0x00, 0x00, 0x00, 0x00, 0x00,
    0x00, 0x00, 0x00, 0x00, 0x00, 0x00, 0x00, 0x00, 0x00, 0x00, 0x00, 0x00, 0x00, 0x00, 0x00, 0x00,
    0x00, 0x00, 0x00, 0x00, 0x00, 0x00, 0x00, 0x00, 0x00, 0x00, 0x00, 0x00, 0x00, 0x00, 0x00, 0x00,
    0x00, 0x00, 0x00, 0x00, 0xff, 0xff, 0x00, 0x01, 0xff, 0xaa, 0x55, 0x03, 0x00, 0x00, 0x00, 0x00,
    0x00, 0x00, 0x00, 0x00, 0x00, 0x00, 0x00, 0x00, 0x00, 0x00, 0x00, 0x00, 0x00, 0x00, 0x00, 0x00,
    0x00, 0x00, 0x00, 0x00, 0x00, 0x00, 0x00, 0x00, 0x00, 0x00, 0x00, 0x00, 0x00, 0x00, 0x00, 0x00,
    0x00, 0x00, 0x00, 0x00, 0x00, 0x00, 0x00, 0x00, 0x00, 0x00, 0x00, 0x00, 0x00, 0x00, 0x00, 0x00,
    0x00, 0x00, 0x00, 0x00, 0x00, 0x00, 0x00, 0x00, 0x00, 0x00, 0x00, 0x00, 0x00, 0x00, 0x00, 0x00,
    0x00, 0x00, 0x00, 0x00, 0x00, 0x00, 0x00, 0x00, 0x00, 0x00, 0x00, 0x00, 0x00, 0x00, 0x00, 0x00,
    0xbf, 0x7f, 0x3f, 0x04, 0x00, 0x00, 0x00, 0x00, 0x00, 0x00, 0x00, 0x00, 0x00, 0x00, 0x00, 0x00,
    0x00, 0x00, 0x00, 0x00, 0x00, 0x00, 0x00, 0x00, 0x00, 0x00, 0x00, 0x00, 0x00, 0x00, 0x00, 0x00,
    0x00, 0x00, 0x00, 0x00, 0x00, 0x00, 0x00, 0x00, 0x00, 0x00, 0x00, 0x00, 0x00, 0x00, 0x00, 0x00,
    0x00, 0x00, 0x00, 0x00, 0x00, 0x00, 0x00, 0x00, 0x00, 0x00, 0x00, 0x00, 0x00, 0x00, 0x00, 0x00,
    0x00, 0x00, 0x00, 0x00, 0x00, 0x00, 0x00, 0x00, 0x00, 0x00, 0x00, 0x00, 0x00, 0x00, 0x00, 0x00,
    0x00, 0x00, 0x00, 0x00, 0x00, 0x00, 0x00, 0x00, 0x00, 0x00, 0x00, 0x00, 0x00, 0x00, 0x00, 0x00,
    0x00, 0x00, 0x00, 0x00, 0x00, 0x00, 0x00, 0x00, 0x00, 0x00, 0x00, 0x00, 0x00, 0x00, 0x00, 0x00,
    0x00, 0x00, 0x00, 0x00, 0x00, 0x00, 0x00, 0x00, 0x00, 0x00, 0x00, 0x00, 0x00, 0x00, 0x00, 0x00,
    0x00, 0x00, 0x00, 0x00, 0x00, 0x00, 0x00, 0x00, 0x00, 0x00, 0x00, 0x00, 0x00, 0x00, 0x00, 0x00,
    0x00, 0x00, 0x00, 0x00, 0x00, 0x00, 0x00, 0x00, 0x00, 0x00, 0x00, 0x00, 0x00, 0x00, 0x00, 0x00,
    0x00, 0x00, 0x00, 0x00, 0x00, 0x00, 0x00, 0x00, 0x00, 0x00, 0x00, 0x00, 0x00, 0x00, 0x00, 0x00,
    0x00, 0x00, 0x00, 0x00, 0x00, 0x00, 0x00, 0x00, 0x00, 0x00, 0x00, 0x00, 0x00, 0x00, 0x00, 0x00,
    0x00, 0x00, 0x00, 0x00, 0x00, 0x00, 0x00, 0x00, 0x00, 0x00, 0x00, 0x00, 0x00, 0x00, 0x00, 0x00,
    0x00, 0x00, 0x00, 0x00, 0x00, 0x00, 0x00, 0x00, 0x00, 0x00, 0x00, 0x00, 0x00, 0x00, 0x00, 0x00,
    0xff, 0xff, 0x00, 0x01, 0xaa, 0xaa, 0x55, 0x03, 0xbf, 0x7f, 0x3f, 0x04, 0xbf, 0x7f, 0x3f, 0x04,
    0xbf, 0x7f, 0x3f, 0x04, 0x99, 0x99, 0x33, 0x05, 0x99, 0x99, 0x33, 0x05, 0xbf, 0xbf, 0x3f, 0x04,
    0xbf, 0xbf, 0x3f, 0x04, 0xbf, 0x7f, 0x3f, 0x04, 0xbf, 0x7f, 0x3f, 0x04, 0xbf, 0x7f, 0x3f, 0x04,
    0xbf, 0x7f, 0x3f, 0x04, 0xbf, 0x7f, 0x3f, 0x04, 0xbf, 0x7f, 0x3f, 0x04, 0xbf, 0xbf, 0x3f, 0x04,
    0xbf, 0xbf, 0x3f, 0x04, 0xbf, 0xbf, 0x3f, 0x04, 0xbf, 0xbf, 0x3f, 0x04, 0xbf, 0x7f, 0x3f, 0x04,
    0xbf, 0x7f, 0x3f, 0x04, 0xbf, 0xbf, 0x3f, 0x04, 0xbf, 0xbf, 0x3f, 0x04, 0xbf, 0xbf, 0x3f, 0x04,
    0x99, 0x99, 0x33, 0x05, 0xbf, 0xbf, 0x3f, 0x04, 0xbf, 0xbf, 0x3f, 0x04, 0xbf, 0xbf, 0x3f, 0x04,
    0xbf, 0xbf, 0x3f, 0x04, 0xbf, 0xbf, 0x3f, 0x04, 0xbf, 0x7f, 0x3f, 0x04, 0xbf, 0x7f, 0x3f, 0x04,
    0xbf, 0x7f, 0x3f, 0x04, 0x7f, 0x7f, 0x3f, 0x04, 0xbf, 0x7f, 0x3f, 0x04, 0xbf, 0x7f, 0x3f, 0x04,
    0xbf, 0x7f, 0x3f, 0x04, 0xbf, 0x7f, 0x3f, 0x04, 0xbf, 0xbf, 0x3f, 0x04, 0xbf, 0xbf, 0x3f, 0x04,
    0xbf, 0xbf, 0x3f, 0x04, 0xbf, 0xbf, 0x3f, 0x04, 0xbf, 0x7f, 0x3f, 0x04, 0xbf, 0xbf, 0x3f, 0x04,
    0xbf, 0xbf, 0x3f, 0x04, 0xbf, 0xbf, 0x3f, 0x04, 0xbf, 0xbf, 0x3f, 0x04, 0xbf, 0x7f, 0x3f, 0x04,
    0xbf, 0x7f, 0x3f, 0x04, 0x7f, 0x7f, 0x7f, 0x02, 0x00, 0x00, 0x00, 0x00, 0x00, 0x00, 0x00, 0x00,
    0x00, 0x00, 0x00, 0x00, 0x00, 0x00, 0x00, 0x00, 0x00, 0x00, 0x00, 0x00, 0x00, 0x00, 0x00, 0x00,
    0x00, 0x00, 0x00, 0x00, 0x00, 0x00, 0x00, 0x00, 0x00, 0x00, 0x00, 0x00, 0x00, 0x00, 0x00, 0x00,
    0x00, 0x00, 0x00, 0x00, 0x00, 0x00, 0x00, 0x00, 0x00, 0x00, 0x00, 0x00, 0x00, 0x00, 0x00, 0x00,
    0x00, 0x00, 0x00, 0x00, 0x00, 0x00, 0x00, 0x00, 0x00, 0x00, 0x00, 0x00, 0x00, 0x00, 0x00, 0x00,
    0x00, 0x00, 0x00, 0x00, 0x00, 0x00, 0x00, 0x00, 0x00, 0x00, 0x00, 0x00, 0x00, 0x00, 0x00, 0x00,
    0x00, 0x00, 0x00, 0x00, 0xff, 0xff, 0x00, 0x01, 0xaa, 0xaa, 0x55, 0x03, 0xbf, 0x7f, 0x3f, 0x04,
    0xbf, 0x7f, 0x3f, 0x04, 0xbf, 0x7f, 0x3f, 0x04, 0xbf, 0xbf, 0x3f, 0x04, 0xbf, 0xbf, 0x3f, 0x04,
    0x99, 0x99, 0x33, 0x05, 0xbf, 0xbf, 0x3f, 0x04, 0xbf, 0xbf, 0x3f, 0x04, 0xbf, 0xbf, 0x3f, 0x04,
    0xbf, 0xbf, 0x3f, 0x04, 0xbf, 0xbf, 0x3f, 0x04, 0xbf, 0x7f, 0x3f, 0x04, 0xbf, 0xbf, 0x3f, 0x04,
    0xbf, 0xbf, 0x3f, 0x04, 0xbf, 0xbf, 0x3f, 0x04, 0xbf, 0xbf, 0x3f, 0x04, 0xbf, 0xbf, 0x3f, 0x04,
    0xaa, 0xaa, 0x55, 0x03, 0xff, 0x00, 0x00, 0x01, 0x00, 0x00, 0x00, 0x00, 0x00, 0x00, 0x00, 0x00,
    0x00, 0x00, 0x00, 0x00, 0x00, 0x00, 0x00, 0x00, 0x00, 0x00, 0x00, 0x00, 0x00, 0x00, 0x00, 0x00,
    0x00, 0x00, 0x00, 0x00, 0x00, 0x00, 0x00, 0x00, 0x00, 0x00, 0x00, 0x00, 0x00, 0x00, 0x00, 0x00,
    0x00, 0x00, 0x00, 0x00, 0x00, 0x00, 0x00, 0x00, 0x00, 0x00, 0x00, 0x00, 0x00, 0x00, 0x00, 0x00,
    0x00, 0x00, 0x00, 0x00, 0x00, 0x00, 0x00, 0x00, 0x00, 0x00, 0x00, 0x00, 0x00, 0x00, 0x00, 0x00,
    0x00, 0x00, 0x00, 0x00, 0x00, 0x00, 0x00, 0x00, 0x00, 0x00, 0x00, 0x00, 0x00, 0x00, 0x00, 0x00,
    0x00, 0x00, 0x00, 0x00, 0x00, 0x00, 0x00, 0x00, 0x00, 0x00, 0x00, 0x00, 0x00, 0x00, 0x00, 0x00,
    0x00, 0x00, 0x00, 0x00, 0x00, 0x00, 0x00, 0x00, 0x00, 0x00, 0x00, 0x00, 0x00, 0x00, 0x00, 0x00,
    0x00, 0x00, 0x00, 0x00, 0x00, 0x00, 0x00, 0x00, 0x00, 0x00, 0x00, 0x00, 0x00, 0x00, 0x00, 0x00,
    0x00, 0x00, 0x00, 0x00, 0x00, 0x00, 0x00, 0x00, 0x00, 0x00, 0x00, 0x00, 0x00, 0x00, 0x00, 0x00,
    0x00, 0x00, 0x00, 0x00, 0x00, 0x00, 0x00, 0x00, 0x00, 0x00, 0x00, 0x00, 0x00, 0x00, 0x00, 0x00,
    0x00, 0x00, 0x00, 0x00, 0x00, 0x00, 0x00, 0x00, 0x00, 0x00, 0x00, 0x00, 0x00, 0x00, 0x00, 0x00,
    0x00, 0x00, 0x00, 0x00, 0x00, 0x00, 0x00, 0x00, 0x00, 0x00, 0x00, 0x00, 0x00, 0x00, 0x00, 0x00,
    0x00, 0x00, 0x00, 0x00, 0x00, 0x00, 0x00, 0x00, 0x00, 0x00, 0x00, 0x00, 0x00, 0x00, 0x00, 0x00,
    0x00, 0x00, 0x00, 0x00, 0x00, 0x00, 0x00, 0x00, 0x00, 0x00, 0x00, 0x00, 0x00, 0x00, 0x00, 0x00,
    0x00, 0x00, 0x00, 0x00, 0x00, 0x00, 0x00, 0x00, 0x00, 0x00, 0x00, 0x00, 0x00, 0x00, 0x00, 0x00,
    0x00, 0x00, 0x00, 0x00, 0x00, 0x00, 0x00, 0x00, 0x00, 0x00, 0x00, 0x00, 0x00, 0x00, 0x00, 0x00,
    0x00, 0x00, 0x00, 0x00, 0x00, 0x00, 0x00, 0x00, 0x00, 0x00, 0x00, 0x00, 0x00, 0x00, 0x00, 0x00,
    0x00, 0x00, 0x00, 0x00, 0x00, 0x00, 0x00, 0x00, 0x00, 0x00, 0x00, 0x00, 0x00, 0x00, 0x00, 0x00,
    0x00, 0x00, 0x00, 0x00, 0x00, 0x00, 0x00, 0x00, 0x00, 0x00, 0x00, 0x00, 0x00, 0x00, 0x00, 0x00,
    0x00, 0x00, 0x00, 0x00, 0x00, 0x00, 0x00, 0x00, 0x00, 0x00, 0x00, 0x00, 0x00, 0x00, 0x00, 0x00,
    0x00, 0x00, 0x00, 0x00, 0x00, 0x00, 0x00, 0x00, 0x00, 0x00, 0x00, 0x00, 0x00, 0x00, 0x00, 0x00,
    0x00, 0x00, 0x00, 0x00, 0x00, 0x00, 0x00, 0x00, 0x00, 0x00, 0x00, 0x00, 0x00, 0x00, 0x00, 0x00,
    0x00, 0x00, 0x00, 0x00, 0x00, 0x00, 0x00, 0x00, 0x00, 0x00, 0x00, 0x00, 0x00, 0x00, 0x00, 0x00,
    0x00, 0x00, 0x00, 0x00, 0x00, 0x00, 0x00, 0x00, 0x00, 0x00, 0x00, 0x00, 0x00, 0x00, 0x00, 0x00,
    0x00, 0x00, 0x00, 0x00, 0x00, 0x00, 0x00, 0x00, 0x00, 0x00, 0x00, 0x00, 0x00, 0x00, 0x00, 0x00,
    0x00, 0x00, 0x00, 0x00, 0x00, 0x00, 0x00, 0x00, 0x00, 0x00, 0x00, 0x00, 0x00, 0x00, 0x00, 0x00,
    0x00, 0x00, 0x00, 0x00, 0x00, 0x00, 0x00, 0x00, 0x00, 0x00, 0x00, 0x00, 0x00, 0x00, 0x00, 0x00,
    0x00, 0x00, 0x00, 0x00, 0x00, 0x00, 0x00, 0x00, 0x00, 0x00, 0x00, 0x00, 0x00, 0x00, 0x00, 0x00,
    0x00, 0x00, 0x00, 0x00, 0x00, 0x00, 0x00, 0x00, 0x00, 0x00, 0x00, 0x00, 0x00, 0x00, 0x00, 0x00,
    0x00, 0x00, 0x00, 0x00, 0x00, 0x00, 0x00, 0x00, 0x00, 0x00, 0x00, 0x00, 0x00, 0x00, 0x00, 0x00,
    0x00, 0x00, 0x00, 0x00, 0x00, 0x00, 0x00, 0x00, 0x00, 0x00, 0x00, 0x00, 0x00, 0x00, 0x00, 0x00,
    0x00, 0x00, 0x00, 0x00, 0x00, 0x00, 0x00, 0x00, 0x00, 0x00, 0x00, 0x00, 0x00, 0x00, 0x00, 0x00,
    0x00, 0x00, 0x00, 0x00, 0x00, 0x00, 0x00, 0x00, 0x00, 0x00, 0x00, 0x00, 0x00, 0x00, 0x00, 0x00,
    0x00, 0x00, 0x00, 0x00, 0x00, 0x00, 0x00, 0x00, 0x00, 0x00, 0x00, 0x00, 0x00, 0x00, 0x00, 0x00,
    0x00, 0x00, 0x00, 0x00, 0x00, 0x00, 0x00, 0x00, 0x00, 0x00, 0x00, 0x00, 0x00, 0x00, 0x00, 0x00,
    0x00, 0x00, 0x00, 0x00, 0x00, 0x00, 0x00, 0x00, 0x00, 0x00, 0x00, 0x00, 0x00, 0x00, 0x00, 0x00,
    0x00, 0x00, 0x00, 0x00, 0x00, 0x00, 0x00, 0x00, 0x00, 0x00, 0x00, 0x00, 0x00, 0x00, 0x00, 0x00,
    0x00, 0x00, 0x00, 0x00, 0x00, 0x00, 0x00, 0x00, 0x00, 0x00, 0x00, 0x00, 0x00, 0x00, 0x00, 0x00,
    0x00, 0x00, 0x00, 0x00, 0x00, 0x00, 0x00, 0x00, 0x00, 0x00, 0x00, 0x00, 0x00, 0x00, 0x00, 0x00,
    0x00, 0x00, 0x00, 0x00, 0x00, 0x00, 0x00, 0x00, 0x00, 0x00, 0x00, 0x00, 0x00, 0x00, 0x00, 0x00,
    0x00, 0x00, 0x00, 0x00, 0x00, 0x00, 0x00, 0x00, 0x00, 0x00, 0x00, 0x00, 0x00, 0x00, 0x00, 0x00,
    0x00, 0x00, 0x00, 0x00, 0x00, 0x00, 0x00, 0x00, 0x00, 0x00, 0x00, 0x00, 0x00, 0x00, 0x00, 0x00,
    0x00, 0x00, 0x00, 0x00, 0x00, 0x00, 0x00, 0x00, 0x00, 0x00, 0x00, 0x00, 0x00, 0x00, 0x00, 0x00,
    0x00, 0x00, 0x00, 0x00, 0x00, 0x00, 0x00, 0x00, 0x00, 0x00, 0x00, 0x00, 0x00, 0x00, 0x00, 0x00,
    0x00, 0x00, 0x00, 0x00, 0x00, 0x00, 0x00, 0x00, 0x00, 0x00, 0x00, 0x00, 0x00, 0x00, 0x00, 0x00,
    0x00, 0x00, 0x00, 0x00, 0x00, 0x00, 0x00, 0x00, 0x00, 0x00, 0x00, 0x00, 0x00, 0x00, 0x00, 0x00,
    0x00, 0x00, 0x00, 0x00, 0x00, 0x00, 0x00, 0x00, 0x00, 0x00, 0x00, 0x00, 0x00, 0x00, 0x00, 0x00,
    0x00, 0x00, 0x00, 0x00, 0x00, 0x00, 0x00, 0x00, 0x00, 0x00, 0x00, 0x00, 0x00, 0x00, 0x00, 0x00,
    0x00, 0x00, 0x00, 0x00, 0x00, 0x00, 0x00, 0x00, 0x00, 0x00, 0x00, 0x00, 0x00, 0x00, 0x00, 0x00,
    0x00, 0x00, 0x00, 0x00, 0x00, 0x00, 0x00, 0x00, 0x00, 0x00, 0x00, 0x00, 0x00, 0x00, 0x00, 0x00,
    0x00, 0x00, 0x00, 0x00, 0x00, 0x00, 0x00, 0x00, 0x00, 0x00, 0x00, 0x00, 0x00, 0x00, 0x00, 0x00,
    0x00, 0x00, 0x00, 0x00, 0x00, 0x00, 0x00, 0x00, 0x00, 0x00, 0x00, 0x00, 0x00, 0x00, 0x00, 0x00,
    0x00, 0x00, 0x00, 0x00, 0x00, 0x00, 0x00, 0x00, 0x00, 0x00, 0x00, 0x00, 0x00, 0x00, 0x00, 0x00,
    0x00, 0x00, 0x00, 0x00, 0x00, 0x00, 0x00, 0x00, 0x00, 0x00, 0x00, 0x00, 0x00, 0x00, 0x00, 0x00,
    0x00, 0x00, 0x00, 0x00, 0x00, 0x00, 0x00, 0x00, 0x00, 0x00, 0x00, 0x00, 0x00, 0x00, 0x00, 0x00,
    0x00, 0x00, 0x00, 0x00, 0x00, 0x00, 0x00, 0x00, 0x00, 0x00, 0x00, 0x00, 0x00, 0x00, 0x00, 0x00,
    0x00, 0x00, 0x00, 0x00, 0x00, 0x00, 0x00, 0x00, 0x00, 0x00, 0x00, 0x00, 0x00, 0x00, 0x00, 0x00,
    0x00, 0x00, 0x00, 0x00, 0x00, 0x00, 0x00, 0x00, 0x00, 0x00, 0x00, 0x00, 0x00, 0x00, 0x00, 0x00,
    0x00, 0x00, 0x00, 0x00, 0x00, 0x00, 0x00, 0x00, 0x00, 0x00, 0x00, 0x00, 0x00, 0x00, 0x00, 0x00,
    0x00, 0x00, 0x00, 0x00, 0x00, 0x00, 0x00, 0x00, 0x00, 0x00, 0x00, 0x00, 0x00, 0x00, 0x00, 0x00,
    0x00, 0x00, 0x00, 0x00, 0x00, 0x00, 0x00, 0x00, 0x00, 0x00, 0x00, 0x00, 0x00, 0x00, 0x00, 0x00,
    0x00, 0x00, 0x00, 0x00, 0x00, 0x00, 0x00, 0x00, 0x00, 0x00, 0x00, 0x00, 0x00, 0x00, 0x00, 0x00,
    0x00, 0x00, 0x00, 0x00, 0x00, 0x00, 0x00, 0x00, 0x00, 0x00, 0x00, 0x00, 0x00, 0x00, 0x00, 0x00,
    0x00, 0x00, 0x00, 0x00, 0x00, 0x00, 0x00, 0x00, 0x00, 0x00, 0x00, 0x00, 0x00, 0x00, 0x00, 0x00,
    0x00, 0x00, 0x00, 0x00, 0x00, 0x00, 0x00, 0x00, 0x00, 0x00, 0x00, 0x00, 0x00, 0x00, 0x00, 0x00,
    0x00, 0x00, 0x00, 0x00, 0x00, 0x00, 0x00, 0x00, 0x00, 0x00, 0x00, 0x00, 0x00, 0x00, 0x00, 0x00,
    0x00, 0x00, 0x00, 0x00, 0x00, 0x00, 0x00, 0x00, 0x00, 0x00, 0x00, 0x00, 0x00, 0x00, 0x00, 0x00,
    0x00, 0x00, 0x00, 0x00, 0x00, 0x00, 0x00, 0x00, 0x00, 0x00, 0x00, 0x00, 0x00, 0x00, 0x00, 0x00,
    0x00, 0x00, 0x00, 0x00, 0x00, 0x00, 0x00, 0x00, 0x00, 0x00, 0x00, 0x00, 0x00, 0x00, 0x00, 0x00,
    0x00, 0x00, 0x00, 0x00, 0x00, 0x00, 0x00, 0x00, 0x00, 0x00, 0x00, 0x00, 0x00, 0x00, 0x00, 0x00,
    0x00, 0x00, 0x00, 0x00, 0x00, 0x00, 0x00, 0x00, 0x00, 0x00, 0x00, 0x00, 0x00, 0x00, 0x00, 0x00,
    0x00, 0x00, 0x00, 0x00, 0x00, 0x00, 0x00, 0x00, 0x00, 0x00, 0x00, 0x00, 0x00, 0x00, 0x00, 0x00,
    0x00, 0x00, 0x00, 0x00, 0x00, 0x00, 0x00, 0x00, 0x00, 0x00, 0x00, 0x00, 0x00, 0x00, 0x00, 0x00,
    0x00, 0x00, 0x00, 0x00, 0x00, 0x00, 0x00, 0x00, 0x00, 0x00, 0x00, 0x00, 0x00, 0x00, 0x00, 0x00,
    0x00, 0x00, 0x00, 0x00, 0x00, 0x00, 0x00, 0x00, 0x00, 0x00, 0x00, 0x00, 0x00, 0x00, 0x00, 0x00,
    0x00, 0x00, 0x00, 0x00, 0x00, 0x00, 0x00, 0x00, 0x00, 0x00, 0x00, 0x00, 0x00, 0x00, 0x00, 0x00,
    0x00, 0x00, 0x00, 0x00, 0x00, 0x00, 0x00, 0x00, 0x00, 0x00, 0x00, 0x00, 0x00, 0x00, 0x00, 0x00,
    0x00, 0x00, 0x00, 0x00, 0x00, 0x00, 0x00, 0x00, 0x00, 0x00, 0x00, 0x00, 0x00, 0x00, 0x00, 0x00,
    0x00, 0x00, 0x00, 0x00, 0x00, 0x00, 0x00, 0x00, 0x00, 0x00, 0x00, 0x00, 0x00, 0x00, 0x00, 0x00,
    0x00, 0x00, 0x00, 0x00, 0x00, 0x00, 0x00, 0x00, 0x00, 0x00, 0x00, 0x00, 0x00, 0x00, 0x00, 0x00,
    0x00, 0x00, 0x00, 0x00, 0x00, 0x00, 0x00, 0x00, 0x00, 0x00, 0x00, 0x00, 0x00, 0x00, 0x00, 0x00,
    0x00, 0x00, 0x00, 0x00, 0x00, 0x00, 0x00, 0x00, 0x00, 0x00, 0x00, 0x00, 0x00, 0x00, 0x00, 0x00,
    0x00, 0x00, 0x00, 0x00, 0x00, 0x00, 0x00, 0x00, 0x00, 0x00, 0x00, 0x00, 0x00, 0x00, 0x00, 0x00,
    0x00, 0x00, 0x00, 0x00, 0x00, 0x00, 0x00, 0x00, 0x00, 0x00, 0x00, 0x00, 0x00, 0x00, 0x00, 0x00,
    0x00, 0x00, 0x00, 0x00, 0x00, 0x00, 0x00, 0x00, 0x00, 0x00, 0x00, 0x00, 0x00, 0x00, 0x00, 0x00,
    0x00, 0x00, 0x00, 0x00, 0x00, 0x00, 0x00, 0x00, 0x00, 0x00, 0x00, 0x00, 0x00, 0x00, 0x00, 0x00,
    0x00, 0x00, 0x00, 0x00, 0x00, 0x00, 0x00, 0x00, 0x00, 0x00, 0x00, 0x00, 0x00, 0x00, 0x00, 0x00,
    0x00, 0x00, 0x00, 0x00, 0x00, 0x00, 0x00, 0x00, 0x00, 0x00, 0x00, 0x00, 0x00, 0x00, 0x00, 0x00,
    0x00, 0x00, 0x00, 0x00, 0x00, 0x00, 0x00, 0x00, 0x00, 0x00, 0x00, 0x00, 0x00, 0x00, 0x00, 0x00,
    0x00, 0x00, 0x00, 0x00, 0x00, 0x00, 0x00, 0x00, 0x00, 0x00, 0x00, 0x00, 0x00, 0x00, 0x00, 0x00,
    0x00, 0x00, 0x00, 0x00, 0x00, 0x00, 0x00, 0x00, 0x00, 0x00, 0x00, 0x00, 0x00, 0x00, 0x00, 0x00,
    0x00, 0x00, 0x00, 0x00, 0x00, 0x00, 0x00, 0x00, 0x00, 0x00, 0x00, 0x00, 0x00, 0x00, 0x00, 0x00,
    0x00, 0x00, 0x00, 0x00, 0x00, 0x00, 0x00, 0x00, 0x00, 0x00, 0x00, 0x00, 0x00, 0x00, 0x00, 0x00,
    0x00, 0x00, 0x00, 0x00, 0x00, 0x00, 0x00, 0x00, 0x00, 0x00, 0x00, 0x00, 0x00, 0x00, 0x00, 0x00,
    0x00, 0x00, 0x00, 0x00, 0x00, 0x00, 0x00, 0x00, 0x00, 0x00, 0x00, 0x00, 0x00, 0x00, 0x00, 0x00,
    0x00, 0x00, 0x00, 0x00, 0x00, 0x00, 0x00, 0x00, 0x00, 0x00, 0x00, 0x00, 0x00, 0x00, 0x00, 0x00,
    0x00, 0x00, 0x00, 0x00, 0x00, 0x00, 0x00, 0x00, 0x00, 0x00, 0x00, 0x00, 0x00, 0x00, 0x00, 0x00,
    0x00, 0x00, 0x00, 0x00, 0x00, 0x00, 0x00, 0x00, 0x00, 0x00, 0x00, 0x00, 0x00, 0x00, 0x00, 0x00,
    0x00, 0x00, 0x00, 0x00, 0x00, 0x00, 0x00, 0x00, 0x00, 0x00, 0x00, 0x00, 0x00, 0x00, 0x00, 0x00,
    0x00, 0x00, 0x00, 0x00, 0x00, 0x00, 0x00, 0x00, 0x00, 0x00, 0x00, 0x00, 0x00, 0x00, 0x00, 0x00,
    0x00, 0x00, 0x00, 0x00, 0x00, 0x00, 0x00, 0x00, 0x00, 0x00, 0x00, 0x00, 0x00, 0x00, 0x00, 0x00,
    0x00, 0x00, 0x00, 0x00, 0x00, 0x00, 0x00, 0x00, 0x00, 0x00, 0x00, 0x00, 0x00, 0x00, 0x00, 0x00,
    0x00, 0x00, 0x00, 0x00, 0x00, 0x00, 0x00, 0x00, 0x00, 0x00, 0x00, 0x00, 0x00, 0x00, 0x00, 0x00,
    0x00, 0x00, 0x00, 0x00, 0x00, 0x00, 0x00, 0x00, 0x00, 0x00, 0x00, 0x00, 0x00, 0x00, 0x00, 0x00,
    0x00, 0x00, 0x00, 0x00, 0x00, 0x00, 0x00, 0x00, 0x00, 0x00, 0x00, 0x00, 0x00, 0x00, 0x00, 0x00,
    0x00, 0x00, 0x00, 0x00, 0x00, 0x00, 0x00, 0x00, 0x00, 0x00, 0x00, 0x00, 0x00, 0x00, 0x00, 0x00,
    0x00, 0x00, 0x00, 0x00, 0x00, 0x00, 0x00, 0x00, 0x00, 0x00, 0x00, 0x00, 0x00, 0x00, 0x00, 0x00,
    0x00, 0x00, 0x00, 0x00, 0x00, 0x00, 0x00, 0x00, 0x00, 0x00, 0x00, 0x00, 0x00, 0x00, 0x00, 0x00,
    0x00, 0x00, 0x00, 0x00, 0x00, 0x00, 0x00, 0x00, 0x00, 0x00, 0x00, 0x00, 0x00, 0x00, 0x00, 0x00,
    0x00, 0x00, 0x00, 0x00, 0x00, 0x00, 0x00, 0x00, 0x00, 0x00, 0x00, 0x00, 0x00, 0x00, 0x00, 0x00,
    0x00, 0x00, 0x00, 0x00, 0x00, 0x00, 0x00, 0x00, 0x00, 0x00, 0x00, 0x00, 0x00, 0x00, 0x00, 0x00,
    0x00, 0x00, 0x00, 0x00, 0x00, 0x00, 0x00, 0x00, 0x00, 0x00, 0x00, 0x00, 0x00, 0x00, 0x00, 0x00,
    0x00, 0x00, 0x00, 0x00, 0x00, 0x00, 0x00, 0x00, 0x00, 0x00, 0x00, 0x00, 0x00, 0x00, 0x00, 0x00,
    0x00, 0x00, 0x00, 0x00, 0x00, 0x00, 0x00, 0x00, 0x00, 0x00, 0x00, 0x00, 0x00, 0x00, 0x00, 0x00,
    0x00, 0x00, 0x00, 0x00, 0x00, 0x00, 0x00, 0x00, 0x00, 0x00, 0x00, 0x00, 0x00, 0x00, 0x00, 0x00,
    0x00, 0x00, 0x00, 0x00, 0x00, 0x00, 0x00, 0x00, 0x00, 0x00, 0x00, 0x00, 0x00, 0x00, 0x00, 0x00,
    0x00, 0x00, 0x00, 0x00, 0x00, 0x00, 0x00, 0x00, 0x00, 0x00, 0x00, 0x00, 0x00, 0x00, 0x00, 0x00,
    0x00, 0x00, 0x00, 0x00, 0x00, 0x00, 0x00, 0x00, 0x00, 0x00, 0x00, 0x00, 0x00, 0x00, 0x00, 0x00,
    0x00, 0x00, 0x00, 0x00, 0x00, 0x00, 0x00, 0x00, 0x00, 0x00, 0x00, 0x00, 0x00, 0x00, 0x00, 0x00,
    0x00, 0x00, 0x00, 0x00, 0x00, 0x00, 0x00, 0x00, 0x00, 0x00, 0x00, 0x00, 0x00, 0x00, 0x00, 0x00,
    0x00, 0x00, 0x00, 0x00, 0x00, 0x00, 0x00, 0x00, 0x00, 0x00, 0x00, 0x00, 0x00, 0x00, 0x00, 0x00,
    0x00, 0x00, 0x00, 0x00, 0x00, 0x00, 0x00, 0x00, 0x00, 0x00, 0x00, 0x00, 0x00, 0x00, 0x00, 0x00,
    0x00, 0x00, 0x00, 0x00, 0x00, 0x00, 0x00, 0x00, 0x00, 0x00, 0x00, 0x00, 0x00, 0x00, 0x00, 0x00,
    0x00, 0x00, 0x00, 0x00, 0x00, 0x00, 0x00, 0x00, 0x00, 0x00, 0x00, 0x00, 0x00, 0x00, 0x00, 0x00,
    0x00, 0x00, 0x00, 0x00, 0x00, 0x00, 0x00, 0x00, 0x00, 0x00, 0x00, 0x00, 0x00, 0x00, 0x00, 0x00,
    0x00, 0x00, 0x00, 0x00, 0x00, 0x00, 0x00, 0x00, 0x00, 0x00, 0x00, 0x00, 0x00, 0x00, 0x00, 0x00,
    0x00, 0x00, 0x00, 0x00, 0x00, 0x00, 0x00, 0x00, 0x00, 0x00, 0x00, 0x00, 0x00, 0x00, 0x00, 0x00,
    0x00, 0x00, 0x00, 0x00, 0x00, 0x00, 0x00, 0x00, 0x00, 0x00, 0x00, 0x00, 0x00, 0x00, 0x00, 0x00,
    0x00, 0x00, 0x00, 0x00, 0x00, 0x00, 0x00, 0x00, 0x00, 0x00, 0x00, 0x00, 0x00, 0x00, 0x00, 0x00,
    0x00, 0x00, 0x00, 0x00, 0x00, 0x00, 0x00, 0x00, 0x00, 0x00, 0x00, 0x00, 0x00, 0x00, 0x00, 0x00,
    0x00, 0x00, 0x00, 0x00, 0x00, 0x00, 0x00, 0x00, 0x00, 0x00, 0x00, 0x00, 0x00, 0x00, 0x00, 0x00,
    0x00, 0x00, 0x00, 0x00, 0x00, 0x00, 0x00, 0x00, 0x00, 0x00, 0x00, 0x00, 0x00, 0x00, 0x00, 0x00,
    0x00, 0x00, 0x00, 0x00, 0x00, 0x00, 0x00, 0x00, 0x00, 0x00, 0x00, 0x00, 0x00, 0x00, 0x00, 0x00,
    0x00, 0x00, 0x00, 0x00, 0x00, 0x00, 0x00, 0x00, 0x00, 0x00, 0x00, 0x00, 0x00, 0x00, 0x00, 0x00,
    0x00, 0x00, 0x00, 0x00, 0x00, 0x00, 0x00, 0x00, 0x00, 0x00, 0x00, 0x00, 0x00, 0x00, 0x00, 0x00,
    0x00, 0x00, 0x00, 0x00, 0x00, 0x00, 0x00, 0x00, 0x00, 0x00, 0x00, 0x00, 0x00, 0x00, 0x00, 0x00,
    0x00, 0x00, 0x00, 0x00, 0x00, 0x00, 0x00, 0x00, 0x00, 0x00, 0x00, 0x00, 0x00, 0x00, 0x00, 0x00,
    0x00, 0x00, 0x00, 0x00, 0x00, 0x00, 0x00, 0x00, 0x00, 0x00, 0x00, 0x00, 0x00, 0x00, 0x00, 0x00,
    0x00, 0x00, 0x00, 0x00, 0x00, 0x00, 0x00, 0x00, 0x00, 0x00, 0x00, 0x00, 0x00, 0x00, 0x00, 0x00,
    0x00, 0x00, 0x00, 0x00, 0x00, 0x00, 0x00, 0x00, 0x00, 0x00, 0x00, 0x00, 0x00, 0x00, 0x00, 0x00,
    0x00, 0x00, 0x00, 0x00, 0x00, 0x00, 0x00, 0x00, 0x00, 0x00, 0x00, 0x00, 0x00, 0x00, 0x00, 0x00,
    0x00, 0x00, 0x00, 0x00, 0x00, 0x00, 0x00, 0x00, 0x00, 0x00, 0x00, 0x00, 0x00, 0x00, 0x00, 0x00,
    0x00, 0x00, 0x00, 0x00, 0x00, 0x00, 0x00, 0x00, 0x00, 0x00, 0x00, 0x00, 0x00, 0x00, 0x00, 0x00,
    0x00, 0x00, 0x00, 0x00, 0x00, 0x00, 0x00, 0x00, 0x00, 0x00, 0x00, 0x00, 0x00, 0x00, 0x00, 0x00,
    0x00, 0x00, 0x00, 0x00, 0x00, 0x00, 0x00, 0x00, 0x00, 0x00, 0x00, 0x00, 0x00, 0x00, 0x00, 0x00,
    0x00, 0x00, 0x00, 0x00, 0x00, 0x00, 0x00, 0x00, 0x00, 0x00, 0x00, 0x00, 0x00, 0x00, 0x00, 0x00,
    0x00, 0x00, 0x00, 0x00, 0x00, 0x00, 0x00, 0x00, 0x00, 0x00, 0x00, 0x00, 0x00, 0x00, 0x00, 0x00,
    0x00, 0x00, 0x00, 0x00, 0x00, 0x00, 0x00, 0x00, 0x00, 0x00, 0x00, 0x00, 0x00, 0x00, 0x00, 0x00,
    0x00, 0x00, 0x00, 0x00, 0x00, 0x00, 0x00, 0x00, 0x00, 0x00, 0x00, 0x00, 0x00, 0x00, 0x00, 0x00,
    0x00, 0x00, 0x00, 0x00, 0x00, 0x00, 0x00, 0x00, 0x00, 0x00, 0x00, 0x00, 0x00, 0x00, 0x00, 0x00,
    0x00, 0x00, 0x00, 0x00, 0x00, 0x00, 0x00, 0x00, 0x00, 0x00, 0x00, 0x00, 0x00, 0x00, 0x00, 0x00,
    0x00, 0x00, 0x00, 0x00, 0x00, 0x00, 0x00, 0x00, 0x00, 0x00, 0x00, 0x00, 0x00, 0x00, 0x00, 0x00,
    0x00, 0x00, 0x00, 0x00, 0x00, 0x00, 0x00, 0x00, 0x00, 0x00, 0x00, 0x00, 0x00, 0x00, 0x00, 0x00,
    0x00, 0x00, 0x00, 0x00, 0x00, 0x00, 0x00, 0x00, 0x00, 0x00, 0x00, 0x00, 0x00, 0x00, 0x00, 0x00,
    0x00, 0x00, 0x00, 0x00, 0x00, 0x00, 0x00, 0x00, 0x00, 0x00, 0x00, 0x00, 0x00, 0x00, 0x00, 0x00,
    0x00, 0x00, 0x00, 0x00, 0x00, 0x00, 0x00, 0x00, 0x00, 0x00, 0x00, 0x00, 0x00, 0x00, 0x00, 0x00,
    0x00, 0x00, 0x00, 0x00, 0x00, 0x00, 0x00, 0x00, 0x00, 0x00, 0x00, 0x00, 0x00, 0x00, 0x00, 0x00,
    0x00, 0x00, 0x00, 0x00, 0x00, 0x00, 0x00, 0x00, 0x00, 0x00, 0x00, 0x00, 0x00, 0x00, 0x00, 0x00,
    0x00, 0x00, 0x00, 0x00, 0x00, 0x00, 0x00, 0x00, 0x00, 0x00, 0x00, 0x00, 0x00, 0x00, 0x00, 0x00,
    0x00, 0x00, 0x00, 0x00, 0x00, 0x00, 0x00, 0x00, 0x00, 0x00, 0x00, 0x00, 0x00, 0x00, 0x00, 0x00,
    0x00, 0x00, 0x00, 0x00, 0x00, 0x00, 0x00, 0x00, 0x00, 0x00, 0x00, 0x00, 0x00, 0x00, 0x00, 0x00,
    0x00, 0x00, 0x00, 0x00, 0x00, 0x00, 0x00, 0x00, 0x00, 0x00, 0x00, 0x00, 0x00, 0x00, 0x00, 0x00,
    0x00, 0x00, 0x00, 0x00, 0x00, 0x00, 0x00, 0x00, 0x00, 0x00, 0x00, 0x00, 0x00, 0x00, 0x00, 0x00,
    0x00, 0x00, 0x00, 0x00, 0x00, 0x00, 0x00, 0x00, 0x00, 0x00, 0x00, 0x00, 0x00, 0x00, 0x00, 0x00,
    0x00, 0x00, 0x00, 0x00, 0x00, 0x00, 0x00, 0x00, 0x00, 0x00, 0x00, 0x00, 0x00, 0x00, 0x00, 0x00,
    0x00, 0x00, 0x00, 0x00, 0x00, 0x00, 0x00, 0x00, 0x00, 0x00, 0x00, 0x00, 0x00, 0x00, 0x00, 0x00,
    0x00, 0x00, 0x00, 0x00, 0x00, 0x00, 0x00, 0x00, 0x00, 0x00, 0x00, 0x00, 0x00, 0x00, 0x00, 0x00,
    0x00, 0x00, 0x00, 0x00, 0x00, 0x00, 0x00, 0x00, 0x00, 0x00, 0x00, 0x00, 0x00, 0x00, 0x00, 0x00,
    0x00, 0x00, 0x00, 0x00, 0x00, 0x00, 0x00, 0x00, 0x00, 0x00, 0x00, 0x00, 0x00, 0x00, 0x00, 0x00,
    0x00, 0x00, 0x00, 0x00, 0x00, 0x00, 0x00, 0x00, 0x00, 0x00, 0x00, 0x00, 0x00, 0x00, 0x00, 0x00,
    0x00, 0x00, 0x00, 0x00, 0x00, 0x00, 0x00, 0x00, 0x00, 0x00, 0x00, 0x00, 0x00, 0x00, 0x00, 0x00,
    0x00, 0x00, 0x00, 0x00, 0x00, 0x00, 0x00, 0x00, 0x00, 0x00, 0x00, 0x00, 0x00, 0x00, 0x00, 0x00,
    0x00, 0x00, 0x00, 0x00, 0x00, 0x00, 0x00, 0x00, 0x00, 0x00, 0x00, 0x00, 0x00, 0x00, 0x00, 0x00,
    0x00, 0x00, 0x00, 0x00, 0x00, 0x00, 0x00, 0x00, 0x00, 0x00, 0x00, 0x00, 0x00, 0x00, 0x00, 0x00,
    0x00, 0x00, 0x00, 0x00, 0x00, 0x00, 0x00, 0x00, 0x00, 0x00, 0x00, 0x00, 0x00, 0x00, 0x00, 0x00,
    0x00, 0x00, 0x00, 0x00, 0x00, 0x00, 0x00, 0x00, 0x00, 0x00, 0x00, 0x00, 0x00, 0x00, 0x00, 0x00,
    0x00, 0x00, 0x00, 0x00, 0x00, 0x00, 0x00, 0x00, 0x00, 0x00, 0x00, 0x00, 0x00, 0x00, 0x00, 0x00,
    0x00, 0x00, 0x00, 0x00, 0x00, 0x00, 0x00, 0x00, 0x00, 0x00, 0x00, 0x00, 0x00, 0x00, 0x00, 0x00,
    0x00, 0x00, 0x00, 0x00, 0x00, 0x00, 0x00, 0x00, 0x00, 0x00, 0x00, 0x00, 0x00, 0x00, 0x00, 0x00,
    0x00, 0x00, 0x00, 0x00, 0x00, 0x00, 0x00, 0x00, 0x00, 0x00, 0x00, 0x00, 0x00, 0x00, 0x00, 0x00,
    0x00, 0x00, 0x00, 0x00, 0x00, 0x00, 0x00, 0x00, 0x00, 0x00, 0x00, 0x00, 0x00, 0x00, 0x00, 0x00,
    0x00, 0x00, 0x00, 0x00, 0x00, 0x00, 0x00, 0x00, 0x00, 0x00, 0x00, 0x00, 0x00, 0x00, 0x00, 0x00,
    0x00, 0x00, 0x00, 0x00, 0x00, 0x00, 0x00, 0x00, 0x00, 0x00, 0x00, 0x00, 0x00, 0x00, 0x00, 0x00,
    0x00, 0x00, 0x00, 0x00, 0x00, 0x00, 0x00, 0x00, 0x00, 0x00, 0x00, 0x00, 0x00, 0x00, 0x00, 0x00,
    0x00, 0x00, 0x00, 0x00, 0x00, 0x00, 0x00, 0x00, 0x00, 0x00, 0x00, 0x00, 0x00, 0x00, 0x00, 0x00,
    0x00, 0x00, 0x00, 0x00, 0x00, 0x00, 0x00, 0x00, 0x00, 0x00, 0x00, 0x00, 0x00, 0x00, 0x00, 0x00,
    0x00, 0x00, 0x00, 0x00, 0x00, 0x00, 0x00, 0x00, 0x00, 0x00, 0x00, 0x00, 0x00, 0x00, 0x00, 0x00,
    0x00, 0x00, 0x00, 0x00, 0x00, 0x00, 0x00, 0x00, 0x00, 0x00, 0x00, 0x00, 0x00, 0x00, 0x00, 0x00,
    0x00, 0x00, 0x00, 0x00, 0x00, 0x00, 0x00, 0x00, 0x00, 0x00, 0x00, 0x00, 0x00, 0x00, 0x00, 0x00,
    0x00, 0x00, 0x00, 0x00, 0x00, 0x00, 0x00, 0x00, 0x00, 0x00, 0x00, 0x00, 0x00, 0x00, 0x00, 0x00,
    0x00, 0x00, 0x00, 0x00, 0x00, 0x00, 0x00, 0x00, 0x00, 0x00, 0x00, 0x00, 0x00, 0x00, 0x00, 0x00,
    0x00, 0x00, 0x00, 0x00, 0x00, 0x00, 0x00, 0x00, 0x00, 0x00, 0x00, 0x00, 0x00, 0x00, 0x00, 0x00,
    0x00, 0x00, 0x00, 0x00, 0x00, 0x00, 0x00, 0x00, 0x00, 0x00, 0x00, 0x00, 0x00, 0x00, 0x00, 0x00,
    0x00, 0x00, 0x00, 0x00, 0x00, 0x00, 0x00, 0x00, 0x00, 0x00, 0x00, 0x00, 0x00, 0x00, 0x00, 0x00,
    0x00, 0x00, 0x00, 0x00, 0x00, 0x00, 0x00, 0x00, 0x00, 0x00, 0x00, 0x00, 0x00, 0x00, 0x00, 0x00,
    0x00, 0x00, 0x00, 0x00, 0x00, 0x00, 0x00, 0x00, 0x00, 0x00, 0x00, 0x00, 0x00, 0x00, 0x00, 0x00,
    0x00, 0x00, 0x00, 0x00, 0x00, 0x00, 0x00, 0x00, 0x00, 0x00, 0x00, 0x00, 0x00, 0x00, 0x00, 0x00,
    0x00, 0x00, 0x00, 0x00, 0x00, 0x00, 0x00, 0x00, 0x00, 0x00, 0x00, 0x00, 0x00, 0x00, 0x00, 0x00,
    0x00, 0x00, 0x00, 0x00, 0x00, 0x00, 0x00, 0x00, 0x00, 0x00, 0x00, 0x00, 0x00, 0x00, 0x00, 0x00,
    0x00, 0x00, 0x00, 0x00, 0x00, 0x00, 0x00, 0x00, 0x00, 0x00, 0x00, 0x00, 0x00, 0x00, 0x00, 0x00,
    0x00, 0x00, 0x00, 0x00, 0x00, 0x00, 0x00, 0x00, 0x00, 0x00, 0x00, 0x00, 0x00, 0x00, 0x00, 0x00,
    0x00, 0x00, 0x00, 0x00, 0x00, 0x00, 0x00, 0x00, 0x00, 0x00, 0x00, 0x00, 0x00, 0x00, 0x00, 0x00,
    0x00, 0x00, 0x00, 0x00, 0x00, 0x00, 0x00, 0x00, 0x00, 0x00, 0x00, 0x00, 0x00, 0x00, 0x00, 0x00,
    0x00, 0x00, 0x00, 0x00, 0x00, 0x00, 0x00, 0x00, 0x00, 0x00, 0x00, 0x00, 0x00, 0x00, 0x00, 0x00,
    0x00, 0x00, 0x00, 0x00, 0x00, 0x00, 0x00, 0x00, 0x00, 0x00, 0x00, 0x00, 0x00, 0x00, 0x00, 0x00,
    0x00, 0x00, 0x00, 0x00, 0x00, 0x00, 0x00, 0x00, 0x00, 0x00, 0x00, 0x00, 0x00, 0x00, 0x00, 0x00,
    0x00, 0x00, 0x00, 0x00, 0x00, 0x00, 0x00, 0x00, 0x00, 0x00, 0x00, 0x00, 0x00, 0x00, 0x00, 0x00,
    0x00, 0x00, 0x00, 0x00, 0x00, 0x00, 0x00, 0x00, 0x00, 0x00, 0x00, 0x00, 0x00, 0x00, 0x00, 0x00,
    0x00, 0x00, 0x00, 0x00, 0x00, 0x00, 0x00, 0x00, 0x00, 0x00, 0x00, 0x00, 0x00, 0x00, 0x00, 0x00,
    0x00, 0x00, 0x00, 0x00, 0x00, 0x00, 0x00, 0x00, 0x00, 0x00, 0x00, 0x00, 0x00, 0x00, 0x00, 0x00,
    0x00, 0x00, 0x00, 0x00, 0x00, 0x00, 0x00, 0x00, 0x00, 0x00, 0x00, 0x00, 0x00, 0x00, 0x00, 0x00,
    0x00, 0x00, 0x00, 0x00, 0x00, 0x00, 0x00, 0x00, 0x00, 0x00, 0x00, 0x00, 0x00, 0x00, 0x00, 0x00,
    0x00, 0x00, 0x00, 0x00, 0x00, 0x00, 0x00, 0x00, 0x00, 0x00, 0x00, 0x00, 0x00, 0x00, 0x00, 0x00,
    0x00, 0x00, 0x00, 0x00, 0x00, 0x00, 0x00, 0x00, 0x00, 0x00, 0x00, 0x00, 0x00, 0x00, 0x00, 0x00,
    0x00, 0x00, 0x00, 0x00, 0x00, 0x00, 0x00, 0x00, 0x00, 0x00, 0x00, 0x00, 0x00, 0x00, 0x00, 0x00,
    0x00, 0x00, 0x00, 0x00, 0x00, 0x00, 0x00, 0x00, 0x00, 0x00, 0x00, 0x00, 0x00, 0x00, 0x00, 0x00,
    0x00, 0x00, 0x00, 0x00, 0x00, 0x00, 0x00, 0x00, 0x00, 0x00, 0x00, 0x00, 0x00, 0x00, 0x00, 0x00,
    0x00, 0x00, 0x00, 0x00, 0x00, 0x00, 0x00, 0x00, 0x00, 0x00, 0x00, 0x00, 0x00, 0x00, 0x00, 0x00,
    0x00, 0x00, 0x00, 0x00, 0x00, 0x00, 0x00, 0x00, 0x00, 0x00, 0x00, 0x00, 0x00, 0x00, 0x00, 0x00,
    0x00, 0x00, 0x00, 0x00, 0x00, 0x00, 0x00, 0x00, 0x00, 0x00, 0x00, 0x00, 0x00, 0x00, 0x00, 0x00,
    0x00, 0x00, 0x00, 0x00, 0x00, 0x00, 0x00, 0x00, 0x00, 0x00, 0x00, 0x00, 0x00, 0x00, 0x00, 0x00,
    0x00, 0x00, 0x00, 0x00, 0x00, 0x00, 0x00, 0x00, 0x00, 0x00, 0x00, 0x00, 0x00, 0x00, 0x00, 0x00,
    0x00, 0x00, 0x00, 0x00, 0x00, 0x00, 0x00, 0x00, 0x00, 0x00, 0x00, 0x00, 0x00, 0x00, 0x00, 0x00,
    0x00, 0x00, 0x00, 0x00, 0x00, 0x00, 0x00, 0x00, 0x00, 0x00, 0x00, 0x00, 0x00, 0x00, 0x00, 0x00,
    0x00, 0x00, 0x00, 0x00, 0x00, 0x00, 0x00, 0x00, 0x00, 0x00, 0x00, 0x00, 0x00, 0x00, 0x00, 0x00,
    0x00, 0x00, 0x00, 0x00, 0x00, 0x00, 0x00, 0x00, 0x00, 0x00, 0x00, 0x00, 0x00, 0x00, 0x00, 0x00,
    0x00, 0x00, 0x00, 0x00, 0x00, 0x00, 0x00, 0x00, 0x00, 0x00, 0x00, 0x00, 0x00, 0x00, 0x00, 0x00,
    0x00, 0x00, 0x00, 0x00, 0x00, 0x00, 0x00, 0x00, 0x00, 0x00, 0x00, 0x00, 0x00, 0x00, 0x00, 0x00,
    0x00, 0x00, 0x00, 0x00, 0x00, 0x00, 0x00, 0x00, 0x00, 0x00, 0x00, 0x00, 0x00, 0x00, 0x00, 0x00,
    0x00, 0x00, 0x00, 0x00, 0x00, 0x00, 0x00, 0x00, 0x00, 0x00, 0x00, 0x00, 0x00, 0x00, 0x00, 0x00,
    0x00, 0x00, 0x00, 0x00, 0x00, 0x00, 0x00, 0x00, 0x00, 0x00, 0x00, 0x00, 0x00, 0x00, 0x00, 0x00,
    0x00, 0x00, 0x00, 0x00, 0x00, 0x00, 0x00, 0x00, 0x00, 0x00, 0x00, 0x00, 0x00, 0x00, 0x00, 0x00,
    0x00, 0x00, 0x00, 0x00, 0x00, 0x00, 0x00, 0x00, 0x00, 0x00, 0x00, 0x00, 0x00, 0x00, 0x00, 0x00,
    0x00, 0x00, 0x00, 0x00, 0x00, 0x00, 0x00, 0x00, 0x00, 0x00, 0x00, 0x00, 0x00, 0x00, 0x00, 0x00,
    0x00, 0x00, 0x00, 0x00, 0x00, 0x00, 0x00, 0x00, 0x00, 0x00, 0x00, 0x00, 0x00, 0x00, 0x00, 0x00,
    0x00, 0x00, 0x00, 0x00, 0x00, 0x00, 0x00, 0x00, 0x00, 0x00, 0x00, 0x00, 0x00, 0x00, 0x00, 0x00,
    0x00, 0x00, 0x00, 0x00, 0x00, 0x00, 0x00, 0x00, 0x00, 0x00, 0x00, 0x00, 0x00, 0x00, 0x00, 0x00,
    0x00, 0x00, 0x00, 0x00, 0x00, 0x00, 0x00, 0x00, 0x00, 0x00, 0x00, 0x00, 0x00, 0x00, 0x00, 0x00,
    0x00, 0x00, 0x00, 0x00, 0x00, 0x00, 0x00, 0x00, 0x00, 0x00, 0x00, 0x00, 0x00, 0x00, 0x00, 0x00,
    0x00, 0x00, 0x00, 0x00, 0x00, 0x00, 0x00, 0x00, 0x00, 0x00, 0x00, 0x00, 0x00, 0x00, 0x00, 0x00,
    0x00, 0x00, 0x00, 0x00, 0x00, 0x00, 0x00, 0x00, 0x00, 0x00, 0x00, 0x00, 0x00, 0x00, 0x00, 0x00,
    0x00, 0x00, 0x00, 0x00, 0x00, 0x00, 0x00, 0x00, 0x00, 0x00, 0x00, 0x00, 0x00, 0x00, 0x00, 0x00,
    0x00, 0x00, 0x00, 0x00, 0x00, 0x00, 0x00, 0x00, 0x00, 0x00, 0x00, 0x00, 0x00, 0x00, 0x00, 0x00,
    0x00, 0x00, 0x00, 0x00, 0x00, 0x00, 0x00, 0x00, 0x00, 0x00, 0x00, 0x00, 0x00, 0x00, 0x00, 0x00,
    0x00, 0x00, 0x00, 0x00, 0x00, 0x00, 0x00, 0x00, 0x00, 0x00, 0x00, 0x00, 0x00, 0x00, 0x00, 0x00,
    0x00, 0x00, 0x00, 0x00, 0x00, 0x00, 0x00, 0x00, 0x00, 0x00, 0x00, 0x00, 0x00, 0x00, 0x00, 0x00,
    0x00, 0x00, 0x00, 0x00, 0x00, 0x00, 0x00, 0x00, 0x00, 0x00, 0x00, 0x00, 0x00, 0x00, 0x00, 0x00,
    0x00, 0x00, 0x00, 0x00, 0x00, 0x00, 0x00, 0x00, 0x00, 0x00, 0x00, 0x00, 0x00, 0x00, 0x00, 0x00,
    0x00, 0x00, 0x00, 0x00, 0x00, 0x00, 0x00, 0x00, 0x00, 0x00, 0x00, 0x00, 0x00, 0x00, 0x00, 0x00,
    0x00, 0x00, 0x00, 0x00, 0x00, 0x00, 0x00, 0x00, 0x00, 0x00, 0x00, 0x00, 0x00, 0x00, 0x00, 0x00,
    0x00, 0x00, 0x00, 0x00, 0x00, 0x00, 0x00, 0x00, 0x00, 0x00, 0x00, 0x00, 0x00, 0x00, 0x00, 0x00,
    0x00, 0x00, 0x00, 0x00, 0x00, 0x00, 0x00, 0x00, 0x00, 0x00, 0x00, 0x00, 0x00, 0x00, 0x00, 0x00,
    0x00, 0x00, 0x00, 0x00, 0x00, 0x00, 0x00, 0x00, 0x00, 0x00, 0x00, 0x00, 0x00, 0x00, 0x00, 0x00,
    0x00, 0x00, 0x00, 0x00, 0x00, 0x00, 0x00, 0x00, 0x00, 0x00, 0x00, 0x00, 0x00, 0x00, 0x00, 0x00,
    0x00, 0x00, 0x00, 0x00, 0x00, 0x00, 0x00, 0x00, 0x00, 0x00, 0x00, 0x00, 0x00, 0x00, 0x00, 0x00,
    0x00, 0x00, 0x00, 0x00, 0x00, 0x00, 0x00, 0x00, 0x00, 0x00, 0x00, 0x00, 0x00, 0x00, 0x00, 0x00,
    0x00, 0x00, 0x00, 0x00, 0x00, 0x00, 0x00, 0x00, 0x00, 0x00, 0x00, 0x00, 0x00, 0x00, 0x00, 0x00,
    0x00, 0x00, 0x00, 0x00, 0x00, 0x00, 0x00, 0x00, 0x00, 0x00, 0x00, 0x00, 0x00, 0x00, 0x00, 0x00,
    0x00, 0x00, 0x00, 0x00, 0x00, 0x00, 0x00, 0x00, 0x00, 0x00, 0x00, 0x00, 0x00, 0x00, 0x00, 0x00,
    0x00, 0x00, 0x00, 0x00, 0x00, 0x00, 0x00, 0x00, 0x00, 0x00, 0x00, 0x00, 0x00, 0x00, 0x00, 0x00,
    0x00, 0x00, 0x00, 0x00, 0x00, 0x00, 0x00, 0x00, 0x00, 0x00, 0x00, 0x00, 0x00, 0x00, 0x00, 0x00,
    0x00, 0x00, 0x00, 0x00, 0x00, 0x00, 0x00, 0x00, 0x00, 0x00, 0x00, 0x00, 0x00, 0x00, 0x00, 0x00,
    0x00, 0x00, 0x00, 0x00, 0x00, 0x00, 0x00, 0x00, 0x00, 0x00, 0x00, 0x00, 0x00, 0x00, 0x00, 0x00,
    0x00, 0x00, 0x00, 0x00, 0x00, 0x00, 0x00, 0x00, 0x00, 0x00, 0x00, 0x00, 0x00, 0x00, 0x00, 0x00,
    0x00, 0x00, 0x00, 0x00, 0x00, 0x00, 0x00, 0x00, 0x00, 0x00, 0x00, 0x00, 0x00, 0x00, 0x00, 0x00,
    0x00, 0x00, 0x00, 0x00, 0x00, 0x00, 0x00, 0x00, 0x00, 0x00, 0x00, 0x00, 0x00, 0x00, 0x00, 0x00,
    0x00, 0x00, 0x00, 0x00, 0x00, 0x00, 0x00, 0x00, 0x00, 0x00, 0x00, 0x00, 0x00, 0x00, 0x00, 0x00,
    0x00, 0x00, 0x00, 0x00, 0x00, 0x00, 0x00, 0x00, 0x00, 0x00, 0x00, 0x00, 0x00, 0x00, 0x00, 0x00,
    0x00, 0x00, 0x00, 0x00, 0x00, 0x00, 0x00, 0x00, 0x00, 0x00, 0x00, 0x00, 0x00, 0x00, 0x00, 0x00,
    0x00, 0x00, 0x00, 0x00, 0x00, 0x00, 0x00, 0x00, 0x00, 0x00, 0x00, 0x00, 0x00, 0x00, 0x00, 0x00,
    0x00, 0x00, 0x00, 0x00, 0x00, 0x00, 0x00, 0x00, 0x00, 0x00, 0x00, 0x00, 0x00, 0x00, 0x00, 0x00,
    0x00, 0x00, 0x00, 0x00, 0x00, 0x00, 0x00, 0x00, 0x00, 0x00, 0x00, 0x00, 0x00, 0x00, 0x00, 0x00,
    0x00, 0x00, 0x00, 0x00, 0x00, 0x00, 0x00, 0x00, 0x00, 0x00, 0x00, 0x00, 0x00, 0x00, 0x00, 0x00,
    0x00, 0x00, 0x00, 0x00, 0x00, 0x00, 0x00, 0x00, 0x00, 0x00, 0x00, 0x00, 0x00, 0x00, 0x00, 0x00,
    0x00, 0x00, 0x00, 0x00, 0x00, 0x00, 0x00, 0x00, 0x00, 0x00, 0x00, 0x00, 0x00, 0x00, 0x00, 0x00,
    0x00, 0x00, 0x00, 0x00, 0x00, 0x00, 0x00, 0x00, 0x00, 0x00, 0x00, 0x00, 0x00, 0x00, 0x00, 0x00,
    0x00, 0x00, 0x00, 0x00, 0x00, 0x00, 0x00, 0x00, 0x00, 0x00, 0x00, 0x00, 0x00, 0x00, 0x00, 0x00,
    0x00, 0x00, 0x00, 0x00, 0x00, 0x00, 0x00, 0x00, 0x00, 0x00, 0x00, 0x00, 0x00, 0x00, 0x00, 0x00,
    0x00, 0x00, 0x00, 0x00, 0x00, 0x00, 0x00, 0x00, 0x00, 0x00, 0x00, 0x00, 0x00, 0x00, 0x00, 0x00,
    0x00, 0x00, 0x00, 0x00, 0x00, 0x00, 0x00, 0x00, 0x00, 0x00, 0x00, 0x00, 0x00, 0x00, 0x00, 0x00,
    0x00, 0x00, 0x00, 0x00, 0x00, 0x00, 0x00, 0x00, 0x00, 0x00, 0x00, 0x00, 0x00, 0x00, 0x00, 0x00,
    0x00, 0x00, 0x00, 0x00, 0x00, 0x00, 0x00, 0x00, 0x00, 0x00, 0x00, 0x00, 0x00, 0x00, 0x00, 0x00,
    0x00, 0x00, 0x00, 0x00, 0x00, 0x00, 0x00, 0x00, 0x00, 0x00, 0x00, 0x00, 0x00, 0x00, 0x00, 0x00,
    0x00, 0x00, 0x00, 0x00, 0x00, 0x00, 0x00, 0x00, 0x00, 0x00, 0x00, 0x00, 0x00, 0x00, 0x00, 0x00,
    0x00, 0x00, 0x00, 0x00, 0x00, 0x00, 0x00, 0x00, 0x00, 0x00, 0x00, 0x00, 0x00, 0x00, 0x00, 0x00,
    0x00, 0x00, 0x00, 0x00, 0x00, 0x00, 0x00, 0x00, 0x00, 0x00, 0x00, 0x00, 0x00, 0x00, 0x00, 0x00,
    0x00, 0x00, 0x00, 0x00, 0x00, 0x00, 0x00, 0x00, 0x00, 0x00, 0x00, 0x00, 0x00, 0x00, 0x00, 0x00,
    0x00, 0x00, 0x00, 0x00, 0x00, 0x00, 0x00, 0x00, 0x00, 0x00, 0x00, 0x00, 0x00, 0x00, 0x00, 0x00,
    0x00, 0x00, 0x00, 0x00, 0x00, 0x00, 0x00, 0x00, 0x00, 0x00, 0x00, 0x00, 0x00, 0x00, 0x00, 0x00,
    0x00, 0x00, 0x00, 0x00, 0x00, 0x00, 0x00, 0x00, 0x00, 0x00, 0x00, 0x00, 0x00, 0x00, 0x00, 0x00,
    0x00, 0x00, 0x00, 0x00, 0x00, 0x00, 0x00, 0x00, 0x00, 0x00, 0x00, 0x00, 0x00, 0x00, 0x00, 0x00,
    0x00, 0x00, 0x00, 0x00, 0x00, 0x00, 0x00, 0x00, 0x00, 0x00, 0x00, 0x00, 0x00, 0x00, 0x00, 0x00,
    0x00, 0x00, 0x00, 0x00, 0x00, 0x00, 0x00, 0x00, 0x00, 0x00, 0x00, 0x00, 0x00, 0x00, 0x00, 0x00,
    0x00, 0x00, 0x00, 0x00, 0x00, 0x00, 0x00, 0x00, 0x00, 0x00, 0x00, 0x00, 0x00, 0x00, 0x00, 0x00,
    0x00, 0x00, 0x00, 0x00, 0x00, 0x00, 0x00, 0x00, 0x00, 0x00, 0x00, 0x00, 0x00, 0x00, 0x00, 0x00,
    0x00, 0x00, 0x00, 0x00, 0x00, 0x00, 0x00, 0x00, 0x00, 0x00, 0x00, 0x00, 0x00, 0x00, 0x00, 0x00,
    0x00, 0x00, 0x00, 0x00, 0x00, 0x00, 0x00, 0x00, 0x00, 0x00, 0x00, 0x00, 0x00, 0x00, 0x00, 0x00,
    0x00, 0x00, 0x00, 0x00, 0x00, 0x00, 0x00, 0x00, 0x00, 0x00, 0x00, 0x00, 0x00, 0x00, 0x00, 0x00,
    0x00, 0x00, 0x00, 0x00, 0x00, 0x00, 0x00, 0x00, 0x00, 0x00, 0x00, 0x00, 0x00, 0x00, 0x00, 0x00,
    0x00, 0x00, 0x00, 0x00, 0x00, 0x00, 0x00, 0x00, 0x00, 0x00, 0x00, 0x00, 0x00, 0x00, 0x00, 0x00,
    0x00, 0x00, 0x00, 0x00, 0x00, 0x00, 0x00, 0x00, 0x00, 0x00, 0x00, 0x00, 0x00, 0x00, 0x00, 0x00,
    0x00, 0x00, 0x00, 0x00, 0x00, 0x00, 0x00, 0x00, 0x00, 0x00, 0x00, 0x00, 0x00, 0x00, 0x00, 0x00,
    0x00, 0x00, 0x00, 0x00, 0x00, 0x00, 0x00, 0x00, 0x00, 0x00, 0x00, 0x00, 0x00, 0x00, 0x00, 0x00,
    0x00, 0x00, 0x00, 0x00, 0x00, 0x00, 0x00, 0x00, 0x00, 0x00, 0x00, 0x00, 0x00, 0x00, 0x00, 0x00,
    0x00, 0x00, 0x00, 0x00, 0x00, 0x00, 0x00, 0x00, 0x00, 0x00, 0x00, 0x00, 0x00, 0x00, 0x00, 0x00,
    0x00, 0x00, 0x00, 0x00, 0x00, 0x00, 0x00, 0x00, 0x00, 0x00, 0x00, 0x00, 0x00, 0x00, 0x00, 0x00,
    0x00, 0x00, 0x00, 0x00, 0x00, 0x00, 0x00, 0x00, 0x00, 0x00, 0x00, 0x00, 0x00, 0x00, 0x00, 0x00,
    0x00, 0x00, 0x00, 0x00, 0x00, 0x00, 0x00, 0x00, 0x00, 0x00, 0x00, 0x00, 0x00, 0x00, 0x00, 0x00,
    0x00, 0x00, 0x00, 0x00, 0x00, 0x00, 0x00, 0x00, 0x00, 0x00, 0x00, 0x00, 0x00, 0x00, 0x00, 0x00,
    0x00, 0x00, 0x00, 0x00, 0x00, 0x00, 0x00, 0x00, 0x00, 0x00, 0x00, 0x00, 0x00, 0x00, 0x00, 0x00,
    0x00, 0x00, 0x00, 0x00, 0x00, 0x00, 0x00, 0x00, 0x00, 0x00, 0x00, 0x00, 0x00, 0x00, 0x00, 0x00,
    0x00, 0x00, 0x00, 0x00, 0x00, 0x00, 0x00, 0x00, 0x00, 0x00, 0x00, 0x00, 0x00, 0x00, 0x00, 0x00,
    0x00, 0x00, 0x00, 0x00, 0x00, 0x00, 0x00, 0x00, 0x00, 0x00, 0x00, 0x00, 0x00, 0x00, 0x00, 0x00,
    0x00, 0x00, 0x00, 0x00, 0x00, 0x00, 0x00, 0x00, 0x00, 0x00, 0x00, 0x00, 0x00, 0x00, 0x00, 0x00,
    0x00, 0x00, 0x00, 0x00, 0x00, 0x00, 0x00, 0x00, 0x00, 0x00, 0x00, 0x00, 0x00, 0x00, 0x00, 0x00,
    0x00, 0x00, 0x00, 0x00, 0x00, 0x00, 0x00, 0x00, 0x00, 0x00, 0x00, 0x00, 0x00, 0x00, 0x00, 0x00,
    0x00, 0x00, 0x00, 0x00, 0x00, 0x00, 0x00, 0x00, 0x00, 0x00, 0x00, 0x00, 0x00, 0x00, 0x00, 0x00,
    0x00, 0x00, 0x00, 0x00, 0x00, 0x00, 0x00, 0x00, 0x00, 0x00, 0x00, 0x00, 0x00, 0x00, 0x00, 0x00,
    0x00, 0x00, 0x00, 0x00, 0x00, 0x00, 0x00, 0x00, 0x00, 0x00, 0x00, 0x00, 0x00, 0x00, 0x00, 0x00,
    0x00, 0x00, 0x00, 0x00, 0x00, 0x00, 0x00, 0x00, 0x00, 0x00, 0x00, 0x00, 0x00, 0x00, 0x00, 0x00,
    0x00, 0x00, 0x00, 0x00, 0x00, 0x00, 0x00, 0x00, 0x00, 0x00, 0x00, 0x00, 0x00, 0x00, 0x00, 0x00,
    0x00, 0x00, 0x00, 0x00, 0x00, 0x00, 0x00, 0x00, 0x00, 0x00, 0x00, 0x00, 0x00, 0x00, 0x00, 0x00,
    0x00, 0x00, 0x00, 0x00, 0x00, 0x00, 0x00, 0x00, 0x00, 0x00, 0x00, 0x00, 0x00, 0x00, 0x00, 0x00,
    0x00, 0x00, 0x00, 0x00, 0x00, 0x00, 0x00, 0x00, 0x00, 0x00, 0x00, 0x00, 0x00, 0x00, 0x00, 0x00,
    0x00, 0x00, 0x00, 0x00, 0x00, 0x00, 0x00, 0x00, 0x00, 0x00, 0x00, 0x00, 0x00, 0x00, 0x00, 0x00,
    0x00, 0x00, 0x00, 0x00, 0x00, 0x00, 0x00, 0x00, 0x00, 0x00, 0x00, 0x00, 0x00, 0x00, 0x00, 0x00,
    0x00, 0x00, 0x00, 0x00, 0x00, 0x00, 0x00, 0x00, 0x00, 0x00, 0x00, 0x00, 0x00, 0x00, 0x00, 0x00,
    0x00, 0x00, 0x00, 0x00, 0x00, 0x00, 0x00, 0x00, 0x00, 0x00, 0x00, 0x00, 0x00, 0x00, 0x00, 0x00,
    0x00, 0x00, 0x00, 0x00, 0x00, 0x00, 0x00, 0x00, 0x00, 0x00, 0x00, 0x00, 0x00, 0x00, 0x00, 0x00,
    0x00, 0x00, 0x00, 0x00, 0x00, 0x00, 0x00, 0x00, 0x00, 0x00, 0x00, 0x00, 0x00, 0x00, 0x00, 0x00,
    0x00, 0x00, 0x00, 0x00, 0x00, 0x00, 0x00, 0x00, 0x00, 0x00, 0x00, 0x00, 0x00, 0x00, 0x00, 0x00,
    0x00, 0x00, 0x00, 0x00, 0x00, 0x00, 0x00, 0x00, 0x00, 0x00, 0x00, 0x00, 0x00, 0x00, 0x00, 0x00,
    0x00, 0x00, 0x00, 0x00, 0x00, 0x00, 0x00, 0x00, 0x00, 0x00, 0x00, 0x00, 0x00, 0x00, 0x00, 0x00,
    0x00, 0x00, 0x00, 0x00, 0x00, 0x00, 0x00, 0x00, 0x00, 0x00, 0x00, 0x00, 0x00, 0x00, 0x00, 0x00,
    0x00, 0x00, 0x00, 0x00, 0x00, 0x00, 0x00, 0x00, 0x00, 0x00, 0x00, 0x00, 0x00, 0x00, 0x00, 0x00,
    0x00, 0x00, 0x00, 0x00, 0x00, 0x00, 0x00, 0x00, 0x00, 0x00, 0x00, 0x00, 0x00, 0x00, 0x00, 0x00,
    0x00, 0x00, 0x00, 0x00, 0x00, 0x00, 0x00, 0x00, 0x00, 0x00, 0x00, 0x00, 0x00, 0x00, 0x00, 0x00,
    0x00, 0x00, 0x00, 0x00, 0x00, 0x00, 0x00, 0x00, 0x00, 0x00, 0x00, 0x00, 0x00, 0x00, 0x00, 0x00,
    0x00, 0x00, 0x00, 0x00, 0x00, 0x00, 0x00, 0x00, 0x00, 0x00, 0x00, 0x00, 0x00, 0x00, 0x00, 0x00,
    0x00, 0x00, 0x00, 0x00, 0x00, 0x00, 0x00, 0x00, 0x00, 0x00, 0x00, 0x00, 0x00, 0x00, 0x00, 0x00,
    0x00, 0x00, 0x00, 0x00, 0x00, 0x00, 0x00, 0x00, 0x00, 0x00, 0x00, 0x00, 0x00, 0x00, 0x00, 0x00,
    0x00, 0x00, 0x00, 0x00, 0x00, 0x00, 0x00, 0x00, 0x00, 0x00, 0x00, 0x00, 0x00, 0x00, 0x00, 0x00,
    0x00, 0x00, 0x00, 0x00, 0x00, 0x00, 0x00, 0x00, 0x00, 0x00, 0x00, 0x00, 0x00, 0x00, 0x00, 0x00,
    0x00, 0x00, 0x00, 0x00, 0x00, 0x00, 0x00, 0x00, 0x00, 0x00, 0x00, 0x00, 0x00, 0x00, 0x00, 0x00,
    0x00, 0x00, 0x00, 0x00, 0x00, 0x00, 0x00, 0x00, 0x00, 0x00, 0x00, 0x00, 0x00, 0x00, 0x00, 0x00,
    0x00, 0x00, 0x00, 0x00, 0x00, 0x00, 0x00, 0x00, 0x00, 0x00, 0x00, 0x00, 0x00, 0x00, 0x00, 0x00,
    0x00, 0x00, 0x00, 0x00, 0x00, 0x00, 0x00, 0x00, 0x00, 0x00, 0x00, 0x00, 0x00, 0x00, 0x00, 0x00,
    0x00, 0x00, 0x00, 0x00, 0x00, 0x00, 0x00, 0x00, 0x00, 0x00, 0x00, 0x00, 0x00, 0x00, 0x00, 0x00,
    0x00, 0x00, 0x00, 0x00, 0x00, 0x00, 0x00, 0x00, 0x00, 0x00, 0x00, 0x00, 0x00, 0x00, 0x00, 0x00,
    0x00, 0x00, 0x00, 0x00, 0x00, 0x00, 0x00, 0x00, 0x00, 0x00, 0x00, 0x00, 0x00, 0x00, 0x00, 0x00,
    0x00, 0x00, 0x00, 0x00, 0x00, 0x00, 0x00, 0x00, 0x00, 0x00, 0x00, 0x00, 0x00, 0x00, 0x00, 0x00,
    0x00, 0x00, 0x00, 0x00, 0x00, 0x00, 0x00, 0x00, 0x00, 0x00, 0x00, 0x00, 0x00, 0x00, 0x00, 0x00,
    0x00, 0x00, 0x00, 0x00, 0x00, 0x00, 0x00, 0x00, 0x00, 0x00, 0x00, 0x00, 0x00, 0x00, 0x00, 0x00,
    0x00, 0x00, 0x00, 0x00, 0x00, 0x00, 0x00, 0x00, 0x00, 0x00, 0x00, 0x00, 0x00, 0x00, 0x00, 0x00,
    0x00, 0x00, 0x00, 0x00, 0x00, 0x00, 0x00, 0x00, 0x00, 0x00, 0x00, 0x00, 0x00, 0x00, 0x00, 0x00,
    0x00, 0x00, 0x00, 0x00, 0x00, 0x00, 0x00, 0x00, 0x00, 0x00, 0x00, 0x00, 0x00, 0x00, 0x00, 0x00,
    0x00, 0x00, 0x00, 0x00, 0x00, 0x00, 0x00, 0x00, 0x00, 0x00, 0x00, 0x00, 0x00, 0x00, 0x00, 0x00,
    0x00, 0x00, 0x00, 0x00, 0x00, 0x00, 0x00, 0x00, 0x00, 0x00, 0x00, 0x00, 0x00, 0x00, 0x00, 0x00,
    0x00, 0x00, 0x00, 0x00, 0x00, 0x00, 0x00, 0x00, 0x00, 0x00, 0x00, 0x00, 0x00, 0x00, 0x00, 0x00,
    0x00, 0x00, 0x00, 0x00, 0x00, 0x00, 0x00, 0x00, 0x00, 0x00, 0x00, 0x00, 0x00, 0x00, 0x00, 0x00,
    0x00, 0x00, 0x00, 0x00, 0x00, 0x00, 0x00, 0x00, 0x00, 0x00, 0x00, 0x00, 0x00, 0x00, 0x00, 0x00,
    0x00, 0x00, 0x00, 0x00, 0x00, 0x00, 0x00, 0x00, 0x00, 0x00, 0x00, 0x00, 0x00, 0x00, 0x00, 0x00,
    0x00, 0x00, 0x00, 0x00, 0x00, 0x00, 0x00, 0x00, 0x00, 0x00, 0x00, 0x00, 0x00, 0x00, 0x00, 0x00,
    0x00, 0x00, 0x00, 0x00, 0x00, 0x00, 0x00, 0x00, 0x00, 0x00, 0x00, 0x00, 0x00, 0x00, 0x00, 0x00,
    0x00, 0x00, 0x00, 0x00, 0x00, 0x00, 0x00, 0x00, 0x00, 0x00, 0x00, 0x00, 0x00, 0x00, 0x00, 0x00,
    0x00, 0x00, 0x00, 0x00, 0x00, 0x00, 0x00, 0x00, 0x00, 0x00, 0x00, 0x00, 0x00, 0x00, 0x00, 0x00,
    0x00, 0x00, 0x00, 0x00, 0x00, 0x00, 0x00, 0x00, 0x00, 0x00, 0x00, 0x00, 0x00, 0x00, 0x00, 0x00,
    0x00, 0x00, 0x00, 0x00, 0x00, 0x00, 0x00, 0x00, 0x00, 0x00, 0x00, 0x00, 0x00, 0x00, 0x00, 0x00,
    0x00, 0x00, 0x00, 0x00, 0x00, 0x00, 0x00, 0x00, 0x00, 0x00, 0x00, 0x00, 0x00, 0x00, 0x00, 0x00,
    0x00, 0x00, 0x00, 0x00, 0x00, 0x00, 0x00, 0x00, 0x00, 0x00, 0x00, 0x00, 0x00, 0x00, 0x00, 0x00,
    0x00, 0x00, 0x00, 0x00, 0x00, 0x00, 0x00, 0x00, 0x00, 0x00, 0x00, 0x00, 0x00, 0x00, 0x00, 0x00,
    0x00, 0x00, 0x00, 0x00, 0x00, 0x00, 0x00, 0x00, 0x00, 0x00, 0x00, 0x00, 0x00, 0x00, 0x00, 0x00,
    0x00, 0x00, 0x00, 0x00, 0x00, 0x00, 0x00, 0x00, 0x00, 0x00, 0x00, 0x00, 0x00, 0x00, 0x00, 0x00,
    0x00, 0x00, 0x00, 0x00, 0x00, 0x00, 0x00, 0x00, 0x00, 0x00, 0x00, 0x00, 0x00, 0x00, 0x00, 0x00,
    0x00, 0x00, 0x00, 0x00, 0x00, 0x00, 0x00, 0x00, 0x00, 0x00, 0x00, 0x00, 0x00, 0x00, 0x00, 0x00,
    0x00, 0x00, 0x00, 0x00, 0x00, 0x00, 0x00, 0x00, 0x00, 0x00, 0x00, 0x00, 0x00, 0x00, 0x00, 0x00,
    0x00, 0x00, 0x00, 0x00, 0x00, 0x00, 0x00, 0x00, 0x00, 0x00, 0x00, 0x00, 0x00, 0x00, 0x00, 0x00,
    0x00, 0x00, 0x00, 0x00, 0x00, 0x00, 0x00, 0x00, 0x00, 0x00, 0x00, 0x00, 0x00, 0x00, 0x00, 0x00,
    0x00, 0x00, 0x00, 0x00, 0x00, 0x00, 0x00, 0x00, 0x00, 0x00, 0x00, 0x00, 0x00, 0x00, 0x00, 0x00,
    0x00, 0x00, 0x00, 0x00, 0x00, 0x00, 0x00, 0x00, 0x00, 0x00, 0x00, 0x00, 0x00, 0x00, 0x00, 0x00,
    0x00, 0x00, 0x00, 0x00, 0x00, 0x00, 0x00, 0x00, 0x00, 0x00, 0x00, 0x00, 0x00, 0x00, 0x00, 0x00,
    0x00, 0x00, 0x00, 0x00, 0x00, 0x00, 0x00, 0x00, 0x00, 0x00, 0x00, 0x00, 0x00, 0x00, 0x00, 0x00,
    0x00, 0x00, 0x00, 0x00, 0x00, 0x00, 0x00, 0x00, 0x00, 0x00, 0x00, 0x00, 0x00, 0x00, 0x00, 0x00,
    0x00, 0x00, 0x00, 0x00, 0x00, 0x00, 0x00, 0x00, 0x00, 0x00, 0x00, 0x00, 0x00, 0x00, 0x00, 0x00,
    0x00, 0x00, 0x00, 0x00, 0x00, 0x00, 0x00, 0x00, 0x00, 0x00, 0x00, 0x00, 0x00, 0x00, 0x00, 0x00,
    0x00, 0x00, 0x00, 0x00, 0x00, 0x00, 0x00, 0x00, 0x00, 0x00, 0x00, 0x00, 0x00, 0x00, 0x00, 0x00,
    0x00, 0x00, 0x00, 0x00, 0x00, 0x00, 0x00, 0x00, 0x00, 0x00, 0x00, 0x00, 0x00, 0x00, 0x00, 0x00,
    0x00, 0x00, 0x00, 0x00, 0x00, 0x00, 0x00, 0x00, 0x00, 0x00, 0x00, 0x00, 0x00, 0x00, 0x00, 0x00,
    0x00, 0x00, 0x00, 0x00, 0x00, 0x00, 0x00, 0x00, 0x00, 0x00, 0x00, 0x00, 0x00, 0x00, 0x00, 0x00,
    0x00, 0x00, 0x00, 0x00, 0x00, 0x00, 0x00, 0x00, 0x00, 0x00, 0x00, 0x00, 0x00, 0x00, 0x00, 0x00,
    0x00, 0x00, 0x00, 0x00, 0x00, 0x00, 0x00, 0x00, 0x00, 0x00, 0x00, 0x00, 0x00, 0x00, 0x00, 0x00,
    0x00, 0x00, 0x00, 0x00, 0x00, 0x00, 0x00, 0x00, 0x00, 0x00, 0x00, 0x00, 0x00, 0x00, 0x00, 0x00,
    0x00, 0x00, 0x00, 0x00, 0x00, 0x00, 0x00, 0x00, 0x00, 0x00, 0x00, 0x00, 0x00, 0x00, 0x00, 0x00,
    0x00, 0x00, 0x00, 0x00, 0x00, 0x00, 0x00, 0x00, 0x00, 0x00, 0x00, 0x00, 0x00, 0x00, 0x00, 0x00,
    0x00, 0x00, 0x00, 0x00, 0x00, 0x00, 0x00, 0x00, 0x00, 0x00, 0x00, 0x00, 0x00, 0x00, 0x00, 0x00,
    0x00, 0x00, 0x00, 0x00, 0x00, 0x00, 0x00, 0x00, 0x00, 0x00, 0x00, 0x00, 0x00, 0x00, 0x00, 0x00,
    0x00, 0x00, 0x00, 0x00, 0x00, 0x00, 0x00, 0x00, 0x00, 0x00, 0x00, 0x00, 0x00, 0x00, 0x00, 0x00,
    0x00, 0x00, 0x00, 0x00, 0x00, 0x00, 0x00, 0x00, 0x00, 0x00, 0x00, 0x00, 0x00, 0x00, 0x00, 0x00,
    0x00, 0x00, 0x00, 0x00, 0x00, 0x00, 0x00, 0x00, 0x00, 0x00, 0x00, 0x00, 0x00, 0x00, 0x00, 0x00,
    0x00, 0x00, 0x00, 0x00, 0x00, 0x00, 0x00, 0x00, 0x00, 0x00, 0x00, 0x00, 0x00, 0x00, 0x00, 0x00,
    0x00, 0x00, 0x00, 0x00, 0x00, 0x00, 0x00, 0x00, 0x00, 0x00, 0x00, 0x00, 0x00, 0x00, 0x00, 0x00,
    0x00, 0x00, 0x00, 0x00, 0x00, 0x00, 0x00, 0x00, 0x00, 0x00, 0x00, 0x00, 0x00, 0x00, 0x00, 0x00,
    0x00, 0x00, 0x00, 0x00, 0x00, 0x00, 0x00, 0x00, 0x00, 0x00, 0x00, 0x00, 0x00, 0x00, 0x00, 0x00,
    0x00, 0x00, 0x00, 0x00, 0x00, 0x00, 0x00, 0x00, 0x00, 0x00, 0x00, 0x00, 0x00, 0x00, 0x00, 0x00,
    0x00, 0x00, 0x00, 0x00, 0x00, 0x00, 0x00, 0x00, 0x00, 0x00, 0x00, 0x00, 0x00, 0x00, 0x00, 0x00,
    0x00, 0x00, 0x00, 0x00, 0x00, 0x00, 0x00, 0x00, 0x00, 0x00, 0x00, 0x00, 0x00, 0x00, 0x00, 0x00,
    0x00, 0x00, 0x00, 0x00, 0x00, 0x00, 0x00, 0x00, 0x00, 0x00, 0x00, 0x00, 0x00, 0x00, 0x00, 0x00,
    0x00, 0x00, 0x00, 0x00, 0x00, 0x00, 0x00, 0x00, 0x00, 0x00, 0x00, 0x00, 0x00, 0x00, 0x00, 0x00,
    0x00, 0x00, 0x00, 0x00, 0x00, 0x00, 0x00, 0x00, 0x00, 0x00, 0x00, 0x00, 0x00, 0x00, 0x00, 0x00,
    0x00, 0x00, 0x00, 0x00, 0x00, 0x00, 0x00, 0x00, 0x00, 0x00, 0x00, 0x00, 0x00, 0x00, 0x00, 0x00,
    0x00, 0x00, 0x00, 0x00, 0x00, 0x00, 0x00, 0x00, 0x00, 0x00, 0x00, 0x00, 0x00, 0x00, 0x00, 0x00,
    0x00, 0x00, 0x00, 0x00, 0x00, 0x00, 0x00, 0x00, 0x00, 0x00, 0x00, 0x00, 0x00, 0x00, 0x00, 0x00,
    0x00, 0x00, 0x00, 0x00, 0x00, 0x00, 0x00, 0x00, 0x00, 0x00, 0x00, 0x00, 0x00, 0x00, 0x00, 0x00,
    0x00, 0x00, 0x00, 0x00, 0x00, 0x00, 0x00, 0x00, 0x00, 0x00, 0x00, 0x00, 0x00, 0x00, 0x00, 0x00,
    0x00, 0x00, 0x00, 0x00, 0x00, 0x00, 0x00, 0x00, 0x00, 0x00, 0x00, 0x00, 0x00, 0x00, 0x00, 0x00,
    0x00, 0x00, 0x00, 0x00, 0x00, 0x00, 0x00, 0x00, 0x00, 0x00, 0x00, 0x00, 0x00, 0x00, 0x00, 0x00,
    0x00, 0x00, 0x00, 0x00, 0x00, 0x00, 0x00, 0x00, 0x00, 0x00, 0x00, 0x00, 0x00, 0x00, 0x00, 0x00,
    0x00, 0x00, 0x00, 0x00, 0x00, 0x00, 0x00, 0x00, 0x00, 0x00, 0x00, 0x00, 0x00, 0x00, 0x00, 0x00,
    0x00, 0x00, 0x00, 0x00, 0x00, 0x00, 0x00, 0x00, 0x00, 0x00, 0x00, 0x00, 0x00, 0x00, 0x00, 0x00,
    0x00, 0x00, 0x00, 0x00, 0x00, 0x00, 0x00, 0x00, 0x00, 0x00, 0x00, 0x00, 0x00, 0x00, 0x00, 0x00,
    0x00, 0x00, 0x00, 0x00, 0x00, 0x00, 0x00, 0x00, 0x00, 0x00, 0x00, 0x00, 0x00, 0x00, 0x00, 0x00,
    0x00, 0x00, 0x00, 0x00, 0x00, 0x00, 0x00, 0x00, 0x00, 0x00, 0x00, 0x00, 0x00, 0x00, 0x00, 0x00,
    0x00, 0x00, 0x00, 0x00, 0x00, 0x00, 0x00, 0x00, 0x00, 0x00, 0x00, 0x00, 0x00, 0x00, 0x00, 0x00,
    0x00, 0x00, 0x00, 0x00, 0x00, 0x00, 0x00, 0x00, 0x00, 0x00, 0x00, 0x00, 0x00, 0x00, 0x00, 0x00,
    0x00, 0x00, 0x00, 0x00, 0x00, 0x00, 0x00, 0x00, 0x00, 0x00, 0x00, 0x00, 0x00, 0x00, 0x00, 0x00,
    0x00, 0x00, 0x00, 0x00, 0x00, 0x00, 0x00, 0x00, 0x00, 0x00, 0x00, 0x00, 0x00, 0x00, 0x00, 0x00,
    0x00, 0x00, 0x00, 0x00, 0x00, 0x00, 0x00, 0x00, 0x00, 0x00, 0x00, 0x00, 0x00, 0x00, 0x00, 0x00,
    0x00, 0x00, 0x00, 0x00, 0x00, 0x00, 0x00, 0x00, 0x00, 0x00, 0x00, 0x00, 0x00, 0x00, 0x00, 0x00,
    0x00, 0x00, 0x00, 0x00, 0x00, 0x00, 0x00, 0x00, 0x00, 0x00, 0x00, 0x00, 0x00, 0x00, 0x00, 0x00,
    0x00, 0x00, 0x00, 0x00, 0x00, 0x00, 0x00, 0x00, 0x00, 0x00, 0x00, 0x00, 0x00, 0x00, 0x00, 0x00,
    0x00, 0x00, 0x00, 0x00, 0x00, 0x00, 0x00, 0x00, 0x00, 0x00, 0x00, 0x00, 0x00, 0x00, 0x00, 0x00,
    0x00, 0x00, 0x00, 0x00, 0x00, 0x00, 0x00, 0x00, 0x00, 0x00, 0x00, 0x00, 0x00, 0x00, 0x00, 0x00,
    0x00, 0x00, 0x00, 0x00, 0x00, 0x00, 0x00, 0x00, 0x00, 0x00, 0x00, 0x00, 0x00, 0x00, 0x00, 0x00,
    0x00, 0x00, 0x00, 0x00, 0x00, 0x00, 0x00, 0x00, 0x00, 0x00, 0x00, 0x00, 0x00, 0x00, 0x00, 0x00,
    0x00, 0x00, 0x00, 0x00, 0x00, 0x00, 0x00, 0x00, 0x00, 0x00, 0x00, 0x00, 0x00, 0x00, 0x00, 0x00,
    0x00, 0x00, 0x00, 0x00, 0x00, 0x00, 0x00, 0x00, 0x00, 0x00, 0x00, 0x00, 0x00, 0x00, 0x00, 0x00,
    0x00, 0x00, 0x00, 0x00, 0x00, 0x00, 0x00, 0x00, 0x00, 0x00, 0x00, 0x00, 0x00, 0x00, 0x00, 0x00,
    0x00, 0x00, 0x00, 0x00, 0x00, 0x00, 0x00, 0x00, 0x00, 0x00, 0x00, 0x00, 0x00, 0x00, 0x00, 0x00,
    0x00, 0x00, 0x00, 0x00, 0x00, 0x00, 0x00, 0x00, 0x00, 0x00, 0x00, 0x00, 0x00, 0x00, 0x00, 0x00,
    0x00, 0x00, 0x00, 0x00, 0x00, 0x00, 0x00, 0x00, 0x00, 0x00, 0x00, 0x00, 0x00, 0x00, 0x00, 0x00,
    0x00, 0x00, 0x00, 0x00, 0x00, 0x00, 0x00, 0x00, 0x00, 0x00, 0x00, 0x00, 0x00, 0x00, 0x00, 0x00,
    0x00, 0x00, 0x00, 0x00, 0x00, 0x00, 0x00, 0x00, 0x00, 0x00, 0x00, 0x00, 0x00, 0x00, 0x00, 0x00,
    0x00, 0x00, 0x00, 0x00, 0x00, 0x00, 0x00, 0x00, 0x00, 0x00, 0x00, 0x00, 0x00, 0x00, 0x00, 0x00,
    0x00, 0x00, 0x00, 0x00, 0x00, 0x00, 0x00, 0x00, 0x00, 0x00, 0x00, 0x00, 0x00, 0x00, 0x00, 0x00,
    0x00, 0x00, 0x00, 0x00, 0x00, 0x00, 0x00, 0x00, 0x00, 0x00, 0x00, 0x00, 0x00, 0x00, 0x00, 0x00,
    0x00, 0x00, 0x00, 0x00, 0x00, 0x00, 0x00, 0x00, 0x00, 0x00, 0x00, 0x00, 0x00, 0x00, 0x00, 0x00,
    0x00, 0x00, 0x00, 0x00, 0x00, 0x00, 0x00, 0x00, 0x00, 0x00, 0x00, 0x00, 0x00, 0x00, 0x00, 0x00,
    0x00, 0x00, 0x00, 0x00, 0x00, 0x00, 0x00, 0x00, 0x00, 0x00, 0x00, 0x00, 0x00, 0x00, 0x00, 0x00,
    0x00, 0x00, 0x00, 0x00, 0x00, 0x00, 0x00, 0x00, 0x00, 0x00, 0x00, 0x00, 0x00, 0x00, 0x00, 0x00,
    0x00, 0x00, 0x00, 0x00, 0x00, 0x00, 0x00, 0x00, 0x00, 0x00, 0x00, 0x00, 0x00, 0x00, 0x00, 0x00,
    0x00, 0x00, 0x00, 0x00, 0x00, 0x00, 0x00, 0x00, 0x00, 0x00, 0x00, 0x00, 0x00, 0x00, 0x00, 0x00,
    0x00, 0x00, 0x00, 0x00, 0x00, 0x00, 0x00, 0x00, 0x00, 0x00, 0x00, 0x00, 0x00, 0x00, 0x00, 0x00,
    0x00, 0x00, 0x00, 0x00, 0x00, 0x00, 0x00, 0x00, 0x00, 0x00, 0x00, 0x00, 0x00, 0x00, 0x00, 0x00,
    0x00, 0x00, 0x00, 0x00, 0x00, 0x00, 0x00, 0x00, 0x00, 0x00, 0x00, 0x00, 0x00, 0x00, 0x00, 0x00,
    0x00, 0x00, 0x00, 0x00, 0x00, 0x00, 0x00, 0x00, 0x00, 0x00, 0x00, 0x00, 0x00, 0x00, 0x00, 0x00,
    0x00, 0x00, 0x00, 0x00, 0x00, 0x00, 0x00, 0x00, 0x00, 0x00, 0x00, 0x00, 0x00, 0x00, 0x00, 0x00,
    0x00, 0x00, 0x00, 0x00, 0x00, 0x00, 0x00, 0x00, 0x00, 0x00, 0x00, 0x00, 0x00, 0x00, 0x00, 0x00,
    0x00, 0x00, 0x00, 0x00, 0x00, 0x00, 0x00, 0x00, 0x00, 0x00, 0x00, 0x00, 0x00, 0x00, 0x00, 0x00,
    0x00, 0x00, 0x00, 0x00, 0x00, 0x00, 0x00, 0x00, 0x00, 0x00, 0x00, 0x00, 0x00, 0x00, 0x00, 0x00,
    0x00, 0x00, 0x00, 0x00, 0x00, 0x00, 0x00, 0x00, 0x00, 0x00, 0x00, 0x00, 0x00, 0x00, 0x00, 0x00,
    0x00, 0x00, 0x00, 0x00, 0x00, 0x00, 0x00, 0x00, 0x00, 0x00, 0x00, 0x00, 0x00, 0x00, 0x00, 0x00,
    0x00, 0x00, 0x00, 0x00, 0x00, 0x00, 0x00, 0x00, 0x00, 0x00, 0x00, 0x00, 0x00, 0x00, 0x00, 0x00,
    0x00, 0x00, 0x00, 0x00, 0x00, 0x00, 0x00, 0x00, 0x00, 0x00, 0x00, 0x00, 0x00, 0x00, 0x00, 0x00,
    0x00, 0x00, 0x00, 0x00, 0x00, 0x00, 0x00, 0x00, 0x00, 0x00, 0x00, 0x00, 0x00, 0x00, 0x00, 0x00,
    0x00, 0x00, 0x00, 0x00, 0x00, 0x00, 0x00, 0x00, 0x00, 0x00, 0x00, 0x00, 0x00, 0x00, 0x00, 0x00,
    0x00, 0x00, 0x00, 0x00, 0x00, 0x00, 0x00, 0x00, 0x00, 0x00, 0x00, 0x00, 0x00, 0x00, 0x00, 0x00,
    0x00, 0x00, 0x00, 0x00, 0x00, 0x00, 0x00, 0x00, 0x00, 0x00, 0x00, 0x00, 0x00, 0x00, 0x00, 0x00,
    0x00, 0x00, 0x00, 0x00, 0x00, 0x00, 0x00, 0x00, 0x00, 0x00, 0x00, 0x00, 0x00, 0x00, 0x00, 0x00,
    0x00, 0x00, 0x00, 0x00, 0x00, 0x00, 0x00, 0x00, 0x00, 0x00, 0x00, 0x00, 0x00, 0x00, 0x00, 0x00,
    0x00, 0x00, 0x00, 0x00, 0x00, 0x00, 0x00, 0x00, 0x00, 0x00, 0x00, 0x00, 0x00, 0x00, 0x00, 0x00,
    0x00, 0x00, 0x00, 0x00, 0x00, 0x00, 0x00, 0x00, 0x00, 0x00, 0x00, 0x00, 0x00, 0x00, 0x00, 0x00,
    0x00, 0x00, 0x00, 0x00, 0x00, 0x00, 0x00, 0x00, 0x00, 0x00, 0x00, 0x00, 0x00, 0x00, 0x00, 0x00,
    0x00, 0x00, 0x00, 0x00, 0x00, 0x00, 0x00, 0x00, 0x00, 0x00, 0x00, 0x00, 0x00, 0x00, 0x00, 0x00,
    0x00, 0x00, 0x00, 0x00, 0x00, 0x00, 0x00, 0x00, 0x00, 0x00, 0x00, 0x00, 0x00, 0x00, 0x00, 0x00,
    0x00, 0x00, 0x00, 0x00, 0x00, 0x00, 0x00, 0x00, 0x00, 0x00, 0x00, 0x00, 0x00, 0x00, 0x00, 0x00,
    0x00, 0x00, 0x00, 0x00, 0x00, 0x00, 0x00, 0x00, 0x00, 0x00, 0x00, 0x00, 0x00, 0x00, 0x00, 0x00,
    0x00, 0x00, 0x00, 0x00, 0x00, 0x00, 0x00, 0x00, 0x00, 0x00, 0x00, 0x00, 0x00, 0x00, 0x00, 0x00,
    0x00, 0x00, 0x00, 0x00, 0x00, 0x00, 0x00, 0x00, 0x00, 0x00, 0x00, 0x00, 0x00, 0x00, 0x00, 0x00,
    0x00, 0x00, 0x00, 0x00, 0x00, 0x00, 0x00, 0x00, 0x00, 0x00, 0x00, 0x00, 0x00, 0x00, 0x00, 0x00,
    0x00, 0x00, 0x00, 0x00, 0x00, 0x00, 0x00, 0x00, 0x00, 0x00, 0x00, 0x00, 0x00, 0x00, 0x00, 0x00,
    0x00, 0x00, 0x00, 0x00, 0x00, 0x00, 0x00, 0x00, 0x00, 0x00, 0x00, 0x00, 0x00, 0x00, 0x00, 0x00,
    0x00, 0x00, 0x00, 0x00, 0x00, 0x00, 0x00, 0x00, 0x00, 0x00, 0x00, 0x00, 0x00, 0x00, 0x00, 0x00,
    0x00, 0x00, 0x00, 0x00, 0x00, 0x00, 0x00, 0x00, 0x00, 0x00, 0x00, 0x00, 0x00, 0x00, 0x00, 0x00,
    0x00, 0x00, 0x00, 0x00, 0x00, 0x00, 0x00, 0x00, 0x00, 0x00, 0x00, 0x00, 0x00, 0x00, 0x00, 0x00,
    0x00, 0x00, 0x00, 0x00, 0x00, 0x00, 0x00, 0x00, 0x00, 0x00, 0x00, 0x00, 0x00, 0x00, 0x00, 0x00,
    0x00, 0x00, 0x00, 0x00, 0x00, 0x00, 0x00, 0x00, 0x00, 0x00, 0x00, 0x00, 0x00, 0x00, 0x00, 0x00,
    0x00, 0x00, 0x00, 0x00, 0x00, 0x00, 0x00, 0x00, 0x00, 0x00, 0x00, 0x00, 0x00, 0x00, 0x00, 0x00,
    0x00, 0x00, 0x00, 0x00, 0x00, 0x00, 0x00, 0x00, 0x00, 0x00, 0x00, 0x00, 0x00, 0x00, 0x00, 0x00,
    0x00, 0x00, 0x00, 0x00, 0x00, 0x00, 0x00, 0x00, 0x00, 0x00, 0x00, 0x00, 0x00, 0x00, 0x00, 0x00,
    0x00, 0x00, 0x00, 0x00, 0x00, 0x00, 0x00, 0x00, 0x00, 0x00, 0x00, 0x00, 0x00, 0x00, 0x00, 0x00,
    0x00, 0x00, 0x00, 0x00, 0x00, 0x00, 0x00, 0x00, 0x00, 0x00, 0x00, 0x00, 0x00, 0x00, 0x00, 0x00,
    0x00, 0x00, 0x00, 0x00, 0x00, 0x00, 0x00, 0x00, 0x00, 0x00, 0x00, 0x00, 0x00, 0x00, 0x00, 0x00,
    0x00, 0x00, 0x00, 0x00, 0x00, 0x00, 0x00, 0x00, 0x00, 0x00, 0x00, 0x00, 0x00, 0x00, 0x00, 0x00,
    0x00, 0x00, 0x00, 0x00, 0x00, 0x00, 0x00, 0x00, 0x00, 0x00, 0x00, 0x00, 0x00, 0x00, 0x00, 0x00,
    0x00, 0x00, 0x00, 0x00, 0x00, 0x00, 0x00, 0x00, 0x00, 0x00, 0x00, 0x00, 0x00, 0x00, 0x00, 0x00,
    0x00, 0x00, 0x00, 0x00, 0x00, 0x00, 0x00, 0x00, 0x00, 0x00, 0x00, 0x00, 0x00, 0x00, 0x00, 0x00,
    0x00, 0x00, 0x00, 0x00, 0x00, 0x00, 0x00, 0x00, 0x00, 0x00, 0x00, 0x00, 0x00, 0x00, 0x00, 0x00,
    0x00, 0x00, 0x00, 0x00, 0x00, 0x00, 0x00, 0x00, 0x00, 0x00, 0x00, 0x00, 0x00, 0x00, 0x00, 0x00,
    0x00, 0x00, 0x00, 0x00, 0x00, 0x00, 0x00, 0x00, 0x00, 0x00, 0x00, 0x00, 0x00, 0x00, 0x00, 0x00,
    0x00, 0x00, 0x00, 0x00, 0x00, 0x00, 0x00, 0x00, 0x00, 0x00, 0x00, 0x00, 0x00, 0x00, 0x00, 0x00,
    0x00, 0x00, 0x00, 0x00, 0x00, 0x00, 0x00, 0x00, 0x00, 0x00, 0x00, 0x00, 0x00, 0x00, 0x00, 0x00,
    0x00, 0x00, 0x00, 0x00, 0x00, 0x00, 0x00, 0x00, 0x00, 0x00, 0x00, 0x00, 0x00, 0x00, 0x00, 0x00,
    0x00, 0x00, 0x00, 0x00, 0x00, 0x00, 0x00, 0x00, 0x00, 0x00, 0x00, 0x00, 0x00, 0x00, 0x00, 0x00,
    0x00, 0x00, 0x00, 0x00, 0x00, 0x00, 0x00, 0x00, 0x00, 0x00, 0x00, 0x00, 0x00, 0x00, 0x00, 0x00,
    0x00, 0x00, 0x00, 0x00, 0x00, 0x00, 0x00, 0x00, 0x00, 0x00, 0x00, 0x00, 0x00, 0x00, 0x00, 0x00,
    0x00, 0x00, 0x00, 0x00, 0x00, 0x00, 0x00, 0x00, 0x00, 0x00, 0x00, 0x00, 0x00, 0x00, 0x00, 0x00,
    0x00, 0x00, 0x00, 0x00, 0x00, 0x00, 0x00, 0x00, 0x00, 0x00, 0x00, 0x00, 0x00, 0x00, 0x00, 0x00,
    0x00, 0x00, 0x00, 0x00, 0x00, 0x00, 0x00, 0x00, 0x00, 0x00, 0x00, 0x00, 0x00, 0x00, 0x00, 0x00,
    0x00, 0x00, 0x00, 0x00, 0x00, 0x00, 0x00, 0x00, 0x00, 0x00, 0x00, 0x00, 0x00, 0x00, 0x00, 0x00,
    0x00, 0x00, 0x00, 0x00, 0x00, 0x00, 0x00, 0x00, 0x00, 0x00, 0x00, 0x00, 0x00, 0x00, 0x00, 0x00,
    0x00, 0x00, 0x00, 0x00, 0x00, 0x00, 0x00, 0x00, 0x00, 0x00, 0x00, 0x00, 0x00, 0x00, 0x00, 0x00,
    0x00, 0x00, 0x00, 0x00, 0x00, 0x00, 0x00, 0x00, 0x00, 0x00, 0x00, 0x00, 0x00, 0x00, 0x00, 0x00,
    0x00, 0x00, 0x00, 0x00, 0x00, 0x00, 0x00, 0x00, 0x00, 0x00, 0x00, 0x00, 0x00, 0x00, 0x00, 0x00,
    0x00, 0x00, 0x00, 0x00, 0x00, 0x00, 0x00, 0x00, 0x00, 0x00, 0x00, 0x00, 0x00, 0x00, 0x00, 0x00,
    0x00, 0x00, 0x00, 0x00, 0x00, 0x00, 0x00, 0x00, 0x00, 0x00, 0x00, 0x00, 0x00, 0x00, 0x00, 0x00,
    0x00, 0x00, 0x00, 0x00, 0x00, 0x00, 0x00, 0x00, 0x00, 0x00, 0x00, 0x00, 0x00, 0x00, 0x00, 0x00,
    0x00, 0x00, 0x00, 0x00, 0x00, 0x00, 0x00, 0x00, 0x00, 0x00, 0x00, 0x00, 0x00, 0x00, 0x00, 0x00,
    0x00, 0x00, 0x00, 0x00, 0x00, 0x00, 0x00, 0x00, 0x00, 0x00, 0x00, 0x00, 0x00, 0x00, 0x00, 0x00,
    0x00, 0x00, 0x00, 0x00, 0x00, 0x00, 0x00, 0x00, 0x00, 0x00, 0x00, 0x00, 0x00, 0x00, 0x00, 0x00,
    0x00, 0x00, 0x00, 0x00, 0x00, 0x00, 0x00, 0x00, 0x00, 0x00, 0x00, 0x00, 0x00, 0x00, 0x00, 0x00,
    0x00, 0x00, 0x00, 0x00, 0x00, 0x00, 0x00, 0x00, 0x00, 0x00, 0x00, 0x00, 0x00, 0x00, 0x00, 0x00,
    0x00, 0x00, 0x00, 0x00, 0x00, 0x00, 0x00, 0x00, 0x00, 0x00, 0x00, 0x00, 0x00, 0x00, 0x00, 0x00,
    0x00, 0x00, 0x00, 0x00, 0x00, 0x00, 0x00, 0x00, 0x00, 0x00, 0x00, 0x00, 0x00, 0x00, 0x00, 0x00,
    0x00, 0x00, 0x00, 0x00, 0x00, 0x00, 0x00, 0x00, 0x00, 0x00, 0x00, 0x00, 0x00, 0x00, 0x00, 0x00,
    0x00, 0x00, 0x00, 0x00, 0x00, 0x00, 0x00, 0x00, 0x00, 0x00, 0x00, 0x00, 0x00, 0x00, 0x00, 0x00,
    0x00, 0x00, 0x00, 0x00, 0x00, 0x00, 0x00, 0x00, 0x00, 0x00, 0x00, 0x00, 0x00, 0x00, 0x00, 0x00,
    0x00, 0x00, 0x00, 0x00, 0x00, 0x00, 0x00, 0x00, 0x00, 0x00, 0x00, 0x00, 0x00, 0x00, 0x00, 0x00,
    0x00, 0x00, 0x00, 0x00, 0x00, 0x00, 0x00, 0x00, 0x00, 0x00, 0x00, 0x00, 0x00, 0x00, 0x00, 0x00,
    0x00, 0x00, 0x00, 0x00, 0x00, 0x00, 0x00, 0x00, 0x00, 0x00, 0x00, 0x00, 0x00, 0x00, 0x00, 0x00,
    0x00, 0x00, 0x00, 0x00, 0x00, 0x00, 0x00, 0x00, 0x00, 0x00, 0x00, 0x00, 0x00, 0x00, 0x00, 0x00,
    0x00, 0x00, 0x00, 0x00, 0x00, 0x00, 0x00, 0x00, 0x00, 0x00, 0x00, 0x00, 0x00, 0x00, 0x00, 0x00,
    0x00, 0x00, 0x00, 0x00, 0x00, 0x00, 0x00, 0x00, 0x00, 0x00, 0x00, 0x00, 0x00, 0x00, 0x00, 0x00,
    0x00, 0x00, 0x00, 0x00, 0x00, 0x00, 0x00, 0x00, 0x00, 0x00, 0x00, 0x00, 0x00, 0x00, 0x00, 0x00,
    0x00, 0x00, 0x00, 0x00, 0x00, 0x00, 0x00, 0x00, 0x00, 0x00, 0x00, 0x00, 0x00, 0x00, 0x00, 0x00,
    0x00, 0x00, 0x00, 0x00, 0x00, 0x00, 0x00, 0x00, 0x00, 0x00, 0x00, 0x00, 0x00, 0x00, 0x00, 0x00,
    0x00, 0x00, 0x00, 0x00, 0x00, 0x00, 0x00, 0x00, 0x00, 0x00, 0x00, 0x00, 0x00, 0x00, 0x00, 0x00,
    0x00, 0x00, 0x00, 0x00, 0x00, 0x00, 0x00, 0x00, 0x00, 0x00, 0x00, 0x00, 0x00, 0x00, 0x00, 0x00,
    0x00, 0x00, 0x00, 0x00, 0x00, 0x00, 0x00, 0x00, 0x00, 0x00, 0x00, 0x00, 0x00, 0x00, 0x00, 0x00,
    0x00, 0x00, 0x00, 0x00, 0x00, 0x00, 0x00, 0x00, 0x00, 0x00, 0x00, 0x00, 0x00, 0x00, 0x00, 0x00,
    0x00, 0x00, 0x00, 0x00, 0x00, 0x00, 0x00, 0x00, 0x00, 0x00, 0x00, 0x00, 0x00, 0x00, 0x00, 0x00,
    0x00, 0x00, 0x00, 0x00, 0x00, 0x00, 0x00, 0x00, 0x00, 0x00, 0x00, 0x00, 0x00, 0x00, 0x00, 0x00,
    0x00, 0x00, 0x00, 0x00, 0x00, 0x00, 0x00, 0x00, 0x00, 0x00, 0x00, 0x00, 0x00, 0x00, 0x00, 0x00,
    0x00, 0x00, 0x00, 0x00, 0x00, 0x00, 0x00, 0x00, 0x00, 0x00, 0x00, 0x00, 0x00, 0x00, 0x00, 0x00,
    0x00, 0x00, 0x00, 0x00, 0x00, 0x00, 0x00, 0x00, 0x00, 0x00, 0x00, 0x00, 0x00, 0x00, 0x00, 0x00,
    0x00, 0x00, 0x00, 0x00, 0x00, 0x00, 0x00, 0x00, 0x00, 0x00, 0x00, 0x00, 0x00, 0x00, 0x00, 0x00,
    0x00, 0x00, 0x00, 0x00, 0x00, 0x00, 0x00, 0x00, 0x00, 0x00, 0x00, 0x00, 0x00, 0x00, 0x00, 0x00,
    0x00, 0x00, 0x00, 0x00, 0x00, 0x00, 0x00, 0x00, 0x00, 0x00, 0x00, 0x00, 0x00, 0x00, 0x00, 0x00,
    0x00, 0x00, 0x00, 0x00, 0x00, 0x00, 0x00, 0x00, 0x00, 0x00, 0x00, 0x00, 0x00, 0x00, 0x00, 0x00,
    0x00, 0x00, 0x00, 0x00, 0x00, 0x00, 0x00, 0x00, 0x00, 0x00, 0x00, 0x00, 0x00, 0x00, 0x00, 0x00,
    0x00, 0x00, 0x00, 0x00, 0x00, 0x00, 0x00, 0x00, 0x00, 0x00, 0x00, 0x00, 0x00, 0x00, 0x00, 0x00,
    0x00, 0x00, 0x00, 0x00, 0x00, 0x00, 0x00, 0x00, 0x00, 0x00, 0x00, 0x00, 0x00, 0x00, 0x00, 0x00,
    0x00, 0x00, 0x00, 0x00, 0x00, 0x00, 0x00, 0x00, 0x00, 0x00, 0x00, 0x00, 0x00, 0x00, 0x00, 0x00,
    0x00, 0x00, 0x00, 0x00, 0x00, 0x00, 0x00, 0x00, 0x00, 0x00, 0x00, 0x00, 0x00, 0x00, 0x00, 0x00,
    0x00, 0x00, 0x00, 0x00, 0x00, 0x00, 0x00, 0x00, 0x00, 0x00, 0x00, 0x00, 0x00, 0x00, 0x00, 0x00,
    0x00, 0x00, 0x00, 0x00, 0x00, 0x00, 0x00, 0x00, 0x00, 0x00, 0x00, 0x00, 0x00, 0x00, 0x00, 0x00,
    0x00, 0x00, 0x00, 0x00, 0x00, 0x00, 0x00, 0x00, 0x00, 0x00, 0x00, 0x00, 0x00, 0x00, 0x00, 0x00,
    0x00, 0x00, 0x00, 0x00, 0x00, 0x00, 0x00, 0x00, 0x00, 0x00, 0x00, 0x00, 0x00, 0x00, 0x00, 0x00,
    0x00, 0x00, 0x00, 0x00, 0x00, 0x00, 0x00, 0x00, 0x00, 0x00, 0x00, 0x00, 0x00, 0x00, 0x00, 0x00,
    0x00, 0x00, 0x00, 0x00, 0x00, 0x00, 0x00, 0x00, 0x00, 0x00, 0x00, 0x00, 0x00, 0x00, 0x00, 0x00,
    0x00, 0x00, 0x00, 0x00, 0x00, 0x00, 0x00, 0x00, 0x00, 0x00, 0x00, 0x00, 0x00, 0x00, 0x00, 0x00,
    0x00, 0x00, 0x00, 0x00, 0x00, 0x00, 0x00, 0x00, 0x00, 0x00, 0x00, 0x00, 0x00, 0x00, 0x00, 0x00,
    0x00, 0x00, 0x00, 0x00, 0x00, 0x00, 0x00, 0x00, 0x00, 0x00, 0x00, 0x00, 0x00, 0x00, 0x00, 0x00,
    0x00, 0x00, 0x00, 0x00, 0x00, 0x00, 0x00, 0x00, 0x00, 0x00, 0x00, 0x00, 0x00, 0x00, 0x00, 0x00,
    0x00, 0x00, 0x00, 0x00, 0x00, 0x00, 0x00, 0x00, 0x00, 0x00, 0x00, 0x00, 0x00, 0x00, 0x00, 0x00,
    0x00, 0x00, 0x00, 0x00, 0x00, 0x00, 0x00, 0x00, 0x00, 0x00, 0x00, 0x00, 0x00, 0x00, 0x00, 0x00,
    0x00, 0x00, 0x00, 0x00, 0x00, 0x00, 0x00, 0x00, 0x00, 0x00, 0x00, 0x00, 0x00, 0x00, 0x00, 0x00,
    0x00, 0x00, 0x00, 0x00, 0x00, 0x00, 0x00, 0x00, 0x00, 0x00, 0x00, 0x00, 0x00, 0x00, 0x00, 0x00,
    0x00, 0x00, 0x00, 0x00, 0x00, 0x00, 0x00, 0x00, 0x00, 0x00, 0x00, 0x00, 0x00, 0x00, 0x00, 0x00,
    0x00, 0x00, 0x00, 0x00, 0x00, 0x00, 0x00, 0x00, 0x00, 0x00, 0x00, 0x00, 0x00, 0x00, 0x00, 0x00,
    0x00, 0x00, 0x00, 0x00, 0x00, 0x00, 0x00, 0x00, 0x00, 0x00, 0x00, 0x00, 0x00, 0x00, 0x00, 0x00,
    0x00, 0x00, 0x00, 0x00, 0x00, 0x00, 0x00, 0x00, 0x00, 0x00, 0x00, 0x00, 0x00, 0x00, 0x00, 0x00,
    0x00, 0x00, 0x00, 0x00, 0x00, 0x00, 0x00, 0x00, 0x00, 0x00, 0x00, 0x00, 0x00, 0x00, 0x00, 0x00,
    0x00, 0x00, 0x00, 0x00, 0x00, 0x00, 0x00, 0x00, 0x00, 0x00, 0x00, 0x00, 0x00, 0x00, 0x00, 0x00,
    0x00, 0x00, 0x00, 0x00, 0x00, 0x00, 0x00, 0x00, 0x00, 0x00, 0x00, 0x00, 0x00, 0x00, 0x00, 0x00,
    0x00, 0x00, 0x00, 0x00, 0x00, 0x00, 0x00, 0x00, 0x00, 0x00, 0x00, 0x00, 0x00, 0x00, 0x00, 0x00,
    0x00, 0x00, 0x00, 0x00, 0x00, 0x00, 0x00, 0x00, 0x00, 0x00, 0x00, 0x00, 0x00, 0x00, 0x00, 0x00,
    0x00, 0x00, 0x00, 0x00, 0x00, 0x00, 0x00, 0x00, 0x00, 0x00, 0x00, 0x00, 0x00, 0x00, 0x00, 0x00,
    0x00, 0x00, 0x00, 0x00, 0x00, 0x00, 0x00, 0x00, 0x00, 0x00, 0x00, 0x00, 0x00, 0x00, 0x00, 0x00,
    0x00, 0x00, 0x00, 0x00, 0x00, 0x00, 0x00, 0x00, 0x00, 0x00, 0x00, 0x00, 0x00, 0x00, 0x00, 0x00,
    0x00, 0x00, 0x00, 0x00, 0x00, 0x00, 0x00, 0x00, 0x00, 0x00, 0x00, 0x00, 0x00, 0x00, 0x00, 0x00,
    0x00, 0x00, 0x00, 0x00, 0x00, 0x00, 0x00, 0x00, 0x00, 0x00, 0x00, 0x00, 0x00, 0x00, 0x00, 0x00,
    0x00, 0x00, 0x00, 0x00, 0x00, 0x00, 0x00, 0x00, 0x00, 0x00, 0x00, 0x00, 0x00, 0x00, 0x00, 0x00,
    0x00, 0x00, 0x00, 0x00, 0x00, 0x00, 0x00, 0x00, 0x00, 0x00, 0x00, 0x00, 0x00, 0x00, 0x00, 0x00,
    0x00, 0x00, 0x00, 0x00, 0x00, 0x00, 0x00, 0x00, 0x00, 0x00, 0x00, 0x00, 0x00, 0x00, 0x00, 0x00,
    0x00, 0x00, 0x00, 0x00, 0x00, 0x00, 0x00, 0x00, 0x00, 0x00, 0x00, 0x00, 0x00, 0x00, 0x00, 0x00,
    0x00, 0x00, 0x00, 0x00, 0x00, 0x00, 0x00, 0x00, 0x00, 0x00, 0x00, 0x00, 0x00, 0x00, 0x00, 0x00,
    0x00, 0x00, 0x00, 0x00, 0x00, 0x00, 0x00, 0x00, 0x00, 0x00, 0x00, 0x00, 0x00, 0x00, 0x00, 0x00,
    0x00, 0x00, 0x00, 0x00, 0x00, 0x00, 0x00, 0x00, 0x00, 0x00, 0x00, 0x00, 0x00, 0x00, 0x00, 0x00,
    0x00, 0x00, 0x00, 0x00, 0x00, 0x00, 0x00, 0x00, 0x00, 0x00, 0x00, 0x00, 0x00, 0x00, 0x00, 0x00,
    0x00, 0x00, 0x00, 0x00, 0x00, 0x00, 0x00, 0x00, 0x00, 0x00, 0x00, 0x00, 0x00, 0x00, 0x00, 0x00,
    0x00, 0x00, 0x00, 0x00, 0x00, 0x00, 0x00, 0x00, 0x00, 0x00, 0x00, 0x00, 0x00, 0x00, 0x00, 0x00,
    0x00, 0x00, 0x00, 0x00, 0x00, 0x00, 0x00, 0x00, 0x00, 0x00, 0x00, 0x00, 0x00, 0x00, 0x00, 0x00,
    0x00, 0x00, 0x00, 0x00, 0x00, 0x00, 0x00, 0x00, 0x00, 0x00, 0x00, 0x00, 0x00, 0x00, 0x00, 0x00,
    0x00, 0x00, 0x00, 0x00, 0x00, 0x00, 0x00, 0x00, 0x00, 0x00, 0x00, 0x00, 0x00, 0x00, 0x00, 0x00,
    0x00, 0x00, 0x00, 0x00, 0x00, 0x00, 0x00, 0x00, 0x00, 0x00, 0x00, 0x00, 0x00, 0x00, 0x00, 0x00,
    0x00, 0x00, 0x00, 0x00, 0x00, 0x00, 0x00, 0x00, 0x00, 0x00, 0x00, 0x00, 0x00, 0x00, 0x00, 0x00,
    0x00, 0x00, 0x00, 0x00, 0x00, 0x00, 0x00, 0x00, 0x00, 0x00, 0x00, 0x00, 0x00, 0x00, 0x00, 0x00,
    0x00, 0x00, 0x00, 0x00, 0x00, 0x00, 0x00, 0x00, 0x00, 0x00, 0x00, 0x00, 0x00, 0x00, 0x00, 0x00,
    0x00, 0x00, 0x00, 0x00, 0x00, 0x00, 0x00, 0x00, 0x00, 0x00, 0x00, 0x00, 0x00, 0x00, 0x00, 0x00,
    0x00, 0x00, 0x00, 0x00, 0x00, 0x00, 0x00, 0x00, 0x00, 0x00, 0x00, 0x00, 0x00, 0x00, 0x00, 0x00,
    0x00, 0x00, 0x00, 0x00, 0x00, 0x00, 0x00, 0x00, 0x00, 0x00, 0x00, 0x00, 0x00, 0x00, 0x00, 0x00,
    0x00, 0x00, 0x00, 0x00, 0x00, 0x00, 0x00, 0x00, 0x00, 0x00, 0x00, 0x00, 0x00, 0x00, 0x00, 0x00,
    0x00, 0x00, 0x00, 0x00, 0x00, 0x00, 0x00, 0x00, 0x00, 0x00, 0x00, 0x00, 0x00, 0x00, 0x00, 0x00,
    0x00, 0x00, 0x00, 0x00, 0x00, 0x00, 0x00, 0x00, 0x00, 0x00, 0x00, 0x00, 0x00, 0x00, 0x00, 0x00,
    0x00, 0x00, 0x00, 0x00, 0x00, 0x00, 0x00, 0x00, 0x00, 0x00, 0x00, 0x00, 0x00, 0x00, 0x00, 0x00,
    0x00, 0x00, 0x00, 0x00, 0x00, 0x00, 0x00, 0x00, 0x00, 0x00, 0x00, 0x00, 0x00, 0x00, 0x00, 0x00,
    0x00, 0x00, 0x00, 0x00, 0x00, 0x00, 0x00, 0x00, 0x00, 0x00, 0x00, 0x00, 0x00, 0x00, 0x00, 0x00,
    0x00, 0x00, 0x00, 0x00, 0x00, 0x00, 0x00, 0x00, 0x00, 0x00, 0x00, 0x00, 0x00, 0x00, 0x00, 0x00,
    0x00, 0x00, 0x00, 0x00, 0x00, 0x00, 0x00, 0x00, 0x00, 0x00, 0x00, 0x00, 0x00, 0x00, 0x00, 0x00,
    0x00, 0x00, 0x00, 0x00, 0x00, 0x00, 0x00, 0x00, 0x00, 0x00, 0x00, 0x00, 0x00, 0x00, 0x00, 0x00,
    0x00, 0x00, 0x00, 0x00, 0x00, 0x00, 0x00, 0x00, 0x00, 0x00, 0x00, 0x00, 0x00, 0x00, 0x00, 0x00,
    0x00, 0x00, 0x00, 0x00, 0x00, 0x00, 0x00, 0x00, 0x00, 0x00, 0x00, 0x00, 0x00, 0x00, 0x00, 0x00,
    0x00, 0x00, 0x00, 0x00, 0x00, 0x00, 0x00, 0x00, 0x00, 0x00, 0x00, 0x00, 0x00, 0x00, 0x00, 0x00,
    0x00, 0x00, 0x00, 0x00, 0x00, 0x00, 0x00, 0x00, 0x00, 0x00, 0x00, 0x00, 0x00, 0x00, 0x00, 0x00,
    0x00, 0x00, 0x00, 0x00, 0x00, 0x00, 0x00, 0x00, 0x00, 0x00, 0x00, 0x00, 0x00, 0x00, 0x00, 0x00,
    0x00, 0x00, 0x00, 0x00, 0x00, 0x00, 0x00, 0x00, 0x00, 0x00, 0x00, 0x00, 0x00, 0x00, 0x00, 0x00,
    0x00, 0x00, 0x00, 0x00, 0x00, 0x00, 0x00, 0x00, 0x00, 0x00, 0x00, 0x00, 0x00, 0x00, 0x00, 0x00,
    0x00, 0x00, 0x00, 0x00, 0x00, 0x00, 0x00, 0x00, 0x00, 0x00, 0x00, 0x00, 0x00, 0x00, 0x00, 0x00,
    0x00, 0x00, 0x00, 0x00, 0x00, 0x00, 0x00, 0x00, 0x00, 0x00, 0x00, 0x00, 0x00, 0x00, 0x00, 0x00,
    0x00, 0x00, 0x00, 0x00, 0x00, 0x00, 0x00, 0x00, 0x00, 0x00, 0x00, 0x00, 0x00, 0x00, 0x00, 0x00,
    0x00, 0x00, 0x00, 0x00, 0x00, 0x00, 0x00, 0x00, 0x00, 0x00, 0x00, 0x00, 0x00, 0x00, 0x00, 0x00,
    0x00, 0x00, 0x00, 0x00, 0x00, 0x00, 0x00, 0x00, 0x00, 0x00, 0x00, 0x00, 0x00, 0x00, 0x00, 0x00,
    0x00, 0x00, 0x00, 0x00, 0x00, 0x00, 0x00, 0x00, 0x00, 0x00, 0x00, 0x00, 0x00, 0x00, 0x00, 0x00,
    0x00, 0x00, 0x00, 0x00, 0x00, 0x00, 0x00, 0x00, 0x00, 0x00, 0x00, 0x00, 0x00, 0x00, 0x00, 0x00,
    0x00, 0x00, 0x00, 0x00, 0x00, 0x00, 0x00, 0x00, 0x00, 0x00, 0x00, 0x00, 0x00, 0x00, 0x00, 0x00,
    0x00, 0x00, 0x00, 0x00, 0x00, 0x00, 0x00, 0x00, 0x00, 0x00, 0x00, 0x00, 0x00, 0x00, 0x00, 0x00,
    0x00, 0x00, 0x00, 0x00, 0x00, 0x00, 0x00, 0x00, 0x00, 0x00, 0x00, 0x00, 0x00, 0x00, 0x00, 0x00,
    0x00, 0x00, 0x00, 0x00, 0x00, 0x00, 0x00, 0x00, 0x00, 0x00, 0x00, 0x00, 0x00, 0x00, 0x00, 0x00,
    0x00, 0x00, 0x00, 0x00, 0x00, 0x00, 0x00, 0x00, 0x00, 0x00, 0x00, 0x00, 0x00, 0x00, 0x00, 0x00,
    0x00, 0x00, 0x00, 0x00, 0x00, 0x00, 0x00, 0x00, 0x00, 0x00, 0x00, 0x00, 0x00, 0x00, 0x00, 0x00,
    0x00, 0x00, 0x00, 0x00, 0x00, 0x00, 0x00, 0x00, 0x00, 0x00, 0x00, 0x00, 0x00, 0x00, 0x00, 0x00,
    0x00, 0x00, 0x00, 0x00, 0x00, 0x00, 0x00, 0x00, 0x00, 0x00, 0x00, 0x00, 0x00, 0x00, 0x00, 0x00,
    0x00, 0x00, 0x00, 0x00, 0x00, 0x00, 0x00, 0x00, 0x00, 0x00, 0x00, 0x00, 0x00, 0x00, 0x00, 0x00,
    0x00, 0x00, 0x00, 0x00, 0x00, 0x00, 0x00, 0x00, 0x00, 0x00, 0x00, 0x00, 0x00, 0x00, 0x00, 0x00,
    0x00, 0x00, 0x00, 0x00, 0x00, 0x00, 0x00, 0x00, 0x00, 0x00, 0x00, 0x00, 0x00, 0x00, 0x00, 0x00,
    0x00, 0x00, 0x00, 0x00, 0x00, 0x00, 0x00, 0x00, 0x00, 0x00, 0x00, 0x00, 0x00, 0x00, 0x00, 0x00,
    0x00, 0x00, 0x00, 0x00, 0x00, 0x00, 0x00, 0x00, 0x00, 0x00, 0x00, 0x00, 0x00, 0x00, 0x00, 0x00,
    0x00, 0x00, 0x00, 0x00, 0x00, 0x00, 0x00, 0x00, 0x00, 0x00, 0x00, 0x00, 0x00, 0x00, 0x00, 0x00,
    0x00, 0x00, 0x00, 0x00, 0x00, 0x00, 0x00, 0x00, 0x00, 0x00, 0x00, 0x00, 0x00, 0x00, 0x00, 0x00,
    0x00, 0x00, 0x00, 0x00, 0x00, 0x00, 0x00, 0x00, 0x00, 0x00, 0x00, 0x00, 0x00, 0x00, 0x00, 0x00,
    0x00, 0x00, 0x00, 0x00, 0x00, 0x00, 0x00, 0x00, 0x00, 0x00, 0x00, 0x00, 0x00, 0x00, 0x00, 0x00,
    0x00, 0x00, 0x00, 0x00, 0x00, 0x00, 0x00, 0x00, 0x00, 0x00, 0x00, 0x00, 0x00, 0x00, 0x00, 0x00,
    0x00, 0x00, 0x00, 0x00, 0x00, 0x00, 0x00, 0x00, 0x00, 0x00, 0x00, 0x00, 0x00, 0x00, 0x00, 0x00,
    0x00, 0x00, 0x00, 0x00, 0x00, 0x00, 0x00, 0x00, 0x00, 0x00, 0x00, 0x00, 0x00, 0x00, 0x00, 0x00,
    0x00, 0x00, 0x00, 0x00, 0x00, 0x00, 0x00, 0x00, 0x00, 0x00, 0x00, 0x00, 0x00, 0x00, 0x00, 0x00,
    0x00, 0x00, 0x00, 0x00, 0x00, 0x00, 0x00, 0x00, 0x00, 0x00, 0x00, 0x00, 0x00, 0x00, 0x00, 0x00,
    0x00, 0x00, 0x00, 0x00, 0x00, 0x00, 0x00, 0x00, 0x00, 0x00, 0x00, 0x00, 0x00, 0x00, 0x00, 0x00,
    0x00, 0x00, 0x00, 0x00, 0x00, 0x00, 0x00, 0x00, 0x00, 0x00, 0x00, 0x00, 0x00, 0x00, 0x00, 0x00,
    0x00, 0x00, 0x00, 0x00, 0x00, 0x00, 0x00, 0x00, 0x00, 0x00, 0x00, 0x00, 0x00, 0x00, 0x00, 0x00,
    0x00, 0x00, 0x00, 0x00, 0x00, 0x00, 0x00, 0x00, 0x00, 0x00, 0x00, 0x00, 0x00, 0x00, 0x00, 0x00,
    0x00, 0x00, 0x00, 0x00, 0x00, 0x00, 0x00, 0x00, 0x00, 0x00, 0x00, 0x00, 0x00, 0x00, 0x00, 0x00,
    0x00, 0x00, 0x00, 0x00, 0x00, 0x00, 0x00, 0x00, 0x00, 0x00, 0x00, 0x00, 0x00, 0x00, 0x00, 0x00,
    0x00, 0x00, 0x00, 0x00, 0x00, 0x00, 0x00, 0x00, 0x00, 0x00, 0x00, 0x00, 0x00, 0x00, 0x00, 0x00,
    0x00, 0x00, 0x00, 0x00, 0x00, 0x00, 0x00, 0x00, 0x00, 0x00, 0x00, 0x00, 0x00, 0x00, 0x00, 0x00,
    0x00, 0x00, 0x00, 0x00, 0x00, 0x00, 0x00, 0x00, 0x00, 0x00, 0x00, 0x00, 0x00, 0x00, 0x00, 0x00,
    0x00, 0x00, 0x00, 0x00, 0x00, 0x00, 0x00, 0x00, 0x00, 0x00, 0x00, 0x00, 0x00, 0x00, 0x00, 0x00,
    0x00, 0x00, 0x00, 0x00, 0x00, 0x00, 0x00, 0x00, 0x00, 0x00, 0x00, 0x00, 0x00, 0x00, 0x00, 0x00,
    0x00, 0x00, 0x00, 0x00, 0x00, 0x00, 0x00, 0x00, 0x00, 0x00, 0x00, 0x00, 0x00, 0x00, 0x00, 0x00,
    0x00, 0x00, 0x00, 0x00, 0x00, 0x00, 0x00, 0x00, 0x00, 0x00, 0x00, 0x00, 0x00, 0x00, 0x00, 0x00,
    0x00, 0x00, 0x00, 0x00, 0x00, 0x00, 0x00, 0x00, 0x00, 0x00, 0x00, 0x00, 0x00, 0x00, 0x00, 0x00,
    0x00, 0x00, 0x00, 0x00, 0x00, 0x00, 0x00, 0x00, 0x00, 0x00, 0x00, 0x00, 0x00, 0x00, 0x00, 0x00,
    0x00, 0x00, 0x00, 0x00, 0x00, 0x00, 0x00, 0x00, 0x00, 0x00, 0x00, 0x00, 0x00, 0x00, 0x00, 0x00,
    0x00, 0x00, 0x00, 0x00, 0x00, 0x00, 0x00, 0x00, 0x00, 0x00, 0x00, 0x00, 0x00, 0x00, 0x00, 0x00,
    0x00, 0x00, 0x00, 0x00, 0x00, 0x00, 0x00, 0x00, 0x00, 0x00, 0x00, 0x00, 0x00, 0x00, 0x00, 0x00,
    0x00, 0x00, 0x00, 0x00, 0x00, 0x00, 0x00, 0x00, 0x00, 0x00, 0x00, 0x00, 0x00, 0x00, 0x00, 0x00,
    0x00, 0x00, 0x00, 0x00, 0x00, 0x00, 0x00, 0x00, 0x00, 0x00, 0x00, 0x00, 0x00, 0x00, 0x00, 0x00,
    0x00, 0x00, 0x00, 0x00, 0x00, 0x00, 0x00, 0x00, 0x00, 0x00, 0x00, 0x00, 0x00, 0x00, 0x00, 0x00,
    0x00, 0x00, 0x00, 0x00, 0x00, 0x00, 0x00, 0x00, 0x00, 0x00, 0x00, 0x00, 0x00, 0x00, 0x00, 0x00,
    0x00, 0x00, 0x00, 0x00, 0x00, 0x00, 0x00, 0x00, 0x00, 0x00, 0x00, 0x00, 0x00, 0x00, 0x00, 0x00,
    0x00, 0x00, 0x00, 0x00, 0x00, 0x00, 0x00, 0x00, 0x00, 0x00, 0x00, 0x00, 0x00, 0x00, 0x00, 0x00,
    0x00, 0x00, 0x00, 0x00, 0x00, 0x00, 0x00, 0x00, 0x00, 0x00, 0x00, 0x00, 0x00, 0x00, 0x00, 0x00,
    0x00, 0x00, 0x00, 0x00, 0x00, 0x00, 0x00, 0x00, 0x00, 0x00, 0x00, 0x00, 0x00, 0x00, 0x00, 0x00,
    0x00, 0x00, 0x00, 0x00, 0x00, 0x00, 0x00, 0x00, 0x00, 0x00, 0x00, 0x00, 0x00, 0x00, 0x00, 0x00,
    0x00, 0x00, 0x00, 0x00, 0x00, 0x00, 0x00, 0x00, 0x00, 0x00, 0x00, 0x00, 0x00, 0x00, 0x00, 0x00,
    0x00, 0x00, 0x00, 0x00, 0x00, 0x00, 0x00, 0x00, 0x00, 0x00, 0x00, 0x00, 0x00, 0x00, 0x00, 0x00,
    0x00, 0x00, 0x00, 0x00, 0x00, 0x00, 0x00, 0x00, 0x00, 0x00, 0x00, 0x00, 0x00, 0x00, 0x00, 0x00,
    0x00, 0x00, 0x00, 0x00, 0x00, 0x00, 0x00, 0x00, 0x00, 0x00, 0x00, 0x00, 0x00, 0x00, 0x00, 0x00,
    0x00, 0x00, 0x00, 0x00, 0x00, 0x00, 0x00, 0x00, 0x00, 0x00, 0x00, 0x00, 0x00, 0x00, 0x00, 0x00,
    0x00, 0x00, 0x00, 0x00, 0x00, 0x00, 0x00, 0x00, 0x00, 0x00, 0x00, 0x00, 0x00, 0x00, 0x00, 0x00,
    0x00, 0x00, 0x00, 0x00, 0x00, 0x00, 0x00, 0x00, 0x00, 0x00, 0x00, 0x00, 0x00, 0x00, 0x00, 0x00,
    0x00, 0x00, 0x00, 0x00, 0x00, 0x00, 0x00, 0x00, 0x00, 0x00, 0x00, 0x00, 0x00, 0x00, 0x00, 0x00,
    0x00, 0x00, 0x00, 0x00, 0x00, 0x00, 0x00, 0x00, 0x00, 0x00, 0x00, 0x00, 0x00, 0x00, 0x00, 0x00,
    0x00, 0x00, 0x00, 0x00, 0x00, 0x00, 0x00, 0x00, 0x00, 0x00, 0x00, 0x00, 0x00, 0x00, 0x00, 0x00,
    0x00, 0x00, 0x00, 0x00, 0x00, 0x00, 0x00, 0x00, 0x00, 0x00, 0x00, 0x00, 0x00, 0x00, 0x00, 0x00,
    0x00, 0x00, 0x00, 0x00, 0x00, 0x00, 0x00, 0x00, 0x00, 0x00, 0x00, 0x00, 0x00, 0x00, 0x00, 0x00,
    0x00, 0x00, 0x00, 0x00, 0x00, 0x00, 0x00, 0x00, 0x00, 0x00, 0x00, 0x00, 0x00, 0x00, 0x00, 0x00,
    0x00, 0x00, 0x00, 0x00, 0x00, 0x00, 0x00, 0x00, 0x00, 0x00, 0x00, 0x00, 0x00, 0x00, 0x00, 0x00,
    0x00, 0x00, 0x00, 0x00, 0x00, 0x00, 0x00, 0x00, 0x00, 0x00, 0x00, 0x00, 0x00, 0x00, 0x00, 0x00,
    0x00, 0x00, 0x00, 0x00, 0x00, 0x00, 0x00, 0x00, 0x00, 0x00, 0x00, 0x00, 0x00, 0x00, 0x00, 0x00,
    0x00, 0x00, 0x00, 0x00, 0x00, 0x00, 0x00, 0x00, 0x00, 0x00, 0x00, 0x00, 0x00, 0x00, 0x00, 0x00,
    0x00, 0x00, 0x00, 0x00, 0x00, 0x00, 0x00, 0x00, 0x00, 0x00, 0x00, 0x00, 0x00, 0x00, 0x00, 0x00,
    0x00, 0x00, 0x00, 0x00, 0x00, 0x00, 0x00, 0x00, 0x00, 0x00, 0x00, 0x00, 0x00, 0x00, 0x00, 0x00,
    0x00, 0x00, 0x00, 0x00, 0x00, 0x00, 0x00, 0x00, 0x00, 0x00, 0x00, 0x00, 0x00, 0x00, 0x00, 0x00,
    0x00, 0x00, 0x00, 0x00, 0x00, 0x00, 0x00, 0x00, 0x00, 0x00, 0x00, 0x00, 0x00, 0x00, 0x00, 0x00,
    0x00, 0x00, 0x00, 0x00, 0x00, 0x00, 0x00, 0x00, 0x00, 0x00, 0x00, 0x00, 0x00, 0x00, 0x00, 0x00,
    0x00, 0x00, 0x00, 0x00, 0x00, 0x00, 0x00, 0x00, 0x00, 0x00, 0x00, 0x00, 0x00, 0x00, 0x00, 0x00,
    0x00, 0x00, 0x00, 0x00, 0x00, 0x00, 0x00, 0x00, 0x00, 0x00, 0x00, 0x00, 0x00, 0x00, 0x00, 0x00,
    0x00, 0x00, 0x00, 0x00, 0x00, 0x00, 0x00, 0x00, 0x00, 0x00, 0x00, 0x00, 0x00, 0x00, 0x00, 0x00,
    0x00, 0x00, 0x00, 0x00, 0x00, 0x00, 0x00, 0x00, 0x00, 0x00, 0x00, 0x00, 0x00, 0x00, 0x00, 0x00,
    0x00, 0x00, 0x00, 0x00, 0x00, 0x00, 0x00, 0x00, 0x00, 0x00, 0x00, 0x00, 0x00, 0x00, 0x00, 0x00,
    0x00, 0x00, 0x00, 0x00, 0x00, 0x00, 0x00, 0x00, 0x00, 0x00, 0x00, 0x00, 0x00, 0x00, 0x00, 0x00,
    0x00, 0x00, 0x00, 0x00, 0x00, 0x00, 0x00, 0x00, 0x00, 0x00, 0x00, 0x00, 0x00, 0x00, 0x00, 0x00,
    0x00, 0x00, 0x00, 0x00, 0x00, 0x00, 0x00, 0x00, 0x00, 0x00, 0x00, 0x00, 0x00, 0x00, 0x00, 0x00,
    0x00, 0x00, 0x00, 0x00, 0x00, 0x00, 0x00, 0x00, 0x00, 0x00, 0x00, 0x00, 0x00, 0x00, 0x00, 0x00,
    0x00, 0x00, 0x00, 0x00, 0x00, 0x00, 0x00, 0x00, 0x00, 0x00, 0x00, 0x00, 0x00, 0x00, 0x00, 0x00,
    0x00, 0x00, 0x00, 0x00, 0x00, 0x00, 0x00, 0x00, 0x00, 0x00, 0x00, 0x00, 0x00, 0x00, 0x00, 0x00,
    0x00, 0x00, 0x00, 0x00, 0x00, 0x00, 0x00, 0x00, 0x00, 0x00, 0x00, 0x00, 0x00, 0x00, 0x00, 0x00,
    0x00, 0x00, 0x00, 0x00, 0x00, 0x00, 0x00, 0x00, 0x00, 0x00, 0x00, 0x00, 0x00, 0x00, 0x00, 0x00,
    0x00, 0x00, 0x00, 0x00, 0x00, 0x00, 0x00, 0x00, 0x00, 0x00, 0x00, 0x00, 0x00, 0x00, 0x00, 0x00,
    0x00, 0x00, 0x00, 0x00, 0x00, 0x00, 0x00, 0x00, 0x00, 0x00, 0x00, 0x00, 0x00, 0x00, 0x00, 0x00,
    0x00, 0x00, 0x00, 0x00, 0x00, 0x00, 0x00, 0x00, 0x00, 0x00, 0x00, 0x00, 0x00, 0x00, 0x00, 0x00,
    0x00, 0x00, 0x00, 0x00, 0x00, 0x00, 0x00, 0x00, 0x00, 0x00, 0x00, 0x00, 0x00, 0x00, 0x00, 0x00,
    0x00, 0x00, 0x00, 0x00, 0x00, 0x00, 0x00, 0x00, 0x00, 0x00, 0x00, 0x00, 0x00, 0x00, 0x00, 0x00,
    0x00, 0x00, 0x00, 0x00, 0x00, 0x00, 0x00, 0x00, 0x00, 0x00, 0x00, 0x00, 0x00, 0x00, 0x00, 0x00,
    0x00, 0x00, 0x00, 0x00, 0x00, 0x00, 0x00, 0x00, 0x00, 0x00, 0x00, 0x00, 0x00, 0x00, 0x00, 0x00,
    0x00, 0x00, 0x00, 0x00, 0x00, 0x00, 0x00, 0x00, 0x00, 0x00, 0x00, 0x00, 0x00, 0x00, 0x00, 0x00,
    0x00, 0x00, 0x00, 0x00, 0x00, 0x00, 0x00, 0x00, 0x00, 0x00, 0x00, 0x00, 0x00, 0x00, 0x00, 0x00,
    0x00, 0x00, 0x00, 0x00, 0x00, 0x00, 0x00, 0x00, 0x00, 0x00, 0x00, 0x00, 0x00, 0x00, 0x00, 0x00,
    0x00, 0x00, 0x00, 0x00, 0x00, 0x00, 0x00, 0x00, 0x00, 0x00, 0x00, 0x00, 0x00, 0x00, 0x00, 0x00,
    },
};
