/* Auto-generated by scripts/icon/webp2c.py from bootanim.webp (size=96x96) */
#include "lvgl.h"

const lv_image_dsc_t eos_icon_bootanim = {
    .header = {
        .magic = LV_IMAGE_HEADER_MAGIC,
        .cf = LV_COLOR_FORMAT_ARGB8888,
        .flags = 0,
        .w = 96,
        .h = 96,
        .stride = 384,
        .reserved_2 = 0,
    },
    .data_size = 36864,
    .data = (const uint8_t[]){
    0x00, 0x00, 0x00, 0x00, 0x00, 0x00, 0x00, 0x00, 0x00, 0x00, 0x00, 0x00, 0x00, 0x00, 0x00, 0x00,
    0x00, 0x00, 0x00, 0x00, 0x00, 0x00, 0x00, 0x00, 0x00, 0x00, 0x00, 0x00, 0x00, 0x00, 0x00, 0x00,
    0x00, 0x00, 0x00, 0x00, 0x00, 0x00, 0x00, 0x00, 0x00, 0x00, 0x00, 0x00, 0x00, 0x00, 0x00, 0x00,
    0x00, 0x00, 0x00, 0x00, 0x00, 0x00, 0x00, 0x00, 0x00, 0x00, 0x00, 0x00, 0x00, 0x00, 0x00, 0x00,
    0x00, 0x00, 0x00, 0x00, 0x00, 0x00, 0x00, 0x00, 0x00, 0x00, 0x00, 0x00, 0x00, 0x00, 0x00, 0x00,
    0x00, 0x00, 0x00, 0x00, 0x00, 0x00, 0x00, 0x00, 0x00, 0x00, 0x00, 0x00, 0x00, 0x00, 0x00, 0x00,
    0x00, 0x00, 0x00, 0x00, 0x00, 0x00, 0x00, 0x00, 0x00, 0x00, 0x00, 0x00, 0x00, 0x00, 0x00, 0x00,
    0x00, 0x00, 0x00, 0x00, 0x00, 0x00, 0x00, 0x00, 0x00, 0x00, 0x00, 0x00, 0x00, 0x00, 0x00, 0x00,
    0x00, 0x00, 0x00, 0x00, 0x00, 0x00, 0x00, 0x00, 0x00, 0x00, 0x00, 0x00, 0x00, 0x00, 0x00, 0x00,
    0x00, 0x00, 0x00, 0x00, 0x00, 0x00, 0x00, 0x00, 0x00, 0x00, 0x00, 0x00, 0x00, 0x00, 0x00, 0x00,
    0x00, 0x00, 0x00, 0x00, 0x00, 0x00, 0x00, 0x00, 0x00, 0x00, 0x00, 0x00, 0x00, 0x00, 0x00, 0x00,
    0x00, 0x00, 0x00, 0x00, 0x00, 0x00, 0x00, 0x00, 0x00, 0x00, 0x00, 0x00, 0x00, 0x00, 0x00, 0x00,
    0x00, 0x00, 0x00, 0x00, 0x00, 0x00, 0x00, 0x00, 0x00, 0x00, 0x00, 0x00, 0x00, 0x00, 0x00, 0x00,
    0x00, 0x00, 0x00, 0x00, 0x00, 0x00, 0x00, 0x00, 0x00, 0x00, 0x00, 0x00, 0x00, 0x00, 0x00, 0x00,
    0x00, 0x00, 0x00, 0x00, 0x00, 0x00, 0x00, 0x00, 0x00, 0x00, 0x00, 0x00, 0x00, 0x00, 0x00, 0x00,
    0x00, 0x00, 0x00, 0x00, 0x00, 0x00, 0x00, 0x00, 0x00, 0x00, 0x00, 0x00, 0x00, 0x00, 0x00, 0x00,
    0x00, 0x00, 0x00, 0x00, 0x00, 0x00, 0x00, 0x00, 0x00, 0x00, 0x00, 0x00, 0x00, 0x00, 0x00, 0x00,
    0x00, 0x00, 0x00, 0x00, 0x00, 0x00, 0x00, 0x00, 0x00, 0x00, 0x00, 0x00, 0x00, 0x00, 0x00, 0x00,
    0x00, 0x00, 0x00, 0x00, 0x00, 0x00, 0x00, 0x00, 0x00, 0x00, 0x00, 0x00, 0x00, 0x00, 0x00, 0x00,
    0x00, 0x00, 0x00, 0x00, 0x00, 0x00, 0x00, 0x00, 0x00, 0x00, 0x00, 0x00, 0x00, 0x00, 0x00, 0x00,
    0x00, 0x00, 0x00, 0x00, 0x00, 0x00, 0x00, 0x00, 0x00, 0x00, 0x00, 0x00, 0x00, 0x00, 0x00, 0x00,
    0x00, 0x00, 0x00, 0x00, 0x00, 0x00, 0x00, 0x00, 0x00, 0x00, 0x00, 0x00, 0x00, 0x00, 0x00, 0x00,
    0x00, 0x00, 0x00, 0x00, 0x00, 0x00, 0x00, 0x00, 0x00, 0x00, 0x00, 0x00, 0x00, 0x00, 0x00, 0x00,
    0x00, 0x00, 0x00, 0x00, 0x00, 0x00, 0x00, 0x00, 0x00, 0x00, 0x00, 0x00, 0x00, 0x00, 0x00, 0x00,
    0x00, 0x00, 0x00, 0x00, 0x00, 0x00, 0x00, 0x00, 0x00, 0x00, 0x00, 0x00, 0x00, 0x00, 0x00, 0x00,
    0x00, 0x00, 0x00, 0x00, 0x00, 0x00, 0x00, 0x00, 0x00, 0x00, 0x00, 0x00, 0x00, 0x00, 0x00, 0x00,
    0x00, 0x00, 0x00, 0x00, 0x00, 0x00, 0x00, 0x00, 0x00, 0x00, 0x00, 0x00, 0x00, 0x00, 0x00, 0x00,
    0x00, 0x00, 0x00, 0x00, 0x00, 0x00, 0x00, 0x00, 0x00, 0x00, 0x00, 0x00, 0x00, 0x00, 0x00, 0x00,
    0x00, 0x00, 0x00, 0x00, 0x00, 0x00, 0x00, 0x00, 0x00, 0x00, 0x00, 0x00, 0x00, 0x00, 0x00, 0x00,
    0x00, 0x00, 0x00, 0x00, 0x00, 0x00, 0x00, 0x00, 0x00, 0x00, 0x00, 0x00, 0x00, 0x00, 0x00, 0x00,
    0x00, 0x00, 0x00, 0x00, 0x00, 0x00, 0x00, 0x00, 0x00, 0x00, 0x00, 0x00, 0x00, 0x00, 0x00, 0x00,
    0x00, 0x00, 0x00, 0x00, 0x00, 0x00, 0x00, 0x00, 0x00, 0x00, 0x00, 0x00, 0x00, 0x00, 0x00, 0x00,
    0x00, 0x00, 0x00, 0x00, 0x00, 0x00, 0x00, 0x00, 0x00, 0x00, 0x00, 0x00, 0x00, 0x00, 0x00, 0x00,
    0x00, 0x00, 0x00, 0x00, 0x00, 0x00, 0x00, 0x00, 0x00, 0x00, 0x00, 0x00, 0x00, 0x00, 0x00, 0x00,
    0x00, 0x00, 0x00, 0x00, 0x00, 0x00, 0x00, 0x00, 0x00, 0x00, 0x00, 0x00, 0x00, 0x00, 0x00, 0x00,
    0x00, 0x00, 0x00, 0x00, 0x00, 0x00, 0x00, 0x00, 0x00, 0x00, 0x00, 0x00, 0x00, 0x00, 0x00, 0x00,
    0x00, 0x00, 0x00, 0x00, 0x00, 0x00, 0x00, 0x00, 0x00, 0x00, 0x00, 0x00, 0x00, 0x00, 0x00, 0x00,
    0x00, 0x00, 0x00, 0x00, 0x00, 0x00, 0x00, 0x00, 0x00, 0x00, 0x00, 0x00, 0x00, 0x00, 0x00, 0x00,
    0x00, 0x00, 0x00, 0x00, 0x00, 0x00, 0x00, 0x00, 0x00, 0x00, 0x00, 0x00, 0x00, 0x00, 0x00, 0x00,
    0x00, 0x00, 0x00, 0x00, 0x00, 0x00, 0x00, 0x00, 0x00, 0x00, 0x00, 0x00, 0x00, 0x00, 0x00, 0x00,
    0x00, 0x00, 0x00, 0x00, 0x00, 0x00, 0x00, 0x00, 0x00, 0x00, 0x00, 0x00, 0x00, 0x00, 0x00, 0x00,
    0x00, 0x00, 0x00, 0x00, 0x00, 0x00, 0x00, 0x00, 0x00, 0x00, 0x00, 0x00, 0x00, 0x00, 0x00, 0x00,
    0x00, 0x00, 0x00, 0x00, 0x00, 0x00, 0x00, 0x00, 0x00, 0x00, 0x00, 0x00, 0x00, 0x00, 0x00, 0x00,
    0x00, 0x00, 0x00, 0x00, 0x00, 0x00, 0x00, 0x00, 0x00, 0x00, 0x00, 0x00, 0x00, 0x00, 0x00, 0x00,
    0x00, 0x00, 0x00, 0x00, 0x00, 0x00, 0x00, 0x00, 0x00, 0x00, 0x00, 0x00, 0x00, 0x00, 0x00, 0x00,
    0x00, 0x00, 0x00, 0x00, 0x00, 0x00, 0x00, 0x00, 0x00, 0x00, 0x00, 0x00, 0x00, 0x00, 0x00, 0x00,
    0x00, 0x00, 0x00, 0x00, 0x00, 0x00, 0x00, 0x00, 0x00, 0x00, 0x00, 0x00, 0x00, 0x00, 0x00, 0x00,
    0x00, 0x00, 0x00, 0x00, 0x00, 0x00, 0x00, 0x00, 0x00, 0x00, 0x00, 0x00, 0x00, 0x00, 0x00, 0x00,
    0x00, 0x00, 0x00, 0x00, 0x00, 0x00, 0x00, 0x00, 0x00, 0x00, 0x00, 0x00, 0x00, 0x00, 0x00, 0x00,
    0x00, 0x00, 0x00, 0x00, 0x00, 0x00, 0x00, 0x00, 0x00, 0x00, 0x00, 0x00, 0x00, 0x00, 0x00, 0x00,
    0x00, 0x00, 0x00, 0x00, 0x00, 0x00, 0x00, 0x00, 0x00, 0x00, 0x00, 0x00, 0x00, 0x00, 0x00, 0x00,
    0x00, 0x00, 0x00, 0x00, 0x00, 0x00, 0x00, 0x00, 0x00, 0x00, 0x00, 0x00, 0x00, 0x00, 0x00, 0x00,
    0x00, 0x00, 0x00, 0x00, 0x00, 0x00, 0x00, 0x00, 0x00, 0x00, 0x00, 0x00, 0x00, 0x00, 0x00, 0x00,
    0x00, 0x00, 0x00, 0x00, 0x00, 0x00, 0x00, 0x00, 0x00, 0x00, 0x00, 0x00, 0x00, 0x00, 0x00, 0x00,
    0x00, 0x00, 0x00, 0x00, 0x00, 0x00, 0x00, 0x00, 0x00, 0x00, 0x00, 0x00, 0x00, 0x00, 0x00, 0x00,
    0x00, 0x00, 0x00, 0x00, 0x00, 0x00, 0x00, 0x00, 0x00, 0x00, 0x00, 0x00, 0x00, 0x00, 0x00, 0x00,
    0x00, 0x00, 0x00, 0x00, 0x00, 0x00, 0x00, 0x00, 0x00, 0x00, 0x00, 0x00, 0x00, 0x00, 0x00, 0x00,
    0x00, 0x00, 0x00, 0x00, 0x00, 0x00, 0x00, 0x00, 0x00, 0x00, 0x00, 0x00, 0x00, 0x00, 0x00, 0x00,
    0x00, 0x00, 0x00, 0x00, 0x00, 0x00, 0x00, 0x00, 0x00, 0x00, 0x00, 0x00, 0x00, 0x00, 0x00, 0x00,
    0x00, 0x00, 0x00, 0x00, 0x00, 0x00, 0x00, 0x00, 0x00, 0x00, 0x00, 0x00, 0x00, 0x00, 0x00, 0x00,
    0x00, 0x00, 0x00, 0x00, 0x00, 0x00, 0x00, 0x00, 0x00, 0x00, 0x00, 0x00, 0x00, 0x00, 0x00, 0x00,
    0x00, 0x00, 0x00, 0x00, 0x00, 0x00, 0x00, 0x00, 0x00, 0x00, 0x00, 0x00, 0x00, 0x00, 0x00, 0x00,
    0x00, 0x00, 0x00, 0x00, 0x00, 0x00, 0x00, 0x00, 0x00, 0x00, 0x00, 0x00, 0x00, 0x00, 0x00, 0x00,
    0x00, 0x00, 0x00, 0x00, 0x00, 0x00, 0x00, 0x00, 0x00, 0x00, 0x00, 0x00, 0x00, 0x00, 0x00, 0x00,
    0x00, 0x00, 0x00, 0x00, 0x00, 0x00, 0x00, 0x00, 0x00, 0x00, 0x00, 0x00, 0x00, 0x00, 0x00, 0x00,
    0x00, 0x00, 0x00, 0x00, 0x00, 0x00, 0x00, 0x00, 0x00, 0x00, 0x00, 0x00, 0x00, 0x00, 0x00, 0x00,
    0x00, 0x00, 0x00, 0x00, 0x00, 0x00, 0x00, 0x00, 0x00, 0x00, 0x00, 0x00, 0x00, 0x00, 0x00, 0x00,
    0x00, 0x00, 0x00, 0x00, 0x00, 0x00, 0x00, 0x00, 0x00, 0x00, 0x00, 0x00, 0x00, 0x00, 0x00, 0x00,
    0x00, 0x00, 0x00, 0x00, 0x00, 0x00, 0x00, 0x00, 0x00, 0x00, 0x00, 0x00, 0x00, 0x00, 0x00, 0x00,
    0x00, 0x00, 0x00, 0x00, 0x00, 0x00, 0x00, 0x00, 0x00, 0x00, 0x00, 0x00, 0x00, 0x00, 0x00, 0x00,
    0x00, 0x00, 0x00, 0x00, 0x00, 0x00, 0x00, 0x00, 0x00, 0x00, 0x00, 0x00, 0x00, 0x00, 0x00, 0x00,
    0x00, 0x00, 0x00, 0x00, 0x00, 0x00, 0x00, 0x00, 0x00, 0x00, 0x00, 0x00, 0x00, 0x00, 0x00, 0x00,
    0x00, 0x00, 0x00, 0x00, 0x00, 0x00, 0x00, 0x00, 0x00, 0x00, 0x00, 0x00, 0x00, 0x00, 0x00, 0x00,
    0x00, 0x00, 0x00, 0x00, 0x00, 0x00, 0x00, 0x00, 0x00, 0x00, 0x00, 0x00, 0x00, 0x00, 0x00, 0x00,
    0x00, 0x00, 0x00, 0x00, 0x00, 0x00, 0x00, 0x00, 0x00, 0x00, 0x00, 0x00, 0x00, 0x00, 0x00, 0x00,
    0x00, 0x00, 0x00, 0x00, 0x00, 0x00, 0x00, 0x00, 0x00, 0x00, 0x00, 0x00, 0x00, 0x00, 0x00, 0x00,
    0x00, 0x00, 0x00, 0x00, 0x00, 0x00, 0x00, 0x00, 0x00, 0x00, 0x00, 0x00, 0x00, 0x00, 0x00, 0x00,
    0x00, 0x00, 0x00, 0x00, 0x00, 0x00, 0x00, 0x00, 0x00, 0x00, 0x00, 0x00, 0x00, 0x00, 0x00, 0x00,
    0x00, 0x00, 0x00, 0x00, 0x00, 0x00, 0x00, 0x00, 0x00, 0x00, 0x00, 0x00, 0x00, 0x00, 0x00, 0x00,
    0x00, 0x00, 0x00, 0x00, 0x00, 0x00, 0x00, 0x00, 0x00, 0x00, 0x00, 0x00, 0x00, 0x00, 0x00, 0x00,
    0x00, 0x00, 0x00, 0x00, 0x00, 0x00, 0x00, 0x00, 0x00, 0x00, 0x00, 0x00, 0x00, 0x00, 0x00, 0x00,
    0x00, 0x00, 0x00, 0x00, 0x00, 0x00, 0x00, 0x00, 0x00, 0x00, 0x00, 0x00, 0x00, 0x00, 0x00, 0x00,
    0x00, 0x00, 0x00, 0x00, 0x00, 0x00, 0x00, 0x00, 0x00, 0x00, 0x00, 0x00, 0x00, 0x00, 0x00, 0x00,
    0x00, 0x00, 0x00, 0x00, 0x00, 0x00, 0x00, 0x00, 0x00, 0x00, 0x00, 0x00, 0x00, 0x00, 0x00, 0x00,
    0x00, 0x00, 0x00, 0x00, 0x00, 0x00, 0x00, 0x00, 0x00, 0x00, 0x00, 0x00, 0x00, 0x00, 0x00, 0x00,
    0x00, 0x00, 0x00, 0x00, 0x00, 0x00, 0x00, 0x00, 0x00, 0x00, 0x00, 0x00, 0x00, 0x00, 0x00, 0x00,
    0x00, 0x00, 0x00, 0x00, 0x00, 0x00, 0x00, 0x00, 0x00, 0x00, 0x00, 0x00, 0x00, 0x00, 0x00, 0x00,
    0x00, 0x00, 0x00, 0x00, 0x00, 0x00, 0x00, 0x00, 0x00, 0x00, 0x00, 0x00, 0x00, 0x00, 0x00, 0x00,
    0x00, 0x00, 0x00, 0x00, 0x00, 0x00, 0x00, 0x00, 0x00, 0x00, 0x00, 0x00, 0x00, 0x00, 0x00, 0x00,
    0x00, 0x00, 0x00, 0x00, 0x00, 0x00, 0x00, 0x00, 0x00, 0x00, 0x00, 0x00, 0x00, 0x00, 0x00, 0x00,
    0x00, 0x00, 0x00, 0x00, 0x00, 0x00, 0x00, 0x00, 0x00, 0x00, 0x00, 0x00, 0x00, 0x00, 0x00, 0x00,
    0x00, 0x00, 0x00, 0x00, 0x00, 0x00, 0x00, 0x00, 0x00, 0x00, 0x00, 0x00, 0x00, 0x00, 0x00, 0x00,
    0x00, 0x00, 0x00, 0x00, 0x00, 0x00, 0x00, 0x00, 0x00, 0x00, 0x00, 0x00, 0x00, 0x00, 0x00, 0x00,
    0x00, 0x00, 0x00, 0x00, 0x00, 0x00, 0x00, 0x00, 0x00, 0x00, 0x00, 0x00, 0x00, 0x00, 0x00, 0x00,
    0x00, 0x00, 0x00, 0x00, 0x00, 0x00, 0x00, 0x00, 0x00, 0x00, 0x00, 0x00, 0x00, 0x00, 0x00, 0x00,
    0x00, 0x00, 0x00, 0x00, 0x00, 0x00, 0x00, 0x00, 0x00, 0x00, 0x00, 0x00, 0x00, 0x00, 0x00, 0x00,
    0x00, 0x00, 0x00, 0x00, 0x00, 0x00, 0x00, 0x00, 0x00, 0x00, 0x00, 0x00, 0x00, 0x00, 0x00, 0x00,
    0x00, 0x00, 0x00, 0x00, 0x00, 0x00, 0x00, 0x00, 0x00, 0x00, 0x00, 0x00, 0x00, 0x00, 0x00, 0x00,
    0x00, 0x00, 0x00, 0x00, 0x00, 0x00, 0x00, 0x00, 0x00, 0x00, 0x00, 0x00, 0x00, 0x00, 0x00, 0x00,
    0x00, 0x00, 0x00, 0x00, 0x00, 0x00, 0x00, 0x00, 0x00, 0x00, 0x00, 0x00, 0x00, 0x00, 0x00, 0x00,
    0x00, 0x00, 0x00, 0x00, 0x00, 0x00, 0x00, 0x00, 0x00, 0x00, 0x00, 0x00, 0x00, 0x00, 0x00, 0x00,
    0x00, 0x00, 0x00, 0x00, 0x00, 0x00, 0x00, 0x00, 0x00, 0x00, 0x00, 0x00, 0x00, 0x00, 0x00, 0x00,
    0x00, 0x00, 0x00, 0x00, 0x00, 0x00, 0x00, 0x00, 0x00, 0x00, 0x00, 0x00, 0x00, 0x00, 0x00, 0x00,
    0x00, 0x00, 0x00, 0x00, 0x00, 0x00, 0x00, 0x00, 0x00, 0x00, 0x00, 0x00, 0x00, 0x00, 0x00, 0x00,
    0x00, 0x00, 0x00, 0x00, 0x00, 0x00, 0x00, 0x00, 0x00, 0x00, 0x00, 0x00, 0x00, 0x00, 0x00, 0x00,
    0x00, 0x00, 0x00, 0x00, 0x00, 0x00, 0x00, 0x00, 0x00, 0x00, 0x00, 0x00, 0x00, 0x00, 0x00, 0x00,
    0x00, 0x00, 0x00, 0x00, 0x00, 0x00, 0x00, 0x00, 0x00, 0x00, 0x00, 0x00, 0x00, 0x00, 0x00, 0x00,
    0x00, 0x00, 0x00, 0x00, 0x00, 0x00, 0x00, 0x00, 0x00, 0x00, 0x00, 0x00, 0x00, 0x00, 0x00, 0x00,
    0x00, 0x00, 0x00, 0x00, 0x00, 0x00, 0x00, 0x00, 0x00, 0x00, 0x00, 0x00, 0x00, 0x00, 0x00, 0x00,
    0x00, 0x00, 0x00, 0x00, 0x00, 0x00, 0x00, 0x00, 0x00, 0x00, 0x00, 0x00, 0x00, 0x00, 0x00, 0x00,
    0x00, 0x00, 0x00, 0x00, 0x00, 0x00, 0x00, 0x00, 0x00, 0x00, 0x00, 0x00, 0x00, 0x00, 0x00, 0x00,
    0x00, 0x00, 0x00, 0x00, 0x00, 0x00, 0x00, 0x00, 0x00, 0x00, 0x00, 0x00, 0x00, 0x00, 0x00, 0x00,
    0x00, 0x00, 0x00, 0x00, 0x00, 0x00, 0x00, 0x00, 0x00, 0x00, 0x00, 0x00, 0x00, 0x00, 0x00, 0x00,
    0x00, 0x00, 0x00, 0x00, 0x00, 0x00, 0x00, 0x00, 0x00, 0x00, 0x00, 0x00, 0x00, 0x00, 0x00, 0x00,
    0x00, 0x00, 0x00, 0x00, 0x00, 0x00, 0x00, 0x00, 0x00, 0x00, 0x00, 0x00, 0x00, 0x00, 0x00, 0x00,
    0x00, 0x00, 0x00, 0x00, 0x00, 0x00, 0x00, 0x00, 0x00, 0x00, 0x00, 0x00, 0x00, 0x00, 0x00, 0x00,
    0x00, 0x00, 0x00, 0x00, 0x00, 0x00, 0x00, 0x00, 0x00, 0x00, 0x00, 0x00, 0x00, 0x00, 0x00, 0x00,
    0x00, 0x00, 0x00, 0x00, 0x00, 0x00, 0x00, 0x00, 0x00, 0x00, 0x00, 0x00, 0x00, 0x00, 0x00, 0x00,
    0x00, 0x00, 0x00, 0x00, 0x00, 0x00, 0x00, 0x00, 0x00, 0x00, 0x00, 0x00, 0x00, 0x00, 0x00, 0x00,
    0x00, 0x00, 0x00, 0x00, 0x00, 0x00, 0x00, 0x00, 0x00, 0x00, 0x00, 0x00, 0x00, 0x00, 0x00, 0x00,
    0x00, 0x00, 0x00, 0x00, 0x00, 0x00, 0x00, 0x00, 0x00, 0x00, 0x00, 0x00, 0x00, 0x00, 0x00, 0x00,
    0x00, 0x00, 0x00, 0x00, 0x00, 0x00, 0x00, 0x00, 0x00, 0x00, 0x00, 0x00, 0x00, 0x00, 0x00, 0x00,
    0x00, 0x00, 0x00, 0x00, 0x00, 0x00, 0x00, 0x00, 0x00, 0x00, 0x00, 0x00, 0x00, 0x00, 0x00, 0x00,
    0x00, 0x00, 0x00, 0x00, 0x00, 0x00, 0x00, 0x00, 0x00, 0x00, 0x00, 0x00, 0x00, 0x00, 0x00, 0x00,
    0x00, 0x00, 0x00, 0x00, 0x00, 0x00, 0x00, 0x00, 0x00, 0x00, 0x00, 0x00, 0x00, 0x00, 0x00, 0x00,
    0x00, 0x00, 0x00, 0x00, 0x00, 0x00, 0x00, 0x00, 0x00, 0x00, 0x00, 0x00, 0x00, 0x00, 0x00, 0x00,
    0x00, 0x00, 0x00, 0x00, 0x00, 0x00, 0x00, 0x00, 0x00, 0x00, 0x00, 0x00, 0x00, 0x00, 0x00, 0x00,
    0x00, 0x00, 0x00, 0x00, 0x00, 0x00, 0x00, 0x00, 0x00, 0x00, 0x00, 0x00, 0x00, 0x00, 0x00, 0x00,
    0x00, 0x00, 0x00, 0x00, 0x00, 0x00, 0x00, 0x00, 0x00, 0x00, 0x00, 0x00, 0x00, 0x00, 0x00, 0x00,
    0x00, 0x00, 0x00, 0x00, 0x00, 0x00, 0x00, 0x00, 0x00, 0x00, 0x00, 0x00, 0x00, 0x00, 0x00, 0x00,
    0x00, 0x00, 0x00, 0x00, 0x00, 0x00, 0x00, 0x00, 0x00, 0x00, 0x00, 0x00, 0x00, 0x00, 0x00, 0x00,
    0x00, 0x00, 0x00, 0x00, 0x00, 0x00, 0x00, 0x00, 0x00, 0x00, 0x00, 0x00, 0x00, 0x00, 0x00, 0x00,
    0x00, 0x00, 0x00, 0x00, 0x00, 0x00, 0x00, 0x00, 0x00, 0x00, 0x00, 0x00, 0x00, 0x00, 0x00, 0x00,
    0x00, 0x00, 0x00, 0x00, 0x00, 0x00, 0x00, 0x00, 0x00, 0x00, 0x00, 0x00, 0x00, 0x00, 0x00, 0x00,
    0x00, 0x00, 0x00, 0x00, 0x00, 0x00, 0x00, 0x00, 0x00, 0x00, 0x00, 0x00, 0x00, 0x00, 0x00, 0x00,
    0x00, 0x00, 0x00, 0x00, 0x00, 0x00, 0x00, 0x00, 0x00, 0x00, 0x00, 0x00, 0x00, 0x00, 0x00, 0x00,
    0x00, 0x00, 0x00, 0x00, 0x00, 0x00, 0x00, 0x00, 0x00, 0x00, 0x00, 0x00, 0x00, 0x00, 0x00, 0x00,
    0x00, 0x00, 0x00, 0x00, 0x00, 0x00, 0x00, 0x00, 0x00, 0x00, 0x00, 0x00, 0x00, 0x00, 0x00, 0x00,
    0x00, 0x00, 0x00, 0x00, 0x00, 0x00, 0x00, 0x00, 0x00, 0x00, 0x00, 0x00, 0x00, 0x00, 0x00, 0x00,
    0x00, 0x00, 0x00, 0x00, 0x00, 0x00, 0x00, 0x00, 0x00, 0x00, 0x00, 0x00, 0x00, 0x00, 0x00, 0x00,
    0x00, 0x00, 0x00, 0x00, 0x00, 0x00, 0x00, 0x00, 0x00, 0x00, 0x00, 0x00, 0x00, 0x00, 0x00, 0x00,
    0x00, 0x00, 0x00, 0x00, 0x00, 0x00, 0x00, 0x00, 0x00, 0x00, 0x00, 0x00, 0x00, 0x00, 0x00, 0x00,
    0x00, 0x00, 0x00, 0x00, 0x00, 0x00, 0x00, 0x00, 0x00, 0x00, 0x00, 0x00, 0x00, 0x00, 0x00, 0x00,
    0x00, 0x00, 0x00, 0x00, 0x00, 0x00, 0x00, 0x00, 0x00, 0x00, 0x00, 0x00, 0x00, 0x00, 0x00, 0x00,
    0x00, 0x00, 0x00, 0x00, 0x00, 0x00, 0x00, 0x00, 0x00, 0x00, 0x00, 0x00, 0x00, 0x00, 0x00, 0x00,
    0x00, 0x00, 0x00, 0x00, 0x00, 0x00, 0x00, 0x00, 0x00, 0x00, 0x00, 0x00, 0x00, 0x00, 0x00, 0x00,
    0x00, 0x00, 0x00, 0x00, 0x00, 0x00, 0x00, 0x00, 0x00, 0x00, 0x00, 0x00, 0x00, 0x00, 0x00, 0x00,
    0x00, 0x00, 0x00, 0x00, 0x00, 0x00, 0x00, 0x00, 0x00, 0x00, 0x00, 0x00, 0x00, 0x00, 0x00, 0x00,
    0x00, 0x00, 0x00, 0x00, 0x00, 0x00, 0x00, 0x00, 0x00, 0x00, 0x00, 0x00, 0x00, 0x00, 0x00, 0x00,
    0x00, 0x00, 0x00, 0x00, 0x00, 0x00, 0x00, 0x00, 0x00, 0x00, 0x00, 0x00, 0x00, 0x00, 0x00, 0x00,
    0x00, 0x00, 0x00, 0x00, 0x00, 0x00, 0x00, 0x00, 0x00, 0x00, 0x00, 0x00, 0x00, 0x00, 0x00, 0x00,
    0x00, 0x00, 0x00, 0x00, 0x00, 0x00, 0x00, 0x00, 0x00, 0x00, 0x00, 0x00, 0x00, 0x00, 0x00, 0x00,
    0x00, 0x00, 0x00, 0x00, 0x00, 0x00, 0x00, 0x00, 0x00, 0x00, 0x00, 0x00, 0x00, 0x00, 0x00, 0x00,
    0x00, 0x00, 0x00, 0x00, 0x00, 0x00, 0x00, 0x00, 0x00, 0x00, 0x00, 0x00, 0x00, 0x00, 0x00, 0x00,
    0x00, 0x00, 0x00, 0x00, 0x00, 0x00, 0x00, 0x00, 0x00, 0x00, 0x00, 0x00, 0x00, 0x00, 0x00, 0x00,
    0x00, 0x00, 0x00, 0x00, 0x00, 0x00, 0x00, 0x00, 0x00, 0x00, 0x00, 0x00, 0x00, 0x00, 0x00, 0x00,
    0x00, 0x00, 0x00, 0x00, 0x00, 0x00, 0x00, 0x00, 0x00, 0x00, 0x00, 0x00, 0x00, 0x00, 0x00, 0x00,
    0x00, 0x00, 0x00, 0x00, 0x00, 0x00, 0x00, 0x00, 0x00, 0x00, 0x00, 0x00, 0x00, 0x00, 0x00, 0x00,
    0x00, 0x00, 0x00, 0x00, 0x00, 0x00, 0x00, 0x00, 0x00, 0x00, 0x00, 0x00, 0x00, 0x00, 0x00, 0x00,
    0x00, 0x00, 0x00, 0x00, 0x00, 0x00, 0x00, 0x00, 0x00, 0x00, 0x00, 0x00, 0x00, 0x00, 0x00, 0x00,
    0x00, 0x00, 0x00, 0x00, 0x00, 0x00, 0x00, 0x00, 0x00, 0x00, 0x00, 0x00, 0x00, 0x00, 0x00, 0x00,
    0x00, 0x00, 0x00, 0x00, 0x00, 0x00, 0x00, 0x00, 0x00, 0x00, 0x00, 0x00, 0x00, 0x00, 0x00, 0x00,
    0x00, 0x00, 0x00, 0x00, 0x00, 0x00, 0x00, 0x00, 0x00, 0x00, 0x00, 0x00, 0x00, 0x00, 0x00, 0x00,
    0x00, 0x00, 0x00, 0x00, 0x00, 0x00, 0x00, 0x00, 0x00, 0x00, 0x00, 0x00, 0x00, 0x00, 0x00, 0x00,
    0x00, 0x00, 0x00, 0x00, 0x00, 0x00, 0x00, 0x00, 0x00, 0x00, 0x00, 0x00, 0x00, 0x00, 0x00, 0x00,
    0x00, 0x00, 0x00, 0x00, 0x00, 0x00, 0x00, 0x00, 0x00, 0x00, 0x00, 0x00, 0x00, 0x00, 0x00, 0x00,
    0x00, 0x00, 0x00, 0x00, 0x00, 0x00, 0x00, 0x00, 0x00, 0x00, 0x00, 0x00, 0x00, 0x00, 0x00, 0x00,
    0x00, 0x00, 0x00, 0x00, 0x00, 0x00, 0x00, 0x00, 0x00, 0x00, 0x00, 0x00, 0x00, 0x00, 0x00, 0x00,
    0x00, 0x00, 0x00, 0x00, 0x00, 0x00, 0x00, 0x00, 0x00, 0x00, 0x00, 0x00, 0x00, 0x00, 0x00, 0x00,
    0x00, 0x00, 0x00, 0x00, 0x00, 0x00, 0x00, 0x00, 0x00, 0x00, 0x00, 0x00, 0x00, 0x00, 0x00, 0x00,
    0x00, 0x00, 0x00, 0x00, 0x00, 0x00, 0x00, 0x00, 0x00, 0x00, 0x00, 0x00, 0x00, 0x00, 0x00, 0x00,
    0x00, 0x00, 0x00, 0x00, 0x00, 0x00, 0x00, 0x00, 0x00, 0x00, 0x00, 0x00, 0x00, 0x00, 0x00, 0x00,
    0x00, 0x00, 0x00, 0x00, 0x00, 0x00, 0x00, 0x00, 0x00, 0x00, 0x00, 0x00, 0x00, 0x00, 0x00, 0x00,
    0x00, 0x00, 0x00, 0x00, 0x00, 0x00, 0x00, 0x00, 0x00, 0x00, 0x00, 0x00, 0x00, 0x00, 0x00, 0x00,
    0x00, 0x00, 0x00, 0x00, 0x00, 0x00, 0x00, 0x00, 0x00, 0x00, 0x00, 0x00, 0x00, 0x00, 0x00, 0x00,
    0x00, 0x00, 0x00, 0x00, 0x00, 0x00, 0x00, 0x00, 0x00, 0x00, 0x00, 0x00, 0x00, 0x00, 0x00, 0x00,
    0x00, 0x00, 0x02, 0x00, 0x00, 0x00, 0x02, 0x00, 0x00, 0x00, 0x00, 0x00, 0x00, 0x00, 0x00, 0x00,
    0x00, 0x00, 0x00, 0x00, 0x00, 0x00, 0x00, 0x00, 0x00, 0x00, 0x00, 0x00, 0x00, 0x00, 0x00, 0x00,
    0x00, 0x01, 0x00, 0x00, 0x00, 0x01, 0x00, 0x00, 0x00, 0x01, 0x00, 0x00, 0x00, 0x01, 0x00, 0x00,
    0x00, 0x01, 0x00, 0x00, 0x00, 0x04, 0x00, 0x00, 0x00, 0x09, 0x00, 0x00, 0x00, 0x0b, 0x00, 0x00,
    0x00, 0x0b, 0x00, 0x00, 0x00, 0x0b, 0x00, 0x00, 0x00, 0x0b, 0x00, 0x00, 0x00, 0x0b, 0x00, 0x00,
    0x00, 0x0b, 0x00, 0x00, 0x00, 0x0b, 0x00, 0x00, 0x00, 0x0b, 0x00, 0x00, 0x00, 0x0b, 0x00, 0x00,
    0x00, 0x0b, 0x00, 0x00, 0x00, 0x0b, 0x00, 0x00, 0x00, 0x0b, 0x00, 0x00, 0x00, 0x0b, 0x00, 0x00,
    0x00, 0x0b, 0x00, 0x00, 0x00, 0x08, 0x00, 0x00, 0x00, 0x03, 0x00, 0x00, 0x00, 0x00, 0x00, 0x00,
    0x00, 0x00, 0x00, 0x00, 0x00, 0x00, 0x00, 0x00, 0x00, 0x00, 0x00, 0x00, 0x02, 0x00, 0x00, 0x00,
    0x02, 0x00, 0x00, 0x00, 0x00, 0x00, 0x00, 0x00, 0x00, 0x00, 0x00, 0x00, 0x00, 0x00, 0x00, 0x00,
    0x00, 0x00, 0x00, 0x00, 0x00, 0x00, 0x00, 0x00, 0x00, 0x00, 0x00, 0x00, 0x00, 0x00, 0x00, 0x00,
    0x00, 0x00, 0x00, 0x00, 0x00, 0x00, 0x00, 0x00, 0x00, 0x00, 0x00, 0x00, 0x00, 0x00, 0x00, 0x00,
    0x00, 0x00, 0x00, 0x00, 0x00, 0x00, 0x00, 0x00, 0x00, 0x00, 0x00, 0x00, 0x00, 0x00, 0x00, 0x00,
    0x00, 0x00, 0x00, 0x00, 0x00, 0x00, 0x00, 0x00, 0x00, 0x00, 0x00, 0x00, 0x00, 0x00, 0x00, 0x00,
    0x00, 0x00, 0x00, 0x00, 0x00, 0x00, 0x00, 0x00, 0x00, 0x00, 0x00, 0x00, 0x00, 0x00, 0x00, 0x00,
    0x00, 0x00, 0x00, 0x00, 0x00, 0x00, 0x00, 0x00, 0x00, 0x00, 0x00, 0x00, 0x00, 0x00, 0x00, 0x00,
    0x00, 0x00, 0x00, 0x00, 0x00, 0x00, 0x00, 0x00, 0x00, 0x00, 0x00, 0x00, 0x00, 0x00, 0x00, 0x00,
    0x00, 0x00, 0x00, 0x00, 0x00, 0x00, 0x00, 0x00, 0x00, 0x00, 0x00, 0x00, 0x00, 0x00, 0x00, 0x00,
    0x00, 0x00, 0x00, 0x00, 0x00, 0x00, 0x00, 0x00, 0x00, 0x00, 0x00, 0x00, 0x00, 0x00, 0x00, 0x00,
    0x00, 0x00, 0x00, 0x00, 0x00, 0x00, 0x00, 0x00, 0x00, 0x00, 0x00, 0x00, 0x00, 0x00, 0x00, 0x00,
    0x00, 0x00, 0x00, 0x00, 0x00, 0x00, 0x00, 0x00, 0x00, 0x00, 0x00, 0x00, 0x00, 0x00, 0x00, 0x00,
    0x00, 0x00, 0x00, 0x00, 0x00, 0x00, 0x00, 0x00, 0x00, 0x00, 0x00, 0x00, 0x00, 0x00, 0x00, 0x00,
    0x00, 0x00, 0x00, 0x00, 0x00, 0x00, 0x00, 0x00, 0x00, 0x00, 0x00, 0x00, 0x00, 0x00, 0x00, 0x00,
    0x00, 0x00, 0x00, 0x00, 0x00, 0x00, 0x00, 0x00, 0x00, 0x00, 0x00, 0x00, 0x00, 0x00, 0x02, 0x00,
    0x8b, 0x87, 0x91, 0x00, 0x8b, 0x87, 0x91, 0x00, 0x8d, 0x89, 0x8c, 0x00, 0x8d, 0x8a, 0x8b, 0x00,
    0x8d, 0x8a, 0x8b, 0x00, 0x8b, 0x8a, 0x8c, 0x00, 0x87, 0x8b, 0x8c, 0x00, 0x87, 0x8b, 0x8b, 0x00,
    0x8a, 0x8e, 0x89, 0x00, 0x88, 0x8f, 0x87, 0x00, 0x84, 0x90, 0x87, 0x00, 0x84, 0x90, 0x87, 0x00,
    0x8b, 0x91, 0x87, 0x00, 0x82, 0x96, 0x77, 0x00, 0x76, 0xa5, 0x62, 0x00, 0x6f, 0xac, 0x57, 0x00,
    0x6e, 0xaa, 0x57, 0x00, 0x6e, 0xaa, 0x57, 0x00, 0x6e, 0xaa, 0x57, 0x00, 0x6e, 0xaa, 0x57, 0x15,
    0x6e, 0xaa, 0x57, 0x2f, 0x6e, 0xaa, 0x57, 0x33, 0x6e, 0xaa, 0x57, 0x38, 0x6c, 0xaa, 0x57, 0x28,
    0x6a, 0xab, 0x57, 0x10, 0x6a, 0xab, 0x57, 0x00, 0x6a, 0xab, 0x57, 0x00, 0x6c, 0xaa, 0x57, 0x00,
    0x74, 0xac, 0x55, 0x00, 0x7d, 0xa5, 0x63, 0x00, 0x84, 0x95, 0x7d, 0x00, 0x85, 0x8a, 0x89, 0x00,
    0x89, 0x8b, 0x8b, 0x00, 0x8b, 0x8a, 0x8c, 0x00, 0x8d, 0x8a, 0x8b, 0x00, 0x8f, 0x8a, 0x8b, 0x00,
    0x8f, 0x8a, 0x8b, 0x00, 0x8d, 0x8a, 0x8b, 0x00, 0x8b, 0x8a, 0x8c, 0x00, 0x8b, 0x8a, 0x8c, 0x00,
    0x00, 0x00, 0x00, 0x00, 0x00, 0x00, 0x00, 0x00, 0x00, 0x00, 0x00, 0x00, 0x00, 0x00, 0x00, 0x00,
    0x00, 0x00, 0x00, 0x00, 0x00, 0x00, 0x00, 0x00, 0x00, 0x00, 0x00, 0x00, 0x00, 0x00, 0x00, 0x00,
    0x00, 0x00, 0x00, 0x00, 0x00, 0x00, 0x00, 0x00, 0x00, 0x00, 0x00, 0x00, 0x00, 0x00, 0x00, 0x00,
    0x00, 0x00, 0x00, 0x00, 0x00, 0x00, 0x00, 0x00, 0x00, 0x00, 0x00, 0x00, 0x00, 0x00, 0x00, 0x00,
    0x00, 0x00, 0x00, 0x00, 0x00, 0x00, 0x00, 0x00, 0x00, 0x00, 0x00, 0x00, 0x00, 0x00, 0x00, 0x00,
    0x00, 0x00, 0x00, 0x00, 0x00, 0x00, 0x00, 0x00, 0x00, 0x00, 0x00, 0x00, 0x00, 0x00, 0x00, 0x00,
    0x00, 0x00, 0x00, 0x00, 0x00, 0x00, 0x00, 0x00, 0x00, 0x00, 0x00, 0x00, 0x00, 0x00, 0x00, 0x00,
    0x00, 0x00, 0x00, 0x00, 0x00, 0x00, 0x00, 0x00, 0x00, 0x00, 0x00, 0x00, 0x00, 0x00, 0x00, 0x00,
    0x00, 0x00, 0x00, 0x00, 0x00, 0x00, 0x00, 0x00, 0x00, 0x00, 0x00, 0x00, 0x00, 0x00, 0x00, 0x00,
    0x00, 0x00, 0x00, 0x00, 0x00, 0x00, 0x00, 0x00, 0x00, 0x00, 0x00, 0x00, 0x00, 0x00, 0x00, 0x00,
    0x00, 0x00, 0x00, 0x00, 0x00, 0x00, 0x00, 0x00, 0x00, 0x00, 0x00, 0x00, 0x00, 0x00, 0x00, 0x00,
    0x00, 0x00, 0x00, 0x00, 0x00, 0x00, 0x00, 0x00, 0x00, 0x00, 0x00, 0x00, 0x00, 0x00, 0x00, 0x00,
    0x00, 0x00, 0x00, 0x00, 0x00, 0x00, 0x00, 0x00, 0x00, 0x00, 0x00, 0x00, 0x00, 0x00, 0x00, 0x00,
    0x00, 0x00, 0x00, 0x00, 0x00, 0x00, 0x00, 0x00, 0x00, 0x00, 0x00, 0x00, 0x00, 0x00, 0x02, 0x00,
    0x8b, 0x87, 0x91, 0x00, 0x8d, 0x87, 0x91, 0x00, 0x8d, 0x89, 0x8c, 0x00, 0x8d, 0x8a, 0x8b, 0x00,
    0x8d, 0x8a, 0x8b, 0x00, 0x8d, 0x89, 0x8c, 0x00, 0x89, 0x8a, 0x8c, 0x00, 0x87, 0x8b, 0x8b, 0x00,
    0x88, 0x8f, 0x87, 0x00, 0x84, 0x92, 0x82, 0x00, 0x7c, 0x97, 0x7c, 0x00, 0x7a, 0x9a, 0x77, 0x00,
    0x80, 0x99, 0x75, 0x00, 0x79, 0x9e, 0x66, 0x00, 0x74, 0xb6, 0x59, 0x01, 0x64, 0xb2, 0x44, 0x35,
    0x64, 0xb5, 0x46, 0x83, 0x64, 0xb5, 0x46, 0xbf, 0x64, 0xb5, 0x46, 0xf2, 0x64, 0xb5, 0x46, 0xff,
    0x64, 0xb5, 0x46, 0xff, 0x64, 0xb5, 0x46, 0xff, 0x64, 0xb5, 0x46, 0xff, 0x64, 0xb5, 0x46, 0xff,
    0x62, 0xb5, 0x48, 0xff, 0x60, 0xb4, 0x49, 0xe5, 0x60, 0xb4, 0x49, 0xb5, 0x64, 0xb4, 0x48, 0x70,
    0x6e, 0xb8, 0x48, 0x23, 0x71, 0xac, 0x4e, 0x00, 0x78, 0x9c, 0x68, 0x00, 0x80, 0x97, 0x7a, 0x00,
    0x80, 0x95, 0x7b, 0x00, 0x85, 0x91, 0x7f, 0x00, 0x8d, 0x8d, 0x86, 0x00, 0x8f, 0x8b, 0x89, 0x00,
    0x8d, 0x8a, 0x8b, 0x00, 0x8d, 0x8a, 0x8b, 0x00, 0x8b, 0x8b, 0x8b, 0x00, 0x89, 0x8b, 0x8b, 0x00,
    0x00, 0x00, 0x00, 0x00, 0x00, 0x00, 0x00, 0x00, 0x00, 0x00, 0x00, 0x00, 0x00, 0x00, 0x00, 0x00,
    0x00, 0x00, 0x00, 0x00, 0x00, 0x00, 0x00, 0x00, 0x00, 0x00, 0x00, 0x00, 0x00, 0x00, 0x00, 0x00,
    0x00, 0x00, 0x00, 0x00, 0x00, 0x00, 0x00, 0x00, 0x00, 0x00, 0x00, 0x00, 0x00, 0x00, 0x00, 0x00,
    0x00, 0x00, 0x00, 0x00, 0x00, 0x00, 0x00, 0x00, 0x00, 0x00, 0x00, 0x00, 0x00, 0x00, 0x00, 0x00,
    0x00, 0x00, 0x00, 0x00, 0x00, 0x00, 0x00, 0x00, 0x00, 0x00, 0x00, 0x00, 0x00, 0x00, 0x00, 0x00,
    0x00, 0x00, 0x00, 0x00, 0x00, 0x00, 0x00, 0x00, 0x00, 0x00, 0x00, 0x00, 0x00, 0x00, 0x00, 0x00,
    0x00, 0x00, 0x00, 0x00, 0x00, 0x00, 0x00, 0x00, 0x00, 0x00, 0x00, 0x00, 0x00, 0x00, 0x00, 0x00,
    0x00, 0x00, 0x00, 0x00, 0x00, 0x00, 0x00, 0x00, 0x00, 0x00, 0x00, 0x00, 0x00, 0x00, 0x00, 0x00,
    0x00, 0x00, 0x00, 0x00, 0x00, 0x00, 0x00, 0x00, 0x00, 0x00, 0x00, 0x00, 0x00, 0x00, 0x00, 0x00,
    0x00, 0x00, 0x00, 0x00, 0x00, 0x00, 0x00, 0x00, 0x00, 0x00, 0x00, 0x00, 0x00, 0x00, 0x00, 0x00,
    0x00, 0x00, 0x00, 0x00, 0x00, 0x00, 0x00, 0x00, 0x00, 0x00, 0x00, 0x00, 0x00, 0x00, 0x00, 0x00,
    0x00, 0x00, 0x00, 0x00, 0x00, 0x00, 0x00, 0x00, 0x00, 0x00, 0x00, 0x00, 0x00, 0x00, 0x00, 0x00,
    0x00, 0x00, 0x00, 0x00, 0x00, 0x00, 0x00, 0x00, 0x00, 0x00, 0x00, 0x00, 0x00, 0x00, 0x00, 0x00,
    0x00, 0x00, 0x00, 0x00, 0x00, 0x00, 0x00, 0x00, 0x00, 0x00, 0x00, 0x00, 0x00, 0x00, 0x00, 0x00,
    0x8d, 0x89, 0x8c, 0x00, 0x8d, 0x89, 0x8c, 0x00, 0x8d, 0x89, 0x8c, 0x00, 0x8d, 0x89, 0x8c, 0x00,
    0x8d, 0x8b, 0x89, 0x00, 0x8f, 0x8b, 0x89, 0x00, 0x91, 0x89, 0x8b, 0x00, 0x8d, 0x8b, 0x89, 0x00,
    0x8a, 0x8f, 0x87, 0x00, 0x80, 0x96, 0x7c, 0x00, 0x6f, 0xa4, 0x67, 0x00, 0x69, 0xab, 0x5c, 0x00,
    0x71, 0xac, 0x5a, 0x0f, 0x6e, 0xad, 0x53, 0x73, 0x6b, 0xaf, 0x4b, 0xdd, 0x6c, 0xb6, 0x4d, 0xff,
    0x67, 0xb5, 0x49, 0xff, 0x65, 0xb6, 0x47, 0xff, 0x65, 0xb6, 0x47, 0xff, 0x65, 0xb6, 0x47, 0xff,
    0x65, 0xb6, 0x47, 0xff, 0x65, 0xb6, 0x47, 0xff, 0x65, 0xb6, 0x47, 0xff, 0x65, 0xb5, 0x49, 0xff,
    0x67, 0xb3, 0x4c, 0xff, 0x67, 0xb2, 0x4d, 0xff, 0x65, 0xb2, 0x4f, 0xff, 0x67, 0xb3, 0x4c, 0xff,
    0x6b, 0xb6, 0x4a, 0xfe, 0x6f, 0xb4, 0x4b, 0xc1, 0x70, 0xa9, 0x50, 0x57, 0x67, 0x9e, 0x4c, 0x02,
    0x6e, 0xa9, 0x59, 0x00, 0x76, 0xa2, 0x64, 0x00, 0x89, 0x93, 0x7b, 0x00, 0x91, 0x8b, 0x87, 0x00,
    0x8b, 0x8b, 0x89, 0x00, 0x89, 0x8c, 0x89, 0x00, 0x87, 0x8c, 0x89, 0x00, 0x87, 0x8c, 0x89, 0x00,
    0x00, 0x00, 0x00, 0x00, 0x00, 0x00, 0x00, 0x00, 0x00, 0x00, 0x00, 0x00, 0x00, 0x00, 0x00, 0x00,
    0x00, 0x00, 0x00, 0x00, 0x00, 0x00, 0x00, 0x00, 0x00, 0x00, 0x00, 0x00, 0x00, 0x00, 0x00, 0x00,
    0x00, 0x00, 0x00, 0x00, 0x00, 0x00, 0x00, 0x00, 0x00, 0x00, 0x00, 0x00, 0x00, 0x00, 0x00, 0x00,
    0x00, 0x00, 0x00, 0x00, 0x00, 0x00, 0x00, 0x00, 0x00, 0x00, 0x00, 0x00, 0x00, 0x00, 0x00, 0x00,
    0x00, 0x00, 0x00, 0x00, 0x00, 0x00, 0x00, 0x00, 0x00, 0x00, 0x00, 0x00, 0x00, 0x00, 0x00, 0x00,
    0x00, 0x00, 0x00, 0x00, 0x00, 0x00, 0x00, 0x00, 0x00, 0x00, 0x00, 0x00, 0x00, 0x00, 0x00, 0x00,
    0x00, 0x00, 0x00, 0x00, 0x00, 0x00, 0x00, 0x00, 0x00, 0x00, 0x00, 0x00, 0x00, 0x00, 0x00, 0x00,
    0x00, 0x00, 0x00, 0x00, 0x00, 0x00, 0x00, 0x00, 0x00, 0x00, 0x00, 0x00, 0x00, 0x00, 0x00, 0x00,
    0x00, 0x00, 0x00, 0x00, 0x00, 0x00, 0x00, 0x00, 0x00, 0x00, 0x00, 0x00, 0x00, 0x00, 0x00, 0x00,
    0x00, 0x00, 0x00, 0x00, 0x00, 0x00, 0x00, 0x00, 0x00, 0x00, 0x00, 0x00, 0x00, 0x00, 0x00, 0x00,
    0x00, 0x00, 0x00, 0x00, 0x00, 0x00, 0x00, 0x00, 0x00, 0x00, 0x00, 0x00, 0x00, 0x00, 0x00, 0x00,
    0x00, 0x00, 0x00, 0x00, 0x00, 0x00, 0x00, 0x00, 0x00, 0x00, 0x00, 0x00, 0x00, 0x00, 0x00, 0x00,
    0x00, 0x00, 0x00, 0x00, 0x00, 0x00, 0x00, 0x00, 0x00, 0x00, 0x00, 0x00, 0x00, 0x00, 0x00, 0x00,
    0x00, 0x00, 0x00, 0x00, 0x00, 0x00, 0x00, 0x00, 0x00, 0x00, 0x00, 0x00, 0x00, 0x00, 0x00, 0x00,
    0x8d, 0x8a, 0x8b, 0x00, 0x8d, 0x8a, 0x8b, 0x00, 0x8d, 0x89, 0x8c, 0x00, 0x8d, 0x89, 0x8c, 0x00,
    0x8d, 0x8a, 0x8b, 0x00, 0x8f, 0x8b, 0x89, 0x00, 0x91, 0x8a, 0x89, 0x00, 0x8d, 0x8d, 0x84, 0x00,
    0x84, 0x95, 0x7c, 0x00, 0x78, 0xa0, 0x6c, 0x00, 0x67, 0xad, 0x59, 0x05, 0x63, 0xb3, 0x4d, 0x70,
    0x69, 0xb5, 0x4b, 0xec, 0x67, 0xb1, 0x48, 0xff, 0x6d, 0xb7, 0x4e, 0xff, 0x67, 0xb1, 0x48, 0xff,
    0x66, 0xb4, 0x48, 0xff, 0x64, 0xb4, 0x48, 0xff, 0x64, 0xb4, 0x48, 0xff, 0x64, 0xb4, 0x48, 0xff,
    0x64, 0xb4, 0x48, 0xff, 0x64, 0xb4, 0x48, 0xff, 0x64, 0xb4, 0x48, 0xff, 0x64, 0xb3, 0x49, 0xff,
    0x66, 0xb1, 0x4c, 0xff, 0x66, 0xb1, 0x4e, 0xff, 0x66, 0xb1, 0x4c, 0xff, 0x66, 0xb2, 0x4b, 0xff,
    0x69, 0xb6, 0x4a, 0xff, 0x69, 0xb5, 0x47, 0xff, 0x6d, 0xb6, 0x48, 0xff, 0x6d, 0xb9, 0x4b, 0xd3,
    0x66, 0xb3, 0x49, 0x4c, 0x6e, 0xac, 0x54, 0x00, 0x80, 0x9d, 0x6b, 0x00, 0x87, 0x95, 0x77, 0x00,
    0x7e, 0x96, 0x79, 0x00, 0x7e, 0x93, 0x7e, 0x00, 0x82, 0x8f, 0x84, 0x00, 0x87, 0x8c, 0x89, 0x00,
    0x00, 0x00, 0x00, 0x00, 0x00, 0x00, 0x00, 0x00, 0x00, 0x00, 0x00, 0x00, 0x00, 0x00, 0x00, 0x00,
    0x00, 0x00, 0x00, 0x00, 0x00, 0x00, 0x00, 0x00, 0x00, 0x00, 0x00, 0x00, 0x00, 0x00, 0x00, 0x00,
    0x00, 0x00, 0x00, 0x00, 0x00, 0x00, 0x00, 0x00, 0x00, 0x00, 0x00, 0x00, 0x00, 0x00, 0x00, 0x00,
    0x00, 0x00, 0x00, 0x00, 0x00, 0x00, 0x00, 0x00, 0x00, 0x00, 0x00, 0x00, 0x00, 0x00, 0x00, 0x00,
    0x00, 0x00, 0x00, 0x00, 0x00, 0x00, 0x00, 0x00, 0x00, 0x00, 0x00, 0x00, 0x00, 0x00, 0x00, 0x00,
    0x00, 0x00, 0x00, 0x00, 0x00, 0x00, 0x00, 0x00, 0x00, 0x00, 0x00, 0x00, 0x00, 0x00, 0x00, 0x00,
    0x00, 0x00, 0x00, 0x00, 0x00, 0x00, 0x00, 0x00, 0x00, 0x00, 0x00, 0x00, 0x00, 0x00, 0x00, 0x00,
    0x00, 0x00, 0x00, 0x00, 0x00, 0x00, 0x00, 0x00, 0x00, 0x00, 0x00, 0x00, 0x00, 0x00, 0x00, 0x00,
    0x00, 0x00, 0x00, 0x00, 0x00, 0x00, 0x00, 0x00, 0x00, 0x00, 0x00, 0x00, 0x00, 0x00, 0x00, 0x00,
    0x00, 0x00, 0x00, 0x00, 0x00, 0x00, 0x00, 0x00, 0x00, 0x00, 0x00, 0x00, 0x00, 0x00, 0x00, 0x00,
    0x00, 0x00, 0x00, 0x00, 0x00, 0x00, 0x00, 0x00, 0x00, 0x00, 0x00, 0x00, 0x00, 0x00, 0x00, 0x00,
    0x00, 0x00, 0x00, 0x00, 0x00, 0x00, 0x00, 0x00, 0x00, 0x00, 0x00, 0x00, 0x00, 0x00, 0x00, 0x00,
    0x00, 0x00, 0x00, 0x00, 0x00, 0x00, 0x00, 0x00, 0x00, 0x00, 0x00, 0x00, 0x00, 0x00, 0x00, 0x00,
    0x00, 0x00, 0x00, 0x00, 0x00, 0x00, 0x00, 0x00, 0x00, 0x00, 0x00, 0x00, 0x00, 0x00, 0x00, 0x00,
    0x8d, 0x8a, 0x8b, 0x00, 0x8d, 0x8a, 0x8b, 0x00, 0x8d, 0x8b, 0x89, 0x00, 0x8d, 0x8a, 0x8b, 0x00,
    0x8d, 0x89, 0x8c, 0x00, 0x8d, 0x89, 0x8c, 0x00, 0x8b, 0x8a, 0x8c, 0x00, 0x82, 0x93, 0x7e, 0x00,
    0x76, 0xa4, 0x65, 0x00, 0x6b, 0xae, 0x54, 0x2a, 0x67, 0xb3, 0x4c, 0xcc, 0x65, 0xb5, 0x49, 0xff,
    0x67, 0xb4, 0x4a, 0xff, 0x67, 0xb4, 0x4a, 0xff, 0x65, 0xb5, 0x49, 0xff, 0x65, 0xb5, 0x49, 0xff,
    0x65, 0xb4, 0x4a, 0xff, 0x65, 0xb4, 0x4a, 0xff, 0x65, 0xb4, 0x4a, 0xff, 0x65, 0xb4, 0x4a, 0xff,
    0x65, 0xb4, 0x4a, 0xff, 0x65, 0xb4, 0x4a, 0xff, 0x65, 0xb4, 0x4a, 0xff, 0x65, 0xb4, 0x4c, 0xff,
    0x65, 0xb3, 0x4d, 0xff, 0x67, 0xb3, 0x4c, 0xff, 0x67, 0xb4, 0x4a, 0xff, 0x67, 0xb5, 0x49, 0xff,
    0x67, 0xb5, 0x49, 0xff, 0x65, 0xb6, 0x47, 0xff, 0x63, 0xb7, 0x47, 0xff, 0x65, 0xb6, 0x47, 0xff,
    0x67, 0xb4, 0x4a, 0xff, 0x6b, 0xb1, 0x4f, 0xb9, 0x71, 0xac, 0x55, 0x2a, 0x6f, 0xaa, 0x5a, 0x00,
    0x69, 0xaa, 0x5d, 0x00, 0x6f, 0xa3, 0x69, 0x00, 0x82, 0x95, 0x7d, 0x00, 0x8a, 0x8d, 0x8a, 0x00,
    0x00, 0x00, 0x00, 0x00, 0x00, 0x00, 0x00, 0x00, 0x00, 0x00, 0x00, 0x00, 0x00, 0x00, 0x00, 0x00,
    0x00, 0x00, 0x00, 0x00, 0x00, 0x00, 0x00, 0x00, 0x00, 0x00, 0x00, 0x00, 0x00, 0x00, 0x00, 0x00,
    0x00, 0x00, 0x00, 0x00, 0x00, 0x00, 0x00, 0x00, 0x00, 0x00, 0x00, 0x00, 0x00, 0x00, 0x00, 0x00,
    0x00, 0x00, 0x00, 0x00, 0x00, 0x00, 0x00, 0x00, 0x00, 0x00, 0x00, 0x00, 0x00, 0x00, 0x00, 0x00,
    0x00, 0x00, 0x00, 0x00, 0x00, 0x00, 0x00, 0x00, 0x00, 0x00, 0x00, 0x00, 0x00, 0x00, 0x00, 0x00,
    0x00, 0x00, 0x00, 0x00, 0x00, 0x00, 0x00, 0x00, 0x00, 0x00, 0x00, 0x00, 0x00, 0x00, 0x00, 0x00,
    0x00, 0x00, 0x00, 0x00, 0x00, 0x00, 0x00, 0x00, 0x00, 0x00, 0x00, 0x00, 0x00, 0x00, 0x00, 0x00,
    0x00, 0x00, 0x00, 0x00, 0x00, 0x00, 0x00, 0x00, 0x00, 0x00, 0x00, 0x00, 0x00, 0x00, 0x00, 0x00,
    0x00, 0x00, 0x00, 0x00, 0x00, 0x00, 0x00, 0x00, 0x00, 0x00, 0x00, 0x00, 0x00, 0x00, 0x00, 0x00,
    0x00, 0x00, 0x00, 0x00, 0x00, 0x00, 0x00, 0x00, 0x00, 0x00, 0x00, 0x00, 0x00, 0x00, 0x00, 0x00,
    0x00, 0x00, 0x00, 0x00, 0x00, 0x00, 0x00, 0x00, 0x00, 0x00, 0x00, 0x00, 0x00, 0x00, 0x00, 0x00,
    0x00, 0x00, 0x00, 0x00, 0x00, 0x00, 0x00, 0x00, 0x00, 0x00, 0x00, 0x00, 0x00, 0x00, 0x00, 0x00,
    0x00, 0x00, 0x00, 0x00, 0x00, 0x00, 0x00, 0x00, 0x00, 0x00, 0x00, 0x00, 0x00, 0x00, 0x00, 0x00,
    0x00, 0x00, 0x00, 0x00, 0x00, 0x00, 0x00, 0x00, 0x00, 0x00, 0x00, 0x00, 0x00, 0x00, 0x00, 0x00,
    0x8b, 0x8a, 0x8c, 0x00, 0x8d, 0x89, 0x8c, 0x00, 0x8f, 0x8b, 0x89, 0x00, 0x8f, 0x8b, 0x89, 0x00,
    0x8d, 0x89, 0x8c, 0x00, 0x87, 0x8c, 0x89, 0x00, 0x7e, 0x93, 0x7f, 0x00, 0x76, 0x9d, 0x6e, 0x00,
    0x6b, 0xae, 0x55, 0x4a, 0x67, 0xb5, 0x49, 0xf1, 0x67, 0xb6, 0x47, 0xff, 0x67, 0xb6, 0x47, 0xff,
    0x69, 0xb5, 0x49, 0xff, 0x67, 0xb5, 0x49, 0xff, 0x65, 0xb5, 0x49, 0xff, 0x63, 0xb6, 0x49, 0xff,
    0x65, 0xb4, 0x4a, 0xff, 0x65, 0xb4, 0x4c, 0xff, 0x65, 0xb4, 0x4c, 0xff, 0x65, 0xb4, 0x4c, 0xff,
    0x65, 0xb4, 0x4c, 0xff, 0x65, 0xb4, 0x4c, 0xff, 0x65, 0xb4, 0x4c, 0xff, 0x65, 0xb4, 0x4c, 0xff,
    0x63, 0xb4, 0x4c, 0xff, 0x63, 0xb5, 0x4a, 0xff, 0x65, 0xb5, 0x49, 0xff, 0x67, 0xb5, 0x49, 0xff,
    0x67, 0xb5, 0x49, 0xff, 0x65, 0xb5, 0x49, 0xff, 0x61, 0xb7, 0x47, 0xff, 0x61, 0xb7, 0x47, 0xff,
    0x67, 0xb5, 0x49, 0xff, 0x69, 0xb4, 0x4a, 0xff, 0x67, 0xb4, 0x4a, 0xfb, 0x63, 0xb5, 0x4a, 0x99,
    0x5f, 0xb5, 0x4c, 0x15, 0x65, 0xae, 0x57, 0x00, 0x78, 0x9f, 0x6d, 0x00, 0x84, 0x95, 0x7d, 0x00,
    0x00, 0x03, 0x00, 0x00, 0x00, 0x00, 0x00, 0x00, 0x00, 0x00, 0x00, 0x00, 0x00, 0x00, 0x00, 0x00,
    0x00, 0x00, 0x00, 0x00, 0x00, 0x00, 0x00, 0x00, 0x00, 0x00, 0x00, 0x00, 0x00, 0x00, 0x00, 0x00,
    0x00, 0x00, 0x00, 0x00, 0x00, 0x00, 0x00, 0x00, 0x00, 0x00, 0x00, 0x00, 0x00, 0x00, 0x00, 0x00,
    0x00, 0x00, 0x00, 0x00, 0x00, 0x00, 0x00, 0x00, 0x00, 0x00, 0x00, 0x00, 0x00, 0x00, 0x00, 0x00,
    0x00, 0x00, 0x00, 0x00, 0x00, 0x00, 0x00, 0x00, 0x00, 0x00, 0x00, 0x00, 0x00, 0x00, 0x00, 0x00,
    0x00, 0x00, 0x00, 0x00, 0x00, 0x00, 0x00, 0x00, 0x00, 0x00, 0x00, 0x00, 0x00, 0x00, 0x00, 0x00,
    0x00, 0x00, 0x00, 0x00, 0x00, 0x00, 0x00, 0x00, 0x00, 0x00, 0x00, 0x00, 0x00, 0x00, 0x00, 0x00,
    0x00, 0x00, 0x00, 0x00, 0x00, 0x00, 0x00, 0x00, 0x00, 0x00, 0x00, 0x00, 0x00, 0x00, 0x00, 0x00,
    0x00, 0x00, 0x00, 0x00, 0x00, 0x00, 0x00, 0x00, 0x00, 0x00, 0x00, 0x00, 0x00, 0x00, 0x00, 0x00,
    0x00, 0x00, 0x00, 0x00, 0x00, 0x00, 0x00, 0x00, 0x00, 0x00, 0x00, 0x00, 0x00, 0x00, 0x00, 0x00,
    0x00, 0x00, 0x00, 0x00, 0x00, 0x00, 0x00, 0x00, 0x00, 0x00, 0x00, 0x00, 0x00, 0x00, 0x00, 0x00,
    0x00, 0x00, 0x00, 0x00, 0x00, 0x00, 0x00, 0x00, 0x00, 0x00, 0x00, 0x00, 0x00, 0x00, 0x00, 0x00,
    0x00, 0x00, 0x00, 0x00, 0x00, 0x00, 0x00, 0x00, 0x00, 0x00, 0x00, 0x00, 0x00, 0x00, 0x00, 0x00,
    0x00, 0x00, 0x00, 0x00, 0x00, 0x00, 0x00, 0x00, 0x00, 0x00, 0x00, 0x00, 0x00, 0x00, 0x00, 0x00,
    0x88, 0x8c, 0x8d, 0x00, 0x8a, 0x8b, 0x8d, 0x00, 0x92, 0x8b, 0x8c, 0x00, 0x92, 0x8b, 0x8a, 0x00,
    0x8b, 0x8a, 0x8c, 0x00, 0x7e, 0x93, 0x7f, 0x00, 0x70, 0xa4, 0x63, 0x00, 0x66, 0xaf, 0x51, 0x6a,
    0x65, 0xb4, 0x4c, 0xfd, 0x65, 0xb5, 0x49, 0xff, 0x69, 0xb5, 0x47, 0xff, 0x69, 0xb5, 0x47, 0xff,
    0x69, 0xb5, 0x47, 0xff, 0x69, 0xb5, 0x47, 0xff, 0x67, 0xb4, 0x4a, 0xff, 0x67, 0xb4, 0x4a, 0xff,
    0x65, 0xb4, 0x4a, 0xff, 0x65, 0xb4, 0x4a, 0xff, 0x65, 0xb4, 0x4a, 0xff, 0x65, 0xb4, 0x4a, 0xff,
    0x65, 0xb4, 0x4a, 0xff, 0x65, 0xb4, 0x4a, 0xff, 0x65, 0xb4, 0x4a, 0xff, 0x63, 0xb5, 0x4a, 0xff,
    0x5f, 0xb7, 0x47, 0xff, 0x5f, 0xb6, 0x49, 0xff, 0x63, 0xb4, 0x4c, 0xff, 0x67, 0xb3, 0x4c, 0xff,
    0x67, 0xb4, 0x4a, 0xff, 0x65, 0xb5, 0x49, 0xff, 0x61, 0xb7, 0x47, 0xff, 0x61, 0xb8, 0x46, 0xff,
    0x63, 0xb7, 0x47, 0xff, 0x65, 0xb6, 0x47, 0xff, 0x63, 0xb7, 0x47, 0xff, 0x61, 0xb6, 0x49, 0xff,
    0x5f, 0xb6, 0x49, 0xec, 0x61, 0xb4, 0x4c, 0x6a, 0x69, 0xb0, 0x52, 0x04, 0x76, 0xa4, 0x64, 0x00,
    0x00, 0x08, 0x00, 0x00, 0x00, 0x00, 0x00, 0x00, 0x00, 0x00, 0x00, 0x00, 0x00, 0x00, 0x00, 0x00,
    0x00, 0x00, 0x00, 0x00, 0x00, 0x00, 0x00, 0x00, 0x00, 0x00, 0x00, 0x00, 0x00, 0x00, 0x00, 0x00,
    0x00, 0x00, 0x00, 0x00, 0x00, 0x00, 0x00, 0x00, 0x00, 0x00, 0x00, 0x00, 0x00, 0x00, 0x00, 0x00,
    0x00, 0x00, 0x00, 0x00, 0x00, 0x00, 0x00, 0x00, 0x00, 0x00, 0x00, 0x00, 0x00, 0x00, 0x00, 0x00,
    0x00, 0x00, 0x00, 0x00, 0x00, 0x00, 0x00, 0x00, 0x00, 0x00, 0x00, 0x00, 0x00, 0x00, 0x00, 0x00,
    0x00, 0x00, 0x00, 0x00, 0x00, 0x00, 0x00, 0x00, 0x00, 0x00, 0x00, 0x00, 0x00, 0x00, 0x00, 0x00,
    0x00, 0x00, 0x00, 0x00, 0x00, 0x00, 0x00, 0x00, 0x00, 0x00, 0x00, 0x00, 0x00, 0x00, 0x00, 0x00,
    0x00, 0x00, 0x00, 0x00, 0x00, 0x00, 0x00, 0x00, 0x00, 0x00, 0x00, 0x00, 0x00, 0x00, 0x00, 0x00,
    0x00, 0x00, 0x00, 0x00, 0x00, 0x00, 0x00, 0x00, 0x00, 0x00, 0x00, 0x00, 0x00, 0x00, 0x00, 0x00,
    0x00, 0x00, 0x00, 0x00, 0x00, 0x00, 0x00, 0x00, 0x00, 0x00, 0x00, 0x00, 0x00, 0x00, 0x00, 0x00,
    0x00, 0x00, 0x00, 0x00, 0x00, 0x00, 0x00, 0x00, 0x00, 0x00, 0x00, 0x00, 0x00, 0x00, 0x00, 0x00,
    0x00, 0x00, 0x00, 0x00, 0x00, 0x00, 0x00, 0x00, 0x00, 0x00, 0x00, 0x00, 0x00, 0x00, 0x00, 0x00,
    0x00, 0x00, 0x00, 0x00, 0x02, 0x00, 0x02, 0x00, 0x00, 0x00, 0x02, 0x00, 0x00, 0x00, 0x00, 0x00,
    0x00, 0x00, 0x00, 0x00, 0x00, 0x01, 0x00, 0x00, 0x00, 0x01, 0x00, 0x00, 0x00, 0x00, 0x00, 0x00,
    0x88, 0x8c, 0x8d, 0x00, 0x8a, 0x8b, 0x8d, 0x00, 0x90, 0x8b, 0x8c, 0x00, 0x8e, 0x8e, 0x87, 0x00,
    0x82, 0x92, 0x7f, 0x00, 0x76, 0x9d, 0x6e, 0x00, 0x66, 0xaf, 0x51, 0x64, 0x60, 0xb7, 0x44, 0xfe,
    0x63, 0xb7, 0x47, 0xff, 0x65, 0xb5, 0x49, 0xff, 0x69, 0xb5, 0x47, 0xff, 0x69, 0xb5, 0x47, 0xff,
    0x69, 0xb5, 0x47, 0xff, 0x69, 0xb5, 0x47, 0xff, 0x69, 0xb4, 0x4a, 0xff, 0x67, 0xb4, 0x4a, 0xff,
    0x65, 0xb4, 0x4a, 0xff, 0x65, 0xb4, 0x4a, 0xff, 0x65, 0xb4, 0x4a, 0xff, 0x65, 0xb4, 0x4a, 0xff,
    0x65, 0xb4, 0x4a, 0xff, 0x65, 0xb4, 0x4a, 0xff, 0x65, 0xb4, 0x4a, 0xff, 0x63, 0xb6, 0x49, 0xff,
    0x5f, 0xb8, 0x46, 0xff, 0x5f, 0xb7, 0x47, 0xff, 0x63, 0xb4, 0x4c, 0xff, 0x65, 0xb4, 0x4c, 0xff,
    0x67, 0xb4, 0x4a, 0xff, 0x67, 0xb5, 0x49, 0xff, 0x63, 0xb7, 0x47, 0xff, 0x61, 0xb7, 0x47, 0xff,
    0x63, 0xb7, 0x47, 0xff, 0x63, 0xb7, 0x47, 0xff, 0x61, 0xb7, 0x47, 0xff, 0x61, 0xb7, 0x47, 0xff,
    0x61, 0xb7, 0x47, 0xff, 0x61, 0xb7, 0x47, 0xff, 0x63, 0xb7, 0x47, 0xd2, 0x6b, 0xae, 0x54, 0x43,
    0x00, 0x13, 0x00, 0x00, 0x00, 0x0a, 0x00, 0x00, 0x00, 0x0a, 0x00, 0x00, 0x00, 0x07, 0x00, 0x00,
    0x00, 0x02, 0x00, 0x00, 0x00, 0x00, 0x02, 0x00, 0x00, 0x00, 0x00, 0x00, 0x00, 0x00, 0x00, 0x00,
    0x02, 0x00, 0x00, 0x00, 0x02, 0x00, 0x00, 0x00, 0x00, 0x00, 0x00, 0x00, 0x00, 0x00, 0x00, 0x00,
    0x02, 0x00, 0x00, 0x00, 0x02, 0x00, 0x00, 0x00, 0x02, 0x00, 0x00, 0x00, 0x00, 0x00, 0x00, 0x00,
    0x00, 0x00, 0x00, 0x00, 0x00, 0x00, 0x00, 0x00, 0x00, 0x00, 0x00, 0x00, 0x00, 0x00, 0x00, 0x00,
    0x00, 0x00, 0x00, 0x00, 0x00, 0x00, 0x00, 0x00, 0x00, 0x00, 0x00, 0x00, 0x00, 0x00, 0x00, 0x00,
    0x00, 0x00, 0x00, 0x00, 0x00, 0x00, 0x00, 0x00, 0x00, 0x00, 0x00, 0x00, 0x00, 0x00, 0x00, 0x00,
    0x00, 0x00, 0x00, 0x00, 0x00, 0x00, 0x00, 0x00, 0x00, 0x00, 0x00, 0x00, 0x00, 0x00, 0x00, 0x00,
    0x00, 0x00, 0x00, 0x00, 0x00, 0x00, 0x00, 0x00, 0x00, 0x00, 0x00, 0x00, 0x00, 0x00, 0x00, 0x00,
    0x00, 0x00, 0x00, 0x00, 0x00, 0x00, 0x00, 0x00, 0x00, 0x00, 0x00, 0x00, 0x00, 0x00, 0x00, 0x00,
    0x72, 0x76, 0x73, 0x00, 0x72, 0x76, 0x73, 0x00, 0x70, 0x76, 0x73, 0x00, 0x70, 0x76, 0x73, 0x00,
    0x70, 0x74, 0x76, 0x00, 0x72, 0x74, 0x76, 0x00, 0x72, 0x75, 0x74, 0x00, 0x72, 0x75, 0x74, 0x00,
    0x76, 0x73, 0x76, 0x00, 0x78, 0x72, 0x78, 0x00, 0x74, 0x73, 0x78, 0x00, 0x74, 0x74, 0x76, 0x00,
    0x76, 0x75, 0x73, 0x00, 0x76, 0x76, 0x71, 0x00, 0x74, 0x77, 0x70, 0x00, 0x74, 0x76, 0x71, 0x00,
    0x8a, 0x8c, 0x8c, 0x00, 0x8a, 0x8b, 0x8d, 0x00, 0x8c, 0x8c, 0x8c, 0x00, 0x84, 0x94, 0x7f, 0x00,
    0x76, 0xa3, 0x67, 0x00, 0x6b, 0xae, 0x55, 0x40, 0x65, 0xb4, 0x4c, 0xfb, 0x63, 0xb7, 0x47, 0xff,
    0x63, 0xb6, 0x49, 0xff, 0x65, 0xb5, 0x49, 0xff, 0x67, 0xb5, 0x49, 0xff, 0x67, 0xb5, 0x49, 0xff,
    0x67, 0xb5, 0x49, 0xff, 0x67, 0xb5, 0x49, 0xff, 0x67, 0xb5, 0x49, 0xff, 0x65, 0xb5, 0x49, 0xff,
    0x65, 0xb5, 0x49, 0xff, 0x65, 0xb5, 0x49, 0xff, 0x65, 0xb5, 0x49, 0xff, 0x65, 0xb5, 0x49, 0xff,
    0x65, 0xb5, 0x49, 0xff, 0x65, 0xb5, 0x49, 0xff, 0x65, 0xb5, 0x49, 0xff, 0x65, 0xb6, 0x47, 0xff,
    0x63, 0xb7, 0x47, 0xff, 0x63, 0xb6, 0x49, 0xff, 0x65, 0xb4, 0x4a, 0xff, 0x65, 0xb4, 0x4a, 0xff,
    0x65, 0xb5, 0x49, 0xff, 0x65, 0xb5, 0x49, 0xff, 0x65, 0xb5, 0x49, 0xff, 0x63, 0xb6, 0x49, 0xff,
    0x65, 0xb5, 0x49, 0xff, 0x65, 0xb5, 0x49, 0xff, 0x63, 0xb6, 0x49, 0xff, 0x63, 0xb6, 0x49, 0xff,
    0x63, 0xb6, 0x49, 0xff, 0x63, 0xb6, 0x49, 0xff, 0x65, 0xb5, 0x49, 0xff, 0x65, 0xb4, 0x4c, 0xff,
    0x67, 0xae, 0x55, 0xae, 0x6b, 0xab, 0x5a, 0x22, 0x71, 0xa9, 0x5c, 0x00, 0x76, 0xa0, 0x67, 0x00,
    0x7d, 0x90, 0x81, 0x00, 0x82, 0x88, 0x8b, 0x00, 0x86, 0x89, 0x88, 0x00, 0x8a, 0x88, 0x88, 0x00,
    0x8b, 0x85, 0x89, 0x00, 0x8b, 0x85, 0x89, 0x00, 0x89, 0x87, 0x85, 0x00, 0x89, 0x87, 0x85, 0x00,
    0x8a, 0x86, 0x84, 0x00, 0x8a, 0x86, 0x84, 0x00, 0x8a, 0x86, 0x84, 0x00, 0x88, 0x86, 0x84, 0x00,
    0x00, 0x00, 0x00, 0x00, 0x00, 0x00, 0x00, 0x00, 0x00, 0x00, 0x00, 0x00, 0x00, 0x00, 0x00, 0x00,
    0x00, 0x00, 0x00, 0x00, 0x00, 0x00, 0x00, 0x00, 0x00, 0x00, 0x00, 0x00, 0x00, 0x00, 0x00, 0x00,
    0x00, 0x00, 0x00, 0x00, 0x00, 0x00, 0x00, 0x00, 0x00, 0x00, 0x00, 0x00, 0x00, 0x00, 0x00, 0x00,
    0x00, 0x00, 0x00, 0x00, 0x00, 0x00, 0x00, 0x00, 0x00, 0x00, 0x00, 0x00, 0x00, 0x00, 0x00, 0x00,
    0x00, 0x00, 0x00, 0x00, 0x00, 0x00, 0x00, 0x00, 0x00, 0x00, 0x00, 0x00, 0x00, 0x00, 0x00, 0x00,
    0x00, 0x00, 0x00, 0x00, 0x00, 0x00, 0x00, 0x00, 0x00, 0x00, 0x00, 0x00, 0x00, 0x00, 0x00, 0x00,
    0x72, 0x76, 0x73, 0x00, 0x70, 0x76, 0x73, 0x00, 0x70, 0x76, 0x73, 0x00, 0x70, 0x76, 0x73, 0x00,
    0x74, 0x74, 0x76, 0x00, 0x74, 0x74, 0x76, 0x00, 0x72, 0x76, 0x73, 0x00, 0x72, 0x76, 0x71, 0x00,
    0x76, 0x74, 0x74, 0x00, 0x76, 0x73, 0x76, 0x00, 0x74, 0x72, 0x79, 0x00, 0x74, 0x73, 0x78, 0x00,
    0x78, 0x74, 0x73, 0x00, 0x78, 0x76, 0x70, 0x00, 0x76, 0x76, 0x70, 0x00, 0x74, 0x77, 0x70, 0x00,
    0x8a, 0x8c, 0x8c, 0x00, 0x86, 0x8f, 0x89, 0x00, 0x80, 0x94, 0x81, 0x00, 0x78, 0x9e, 0x6f, 0x00,
    0x6d, 0xad, 0x55, 0x15, 0x67, 0xb6, 0x47, 0xe9, 0x65, 0xb6, 0x47, 0xff, 0x65, 0xb6, 0x47, 0xff,
    0x65, 0xb5, 0x49, 0xff, 0x65, 0xb5, 0x49, 0xff, 0x65, 0xb5, 0x49, 0xff, 0x65, 0xb5, 0x49, 0xff,
    0x65, 0xb5, 0x49, 0xff, 0x65, 0xb5, 0x49, 0xff, 0x65, 0xb5, 0x49, 0xff, 0x65, 0xb5, 0x49, 0xff,
    0x65, 0xb6, 0x47, 0xff, 0x65, 0xb6, 0x47, 0xff, 0x65, 0xb6, 0x47, 0xff, 0x65, 0xb6, 0x47, 0xff,
    0x65, 0xb6, 0x47, 0xff, 0x65, 0xb6, 0x47, 0xff, 0x65, 0xb6, 0x47, 0xff, 0x65, 0xb6, 0x47, 0xff,
    0x65, 0xb5, 0x49, 0xff, 0x65, 0xb5, 0x49, 0xff, 0x65, 0xb5, 0x49, 0xff, 0x65, 0xb5, 0x49, 0xff,
    0x65, 0xb5, 0x49, 0xff, 0x65, 0xb5, 0x49, 0xff, 0x65, 0xb5, 0x49, 0xff, 0x65, 0xb5, 0x49, 0xff,
    0x65, 0xb5, 0x49, 0xff, 0x65, 0xb5, 0x49, 0xff, 0x65, 0xb5, 0x49, 0xff, 0x65, 0xb5, 0x49, 0xff,
    0x65, 0xb5, 0x49, 0xff, 0x65, 0xb5, 0x49, 0xff, 0x65, 0xb5, 0x49, 0xff, 0x65, 0xb5, 0x49, 0xff,
    0x61, 0xb6, 0x49, 0xff, 0x63, 0xb5, 0x4a, 0xf8, 0x67, 0xb4, 0x4a, 0x87, 0x6c, 0xab, 0x56, 0x0d,
    0x73, 0x9c, 0x6e, 0x00, 0x78, 0x94, 0x78, 0x00, 0x7c, 0x94, 0x77, 0x00, 0x82, 0x90, 0x7b, 0x00,
    0x89, 0x87, 0x85, 0x00, 0x8b, 0x85, 0x89, 0x00, 0x87, 0x88, 0x85, 0x00, 0x87, 0x89, 0x84, 0x00,
    0x8a, 0x87, 0x83, 0x00, 0x8a, 0x87, 0x83, 0x00, 0x8a, 0x86, 0x84, 0x00, 0x88, 0x86, 0x86, 0x00,
    0x00, 0x00, 0x00, 0x00, 0x00, 0x00, 0x00, 0x00, 0x00, 0x00, 0x00, 0x00, 0x00, 0x00, 0x00, 0x00,
    0x00, 0x00, 0x00, 0x00, 0x00, 0x00, 0x00, 0x00, 0x00, 0x00, 0x00, 0x00, 0x00, 0x00, 0x00, 0x00,
    0x00, 0x00, 0x00, 0x00, 0x00, 0x00, 0x00, 0x00, 0x00, 0x00, 0x00, 0x00, 0x00, 0x00, 0x00, 0x00,
    0x00, 0x00, 0x00, 0x00, 0x00, 0x00, 0x00, 0x00, 0x00, 0x00, 0x00, 0x00, 0x00, 0x00, 0x00, 0x00,
    0x00, 0x00, 0x00, 0x00, 0x00, 0x00, 0x00, 0x00, 0x00, 0x00, 0x00, 0x00, 0x00, 0x00, 0x00, 0x00,
    0x00, 0x00, 0x00, 0x00, 0x00, 0x00, 0x00, 0x00, 0x00, 0x00, 0x00, 0x00, 0x00, 0x00, 0x00, 0x00,
    0x70, 0x76, 0x73, 0x00, 0x70, 0x76, 0x73, 0x00, 0x70, 0x76, 0x73, 0x00, 0x74, 0x74, 0x74, 0x00,
    0x7a, 0x72, 0x78, 0x00, 0x7a, 0x72, 0x76, 0x00, 0x74, 0x77, 0x70, 0x00, 0x72, 0x79, 0x6c, 0x00,
    0x74, 0x78, 0x6e, 0x00, 0x74, 0x75, 0x73, 0x00, 0x74, 0x73, 0x78, 0x00, 0x78, 0x72, 0x78, 0x00,
    0x7d, 0x73, 0x74, 0x00, 0x7d, 0x75, 0x71, 0x00, 0x76, 0x76, 0x70, 0x00, 0x72, 0x76, 0x71, 0x00,
    0x87, 0x8f, 0x8b, 0x00, 0x7d, 0x96, 0x82, 0x00, 0x71, 0xa3, 0x6b, 0x00, 0x6b, 0xae, 0x5a, 0x00,
    0x67, 0xb3, 0x4c, 0xa5, 0x67, 0xb6, 0x47, 0xff, 0x69, 0xb5, 0x47, 0xff, 0x69, 0xb5, 0x47, 0xff,
    0x67, 0xb5, 0x49, 0xff, 0x65, 0xb5, 0x49, 0xff, 0x65, 0xb5, 0x49, 0xff, 0x65, 0xb5, 0x49, 0xff,
    0x65, 0xb5, 0x49, 0xff, 0x65, 0xb5, 0x49, 0xff, 0x65, 0xb5, 0x49, 0xff, 0x65, 0xb5, 0x49, 0xff,
    0x65, 0xb6, 0x47, 0xff, 0x65, 0xb6, 0x47, 0xff, 0x65, 0xb6, 0x47, 0xff, 0x65, 0xb6, 0x47, 0xff,
    0x65, 0xb6, 0x47, 0xff, 0x65, 0xb6, 0x47, 0xff, 0x65, 0xb6, 0x47, 0xff, 0x65, 0xb6, 0x47, 0xff,
    0x65, 0xb5, 0x49, 0xff, 0x65, 0xb5, 0x49, 0xff, 0x65, 0xb5, 0x49, 0xff, 0x65, 0xb5, 0x49, 0xff,
    0x65, 0xb5, 0x49, 0xff, 0x65, 0xb5, 0x49, 0xff, 0x65, 0xb5, 0x49, 0xff, 0x65, 0xb5, 0x49, 0xff,
    0x65, 0xb5, 0x49, 0xff, 0x65, 0xb5, 0x49, 0xff, 0x65, 0xb5, 0x49, 0xff, 0x65, 0xb5, 0x49, 0xff,
    0x65, 0xb5, 0x49, 0xff, 0x65, 0xb5, 0x49, 0xff, 0x67, 0xb5, 0x49, 0xff, 0x67, 0xb5, 0x49, 0xff,
    0x65, 0xb6, 0x47, 0xff, 0x65, 0xb6, 0x47, 0xff, 0x67, 0xb5, 0x49, 0xff, 0x68, 0xb2, 0x4b, 0xe6,
    0x67, 0xae, 0x4e, 0x66, 0x68, 0xaa, 0x52, 0x03, 0x68, 0xa9, 0x54, 0x00, 0x72, 0x9f, 0x64, 0x00,
    0x85, 0x8c, 0x7f, 0x00, 0x8b, 0x85, 0x8a, 0x00, 0x83, 0x88, 0x87, 0x00, 0x83, 0x89, 0x84, 0x00,
    0x88, 0x87, 0x83, 0x00, 0x8a, 0x87, 0x83, 0x00, 0x86, 0x86, 0x86, 0x00, 0x86, 0x86, 0x86, 0x00,
    0x00, 0x00, 0x00, 0x00, 0x00, 0x00, 0x00, 0x00, 0x00, 0x00, 0x00, 0x00, 0x00, 0x00, 0x00, 0x00,
    0x00, 0x00, 0x00, 0x00, 0x00, 0x00, 0x00, 0x00, 0x00, 0x00, 0x00, 0x00, 0x00, 0x00, 0x00, 0x00,
    0x00, 0x00, 0x00, 0x00, 0x00, 0x00, 0x00, 0x00, 0x00, 0x00, 0x00, 0x00, 0x00, 0x00, 0x00, 0x00,
    0x00, 0x00, 0x00, 0x00, 0x00, 0x00, 0x00, 0x00, 0x00, 0x00, 0x00, 0x00, 0x00, 0x00, 0x00, 0x00,
    0x00, 0x00, 0x00, 0x00, 0x00, 0x00, 0x00, 0x00, 0x00, 0x00, 0x00, 0x00, 0x00, 0x00, 0x00, 0x00,
    0x00, 0x00, 0x00, 0x00, 0x00, 0x00, 0x00, 0x00, 0x00, 0x00, 0x00, 0x00, 0x00, 0x00, 0x00, 0x00,
    0x72, 0x75, 0x74, 0x00, 0x7a, 0x76, 0x70, 0x00, 0x8d, 0x77, 0x66, 0x00, 0x97, 0x77, 0x63, 0x00,
    0x9b, 0x75, 0x64, 0x00, 0x99, 0x76, 0x63, 0x00, 0x93, 0x7b, 0x5d, 0x00, 0x91, 0x7d, 0x59, 0x00,
    0x91, 0x7c, 0x5b, 0x00, 0x93, 0x79, 0x60, 0x00, 0x95, 0x76, 0x64, 0x00, 0x99, 0x75, 0x66, 0x00,
    0x9b, 0x77, 0x61, 0x00, 0x93, 0x77, 0x64, 0x00, 0x7f, 0x77, 0x6c, 0x00, 0x72, 0x76, 0x71, 0x00,
    0x87, 0x8f, 0x8b, 0x00, 0x7c, 0x97, 0x7c, 0x00, 0x6b, 0xab, 0x5f, 0x00, 0x63, 0xb4, 0x4c, 0x43,
    0x65, 0xb5, 0x49, 0xff, 0x67, 0xb6, 0x47, 0xff, 0x69, 0xb5, 0x47, 0xff, 0x69, 0xb5, 0x47, 0xff,
    0x67, 0xb5, 0x49, 0xff, 0x65, 0xb5, 0x49, 0xff, 0x65, 0xb5, 0x49, 0xff, 0x65, 0xb5, 0x49, 0xff,
    0x65, 0xb5, 0x49, 0xff, 0x65, 0xb5, 0x49, 0xff, 0x65, 0xb5, 0x49, 0xff, 0x65, 0xb5, 0x49, 0xff,
    0x65, 0xb6, 0x47, 0xff, 0x65, 0xb6, 0x47, 0xff, 0x65, 0xb6, 0x47, 0xff, 0x65, 0xb6, 0x47, 0xff,
    0x65, 0xb6, 0x47, 0xff, 0x65, 0xb6, 0x47, 0xff, 0x65, 0xb6, 0x47, 0xff, 0x65, 0xb6, 0x47, 0xff,
    0x65, 0xb5, 0x49, 0xff, 0x65, 0xb5, 0x49, 0xff, 0x65, 0xb5, 0x49, 0xff, 0x65, 0xb5, 0x49, 0xff,
    0x65, 0xb5, 0x49, 0xff, 0x65, 0xb5, 0x49, 0xff, 0x65, 0xb5, 0x49, 0xff, 0x65, 0xb5, 0x49, 0xff,
    0x65, 0xb5, 0x49, 0xff, 0x65, 0xb5, 0x49, 0xff, 0x65, 0xb5, 0x49, 0xff, 0x65, 0xb5, 0x49, 0xff,
    0x65, 0xb5, 0x49, 0xff, 0x65, 0xb5, 0x49, 0xff, 0x65, 0xb5, 0x49, 0xff, 0x67, 0xb5, 0x49, 0xff,
    0x67, 0xb6, 0x47, 0xff, 0x67, 0xb6, 0x47, 0xff, 0x67, 0xb6, 0x47, 0xff, 0x66, 0xb5, 0x44, 0xff,
    0x63, 0xb5, 0x42, 0xff, 0x62, 0xb4, 0x40, 0xca, 0x60, 0xb3, 0x44, 0x39, 0x6a, 0xaa, 0x52, 0x00,
    0x79, 0x97, 0x6e, 0x00, 0x7f, 0x8f, 0x7a, 0x00, 0x7b, 0x90, 0x7a, 0x00, 0x7d, 0x8f, 0x7c, 0x00,
    0x84, 0x8a, 0x80, 0x00, 0x88, 0x87, 0x83, 0x00, 0x86, 0x86, 0x86, 0x00, 0x86, 0x85, 0x88, 0x00,
    0x00, 0x00, 0x00, 0x00, 0x00, 0x00, 0x00, 0x00, 0x00, 0x00, 0x00, 0x00, 0x00, 0x00, 0x00, 0x00,
    0x00, 0x00, 0x00, 0x00, 0x00, 0x00, 0x00, 0x00, 0x00, 0x00, 0x00, 0x00, 0x00, 0x00, 0x00, 0x00,
    0x00, 0x00, 0x00, 0x00, 0x00, 0x00, 0x00, 0x00, 0x00, 0x00, 0x00, 0x00, 0x00, 0x00, 0x00, 0x00,
    0x00, 0x00, 0x00, 0x00, 0x00, 0x00, 0x00, 0x00, 0x00, 0x00, 0x00, 0x00, 0x00, 0x00, 0x00, 0x00,
    0x00, 0x00, 0x00, 0x00, 0x00, 0x00, 0x00, 0x00, 0x00, 0x00, 0x00, 0x00, 0x00, 0x00, 0x00, 0x00,
    0x00, 0x00, 0x00, 0x00, 0x00, 0x00, 0x00, 0x00, 0x00, 0x00, 0x00, 0x00, 0x00, 0x00, 0x02, 0x00,
    0x74, 0x73, 0x78, 0x00, 0x8f, 0x75, 0x69, 0x00, 0xc5, 0x7a, 0x4b, 0x00, 0xdb, 0x7d, 0x3d, 0x00,
    0xd3, 0x7e, 0x3e, 0x00, 0xcd, 0x80, 0x3d, 0x00, 0xcd, 0x81, 0x39, 0x08, 0xcd, 0x81, 0x39, 0x2d,
    0xcd, 0x80, 0x3b, 0x30, 0xcf, 0x7f, 0x3d, 0x17, 0xd3, 0x7d, 0x40, 0x00, 0xd5, 0x7c, 0x40, 0x00,
    0xd5, 0x7f, 0x3b, 0x00, 0xbd, 0x7d, 0x48, 0x00, 0x8b, 0x77, 0x66, 0x00, 0x72, 0x75, 0x74, 0x00,
    0x8b, 0x8b, 0x89, 0x00, 0x82, 0x97, 0x7a, 0x00, 0x6a, 0xa5, 0x54, 0x03, 0x67, 0xb5, 0x49, 0xd2,
    0x67, 0xb5, 0x49, 0xff, 0x67, 0xb5, 0x49, 0xff, 0x69, 0xb5, 0x47, 0xff, 0x69, 0xb5, 0x47, 0xff,
    0x67, 0xb5, 0x49, 0xff, 0x65, 0xb5, 0x49, 0xff, 0x65, 0xb5, 0x49, 0xff, 0x65, 0xb5, 0x49, 0xff,
    0x65, 0xb5, 0x49, 0xff, 0x65, 0xb5, 0x49, 0xff, 0x65, 0xb5, 0x49, 0xff, 0x65, 0xb5, 0x49, 0xff,
    0x65, 0xb6, 0x47, 0xff, 0x65, 0xb6, 0x47, 0xff, 0x65, 0xb6, 0x47, 0xff, 0x65, 0xb6, 0x47, 0xff,
    0x65, 0xb6, 0x47, 0xff, 0x65, 0xb6, 0x47, 0xff, 0x65, 0xb6, 0x47, 0xff, 0x65, 0xb6, 0x47, 0xff,
    0x65, 0xb5, 0x49, 0xff, 0x65, 0xb5, 0x49, 0xff, 0x65, 0xb5, 0x49, 0xff, 0x65, 0xb5, 0x49, 0xff,
    0x65, 0xb5, 0x49, 0xff, 0x65, 0xb5, 0x49, 0xff, 0x65, 0xb5, 0x49, 0xff, 0x65, 0xb5, 0x49, 0xff,
    0x65, 0xb5, 0x49, 0xff, 0x65, 0xb5, 0x49, 0xff, 0x65, 0xb5, 0x49, 0xff, 0x65, 0xb5, 0x49, 0xff,
    0x65, 0xb5, 0x49, 0xff, 0x65, 0xb5, 0x49, 0xff, 0x65, 0xb5, 0x49, 0xff, 0x65, 0xb5, 0x49, 0xff,
    0x64, 0xb4, 0x48, 0xff, 0x64, 0xb5, 0x46, 0xff, 0x64, 0xb5, 0x46, 0xff, 0x66, 0xb5, 0x46, 0xff,
    0x66, 0xb4, 0x48, 0xff, 0x67, 0xb5, 0x49, 0xff, 0x69, 0xb5, 0x47, 0xfe, 0x69, 0xb3, 0x4c, 0xaa,
    0x67, 0xa9, 0x51, 0x1f, 0x69, 0xa5, 0x59, 0x00, 0x6d, 0xa1, 0x5e, 0x00, 0x75, 0x9a, 0x69, 0x00,
    0x80, 0x8d, 0x7b, 0x00, 0x86, 0x87, 0x84, 0x00, 0x86, 0x86, 0x86, 0x00, 0x86, 0x85, 0x88, 0x00,
    0x00, 0x00, 0x00, 0x00, 0x00, 0x00, 0x00, 0x00, 0x00, 0x00, 0x00, 0x00, 0x00, 0x00, 0x00, 0x00,
    0x00, 0x00, 0x00, 0x00, 0x00, 0x00, 0x00, 0x00, 0x00, 0x00, 0x00, 0x00, 0x00, 0x00, 0x00, 0x00,
    0x00, 0x00, 0x00, 0x00, 0x00, 0x00, 0x00, 0x00, 0x00, 0x00, 0x00, 0x00, 0x00, 0x00, 0x00, 0x00,
    0x00, 0x00, 0x00, 0x00, 0x00, 0x00, 0x00, 0x00, 0x00, 0x00, 0x00, 0x00, 0x00, 0x00, 0x00, 0x00,
    0x00, 0x00, 0x00, 0x00, 0x00, 0x00, 0x00, 0x00, 0x00, 0x00, 0x00, 0x00, 0x00, 0x00, 0x00, 0x00,
    0x00, 0x00, 0x00, 0x00, 0x00, 0x00, 0x00, 0x00, 0x00, 0x00, 0x00, 0x00, 0x08, 0x00, 0x00, 0x00,
    0x8b, 0x75, 0x6b, 0x00, 0xaf, 0x78, 0x58, 0x00, 0xe3, 0x7d, 0x39, 0x00, 0xfa, 0x81, 0x29, 0x06,
    0xed, 0x82, 0x2b, 0x68, 0xe9, 0x83, 0x2b, 0xc7, 0xeb, 0x84, 0x29, 0xfc, 0xeb, 0x83, 0x2b, 0xff,
    0xe9, 0x82, 0x2d, 0xff, 0xeb, 0x82, 0x2d, 0xff, 0xef, 0x81, 0x2d, 0xe2, 0xf2, 0x81, 0x2d, 0x8d,
    0xef, 0x83, 0x29, 0x1f, 0xd5, 0x81, 0x36, 0x00, 0xa7, 0x7b, 0x55, 0x00, 0x87, 0x7a, 0x63, 0x00,
    0x8e, 0x95, 0x79, 0x00, 0x7c, 0x9e, 0x6b, 0x00, 0x6f, 0xab, 0x52, 0x6c, 0x68, 0xb3, 0x48, 0xff,
    0x67, 0xb5, 0x49, 0xff, 0x65, 0xb5, 0x49, 0xff, 0x67, 0xb6, 0x47, 0xff, 0x67, 0xb6, 0x47, 0xff,
    0x65, 0xb5, 0x49, 0xff, 0x65, 0xb5, 0x49, 0xff, 0x65, 0xb5, 0x49, 0xff, 0x65, 0xb5, 0x49, 0xff,
    0x65, 0xb5, 0x49, 0xff, 0x65, 0xb5, 0x49, 0xff, 0x65, 0xb5, 0x49, 0xff, 0x65, 0xb5, 0x49, 0xff,
    0x65, 0xb6, 0x47, 0xff, 0x65, 0xb6, 0x47, 0xff, 0x65, 0xb6, 0x47, 0xff, 0x65, 0xb6, 0x47, 0xff,
    0x65, 0xb6, 0x47, 0xff, 0x65, 0xb6, 0x47, 0xff, 0x65, 0xb6, 0x47, 0xff, 0x65, 0xb6, 0x47, 0xff,
    0x65, 0xb5, 0x49, 0xff, 0x65, 0xb5, 0x49, 0xff, 0x65, 0xb5, 0x49, 0xff, 0x65, 0xb5, 0x49, 0xff,
    0x65, 0xb5, 0x49, 0xff, 0x65, 0xb5, 0x49, 0xff, 0x65, 0xb5, 0x49, 0xff, 0x65, 0xb5, 0x49, 0xff,
    0x65, 0xb5, 0x49, 0xff, 0x65, 0xb5, 0x49, 0xff, 0x65, 0xb5, 0x49, 0xff, 0x65, 0xb5, 0x49, 0xff,
    0x65, 0xb5, 0x49, 0xff, 0x65, 0xb5, 0x49, 0xff, 0x63, 0xb6, 0x49, 0xff, 0x63, 0xb3, 0x4d, 0xff,
    0x63, 0xb0, 0x58, 0xff, 0x63, 0xac, 0x60, 0xff, 0x61, 0xa8, 0x64, 0xff, 0x63, 0xa5, 0x6a, 0xff,
    0x63, 0xa1, 0x71, 0xff, 0x67, 0xa1, 0x73, 0xff, 0x67, 0xa3, 0x70, 0xff, 0x65, 0xa4, 0x6f, 0xff,
    0x5d, 0xa1, 0x6b, 0xf6, 0x5f, 0xa0, 0x6d, 0x80, 0x65, 0x9d, 0x70, 0x09, 0x6b, 0x96, 0x7d, 0x00,
    0x72, 0x86, 0x8e, 0x00, 0x7a, 0x81, 0x94, 0x00, 0x84, 0x84, 0x8b, 0x00, 0x88, 0x86, 0x86, 0x00,
    0x00, 0x00, 0x00, 0x00, 0x00, 0x00, 0x00, 0x00, 0x00, 0x00, 0x00, 0x00, 0x00, 0x00, 0x00, 0x00,
    0x00, 0x00, 0x00, 0x00, 0x00, 0x00, 0x00, 0x00, 0x00, 0x00, 0x00, 0x00, 0x00, 0x00, 0x00, 0x00,
    0x00, 0x00, 0x00, 0x00, 0x00, 0x00, 0x00, 0x00, 0x00, 0x00, 0x00, 0x00, 0x00, 0x00, 0x00, 0x00,
    0x00, 0x00, 0x00, 0x00, 0x00, 0x00, 0x00, 0x00, 0x00, 0x00, 0x00, 0x00, 0x00, 0x00, 0x00, 0x00,
    0x00, 0x00, 0x00, 0x00, 0x00, 0x00, 0x00, 0x00, 0x00, 0x00, 0x00, 0x00, 0x00, 0x00, 0x00, 0x00,
    0x00, 0x00, 0x00, 0x00, 0x00, 0x00, 0x00, 0x00, 0x00, 0x00, 0x00, 0x00, 0x16, 0x02, 0x00, 0x00,
    0xb7, 0x7b, 0x4e, 0x00, 0xd7, 0x7e, 0x3d, 0x00, 0xe9, 0x7f, 0x33, 0x35, 0xf2, 0x81, 0x2d, 0xd6,
    0xed, 0x82, 0x2b, 0xff, 0xeb, 0x83, 0x2b, 0xff, 0xeb, 0x82, 0x2d, 0xff, 0xe9, 0x81, 0x2e, 0xff,
    0xe5, 0x81, 0x30, 0xff, 0xe5, 0x81, 0x30, 0xff, 0xe9, 0x82, 0x2d, 0xff, 0xeb, 0x83, 0x2b, 0xff,
    0xe7, 0x84, 0x2b, 0xfa, 0xdf, 0x83, 0x30, 0x8d, 0xd1, 0x81, 0x38, 0x10, 0xad, 0x86, 0x3d, 0x00,
    0x92, 0xad, 0x5b, 0x00, 0x72, 0xb1, 0x55, 0x12, 0x6f, 0xb3, 0x4d, 0xec, 0x69, 0xb5, 0x49, 0xff,
    0x63, 0xb7, 0x47, 0xff, 0x63, 0xb7, 0x47, 0xff, 0x65, 0xb5, 0x49, 0xff, 0x67, 0xb4, 0x4a, 0xff,
    0x65, 0xb5, 0x49, 0xff, 0x65, 0xb6, 0x47, 0xff, 0x65, 0xb6, 0x47, 0xff, 0x65, 0xb6, 0x47, 0xff,
    0x65, 0xb5, 0x49, 0xff, 0x65, 0xb5, 0x49, 0xff, 0x65, 0xb5, 0x49, 0xff, 0x65, 0xb5, 0x49, 0xff,
    0x65, 0xb6, 0x47, 0xff, 0x65, 0xb6, 0x47, 0xff, 0x65, 0xb6, 0x47, 0xff, 0x65, 0xb6, 0x47, 0xff,
    0x65, 0xb6, 0x47, 0xff, 0x65, 0xb6, 0x47, 0xff, 0x65, 0xb6, 0x47, 0xff, 0x65, 0xb6, 0x47, 0xff,
    0x65, 0xb5, 0x49, 0xff, 0x65, 0xb5, 0x49, 0xff, 0x65, 0xb5, 0x49, 0xff, 0x65, 0xb5, 0x49, 0xff,
    0x65, 0xb5, 0x49, 0xff, 0x65, 0xb5, 0x49, 0xff, 0x65, 0xb5, 0x49, 0xff, 0x65, 0xb5, 0x49, 0xff,
    0x65, 0xb5, 0x49, 0xff, 0x65, 0xb5, 0x49, 0xff, 0x65, 0xb5, 0x49, 0xff, 0x65, 0xb5, 0x49, 0xff,
    0x65, 0xb5, 0x49, 0xff, 0x65, 0xb5, 0x49, 0xff, 0x65, 0xb5, 0x49, 0xff, 0x61, 0xaf, 0x57, 0xff,
    0x5c, 0xa0, 0x73, 0xff, 0x5a, 0x95, 0x89, 0xff, 0x59, 0x8b, 0x99, 0xff, 0x55, 0x7f, 0xa6, 0xff,
    0x53, 0x75, 0xb2, 0xff, 0x53, 0x73, 0xb7, 0xff, 0x53, 0x74, 0xb5, 0xff, 0x53, 0x75, 0xb3, 0xff,
    0x57, 0x7a, 0xb4, 0xff, 0x57, 0x7c, 0xaf, 0xe6, 0x59, 0x7f, 0xa9, 0xc4, 0x59, 0x7d, 0xad, 0x59,
    0x58, 0x74, 0xbb, 0x00, 0x64, 0x77, 0xb1, 0x00, 0x7e, 0x82, 0x91, 0x00, 0x88, 0x87, 0x83, 0x00,
    0x00, 0x01, 0x00, 0x00, 0x00, 0x00, 0x00, 0x00, 0x00, 0x00, 0x00, 0x00, 0x00, 0x00, 0x00, 0x00,
    0x00, 0x00, 0x00, 0x00, 0x00, 0x00, 0x00, 0x00, 0x00, 0x00, 0x00, 0x00, 0x00, 0x00, 0x00, 0x00,
    0x00, 0x00, 0x00, 0x00, 0x00, 0x00, 0x00, 0x00, 0x00, 0x00, 0x00, 0x00, 0x00, 0x00, 0x00, 0x00,
    0x00, 0x00, 0x00, 0x00, 0x00, 0x00, 0x00, 0x00, 0x00, 0x00, 0x00, 0x00, 0x00, 0x00, 0x00, 0x00,
    0x00, 0x01, 0x00, 0x00, 0x00, 0x01, 0x00, 0x00, 0x00, 0x00, 0x00, 0x00, 0x00, 0x00, 0x00, 0x00,
    0x00, 0x00, 0x00, 0x00, 0x00, 0x00, 0x00, 0x00, 0x00, 0x00, 0x00, 0x00, 0x1c, 0x03, 0x00, 0x00,
    0xcd, 0x7e, 0x40, 0x00, 0xeb, 0x81, 0x2e, 0x45, 0xeb, 0x81, 0x2e, 0xf4, 0xed, 0x81, 0x2e, 0xff,
    0xeb, 0x83, 0x2b, 0xff, 0xeb, 0x83, 0x2b, 0xff, 0xeb, 0x82, 0x2d, 0xff, 0xe9, 0x81, 0x2e, 0xff,
    0xe5, 0x81, 0x30, 0xff, 0xe5, 0x81, 0x30, 0xff, 0xe7, 0x83, 0x2d, 0xff, 0xe7, 0x84, 0x2b, 0xff,
    0xe5, 0x83, 0x2d, 0xff, 0xe5, 0x83, 0x2d, 0xff, 0xe7, 0x84, 0x2b, 0xea, 0xc9, 0x89, 0x2b, 0x66,
    0xb0, 0xba, 0x52, 0x03, 0x7f, 0xb3, 0x47, 0x92, 0x76, 0xb1, 0x46, 0xff, 0x71, 0xb5, 0x4a, 0xff,
    0x67, 0xb6, 0x47, 0xff, 0x63, 0xb7, 0x47, 0xff, 0x67, 0xb5, 0x49, 0xff, 0x69, 0xb4, 0x4a, 0xff,
    0x67, 0xb5, 0x49, 0xff, 0x67, 0xb6, 0x47, 0xff, 0x65, 0xb6, 0x47, 0xff, 0x65, 0xb6, 0x47, 0xff,
    0x65, 0xb5, 0x49, 0xff, 0x65, 0xb5, 0x49, 0xff, 0x65, 0xb5, 0x49, 0xff, 0x65, 0xb5, 0x49, 0xff,
    0x65, 0xb6, 0x47, 0xff, 0x65, 0xb6, 0x47, 0xff, 0x65, 0xb6, 0x47, 0xff, 0x65, 0xb6, 0x47, 0xff,
    0x65, 0xb6, 0x47, 0xff, 0x65, 0xb6, 0x47, 0xff, 0x65, 0xb6, 0x47, 0xff, 0x65, 0xb6, 0x47, 0xff,
    0x65, 0xb5, 0x49, 0xff, 0x65, 0xb5, 0x49, 0xff, 0x65, 0xb5, 0x49, 0xff, 0x65, 0xb5, 0x49, 0xff,
    0x65, 0xb5, 0x49, 0xff, 0x65, 0xb5, 0x49, 0xff, 0x65, 0xb5, 0x49, 0xff, 0x65, 0xb5, 0x49, 0xff,
    0x65, 0xb5, 0x49, 0xff, 0x65, 0xb5, 0x49, 0xff, 0x67, 0xb5, 0x49, 0xff, 0x65, 0xb4, 0x4c, 0xff,
    0x63, 0xb2, 0x4f, 0xff, 0x63, 0xae, 0x57, 0xff, 0x63, 0xa7, 0x65, 0xff, 0x61, 0x9c, 0x7c, 0xff,
    0x53, 0x87, 0x97, 0xff, 0x4e, 0x79, 0xb0, 0xff, 0x4d, 0x6f, 0xc0, 0xff, 0x4c, 0x67, 0xcd, 0xff,
    0x4c, 0x60, 0xda, 0xff, 0x4c, 0x5d, 0xe1, 0xff, 0x4c, 0x5e, 0xdf, 0xff, 0x4c, 0x5f, 0xdd, 0xff,
    0x4d, 0x5e, 0xdb, 0xff, 0x4d, 0x61, 0xd4, 0xff, 0x4b, 0x66, 0xcc, 0xff, 0x4b, 0x66, 0xcc, 0xfd,
    0x4b, 0x67, 0xd9, 0xb4, 0x55, 0x6c, 0xcc, 0x2f, 0x6e, 0x77, 0xac, 0x00, 0x7a, 0x7c, 0x9e, 0x00,
    0x00, 0x00, 0x1a, 0x00, 0x00, 0x00, 0x13, 0x00, 0x00, 0x00, 0x06, 0x00, 0x00, 0x00, 0x00, 0x00,
    0x00, 0x00, 0x00, 0x00, 0x00, 0x00, 0x00, 0x00, 0x00, 0x00, 0x00, 0x00, 0x00, 0x00, 0x00, 0x00,
    0x00, 0x00, 0x00, 0x00, 0x00, 0x00, 0x00, 0x00, 0x00, 0x00, 0x00, 0x00, 0x00, 0x00, 0x00, 0x00,
    0x00, 0x00, 0x00, 0x00, 0x00, 0x00, 0x00, 0x00, 0x00, 0x00, 0x00, 0x00, 0x00, 0x01, 0x00, 0x00,
    0x76, 0x76, 0x71, 0x00, 0x76, 0x76, 0x71, 0x00, 0x74, 0x75, 0x73, 0x00, 0x74, 0x74, 0x74, 0x00,
    0x72, 0x76, 0x73, 0x00, 0x72, 0x76, 0x73, 0x00, 0x72, 0x76, 0x73, 0x00, 0x91, 0x79, 0x61, 0x00,
    0xce, 0x80, 0x3f, 0x1c, 0xed, 0x83, 0x2e, 0xed, 0xed, 0x83, 0x2e, 0xff, 0xed, 0x83, 0x2e, 0xff,
    0xed, 0x84, 0x2c, 0xff, 0xed, 0x84, 0x2c, 0xff, 0xeb, 0x84, 0x2c, 0xff, 0xeb, 0x83, 0x2e, 0xff,
    0xe9, 0x83, 0x2f, 0xff, 0xe9, 0x83, 0x2f, 0xff, 0xe9, 0x84, 0x2e, 0xff, 0xe9, 0x84, 0x2e, 0xff,
    0xe9, 0x84, 0x2e, 0xff, 0xe9, 0x84, 0x2e, 0xff, 0xe9, 0x84, 0x2e, 0xff, 0xd8, 0x87, 0x2e, 0xff,
    0xbb, 0x92, 0x32, 0xdd, 0xa0, 0x9e, 0x38, 0xfb, 0x90, 0xaf, 0x46, 0xff, 0x7c, 0xb3, 0x46, 0xff,
    0x6f, 0xb7, 0x47, 0xff, 0x69, 0xb8, 0x47, 0xff, 0x6a, 0xb4, 0x46, 0xff, 0x6a, 0xb4, 0x46, 0xff,
    0x6b, 0xb5, 0x47, 0xff, 0x69, 0xb5, 0x47, 0xff, 0x65, 0xb6, 0x47, 0xff, 0x65, 0xb6, 0x47, 0xff,
    0x67, 0xb6, 0x47, 0xff, 0x67, 0xb6, 0x47, 0xff, 0x65, 0xb6, 0x47, 0xff, 0x65, 0xb6, 0x47, 0xff,
    0x65, 0xb5, 0x49, 0xff, 0x65, 0xb5, 0x49, 0xff, 0x65, 0xb5, 0x49, 0xff, 0x65, 0xb5, 0x49, 0xff,
    0x65, 0xb5, 0x49, 0xff, 0x65, 0xb5, 0x49, 0xff, 0x65, 0xb5, 0x49, 0xff, 0x65, 0xb5, 0x49, 0xff,
    0x65, 0xb5, 0x49, 0xff, 0x65, 0xb5, 0x49, 0xff, 0x65, 0xb5, 0x49, 0xff, 0x65, 0xb5, 0x49, 0xff,
    0x65, 0xb5, 0x49, 0xff, 0x65, 0xb5, 0x49, 0xff, 0x65, 0xb5, 0x49, 0xff, 0x65, 0xb5, 0x49, 0xff,
    0x65, 0xb5, 0x49, 0xff, 0x67, 0xb5, 0x49, 0xff, 0x69, 0xb4, 0x4a, 0xff, 0x67, 0xb1, 0x51, 0xff,
    0x61, 0xae, 0x5d, 0xff, 0x5b, 0x9e, 0x73, 0xff, 0x58, 0x84, 0x96, 0xff, 0x53, 0x71, 0xb3, 0xff,
    0x4e, 0x68, 0xca, 0xff, 0x4a, 0x61, 0xd9, 0xff, 0x4a, 0x5f, 0xdd, 0xff, 0x4a, 0x5d, 0xe2, 0xff,
    0x4a, 0x5a, 0xe7, 0xff, 0x4a, 0x59, 0xe9, 0xff, 0x4a, 0x59, 0xe9, 0xff, 0x4a, 0x59, 0xe9, 0xff,
    0x4a, 0x59, 0xe9, 0xff, 0x4a, 0x5a, 0xe7, 0xff, 0x4a, 0x5c, 0xe4, 0xff, 0x4a, 0x5c, 0xe4, 0xff,
    0x48, 0x5b, 0xe7, 0xff, 0x4c, 0x5c, 0xe2, 0xfb, 0x54, 0x60, 0xd7, 0x8b, 0x58, 0x62, 0xd2, 0x09,
    0x59, 0x64, 0xd2, 0x00, 0x63, 0x6c, 0xbf, 0x00, 0x79, 0x7b, 0x98, 0x00, 0x84, 0x83, 0x85, 0x00,
    0x82, 0x84, 0x84, 0x00, 0x80, 0x83, 0x82, 0x00, 0x80, 0x83, 0x82, 0x00, 0x80, 0x83, 0x82, 0x00,
    0x00, 0x00, 0x00, 0x00, 0x00, 0x00, 0x00, 0x00, 0x00, 0x00, 0x00, 0x00, 0x00, 0x00, 0x00, 0x00,
    0x00, 0x00, 0x00, 0x00, 0x00, 0x00, 0x00, 0x00, 0x00, 0x00, 0x00, 0x00, 0x02, 0x00, 0x00, 0x00,
    0x78, 0x75, 0x71, 0x00, 0x7a, 0x75, 0x71, 0x00, 0x76, 0x75, 0x73, 0x00, 0x74, 0x75, 0x73, 0x00,
    0x74, 0x75, 0x73, 0x00, 0x7a, 0x77, 0x6e, 0x00, 0x89, 0x78, 0x66, 0x00, 0xa7, 0x7c, 0x53, 0x00,
    0xd6, 0x82, 0x39, 0xbb, 0xed, 0x84, 0x2c, 0xff, 0xed, 0x84, 0x2c, 0xff, 0xed, 0x84, 0x2c, 0xff,
    0xed, 0x84, 0x2c, 0xff, 0xed, 0x84, 0x2c, 0xff, 0xeb, 0x84, 0x2c, 0xff, 0xeb, 0x84, 0x2c, 0xff,
    0xeb, 0x83, 0x2e, 0xff, 0xeb, 0x83, 0x2e, 0xff, 0xe9, 0x84, 0x2e, 0xff, 0xe9, 0x84, 0x2e, 0xff,
    0xe9, 0x84, 0x2e, 0xff, 0xe9, 0x84, 0x2e, 0xff, 0xe9, 0x84, 0x2e, 0xff, 0xe1, 0x85, 0x2e, 0xff,
    0xd1, 0x87, 0x2d, 0xff, 0xbd, 0x8f, 0x30, 0xff, 0xa3, 0x9a, 0x35, 0xff, 0x95, 0xa9, 0x3f, 0xff,
    0x8c, 0xb2, 0x48, 0xff, 0x7d, 0xb4, 0x47, 0xff, 0x74, 0xb4, 0x46, 0xff, 0x6c, 0xb4, 0x44, 0xff,
    0x6c, 0xb3, 0x46, 0xff, 0x69, 0xb5, 0x47, 0xff, 0x67, 0xb6, 0x47, 0xff, 0x65, 0xb6, 0x47, 0xff,
    0x67, 0xb6, 0x47, 0xff, 0x65, 0xb6, 0x47, 0xff, 0x65, 0xb6, 0x47, 0xff, 0x65, 0xb6, 0x47, 0xff,
    0x65, 0xb5, 0x49, 0xff, 0x65, 0xb5, 0x49, 0xff, 0x65, 0xb5, 0x49, 0xff, 0x65, 0xb5, 0x49, 0xff,
    0x65, 0xb5, 0x49, 0xff, 0x65, 0xb5, 0x49, 0xff, 0x65, 0xb5, 0x49, 0xff, 0x65, 0xb5, 0x49, 0xff,
    0x65, 0xb5, 0x49, 0xff, 0x65, 0xb5, 0x49, 0xff, 0x65, 0xb5, 0x49, 0xff, 0x65, 0xb5, 0x49, 0xff,
    0x65, 0xb5, 0x49, 0xff, 0x65, 0xb5, 0x49, 0xff, 0x65, 0xb5, 0x49, 0xff, 0x65, 0xb5, 0x49, 0xff,
    0x65, 0xb4, 0x4a, 0xff, 0x65, 0xb4, 0x4c, 0xff, 0x69, 0xb0, 0x52, 0xff, 0x65, 0xa8, 0x62, 0xff,
    0x59, 0x9a, 0x7b, 0xff, 0x53, 0x87, 0x9a, 0xff, 0x52, 0x6f, 0xc3, 0xff, 0x50, 0x5f, 0xdc, 0xff,
    0x4a, 0x5a, 0xe7, 0xff, 0x48, 0x57, 0xed, 0xff, 0x48, 0x57, 0xed, 0xff, 0x48, 0x57, 0xed, 0xff,
    0x48, 0x57, 0xed, 0xff, 0x48, 0x57, 0xed, 0xff, 0x48, 0x57, 0xed, 0xff, 0x48, 0x57, 0xed, 0xff,
    0x48, 0x56, 0xef, 0xff, 0x48, 0x56, 0xef, 0xff, 0x48, 0x56, 0xef, 0xff, 0x48, 0x56, 0xef, 0xff,
    0x48, 0x56, 0xef, 0xff, 0x48, 0x56, 0xef, 0xff, 0x48, 0x56, 0xef, 0xff, 0x48, 0x57, 0xed, 0xce,
    0x4a, 0x58, 0xec, 0x1f, 0x54, 0x60, 0xd7, 0x00, 0x6a, 0x70, 0xb1, 0x00, 0x76, 0x7a, 0x97, 0x00,
    0x7c, 0x80, 0x89, 0x00, 0x7e, 0x83, 0x82, 0x00, 0x80, 0x83, 0x82, 0x00, 0x80, 0x83, 0x82, 0x00,
    0x00, 0x00, 0x00, 0x00, 0x00, 0x00, 0x00, 0x00, 0x00, 0x00, 0x00, 0x00, 0x00, 0x00, 0x00, 0x00,
    0x00, 0x00, 0x00, 0x00, 0x00, 0x00, 0x00, 0x00, 0x00, 0x00, 0x00, 0x00, 0x02, 0x00, 0x00, 0x00,
    0x7d, 0x74, 0x73, 0x00, 0x7f, 0x73, 0x73, 0x00, 0x7a, 0x75, 0x71, 0x00, 0x76, 0x76, 0x71, 0x00,
    0x76, 0x75, 0x73, 0x00, 0x8b, 0x77, 0x68, 0x00, 0xb3, 0x7d, 0x4b, 0x00, 0xd1, 0x81, 0x38, 0x52,
    0xe5, 0x83, 0x31, 0xff, 0xed, 0x84, 0x2c, 0xff, 0xed, 0x84, 0x2c, 0xff, 0xed, 0x84, 0x2c, 0xff,
    0xed, 0x84, 0x2c, 0xff, 0xed, 0x84, 0x2c, 0xff, 0xeb, 0x84, 0x2c, 0xff, 0xeb, 0x84, 0x2c, 0xff,
    0xeb, 0x83, 0x2e, 0xff, 0xeb, 0x83, 0x2e, 0xff, 0xe9, 0x84, 0x2e, 0xff, 0xe9, 0x84, 0x2e, 0xff,
    0xe9, 0x84, 0x2e, 0xff, 0xe9, 0x84, 0x2e, 0xff, 0xe9, 0x84, 0x2e, 0xff, 0xe7, 0x84, 0x2e, 0xff,
    0xe1, 0x85, 0x2e, 0xff, 0xd6, 0x87, 0x2e, 0xff, 0xc9, 0x89, 0x2d, 0xff, 0xb7, 0x8c, 0x2d, 0xff,
    0xb0, 0x9c, 0x3b, 0xff, 0x9b, 0xa7, 0x41, 0xff, 0x80, 0xb2, 0x46, 0xff, 0x71, 0xb6, 0x47, 0xff,
    0x6b, 0xb6, 0x46, 0xff, 0x69, 0xb6, 0x46, 0xff, 0x69, 0xb6, 0x46, 0xff, 0x67, 0xb7, 0x46, 0xff,
    0x63, 0xb7, 0x47, 0xff, 0x61, 0xb7, 0x47, 0xff, 0x61, 0xb7, 0x47, 0xff, 0x63, 0xb7, 0x47, 0xff,
    0x65, 0xb5, 0x49, 0xff, 0x65, 0xb5, 0x49, 0xff, 0x65, 0xb5, 0x49, 0xff, 0x65, 0xb5, 0x49, 0xff,
    0x65, 0xb5, 0x49, 0xff, 0x65, 0xb5, 0x49, 0xff, 0x65, 0xb5, 0x49, 0xff, 0x65, 0xb5, 0x49, 0xff,
    0x65, 0xb5, 0x49, 0xff, 0x65, 0xb5, 0x49, 0xff, 0x65, 0xb5, 0x49, 0xff, 0x65, 0xb5, 0x49, 0xff,
    0x65, 0xb5, 0x49, 0xff, 0x65, 0xb5, 0x49, 0xff, 0x65, 0xb5, 0x49, 0xff, 0x65, 0xb4, 0x4a, 0xff,
    0x63, 0xb4, 0x4c, 0xff, 0x63, 0xb1, 0x52, 0xff, 0x63, 0xaa, 0x5f, 0xff, 0x5f, 0x9b, 0x7f, 0xff,
    0x4e, 0x7d, 0xa9, 0xff, 0x4a, 0x6c, 0xcd, 0xff, 0x4b, 0x5f, 0xe0, 0xff, 0x4a, 0x59, 0xea, 0xff,
    0x48, 0x58, 0xec, 0xff, 0x48, 0x57, 0xed, 0xff, 0x48, 0x57, 0xed, 0xff, 0x48, 0x57, 0xed, 0xff,
    0x48, 0x57, 0xed, 0xff, 0x48, 0x57, 0xed, 0xff, 0x48, 0x57, 0xed, 0xff, 0x48, 0x57, 0xed, 0xff,
    0x48, 0x56, 0xef, 0xff, 0x48, 0x56, 0xef, 0xff, 0x48, 0x56, 0xef, 0xff, 0x48, 0x56, 0xef, 0xff,
    0x48, 0x56, 0xef, 0xff, 0x48, 0x56, 0xef, 0xff, 0x48, 0x56, 0xef, 0xff, 0x48, 0x57, 0xed, 0xff,
    0x48, 0x59, 0xea, 0xe4, 0x4c, 0x5c, 0xe2, 0x26, 0x54, 0x60, 0xd7, 0x00, 0x62, 0x6b, 0xbd, 0x00,
    0x74, 0x7b, 0x96, 0x00, 0x7e, 0x83, 0x82, 0x00, 0x80, 0x83, 0x82, 0x00, 0x82, 0x82, 0x84, 0x00,
    0x00, 0x00, 0x00, 0x00, 0x00, 0x00, 0x00, 0x00, 0x00, 0x00, 0x00, 0x00, 0x00, 0x00, 0x00, 0x00,
    0x00, 0x00, 0x00, 0x00, 0x00, 0x00, 0x00, 0x00, 0x00, 0x00, 0x00, 0x00, 0x02, 0x00, 0x02, 0x00,
    0x7d, 0x71, 0x78, 0x00, 0x7d, 0x72, 0x76, 0x00, 0x78, 0x75, 0x71, 0x00, 0x7d, 0x77, 0x6c, 0x00,
    0x8b, 0x77, 0x66, 0x00, 0xa7, 0x7b, 0x55, 0x00, 0xd1, 0x81, 0x39, 0x08, 0xe7, 0x84, 0x2b, 0xdd,
    0xeb, 0x84, 0x2c, 0xff, 0xed, 0x84, 0x2c, 0xff, 0xed, 0x84, 0x2c, 0xff, 0xed, 0x84, 0x2c, 0xff,
    0xed, 0x84, 0x2c, 0xff, 0xed, 0x84, 0x2c, 0xff, 0xeb, 0x84, 0x2c, 0xff, 0xeb, 0x84, 0x2c, 0xff,
    0xeb, 0x83, 0x2e, 0xff, 0xeb, 0x83, 0x2e, 0xff, 0xe9, 0x84, 0x2e, 0xff, 0xe9, 0x84, 0x2e, 0xff,
    0xe9, 0x84, 0x2e, 0xff, 0xe9, 0x84, 0x2e, 0xff, 0xea, 0x85, 0x2f, 0xff, 0xea, 0x85, 0x2f, 0xff,
    0xeb, 0x86, 0x30, 0xff, 0xe9, 0x87, 0x30, 0xff, 0xe3, 0x88, 0x30, 0xff, 0xd9, 0x8a, 0x30, 0xff,
    0xc6, 0x8a, 0x2f, 0xff, 0xb5, 0x95, 0x36, 0xff, 0x9b, 0xa4, 0x3f, 0xff, 0x89, 0xb1, 0x47, 0xff,
    0x78, 0xb3, 0x46, 0xff, 0x6d, 0xb5, 0x46, 0xff, 0x6b, 0xb6, 0x46, 0xff, 0x67, 0xb7, 0x46, 0xff,
    0x63, 0xb7, 0x47, 0xff, 0x61, 0xb7, 0x47, 0xff, 0x63, 0xb7, 0x47, 0xff, 0x65, 0xb6, 0x47, 0xff,
    0x65, 0xb5, 0x49, 0xff, 0x65, 0xb5, 0x49, 0xff, 0x65, 0xb5, 0x49, 0xff, 0x65, 0xb5, 0x49, 0xff,
    0x65, 0xb5, 0x49, 0xff, 0x65, 0xb5, 0x49, 0xff, 0x65, 0xb5, 0x49, 0xff, 0x65, 0xb5, 0x49, 0xff,
    0x65, 0xb5, 0x49, 0xff, 0x65, 0xb5, 0x49, 0xff, 0x65, 0xb5, 0x49, 0xff, 0x65, 0xb5, 0x49, 0xff,
    0x65, 0xb5, 0x49, 0xff, 0x65, 0xb5, 0x49, 0xff, 0x65, 0xb5, 0x49, 0xff, 0x65, 0xb4, 0x4a, 0xff,
    0x63, 0xb3, 0x4d, 0xff, 0x61, 0xab, 0x5f, 0xff, 0x5f, 0x9c, 0x7d, 0xff, 0x5b, 0x89, 0xa4, 0xff,
    0x4a, 0x69, 0xca, 0xff, 0x46, 0x5b, 0xe7, 0xff, 0x44, 0x58, 0xed, 0xff, 0x47, 0x57, 0xf2, 0xff,
    0x48, 0x56, 0xef, 0xff, 0x48, 0x57, 0xed, 0xff, 0x48, 0x57, 0xed, 0xff, 0x48, 0x57, 0xed, 0xff,
    0x48, 0x57, 0xed, 0xff, 0x48, 0x57, 0xed, 0xff, 0x48, 0x57, 0xed, 0xff, 0x48, 0x57, 0xed, 0xff,
    0x48, 0x56, 0xef, 0xff, 0x48, 0x56, 0xef, 0xff, 0x48, 0x56, 0xef, 0xff, 0x48, 0x56, 0xef, 0xff,
    0x48, 0x56, 0xef, 0xff, 0x48, 0x56, 0xef, 0xff, 0x48, 0x56, 0xef, 0xff, 0x48, 0x57, 0xed, 0xff,
    0x48, 0x59, 0xea, 0xff, 0x48, 0x5a, 0xe9, 0xe2, 0x4a, 0x59, 0xea, 0x18, 0x58, 0x63, 0xd1, 0x00,
    0x70, 0x79, 0x9c, 0x00, 0x7e, 0x83, 0x82, 0x00, 0x80, 0x82, 0x84, 0x00, 0x82, 0x82, 0x84, 0x00,
    0x00, 0x00, 0x00, 0x00, 0x00, 0x00, 0x00, 0x00, 0x00, 0x00, 0x00, 0x00, 0x00, 0x00, 0x00, 0x00,
    0x00, 0x00, 0x00, 0x00, 0x00, 0x00, 0x00, 0x00, 0x00, 0x00, 0x00, 0x00, 0x00, 0x00, 0x03, 0x00,
    0x76, 0x70, 0x7c, 0x00, 0x76, 0x71, 0x7b, 0x00, 0x72, 0x75, 0x74, 0x00, 0x87, 0x79, 0x64, 0x00,
    0xb3, 0x7e, 0x49, 0x00, 0xd1, 0x81, 0x38, 0x00, 0xe1, 0x82, 0x30, 0x79, 0xe9, 0x82, 0x2d, 0xff,
    0xed, 0x84, 0x2c, 0xff, 0xed, 0x84, 0x2c, 0xff, 0xed, 0x84, 0x2c, 0xff, 0xed, 0x84, 0x2c, 0xff,
    0xed, 0x84, 0x2c, 0xff, 0xed, 0x84, 0x2c, 0xff, 0xeb, 0x84, 0x2c, 0xff, 0xeb, 0x84, 0x2c, 0xff,
    0xeb, 0x83, 0x2e, 0xff, 0xeb, 0x83, 0x2e, 0xff, 0xe9, 0x84, 0x2e, 0xff, 0xe9, 0x84, 0x2e, 0xff,
    0xe9, 0x84, 0x2e, 0xff, 0xe9, 0x84, 0x2e, 0xff, 0xe9, 0x84, 0x2e, 0xff, 0xeb, 0x83, 0x2e, 0xff,
    0xed, 0x83, 0x2e, 0xff, 0xe9, 0x84, 0x2e, 0xff, 0xe3, 0x85, 0x2e, 0xff, 0xde, 0x86, 0x2e, 0xff,
    0xdc, 0x87, 0x31, 0xff, 0xd4, 0x89, 0x31, 0xff, 0xc5, 0x8d, 0x32, 0xff, 0xad, 0x97, 0x36, 0xff,
    0x93, 0xaf, 0x47, 0xff, 0x7a, 0xb6, 0x48, 0xff, 0x6b, 0xb6, 0x46, 0xff, 0x64, 0xb6, 0x44, 0xff,
    0x65, 0xb6, 0x47, 0xff, 0x65, 0xb6, 0x47, 0xff, 0x69, 0xb5, 0x47, 0xff, 0x69, 0xb5, 0x47, 0xff,
    0x67, 0xb5, 0x49, 0xff, 0x65, 0xb5, 0x49, 0xff, 0x65, 0xb5, 0x49, 0xff, 0x65, 0xb5, 0x49, 0xff,
    0x65, 0xb5, 0x49, 0xff, 0x65, 0xb5, 0x49, 0xff, 0x65, 0xb5, 0x49, 0xff, 0x65, 0xb5, 0x49, 0xff,
    0x67, 0xb5, 0x49, 0xff, 0x67, 0xb5, 0x49, 0xff, 0x65, 0xb5, 0x49, 0xff, 0x65, 0xb5, 0x49, 0xff,
    0x65, 0xb5, 0x49, 0xff, 0x65, 0xb5, 0x49, 0xff, 0x65, 0xb5, 0x49, 0xff, 0x65, 0xb4, 0x4c, 0xff,
    0x62, 0xb0, 0x50, 0xff, 0x61, 0xa3, 0x6f, 0xff, 0x54, 0x80, 0xa1, 0xff, 0x50, 0x6c, 0xc9, 0xff,
    0x4a, 0x60, 0xdc, 0xff, 0x46, 0x5a, 0xe9, 0xff, 0x42, 0x58, 0xed, 0xff, 0x42, 0x58, 0xef, 0xff,
    0x46, 0x58, 0xed, 0xff, 0x48, 0x57, 0xed, 0xff, 0x48, 0x57, 0xed, 0xff, 0x48, 0x57, 0xed, 0xff,
    0x48, 0x57, 0xed, 0xff, 0x48, 0x57, 0xed, 0xff, 0x48, 0x56, 0xef, 0xff, 0x48, 0x56, 0xef, 0xff,
    0x48, 0x56, 0xef, 0xff, 0x48, 0x56, 0xef, 0xff, 0x48, 0x56, 0xef, 0xff, 0x48, 0x56, 0xef, 0xff,
    0x48, 0x56, 0xef, 0xff, 0x48, 0x56, 0xef, 0xff, 0x48, 0x56, 0xef, 0xff, 0x48, 0x57, 0xed, 0xff,
    0x48, 0x59, 0xea, 0xff, 0x4a, 0x59, 0xe9, 0xff, 0x4c, 0x58, 0xea, 0xc4, 0x5a, 0x62, 0xd1, 0x03,
    0x72, 0x79, 0x9c, 0x00, 0x80, 0x83, 0x82, 0x00, 0x82, 0x82, 0x84, 0x00, 0x82, 0x82, 0x84, 0x00,
    0x00, 0x00, 0x00, 0x00, 0x00, 0x00, 0x00, 0x00, 0x00, 0x00, 0x00, 0x00, 0x00, 0x00, 0x00, 0x00,
    0x00, 0x00, 0x00, 0x00, 0x00, 0x00, 0x00, 0x00, 0x00, 0x00, 0x00, 0x00, 0x00, 0x00, 0x03, 0x00,
    0x74, 0x70, 0x7c, 0x00, 0x72, 0x72, 0x7b, 0x00, 0x70, 0x75, 0x74, 0x00, 0x8d, 0x7a, 0x60, 0x00,
    0xc7, 0x81, 0x3d, 0x00, 0xe7, 0x84, 0x2b, 0x1a, 0xe9, 0x83, 0x2b, 0xf3, 0xe9, 0x83, 0x2b, 0xff,
    0xed, 0x84, 0x2c, 0xff, 0xed, 0x84, 0x2c, 0xff, 0xed, 0x84, 0x2c, 0xff, 0xed, 0x84, 0x2c, 0xff,
    0xed, 0x84, 0x2c, 0xff, 0xed, 0x84, 0x2c, 0xff, 0xeb, 0x84, 0x2c, 0xff, 0xeb, 0x84, 0x2c, 0xff,
    0xeb, 0x83, 0x2e, 0xff, 0xeb, 0x83, 0x2e, 0xff, 0xe9, 0x84, 0x2e, 0xff, 0xe9, 0x84, 0x2e, 0xff,
    0xe9, 0x84, 0x2e, 0xff, 0xe9, 0x84, 0x2e, 0xff, 0xe9, 0x84, 0x2e, 0xff, 0xeb, 0x83, 0x2e, 0xff,
    0xed, 0x83, 0x2e, 0xff, 0xeb, 0x83, 0x2e, 0xff, 0xe5, 0x85, 0x2e, 0xff, 0xe3, 0x85, 0x2e, 0xff,
    0xe7, 0x83, 0x2f, 0xff, 0xe8, 0x85, 0x31, 0xff, 0xe2, 0x86, 0x31, 0xff, 0xc7, 0x8b, 0x31, 0xff,
    0xa6, 0x9e, 0x3b, 0xff, 0x8e, 0xaf, 0x46, 0xff, 0x76, 0xb7, 0x48, 0xff, 0x65, 0xb7, 0x46, 0xff,
    0x65, 0xb6, 0x47, 0xff, 0x65, 0xb6, 0x47, 0xff, 0x67, 0xb6, 0x47, 0xff, 0x69, 0xb5, 0x47, 0xff,
    0x67, 0xb5, 0x49, 0xff, 0x65, 0xb5, 0x49, 0xff, 0x65, 0xb5, 0x49, 0xff, 0x65, 0xb5, 0x49, 0xff,
    0x65, 0xb5, 0x49, 0xff, 0x65, 0xb5, 0x49, 0xff, 0x65, 0xb5, 0x49, 0xff, 0x65, 0xb5, 0x49, 0xff,
    0x67, 0xb5, 0x49, 0xff, 0x67, 0xb5, 0x49, 0xff, 0x65, 0xb5, 0x49, 0xff, 0x65, 0xb5, 0x49, 0xff,
    0x65, 0xb5, 0x49, 0xff, 0x65, 0xb5, 0x49, 0xff, 0x65, 0xb5, 0x49, 0xff, 0x61, 0xb2, 0x51, 0xff,
    0x55, 0xaa, 0x5d, 0xff, 0x4e, 0x9a, 0x84, 0xff, 0x43, 0x74, 0xbb, 0xff, 0x42, 0x61, 0xdd, 0xff,
    0x46, 0x5b, 0xe7, 0xff, 0x46, 0x58, 0xec, 0xff, 0x44, 0x57, 0xef, 0xff, 0x44, 0x57, 0xef, 0xff,
    0x46, 0x58, 0xed, 0xff, 0x48, 0x57, 0xed, 0xff, 0x48, 0x57, 0xed, 0xff, 0x48, 0x57, 0xed, 0xff,
    0x48, 0x57, 0xed, 0xff, 0x48, 0x57, 0xed, 0xff, 0x48, 0x56, 0xef, 0xff, 0x48, 0x56, 0xef, 0xff,
    0x48, 0x56, 0xef, 0xff, 0x48, 0x56, 0xef, 0xff, 0x48, 0x56, 0xef, 0xff, 0x48, 0x56, 0xef, 0xff,
    0x48, 0x56, 0xef, 0xff, 0x48, 0x56, 0xef, 0xff, 0x48, 0x56, 0xef, 0xff, 0x48, 0x57, 0xed, 0xff,
    0x48, 0x59, 0xea, 0xff, 0x4a, 0x59, 0xea, 0xff, 0x4c, 0x57, 0xec, 0xff, 0x56, 0x5f, 0xd9, 0x75,
    0x68, 0x70, 0xb1, 0x00, 0x76, 0x7b, 0x96, 0x00, 0x7e, 0x7f, 0x8a, 0x00, 0x82, 0x82, 0x84, 0x00,
    0x00, 0x00, 0x00, 0x00, 0x00, 0x00, 0x00, 0x00, 0x00, 0x00, 0x00, 0x00, 0x00, 0x00, 0x00, 0x00,
    0x00, 0x00, 0x00, 0x00, 0x00, 0x00, 0x00, 0x00, 0x00, 0x00, 0x00, 0x00, 0x00, 0x00, 0x02, 0x00,
    0x72, 0x73, 0x78, 0x00, 0x72, 0x74, 0x76, 0x00, 0x70, 0x76, 0x73, 0x00, 0x8d, 0x7a, 0x60, 0x00,
    0xcb, 0x80, 0x3d, 0x00, 0xe9, 0x83, 0x2b, 0xa2, 0xe7, 0x84, 0x2b, 0xff, 0xe7, 0x84, 0x2b, 0xff,
    0xeb, 0x84, 0x2c, 0xff, 0xed, 0x84, 0x2c, 0xff, 0xed, 0x84, 0x2c, 0xff, 0xed, 0x84, 0x2c, 0xff,
    0xed, 0x84, 0x2c, 0xff, 0xed, 0x84, 0x2c, 0xff, 0xeb, 0x84, 0x2c, 0xff, 0xeb, 0x84, 0x2c, 0xff,
    0xeb, 0x83, 0x2e, 0xff, 0xeb, 0x83, 0x2e, 0xff, 0xe9, 0x84, 0x2e, 0xff, 0xe9, 0x84, 0x2e, 0xff,
    0xe9, 0x84, 0x2e, 0xff, 0xe9, 0x84, 0x2e, 0xff, 0xe9, 0x84, 0x2e, 0xff, 0xe9, 0x84, 0x2e, 0xff,
    0xeb, 0x83, 0x2e, 0xff, 0xe9, 0x84, 0x2e, 0xff, 0xe5, 0x85, 0x2e, 0xff, 0xe5, 0x85, 0x2e, 0xff,
    0xeb, 0x83, 0x2f, 0xff, 0xeb, 0x83, 0x2f, 0xff, 0xe5, 0x84, 0x2f, 0xff, 0xd8, 0x88, 0x31, 0xff,
    0xbe, 0x8b, 0x2f, 0xff, 0xaa, 0xa0, 0x3d, 0xff, 0x84, 0xb4, 0x48, 0xff, 0x67, 0xb7, 0x46, 0xff,
    0x63, 0xb7, 0x47, 0xff, 0x61, 0xb7, 0x47, 0xff, 0x5f, 0xb7, 0x47, 0xff, 0x5f, 0xb7, 0x47, 0xff,
    0x63, 0xb6, 0x49, 0xff, 0x65, 0xb5, 0x49, 0xff, 0x65, 0xb5, 0x49, 0xff, 0x65, 0xb5, 0x49, 0xff,
    0x65, 0xb5, 0x49, 0xff, 0x65, 0xb5, 0x49, 0xff, 0x65, 0xb5, 0x49, 0xff, 0x65, 0xb5, 0x49, 0xff,
    0x67, 0xb5, 0x49, 0xff, 0x67, 0xb5, 0x49, 0xff, 0x65, 0xb5, 0x49, 0xff, 0x65, 0xb5, 0x49, 0xff,
    0x65, 0xb5, 0x49, 0xff, 0x65, 0xb5, 0x49, 0xff, 0x65, 0xb5, 0x49, 0xff, 0x57, 0xb0, 0x59, 0xff,
    0x40, 0xaa, 0x7d, 0xff, 0x44, 0xac, 0xb6, 0xff, 0x2e, 0x7b, 0xcc, 0xff, 0x2e, 0x63, 0xe1, 0xff,
    0x3e, 0x5b, 0xea, 0xff, 0x46, 0x57, 0xef, 0xff, 0x48, 0x56, 0xf1, 0xff, 0x48, 0x56, 0xef, 0xff,
    0x48, 0x57, 0xed, 0xff, 0x48, 0x57, 0xed, 0xff, 0x48, 0x57, 0xed, 0xff, 0x49, 0x58, 0xef, 0xff,
    0x48, 0x57, 0xed, 0xff, 0x48, 0x57, 0xed, 0xff, 0x48, 0x56, 0xef, 0xff, 0x48, 0x56, 0xef, 0xff,
    0x48, 0x56, 0xef, 0xff, 0x48, 0x56, 0xef, 0xff, 0x48, 0x56, 0xef, 0xff, 0x48, 0x56, 0xef, 0xff,
    0x48, 0x56, 0xef, 0xff, 0x48, 0x56, 0xef, 0xff, 0x48, 0x56, 0xef, 0xff, 0x48, 0x57, 0xed, 0xff,
    0x4a, 0x58, 0xec, 0xff, 0x4a, 0x59, 0xea, 0xff, 0x4c, 0x57, 0xec, 0xff, 0x4e, 0x5a, 0xe5, 0xf1,
    0x54, 0x60, 0xd7, 0x15, 0x60, 0x6b, 0xbd, 0x00, 0x76, 0x7a, 0x97, 0x00, 0x80, 0x82, 0x84, 0x00,
    0x02, 0x01, 0x00, 0x00, 0x02, 0x00, 0x00, 0x00, 0x02, 0x00, 0x00, 0x00, 0x00, 0x00, 0x00, 0x00,
    0x00, 0x00, 0x00, 0x00, 0x00, 0x00, 0x00, 0x00, 0x00, 0x00, 0x00, 0x00, 0x00, 0x00, 0x02, 0x00,
    0x74, 0x76, 0x76, 0x00, 0x78, 0x76, 0x70, 0x00, 0x85, 0x79, 0x64, 0x00, 0xa3, 0x7c, 0x53, 0x00,
    0xd3, 0x81, 0x38, 0x38, 0xe9, 0x83, 0x2b, 0xfe, 0xe7, 0x84, 0x29, 0xff, 0xe7, 0x84, 0x29, 0xff,
    0xeb, 0x84, 0x2c, 0xff, 0xed, 0x84, 0x2c, 0xff, 0xed, 0x84, 0x2c, 0xff, 0xed, 0x84, 0x2c, 0xff,
    0xed, 0x84, 0x2c, 0xff, 0xed, 0x84, 0x2c, 0xff, 0xeb, 0x84, 0x2c, 0xff, 0xeb, 0x84, 0x2c, 0xff,
    0xeb, 0x83, 0x2e, 0xff, 0xeb, 0x83, 0x2e, 0xff, 0xe9, 0x84, 0x2e, 0xff, 0xe9, 0x84, 0x2e, 0xff,
    0xe9, 0x84, 0x2e, 0xff, 0xe9, 0x84, 0x2e, 0xff, 0xe9, 0x84, 0x2e, 0xff, 0xe9, 0x84, 0x2e, 0xff,
    0xe9, 0x84, 0x2e, 0xff, 0xe9, 0x84, 0x2e, 0xff, 0xe7, 0x84, 0x2e, 0xff, 0xe7, 0x84, 0x2e, 0xff,
    0xed, 0x83, 0x2e, 0xff, 0xed, 0x82, 0x2f, 0xff, 0xe9, 0x83, 0x2f, 0xff, 0xe1, 0x85, 0x2f, 0xff,
    0xd2, 0x82, 0x2b, 0xff, 0xbb, 0x94, 0x36, 0xff, 0x8a, 0xa9, 0x40, 0xff, 0x6b, 0xb3, 0x43, 0xff,
    0x65, 0xb6, 0x47, 0xff, 0x61, 0xb7, 0x47, 0xff, 0x5f, 0xb7, 0x47, 0xff, 0x5f, 0xb6, 0x49, 0xff,
    0x63, 0xb6, 0x49, 0xff, 0x65, 0xb5, 0x49, 0xff, 0x65, 0xb5, 0x49, 0xff, 0x65, 0xb5, 0x49, 0xff,
    0x65, 0xb5, 0x49, 0xff, 0x65, 0xb5, 0x49, 0xff, 0x65, 0xb5, 0x49, 0xff, 0x65, 0xb5, 0x49, 0xff,
    0x67, 0xb5, 0x49, 0xff, 0x67, 0xb5, 0x49, 0xff, 0x65, 0xb5, 0x49, 0xff, 0x65, 0xb5, 0x49, 0xff,
    0x67, 0xb6, 0x4a, 0xff, 0x63, 0xb5, 0x4a, 0xff, 0x61, 0xb4, 0x4c, 0xff, 0x4b, 0xad, 0x62, 0xff,
    0x35, 0xb3, 0xa3, 0xff, 0x3b, 0xbf, 0xe1, 0xff, 0x40, 0xb2, 0xff, 0xff, 0x2b, 0x85, 0xf4, 0xff,
    0x26, 0x63, 0xe4, 0xff, 0x36, 0x5d, 0xe9, 0xff, 0x40, 0x5a, 0xea, 0xff, 0x46, 0x58, 0xec, 0xff,
    0x48, 0x58, 0xec, 0xff, 0x4a, 0x57, 0xed, 0xff, 0x4a, 0x57, 0xed, 0xff, 0x4b, 0x58, 0xef, 0xff,
    0x4a, 0x57, 0xed, 0xff, 0x48, 0x57, 0xed, 0xff, 0x48, 0x56, 0xef, 0xff, 0x48, 0x56, 0xef, 0xff,
    0x48, 0x56, 0xef, 0xff, 0x48, 0x56, 0xef, 0xff, 0x48, 0x56, 0xef, 0xff, 0x48, 0x56, 0xef, 0xff,
    0x48, 0x56, 0xef, 0xff, 0x48, 0x56, 0xef, 0xff, 0x48, 0x56, 0xef, 0xff, 0x48, 0x57, 0xed, 0xff,
    0x4a, 0x58, 0xec, 0xff, 0x4a, 0x58, 0xec, 0xff, 0x4c, 0x57, 0xec, 0xff, 0x4a, 0x58, 0xec, 0xff,
    0x48, 0x58, 0xec, 0x84, 0x56, 0x63, 0xd1, 0x00, 0x72, 0x78, 0x9e, 0x00, 0x80, 0x82, 0x84, 0x00,
    0x7e, 0x7f, 0x6f, 0x00, 0x7e, 0x7d, 0x74, 0x00, 0x7e, 0x79, 0x7a, 0x00, 0x7a, 0x79, 0x7c, 0x00,
    0x76, 0x7c, 0x79, 0x00, 0x76, 0x7c, 0x79, 0x00, 0x7c, 0x79, 0x7c, 0x00, 0x7c, 0x79, 0x7c, 0x00,
    0x75, 0x7b, 0x78, 0x00, 0x86, 0x7b, 0x66, 0x00, 0xb2, 0x7f, 0x4c, 0x00, 0xff, 0xbd, 0x76, 0x01,
    0xe3, 0x82, 0x30, 0xc8, 0xeb, 0x84, 0x29, 0xff, 0xe9, 0x85, 0x28, 0xff, 0xeb, 0x86, 0x29, 0xff,
    0xeb, 0x85, 0x2b, 0xff, 0xeb, 0x84, 0x2c, 0xff, 0xeb, 0x84, 0x2c, 0xff, 0xeb, 0x84, 0x2c, 0xff,
    0xeb, 0x84, 0x2c, 0xff, 0xeb, 0x84, 0x2c, 0xff, 0xeb, 0x84, 0x2c, 0xff, 0xeb, 0x84, 0x2c, 0xff,
    0xeb, 0x84, 0x2c, 0xff, 0xeb, 0x84, 0x2c, 0xff, 0xeb, 0x84, 0x2c, 0xff, 0xeb, 0x84, 0x2c, 0xff,
    0xeb, 0x84, 0x2c, 0xff, 0xeb, 0x84, 0x2c, 0xff, 0xeb, 0x84, 0x2c, 0xff, 0xeb, 0x84, 0x2c, 0xff,
    0xe9, 0x85, 0x2c, 0xff, 0xe9, 0x85, 0x2c, 0xff, 0xe9, 0x85, 0x2c, 0xff, 0xeb, 0x84, 0x2c, 0xff,
    0xed, 0x84, 0x2c, 0xff, 0xed, 0x83, 0x2e, 0xff, 0xe9, 0x84, 0x2e, 0xff, 0xe5, 0x85, 0x2e, 0xff,
    0xdf, 0x84, 0x2d, 0xff, 0xc2, 0x8b, 0x2e, 0xff, 0x93, 0xa1, 0x3b, 0xff, 0x7a, 0xb3, 0x46, 0xff,
    0x6b, 0xb5, 0x47, 0xff, 0x65, 0xb5, 0x49, 0xff, 0x69, 0xb5, 0x49, 0xff, 0x69, 0xb4, 0x4a, 0xff,
    0x67, 0xb4, 0x4a, 0xff, 0x65, 0xb4, 0x4a, 0xff, 0x65, 0xb5, 0x49, 0xff, 0x65, 0xb5, 0x49, 0xff,
    0x65, 0xb5, 0x49, 0xff, 0x65, 0xb5, 0x49, 0xff, 0x65, 0xb5, 0x49, 0xff, 0x65, 0xb5, 0x49, 0xff,
    0x67, 0xb5, 0x49, 0xff, 0x67, 0xb5, 0x49, 0xff, 0x67, 0xb4, 0x4a, 0xff, 0x67, 0xb4, 0x4a, 0xff,
    0x69, 0xb8, 0x4e, 0xff, 0x60, 0xb3, 0x4c, 0xff, 0x59, 0xb3, 0x52, 0xff, 0x40, 0xaf, 0x74, 0xff,
    0x3c, 0xd1, 0xd4, 0xff, 0x22, 0xc6, 0xf4, 0xff, 0x20, 0xc0, 0xff, 0xff, 0x2a, 0xb9, 0xff, 0xff,
    0x31, 0xa6, 0xff, 0xff, 0x26, 0x7f, 0xeb, 0xff, 0x25, 0x61, 0xd9, 0xff, 0x3f, 0x63, 0xe6, 0xff,
    0x46, 0x5a, 0xe9, 0xff, 0x4d, 0x58, 0xed, 0xff, 0x47, 0x53, 0xe7, 0xff, 0x4e, 0x5a, 0xee, 0xff,
    0x4c, 0x57, 0xed, 0xff, 0x4a, 0x57, 0xed, 0xff, 0x4a, 0x56, 0xef, 0xff, 0x4a, 0x56, 0xef, 0xff,
    0x48, 0x57, 0xed, 0xff, 0x48, 0x57, 0xed, 0xff, 0x48, 0x57, 0xed, 0xff, 0x48, 0x57, 0xed, 0xff,
    0x48, 0x57, 0xed, 0xff, 0x48, 0x57, 0xed, 0xff, 0x48, 0x57, 0xed, 0xff, 0x48, 0x57, 0xed, 0xff,
    0x48, 0x58, 0xec, 0xff, 0x4a, 0x58, 0xec, 0xff, 0x4a, 0x57, 0xed, 0xff, 0x4a, 0x57, 0xed, 0xff,
    0x4a, 0x5a, 0xee, 0xe9, 0x4c, 0x5b, 0xca, 0x04, 0x73, 0x7a, 0xa1, 0x00, 0x7c, 0x7f, 0x83, 0x00,
    0x80, 0x7e, 0x71, 0x00, 0x7e, 0x7d, 0x74, 0x00, 0x7c, 0x79, 0x7c, 0x00, 0x7a, 0x79, 0x7d, 0x00,
    0x76, 0x7c, 0x79, 0x00, 0x76, 0x7c, 0x79, 0x00, 0x7c, 0x78, 0x7d, 0x00, 0x7c, 0x79, 0x7c, 0x00,
    0x75, 0x7c, 0x76, 0x00, 0x8d, 0x7b, 0x5e, 0x00, 0xcb, 0x82, 0x41, 0x00, 0xe9, 0x83, 0x2f, 0x60,
    0xe9, 0x83, 0x2b, 0xff, 0xeb, 0x84, 0x29, 0xff, 0xeb, 0x86, 0x29, 0xff, 0xeb, 0x85, 0x2b, 0xff,
    0xeb, 0x84, 0x2c, 0xff, 0xeb, 0x84, 0x2c, 0xff, 0xeb, 0x84, 0x2c, 0xff, 0xeb, 0x84, 0x2c, 0xff,
    0xeb, 0x84, 0x2c, 0xff, 0xeb, 0x84, 0x2c, 0xff, 0xeb, 0x84, 0x2c, 0xff, 0xeb, 0x84, 0x2c, 0xff,
    0xeb, 0x84, 0x2c, 0xff, 0xeb, 0x84, 0x2c, 0xff, 0xeb, 0x84, 0x2c, 0xff, 0xeb, 0x84, 0x2c, 0xff,
    0xeb, 0x84, 0x2c, 0xff, 0xeb, 0x84, 0x2c, 0xff, 0xeb, 0x84, 0x2c, 0xff, 0xeb, 0x84, 0x2c, 0xff,
    0xe9, 0x85, 0x2c, 0xff, 0xe9, 0x85, 0x2c, 0xff, 0xeb, 0x84, 0x2c, 0xff, 0xeb, 0x84, 0x2c, 0xff,
    0xed, 0x84, 0x2c, 0xff, 0xed, 0x84, 0x2c, 0xff, 0xeb, 0x84, 0x2c, 0xff, 0xe9, 0x85, 0x2c, 0xff,
    0xe5, 0x84, 0x2b, 0xff, 0xc9, 0x89, 0x2d, 0xff, 0x9f, 0x9c, 0x39, 0xff, 0x86, 0xb0, 0x47, 0xff,
    0x6f, 0xb3, 0x49, 0xff, 0x67, 0xb5, 0x49, 0xff, 0x6b, 0xb3, 0x4a, 0xff, 0x6b, 0xb3, 0x4a, 0xff,
    0x67, 0xb4, 0x4a, 0xff, 0x65, 0xb4, 0x4a, 0xff, 0x65, 0xb5, 0x49, 0xff, 0x65, 0xb5, 0x49, 0xff,
    0x65, 0xb5, 0x49, 0xff, 0x65, 0xb5, 0x49, 0xff, 0x65, 0xb5, 0x49, 0xff, 0x65, 0xb5, 0x49, 0xff,
    0x67, 0xb6, 0x47, 0xff, 0x67, 0xb5, 0x49, 0xff, 0x67, 0xb5, 0x49, 0xff, 0x67, 0xb4, 0x4a, 0xff,
    0x6b, 0xb8, 0x4e, 0xff, 0x5c, 0xb1, 0x51, 0xff, 0x48, 0xad, 0x61, 0xff, 0x41, 0xc1, 0x9d, 0xff,
    0x2a, 0xce, 0xe3, 0xff, 0x10, 0xc6, 0xfb, 0xff, 0x0e, 0xc5, 0xfe, 0xff, 0x14, 0xc2, 0xff, 0xff,
    0x1e, 0xb9, 0xff, 0xff, 0x31, 0xb3, 0xff, 0xff, 0x36, 0x9d, 0xfc, 0xff, 0x29, 0x70, 0xe0, 0xff,
    0x35, 0x5e, 0xe0, 0xff, 0x46, 0x5d, 0xeb, 0xff, 0x4b, 0x5a, 0xeb, 0xff, 0x4c, 0x5a, 0xee, 0xff,
    0x4a, 0x57, 0xed, 0xff, 0x4a, 0x57, 0xed, 0xff, 0x4a, 0x56, 0xef, 0xff, 0x4a, 0x56, 0xef, 0xff,
    0x48, 0x57, 0xed, 0xff, 0x48, 0x57, 0xed, 0xff, 0x48, 0x57, 0xed, 0xff, 0x48, 0x57, 0xed, 0xff,
    0x48, 0x57, 0xed, 0xff, 0x48, 0x57, 0xed, 0xff, 0x48, 0x57, 0xed, 0xff, 0x48, 0x57, 0xed, 0xff,
    0x48, 0x58, 0xec, 0xff, 0x48, 0x58, 0xec, 0xff, 0x4a, 0x57, 0xed, 0xff, 0x4a, 0x57, 0xed, 0xff,
    0x48, 0x58, 0xec, 0xff, 0x52, 0x60, 0xd0, 0x44, 0x6f, 0x76, 0x9e, 0x00, 0x7d, 0x80, 0x84, 0x00,
    0x7e, 0x79, 0x7a, 0x00, 0x7c, 0x79, 0x7c, 0x00, 0x7a, 0x79, 0x7d, 0x00, 0x78, 0x79, 0x7d, 0x00,
    0x7a, 0x7b, 0x79, 0x00, 0x7a, 0x7b, 0x79, 0x00, 0x7a, 0x79, 0x7d, 0x00, 0x7a, 0x79, 0x7c, 0x00,
    0x77, 0x79, 0x72, 0x00, 0x97, 0x7f, 0x63, 0x00, 0xcc, 0x7e, 0x3d, 0x0c, 0xe7, 0x7f, 0x2c, 0xe6,
    0xe7, 0x84, 0x2b, 0xff, 0xe9, 0x85, 0x2b, 0xff, 0xeb, 0x84, 0x2c, 0xff, 0xeb, 0x84, 0x2c, 0xff,
    0xeb, 0x84, 0x2c, 0xff, 0xeb, 0x84, 0x2c, 0xff, 0xeb, 0x84, 0x2c, 0xff, 0xeb, 0x84, 0x2c, 0xff,
    0xeb, 0x84, 0x2c, 0xff, 0xeb, 0x84, 0x2c, 0xff, 0xeb, 0x84, 0x2c, 0xff, 0xeb, 0x84, 0x2c, 0xff,
    0xeb, 0x84, 0x2c, 0xff, 0xeb, 0x84, 0x2c, 0xff, 0xeb, 0x84, 0x2c, 0xff, 0xeb, 0x84, 0x2c, 0xff,
    0xeb, 0x84, 0x2c, 0xff, 0xeb, 0x84, 0x2c, 0xff, 0xeb, 0x84, 0x2c, 0xff, 0xeb, 0x84, 0x2c, 0xff,
    0xe9, 0x85, 0x2c, 0xff, 0xe9, 0x85, 0x2c, 0xff, 0xeb, 0x84, 0x2c, 0xff, 0xeb, 0x84, 0x2c, 0xff,
    0xed, 0x84, 0x2c, 0xff, 0xed, 0x84, 0x2c, 0xff, 0xeb, 0x84, 0x2c, 0xff, 0xe9, 0x85, 0x2c, 0xff,
    0xe9, 0x85, 0x2c, 0xff, 0xce, 0x86, 0x2b, 0xff, 0xa6, 0x97, 0x35, 0xff, 0x90, 0xae, 0x47, 0xff,
    0x74, 0xb3, 0x49, 0xff, 0x65, 0xb5, 0x49, 0xff, 0x67, 0xb4, 0x4a, 0xff, 0x67, 0xb4, 0x4a, 0xff,
    0x65, 0xb4, 0x4a, 0xff, 0x65, 0xb4, 0x4a, 0xff, 0x65, 0xb5, 0x49, 0xff, 0x65, 0xb5, 0x49, 0xff,
    0x65, 0xb5, 0x49, 0xff, 0x65, 0xb5, 0x49, 0xff, 0x65, 0xb5, 0x49, 0xff, 0x65, 0xb6, 0x47, 0xff,
    0x67, 0xb7, 0x46, 0xff, 0x67, 0xb7, 0x46, 0xff, 0x65, 0xb5, 0x49, 0xff, 0x67, 0xb5, 0x49, 0xff,
    0x67, 0xb5, 0x49, 0xff, 0x55, 0xb0, 0x59, 0xff, 0x36, 0xb0, 0x83, 0xff, 0x3e, 0xd4, 0xce, 0xff,
    0x20, 0xcb, 0xeb, 0xff, 0x10, 0xc6, 0xfb, 0xff, 0x0c, 0xc6, 0xfc, 0xff, 0x0e, 0xc5, 0xfe, 0xff,
    0x14, 0xc5, 0xff, 0xff, 0x1a, 0xc3, 0xff, 0xff, 0x23, 0xbf, 0xff, 0xff, 0x2e, 0xae, 0xff, 0xff,
    0x2d, 0x7e, 0xee, 0xff, 0x32, 0x61, 0xe2, 0xff, 0x44, 0x5f, 0xe8, 0xff, 0x49, 0x5b, 0xea, 0xff,
    0x44, 0x59, 0xec, 0xff, 0x46, 0x58, 0xed, 0xff, 0x4a, 0x56, 0xef, 0xff, 0x4a, 0x56, 0xef, 0xff,
    0x48, 0x57, 0xed, 0xff, 0x48, 0x57, 0xed, 0xff, 0x48, 0x57, 0xed, 0xff, 0x48, 0x57, 0xed, 0xff,
    0x48, 0x57, 0xed, 0xff, 0x48, 0x57, 0xed, 0xff, 0x48, 0x57, 0xed, 0xff, 0x48, 0x57, 0xed, 0xff,
    0x48, 0x58, 0xec, 0xff, 0x48, 0x58, 0xec, 0xff, 0x4a, 0x57, 0xed, 0xff, 0x4a, 0x57, 0xed, 0xff,
    0x46, 0x56, 0xe9, 0xff, 0x54, 0x63, 0xd2, 0x89, 0x6f, 0x76, 0x9e, 0x00, 0x7d, 0x80, 0x84, 0x00,
    0x7c, 0x78, 0x7d, 0x00, 0x7a, 0x79, 0x7d, 0x00, 0x78, 0x79, 0x7d, 0x00, 0x78, 0x7a, 0x7c, 0x00,
    0x7a, 0x7a, 0x7a, 0x00, 0x7a, 0x7a, 0x7a, 0x00, 0x7a, 0x79, 0x7c, 0x00, 0x80, 0x7b, 0x77, 0x00,
    0x8b, 0x79, 0x63, 0x00, 0xaa, 0x7d, 0x52, 0x00, 0xd8, 0x82, 0x3c, 0x87, 0xeb, 0x83, 0x2e, 0xff,
    0xe9, 0x85, 0x2c, 0xff, 0xe7, 0x86, 0x2b, 0xff, 0xeb, 0x84, 0x2c, 0xff, 0xeb, 0x84, 0x2c, 0xff,
    0xeb, 0x84, 0x2c, 0xff, 0xeb, 0x84, 0x2c, 0xff, 0xeb, 0x84, 0x2c, 0xff, 0xeb, 0x84, 0x2c, 0xff,
    0xeb, 0x84, 0x2c, 0xff, 0xeb, 0x84, 0x2c, 0xff, 0xeb, 0x84, 0x2c, 0xff, 0xeb, 0x84, 0x2c, 0xff,
    0xeb, 0x84, 0x2c, 0xff, 0xeb, 0x84, 0x2c, 0xff, 0xeb, 0x84, 0x2c, 0xff, 0xeb, 0x84, 0x2c, 0xff,
    0xeb, 0x84, 0x2c, 0xff, 0xeb, 0x84, 0x2c, 0xff, 0xeb, 0x84, 0x2c, 0xff, 0xeb, 0x84, 0x2c, 0xff,
    0xe9, 0x85, 0x2c, 0xff, 0xe9, 0x85, 0x2c, 0xff, 0xeb, 0x84, 0x2c, 0xff, 0xeb, 0x84, 0x2c, 0xff,
    0xed, 0x84, 0x2c, 0xff, 0xed, 0x84, 0x2c, 0xff, 0xeb, 0x84, 0x2c, 0xff, 0xe9, 0x85, 0x2c, 0xff,
    0xe9, 0x85, 0x2c, 0xff, 0xd0, 0x89, 0x2e, 0xff, 0xa9, 0x98, 0x36, 0xff, 0x91, 0xac, 0x46, 0xff,
    0x76, 0xb2, 0x49, 0xff, 0x65, 0xb5, 0x49, 0xff, 0x65, 0xb4, 0x4a, 0xff, 0x63, 0xb5, 0x4a, 0xff,
    0x65, 0xb4, 0x4a, 0xff, 0x65, 0xb4, 0x4a, 0xff, 0x65, 0xb5, 0x49, 0xff, 0x65, 0xb5, 0x49, 0xff,
    0x65, 0xb5, 0x49, 0xff, 0x65, 0xb5, 0x49, 0xff, 0x65, 0xb5, 0x49, 0xff, 0x65, 0xb6, 0x47, 0xff,
    0x67, 0xb7, 0x46, 0xff, 0x67, 0xb7, 0x46, 0xff, 0x65, 0xb6, 0x47, 0xff, 0x63, 0xb4, 0x4c, 0xff,
    0x5c, 0xaf, 0x4d, 0xff, 0x47, 0xaf, 0x6c, 0xff, 0x31, 0xc2, 0xb1, 0xff, 0x25, 0xcd, 0xe2, 0xff,
    0x16, 0xc9, 0xf3, 0xff, 0x0e, 0xc7, 0xfb, 0xff, 0x0c, 0xc6, 0xfc, 0xff, 0x0b, 0xc5, 0xfb, 0xff,
    0x0b, 0xc5, 0xfb, 0xff, 0x0c, 0xc6, 0xfc, 0xff, 0x0f, 0xc7, 0xfe, 0xff, 0x1f, 0xc1, 0xff, 0xff,
    0x37, 0xaf, 0xff, 0xff, 0x27, 0x75, 0xe6, 0xff, 0x37, 0x5e, 0xde, 0xff, 0x46, 0x5c, 0xe5, 0xff,
    0x44, 0x5a, 0xea, 0xff, 0x44, 0x58, 0xed, 0xff, 0x46, 0x57, 0xef, 0xff, 0x48, 0x56, 0xef, 0xff,
    0x48, 0x57, 0xed, 0xff, 0x48, 0x57, 0xed, 0xff, 0x48, 0x57, 0xed, 0xff, 0x48, 0x57, 0xed, 0xff,
    0x48, 0x57, 0xed, 0xff, 0x48, 0x57, 0xed, 0xff, 0x48, 0x57, 0xed, 0xff, 0x48, 0x57, 0xed, 0xff,
    0x48, 0x58, 0xec, 0xff, 0x48, 0x58, 0xec, 0xff, 0x4a, 0x57, 0xed, 0xff, 0x4a, 0x57, 0xed, 0xff,
    0x46, 0x56, 0xe9, 0xff, 0x53, 0x62, 0xd1, 0xbd, 0x71, 0x78, 0xa0, 0x00, 0x7b, 0x7e, 0x82, 0x00,
    0x76, 0x7c, 0x79, 0x00, 0x78, 0x7b, 0x79, 0x00, 0x7a, 0x7b, 0x79, 0x00, 0x7a, 0x7a, 0x7a, 0x00,
    0x78, 0x7a, 0x7c, 0x00, 0x78, 0x7a, 0x7c, 0x00, 0x7a, 0x7a, 0x7a, 0x00, 0x8d, 0x7c, 0x6b, 0x00,
    0xb5, 0x81, 0x4c, 0x00, 0xd4, 0x84, 0x3a, 0x22, 0xe4, 0x85, 0x32, 0xf8, 0xec, 0x85, 0x2d, 0xff,
    0xe9, 0x84, 0x2e, 0xff, 0xeb, 0x84, 0x2c, 0xff, 0xeb, 0x85, 0x2b, 0xff, 0xed, 0x85, 0x2b, 0xff,
    0xeb, 0x84, 0x2c, 0xff, 0xeb, 0x84, 0x2c, 0xff, 0xeb, 0x84, 0x2c, 0xff, 0xeb, 0x84, 0x2c, 0xff,
    0xeb, 0x84, 0x2c, 0xff, 0xeb, 0x84, 0x2c, 0xff, 0xeb, 0x84, 0x2c, 0xff, 0xeb, 0x84, 0x2c, 0xff,
    0xeb, 0x84, 0x2c, 0xff, 0xeb, 0x84, 0x2c, 0xff, 0xeb, 0x84, 0x2c, 0xff, 0xeb, 0x84, 0x2c, 0xff,
    0xeb, 0x84, 0x2c, 0xff, 0xeb, 0x84, 0x2c, 0xff, 0xeb, 0x84, 0x2c, 0xff, 0xeb, 0x84, 0x2c, 0xff,
    0xe9, 0x85, 0x2c, 0xff, 0xe9, 0x85, 0x2c, 0xff, 0xeb, 0x84, 0x2c, 0xff, 0xeb, 0x84, 0x2c, 0xff,
    0xed, 0x84, 0x2c, 0xff, 0xed, 0x84, 0x2c, 0xff, 0xeb, 0x84, 0x2c, 0xff, 0xe9, 0x85, 0x2c, 0xff,
    0xe5, 0x84, 0x2b, 0xff, 0xce, 0x89, 0x2e, 0xff, 0xa5, 0x99, 0x36, 0xff, 0x8d, 0xad, 0x46, 0xff,
    0x74, 0xb3, 0x49, 0xff, 0x65, 0xb5, 0x49, 0xff, 0x63, 0xb5, 0x4a, 0xff, 0x61, 0xb5, 0x4a, 0xff,
    0x63, 0xb5, 0x4a, 0xff, 0x65, 0xb4, 0x4a, 0xff, 0x65, 0xb5, 0x49, 0xff, 0x65, 0xb5, 0x49, 0xff,
    0x65, 0xb5, 0x49, 0xff, 0x65, 0xb5, 0x49, 0xff, 0x65, 0xb5, 0x49, 0xff, 0x65, 0xb6, 0x47, 0xff,
    0x65, 0xb8, 0x44, 0xff, 0x65, 0xb8, 0x44, 0xff, 0x65, 0xb6, 0x47, 0xff, 0x5d, 0xb3, 0x51, 0xff,
    0x4b, 0xae, 0x61, 0xff, 0x37, 0xb1, 0x89, 0xff, 0x2e, 0xd0, 0xdc, 0xff, 0x16, 0xcc, 0xf5, 0xff,
    0x0e, 0xc8, 0xf9, 0xff, 0x0c, 0xc6, 0xfc, 0xff, 0x0e, 0xc7, 0xfb, 0xff, 0x0e, 0xc7, 0xfb, 0xff,
    0x10, 0xc7, 0xf9, 0xff, 0x10, 0xc7, 0xf9, 0xff, 0x0e, 0xc8, 0xf9, 0xff, 0x14, 0xc5, 0xfc, 0xff,
    0x22, 0xbd, 0xff, 0xff, 0x36, 0xab, 0xff, 0xff, 0x2e, 0x66, 0xda, 0xff, 0x45, 0x5c, 0xe1, 0xff,
    0x48, 0x59, 0xea, 0xff, 0x48, 0x57, 0xed, 0xff, 0x42, 0x58, 0xef, 0xff, 0x42, 0x58, 0xef, 0xff,
    0x46, 0x58, 0xed, 0xff, 0x48, 0x57, 0xed, 0xff, 0x48, 0x57, 0xed, 0xff, 0x48, 0x57, 0xed, 0xff,
    0x48, 0x57, 0xed, 0xff, 0x48, 0x57, 0xed, 0xff, 0x48, 0x57, 0xed, 0xff, 0x48, 0x57, 0xed, 0xff,
    0x48, 0x58, 0xec, 0xff, 0x48, 0x58, 0xec, 0xff, 0x4a, 0x57, 0xed, 0xff, 0x4a, 0x57, 0xed, 0xff,
    0x47, 0x57, 0xeb, 0xff, 0x53, 0x62, 0xd1, 0xdf, 0x6f, 0x76, 0x9e, 0x00, 0x7d, 0x80, 0x84, 0x00,
    0x78, 0x7b, 0x79, 0x00, 0x78, 0x7b, 0x79, 0x00, 0x7a, 0x7b, 0x79, 0x00, 0x7a, 0x7a, 0x7a, 0x00,
    0x78, 0x7a, 0x7c, 0x00, 0x80, 0x7a, 0x79, 0x00, 0x92, 0x7b, 0x6f, 0x00, 0xae, 0x7e, 0x5b, 0x00,
    0xd5, 0x84, 0x3d, 0x00, 0xea, 0x86, 0x2d, 0xaf, 0xec, 0x85, 0x2d, 0xff, 0xec, 0x85, 0x2d, 0xff,
    0xe9, 0x84, 0x2e, 0xff, 0xe9, 0x84, 0x2e, 0xff, 0xeb, 0x84, 0x2c, 0xff, 0xed, 0x85, 0x2b, 0xff,
    0xeb, 0x84, 0x2c, 0xff, 0xeb, 0x84, 0x2c, 0xff, 0xeb, 0x84, 0x2c, 0xff, 0xeb, 0x84, 0x2c, 0xff,
    0xeb, 0x84, 0x2c, 0xff, 0xeb, 0x84, 0x2c, 0xff, 0xeb, 0x84, 0x2c, 0xff, 0xeb, 0x84, 0x2c, 0xff,
    0xeb, 0x84, 0x2c, 0xff, 0xeb, 0x84, 0x2c, 0xff, 0xeb, 0x84, 0x2c, 0xff, 0xeb, 0x84, 0x2c, 0xff,
    0xeb, 0x84, 0x2c, 0xff, 0xeb, 0x84, 0x2c, 0xff, 0xeb, 0x84, 0x2c, 0xff, 0xeb, 0x84, 0x2c, 0xff,
    0xe9, 0x85, 0x2c, 0xff, 0xe9, 0x85, 0x2c, 0xff, 0xeb, 0x84, 0x2c, 0xff, 0xeb, 0x84, 0x2c, 0xff,
    0xed, 0x84, 0x2c, 0xff, 0xed, 0x84, 0x2c, 0xff, 0xeb, 0x84, 0x2c, 0xff, 0xe9, 0x85, 0x2c, 0xff,
    0xe7, 0x85, 0x2c, 0xff, 0xca, 0x8a, 0x2e, 0xff, 0x9e, 0x9e, 0x3a, 0xff, 0x82, 0xaf, 0x46, 0xff,
    0x71, 0xb3, 0x49, 0xff, 0x65, 0xb5, 0x49, 0xff, 0x61, 0xb5, 0x4a, 0xff, 0x61, 0xb5, 0x4a, 0xff,
    0x63, 0xb5, 0x4a, 0xff, 0x65, 0xb4, 0x4a, 0xff, 0x65, 0xb4, 0x4a, 0xff, 0x65, 0xb5, 0x49, 0xff,
    0x65, 0xb5, 0x49, 0xff, 0x65, 0xb5, 0x49, 0xff, 0x65, 0xb5, 0x49, 0xff, 0x65, 0xb6, 0x47, 0xff,
    0x63, 0xb8, 0x44, 0xff, 0x63, 0xb8, 0x44, 0xff, 0x65, 0xb6, 0x47, 0xff, 0x55, 0xb1, 0x57, 0xff,
    0x36, 0xaa, 0x75, 0xff, 0x38, 0xc7, 0xbb, 0xff, 0x1b, 0xc8, 0xe5, 0xff, 0x0f, 0xcb, 0xfe, 0xff,
    0x0c, 0xc7, 0xfb, 0xff, 0x0c, 0xc6, 0xfc, 0xff, 0x0e, 0xc7, 0xfb, 0xff, 0x10, 0xc6, 0xfb, 0xff,
    0x10, 0xc6, 0xfb, 0xff, 0x12, 0xc7, 0xf9, 0xff, 0x12, 0xc7, 0xf9, 0xff, 0x12, 0xc6, 0xfb, 0xff,
    0x0e, 0xc1, 0xfa, 0xff, 0x26, 0xb7, 0xff, 0xff, 0x35, 0x83, 0xed, 0xff, 0x3e, 0x62, 0xe3, 0xff,
    0x48, 0x59, 0xea, 0xff, 0x4a, 0x56, 0xef, 0xff, 0x42, 0x58, 0xef, 0xff, 0x40, 0x59, 0xed, 0xff,
    0x46, 0x58, 0xed, 0xff, 0x48, 0x57, 0xed, 0xff, 0x48, 0x57, 0xed, 0xff, 0x48, 0x57, 0xed, 0xff,
    0x48, 0x57, 0xed, 0xff, 0x48, 0x57, 0xed, 0xff, 0x48, 0x57, 0xed, 0xff, 0x48, 0x57, 0xed, 0xff,
    0x48, 0x58, 0xec, 0xff, 0x48, 0x58, 0xec, 0xff, 0x4a, 0x57, 0xed, 0xff, 0x4a, 0x57, 0xed, 0xff,
    0x47, 0x57, 0xeb, 0xff, 0x53, 0x62, 0xd1, 0xf5, 0x6f, 0x76, 0x9e, 0x00, 0x7d, 0x80, 0x84, 0x00,
    0x7e, 0x78, 0x7d, 0x00, 0x7c, 0x78, 0x7d, 0x00, 0x7a, 0x79, 0x7d, 0x00, 0x7a, 0x79, 0x7c, 0x00,
    0x7a, 0x7a, 0x7a, 0x00, 0x92, 0x7b, 0x6f, 0x00, 0xc3, 0x7c, 0x5c, 0x00, 0xe0, 0x7e, 0x48, 0x00,
    0xe9, 0x83, 0x36, 0x43, 0xee, 0x85, 0x2d, 0xff, 0xf0, 0x85, 0x2d, 0xff, 0xee, 0x84, 0x2f, 0xff,
    0xe7, 0x84, 0x2e, 0xff, 0xe5, 0x85, 0x2e, 0xff, 0xeb, 0x83, 0x2e, 0xff, 0xed, 0x83, 0x2e, 0xff,
    0xeb, 0x84, 0x2c, 0xff, 0xeb, 0x84, 0x2c, 0xff, 0xeb, 0x84, 0x2c, 0xff, 0xeb, 0x84, 0x2c, 0xff,
    0xeb, 0x84, 0x2c, 0xff, 0xeb, 0x84, 0x2c, 0xff, 0xeb, 0x84, 0x2c, 0xff, 0xeb, 0x84, 0x2c, 0xff,
    0xeb, 0x84, 0x2c, 0xff, 0xeb, 0x84, 0x2c, 0xff, 0xeb, 0x84, 0x2c, 0xff, 0xeb, 0x84, 0x2c, 0xff,
    0xeb, 0x84, 0x2c, 0xff, 0xeb, 0x84, 0x2c, 0xff, 0xeb, 0x84, 0x2c, 0xff, 0xeb, 0x84, 0x2c, 0xff,
    0xe9, 0x85, 0x2c, 0xff, 0xe9, 0x85, 0x2c, 0xff, 0xeb, 0x84, 0x2c, 0xff, 0xeb, 0x84, 0x2c, 0xff,
    0xed, 0x84, 0x2c, 0xff, 0xed, 0x84, 0x2c, 0xff, 0xeb, 0x84, 0x2c, 0xff, 0xe7, 0x85, 0x2c, 0xff,
    0xe6, 0x87, 0x2d, 0xff, 0xc3, 0x8c, 0x2f, 0xff, 0x94, 0xa7, 0x40, 0xff, 0x73, 0xb1, 0x45, 0xff,
    0x6b, 0xb4, 0x49, 0xff, 0x65, 0xb5, 0x49, 0xff, 0x61, 0xb5, 0x4a, 0xff, 0x61, 0xb5, 0x4a, 0xff,
    0x63, 0xb4, 0x4c, 0xff, 0x65, 0xb4, 0x4c, 0xff, 0x65, 0xb4, 0x4a, 0xff, 0x65, 0xb4, 0x4a, 0xff,
    0x65, 0xb5, 0x49, 0xff, 0x65, 0xb5, 0x49, 0xff, 0x65, 0xb5, 0x49, 0xff, 0x63, 0xb7, 0x47, 0xff,
    0x61, 0xb8, 0x46, 0xff, 0x61, 0xb9, 0x44, 0xff, 0x63, 0xb7, 0x47, 0xff, 0x4b, 0xb0, 0x5d, 0xff,
    0x2c, 0xb8, 0x9f, 0xff, 0x2b, 0xd0, 0xe1, 0xff, 0x1b, 0xcb, 0xf1, 0xff, 0x13, 0xcb, 0xfd, 0xff,
    0x0e, 0xc7, 0xfb, 0xff, 0x0e, 0xc7, 0xfb, 0xff, 0x0e, 0xc6, 0xfc, 0xff, 0x0e, 0xc6, 0xfc, 0xff,
    0x10, 0xc5, 0xfe, 0xff, 0x12, 0xc4, 0xfe, 0xff, 0x16, 0xc4, 0xfe, 0xff, 0x14, 0xc5, 0xfc, 0xff,
    0x09, 0xc3, 0xf4, 0xff, 0x20, 0xc4, 0xff, 0xff, 0x38, 0xa1, 0xff, 0xff, 0x27, 0x62, 0xdd, 0xff,
    0x40, 0x5a, 0xea, 0xff, 0x48, 0x56, 0xef, 0xff, 0x46, 0x58, 0xed, 0xff, 0x44, 0x58, 0xed, 0xff,
    0x46, 0x58, 0xed, 0xff, 0x48, 0x57, 0xed, 0xff, 0x48, 0x57, 0xed, 0xff, 0x48, 0x57, 0xed, 0xff,
    0x48, 0x57, 0xed, 0xff, 0x48, 0x57, 0xed, 0xff, 0x48, 0x57, 0xed, 0xff, 0x48, 0x57, 0xed, 0xff,
    0x48, 0x58, 0xec, 0xff, 0x48, 0x58, 0xec, 0xff, 0x4a, 0x57, 0xed, 0xff, 0x4a, 0x57, 0xed, 0xff,
    0x47, 0x57, 0xeb, 0xff, 0x53, 0x62, 0xd1, 0xf9, 0x6f, 0x76, 0x9e, 0x00, 0x7d, 0x80, 0x84, 0x00,
    0x7e, 0x77, 0x7f, 0x00, 0x7c, 0x77, 0x7f, 0x00, 0x7a, 0x79, 0x7d, 0x00, 0x78, 0x7a, 0x7c, 0x00,
    0x7a, 0x7b, 0x79, 0x00, 0x9b, 0x7d, 0x69, 0x00, 0xd9, 0x7f, 0x4e, 0x00, 0xf6, 0x81, 0x3b, 0x04,
    0xf0, 0x83, 0x31, 0xd3, 0xf0, 0x85, 0x2d, 0xff, 0xf2, 0x84, 0x2d, 0xff, 0xee, 0x84, 0x2f, 0xff,
    0xe7, 0x85, 0x2c, 0xff, 0xe5, 0x85, 0x2c, 0xff, 0xeb, 0x83, 0x2e, 0xff, 0xed, 0x83, 0x2e, 0xff,
    0xeb, 0x84, 0x2c, 0xff, 0xeb, 0x84, 0x2c, 0xff, 0xeb, 0x84, 0x2c, 0xff, 0xeb, 0x84, 0x2c, 0xff,
    0xeb, 0x84, 0x2c, 0xff, 0xeb, 0x84, 0x2c, 0xff, 0xeb, 0x84, 0x2c, 0xff, 0xeb, 0x84, 0x2c, 0xff,
    0xeb, 0x84, 0x2c, 0xff, 0xeb, 0x84, 0x2c, 0xff, 0xeb, 0x84, 0x2c, 0xff, 0xeb, 0x84, 0x2c, 0xff,
    0xeb, 0x84, 0x2c, 0xff, 0xeb, 0x84, 0x2c, 0xff, 0xeb, 0x84, 0x2c, 0xff, 0xeb, 0x84, 0x2c, 0xff,
    0xe9, 0x85, 0x2c, 0xff, 0xe9, 0x85, 0x2c, 0xff, 0xe9, 0x85, 0x2c, 0xff, 0xeb, 0x84, 0x2c, 0xff,
    0xeb, 0x84, 0x2c, 0xff, 0xeb, 0x84, 0x2c, 0xff, 0xe9, 0x85, 0x2c, 0xff, 0xe1, 0x86, 0x2c, 0xff,
    0xd6, 0x89, 0x2f, 0xff, 0xb2, 0x91, 0x30, 0xff, 0x8b, 0xae, 0x44, 0xff, 0x69, 0xb3, 0x45, 0xff,
    0x67, 0xb5, 0x49, 0xff, 0x63, 0xb6, 0x49, 0xff, 0x61, 0xb5, 0x4a, 0xff, 0x61, 0xb5, 0x4a, 0xff,
    0x63, 0xb4, 0x4c, 0xff, 0x65, 0xb4, 0x4c, 0xff, 0x65, 0xb4, 0x4a, 0xff, 0x65, 0xb4, 0x4a, 0xff,
    0x65, 0xb5, 0x49, 0xff, 0x65, 0xb5, 0x49, 0xff, 0x65, 0xb6, 0x47, 0xff, 0x63, 0xb7, 0x47, 0xff,
    0x61, 0xb8, 0x46, 0xff, 0x5d, 0xb7, 0x49, 0xff, 0x57, 0xb4, 0x51, 0xff, 0x39, 0xac, 0x6c, 0xff,
    0x32, 0xcd, 0xcd, 0xff, 0x1b, 0xcc, 0xef, 0xff, 0x11, 0xc6, 0xf4, 0xff, 0x11, 0xc8, 0xfc, 0xff,
    0x0e, 0xc7, 0xfb, 0xff, 0x0e, 0xc7, 0xfb, 0xff, 0x0c, 0xc6, 0xfc, 0xff, 0x0c, 0xc6, 0xfc, 0xff,
    0x0e, 0xc5, 0xfe, 0xff, 0x12, 0xc4, 0xff, 0xff, 0x16, 0xc3, 0xff, 0xff, 0x14, 0xc4, 0xfe, 0xff,
    0x0c, 0xc9, 0xf8, 0xff, 0x1a, 0xc4, 0xfc, 0xff, 0x3c, 0xb5, 0xff, 0xff, 0x20, 0x6b, 0xde, 0xff,
    0x3c, 0x5b, 0xea, 0xff, 0x4a, 0x56, 0xef, 0xff, 0x48, 0x57, 0xed, 0xff, 0x46, 0x58, 0xec, 0xff,
    0x48, 0x57, 0xed, 0xff, 0x48, 0x57, 0xed, 0xff, 0x48, 0x57, 0xed, 0xff, 0x48, 0x57, 0xed, 0xff,
    0x48, 0x57, 0xed, 0xff, 0x48, 0x57, 0xed, 0xff, 0x48, 0x57, 0xed, 0xff, 0x48, 0x57, 0xed, 0xff,
    0x48, 0x58, 0xec, 0xff, 0x48, 0x58, 0xec, 0xff, 0x4a, 0x58, 0xec, 0xff, 0x4a, 0x58, 0xec, 0xff,
    0x47, 0x57, 0xeb, 0xff, 0x53, 0x62, 0xd1, 0xec, 0x6f, 0x77, 0x9c, 0x00, 0x7d, 0x81, 0x83, 0x00,
    0x7b, 0x77, 0x7c, 0x00, 0x79, 0x77, 0x7c, 0x00, 0x77, 0x79, 0x79, 0x00, 0x77, 0x7a, 0x78, 0x00,
    0x79, 0x7b, 0x76, 0x00, 0x97, 0x7e, 0x64, 0x00, 0xd3, 0x82, 0x42, 0x00, 0xee, 0x84, 0x2f, 0x6d,
    0xee, 0x85, 0x2d, 0xff, 0xed, 0x84, 0x2c, 0xff, 0xed, 0x84, 0x2c, 0xff, 0xeb, 0x84, 0x2c, 0xff,
    0xe9, 0x85, 0x2c, 0xff, 0xe9, 0x85, 0x2c, 0xff, 0xeb, 0x84, 0x2c, 0xff, 0xeb, 0x84, 0x2c, 0xff,
    0xeb, 0x84, 0x2c, 0xff, 0xeb, 0x84, 0x2c, 0xff, 0xeb, 0x84, 0x2c, 0xff, 0xeb, 0x84, 0x2c, 0xff,
    0xeb, 0x84, 0x2c, 0xff, 0xeb, 0x84, 0x2c, 0xff, 0xeb, 0x84, 0x2c, 0xff, 0xeb, 0x84, 0x2c, 0xff,
    0xeb, 0x84, 0x2c, 0xff, 0xeb, 0x84, 0x2c, 0xff, 0xeb, 0x84, 0x2c, 0xff, 0xeb, 0x84, 0x2c, 0xff,
    0xeb, 0x84, 0x2c, 0xff, 0xeb, 0x84, 0x2c, 0xff, 0xeb, 0x84, 0x2c, 0xff, 0xeb, 0x84, 0x2c, 0xff,
    0xeb, 0x84, 0x2c, 0xff, 0xe9, 0x85, 0x2c, 0xff, 0xe9, 0x85, 0x2c, 0xff, 0xe9, 0x85, 0x2c, 0xff,
    0xec, 0x85, 0x2d, 0xff, 0xe9, 0x83, 0x2b, 0xff, 0xe4, 0x83, 0x2a, 0xff, 0xd4, 0x85, 0x2b, 0xff,
    0xb7, 0x8e, 0x31, 0xff, 0xa1, 0xa2, 0x40, 0xff, 0x81, 0xb5, 0x4b, 0xff, 0x66, 0xb4, 0x48, 0xff,
    0x65, 0xb5, 0x49, 0xff, 0x61, 0xb6, 0x49, 0xff, 0x5f, 0xb6, 0x4a, 0xff, 0x61, 0xb5, 0x4a, 0xff,
    0x63, 0xb4, 0x4c, 0xff, 0x63, 0xb4, 0x4c, 0xff, 0x63, 0xb4, 0x4c, 0xff, 0x63, 0xb5, 0x4a, 0xff,
    0x63, 0xb6, 0x49, 0xff, 0x63, 0xb7, 0x47, 0xff, 0x63, 0xb7, 0x46, 0xff, 0x63, 0xb7, 0x46, 0xff,
    0x65, 0xb6, 0x47, 0xff, 0x57, 0xb0, 0x50, 0xff, 0x42, 0xaf, 0x67, 0xff, 0x3c, 0xc3, 0x9f, 0xff,
    0x2b, 0xd0, 0xe1, 0xff, 0x13, 0xc9, 0xf9, 0xff, 0x0d, 0xc8, 0xfe, 0xff, 0x0a, 0xc6, 0xfe, 0xff,
    0x0e, 0xc6, 0xfc, 0xff, 0x0e, 0xc6, 0xfc, 0xff, 0x0c, 0xc6, 0xfc, 0xff, 0x0c, 0xc6, 0xfc, 0xff,
    0x0e, 0xc6, 0xfc, 0xff, 0x10, 0xc5, 0xfe, 0xff, 0x10, 0xc5, 0xfe, 0xff, 0x10, 0xc6, 0xfc, 0xff,
    0x0b, 0xc5, 0xf7, 0xff, 0x1a, 0xc4, 0xfc, 0xff, 0x34, 0xb8, 0xff, 0xff, 0x23, 0x7a, 0xe7, 0xff,
    0x3c, 0x5c, 0xe9, 0xff, 0x4e, 0x55, 0xef, 0xff, 0x4a, 0x58, 0xec, 0xff, 0x48, 0x58, 0xec, 0xff,
    0x48, 0x57, 0xed, 0xff, 0x48, 0x57, 0xed, 0xff, 0x48, 0x57, 0xed, 0xff, 0x48, 0x57, 0xed, 0xff,
    0x48, 0x57, 0xed, 0xff, 0x48, 0x57, 0xed, 0xff, 0x48, 0x57, 0xed, 0xff, 0x48, 0x57, 0xed, 0xff,
    0x48, 0x58, 0xec, 0xff, 0x48, 0x58, 0xec, 0xff, 0x4a, 0x59, 0xea, 0xff, 0x4a, 0x59, 0xea, 0xff,
    0x48, 0x58, 0xec, 0xff, 0x53, 0x62, 0xcf, 0xd4, 0x6e, 0x77, 0x9a, 0x00, 0x7c, 0x81, 0x80, 0x00,
    0x79, 0x77, 0x7c, 0x00, 0x77, 0x79, 0x7b, 0x00, 0x77, 0x7a, 0x78, 0x00, 0x7f, 0x7b, 0x73, 0x00,
    0x8f, 0x7d, 0x69, 0x00, 0xac, 0x7f, 0x56, 0x00, 0xd8, 0x84, 0x39, 0x11, 0xeb, 0x86, 0x29, 0xec,
    0xeb, 0x85, 0x2b, 0xff, 0xeb, 0x84, 0x2c, 0xff, 0xeb, 0x84, 0x2c, 0xff, 0xeb, 0x84, 0x2c, 0xff,
    0xeb, 0x84, 0x2c, 0xff, 0xeb, 0x84, 0x2c, 0xff, 0xeb, 0x84, 0x2c, 0xff, 0xeb, 0x84, 0x2c, 0xff,
    0xeb, 0x84, 0x2c, 0xff, 0xeb, 0x84, 0x2c, 0xff, 0xeb, 0x84, 0x2c, 0xff, 0xeb, 0x84, 0x2c, 0xff,
    0xeb, 0x84, 0x2c, 0xff, 0xeb, 0x84, 0x2c, 0xff, 0xeb, 0x84, 0x2c, 0xff, 0xeb, 0x84, 0x2c, 0xff,
    0xeb, 0x84, 0x2c, 0xff, 0xeb, 0x84, 0x2c, 0xff, 0xeb, 0x84, 0x2c, 0xff, 0xeb, 0x84, 0x2c, 0xff,
    0xeb, 0x84, 0x2c, 0xff, 0xeb, 0x84, 0x2c, 0xff, 0xeb, 0x84, 0x2c, 0xff, 0xeb, 0x84, 0x2c, 0xff,
    0xeb, 0x84, 0x2c, 0xff, 0xeb, 0x84, 0x2c, 0xff, 0xe9, 0x85, 0x2c, 0xff, 0xe9, 0x85, 0x2c, 0xff,
    0xe8, 0x86, 0x2d, 0xff, 0xe5, 0x84, 0x2b, 0xff, 0xe0, 0x84, 0x2a, 0xff, 0xc8, 0x87, 0x2b, 0xff,
    0xa4, 0x99, 0x39, 0xff, 0x8a, 0xaa, 0x45, 0xff, 0x73, 0xb4, 0x4a, 0xff, 0x65, 0xb5, 0x49, 0xff,
    0x63, 0xb6, 0x49, 0xff, 0x63, 0xb6, 0x49, 0xff, 0x61, 0xb5, 0x4a, 0xff, 0x61, 0xb5, 0x4a, 0xff,
    0x63, 0xb4, 0x4c, 0xff, 0x63, 0xb4, 0x4c, 0xff, 0x63, 0xb4, 0x4c, 0xff, 0x63, 0xb4, 0x4c, 0xff,
    0x63, 0xb5, 0x4a, 0xff, 0x63, 0xb7, 0x47, 0xff, 0x63, 0xb7, 0x46, 0xff, 0x63, 0xb7, 0x47, 0xff,
    0x69, 0xbb, 0x50, 0xff, 0x4c, 0xac, 0x58, 0xff, 0x30, 0xad, 0x84, 0xff, 0x37, 0xcf, 0xcb, 0xff,
    0x21, 0xcd, 0xec, 0xff, 0x11, 0xc8, 0xfa, 0xff, 0x0b, 0xc8, 0xfe, 0xff, 0x0b, 0xc7, 0xff, 0xff,
    0x0e, 0xc6, 0xfc, 0xff, 0x0e, 0xc6, 0xfc, 0xff, 0x0e, 0xc6, 0xfc, 0xff, 0x0c, 0xc6, 0xfc, 0xff,
    0x0e, 0xc6, 0xfc, 0xff, 0x0e, 0xc6, 0xfc, 0xff, 0x0e, 0xc6, 0xfc, 0xff, 0x0e, 0xc6, 0xfc, 0xff,
    0x09, 0xc5, 0xf8, 0xff, 0x18, 0xc2, 0xff, 0xff, 0x2f, 0xb7, 0xff, 0xff, 0x1c, 0x77, 0xe3, 0xff,
    0x3c, 0x5c, 0xe9, 0xff, 0x4e, 0x55, 0xef, 0xff, 0x4a, 0x58, 0xec, 0xff, 0x48, 0x58, 0xec, 0xff,
    0x48, 0x57, 0xed, 0xff, 0x48, 0x57, 0xed, 0xff, 0x48, 0x57, 0xed, 0xff, 0x48, 0x57, 0xed, 0xff,
    0x48, 0x57, 0xed, 0xff, 0x48, 0x57, 0xed, 0xff, 0x48, 0x57, 0xed, 0xff, 0x48, 0x57, 0xed, 0xff,
    0x48, 0x57, 0xed, 0xff, 0x48, 0x57, 0xed, 0xff, 0x4a, 0x58, 0xec, 0xff, 0x4a, 0x58, 0xec, 0xff,
    0x48, 0x58, 0xec, 0xff, 0x53, 0x62, 0xd1, 0xa8, 0x6e, 0x77, 0x9a, 0x00, 0x7c, 0x82, 0x7e, 0x00,
    0x77, 0x79, 0x7b, 0x00, 0x77, 0x79, 0x7b, 0x00, 0x77, 0x7a, 0x78, 0x00, 0x8f, 0x7c, 0x6b, 0x00,
    0xbf, 0x7f, 0x50, 0x00, 0xdc, 0x80, 0x3d, 0x00, 0xe7, 0x83, 0x2f, 0x94, 0xed, 0x85, 0x2b, 0xff,
    0xeb, 0x84, 0x2c, 0xff, 0xeb, 0x84, 0x2c, 0xff, 0xeb, 0x84, 0x2c, 0xff, 0xeb, 0x84, 0x2c, 0xff,
    0xeb, 0x84, 0x2c, 0xff, 0xeb, 0x84, 0x2c, 0xff, 0xeb, 0x84, 0x2c, 0xff, 0xeb, 0x84, 0x2c, 0xff,
    0xeb, 0x84, 0x2c, 0xff, 0xeb, 0x84, 0x2c, 0xff, 0xeb, 0x84, 0x2c, 0xff, 0xeb, 0x84, 0x2c, 0xff,
    0xeb, 0x84, 0x2c, 0xff, 0xeb, 0x84, 0x2c, 0xff, 0xeb, 0x84, 0x2c, 0xff, 0xeb, 0x84, 0x2c, 0xff,
    0xeb, 0x84, 0x2c, 0xff, 0xeb, 0x84, 0x2c, 0xff, 0xeb, 0x84, 0x2c, 0xff, 0xeb, 0x84, 0x2c, 0xff,
    0xeb, 0x84, 0x2c, 0xff, 0xeb, 0x84, 0x2c, 0xff, 0xeb, 0x84, 0x2c, 0xff, 0xeb, 0x84, 0x2c, 0xff,
    0xeb, 0x84, 0x2c, 0xff, 0xeb, 0x84, 0x2c, 0xff, 0xed, 0x84, 0x2c, 0xff, 0xe9, 0x85, 0x2c, 0xff,
    0xe4, 0x87, 0x2d, 0xff, 0xdd, 0x85, 0x2b, 0xff, 0xdb, 0x86, 0x2b, 0xff, 0xc2, 0x90, 0x31, 0xff,
    0x97, 0xa7, 0x42, 0xff, 0x79, 0xb3, 0x4a, 0xff, 0x65, 0xb3, 0x46, 0xff, 0x60, 0xb5, 0x48, 0xff,
    0x65, 0xb5, 0x49, 0xff, 0x67, 0xb5, 0x49, 0xff, 0x65, 0xb4, 0x4a, 0xff, 0x65, 0xb4, 0x4a, 0xff,
    0x63, 0xb4, 0x4c, 0xff, 0x63, 0xb4, 0x4c, 0xff, 0x63, 0xb4, 0x4c, 0xff, 0x63, 0xb4, 0x4c, 0xff,
    0x63, 0xb5, 0x4a, 0xff, 0x63, 0xb6, 0x49, 0xff, 0x63, 0xb7, 0x47, 0xff, 0x61, 0xb6, 0x49, 0xff,
    0x62, 0xb7, 0x4e, 0xff, 0x42, 0xac, 0x64, 0xff, 0x36, 0xc6, 0xbe, 0xff, 0x24, 0xcb, 0xeb, 0xff,
    0x1b, 0xca, 0xf4, 0xff, 0x15, 0xc8, 0xf9, 0xff, 0x11, 0xc9, 0xf9, 0xff, 0x0f, 0xc9, 0xfa, 0xff,
    0x0e, 0xc7, 0xfb, 0xff, 0x0e, 0xc6, 0xfc, 0xff, 0x0e, 0xc6, 0xfc, 0xff, 0x0e, 0xc6, 0xfc, 0xff,
    0x0e, 0xc6, 0xfc, 0xff, 0x0e, 0xc6, 0xfc, 0xff, 0x0e, 0xc6, 0xfc, 0xff, 0x0c, 0xc6, 0xfc, 0xff,
    0x07, 0xc6, 0xfb, 0xff, 0x13, 0xc0, 0xff, 0xff, 0x2d, 0xb1, 0xff, 0xff, 0x19, 0x70, 0xe2, 0xff,
    0x3a, 0x5c, 0xe9, 0xff, 0x4c, 0x57, 0xed, 0xff, 0x4a, 0x58, 0xec, 0xff, 0x4a, 0x58, 0xec, 0xff,
    0x48, 0x57, 0xed, 0xff, 0x48, 0x57, 0xed, 0xff, 0x48, 0x57, 0xed, 0xff, 0x48, 0x57, 0xed, 0xff,
    0x48, 0x57, 0xed, 0xff, 0x48, 0x57, 0xed, 0xff, 0x48, 0x57, 0xed, 0xff, 0x48, 0x57, 0xed, 0xff,
    0x48, 0x56, 0xef, 0xff, 0x48, 0x56, 0xf1, 0xff, 0x4a, 0x55, 0xf1, 0xff, 0x4a, 0x55, 0xf1, 0xff,
    0x48, 0x56, 0xef, 0xff, 0x53, 0x62, 0xd1, 0x6c, 0x6e, 0x77, 0x98, 0x00, 0x7c, 0x82, 0x7d, 0x00,
    0x75, 0x79, 0x7b, 0x00, 0x75, 0x7a, 0x79, 0x00, 0x76, 0x79, 0x76, 0x00, 0x97, 0x7d, 0x66, 0x00,
    0xd4, 0x80, 0x42, 0x00, 0xf1, 0x82, 0x2e, 0x2a, 0xef, 0x83, 0x2c, 0xfb, 0xef, 0x84, 0x2b, 0xff,
    0xed, 0x84, 0x2c, 0xff, 0xeb, 0x84, 0x2c, 0xff, 0xeb, 0x84, 0x2c, 0xff, 0xeb, 0x84, 0x2c, 0xff,
    0xeb, 0x84, 0x2c, 0xff, 0xeb, 0x84, 0x2c, 0xff, 0xeb, 0x84, 0x2c, 0xff, 0xeb, 0x84, 0x2c, 0xff,
    0xeb, 0x84, 0x2c, 0xff, 0xeb, 0x84, 0x2c, 0xff, 0xeb, 0x84, 0x2c, 0xff, 0xeb, 0x84, 0x2c, 0xff,
    0xeb, 0x84, 0x2c, 0xff, 0xeb, 0x84, 0x2c, 0xff, 0xeb, 0x84, 0x2c, 0xff, 0xeb, 0x84, 0x2c, 0xff,
    0xeb, 0x84, 0x2c, 0xff, 0xeb, 0x84, 0x2c, 0xff, 0xeb, 0x84, 0x2c, 0xff, 0xeb, 0x84, 0x2c, 0xff,
    0xeb, 0x84, 0x2c, 0xff, 0xeb, 0x84, 0x2c, 0xff, 0xeb, 0x84, 0x2c, 0xff, 0xeb, 0x84, 0x2c, 0xff,
    0xeb, 0x84, 0x2c, 0xff, 0xeb, 0x84, 0x2c, 0xff, 0xed, 0x84, 0x2c, 0xff, 0xeb, 0x84, 0x2c, 0xff,
    0xe6, 0x87, 0x2d, 0xff, 0xd7, 0x87, 0x2b, 0xff, 0xc9, 0x89, 0x2b, 0xff, 0xb5, 0x9d, 0x3b, 0xff,
    0x8c, 0xb1, 0x49, 0xff, 0x6b, 0xb4, 0x49, 0xff, 0x61, 0xb3, 0x46, 0xff, 0x60, 0xb5, 0x48, 0xff,
    0x65, 0xb5, 0x49, 0xff, 0x67, 0xb5, 0x49, 0xff, 0x65, 0xb4, 0x4a, 0xff, 0x65, 0xb4, 0x4a, 0xff,
    0x63, 0xb5, 0x4a, 0xff, 0x63, 0xb5, 0x4a, 0xff, 0x63, 0xb5, 0x4a, 0xff, 0x63, 0xb5, 0x4a, 0xff,
    0x63, 0xb5, 0x4a, 0xff, 0x63, 0xb6, 0x49, 0xff, 0x63, 0xb6, 0x49, 0xff, 0x5b, 0xb5, 0x4d, 0xff,
    0x4d, 0xb2, 0x59, 0xff, 0x3e, 0xba, 0x88, 0xff, 0x33, 0xcf, 0xe1, 0xff, 0x18, 0xc6, 0xf9, 0xff,
    0x17, 0xc8, 0xf9, 0xff, 0x15, 0xc8, 0xf9, 0xff, 0x15, 0xc9, 0xf7, 0xff, 0x13, 0xc9, 0xf9, 0xff,
    0x10, 0xc6, 0xfb, 0xff, 0x0e, 0xc6, 0xfc, 0xff, 0x0e, 0xc6, 0xfc, 0xff, 0x0e, 0xc6, 0xfc, 0xff,
    0x0e, 0xc6, 0xfc, 0xff, 0x0e, 0xc6, 0xfc, 0xff, 0x0e, 0xc6, 0xfc, 0xff, 0x0c, 0xc6, 0xfe, 0xff,
    0x08, 0xc6, 0xff, 0xff, 0x15, 0xbe, 0xff, 0xff, 0x33, 0xab, 0xff, 0xff, 0x1e, 0x6a, 0xe1, 0xff,
    0x3c, 0x5c, 0xe9, 0xff, 0x4a, 0x57, 0xed, 0xff, 0x4a, 0x58, 0xec, 0xff, 0x48, 0x58, 0xec, 0xff,
    0x48, 0x57, 0xed, 0xff, 0x48, 0x57, 0xed, 0xff, 0x48, 0x57, 0xed, 0xff, 0x48, 0x57, 0xed, 0xff,
    0x48, 0x57, 0xed, 0xff, 0x48, 0x57, 0xed, 0xff, 0x48, 0x57, 0xed, 0xff, 0x48, 0x57, 0xed, 0xff,
    0x48, 0x56, 0xef, 0xff, 0x48, 0x56, 0xf1, 0xff, 0x4a, 0x54, 0xf2, 0xff, 0x4a, 0x54, 0xf2, 0xff,
    0x48, 0x56, 0xf1, 0xfe, 0x53, 0x62, 0xd1, 0x23, 0x6e, 0x77, 0x98, 0x00, 0x7c, 0x82, 0x7d, 0x00,
    0x75, 0x79, 0x7b, 0x00, 0x76, 0x7b, 0x7a, 0x00, 0x71, 0x7a, 0x74, 0x00, 0x92, 0x7e, 0x62, 0x00,
    0xd0, 0x82, 0x3f, 0x00, 0xed, 0x84, 0x2c, 0xb9, 0xef, 0x84, 0x2b, 0xff, 0xef, 0x84, 0x2b, 0xff,
    0xed, 0x84, 0x2c, 0xff, 0xeb, 0x84, 0x2c, 0xff, 0xeb, 0x84, 0x2c, 0xff, 0xeb, 0x84, 0x2c, 0xff,
    0xeb, 0x84, 0x2c, 0xff, 0xeb, 0x84, 0x2c, 0xff, 0xeb, 0x84, 0x2c, 0xff, 0xeb, 0x84, 0x2c, 0xff,
    0xeb, 0x84, 0x2c, 0xff, 0xeb, 0x84, 0x2c, 0xff, 0xeb, 0x84, 0x2c, 0xff, 0xeb, 0x84, 0x2c, 0xff,
    0xeb, 0x84, 0x2c, 0xff, 0xeb, 0x84, 0x2c, 0xff, 0xeb, 0x84, 0x2c, 0xff, 0xeb, 0x84, 0x2c, 0xff,
    0xeb, 0x84, 0x2c, 0xff, 0xeb, 0x84, 0x2c, 0xff, 0xeb, 0x84, 0x2c, 0xff, 0xeb, 0x84, 0x2c, 0xff,
    0xeb, 0x84, 0x2c, 0xff, 0xeb, 0x84, 0x2c, 0xff, 0xeb, 0x84, 0x2c, 0xff, 0xeb, 0x84, 0x2c, 0xff,
    0xe9, 0x85, 0x2c, 0xff, 0xeb, 0x84, 0x2c, 0xff, 0xed, 0x84, 0x2c, 0xff, 0xed, 0x84, 0x2c, 0xff,
    0xec, 0x85, 0x2d, 0xff, 0xd3, 0x87, 0x2b, 0xff, 0xad, 0x92, 0x2d, 0xff, 0x9e, 0xad, 0x44, 0xff,
    0x7c, 0xb2, 0x47, 0xff, 0x67, 0xb5, 0x49, 0xff, 0x65, 0xb5, 0x49, 0xff, 0x63, 0xb6, 0x49, 0xff,
    0x65, 0xb5, 0x49, 0xff, 0x63, 0xb6, 0x49, 0xff, 0x61, 0xb6, 0x49, 0xff, 0x61, 0xb6, 0x49, 0xff,
    0x61, 0xb6, 0x49, 0xff, 0x61, 0xb6, 0x49, 0xff, 0x63, 0xb6, 0x49, 0xff, 0x65, 0xb6, 0x4b, 0xff,
    0x65, 0xb6, 0x4b, 0xff, 0x65, 0xb5, 0x4d, 0xff, 0x63, 0xb4, 0x4c, 0xff, 0x51, 0xb1, 0x59, 0xff,
    0x30, 0xac, 0x73, 0xff, 0x3f, 0xcf, 0xc1, 0xff, 0x26, 0xc8, 0xe8, 0xff, 0x19, 0xc5, 0xfe, 0xff,
    0x14, 0xc5, 0xfc, 0xff, 0x12, 0xc6, 0xfb, 0xff, 0x14, 0xc7, 0xf8, 0xff, 0x12, 0xc8, 0xf8, 0xff,
    0x10, 0xc6, 0xfb, 0xff, 0x0e, 0xc6, 0xfc, 0xff, 0x0e, 0xc6, 0xfc, 0xff, 0x0e, 0xc6, 0xfc, 0xff,
    0x0e, 0xc6, 0xfc, 0xff, 0x0e, 0xc6, 0xfc, 0xff, 0x0e, 0xc6, 0xfc, 0xff, 0x0e, 0xc5, 0xfe, 0xff,
    0x0b, 0xc2, 0xff, 0xff, 0x1f, 0xba, 0xff, 0xff, 0x2d, 0x91, 0xfe, 0xff, 0x27, 0x60, 0xe1, 0xff,
    0x3e, 0x5b, 0xea, 0xff, 0x48, 0x58, 0xec, 0xff, 0x48, 0x59, 0xea, 0xff, 0x48, 0x58, 0xec, 0xff,
    0x48, 0x57, 0xed, 0xff, 0x48, 0x57, 0xed, 0xff, 0x48, 0x57, 0xed, 0xff, 0x48, 0x57, 0xed, 0xff,
    0x48, 0x57, 0xed, 0xff, 0x48, 0x57, 0xed, 0xff, 0x48, 0x57, 0xed, 0xff, 0x48, 0x57, 0xed, 0xff,
    0x48, 0x57, 0xed, 0xff, 0x48, 0x56, 0xef, 0xff, 0x4a, 0x55, 0xf1, 0xff, 0x4a, 0x54, 0xf2, 0xff,
    0x47, 0x55, 0xee, 0xc1, 0x52, 0x60, 0xd0, 0x00, 0x6e, 0x77, 0x9a, 0x00, 0x7a, 0x7f, 0x7c, 0x00,
    0x71, 0x73, 0x75, 0x00, 0x7d, 0x7b, 0x74, 0x00, 0x87, 0x7c, 0x67, 0x00, 0xa6, 0x81, 0x55, 0x00,
    0xd4, 0x82, 0x39, 0x4d, 0xed, 0x84, 0x2c, 0xff, 0xed, 0x85, 0x2b, 0xff, 0xed, 0x85, 0x2b, 0xff,
    0xeb, 0x84, 0x2c, 0xff, 0xeb, 0x84, 0x2c, 0xff, 0xeb, 0x84, 0x2c, 0xff, 0xeb, 0x84, 0x2c, 0xff,
    0xeb, 0x84, 0x2c, 0xff, 0xeb, 0x84, 0x2c, 0xff, 0xeb, 0x84, 0x2c, 0xff, 0xeb, 0x84, 0x2c, 0xff,
    0xeb, 0x84, 0x2c, 0xff, 0xeb, 0x84, 0x2c, 0xff, 0xeb, 0x84, 0x2c, 0xff, 0xeb, 0x84, 0x2c, 0xff,
    0xeb, 0x84, 0x2c, 0xff, 0xeb, 0x84, 0x2c, 0xff, 0xeb, 0x84, 0x2c, 0xff, 0xeb, 0x84, 0x2c, 0xff,
    0xeb, 0x84, 0x2c, 0xff, 0xeb, 0x84, 0x2c, 0xff, 0xeb, 0x84, 0x2c, 0xff, 0xeb, 0x84, 0x2c, 0xff,
    0xeb, 0x84, 0x2c, 0xff, 0xeb, 0x84, 0x2c, 0xff, 0xeb, 0x84, 0x2c, 0xff, 0xeb, 0x84, 0x2c, 0xff,
    0xeb, 0x84, 0x2c, 0xff, 0xeb, 0x84, 0x2c, 0xff, 0xed, 0x84, 0x2c, 0xff, 0xeb, 0x84, 0x2c, 0xff,
    0xe6, 0x87, 0x2d, 0xff, 0xc8, 0x8b, 0x2c, 0xff, 0xa0, 0xa3, 0x3a, 0xff, 0x82, 0xb1, 0x43, 0xff,
    0x71, 0xb4, 0x47, 0xff, 0x67, 0xb5, 0x49, 0xff, 0x67, 0xb5, 0x49, 0xff, 0x65, 0xb5, 0x49, 0xff,
    0x63, 0xb6, 0x49, 0xff, 0x63, 0xb6, 0x49, 0xff, 0x63, 0xb6, 0x49, 0xff, 0x63, 0xb6, 0x49, 0xff,
    0x63, 0xb7, 0x47, 0xff, 0x61, 0xb7, 0x47, 0xff, 0x63, 0xb7, 0x47, 0xff, 0x65, 0xb7, 0x4a, 0xff,
    0x65, 0xb5, 0x4d, 0xff, 0x65, 0xb4, 0x4f, 0xff, 0x62, 0xb2, 0x4c, 0xff, 0x4b, 0xad, 0x62, 0xff,
    0x36, 0xc1, 0xa6, 0xff, 0x2f, 0xd1, 0xde, 0xff, 0x1d, 0xc7, 0xf2, 0xff, 0x16, 0xc6, 0xff, 0xff,
    0x12, 0xc4, 0xff, 0xff, 0x12, 0xc4, 0xfe, 0xff, 0x14, 0xc7, 0xf9, 0xff, 0x14, 0xc7, 0xf9, 0xff,
    0x10, 0xc6, 0xfb, 0xff, 0x0e, 0xc6, 0xfc, 0xff, 0x0e, 0xc6, 0xfc, 0xff, 0x0e, 0xc6, 0xfc, 0xff,
    0x0e, 0xc6, 0xfc, 0xff, 0x0e, 0xc6, 0xfc, 0xff, 0x0e, 0xc6, 0xfc, 0xff, 0x10, 0xc4, 0xff, 0xff,
    0x12, 0xbd, 0xff, 0xff, 0x2d, 0xb6, 0xff, 0xff, 0x25, 0x71, 0xe8, 0xff, 0x35, 0x5b, 0xe5, 0xff,
    0x42, 0x5a, 0xea, 0xff, 0x48, 0x58, 0xec, 0xff, 0x46, 0x59, 0xea, 0xff, 0x46, 0x58, 0xec, 0xff,
    0x48, 0x57, 0xed, 0xff, 0x48, 0x57, 0xed, 0xff, 0x48, 0x57, 0xed, 0xff, 0x48, 0x57, 0xed, 0xff,
    0x48, 0x57, 0xed, 0xff, 0x48, 0x57, 0xed, 0xff, 0x48, 0x57, 0xed, 0xff, 0x48, 0x57, 0xed, 0xff,
    0x48, 0x58, 0xec, 0xff, 0x48, 0x57, 0xed, 0xff, 0x4a, 0x55, 0xf1, 0xff, 0x4a, 0x53, 0xf5, 0xff,
    0x48, 0x51, 0xfa, 0x51, 0x51, 0x59, 0xdb, 0x00, 0x6f, 0x75, 0xa0, 0x00, 0x7b, 0x80, 0x7f, 0x00,
    0x7d, 0x7b, 0x80, 0x00, 0x8d, 0x78, 0x6c, 0x00, 0xba, 0x82, 0x50, 0x00, 0xff, 0xbe, 0x77, 0x01,
    0xe5, 0x82, 0x33, 0xcf, 0xed, 0x83, 0x2e, 0xff, 0xed, 0x85, 0x2b, 0xff, 0xeb, 0x85, 0x2b, 0xff,
    0xeb, 0x84, 0x2c, 0xff, 0xeb, 0x84, 0x2c, 0xff, 0xeb, 0x84, 0x2c, 0xff, 0xeb, 0x84, 0x2c, 0xff,
    0xeb, 0x84, 0x2c, 0xff, 0xeb, 0x84, 0x2c, 0xff, 0xeb, 0x84, 0x2c, 0xff, 0xeb, 0x84, 0x2c, 0xff,
    0xeb, 0x84, 0x2c, 0xff, 0xeb, 0x84, 0x2c, 0xff, 0xeb, 0x84, 0x2c, 0xff, 0xeb, 0x84, 0x2c, 0xff,
    0xeb, 0x84, 0x2c, 0xff, 0xeb, 0x84, 0x2c, 0xff, 0xeb, 0x84, 0x2c, 0xff, 0xeb, 0x84, 0x2c, 0xff,
    0xeb, 0x84, 0x2c, 0xff, 0xeb, 0x84, 0x2c, 0xff, 0xeb, 0x84, 0x2c, 0xff, 0xeb, 0x84, 0x2c, 0xff,
    0xeb, 0x84, 0x2c, 0xff, 0xeb, 0x84, 0x2c, 0xff, 0xeb, 0x84, 0x2c, 0xff, 0xeb, 0x84, 0x2c, 0xff,
    0xed, 0x84, 0x2c, 0xff, 0xed, 0x84, 0x2c, 0xff, 0xed, 0x84, 0x2c, 0xff, 0xe5, 0x85, 0x2c, 0xff,
    0xd5, 0x87, 0x2b, 0xff, 0xb7, 0x94, 0x31, 0xff, 0x8f, 0xaf, 0x41, 0xff, 0x6e, 0xb5, 0x43, 0xff,
    0x6b, 0xb5, 0x47, 0xff, 0x69, 0xb5, 0x49, 0xff, 0x67, 0xb5, 0x49, 0xff, 0x65, 0xb5, 0x49, 0xff,
    0x63, 0xb6, 0x49, 0xff, 0x65, 0xb5, 0x49, 0xff, 0x69, 0xb5, 0x49, 0xff, 0x6b, 0xb5, 0x47, 0xff,
    0x65, 0xb7, 0x46, 0xff, 0x63, 0xb7, 0x46, 0xff, 0x63, 0xb7, 0x47, 0xff, 0x63, 0xb6, 0x49, 0xff,
    0x65, 0xb5, 0x4d, 0xff, 0x66, 0xb6, 0x50, 0xff, 0x61, 0xb0, 0x4d, 0xff, 0x50, 0xb6, 0x73, 0xff,
    0x38, 0xcd, 0xcb, 0xff, 0x19, 0xc9, 0xee, 0xff, 0x10, 0xc7, 0xf9, 0xff, 0x0e, 0xc7, 0xff, 0xff,
    0x0e, 0xc4, 0xff, 0xff, 0x12, 0xc4, 0xff, 0xff, 0x16, 0xc5, 0xfb, 0xff, 0x16, 0xc6, 0xf9, 0xff,
    0x10, 0xc6, 0xfb, 0xff, 0x0e, 0xc6, 0xfc, 0xff, 0x0c, 0xc7, 0xfb, 0xff, 0x0c, 0xc7, 0xfb, 0xff,
    0x0e, 0xc6, 0xfc, 0xff, 0x0e, 0xc6, 0xfc, 0xff, 0x0e, 0xc6, 0xfc, 0xff, 0x14, 0xc3, 0xff, 0xff,
    0x20, 0xbb, 0xff, 0xff, 0x1e, 0x92, 0xf0, 0xff, 0x30, 0x64, 0xe5, 0xff, 0x49, 0x5d, 0xee, 0xff,
    0x48, 0x58, 0xec, 0xff, 0x48, 0x58, 0xec, 0xff, 0x46, 0x58, 0xec, 0xff, 0x46, 0x58, 0xec, 0xff,
    0x48, 0x57, 0xed, 0xff, 0x48, 0x57, 0xed, 0xff, 0x48, 0x57, 0xed, 0xff, 0x48, 0x57, 0xed, 0xff,
    0x48, 0x57, 0xed, 0xff, 0x48, 0x57, 0xed, 0xff, 0x48, 0x57, 0xed, 0xff, 0x48, 0x57, 0xed, 0xff,
    0x48, 0x57, 0xed, 0xff, 0x48, 0x57, 0xed, 0xff, 0x4a, 0x55, 0xf1, 0xff, 0x49, 0x4e, 0xfb, 0xcc,
    0x16, 0x12, 0xe2, 0x01, 0x52, 0x4e, 0xf5, 0x00, 0x6d, 0x6f, 0xa5, 0x00, 0x7c, 0x82, 0x7e, 0x00,
    0x7c, 0x79, 0x7c, 0x00, 0x96, 0x7a, 0x68, 0x00, 0xd1, 0x82, 0x42, 0x00, 0xe7, 0x80, 0x2a, 0x4d,
    0xed, 0x82, 0x2f, 0xff, 0xed, 0x83, 0x2e, 0xff, 0xeb, 0x85, 0x2b, 0xff, 0xeb, 0x85, 0x2b, 0xff,
    0xeb, 0x84, 0x2c, 0xff, 0xeb, 0x84, 0x2c, 0xff, 0xeb, 0x84, 0x2c, 0xff, 0xeb, 0x84, 0x2c, 0xff,
    0xeb, 0x84, 0x2c, 0xff, 0xeb, 0x84, 0x2c, 0xff, 0xeb, 0x84, 0x2c, 0xff, 0xeb, 0x84, 0x2c, 0xff,
    0xeb, 0x84, 0x2c, 0xff, 0xeb, 0x84, 0x2c, 0xff, 0xeb, 0x84, 0x2c, 0xff, 0xeb, 0x84, 0x2c, 0xff,
    0xeb, 0x84, 0x2c, 0xff, 0xeb, 0x84, 0x2c, 0xff, 0xeb, 0x84, 0x2c, 0xff, 0xeb, 0x84, 0x2c, 0xff,
    0xeb, 0x84, 0x2c, 0xff, 0xeb, 0x84, 0x2c, 0xff, 0xeb, 0x84, 0x2c, 0xff, 0xeb, 0x84, 0x2c, 0xff,
    0xeb, 0x84, 0x2c, 0xff, 0xeb, 0x84, 0x2c, 0xff, 0xeb, 0x84, 0x2c, 0xff, 0xed, 0x84, 0x2c, 0xff,
    0xef, 0x83, 0x2c, 0xff, 0xef, 0x83, 0x2c, 0xff, 0xed, 0x84, 0x2c, 0xff, 0xdc, 0x87, 0x2c, 0xff,
    0xbe, 0x8c, 0x2e, 0xff, 0xa7, 0xa5, 0x3f, 0xff, 0x7c, 0xb2, 0x43, 0xff, 0x63, 0xb5, 0x43, 0xff,
    0x67, 0xb6, 0x47, 0xff, 0x67, 0xb5, 0x49, 0xff, 0x67, 0xb5, 0x49, 0xff, 0x65, 0xb5, 0x49, 0xff,
    0x63, 0xb6, 0x49, 0xff, 0x65, 0xb5, 0x49, 0xff, 0x6b, 0xb4, 0x49, 0xff, 0x6b, 0xb5, 0x47, 0xff,
    0x67, 0xb7, 0x46, 0xff, 0x65, 0xb7, 0x46, 0xff, 0x63, 0xb7, 0x47, 0xff, 0x63, 0xb6, 0x49, 0xff,
    0x62, 0xb3, 0x4b, 0xff, 0x61, 0xb5, 0x57, 0xff, 0x52, 0xae, 0x62, 0xff, 0x4c, 0xc2, 0x9a, 0xff,
    0x2d, 0xcd, 0xde, 0xff, 0x0d, 0xc5, 0xf7, 0xff, 0x0b, 0xc8, 0xfe, 0xff, 0x0b, 0xc6, 0xff, 0xff,
    0x0f, 0xc4, 0xff, 0xff, 0x12, 0xc3, 0xff, 0xff, 0x14, 0xc5, 0xfc, 0xff, 0x14, 0xc6, 0xfb, 0xff,
    0x10, 0xc6, 0xfc, 0xff, 0x0c, 0xc6, 0xfc, 0xff, 0x0a, 0xc8, 0xfb, 0xff, 0x0a, 0xc8, 0xfb, 0xff,
    0x0e, 0xc6, 0xfc, 0xff, 0x10, 0xc5, 0xfe, 0xff, 0x10, 0xc6, 0xfc, 0xff, 0x1c, 0xc0, 0xff, 0xff,
    0x35, 0xb1, 0xff, 0xff, 0x1c, 0x6f, 0xdf, 0xff, 0x3d, 0x5e, 0xe8, 0xff, 0x4e, 0x5a, 0xee, 0xff,
    0x4a, 0x58, 0xec, 0xff, 0x48, 0x58, 0xec, 0xff, 0x46, 0x58, 0xec, 0xff, 0x46, 0x58, 0xec, 0xff,
    0x48, 0x57, 0xed, 0xff, 0x48, 0x57, 0xed, 0xff, 0x48, 0x57, 0xed, 0xff, 0x48, 0x57, 0xed, 0xff,
    0x48, 0x57, 0xed, 0xff, 0x48, 0x57, 0xed, 0xff, 0x48, 0x57, 0xed, 0xff, 0x48, 0x57, 0xed, 0xff,
    0x48, 0x57, 0xed, 0xff, 0x48, 0x56, 0xef, 0xff, 0x4a, 0x55, 0xf1, 0xff, 0x4b, 0x50, 0xf6, 0x3e,
    0x50, 0x49, 0xfe, 0x00, 0x5d, 0x54, 0xe0, 0x00, 0x70, 0x70, 0x9e, 0x00, 0x7b, 0x81, 0x7d, 0x00,
    0x76, 0x76, 0x76, 0x00, 0x94, 0x79, 0x62, 0x00, 0xcc, 0x81, 0x3e, 0x00, 0xeb, 0x84, 0x2c, 0xb2,
    0xed, 0x83, 0x2e, 0xff, 0xed, 0x83, 0x2e, 0xff, 0xeb, 0x84, 0x2c, 0xff, 0xe9, 0x85, 0x2c, 0xff,
    0xeb, 0x84, 0x2c, 0xff, 0xeb, 0x84, 0x2c, 0xff, 0xeb, 0x84, 0x2c, 0xff, 0xeb, 0x84, 0x2c, 0xff,
    0xeb, 0x84, 0x2c, 0xff, 0xeb, 0x84, 0x2c, 0xff, 0xeb, 0x84, 0x2c, 0xff, 0xeb, 0x84, 0x2c, 0xff,
    0xeb, 0x84, 0x2c, 0xff, 0xeb, 0x84, 0x2c, 0xff, 0xeb, 0x84, 0x2c, 0xff, 0xeb, 0x84, 0x2c, 0xff,
    0xeb, 0x84, 0x2c, 0xff, 0xeb, 0x84, 0x2c, 0xff, 0xeb, 0x84, 0x2c, 0xff, 0xeb, 0x84, 0x2c, 0xff,
    0xeb, 0x84, 0x2c, 0xff, 0xeb, 0x84, 0x2c, 0xff, 0xeb, 0x84, 0x2c, 0xff, 0xeb, 0x84, 0x2c, 0xff,
    0xeb, 0x84, 0x2c, 0xff, 0xeb, 0x84, 0x2c, 0xff, 0xeb, 0x84, 0x2c, 0xff, 0xed, 0x84, 0x2c, 0xff,
    0xef, 0x84, 0x2b, 0xff, 0xef, 0x83, 0x2c, 0xff, 0xeb, 0x84, 0x2c, 0xff, 0xce, 0x89, 0x2e, 0xff,
    0xa6, 0x9c, 0x3a, 0xff, 0x8b, 0xae, 0x46, 0xff, 0x71, 0xb4, 0x47, 0xff, 0x65, 0xb5, 0x49, 0xff,
    0x65, 0xb5, 0x49, 0xff, 0x65, 0xb5, 0x49, 0xff, 0x65, 0xb5, 0x49, 0xff, 0x65, 0xb5, 0x49, 0xff,
    0x65, 0xb5, 0x49, 0xff, 0x65, 0xb5, 0x49, 0xff, 0x67, 0xb5, 0x49, 0xff, 0x67, 0xb5, 0x49, 0xff,
    0x67, 0xb6, 0x47, 0xff, 0x67, 0xb6, 0x47, 0xff, 0x65, 0xb6, 0x47, 0xff, 0x63, 0xb6, 0x49, 0xff,
    0x61, 0xb2, 0x4a, 0xff, 0x4f, 0xac, 0x5d, 0xff, 0x33, 0xac, 0x8a, 0xff, 0x40, 0xd3, 0xd7, 0xff,
    0x22, 0xca, 0xec, 0xff, 0x10, 0xc7, 0xf9, 0xff, 0x0c, 0xc7, 0xfb, 0xff, 0x0a, 0xc6, 0xfe, 0xff,
    0x0e, 0xc4, 0xff, 0xff, 0x10, 0xc3, 0xff, 0xff, 0x10, 0xc5, 0xfe, 0xff, 0x10, 0xc6, 0xfc, 0xff,
    0x0e, 0xc6, 0xfc, 0xff, 0x0c, 0xc7, 0xfb, 0xff, 0x08, 0xc9, 0xf9, 0xff, 0x0a, 0xc8, 0xfb, 0xff,
    0x0e, 0xc5, 0xfe, 0xff, 0x12, 0xc4, 0xff, 0xff, 0x12, 0xc4, 0xfe, 0xff, 0x27, 0xbb, 0xff, 0xff,
    0x31, 0x81, 0xf3, 0xff, 0x39, 0x5f, 0xe8, 0xff, 0x42, 0x57, 0xe9, 0xff, 0x4b, 0x58, 0xef, 0xff,
    0x48, 0x58, 0xec, 0xff, 0x48, 0x58, 0xec, 0xff, 0x46, 0x58, 0xed, 0xff, 0x46, 0x58, 0xed, 0xff,
    0x48, 0x58, 0xec, 0xff, 0x48, 0x58, 0xec, 0xff, 0x48, 0x58, 0xec, 0xff, 0x48, 0x58, 0xec, 0xff,
    0x48, 0x58, 0xec, 0xff, 0x48, 0x58, 0xec, 0xff, 0x48, 0x58, 0xec, 0xff, 0x48, 0x57, 0xed, 0xff,
    0x4a, 0x57, 0xed, 0xff, 0x4a, 0x56, 0xef, 0xff, 0x4a, 0x54, 0xf2, 0xa8, 0x53, 0x59, 0xe3, 0x00,
    0x65, 0x63, 0xc0, 0x00, 0x72, 0x6d, 0xa2, 0x00, 0x78, 0x79, 0x89, 0x00, 0x7c, 0x7f, 0x7c, 0x00,
    0x76, 0x76, 0x74, 0x00, 0x92, 0x7a, 0x62, 0x00, 0xcc, 0x81, 0x3e, 0x10, 0xeb, 0x84, 0x2c, 0xfb,
    0xed, 0x83, 0x2e, 0xff, 0xed, 0x82, 0x2f, 0xff, 0xeb, 0x83, 0x2e, 0xff, 0xe9, 0x85, 0x2c, 0xff,
    0xeb, 0x84, 0x2c, 0xff, 0xeb, 0x84, 0x2c, 0xff, 0xeb, 0x84, 0x2c, 0xff, 0xeb, 0x84, 0x2c, 0xff,
    0xeb, 0x84, 0x2c, 0xff, 0xeb, 0x84, 0x2c, 0xff, 0xeb, 0x84, 0x2c, 0xff, 0xeb, 0x84, 0x2c, 0xff,
    0xeb, 0x84, 0x2c, 0xff, 0xeb, 0x84, 0x2c, 0xff, 0xeb, 0x84, 0x2c, 0xff, 0xeb, 0x84, 0x2c, 0xff,
    0xeb, 0x84, 0x2c, 0xff, 0xeb, 0x84, 0x2c, 0xff, 0xeb, 0x84, 0x2c, 0xff, 0xeb, 0x84, 0x2c, 0xff,
    0xeb, 0x84, 0x2c, 0xff, 0xeb, 0x84, 0x2c, 0xff, 0xeb, 0x84, 0x2c, 0xff, 0xeb, 0x84, 0x2c, 0xff,
    0xeb, 0x84, 0x2c, 0xff, 0xeb, 0x84, 0x2c, 0xff, 0xeb, 0x84, 0x2c, 0xff, 0xed, 0x84, 0x2c, 0xff,
    0xef, 0x84, 0x2b, 0xff, 0xeb, 0x84, 0x2c, 0xff, 0xde, 0x86, 0x2e, 0xff, 0xc1, 0x90, 0x34, 0xff,
    0x93, 0xa5, 0x40, 0xff, 0x76, 0xb1, 0x48, 0xff, 0x6b, 0xb3, 0x4a, 0xff, 0x67, 0xb6, 0x4b, 0xff,
    0x65, 0xb5, 0x49, 0xff, 0x65, 0xb5, 0x49, 0xff, 0x65, 0xb5, 0x49, 0xff, 0x65, 0xb5, 0x49, 0xff,
    0x65, 0xb5, 0x49, 0xff, 0x65, 0xb5, 0x49, 0xff, 0x65, 0xb5, 0x49, 0xff, 0x67, 0xb5, 0x49, 0xff,
    0x69, 0xb5, 0x47, 0xff, 0x67, 0xb6, 0x47, 0xff, 0x65, 0xb6, 0x47, 0xff, 0x61, 0xb4, 0x4c, 0xff,
    0x5b, 0xb2, 0x52, 0xff, 0x42, 0xac, 0x6d, 0xff, 0x32, 0xc0, 0xbd, 0xff, 0x23, 0xca, 0xea, 0xff,
    0x18, 0xc8, 0xf4, 0xff, 0x10, 0xc7, 0xf9, 0xff, 0x0c, 0xc7, 0xfb, 0xff, 0x0c, 0xc6, 0xfc, 0xff,
    0x0e, 0xc4, 0xff, 0xff, 0x10, 0xc4, 0xff, 0xff, 0x0e, 0xc5, 0xfe, 0xff, 0x0c, 0xc6, 0xfc, 0xff,
    0x0e, 0xc6, 0xfc, 0xff, 0x0c, 0xc6, 0xfc, 0xff, 0x08, 0xc9, 0xf9, 0xff, 0x0a, 0xc8, 0xfb, 0xff,
    0x0e, 0xc5, 0xfe, 0xff, 0x14, 0xc3, 0xff, 0xff, 0x1b, 0xc0, 0xff, 0xff, 0x28, 0xa5, 0xfe, 0xff,
    0x32, 0x66, 0xe8, 0xff, 0x49, 0x58, 0xef, 0xff, 0x48, 0x57, 0xed, 0xff, 0x48, 0x57, 0xed, 0xff,
    0x48, 0x58, 0xec, 0xff, 0x48, 0x58, 0xec, 0xff, 0x46, 0x58, 0xed, 0xff, 0x46, 0x58, 0xed, 0xff,
    0x48, 0x58, 0xec, 0xff, 0x48, 0x58, 0xec, 0xff, 0x48, 0x58, 0xec, 0xff, 0x48, 0x58, 0xec, 0xff,
    0x48, 0x58, 0xec, 0xff, 0x48, 0x58, 0xec, 0xff, 0x48, 0x58, 0xec, 0xff, 0x4a, 0x58, 0xec, 0xff,
    0x4c, 0x57, 0xed, 0xff, 0x4e, 0x59, 0xe9, 0xf6, 0x54, 0x5d, 0xdd, 0x20, 0x5f, 0x67, 0xc3, 0x00,
    0x72, 0x72, 0x99, 0x00, 0x7e, 0x7b, 0x83, 0x00, 0x7e, 0x7d, 0x7f, 0x00, 0x7e, 0x7e, 0x7e, 0x00,
    0x76, 0x76, 0x74, 0x00, 0x92, 0x7a, 0x62, 0x00, 0xcc, 0x81, 0x3e, 0x55, 0xeb, 0x84, 0x2c, 0xff,
    0xed, 0x83, 0x2e, 0xff, 0xed, 0x82, 0x2f, 0xff, 0xeb, 0x83, 0x2e, 0xff, 0xe9, 0x85, 0x2c, 0xff,
    0xeb, 0x84, 0x2c, 0xff, 0xeb, 0x84, 0x2c, 0xff, 0xeb, 0x84, 0x2c, 0xff, 0xeb, 0x84, 0x2c, 0xff,
    0xeb, 0x84, 0x2c, 0xff, 0xeb, 0x84, 0x2c, 0xff, 0xeb, 0x84, 0x2c, 0xff, 0xeb, 0x84, 0x2c, 0xff,
    0xeb, 0x84, 0x2c, 0xff, 0xeb, 0x84, 0x2c, 0xff, 0xeb, 0x84, 0x2c, 0xff, 0xeb, 0x84, 0x2c, 0xff,
    0xeb, 0x84, 0x2c, 0xff, 0xeb, 0x84, 0x2c, 0xff, 0xeb, 0x84, 0x2c, 0xff, 0xeb, 0x84, 0x2c, 0xff,
    0xeb, 0x84, 0x2c, 0xff, 0xeb, 0x84, 0x2c, 0xff, 0xeb, 0x84, 0x2c, 0xff, 0xeb, 0x84, 0x2c, 0xff,
    0xeb, 0x84, 0x2c, 0xff, 0xeb, 0x84, 0x2c, 0xff, 0xeb, 0x84, 0x2c, 0xff, 0xeb, 0x84, 0x2c, 0xff,
    0xed, 0x85, 0x2b, 0xff, 0xe3, 0x86, 0x2c, 0xff, 0xcc, 0x89, 0x2e, 0xff, 0xb6, 0x9e, 0x3d, 0xff,
    0x8b, 0xae, 0x46, 0xff, 0x6f, 0xb3, 0x49, 0xff, 0x67, 0xb4, 0x4a, 0xff, 0x65, 0xb6, 0x4b, 0xff,
    0x65, 0xb5, 0x49, 0xff, 0x65, 0xb5, 0x49, 0xff, 0x65, 0xb5, 0x49, 0xff, 0x65, 0xb5, 0x49, 0xff,
    0x65, 0xb5, 0x49, 0xff, 0x65, 0xb5, 0x49, 0xff, 0x65, 0xb5, 0x49, 0xff, 0x67, 0xb6, 0x47, 0xff,
    0x69, 0xb6, 0x46, 0xff, 0x67, 0xb7, 0x46, 0xff, 0x65, 0xb6, 0x47, 0xff, 0x5b, 0xb3, 0x51, 0xff,
    0x4c, 0xad, 0x5e, 0xff, 0x3d, 0xb7, 0x8c, 0xff, 0x33, 0xd0, 0xde, 0xff, 0x17, 0xc7, 0xf3, 0xff,
    0x14, 0xc7, 0xf8, 0xff, 0x10, 0xc7, 0xf9, 0xff, 0x0c, 0xc7, 0xfb, 0xff, 0x0c, 0xc6, 0xfc, 0xff,
    0x0e, 0xc4, 0xff, 0xff, 0x10, 0xc4, 0xff, 0xff, 0x0e, 0xc5, 0xfe, 0xff, 0x0e, 0xc6, 0xfc, 0xff,
    0x10, 0xc5, 0xfe, 0xff, 0x0e, 0xc6, 0xfc, 0xff, 0x0a, 0xc8, 0xfb, 0xff, 0x0a, 0xc8, 0xfb, 0xff,
    0x0e, 0xc7, 0xfb, 0xff, 0x1a, 0xc2, 0xff, 0xff, 0x2d, 0xb7, 0xff, 0xff, 0x1f, 0x7f, 0xea, 0xff,
    0x33, 0x5d, 0xe6, 0xff, 0x49, 0x58, 0xef, 0xff, 0x49, 0x58, 0xef, 0xff, 0x48, 0x57, 0xed, 0xff,
    0x48, 0x57, 0xed, 0xff, 0x48, 0x57, 0xed, 0xff, 0x48, 0x57, 0xed, 0xff, 0x48, 0x57, 0xed, 0xff,
    0x48, 0x58, 0xec, 0xff, 0x48, 0x58, 0xec, 0xff, 0x48, 0x58, 0xec, 0xff, 0x48, 0x58, 0xec, 0xff,
    0x48, 0x58, 0xec, 0xff, 0x48, 0x58, 0xec, 0xff, 0x48, 0x58, 0xec, 0xff, 0x4a, 0x58, 0xec, 0xff,
    0x4e, 0x57, 0xec, 0xff, 0x58, 0x5f, 0xd9, 0x80, 0x65, 0x6f, 0xb0, 0x00, 0x6f, 0x77, 0x95, 0x00,
    0x7a, 0x79, 0x89, 0x00, 0x80, 0x7b, 0x83, 0x00, 0x80, 0x7c, 0x81, 0x00, 0x80, 0x7c, 0x81, 0x00,
    0x76, 0x76, 0x74, 0x00, 0x92, 0x7a, 0x62, 0x00, 0xcc, 0x81, 0x3e, 0x91, 0xeb, 0x84, 0x2c, 0xff,
    0xed, 0x83, 0x2e, 0xff, 0xed, 0x82, 0x2f, 0xff, 0xeb, 0x83, 0x2e, 0xff, 0xe9, 0x85, 0x2c, 0xff,
    0xeb, 0x84, 0x2c, 0xff, 0xeb, 0x84, 0x2c, 0xff, 0xeb, 0x84, 0x2c, 0xff, 0xeb, 0x84, 0x2c, 0xff,
    0xeb, 0x84, 0x2c, 0xff, 0xeb, 0x84, 0x2c, 0xff, 0xeb, 0x84, 0x2c, 0xff, 0xeb, 0x84, 0x2c, 0xff,
    0xeb, 0x84, 0x2c, 0xff, 0xeb, 0x84, 0x2c, 0xff, 0xeb, 0x84, 0x2c, 0xff, 0xeb, 0x84, 0x2c, 0xff,
    0xeb, 0x84, 0x2c, 0xff, 0xeb, 0x84, 0x2c, 0xff, 0xeb, 0x84, 0x2c, 0xff, 0xeb, 0x84, 0x2c, 0xff,
    0xeb, 0x84, 0x2c, 0xff, 0xeb, 0x84, 0x2c, 0xff, 0xeb, 0x84, 0x2c, 0xff, 0xeb, 0x84, 0x2c, 0xff,
    0xeb, 0x84, 0x2c, 0xff, 0xeb, 0x84, 0x2c, 0xff, 0xeb, 0x84, 0x2c, 0xff, 0xeb, 0x84, 0x2c, 0xff,
    0xe9, 0x85, 0x2b, 0xff, 0xd6, 0x88, 0x2c, 0xff, 0xb5, 0x93, 0x32, 0xff, 0xa0, 0xa9, 0x43, 0xff,
    0x7c, 0xb0, 0x46, 0xff, 0x69, 0xb5, 0x49, 0xff, 0x67, 0xb6, 0x4b, 0xff, 0x65, 0xb6, 0x4b, 0xff,
    0x65, 0xb5, 0x49, 0xff, 0x65, 0xb5, 0x49, 0xff, 0x65, 0xb5, 0x49, 0xff, 0x65, 0xb5, 0x49, 0xff,
    0x65, 0xb5, 0x49, 0xff, 0x65, 0xb5, 0x49, 0xff, 0x65, 0xb5, 0x49, 0xff, 0x65, 0xb6, 0x47, 0xff,
    0x67, 0xb7, 0x46, 0xff, 0x65, 0xb6, 0x47, 0xff, 0x63, 0xb5, 0x4a, 0xff, 0x53, 0xb1, 0x59, 0xff,
    0x37, 0xa9, 0x72, 0xff, 0x42, 0xce, 0xbe, 0xff, 0x24, 0xce, 0xec, 0xff, 0x0e, 0xc7, 0xfb, 0xff,
    0x10, 0xc7, 0xf9, 0xff, 0x10, 0xc7, 0xf9, 0xff, 0x0c, 0xc7, 0xfb, 0xff, 0x0c, 0xc6, 0xfc, 0xff,
    0x0e, 0xc4, 0xff, 0xff, 0x10, 0xc4, 0xff, 0xff, 0x0e, 0xc5, 0xfe, 0xff, 0x0e, 0xc6, 0xfc, 0xff,
    0x10, 0xc6, 0xfc, 0xff, 0x10, 0xc6, 0xfc, 0xff, 0x0c, 0xc6, 0xfc, 0xff, 0x0c, 0xc6, 0xfc, 0xff,
    0x14, 0xc5, 0xfc, 0xff, 0x25, 0xbc, 0xff, 0xff, 0x34, 0xa0, 0xff, 0xff, 0x24, 0x68, 0xe3, 0xff,
    0x37, 0x57, 0xe4, 0xff, 0x49, 0x58, 0xef, 0xff, 0x4a, 0x5a, 0xf0, 0xff, 0x49, 0x58, 0xef, 0xff,
    0x48, 0x57, 0xed, 0xff, 0x48, 0x57, 0xed, 0xff, 0x48, 0x57, 0xed, 0xff, 0x48, 0x57, 0xed, 0xff,
    0x48, 0x58, 0xec, 0xff, 0x48, 0x58, 0xec, 0xff, 0x48, 0x58, 0xec, 0xff, 0x48, 0x58, 0xec, 0xff,
    0x48, 0x58, 0xec, 0xff, 0x48, 0x58, 0xec, 0xff, 0x48, 0x58, 0xec, 0xff, 0x4a, 0x58, 0xec, 0xff,
    0x4e, 0x57, 0xec, 0xe3, 0x59, 0x60, 0xd1, 0x0b, 0x6c, 0x77, 0x9a, 0x00, 0x79, 0x80, 0x7f, 0x00,
    0x7e, 0x7c, 0x81, 0x00, 0x80, 0x7c, 0x81, 0x00, 0x80, 0x7c, 0x81, 0x00, 0x82, 0x7b, 0x81, 0x00,
    0x76, 0x76, 0x74, 0x00, 0x92, 0x7a, 0x62, 0x00, 0xcc, 0x81, 0x3e, 0xbe, 0xeb, 0x84, 0x2c, 0xff,
    0xed, 0x83, 0x2e, 0xff, 0xed, 0x82, 0x2f, 0xff, 0xeb, 0x83, 0x2e, 0xff, 0xe9, 0x85, 0x2c, 0xff,
    0xeb, 0x84, 0x2c, 0xff, 0xeb, 0x84, 0x2c, 0xff, 0xeb, 0x84, 0x2c, 0xff, 0xeb, 0x84, 0x2c, 0xff,
    0xeb, 0x84, 0x2c, 0xff, 0xeb, 0x84, 0x2c, 0xff, 0xeb, 0x84, 0x2c, 0xff, 0xeb, 0x84, 0x2c, 0xff,
    0xeb, 0x84, 0x2c, 0xff, 0xeb, 0x84, 0x2c, 0xff, 0xeb, 0x84, 0x2c, 0xff, 0xeb, 0x84, 0x2c, 0xff,
    0xeb, 0x84, 0x2c, 0xff, 0xeb, 0x84, 0x2c, 0xff, 0xeb, 0x84, 0x2c, 0xff, 0xeb, 0x84, 0x2c, 0xff,
    0xeb, 0x84, 0x2c, 0xff, 0xeb, 0x84, 0x2c, 0xff, 0xeb, 0x84, 0x2c, 0xff, 0xeb, 0x84, 0x2c, 0xff,
    0xeb, 0x84, 0x2c, 0xff, 0xeb, 0x84, 0x2c, 0xff, 0xeb, 0x84, 0x2c, 0xff, 0xe9, 0x85, 0x2c, 0xff,
    0xe4, 0x88, 0x2c, 0xff, 0xc7, 0x8e, 0x2f, 0xff, 0x9e, 0xa9, 0x40, 0xff, 0x7d, 0xb0, 0x43, 0xff,
    0x6f, 0xb4, 0x47, 0xff, 0x67, 0xb5, 0x49, 0xff, 0x65, 0xb4, 0x4a, 0xff, 0x65, 0xb4, 0x4a, 0xff,
    0x65, 0xb5, 0x49, 0xff, 0x65, 0xb5, 0x49, 0xff, 0x65, 0xb5, 0x49, 0xff, 0x65, 0xb5, 0x49, 0xff,
    0x65, 0xb5, 0x49, 0xff, 0x65, 0xb5, 0x49, 0xff, 0x65, 0xb5, 0x49, 0xff, 0x65, 0xb5, 0x49, 0xff,
    0x63, 0xb7, 0x47, 0xff, 0x61, 0xb6, 0x49, 0xff, 0x5f, 0xb4, 0x4d, 0xff, 0x47, 0xad, 0x64, 0xff,
    0x3e, 0xc7, 0xb1, 0xff, 0x2b, 0xce, 0xde, 0xff, 0x15, 0xcb, 0xf4, 0xff, 0x0a, 0xc7, 0xfc, 0xff,
    0x10, 0xc6, 0xfb, 0xff, 0x10, 0xc7, 0xf9, 0xff, 0x0c, 0xc7, 0xfb, 0xff, 0x0c, 0xc6, 0xfc, 0xff,
    0x0e, 0xc4, 0xff, 0xff, 0x10, 0xc4, 0xff, 0xff, 0x0e, 0xc5, 0xfe, 0xff, 0x0e, 0xc6, 0xfc, 0xff,
    0x10, 0xc6, 0xfc, 0xff, 0x10, 0xc6, 0xfc, 0xff, 0x0c, 0xc6, 0xfe, 0xff, 0x12, 0xc4, 0xff, 0xff,
    0x23, 0xc5, 0xff, 0xff, 0x35, 0xb6, 0xff, 0xff, 0x28, 0x73, 0xe6, 0xff, 0x32, 0x5b, 0xe3, 0xff,
    0x42, 0x59, 0xec, 0xff, 0x48, 0x57, 0xed, 0xff, 0x49, 0x58, 0xef, 0xff, 0x48, 0x57, 0xed, 0xff,
    0x48, 0x57, 0xed, 0xff, 0x48, 0x57, 0xed, 0xff, 0x48, 0x57, 0xed, 0xff, 0x48, 0x57, 0xed, 0xff,
    0x48, 0x58, 0xec, 0xff, 0x48, 0x58, 0xec, 0xff, 0x48, 0x58, 0xec, 0xff, 0x48, 0x58, 0xec, 0xff,
    0x48, 0x58, 0xec, 0xff, 0x48, 0x58, 0xec, 0xff, 0x48, 0x58, 0xec, 0xff, 0x4a, 0x58, 0xec, 0xff,
    0x4d, 0x58, 0xef, 0x59, 0x56, 0x5f, 0xd1, 0x00, 0x6e, 0x76, 0x9b, 0x00, 0x77, 0x7d, 0x7e, 0x00,
    0x7a, 0x7e, 0x7f, 0x00, 0x7e, 0x7d, 0x7f, 0x00, 0x82, 0x7c, 0x7f, 0x00, 0x84, 0x7c, 0x7f, 0x00,
    0x76, 0x76, 0x74, 0x00, 0x92, 0x7a, 0x62, 0x00, 0xcc, 0x81, 0x3e, 0xe0, 0xeb, 0x84, 0x2c, 0xff,
    0xed, 0x83, 0x2e, 0xff, 0xed, 0x82, 0x2f, 0xff, 0xeb, 0x83, 0x2e, 0xff, 0xe9, 0x85, 0x2c, 0xff,
    0xeb, 0x84, 0x2c, 0xff, 0xeb, 0x84, 0x2c, 0xff, 0xeb, 0x84, 0x2c, 0xff, 0xeb, 0x84, 0x2c, 0xff,
    0xeb, 0x84, 0x2c, 0xff, 0xeb, 0x84, 0x2c, 0xff, 0xeb, 0x84, 0x2c, 0xff, 0xeb, 0x84, 0x2c, 0xff,
    0xeb, 0x84, 0x2c, 0xff, 0xeb, 0x84, 0x2c, 0xff, 0xeb, 0x84, 0x2c, 0xff, 0xeb, 0x84, 0x2c, 0xff,
    0xeb, 0x84, 0x2c, 0xff, 0xeb, 0x84, 0x2c, 0xff, 0xeb, 0x84, 0x2c, 0xff, 0xeb, 0x84, 0x2c, 0xff,
    0xeb, 0x84, 0x2c, 0xff, 0xeb, 0x84, 0x2c, 0xff, 0xeb, 0x84, 0x2c, 0xff, 0xeb, 0x84, 0x2c, 0xff,
    0xeb, 0x84, 0x2c, 0xff, 0xeb, 0x84, 0x2c, 0xff, 0xeb, 0x84, 0x2c, 0xff, 0xe3, 0x86, 0x2c, 0xff,
    0xd2, 0x8b, 0x2c, 0xff, 0xb5, 0x9a, 0x35, 0xff, 0x87, 0xae, 0x42, 0xff, 0x6c, 0xb4, 0x44, 0xff,
    0x69, 0xb5, 0x47, 0xff, 0x67, 0xb5, 0x49, 0xff, 0x65, 0xb4, 0x4a, 0xff, 0x63, 0xb5, 0x4a, 0xff,
    0x65, 0xb5, 0x49, 0xff, 0x65, 0xb5, 0x49, 0xff, 0x65, 0xb5, 0x49, 0xff, 0x65, 0xb5, 0x49, 0xff,
    0x65, 0xb5, 0x49, 0xff, 0x65, 0xb5, 0x49, 0xff, 0x65, 0xb5, 0x49, 0xff, 0x65, 0xb5, 0x49, 0xff,
    0x63, 0xb7, 0x47, 0xff, 0x5d, 0xb5, 0x4c, 0xff, 0x53, 0xb2, 0x57, 0xff, 0x41, 0xb4, 0x7f, 0xff,
    0x37, 0xd0, 0xd5, 0xff, 0x19, 0xcc, 0xf1, 0xff, 0x0c, 0xc8, 0xf9, 0xff, 0x08, 0xc7, 0xfc, 0xff,
    0x0e, 0xc7, 0xfb, 0xff, 0x10, 0xc7, 0xf9, 0xff, 0x0c, 0xc7, 0xfb, 0xff, 0x0c, 0xc6, 0xfc, 0xff,
    0x0e, 0xc4, 0xff, 0xff, 0x10, 0xc4, 0xff, 0xff, 0x0e, 0xc5, 0xfe, 0xff, 0x0c, 0xc6, 0xfc, 0xff,
    0x0e, 0xc7, 0xfb, 0xff, 0x0e, 0xc7, 0xfb, 0xff, 0x0c, 0xc6, 0xfe, 0xff, 0x16, 0xc1, 0xff, 0xff,
    0x29, 0xb9, 0xff, 0xff, 0x2f, 0x95, 0xfb, 0xff, 0x30, 0x62, 0xe2, 0xff, 0x44, 0x5a, 0xea, 0xff,
    0x46, 0x58, 0xec, 0xff, 0x48, 0x57, 0xed, 0xff, 0x48, 0x57, 0xed, 0xff, 0x48, 0x57, 0xed, 0xff,
    0x48, 0x57, 0xed, 0xff, 0x48, 0x57, 0xed, 0xff, 0x48, 0x57, 0xed, 0xff, 0x48, 0x57, 0xed, 0xff,
    0x48, 0x58, 0xec, 0xff, 0x48, 0x58, 0xec, 0xff, 0x48, 0x58, 0xec, 0xff, 0x48, 0x58, 0xec, 0xff,
    0x48, 0x58, 0xec, 0xff, 0x48, 0x58, 0xec, 0xff, 0x48, 0x58, 0xec, 0xff, 0x4c, 0x5b, 0xe5, 0xc5,
    0x20, 0x29, 0xa5, 0x01, 0x61, 0x65, 0xbd, 0x00, 0x73, 0x77, 0x94, 0x00, 0x77, 0x7b, 0x7d, 0x00,
    0x7a, 0x7e, 0x7f, 0x00, 0x7c, 0x7d, 0x7f, 0x00, 0x80, 0x7e, 0x7c, 0x00, 0x82, 0x7f, 0x7b, 0x00,
    0x76, 0x76, 0x74, 0x00, 0x92, 0x7a, 0x62, 0x00, 0xcc, 0x81, 0x3e, 0xf5, 0xeb, 0x84, 0x2c, 0xff,
    0xed, 0x83, 0x2e, 0xff, 0xed, 0x82, 0x2f, 0xff, 0xeb, 0x83, 0x2e, 0xff, 0xe9, 0x85, 0x2c, 0xff,
    0xeb, 0x84, 0x2c, 0xff, 0xeb, 0x84, 0x2c, 0xff, 0xeb, 0x84, 0x2c, 0xff, 0xeb, 0x84, 0x2c, 0xff,
    0xeb, 0x84, 0x2c, 0xff, 0xeb, 0x84, 0x2c, 0xff, 0xeb, 0x84, 0x2c, 0xff, 0xeb, 0x84, 0x2c, 0xff,
    0xeb, 0x84, 0x2c, 0xff, 0xeb, 0x84, 0x2c, 0xff, 0xeb, 0x84, 0x2c, 0xff, 0xeb, 0x84, 0x2c, 0xff,
    0xeb, 0x84, 0x2c, 0xff, 0xeb, 0x84, 0x2c, 0xff, 0xeb, 0x84, 0x2c, 0xff, 0xeb, 0x84, 0x2c, 0xff,
    0xeb, 0x84, 0x2c, 0xff, 0xeb, 0x84, 0x2c, 0xff, 0xeb, 0x84, 0x2c, 0xff, 0xeb, 0x84, 0x2c, 0xff,
    0xeb, 0x84, 0x2c, 0xff, 0xeb, 0x84, 0x2c, 0xff, 0xeb, 0x84, 0x2c, 0xff, 0xd8, 0x88, 0x2c, 0xff,
    0xb8, 0x92, 0x2d, 0xff, 0xa3, 0xa7, 0x3e, 0xff, 0x81, 0xb4, 0x45, 0xff, 0x6b, 0xb6, 0x46, 0xff,
    0x69, 0xb5, 0x47, 0xff, 0x67, 0xb5, 0x49, 0xff, 0x63, 0xb5, 0x4a, 0xff, 0x61, 0xb5, 0x4a, 0xff,
    0x63, 0xb6, 0x49, 0xff, 0x65, 0xb5, 0x49, 0xff, 0x65, 0xb5, 0x49, 0xff, 0x65, 0xb5, 0x49, 0xff,
    0x65, 0xb5, 0x49, 0xff, 0x65, 0xb5, 0x49, 0xff, 0x65, 0xb5, 0x49, 0xff, 0x65, 0xb6, 0x47, 0xff,
    0x65, 0xb8, 0x44, 0xff, 0x59, 0xb4, 0x4f, 0xff, 0x3f, 0xac, 0x69, 0xff, 0x42, 0xc8, 0xae, 0xff,
    0x29, 0xcf, 0xe4, 0xff, 0x10, 0xc8, 0xf8, 0xff, 0x08, 0xc8, 0xfb, 0xff, 0x08, 0xc8, 0xfb, 0xff,
    0x0e, 0xc8, 0xf9, 0xff, 0x10, 0xc7, 0xf9, 0xff, 0x0c, 0xc7, 0xfb, 0xff, 0x0c, 0xc6, 0xfc, 0xff,
    0x0e, 0xc4, 0xff, 0xff, 0x10, 0xc4, 0xff, 0xff, 0x0e, 0xc5, 0xfe, 0xff, 0x0c, 0xc7, 0xfb, 0xff,
    0x0c, 0xc8, 0xf9, 0xff, 0x0c, 0xc8, 0xf9, 0xff, 0x0c, 0xc6, 0xfe, 0xff, 0x1c, 0xbe, 0xff, 0xff,
    0x31, 0xa8, 0xff, 0xff, 0x24, 0x6f, 0xe7, 0xff, 0x3f, 0x5e, 0xe8, 0xff, 0x4a, 0x56, 0xe8, 0xff,
    0x4a, 0x58, 0xec, 0xff, 0x48, 0x57, 0xed, 0xff, 0x48, 0x57, 0xed, 0xff, 0x48, 0x57, 0xed, 0xff,
    0x48, 0x57, 0xed, 0xff, 0x48, 0x57, 0xed, 0xff, 0x48, 0x57, 0xed, 0xff, 0x48, 0x57, 0xed, 0xff,
    0x48, 0x58, 0xec, 0xff, 0x48, 0x58, 0xec, 0xff, 0x48, 0x58, 0xec, 0xff, 0x48, 0x58, 0xec, 0xff,
    0x48, 0x58, 0xec, 0xff, 0x48, 0x58, 0xec, 0xff, 0x48, 0x58, 0xec, 0xfd, 0x54, 0x60, 0xd9, 0x36,
    0x68, 0x68, 0xac, 0x00, 0x7c, 0x76, 0x95, 0x00, 0x7b, 0x78, 0x82, 0x00, 0x7c, 0x79, 0x7c, 0x00,
    0x7c, 0x7c, 0x83, 0x00, 0x7a, 0x7d, 0x81, 0x00, 0x7a, 0x81, 0x79, 0x00, 0x7c, 0x82, 0x76, 0x00,
    0x76, 0x76, 0x74, 0x00, 0x92, 0x7a, 0x62, 0x00, 0xcc, 0x81, 0x3e, 0xfd, 0xeb, 0x84, 0x2c, 0xff,
    0xed, 0x83, 0x2e, 0xff, 0xed, 0x82, 0x2f, 0xff, 0xeb, 0x83, 0x2e, 0xff, 0xe9, 0x85, 0x2c, 0xff,
    0xeb, 0x84, 0x2c, 0xff, 0xeb, 0x84, 0x2c, 0xff, 0xeb, 0x84, 0x2c, 0xff, 0xeb, 0x84, 0x2c, 0xff,
    0xeb, 0x84, 0x2c, 0xff, 0xeb, 0x84, 0x2c, 0xff, 0xeb, 0x84, 0x2c, 0xff, 0xeb, 0x84, 0x2c, 0xff,
    0xeb, 0x84, 0x2c, 0xff, 0xeb, 0x84, 0x2c, 0xff, 0xeb, 0x84, 0x2c, 0xff, 0xeb, 0x84, 0x2c, 0xff,
    0xeb, 0x84, 0x2c, 0xff, 0xeb, 0x84, 0x2c, 0xff, 0xeb, 0x84, 0x2c, 0xff, 0xeb, 0x84, 0x2c, 0xff,
    0xeb, 0x84, 0x2c, 0xff, 0xeb, 0x84, 0x2c, 0xff, 0xed, 0x84, 0x2c, 0xff, 0xeb, 0x84, 0x2c, 0xff,
    0xeb, 0x84, 0x2c, 0xff, 0xe9, 0x85, 0x2c, 0xff, 0xe7, 0x85, 0x2c, 0xff, 0xcc, 0x8a, 0x2c, 0xff,
    0xa2, 0x99, 0x32, 0xff, 0x8e, 0xb1, 0x42, 0xff, 0x74, 0xb3, 0x43, 0xff, 0x6c, 0xb8, 0x48, 0xff,
    0x69, 0xb5, 0x47, 0xff, 0x67, 0xb6, 0x47, 0xff, 0x63, 0xb6, 0x49, 0xff, 0x61, 0xb6, 0x49, 0xff,
    0x65, 0xb6, 0x47, 0xff, 0x65, 0xb6, 0x47, 0xff, 0x65, 0xb5, 0x49, 0xff, 0x65, 0xb5, 0x49, 0xff,
    0x65, 0xb6, 0x47, 0xff, 0x65, 0xb5, 0x49, 0xff, 0x63, 0xb6, 0x49, 0xff, 0x61, 0xb6, 0x49, 0xff,
    0x61, 0xb7, 0x47, 0xff, 0x4d, 0xb2, 0x59, 0xff, 0x35, 0xb2, 0x89, 0xff, 0x3b, 0xd0, 0xd3, 0xff,
    0x1e, 0xc9, 0xf0, 0xff, 0x0c, 0xc6, 0xfc, 0xff, 0x0a, 0xc8, 0xfb, 0xff, 0x0a, 0xc8, 0xf9, 0xff,
    0x10, 0xc7, 0xf9, 0xff, 0x10, 0xc7, 0xf9, 0xff, 0x0c, 0xc7, 0xfb, 0xff, 0x0c, 0xc6, 0xfc, 0xff,
    0x0e, 0xc4, 0xff, 0xff, 0x10, 0xc4, 0xff, 0xff, 0x0e, 0xc5, 0xfe, 0xff, 0x0c, 0xc7, 0xfb, 0xff,
    0x0e, 0xc8, 0xf9, 0xff, 0x10, 0xc6, 0xfb, 0xff, 0x12, 0xc4, 0xfe, 0xff, 0x26, 0xbb, 0xff, 0xff,
    0x27, 0x84, 0xf7, 0xff, 0x2f, 0x64, 0xea, 0xff, 0x45, 0x5b, 0xeb, 0xff, 0x4e, 0x57, 0xec, 0xff,
    0x4a, 0x57, 0xed, 0xff, 0x48, 0x57, 0xed, 0xff, 0x48, 0x57, 0xed, 0xff, 0x48, 0x57, 0xed, 0xff,
    0x48, 0x57, 0xed, 0xff, 0x48, 0x57, 0xed, 0xff, 0x48, 0x57, 0xed, 0xff, 0x48, 0x57, 0xed, 0xff,
    0x48, 0x57, 0xed, 0xff, 0x48, 0x57, 0xed, 0xff, 0x48, 0x57, 0xed, 0xff, 0x48, 0x57, 0xed, 0xff,
    0x48, 0x57, 0xed, 0xff, 0x48, 0x57, 0xed, 0xff, 0x48, 0x57, 0xed, 0x9d, 0x57, 0x61, 0xd1, 0x00,
    0x75, 0x73, 0x9a, 0x00, 0x85, 0x7e, 0x7f, 0x00, 0x83, 0x7b, 0x7d, 0x00, 0x83, 0x7e, 0x7f, 0x00,
    0x7f, 0x7c, 0x84, 0x00, 0x7c, 0x7d, 0x81, 0x00, 0x7a, 0x81, 0x79, 0x00, 0x7a, 0x83, 0x76, 0x00,
    0x76, 0x76, 0x74, 0x00, 0x92, 0x7a, 0x62, 0x00, 0xcc, 0x81, 0x3e, 0xf8, 0xeb, 0x84, 0x2c, 0xff,
    0xed, 0x83, 0x2e, 0xff, 0xed, 0x82, 0x2f, 0xff, 0xeb, 0x83, 0x2e, 0xff, 0xe9, 0x85, 0x2c, 0xff,
    0xeb, 0x84, 0x2c, 0xff, 0xeb, 0x84, 0x2c, 0xff, 0xeb, 0x84, 0x2c, 0xff, 0xeb, 0x84, 0x2c, 0xff,
    0xeb, 0x84, 0x2c, 0xff, 0xeb, 0x84, 0x2c, 0xff, 0xeb, 0x84, 0x2c, 0xff, 0xeb, 0x84, 0x2c, 0xff,
    0xeb, 0x84, 0x2c, 0xff, 0xeb, 0x84, 0x2c, 0xff, 0xeb, 0x84, 0x2c, 0xff, 0xeb, 0x84, 0x2c, 0xff,
    0xeb, 0x84, 0x2c, 0xff, 0xeb, 0x84, 0x2c, 0xff, 0xeb, 0x84, 0x2c, 0xff, 0xeb, 0x84, 0x2c, 0xff,
    0xed, 0x83, 0x2e, 0xff, 0xed, 0x83, 0x2e, 0xff, 0xef, 0x83, 0x2e, 0xff, 0xed, 0x83, 0x2e, 0xff,
    0xeb, 0x86, 0x30, 0xff, 0xe2, 0x82, 0x2b, 0xff, 0xe0, 0x87, 0x2f, 0xff, 0xbf, 0x8d, 0x2f, 0xff,
    0x96, 0xae, 0x46, 0xff, 0x74, 0xb4, 0x46, 0xff, 0x6b, 0xb6, 0x46, 0xff, 0x67, 0xb6, 0x47, 0xff,
    0x67, 0xb6, 0x47, 0xff, 0x65, 0xb6, 0x47, 0xff, 0x65, 0xb6, 0x47, 0xff, 0x65, 0xb6, 0x47, 0xff,
    0x67, 0xb7, 0x44, 0xff, 0x67, 0xb7, 0x44, 0xff, 0x65, 0xb6, 0x47, 0xff, 0x65, 0xb6, 0x47, 0xff,
    0x67, 0xb7, 0x46, 0xff, 0x65, 0xb6, 0x47, 0xff, 0x5f, 0xb6, 0x4a, 0xff, 0x5b, 0xb5, 0x4d, 0xff,
    0x54, 0xb3, 0x50, 0xff, 0x38, 0xaa, 0x65, 0xff, 0x35, 0xc7, 0xc1, 0xff, 0x24, 0xca, 0xec, 0xff,
    0x16, 0xc4, 0xfc, 0xff, 0x10, 0xc4, 0xff, 0xff, 0x10, 0xc7, 0xf9, 0xff, 0x10, 0xc8, 0xf8, 0xff,
    0x12, 0xc7, 0xf9, 0xff, 0x10, 0xc7, 0xf9, 0xff, 0x0c, 0xc7, 0xfb, 0xff, 0x0c, 0xc6, 0xfc, 0xff,
    0x0e, 0xc4, 0xff, 0xff, 0x10, 0xc4, 0xff, 0xff, 0x0e, 0xc5, 0xfe, 0xff, 0x0e, 0xc6, 0xfc, 0xff,
    0x12, 0xc7, 0xff, 0xff, 0x15, 0xc2, 0xfe, 0xff, 0x18, 0xbe, 0xfc, 0xff, 0x28, 0xa8, 0xfe, 0xff,
    0x25, 0x65, 0xe3, 0xff, 0x3f, 0x5a, 0xef, 0xff, 0x47, 0x58, 0xf0, 0xff, 0x4b, 0x57, 0xf0, 0xff,
    0x4a, 0x57, 0xed, 0xff, 0x4a, 0x57, 0xed, 0xff, 0x4a, 0x57, 0xed, 0xff, 0x4a, 0x57, 0xed, 0xff,
    0x4a, 0x57, 0xed, 0xff, 0x4a, 0x57, 0xed, 0xff, 0x48, 0x56, 0xef, 0xff, 0x48, 0x56, 0xef, 0xff,
    0x46, 0x57, 0xef, 0xff, 0x46, 0x56, 0xf1, 0xff, 0x48, 0x56, 0xf1, 0xff, 0x48, 0x56, 0xf1, 0xff,
    0x4a, 0x55, 0xf1, 0xff, 0x4a, 0x56, 0xef, 0xf2, 0x48, 0x56, 0xef, 0x18, 0x56, 0x62, 0xd4, 0x00,
    0x00, 0x00, 0x1b, 0x00, 0x04, 0x00, 0x00, 0x00, 0x04, 0x00, 0x00, 0x00, 0x02, 0x00, 0x00, 0x00,
    0x02, 0x00, 0x02, 0x00, 0x00, 0x00, 0x02, 0x00, 0x00, 0x01, 0x00, 0x00, 0x00, 0x02, 0x00, 0x00,
    0x76, 0x76, 0x74, 0x00, 0x92, 0x7a, 0x62, 0x00, 0xcc, 0x81, 0x3e, 0xe7, 0xeb, 0x84, 0x2c, 0xff,
    0xed, 0x83, 0x2e, 0xff, 0xed, 0x82, 0x2f, 0xff, 0xeb, 0x83, 0x2e, 0xff, 0xe9, 0x85, 0x2c, 0xff,
    0xeb, 0x84, 0x2c, 0xff, 0xeb, 0x84, 0x2c, 0xff, 0xeb, 0x84, 0x2c, 0xff, 0xeb, 0x84, 0x2c, 0xff,
    0xeb, 0x84, 0x2c, 0xff, 0xeb, 0x84, 0x2c, 0xff, 0xeb, 0x84, 0x2c, 0xff, 0xeb, 0x84, 0x2c, 0xff,
    0xeb, 0x84, 0x2c, 0xff, 0xeb, 0x84, 0x2c, 0xff, 0xeb, 0x84, 0x2c, 0xff, 0xeb, 0x84, 0x2c, 0xff,
    0xeb, 0x84, 0x2c, 0xff, 0xeb, 0x84, 0x2c, 0xff, 0xeb, 0x84, 0x2c, 0xff, 0xeb, 0x84, 0x2c, 0xff,
    0xed, 0x83, 0x2e, 0xff, 0xed, 0x83, 0x2e, 0xff, 0xef, 0x83, 0x2e, 0xff, 0xed, 0x83, 0x2e, 0xff,
    0xea, 0x85, 0x2f, 0xff, 0xdd, 0x85, 0x2d, 0xff, 0xcb, 0x88, 0x2d, 0xff, 0xb2, 0x9c, 0x3b, 0xff,
    0x82, 0xb1, 0x47, 0xff, 0x65, 0xb6, 0x47, 0xff, 0x65, 0xb6, 0x47, 0xff, 0x65, 0xb6, 0x47, 0xff,
    0x65, 0xb6, 0x47, 0xff, 0x65, 0xb6, 0x47, 0xff, 0x65, 0xb6, 0x47, 0xff, 0x65, 0xb7, 0x46, 0xff,
    0x67, 0xb7, 0x44, 0xff, 0x67, 0xb7, 0x44, 0xff, 0x67, 0xb7, 0x46, 0xff, 0x67, 0xb6, 0x47, 0xff,
    0x67, 0xb7, 0x46, 0xff, 0x65, 0xb6, 0x47, 0xff, 0x61, 0xb5, 0x4a, 0xff, 0x55, 0xb4, 0x52, 0xff,
    0x43, 0xb1, 0x5f, 0xff, 0x37, 0xba, 0x8e, 0xff, 0x2e, 0xcc, 0xdd, 0xff, 0x16, 0xc3, 0xf7, 0xff,
    0x12, 0xc3, 0xff, 0xff, 0x10, 0xc3, 0xff, 0xff, 0x12, 0xc7, 0xf9, 0xff, 0x12, 0xc8, 0xf8, 0xff,
    0x12, 0xc7, 0xf9, 0xff, 0x10, 0xc7, 0xf9, 0xff, 0x0c, 0xc7, 0xfb, 0xff, 0x0c, 0xc6, 0xfc, 0xff,
    0x0e, 0xc4, 0xff, 0xff, 0x10, 0xc4, 0xff, 0xff, 0x0e, 0xc5, 0xfe, 0xff, 0x0e, 0xc5, 0xfe, 0xff,
    0x0d, 0xc2, 0xfd, 0xff, 0x19, 0xbf, 0xff, 0xff, 0x2d, 0xb9, 0xff, 0xff, 0x20, 0x85, 0xe9, 0xff,
    0x35, 0x60, 0xe8, 0xff, 0x47, 0x57, 0xf2, 0xff, 0x47, 0x57, 0xf2, 0xff, 0x49, 0x58, 0xf0, 0xff,
    0x4a, 0x57, 0xed, 0xff, 0x4a, 0x57, 0xed, 0xff, 0x4a, 0x57, 0xed, 0xff, 0x4a, 0x57, 0xed, 0xff,
    0x4a, 0x57, 0xed, 0xff, 0x4a, 0x57, 0xed, 0xff, 0x48, 0x56, 0xef, 0xff, 0x48, 0x56, 0xef, 0xff,
    0x48, 0x57, 0xed, 0xff, 0x46, 0x57, 0xef, 0xff, 0x46, 0x56, 0xf1, 0xff, 0x48, 0x55, 0xf2, 0xff,
    0x4c, 0x55, 0xf1, 0xff, 0x4e, 0x59, 0xe9, 0x77, 0x52, 0x5e, 0xdc, 0x00, 0x60, 0x69, 0xc1, 0x00,
    0x00, 0x00, 0x15, 0x00, 0x02, 0x00, 0x00, 0x00, 0x02, 0x00, 0x00, 0x00, 0x02, 0x00, 0x00, 0x00,
    0x02, 0x00, 0x00, 0x00, 0x02, 0x00, 0x00, 0x00, 0x02, 0x00, 0x00, 0x00, 0x02, 0x00, 0x00, 0x00,
    0x76, 0x76, 0x74, 0x00, 0x92, 0x7a, 0x62, 0x00, 0xcc, 0x81, 0x3e, 0xc9, 0xeb, 0x84, 0x2c, 0xff,
    0xed, 0x83, 0x2e, 0xff, 0xed, 0x82, 0x2f, 0xff, 0xeb, 0x83, 0x2e, 0xff, 0xe9, 0x85, 0x2c, 0xff,
    0xeb, 0x84, 0x2c, 0xff, 0xeb, 0x84, 0x2c, 0xff, 0xeb, 0x84, 0x2c, 0xff, 0xeb, 0x84, 0x2c, 0xff,
    0xeb, 0x84, 0x2c, 0xff, 0xeb, 0x84, 0x2c, 0xff, 0xeb, 0x84, 0x2c, 0xff, 0xeb, 0x84, 0x2c, 0xff,
    0xeb, 0x84, 0x2c, 0xff, 0xeb, 0x84, 0x2c, 0xff, 0xeb, 0x84, 0x2c, 0xff, 0xeb, 0x84, 0x2c, 0xff,
    0xeb, 0x84, 0x2c, 0xff, 0xeb, 0x84, 0x2c, 0xff, 0xeb, 0x84, 0x2c, 0xff, 0xeb, 0x84, 0x2c, 0xff,
    0xeb, 0x83, 0x2e, 0xff, 0xeb, 0x83, 0x2e, 0xff, 0xed, 0x83, 0x2e, 0xff, 0xed, 0x83, 0x2e, 0xff,
    0xeb, 0x82, 0x2d, 0xff, 0xd5, 0x86, 0x2d, 0xff, 0xb2, 0x93, 0x31, 0xff, 0x9a, 0xaa, 0x43, 0xff,
    0x78, 0xb3, 0x47, 0xff, 0x65, 0xb6, 0x47, 0xff, 0x65, 0xb6, 0x47, 0xff, 0x65, 0xb6, 0x47, 0xff,
    0x65, 0xb6, 0x47, 0xff, 0x65, 0xb6, 0x47, 0xff, 0x65, 0xb6, 0x47, 0xff, 0x65, 0xb6, 0x47, 0xff,
    0x63, 0xb7, 0x47, 0xff, 0x65, 0xb6, 0x47, 0xff, 0x67, 0xb6, 0x47, 0xff, 0x67, 0xb6, 0x47, 0xff,
    0x67, 0xb6, 0x47, 0xff, 0x65, 0xb6, 0x47, 0xff, 0x67, 0xb6, 0x47, 0xff, 0x53, 0xb2, 0x55, 0xff,
    0x30, 0xae, 0x77, 0xff, 0x3c, 0xd2, 0xc5, 0xff, 0x22, 0xc9, 0xe7, 0xff, 0x15, 0xc7, 0xfc, 0xff,
    0x12, 0xc4, 0xff, 0xff, 0x10, 0xc4, 0xff, 0xff, 0x0e, 0xc7, 0xfb, 0xff, 0x10, 0xc7, 0xf9, 0xff,
    0x12, 0xc7, 0xf9, 0xff, 0x10, 0xc7, 0xf9, 0xff, 0x0c, 0xc7, 0xfb, 0xff, 0x0c, 0xc6, 0xfc, 0xff,
    0x0e, 0xc4, 0xff, 0xff, 0x10, 0xc4, 0xff, 0xff, 0x0e, 0xc5, 0xfe, 0xff, 0x0c, 0xc6, 0xfe, 0xff,
    0x0d, 0xc6, 0xff, 0xff, 0x1f, 0xbc, 0xff, 0xff, 0x2d, 0x99, 0xfb, 0xff, 0x28, 0x68, 0xe1, 0xff,
    0x3d, 0x5d, 0xea, 0xff, 0x49, 0x58, 0xf0, 0xff, 0x47, 0x58, 0xf0, 0xff, 0x49, 0x58, 0xef, 0xff,
    0x4a, 0x57, 0xed, 0xff, 0x4a, 0x57, 0xed, 0xff, 0x4a, 0x57, 0xed, 0xff, 0x4a, 0x57, 0xed, 0xff,
    0x4a, 0x57, 0xed, 0xff, 0x4a, 0x57, 0xed, 0xff, 0x4a, 0x57, 0xed, 0xff, 0x4a, 0x58, 0xec, 0xff,
    0x4c, 0x58, 0xea, 0xff, 0x4a, 0x59, 0xea, 0xff, 0x46, 0x58, 0xed, 0xff, 0x48, 0x56, 0xef, 0xff,
    0x4c, 0x57, 0xed, 0xdb, 0x56, 0x5e, 0xda, 0x07, 0x6a, 0x6e, 0xb4, 0x00, 0x78, 0x79, 0x99, 0x00,
    0x00, 0x00, 0x08, 0x00, 0x02, 0x00, 0x00, 0x00, 0x02, 0x00, 0x00, 0x00, 0x02, 0x00, 0x00, 0x00,
    0x02, 0x00, 0x00, 0x00, 0x02, 0x00, 0x00, 0x00, 0x02, 0x00, 0x00, 0x00, 0x02, 0x00, 0x00, 0x00,
    0x76, 0x76, 0x74, 0x00, 0x92, 0x7a, 0x62, 0x00, 0xcc, 0x81, 0x3e, 0xa0, 0xeb, 0x84, 0x2c, 0xff,
    0xed, 0x83, 0x2e, 0xff, 0xed, 0x82, 0x2f, 0xff, 0xeb, 0x83, 0x2e, 0xff, 0xe9, 0x85, 0x2c, 0xff,
    0xeb, 0x84, 0x2c, 0xff, 0xeb, 0x84, 0x2c, 0xff, 0xeb, 0x84, 0x2c, 0xff, 0xeb, 0x84, 0x2c, 0xff,
    0xeb, 0x84, 0x2c, 0xff, 0xeb, 0x84, 0x2c, 0xff, 0xeb, 0x84, 0x2c, 0xff, 0xeb, 0x84, 0x2c, 0xff,
    0xeb, 0x84, 0x2c, 0xff, 0xeb, 0x84, 0x2c, 0xff, 0xeb, 0x84, 0x2c, 0xff, 0xeb, 0x84, 0x2c, 0xff,
    0xeb, 0x84, 0x2c, 0xff, 0xeb, 0x84, 0x2c, 0xff, 0xeb, 0x84, 0x2c, 0xff, 0xeb, 0x84, 0x2c, 0xff,
    0xeb, 0x83, 0x2e, 0xff, 0xeb, 0x83, 0x2e, 0xff, 0xeb, 0x83, 0x2e, 0xff, 0xe9, 0x84, 0x2e, 0xff,
    0xe0, 0x80, 0x29, 0xff, 0xc5, 0x89, 0x2d, 0xff, 0x9e, 0xa3, 0x3c, 0xff, 0x82, 0xb1, 0x46, 0xff,
    0x6f, 0xb4, 0x47, 0xff, 0x65, 0xb6, 0x47, 0xff, 0x65, 0xb6, 0x47, 0xff, 0x65, 0xb6, 0x47, 0xff,
    0x65, 0xb6, 0x47, 0xff, 0x65, 0xb6, 0x47, 0xff, 0x65, 0xb6, 0x47, 0xff, 0x65, 0xb5, 0x49, 0xff,
    0x63, 0xb5, 0x4a, 0xff, 0x63, 0xb5, 0x4a, 0xff, 0x67, 0xb5, 0x49, 0xff, 0x67, 0xb5, 0x49, 0xff,
    0x65, 0xb5, 0x49, 0xff, 0x63, 0xb5, 0x4a, 0xff, 0x63, 0xb4, 0x4c, 0xff, 0x49, 0xaf, 0x61, 0xff,
    0x30, 0xbd, 0xa4, 0xff, 0x28, 0xce, 0xdc, 0xff, 0x19, 0xcb, 0xf2, 0xff, 0x11, 0xc7, 0xfe, 0xff,
    0x10, 0xc5, 0xfe, 0xff, 0x10, 0xc5, 0xfe, 0xff, 0x0c, 0xc6, 0xfc, 0xff, 0x0c, 0xc7, 0xfb, 0xff,
    0x10, 0xc7, 0xf9, 0xff, 0x10, 0xc7, 0xf9, 0xff, 0x0c, 0xc7, 0xfb, 0xff, 0x0c, 0xc6, 0xfc, 0xff,
    0x0e, 0xc4, 0xff, 0xff, 0x10, 0xc4, 0xff, 0xff, 0x0e, 0xc5, 0xfe, 0xff, 0x0e, 0xc5, 0xfe, 0xff,
    0x10, 0xbe, 0xff, 0xff, 0x2e, 0xba, 0xff, 0xff, 0x24, 0x70, 0xe6, 0xff, 0x37, 0x5b, 0xe5, 0xff,
    0x45, 0x5a, 0xed, 0xff, 0x49, 0x58, 0xef, 0xff, 0x47, 0x59, 0xef, 0xff, 0x47, 0x59, 0xef, 0xff,
    0x48, 0x57, 0xed, 0xff, 0x4a, 0x57, 0xed, 0xff, 0x4a, 0x57, 0xed, 0xff, 0x4a, 0x57, 0xed, 0xff,
    0x4a, 0x57, 0xed, 0xff, 0x4a, 0x57, 0xed, 0xff, 0x4a, 0x57, 0xed, 0xff, 0x4a, 0x58, 0xec, 0xff,
    0x4c, 0x59, 0xe9, 0xff, 0x4a, 0x59, 0xea, 0xff, 0x46, 0x58, 0xed, 0xff, 0x48, 0x5b, 0xe7, 0xff,
    0x54, 0x60, 0xd9, 0x4f, 0x64, 0x69, 0xbf, 0x00, 0x78, 0x7a, 0x97, 0x00, 0x82, 0x82, 0x82, 0x00,
    0x02, 0x00, 0x00, 0x00, 0x02, 0x00, 0x00, 0x00, 0x02, 0x00, 0x00, 0x00, 0x02, 0x00, 0x00, 0x00,
    0x02, 0x00, 0x00, 0x00, 0x02, 0x00, 0x00, 0x00, 0x02, 0x00, 0x00, 0x00, 0x02, 0x00, 0x00, 0x00,
    0x76, 0x76, 0x74, 0x00, 0x92, 0x7a, 0x62, 0x00, 0xcc, 0x81, 0x3e, 0x67, 0xeb, 0x84, 0x2c, 0xff,
    0xed, 0x83, 0x2e, 0xff, 0xed, 0x82, 0x2f, 0xff, 0xeb, 0x83, 0x2e, 0xff, 0xe9, 0x85, 0x2c, 0xff,
    0xeb, 0x84, 0x2c, 0xff, 0xeb, 0x84, 0x2c, 0xff, 0xeb, 0x84, 0x2c, 0xff, 0xeb, 0x84, 0x2c, 0xff,
    0xeb, 0x84, 0x2c, 0xff, 0xeb, 0x84, 0x2c, 0xff, 0xeb, 0x84, 0x2c, 0xff, 0xeb, 0x84, 0x2c, 0xff,
    0xeb, 0x84, 0x2c, 0xff, 0xeb, 0x84, 0x2c, 0xff, 0xeb, 0x84, 0x2c, 0xff, 0xeb, 0x84, 0x2c, 0xff,
    0xeb, 0x84, 0x2c, 0xff, 0xeb, 0x84, 0x2c, 0xff, 0xeb, 0x84, 0x2c, 0xff, 0xeb, 0x84, 0x2c, 0xff,
    0xeb, 0x83, 0x2e, 0xff, 0xeb, 0x83, 0x2e, 0xff, 0xe9, 0x84, 0x2e, 0xff, 0xe1, 0x85, 0x2e, 0xff,
    0xd2, 0x8a, 0x2f, 0xff, 0xb3, 0x97, 0x35, 0xff, 0x8e, 0xb3, 0x46, 0xff, 0x6c, 0xb4, 0x44, 0xff,
    0x67, 0xb6, 0x47, 0xff, 0x65, 0xb6, 0x47, 0xff, 0x65, 0xb6, 0x47, 0xff, 0x65, 0xb6, 0x47, 0xff,
    0x65, 0xb6, 0x47, 0xff, 0x65, 0xb6, 0x47, 0xff, 0x65, 0xb6, 0x47, 0xff, 0x65, 0xb5, 0x49, 0xff,
    0x65, 0xb4, 0x4c, 0xff, 0x65, 0xb4, 0x4c, 0xff, 0x67, 0xb5, 0x49, 0xff, 0x67, 0xb5, 0x49, 0xff,
    0x65, 0xb4, 0x4c, 0xff, 0x61, 0xb4, 0x52, 0xff, 0x54, 0xb1, 0x5b, 0xff, 0x3d, 0xb1, 0x7c, 0xff,
    0x35, 0xd1, 0xd5, 0xff, 0x17, 0xc9, 0xf0, 0xff, 0x0f, 0xc6, 0xf8, 0xff, 0x0c, 0xc6, 0xfe, 0xff,
    0x0e, 0xc5, 0xfe, 0xff, 0x0e, 0xc6, 0xfc, 0xff, 0x0a, 0xc7, 0xfc, 0xff, 0x0c, 0xc7, 0xfb, 0xff,
    0x10, 0xc7, 0xf9, 0xff, 0x10, 0xc7, 0xf9, 0xff, 0x0c, 0xc7, 0xfb, 0xff, 0x0c, 0xc6, 0xfc, 0xff,
    0x14, 0xca, 0xff, 0xff, 0x10, 0xc4, 0xff, 0xff, 0x0e, 0xc5, 0xfe, 0xff, 0x17, 0xc6, 0xff, 0xff,
    0x25, 0xbc, 0xff, 0xff, 0x27, 0x95, 0xfa, 0xff, 0x32, 0x60, 0xe5, 0xff, 0x49, 0x58, 0xef, 0xff,
    0x4a, 0x57, 0xed, 0xff, 0x48, 0x58, 0xec, 0xff, 0x44, 0x59, 0xec, 0xff, 0x44, 0x59, 0xec, 0xff,
    0x48, 0x57, 0xed, 0xff, 0x48, 0x57, 0xed, 0xff, 0x48, 0x57, 0xed, 0xff, 0x48, 0x57, 0xed, 0xff,
    0x48, 0x57, 0xed, 0xff, 0x48, 0x57, 0xed, 0xff, 0x48, 0x57, 0xed, 0xff, 0x48, 0x57, 0xed, 0xff,
    0x4a, 0x57, 0xed, 0xff, 0x48, 0x57, 0xed, 0xff, 0x42, 0x57, 0xf1, 0xff, 0x4c, 0x5f, 0xdc, 0xbd,
    0x65, 0x6e, 0xb3, 0x00, 0x77, 0x79, 0x96, 0x00, 0x7f, 0x7f, 0x86, 0x00, 0x83, 0x82, 0x7e, 0x00,
    0x02, 0x00, 0x00, 0x00, 0x02, 0x00, 0x00, 0x00, 0x02, 0x00, 0x00, 0x00, 0x02, 0x00, 0x00, 0x00,
    0x02, 0x00, 0x00, 0x00, 0x02, 0x00, 0x00, 0x00, 0x02, 0x00, 0x00, 0x00, 0x02, 0x00, 0x00, 0x00,
    0x76, 0x76, 0x74, 0x00, 0x92, 0x7b, 0x61, 0x00, 0xcc, 0x82, 0x3c, 0x20, 0xeb, 0x84, 0x2c, 0xff,
    0xed, 0x83, 0x2e, 0xff, 0xed, 0x82, 0x2f, 0xff, 0xeb, 0x83, 0x2e, 0xff, 0xe9, 0x85, 0x2c, 0xff,
    0xeb, 0x84, 0x2c, 0xff, 0xeb, 0x84, 0x2c, 0xff, 0xeb, 0x84, 0x2c, 0xff, 0xeb, 0x84, 0x2c, 0xff,
    0xeb, 0x84, 0x2c, 0xff, 0xeb, 0x84, 0x2c, 0xff, 0xeb, 0x84, 0x2c, 0xff, 0xeb, 0x84, 0x2c, 0xff,
    0xeb, 0x84, 0x2c, 0xff, 0xeb, 0x84, 0x2c, 0xff, 0xeb, 0x84, 0x2c, 0xff, 0xeb, 0x84, 0x2c, 0xff,
    0xeb, 0x84, 0x2c, 0xff, 0xeb, 0x84, 0x2c, 0xff, 0xeb, 0x84, 0x2c, 0xff, 0xeb, 0x84, 0x2c, 0xff,
    0xeb, 0x83, 0x2e, 0xff, 0xe9, 0x84, 0x2e, 0xff, 0xe7, 0x84, 0x2e, 0xff, 0xd6, 0x87, 0x2e, 0xff,
    0xb6, 0x8e, 0x2e, 0xff, 0xa1, 0xa7, 0x3f, 0xff, 0x7b, 0xb5, 0x45, 0xff, 0x62, 0xb6, 0x44, 0xff,
    0x65, 0xb6, 0x47, 0xff, 0x65, 0xb6, 0x47, 0xff, 0x65, 0xb6, 0x47, 0xff, 0x65, 0xb6, 0x47, 0xff,
    0x65, 0xb6, 0x47, 0xff, 0x65, 0xb6, 0x47, 0xff, 0x65, 0xb6, 0x47, 0xff, 0x65, 0xb5, 0x49, 0xff,
    0x67, 0xb4, 0x4a, 0xff, 0x67, 0xb3, 0x4c, 0xff, 0x69, 0xb4, 0x4a, 0xff, 0x67, 0xb4, 0x4a, 0xff,
    0x64, 0xb2, 0x4c, 0xff, 0x58, 0xb1, 0x5a, 0xff, 0x40, 0xac, 0x6d, 0xff, 0x40, 0xc5, 0xad, 0xff,
    0x25, 0xcb, 0xe6, 0xff, 0x0d, 0xc5, 0xfb, 0xff, 0x0b, 0xc5, 0xfb, 0xff, 0x09, 0xc5, 0xfd, 0xff,
    0x0c, 0xc6, 0xfc, 0xff, 0x0c, 0xc6, 0xfc, 0xff, 0x0a, 0xc8, 0xfb, 0xff, 0x0c, 0xc7, 0xfb, 0xff,
    0x10, 0xc7, 0xf9, 0xff, 0x10, 0xc7, 0xf9, 0xff, 0x0c, 0xc7, 0xfb, 0xff, 0x0c, 0xc6, 0xfc, 0xff,
    0x0e, 0xc4, 0xff, 0xff, 0x0f, 0xc3, 0xfe, 0xff, 0x0f, 0xc6, 0xff, 0xff, 0x1f, 0xc4, 0xff, 0xff,
    0x33, 0xac, 0xff, 0xff, 0x21, 0x6a, 0xe2, 0xff, 0x3e, 0x5b, 0xea, 0xff, 0x50, 0x58, 0xf1, 0xff,
    0x4c, 0x57, 0xed, 0xff, 0x48, 0x58, 0xec, 0xff, 0x44, 0x59, 0xec, 0xff, 0x44, 0x59, 0xec, 0xff,
    0x46, 0x58, 0xed, 0xff, 0x48, 0x57, 0xed, 0xff, 0x48, 0x57, 0xed, 0xff, 0x48, 0x57, 0xed, 0xff,
    0x48, 0x57, 0xed, 0xff, 0x48, 0x57, 0xed, 0xff, 0x48, 0x57, 0xed, 0xff, 0x48, 0x57, 0xed, 0xff,
    0x48, 0x56, 0xef, 0xff, 0x46, 0x57, 0xef, 0xff, 0x42, 0x57, 0xf1, 0xfb, 0x50, 0x62, 0xd5, 0x2b,
    0x6d, 0x77, 0x9e, 0x00, 0x7f, 0x82, 0x81, 0x00, 0x81, 0x83, 0x7e, 0x00, 0x83, 0x82, 0x7e, 0x00,
    0x02, 0x00, 0x00, 0x00, 0x02, 0x00, 0x00, 0x00, 0x02, 0x00, 0x00, 0x00, 0x02, 0x00, 0x00, 0x00,
    0x02, 0x00, 0x00, 0x00, 0x02, 0x00, 0x00, 0x00, 0x02, 0x00, 0x00, 0x00, 0x02, 0x00, 0x00, 0x00,
    0x77, 0x78, 0x74, 0x00, 0x93, 0x7c, 0x62, 0x00, 0xce, 0x83, 0x3d, 0x00, 0xeb, 0x84, 0x2c, 0xd0,
    0xed, 0x83, 0x2e, 0xff, 0xed, 0x82, 0x2f, 0xff, 0xeb, 0x83, 0x2e, 0xff, 0xe9, 0x84, 0x2e, 0xff,
    0xeb, 0x84, 0x2c, 0xff, 0xeb, 0x84, 0x2c, 0xff, 0xeb, 0x84, 0x2c, 0xff, 0xeb, 0x84, 0x2c, 0xff,
    0xeb, 0x84, 0x2c, 0xff, 0xeb, 0x84, 0x2c, 0xff, 0xeb, 0x84, 0x2c, 0xff, 0xeb, 0x84, 0x2c, 0xff,
    0xeb, 0x84, 0x2c, 0xff, 0xeb, 0x84, 0x2c, 0xff, 0xeb, 0x84, 0x2c, 0xff, 0xeb, 0x84, 0x2c, 0xff,
    0xeb, 0x84, 0x2c, 0xff, 0xeb, 0x84, 0x2c, 0xff, 0xeb, 0x84, 0x2c, 0xff, 0xeb, 0x84, 0x2c, 0xff,
    0xeb, 0x83, 0x2e, 0xff, 0xe9, 0x84, 0x2e, 0xff, 0xe7, 0x84, 0x2e, 0xff, 0xca, 0x8a, 0x2e, 0xff,
    0x9f, 0x9d, 0x37, 0xff, 0x87, 0xb3, 0x45, 0xff, 0x6f, 0xb3, 0x42, 0xff, 0x65, 0xb7, 0x46, 0xff,
    0x65, 0xb6, 0x47, 0xff, 0x65, 0xb6, 0x47, 0xff, 0x65, 0xb6, 0x47, 0xff, 0x65, 0xb6, 0x47, 0xff,
    0x65, 0xb6, 0x47, 0xff, 0x65, 0xb6, 0x47, 0xff, 0x65, 0xb6, 0x47, 0xff, 0x67, 0xb6, 0x47, 0xff,
    0x6b, 0xb4, 0x49, 0xff, 0x6b, 0xb4, 0x49, 0xff, 0x69, 0xb4, 0x4a, 0xff, 0x67, 0xb3, 0x4c, 0xff,
    0x63, 0xb1, 0x4b, 0xff, 0x4f, 0xad, 0x61, 0xff, 0x37, 0xb7, 0x95, 0xff, 0x35, 0xd1, 0xd5, 0xff,
    0x19, 0xc7, 0xf2, 0xff, 0x0b, 0xc4, 0xfe, 0xff, 0x09, 0xc5, 0xfd, 0xff, 0x09, 0xc6, 0xfb, 0xff,
    0x08, 0xc7, 0xfc, 0xff, 0x0a, 0xc8, 0xfb, 0xff, 0x0c, 0xc8, 0xf9, 0xff, 0x0e, 0xc8, 0xf9, 0xff,
    0x10, 0xc7, 0xf9, 0xff, 0x10, 0xc7, 0xf9, 0xff, 0x0e, 0xc7, 0xfb, 0xff, 0x0c, 0xc6, 0xfc, 0xff,
    0x0e, 0xc4, 0xff, 0xff, 0x11, 0xc5, 0xff, 0xff, 0x0e, 0xc5, 0xfe, 0xff, 0x20, 0xb9, 0xff, 0xff,
    0x31, 0x84, 0xf4, 0xff, 0x3a, 0x60, 0xe9, 0xff, 0x43, 0x58, 0xeb, 0xff, 0x49, 0x56, 0xec, 0xff,
    0x4a, 0x58, 0xec, 0xff, 0x48, 0x58, 0xec, 0xff, 0x44, 0x58, 0xed, 0xff, 0x42, 0x58, 0xed, 0xff,
    0x46, 0x58, 0xed, 0xff, 0x48, 0x57, 0xed, 0xff, 0x48, 0x57, 0xed, 0xff, 0x48, 0x57, 0xed, 0xff,
    0x48, 0x57, 0xed, 0xff, 0x48, 0x57, 0xed, 0xff, 0x48, 0x57, 0xed, 0xff, 0x48, 0x57, 0xed, 0xff,
    0x46, 0x57, 0xef, 0xff, 0x44, 0x57, 0xef, 0xff, 0x44, 0x57, 0xef, 0x93, 0x50, 0x64, 0xd2, 0x00,
    0x6b, 0x79, 0x9b, 0x00, 0x7b, 0x84, 0x7e, 0x00, 0x7f, 0x83, 0x7e, 0x00, 0x81, 0x82, 0x80, 0x00,
    0x02, 0x00, 0x00, 0x00, 0x02, 0x00, 0x00, 0x00, 0x02, 0x00, 0x00, 0x00, 0x02, 0x00, 0x00, 0x00,
    0x02, 0x00, 0x00, 0x00, 0x02, 0x00, 0x00, 0x00, 0x02, 0x00, 0x00, 0x00, 0x02, 0x00, 0x00, 0x00,
    0x75, 0x79, 0x74, 0x00, 0x93, 0x7c, 0x62, 0x00, 0xce, 0x83, 0x3d, 0x00, 0xeb, 0x85, 0x2b, 0x6e,
    0xed, 0x83, 0x2e, 0xff, 0xeb, 0x83, 0x2e, 0xff, 0xe9, 0x84, 0x2e, 0xff, 0xe9, 0x84, 0x2e, 0xff,
    0xeb, 0x84, 0x2c, 0xff, 0xeb, 0x84, 0x2c, 0xff, 0xeb, 0x84, 0x2c, 0xff, 0xeb, 0x84, 0x2c, 0xff,
    0xeb, 0x84, 0x2c, 0xff, 0xeb, 0x84, 0x2c, 0xff, 0xeb, 0x84, 0x2c, 0xff, 0xeb, 0x84, 0x2c, 0xff,
    0xeb, 0x84, 0x2c, 0xff, 0xeb, 0x84, 0x2c, 0xff, 0xeb, 0x84, 0x2c, 0xff, 0xeb, 0x84, 0x2c, 0xff,
    0xeb, 0x84, 0x2c, 0xff, 0xeb, 0x84, 0x2c, 0xff, 0xeb, 0x84, 0x2c, 0xff, 0xeb, 0x84, 0x2c, 0xff,
    0xeb, 0x84, 0x2c, 0xff, 0xe3, 0x84, 0x2f, 0xff, 0xd0, 0x84, 0x36, 0xff, 0xaa, 0x89, 0x3b, 0xff,
    0x7e, 0xa7, 0x50, 0xff, 0x60, 0xb0, 0x51, 0xff, 0x62, 0xb4, 0x49, 0xff, 0x62, 0xb3, 0x42, 0xff,
    0x65, 0xb6, 0x47, 0xff, 0x65, 0xb5, 0x49, 0xff, 0x65, 0xb4, 0x4a, 0xff, 0x63, 0xb5, 0x4a, 0xff,
    0x63, 0xb6, 0x49, 0xff, 0x65, 0xb5, 0x49, 0xff, 0x65, 0xb5, 0x49, 0xff, 0x67, 0xb5, 0x49, 0xff,
    0x6d, 0xb4, 0x49, 0xff, 0x6d, 0xb4, 0x49, 0xff, 0x69, 0xb3, 0x4c, 0xff, 0x61, 0xb2, 0x51, 0xff,
    0x56, 0xaf, 0x57, 0xff, 0x3b, 0xa9, 0x71, 0xff, 0x37, 0xcb, 0xc3, 0xff, 0x1e, 0xca, 0xe7, 0xff,
    0x13, 0xc5, 0xf8, 0xff, 0x0b, 0xc4, 0xfe, 0xff, 0x0b, 0xc4, 0xfd, 0xff, 0x09, 0xc6, 0xfb, 0xff,
    0x08, 0xc7, 0xfc, 0xff, 0x0a, 0xc8, 0xfb, 0xff, 0x0c, 0xc8, 0xf9, 0xff, 0x10, 0xc7, 0xf9, 0xff,
    0x12, 0xc7, 0xf9, 0xff, 0x12, 0xc7, 0xf9, 0xff, 0x0e, 0xc7, 0xfb, 0xff, 0x0e, 0xc6, 0xfc, 0xff,
    0x13, 0xc8, 0xff, 0xff, 0x17, 0xc6, 0xff, 0xff, 0x16, 0xbd, 0xff, 0xff, 0x2b, 0xa8, 0xff, 0xff,
    0x2d, 0x64, 0xe3, 0xff, 0x48, 0x5b, 0xee, 0xff, 0x45, 0x57, 0xec, 0xff, 0x47, 0x56, 0xec, 0xff,
    0x4a, 0x58, 0xec, 0xff, 0x48, 0x58, 0xec, 0xff, 0x44, 0x58, 0xed, 0xff, 0x42, 0x58, 0xed, 0xff,
    0x46, 0x58, 0xed, 0xff, 0x48, 0x57, 0xed, 0xff, 0x48, 0x57, 0xed, 0xff, 0x48, 0x57, 0xed, 0xff,
    0x48, 0x57, 0xed, 0xff, 0x48, 0x57, 0xed, 0xff, 0x48, 0x57, 0xed, 0xff, 0x48, 0x57, 0xed, 0xff,
    0x48, 0x56, 0xef, 0xff, 0x4a, 0x59, 0xe9, 0xed, 0x52, 0x5f, 0xda, 0x12, 0x5e, 0x6b, 0xbd, 0x00,
    0x6f, 0x7c, 0x93, 0x00, 0x7b, 0x84, 0x7e, 0x00, 0x81, 0x82, 0x80, 0x00, 0x83, 0x81, 0x81, 0x00,
    0x02, 0x00, 0x00, 0x00, 0x02, 0x00, 0x00, 0x00, 0x02, 0x00, 0x00, 0x00, 0x02, 0x00, 0x00, 0x00,
    0x02, 0x00, 0x00, 0x00, 0x02, 0x00, 0x00, 0x00, 0x02, 0x00, 0x00, 0x00, 0x02, 0x00, 0x00, 0x00,
    0x72, 0x7a, 0x76, 0x00, 0x92, 0x7d, 0x63, 0x00, 0xd1, 0x85, 0x3d, 0x00, 0xef, 0x85, 0x29, 0x0e,
    0xef, 0x83, 0x2c, 0xf0, 0xeb, 0x83, 0x2e, 0xff, 0xe5, 0x85, 0x2e, 0xff, 0xe5, 0x85, 0x2e, 0xff,
    0xeb, 0x84, 0x2c, 0xff, 0xed, 0x84, 0x2c, 0xff, 0xed, 0x84, 0x2c, 0xff, 0xed, 0x84, 0x2c, 0xff,
    0xed, 0x84, 0x2c, 0xff, 0xed, 0x84, 0x2c, 0xff, 0xed, 0x84, 0x2c, 0xff, 0xed, 0x84, 0x2c, 0xff,
    0xeb, 0x84, 0x2c, 0xff, 0xeb, 0x84, 0x2c, 0xff, 0xeb, 0x84, 0x2c, 0xff, 0xeb, 0x84, 0x2c, 0xff,
    0xeb, 0x84, 0x2c, 0xff, 0xeb, 0x84, 0x2c, 0xff, 0xeb, 0x84, 0x2c, 0xff, 0xeb, 0x84, 0x2c, 0xff,
    0xe7, 0x84, 0x29, 0xff, 0xd5, 0x88, 0x35, 0xff, 0xa6, 0x81, 0x45, 0xff, 0x99, 0xac, 0x7b, 0xff,
    0x5b, 0xb4, 0x86, 0xff, 0x3a, 0xac, 0x6f, 0xff, 0x52, 0xb1, 0x54, 0xff, 0x63, 0xb7, 0x4a, 0xff,
    0x65, 0xb4, 0x4a, 0xff, 0x67, 0xb3, 0x4c, 0xff, 0x63, 0xb2, 0x4f, 0xff, 0x63, 0xb4, 0x50, 0xff,
    0x61, 0xb4, 0x4c, 0xff, 0x63, 0xb5, 0x4a, 0xff, 0x63, 0xb5, 0x4a, 0xff, 0x65, 0xb4, 0x4a, 0xff,
    0x6d, 0xb3, 0x4a, 0xff, 0x6d, 0xb3, 0x4a, 0xff, 0x65, 0xb3, 0x4d, 0xff, 0x52, 0xb0, 0x57, 0xff,
    0x39, 0xa9, 0x6b, 0xff, 0x3b, 0xc5, 0xaa, 0xff, 0x27, 0xd0, 0xe2, 0xff, 0x12, 0xc9, 0xf4, 0xff,
    0x0d, 0xc6, 0xfa, 0xff, 0x0d, 0xc4, 0xfd, 0xff, 0x0d, 0xc5, 0xfb, 0xff, 0x0c, 0xc6, 0xfc, 0xff,
    0x0c, 0xc6, 0xfc, 0xff, 0x0c, 0xc6, 0xfc, 0xff, 0x0e, 0xc7, 0xfb, 0xff, 0x10, 0xc6, 0xfb, 0xff,
    0x16, 0xc5, 0xfb, 0xff, 0x16, 0xc5, 0xfb, 0xff, 0x10, 0xc6, 0xfb, 0xff, 0x0e, 0xc7, 0xfb, 0xff,
    0x0b, 0xc2, 0xf6, 0xff, 0x21, 0xc4, 0xff, 0xff, 0x33, 0xb2, 0xff, 0xff, 0x1f, 0x77, 0xe6, 0xff,
    0x36, 0x5e, 0xe7, 0xff, 0x48, 0x57, 0xed, 0xff, 0x47, 0x56, 0xec, 0xff, 0x47, 0x56, 0xec, 0xff,
    0x4a, 0x57, 0xed, 0xff, 0x48, 0x57, 0xed, 0xff, 0x44, 0x58, 0xed, 0xff, 0x44, 0x58, 0xed, 0xff,
    0x46, 0x58, 0xed, 0xff, 0x48, 0x57, 0xed, 0xff, 0x48, 0x57, 0xed, 0xff, 0x48, 0x57, 0xed, 0xff,
    0x48, 0x57, 0xed, 0xff, 0x48, 0x57, 0xed, 0xff, 0x48, 0x57, 0xed, 0xff, 0x4a, 0x56, 0xef, 0xff,
    0x4b, 0x54, 0xef, 0xff, 0x57, 0x5b, 0xdc, 0x6b, 0x6b, 0x6c, 0xb3, 0x00, 0x77, 0x79, 0x96, 0x00,
    0x7a, 0x7f, 0x85, 0x00, 0x7e, 0x81, 0x7e, 0x00, 0x82, 0x7f, 0x82, 0x00, 0x84, 0x7e, 0x83, 0x00,
    0x02, 0x00, 0x02, 0x00, 0x00, 0x00, 0x00, 0x00, 0x00, 0x00, 0x00, 0x00, 0x00, 0x00, 0x00, 0x00,
    0x00, 0x00, 0x00, 0x00, 0x00, 0x00, 0x00, 0x00, 0x00, 0x00, 0x00, 0x00, 0x00, 0x00, 0x00, 0x00,
    0x74, 0x79, 0x78, 0x00, 0x8c, 0x7b, 0x6a, 0x00, 0xba, 0x81, 0x4d, 0x00, 0xd8, 0x82, 0x37, 0x00,
    0xe7, 0x83, 0x2f, 0x7a, 0xeb, 0x84, 0x2c, 0xff, 0xe5, 0x85, 0x2e, 0xff, 0xe5, 0x85, 0x2e, 0xff,
    0xeb, 0x84, 0x2c, 0xff, 0xed, 0x84, 0x2c, 0xff, 0xed, 0x84, 0x2c, 0xff, 0xed, 0x84, 0x2c, 0xff,
    0xed, 0x84, 0x2c, 0xff, 0xed, 0x84, 0x2c, 0xff, 0xed, 0x84, 0x2c, 0xff, 0xed, 0x84, 0x2c, 0xff,
    0xeb, 0x84, 0x2c, 0xff, 0xeb, 0x84, 0x2c, 0xff, 0xeb, 0x84, 0x2c, 0xff, 0xeb, 0x84, 0x2c, 0xff,
    0xeb, 0x84, 0x2c, 0xff, 0xeb, 0x84, 0x2c, 0xff, 0xeb, 0x84, 0x2c, 0xff, 0xeb, 0x85, 0x2b, 0xff,
    0xe7, 0x85, 0x28, 0xff, 0xc2, 0x83, 0x37, 0xff, 0x86, 0x8d, 0x65, 0xff, 0x85, 0xca, 0xbb, 0xff,
    0x53, 0xd1, 0xc8, 0xff, 0x39, 0xc9, 0xb4, 0xff, 0x39, 0xb2, 0x7c, 0xff, 0x47, 0xae, 0x62, 0xff,
    0x52, 0xaf, 0x59, 0xff, 0x5a, 0xb0, 0x54, 0xff, 0x5f, 0xb2, 0x52, 0xff, 0x61, 0xb4, 0x50, 0xff,
    0x61, 0xb4, 0x4d, 0xff, 0x61, 0xb4, 0x4c, 0xff, 0x5f, 0xb5, 0x4c, 0xff, 0x61, 0xb4, 0x4d, 0xff,
    0x67, 0xb2, 0x52, 0xff, 0x5f, 0xb0, 0x55, 0xff, 0x4c, 0xab, 0x5c, 0xff, 0x38, 0xab, 0x72, 0xff,
    0x37, 0xc2, 0xa7, 0xff, 0x30, 0xd0, 0xd4, 0xff, 0x19, 0xcc, 0xf1, 0xff, 0x08, 0xc4, 0xf7, 0xff,
    0x0d, 0xc5, 0xfb, 0xff, 0x0d, 0xc5, 0xfb, 0xff, 0x0e, 0xc6, 0xfc, 0xff, 0x0e, 0xc6, 0xfc, 0xff,
    0x0e, 0xc6, 0xfc, 0xff, 0x0e, 0xc6, 0xfc, 0xff, 0x0e, 0xc6, 0xfc, 0xff, 0x10, 0xc6, 0xfc, 0xff,
    0x16, 0xc5, 0xfb, 0xff, 0x16, 0xc5, 0xfb, 0xff, 0x10, 0xc6, 0xfb, 0xff, 0x0e, 0xc6, 0xfc, 0xff,
    0x14, 0xc8, 0xff, 0xff, 0x26, 0xbd, 0xff, 0xff, 0x35, 0x94, 0xfb, 0xff, 0x2c, 0x62, 0xe2, 0xff,
    0x3e, 0x5b, 0xea, 0xff, 0x48, 0x57, 0xed, 0xff, 0x47, 0x56, 0xec, 0xff, 0x48, 0x57, 0xed, 0xff,
    0x4a, 0x57, 0xed, 0xff, 0x48, 0x57, 0xed, 0xff, 0x46, 0x58, 0xed, 0xff, 0x46, 0x58, 0xed, 0xff,
    0x48, 0x57, 0xed, 0xff, 0x48, 0x57, 0xed, 0xff, 0x48, 0x57, 0xed, 0xff, 0x48, 0x57, 0xed, 0xff,
    0x48, 0x57, 0xed, 0xff, 0x48, 0x57, 0xed, 0xff, 0x48, 0x57, 0xed, 0xff, 0x4a, 0x57, 0xed, 0xff,
    0x4b, 0x55, 0xee, 0xd5, 0x5b, 0x5e, 0xd4, 0x04, 0x77, 0x75, 0x9e, 0x00, 0x85, 0x80, 0x81, 0x00,
    0x80, 0x80, 0x80, 0x00, 0x80, 0x80, 0x80, 0x00, 0x82, 0x7f, 0x82, 0x00, 0x84, 0x7e, 0x82, 0x00,
    0x02, 0x00, 0x00, 0x00, 0x00, 0x00, 0x00, 0x00, 0x00, 0x00, 0x00, 0x00, 0x00, 0x00, 0x00, 0x00,
    0x00, 0x00, 0x00, 0x00, 0x00, 0x00, 0x00, 0x00, 0x00, 0x00, 0x00, 0x00, 0x00, 0x00, 0x00, 0x00,
    0x7b, 0x78, 0x7b, 0x00, 0x81, 0x79, 0x76, 0x00, 0x8d, 0x7c, 0x6c, 0x00, 0xa9, 0x7d, 0x57, 0x00,
    0xd6, 0x82, 0x39, 0x0a, 0xeb, 0x85, 0x2b, 0xde, 0xe7, 0x85, 0x2c, 0xff, 0xe7, 0x85, 0x2c, 0xff,
    0xeb, 0x84, 0x2c, 0xff, 0xed, 0x84, 0x2c, 0xff, 0xed, 0x84, 0x2c, 0xff, 0xed, 0x84, 0x2c, 0xff,
    0xed, 0x84, 0x2c, 0xff, 0xed, 0x84, 0x2c, 0xff, 0xed, 0x84, 0x2c, 0xff, 0xed, 0x84, 0x2c, 0xff,
    0xeb, 0x84, 0x2c, 0xff, 0xeb, 0x84, 0x2c, 0xff, 0xeb, 0x84, 0x2c, 0xff, 0xeb, 0x84, 0x2c, 0xff,
    0xeb, 0x84, 0x2c, 0xff, 0xeb, 0x84, 0x2c, 0xff, 0xeb, 0x84, 0x2c, 0xff, 0xe9, 0x85, 0x2c, 0xff,
    0xe5, 0x85, 0x29, 0xff, 0xb3, 0x86, 0x42, 0xff, 0x75, 0xa5, 0x96, 0xff, 0x56, 0xca, 0xd9, 0xff,
    0x35, 0xcf, 0xec, 0xff, 0x22, 0xca, 0xe5, 0xff, 0x34, 0xd1, 0xd9, 0xff, 0x33, 0xc1, 0xb1, 0xff,
    0x34, 0xac, 0x7d, 0xff, 0x47, 0xad, 0x65, 0xff, 0x55, 0xae, 0x55, 0xff, 0x61, 0xb4, 0x4d, 0xff,
    0x61, 0xb4, 0x4c, 0xff, 0x5f, 0xb5, 0x4c, 0xff, 0x5d, 0xb5, 0x4c, 0xff, 0x5b, 0xb2, 0x52, 0xff,
    0x5a, 0xb1, 0x5e, 0xff, 0x48, 0xab, 0x6b, 0xff, 0x35, 0xb1, 0x8b, 0xff, 0x36, 0xc7, 0xbd, 0xff,
    0x28, 0xcc, 0xdf, 0xff, 0x1d, 0xcb, 0xf1, 0xff, 0x16, 0xc7, 0xf8, 0xff, 0x0f, 0xc3, 0xfa, 0xff,
    0x0f, 0xc5, 0xfb, 0xff, 0x0e, 0xc6, 0xfc, 0xff, 0x0e, 0xc6, 0xfc, 0xff, 0x0e, 0xc6, 0xfc, 0xff,
    0x0e, 0xc6, 0xfc, 0xff, 0x0e, 0xc6, 0xfc, 0xff, 0x0e, 0xc6, 0xfc, 0xff, 0x10, 0xc6, 0xfc, 0xff,
    0x12, 0xc6, 0xfb, 0xff, 0x12, 0xc6, 0xfb, 0xff, 0x0e, 0xc6, 0xfc, 0xff, 0x0e, 0xc5, 0xfe, 0xff,
    0x15, 0xc6, 0xff, 0xff, 0x2c, 0xb6, 0xff, 0xff, 0x29, 0x6e, 0xe0, 0xff, 0x3e, 0x5b, 0xe1, 0xff,
    0x46, 0x59, 0xea, 0xff, 0x48, 0x57, 0xed, 0xff, 0x48, 0x57, 0xed, 0xff, 0x48, 0x57, 0xed, 0xff,
    0x48, 0x57, 0xed, 0xff, 0x48, 0x57, 0xed, 0xff, 0x48, 0x57, 0xed, 0xff, 0x48, 0x57, 0xed, 0xff,
    0x48, 0x57, 0xed, 0xff, 0x48, 0x57, 0xed, 0xff, 0x48, 0x57, 0xed, 0xff, 0x48, 0x57, 0xed, 0xff,
    0x48, 0x57, 0xed, 0xff, 0x48, 0x57, 0xed, 0xff, 0x48, 0x57, 0xed, 0xff, 0x48, 0x57, 0xed, 0xff,
    0x49, 0x57, 0xeb, 0x44, 0x57, 0x61, 0xd1, 0x00, 0x75, 0x77, 0x9b, 0x00, 0x83, 0x81, 0x81, 0x00,
    0x82, 0x80, 0x80, 0x00, 0x82, 0x80, 0x80, 0x00, 0x80, 0x81, 0x7e, 0x00, 0x80, 0x81, 0x7e, 0x00,
    0x00, 0x00, 0x00, 0x00, 0x00, 0x00, 0x00, 0x00, 0x00, 0x00, 0x00, 0x00, 0x00, 0x00, 0x00, 0x00,
    0x00, 0x00, 0x00, 0x00, 0x00, 0x00, 0x00, 0x00, 0x00, 0x00, 0x00, 0x00, 0x00, 0x00, 0x00, 0x00,
    0x7f, 0x77, 0x7b, 0x00, 0x7d, 0x77, 0x7b, 0x00, 0x79, 0x78, 0x7b, 0x00, 0x8b, 0x7a, 0x68, 0x00,
    0xb8, 0x7f, 0x49, 0x00, 0xd4, 0x83, 0x37, 0x3b, 0xe1, 0x85, 0x2f, 0xfc, 0xe9, 0x85, 0x2c, 0xff,
    0xeb, 0x84, 0x2c, 0xff, 0xee, 0x85, 0x2d, 0xff, 0xed, 0x84, 0x2c, 0xff, 0xed, 0x84, 0x2c, 0xff,
    0xed, 0x84, 0x2c, 0xff, 0xed, 0x84, 0x2c, 0xff, 0xed, 0x84, 0x2c, 0xff, 0xed, 0x84, 0x2c, 0xff,
    0xeb, 0x84, 0x2c, 0xff, 0xeb, 0x84, 0x2c, 0xff, 0xeb, 0x84, 0x2c, 0xff, 0xeb, 0x84, 0x2c, 0xff,
    0xeb, 0x84, 0x2c, 0xff, 0xeb, 0x84, 0x2c, 0xff, 0xeb, 0x84, 0x2c, 0xff, 0xe9, 0x85, 0x2c, 0xff,
    0xe0, 0x84, 0x2a, 0xff, 0x9f, 0x7f, 0x43, 0xff, 0x67, 0xb9, 0xb9, 0xff, 0x31, 0xc6, 0xeb, 0xff,
    0x1a, 0xc4, 0xf4, 0xff, 0x14, 0xc7, 0xf9, 0xff, 0x1d, 0xcc, 0xf6, 0xff, 0x2d, 0xd0, 0xe8, 0xff,
    0x41, 0xd2, 0xcd, 0xff, 0x43, 0xc5, 0xa4, 0xff, 0x43, 0xb4, 0x7f, 0xff, 0x40, 0xaa, 0x69, 0xff,
    0x43, 0xad, 0x67, 0xff, 0x43, 0xad, 0x65, 0xff, 0x3f, 0xac, 0x69, 0xff, 0x39, 0xaa, 0x6f, 0xff,
    0x3c, 0xaf, 0x83, 0xff, 0x3f, 0xc0, 0xa8, 0xff, 0x3b, 0xd0, 0xd3, 0xff, 0x28, 0xcc, 0xe6, 0xff,
    0x16, 0xc9, 0xf4, 0xff, 0x10, 0xc6, 0xfc, 0xff, 0x13, 0xc6, 0xfe, 0xff, 0x14, 0xc8, 0xff, 0xff,
    0x10, 0xc6, 0xfc, 0xff, 0x0e, 0xc6, 0xfc, 0xff, 0x0e, 0xc6, 0xfc, 0xff, 0x0e, 0xc6, 0xfc, 0xff,
    0x0e, 0xc6, 0xfc, 0xff, 0x0e, 0xc6, 0xfc, 0xff, 0x0e, 0xc6, 0xfc, 0xff, 0x0e, 0xc6, 0xfc, 0xff,
    0x0e, 0xc7, 0xfb, 0xff, 0x0e, 0xc6, 0xfc, 0xff, 0x0c, 0xc6, 0xfe, 0xff, 0x12, 0xc2, 0xff, 0xff,
    0x24, 0xbf, 0xff, 0xff, 0x22, 0x93, 0xf3, 0xff, 0x32, 0x64, 0xdd, 0xff, 0x4b, 0x5b, 0xe8, 0xff,
    0x48, 0x58, 0xec, 0xff, 0x48, 0x57, 0xed, 0xff, 0x48, 0x57, 0xed, 0xff, 0x48, 0x57, 0xed, 0xff,
    0x48, 0x57, 0xed, 0xff, 0x48, 0x57, 0xed, 0xff, 0x48, 0x57, 0xed, 0xff, 0x48, 0x57, 0xed, 0xff,
    0x48, 0x57, 0xed, 0xff, 0x48, 0x57, 0xed, 0xff, 0x48, 0x57, 0xed, 0xff, 0x48, 0x57, 0xed, 0xff,
    0x48, 0x57, 0xed, 0xff, 0x48, 0x57, 0xed, 0xff, 0x48, 0x57, 0xed, 0xff, 0x4c, 0x5b, 0xe5, 0xaf,
    0x53, 0x5f, 0xd6, 0x00, 0x61, 0x6a, 0xbb, 0x00, 0x79, 0x79, 0x94, 0x00, 0x85, 0x81, 0x80, 0x00,
    0x84, 0x7f, 0x80, 0x00, 0x82, 0x80, 0x80, 0x00, 0x80, 0x81, 0x7e, 0x00, 0x7e, 0x81, 0x7e, 0x00,
    0x00, 0x00, 0x00, 0x00, 0x00, 0x00, 0x00, 0x00, 0x00, 0x00, 0x00, 0x00, 0x00, 0x00, 0x00, 0x00,
    0x00, 0x00, 0x00, 0x00, 0x00, 0x00, 0x00, 0x00, 0x00, 0x00, 0x00, 0x00, 0x00, 0x00, 0x00, 0x00,
    0x7f, 0x77, 0x7b, 0x00, 0x7f, 0x77, 0x7b, 0x00, 0x7d, 0x78, 0x79, 0x00, 0x84, 0x79, 0x72, 0x00,
    0x8f, 0x7c, 0x64, 0x00, 0xab, 0x7f, 0x52, 0x00, 0xd5, 0x85, 0x3b, 0x7e, 0xe6, 0x82, 0x2a, 0xff,
    0xec, 0x85, 0x2d, 0xff, 0xee, 0x85, 0x2d, 0xff, 0xed, 0x84, 0x2c, 0xff, 0xeb, 0x83, 0x2b, 0xff,
    0xed, 0x84, 0x2c, 0xff, 0xed, 0x84, 0x2c, 0xff, 0xed, 0x84, 0x2c, 0xff, 0xed, 0x84, 0x2c, 0xff,
    0xeb, 0x84, 0x2c, 0xff, 0xeb, 0x84, 0x2c, 0xff, 0xeb, 0x84, 0x2c, 0xff, 0xeb, 0x84, 0x2c, 0xff,
    0xeb, 0x84, 0x2c, 0xff, 0xeb, 0x84, 0x2c, 0xff, 0xeb, 0x84, 0x2c, 0xff, 0xe7, 0x84, 0x2e, 0xff,
    0xdb, 0x84, 0x2e, 0xff, 0x9c, 0x8a, 0x52, 0xff, 0x63, 0xcd, 0xd5, 0xff, 0x1d, 0xc7, 0xf2, 0xff,
    0x1a, 0xc6, 0xf8, 0xff, 0x18, 0xc6, 0xf9, 0xff, 0x18, 0xc7, 0xf8, 0xff, 0x1c, 0xc8, 0xf3, 0xff,
    0x24, 0xca, 0xec, 0xff, 0x2a, 0xcc, 0xe6, 0xff, 0x30, 0xcd, 0xe1, 0xff, 0x36, 0xcf, 0xdb, 0xff,
    0x31, 0xc7, 0xc7, 0xff, 0x32, 0xc9, 0xc7, 0xff, 0x31, 0xcb, 0xcd, 0xff, 0x2c, 0xca, 0xd5, 0xff,
    0x2e, 0xcc, 0xe4, 0xff, 0x26, 0xca, 0xeb, 0xff, 0x21, 0xc9, 0xf2, 0xff, 0x18, 0xc7, 0xf6, 0xff,
    0x12, 0xc6, 0xfb, 0xff, 0x10, 0xc6, 0xfc, 0xff, 0x0e, 0xc7, 0xfb, 0xff, 0x0e, 0xc7, 0xfb, 0xff,
    0x0e, 0xc7, 0xfb, 0xff, 0x0c, 0xc7, 0xfb, 0xff, 0x0e, 0xc6, 0xfc, 0xff, 0x0e, 0xc6, 0xfc, 0xff,
    0x0e, 0xc6, 0xfc, 0xff, 0x0e, 0xc6, 0xfc, 0xff, 0x0e, 0xc6, 0xfc, 0xff, 0x0c, 0xc6, 0xfc, 0xff,
    0x0a, 0xc7, 0xfc, 0xff, 0x08, 0xc6, 0xfe, 0xff, 0x08, 0xc6, 0xff, 0xff, 0x1a, 0xbf, 0xff, 0xff,
    0x35, 0xa6, 0xff, 0xff, 0x22, 0x6b, 0xdd, 0xff, 0x39, 0x5d, 0xe0, 0xff, 0x48, 0x5a, 0xe9, 0xff,
    0x48, 0x58, 0xec, 0xff, 0x48, 0x57, 0xed, 0xff, 0x48, 0x57, 0xed, 0xff, 0x48, 0x57, 0xed, 0xff,
    0x48, 0x57, 0xed, 0xff, 0x48, 0x57, 0xed, 0xff, 0x48, 0x57, 0xed, 0xff, 0x48, 0x57, 0xed, 0xff,
    0x46, 0x58, 0xed, 0xff, 0x46, 0x58, 0xed, 0xff, 0x46, 0x58, 0xed, 0xff, 0x46, 0x58, 0xed, 0xff,
    0x46, 0x58, 0xed, 0xff, 0x46, 0x58, 0xed, 0xff, 0x46, 0x58, 0xed, 0xf9, 0x52, 0x60, 0xd9, 0x25,
    0x68, 0x6d, 0xae, 0x00, 0x78, 0x78, 0x93, 0x00, 0x80, 0x7d, 0x86, 0x00, 0x84, 0x7f, 0x80, 0x00,
    0x82, 0x81, 0x7e, 0x00, 0x80, 0x80, 0x80, 0x00, 0x80, 0x7f, 0x82, 0x00, 0x80, 0x7f, 0x82, 0x00,
    0x00, 0x00, 0x00, 0x00, 0x00, 0x00, 0x00, 0x00, 0x00, 0x00, 0x00, 0x00, 0x00, 0x00, 0x00, 0x00,
    0x00, 0x00, 0x00, 0x00, 0x00, 0x00, 0x00, 0x00, 0x00, 0x00, 0x00, 0x00, 0x00, 0x00, 0x00, 0x00,
    0x7f, 0x77, 0x7b, 0x00, 0x7f, 0x77, 0x7b, 0x00, 0x7f, 0x78, 0x79, 0x00, 0x7c, 0x78, 0x76, 0x00,
    0x7c, 0x7b, 0x77, 0x00, 0x95, 0x7f, 0x63, 0x00, 0xff, 0xbd, 0x79, 0x01, 0xe0, 0x81, 0x28, 0xa4,
    0xe7, 0x81, 0x29, 0xff, 0xeb, 0x83, 0x2b, 0xff, 0xed, 0x84, 0x2c, 0xff, 0xea, 0x82, 0x2a, 0xff,
    0xeb, 0x83, 0x2b, 0xff, 0xed, 0x84, 0x2c, 0xff, 0xed, 0x84, 0x2c, 0xff, 0xed, 0x84, 0x2c, 0xff,
    0xeb, 0x84, 0x2c, 0xff, 0xeb, 0x84, 0x2c, 0xff, 0xeb, 0x84, 0x2c, 0xff, 0xeb, 0x84, 0x2c, 0xff,
    0xeb, 0x84, 0x2c, 0xff, 0xeb, 0x84, 0x2c, 0xff, 0xeb, 0x84, 0x2c, 0xff, 0xe3, 0x84, 0x2f, 0xff,
    0xd0, 0x85, 0x34, 0xff, 0x95, 0x8f, 0x62, 0xff, 0x50, 0xc9, 0xdc, 0xff, 0x11, 0xc5, 0xfa, 0xff,
    0x16, 0xc5, 0xfb, 0xff, 0x16, 0xc5, 0xfb, 0xff, 0x16, 0xc6, 0xf9, 0xff, 0x14, 0xc6, 0xfb, 0xff,
    0x12, 0xc4, 0xfe, 0xff, 0x10, 0xc5, 0xfe, 0xff, 0x12, 0xc5, 0xfc, 0xff, 0x14, 0xc7, 0xf8, 0xff,
    0x1a, 0xc9, 0xf1, 0xff, 0x1a, 0xca, 0xf0, 0xff, 0x17, 0xcb, 0xf4, 0xff, 0x14, 0xcb, 0xf8, 0xff,
    0x0f, 0xc7, 0xfe, 0xff, 0x0e, 0xc4, 0xff, 0xff, 0x10, 0xc4, 0xff, 0xff, 0x10, 0xc5, 0xfe, 0xff,
    0x10, 0xc5, 0xfe, 0xff, 0x0e, 0xc6, 0xfc, 0xff, 0x0c, 0xc7, 0xfb, 0xff, 0x0c, 0xc7, 0xfb, 0xff,
    0x0c, 0xc7, 0xfb, 0xff, 0x0c, 0xc7, 0xfb, 0xff, 0x0e, 0xc6, 0xfc, 0xff, 0x0e, 0xc6, 0xfc, 0xff,
    0x0e, 0xc6, 0xfc, 0xff, 0x0e, 0xc6, 0xfc, 0xff, 0x0e, 0xc6, 0xfc, 0xff, 0x0c, 0xc6, 0xfc, 0xff,
    0x0a, 0xc7, 0xfc, 0xff, 0x08, 0xc6, 0xfe, 0xff, 0x08, 0xc5, 0xff, 0xff, 0x22, 0xbb, 0xff, 0xff,
    0x2c, 0x80, 0xee, 0xff, 0x35, 0x5f, 0xe1, 0xff, 0x41, 0x5b, 0xe6, 0xff, 0x4b, 0x5c, 0xee, 0xff,
    0x48, 0x58, 0xec, 0xff, 0x48, 0x57, 0xed, 0xff, 0x48, 0x57, 0xed, 0xff, 0x48, 0x57, 0xed, 0xff,
    0x48, 0x57, 0xed, 0xff, 0x48, 0x57, 0xed, 0xff, 0x48, 0x57, 0xed, 0xff, 0x48, 0x57, 0xed, 0xff,
    0x46, 0x58, 0xed, 0xff, 0x46, 0x58, 0xed, 0xff, 0x46, 0x58, 0xed, 0xff, 0x46, 0x58, 0xed, 0xff,
    0x46, 0x58, 0xed, 0xff, 0x46, 0x58, 0xed, 0xff, 0x46, 0x58, 0xed, 0x87, 0x56, 0x62, 0xd2, 0x00,
    0x72, 0x76, 0x9a, 0x00, 0x82, 0x81, 0x7e, 0x00, 0x84, 0x7f, 0x80, 0x00, 0x84, 0x7f, 0x80, 0x00,
    0x82, 0x81, 0x7e, 0x00, 0x80, 0x80, 0x80, 0x00, 0x7e, 0x80, 0x82, 0x00, 0x7e, 0x80, 0x82, 0x00,
    0x00, 0x00, 0x00, 0x00, 0x00, 0x00, 0x00, 0x00, 0x00, 0x00, 0x00, 0x00, 0x00, 0x00, 0x00, 0x00,
    0x00, 0x00, 0x00, 0x00, 0x00, 0x00, 0x00, 0x00, 0x00, 0x00, 0x00, 0x00, 0x00, 0x00, 0x00, 0x00,
    0x7d, 0x77, 0x7b, 0x00, 0x7d, 0x77, 0x7b, 0x00, 0x7b, 0x78, 0x7b, 0x00, 0x79, 0x78, 0x7b, 0x00,
    0x76, 0x77, 0x7a, 0x00, 0x90, 0x7b, 0x68, 0x00, 0xc4, 0x87, 0x41, 0x00, 0xff, 0xac, 0x4f, 0x03,
    0xea, 0x86, 0x2d, 0xa2, 0xe9, 0x80, 0x29, 0xff, 0xf1, 0x89, 0x31, 0xff, 0xef, 0x86, 0x2f, 0xff,
    0xed, 0x84, 0x2c, 0xff, 0xed, 0x84, 0x2c, 0xff, 0xed, 0x84, 0x2c, 0xff, 0xed, 0x84, 0x2c, 0xff,
    0xeb, 0x84, 0x2c, 0xff, 0xeb, 0x84, 0x2c, 0xff, 0xeb, 0x84, 0x2c, 0xff, 0xeb, 0x84, 0x2c, 0xff,
    0xeb, 0x84, 0x2c, 0xff, 0xeb, 0x84, 0x2c, 0xff, 0xeb, 0x84, 0x2c, 0xff, 0xdc, 0x84, 0x33, 0xff,
    0xc3, 0x84, 0x3f, 0xff, 0x90, 0x98, 0x79, 0xff, 0x46, 0xc5, 0xe2, 0xff, 0x0b, 0xc3, 0xff, 0xff,
    0x10, 0xc3, 0xff, 0xff, 0x12, 0xc4, 0xfe, 0xff, 0x12, 0xc7, 0xf9, 0xff, 0x10, 0xc6, 0xfb, 0xff,
    0x0c, 0xc4, 0xff, 0xff, 0x0c, 0xc4, 0xff, 0xff, 0x10, 0xc6, 0xfc, 0xff, 0x12, 0xc7, 0xf9, 0xff,
    0x12, 0xc9, 0xf6, 0xff, 0x12, 0xc9, 0xf6, 0xff, 0x11, 0xc7, 0xf5, 0xff, 0x0d, 0xc7, 0xf4, 0xff,
    0x0a, 0xc8, 0xf9, 0xff, 0x0a, 0xc7, 0xfc, 0xff, 0x0e, 0xc6, 0xfc, 0xff, 0x10, 0xc5, 0xfe, 0xff,
    0x10, 0xc5, 0xfe, 0xff, 0x0e, 0xc6, 0xfc, 0xff, 0x0a, 0xc8, 0xfb, 0xff, 0x0a, 0xc8, 0xfb, 0xff,
    0x0c, 0xc7, 0xfb, 0xff, 0x0e, 0xc7, 0xfb, 0xff, 0x0e, 0xc6, 0xfc, 0xff, 0x0e, 0xc6, 0xfc, 0xff,
    0x0e, 0xc6, 0xfc, 0xff, 0x0e, 0xc6, 0xfc, 0xff, 0x0e, 0xc6, 0xfc, 0xff, 0x0e, 0xc6, 0xfc, 0xff,
    0x0c, 0xc6, 0xfe, 0xff, 0x0c, 0xc5, 0xff, 0xff, 0x0a, 0xc4, 0xff, 0xff, 0x28, 0xb8, 0xff, 0xbe,
    0x24, 0x64, 0xde, 0x5d, 0x40, 0x57, 0xe5, 0xe4, 0x49, 0x5d, 0xee, 0xff, 0x47, 0x57, 0xeb, 0xff,
    0x48, 0x57, 0xed, 0xff, 0x48, 0x57, 0xed, 0xff, 0x48, 0x57, 0xed, 0xff, 0x48, 0x57, 0xed, 0xff,
    0x48, 0x57, 0xed, 0xff, 0x48, 0x57, 0xed, 0xff, 0x48, 0x57, 0xed, 0xff, 0x48, 0x57, 0xed, 0xff,
    0x46, 0x58, 0xed, 0xff, 0x46, 0x58, 0xed, 0xff, 0x46, 0x58, 0xed, 0xff, 0x46, 0x58, 0xed, 0xff,
    0x46, 0x58, 0xed, 0xff, 0x46, 0x58, 0xed, 0xda, 0x46, 0x58, 0xed, 0x0c, 0x54, 0x63, 0xd2, 0x00,
    0x6e, 0x77, 0x98, 0x00, 0x7e, 0x82, 0x7d, 0x00, 0x80, 0x81, 0x7e, 0x00, 0x82, 0x81, 0x7e, 0x00,
    0x82, 0x80, 0x80, 0x00, 0x80, 0x80, 0x80, 0x00, 0x7c, 0x82, 0x7e, 0x00, 0x7c, 0x82, 0x7e, 0x00,
    0x00, 0x00, 0x00, 0x00, 0x00, 0x00, 0x00, 0x00, 0x00, 0x00, 0x00, 0x00, 0x00, 0x00, 0x00, 0x00,
    0x00, 0x00, 0x00, 0x00, 0x00, 0x00, 0x00, 0x00, 0x00, 0x00, 0x00, 0x00, 0x00, 0x00, 0x00, 0x00,
    0x7d, 0x77, 0x7b, 0x00, 0x7b, 0x78, 0x7b, 0x00, 0x79, 0x78, 0x7b, 0x00, 0x77, 0x79, 0x7b, 0x00,
    0x76, 0x77, 0x7b, 0x00, 0x88, 0x7a, 0x6d, 0x00, 0xae, 0x82, 0x4e, 0x00, 0xc8, 0x89, 0x44, 0x00,
    0xf1, 0xa8, 0x64, 0x03, 0xd5, 0x80, 0x39, 0x8a, 0xe8, 0x87, 0x34, 0xfe, 0xf0, 0x87, 0x30, 0xff,
    0xed, 0x84, 0x2c, 0xff, 0xed, 0x83, 0x2e, 0xff, 0xeb, 0x83, 0x2e, 0xff, 0xeb, 0x84, 0x2c, 0xff,
    0xeb, 0x84, 0x2c, 0xff, 0xeb, 0x85, 0x2b, 0xff, 0xeb, 0x84, 0x2c, 0xff, 0xeb, 0x84, 0x2c, 0xff,
    0xeb, 0x84, 0x2c, 0xff, 0xeb, 0x84, 0x2c, 0xff, 0xeb, 0x84, 0x2c, 0xff, 0xda, 0x83, 0x34, 0xff,
    0xbb, 0x83, 0x44, 0xff, 0x8f, 0x9e, 0x85, 0xff, 0x43, 0xc3, 0xe2, 0xff, 0x09, 0xc2, 0xff, 0xff,
    0x0e, 0xc4, 0xff, 0xff, 0x10, 0xc4, 0xff, 0xff, 0x10, 0xc6, 0xfb, 0xff, 0x0e, 0xc6, 0xfc, 0xff,
    0x0a, 0xc4, 0xff, 0xff, 0x0a, 0xc4, 0xff, 0xff, 0x0e, 0xc6, 0xfc, 0xff, 0x10, 0xc6, 0xfb, 0xff,
    0x11, 0xca, 0xfe, 0xff, 0x10, 0xca, 0xfb, 0xff, 0x0e, 0xc8, 0xf9, 0xff, 0x0d, 0xc7, 0xf8, 0xff,
    0x0a, 0xc8, 0xf9, 0xff, 0x0a, 0xc8, 0xfb, 0xff, 0x0c, 0xc6, 0xfc, 0xff, 0x0e, 0xc6, 0xfc, 0xff,
    0x0e, 0xc5, 0xfe, 0xff, 0x0e, 0xc5, 0xfe, 0xff, 0x0a, 0xc7, 0xfc, 0xff, 0x0a, 0xc8, 0xfb, 0xff,
    0x0c, 0xc7, 0xfb, 0xff, 0x0e, 0xc7, 0xfb, 0xff, 0x0e, 0xc6, 0xfc, 0xff, 0x0e, 0xc6, 0xfc, 0xff,
    0x0e, 0xc6, 0xfc, 0xff, 0x0e, 0xc6, 0xfc, 0xff, 0x0e, 0xc6, 0xfc, 0xff, 0x0e, 0xc6, 0xfc, 0xff,
    0x10, 0xc6, 0xfc, 0xff, 0x0e, 0xc4, 0xff, 0xff, 0x0b, 0xc5, 0xff, 0xfc, 0x2c, 0xba, 0xff, 0x2e,
    0x5f, 0x94, 0xf6, 0x00, 0x58, 0x63, 0xdc, 0x0b, 0x4d, 0x5b, 0xe8, 0x84, 0x42, 0x53, 0xeb, 0xf7,
    0x46, 0x58, 0xed, 0xff, 0x46, 0x58, 0xed, 0xff, 0x48, 0x57, 0xed, 0xff, 0x48, 0x57, 0xed, 0xff,
    0x48, 0x57, 0xed, 0xff, 0x48, 0x57, 0xed, 0xff, 0x48, 0x57, 0xed, 0xff, 0x48, 0x57, 0xed, 0xff,
    0x48, 0x57, 0xed, 0xff, 0x48, 0x57, 0xed, 0xff, 0x48, 0x58, 0xec, 0xff, 0x48, 0x58, 0xec, 0xff,
    0x48, 0x58, 0xec, 0xf3, 0x4a, 0x5a, 0xe7, 0x33, 0x52, 0x5f, 0xda, 0x00, 0x60, 0x6b, 0xbd, 0x00,
    0x72, 0x7b, 0x90, 0x00, 0x7c, 0x82, 0x7d, 0x00, 0x7e, 0x81, 0x7e, 0x00, 0x80, 0x81, 0x7e, 0x00,
    0x82, 0x80, 0x80, 0x00, 0x80, 0x80, 0x80, 0x00, 0x7c, 0x82, 0x7e, 0x00, 0x7c, 0x82, 0x7e, 0x00,
    0x00, 0x00, 0x00, 0x00, 0x00, 0x00, 0x00, 0x00, 0x00, 0x00, 0x00, 0x00, 0x00, 0x00, 0x00, 0x00,
    0x00, 0x00, 0x00, 0x00, 0x00, 0x00, 0x00, 0x00, 0x00, 0x00, 0x00, 0x00, 0x00, 0x00, 0x00, 0x00,
    0x02, 0x00, 0x02, 0x00, 0x00, 0x00, 0x02, 0x00, 0x00, 0x00, 0x00, 0x00, 0x00, 0x00, 0x00, 0x00,
    0x00, 0x00, 0x02, 0x00, 0x06, 0x00, 0x00, 0x00, 0x12, 0x04, 0x00, 0x00, 0x1a, 0x05, 0x00, 0x00,
    0x9a, 0x82, 0x6b, 0x00, 0xaa, 0x7c, 0x56, 0x00, 0xd4, 0x82, 0x39, 0x53, 0xe9, 0x84, 0x29, 0xea,
    0xe9, 0x82, 0x2d, 0xff, 0xe7, 0x7f, 0x2c, 0xff, 0xe7, 0x82, 0x2e, 0xff, 0xe9, 0x84, 0x2e, 0xff,
    0xeb, 0x85, 0x2b, 0xff, 0xeb, 0x86, 0x29, 0xff, 0xeb, 0x85, 0x2b, 0xff, 0xeb, 0x85, 0x2b, 0xff,
    0xed, 0x85, 0x2b, 0xff, 0xed, 0x84, 0x2c, 0xff, 0xed, 0x84, 0x2c, 0xff, 0xdc, 0x83, 0x34, 0xff,
    0xbd, 0x83, 0x44, 0xff, 0x97, 0xa3, 0x85, 0xff, 0x47, 0xc4, 0xdf, 0xff, 0x0d, 0xc3, 0xfa, 0xff,
    0x12, 0xc5, 0xfc, 0xff, 0x12, 0xc4, 0xfe, 0xff, 0x10, 0xc5, 0xfe, 0xff, 0x0e, 0xc4, 0xff, 0xff,
    0x0c, 0xc5, 0xff, 0xff, 0x0c, 0xc5, 0xff, 0xff, 0x0c, 0xc6, 0xfe, 0xff, 0x0e, 0xc6, 0xfc, 0xff,
    0x0c, 0xc6, 0xfc, 0xff, 0x0c, 0xc6, 0xfc, 0xff, 0x0c, 0xc6, 0xfc, 0xff, 0x0c, 0xc6, 0xfc, 0xff,
    0x0c, 0xc6, 0xfc, 0xff, 0x0c, 0xc6, 0xfc, 0xff, 0x0c, 0xc6, 0xfe, 0xff, 0x0c, 0xc6, 0xfe, 0xff,
    0x0c, 0xc6, 0xfe, 0xff, 0x0c, 0xc6, 0xfe, 0xff, 0x0c, 0xc6, 0xfe, 0xff, 0x0c, 0xc6, 0xfc, 0xff,
    0x0e, 0xc6, 0xfc, 0xff, 0x0e, 0xc6, 0xfc, 0xff, 0x0e, 0xc6, 0xfc, 0xff, 0x0e, 0xc6, 0xfc, 0xff,
    0x0e, 0xc6, 0xfc, 0xff, 0x0e, 0xc6, 0xfc, 0xff, 0x0e, 0xc6, 0xfc, 0xff, 0x10, 0xc6, 0xfc, 0xff,
    0x12, 0xc5, 0xfc, 0xff, 0x0f, 0xc5, 0xfb, 0xff, 0x0b, 0xc6, 0xff, 0x95, 0x2b, 0xba, 0xf1, 0x00,
    0x80, 0xb4, 0xdd, 0x00, 0x9c, 0xa5, 0xe8, 0x00, 0x86, 0x94, 0xff, 0x00, 0x45, 0x58, 0xf2, 0x20,
    0x43, 0x56, 0xee, 0xab, 0x43, 0x56, 0xee, 0xff, 0x45, 0x57, 0xec, 0xff, 0x47, 0x56, 0xec, 0xff,
    0x49, 0x55, 0xee, 0xff, 0x49, 0x55, 0xee, 0xff, 0x47, 0x57, 0xeb, 0xff, 0x47, 0x57, 0xeb, 0xff,
    0x47, 0x55, 0xee, 0xff, 0x49, 0x56, 0xec, 0xff, 0x4d, 0x57, 0xe9, 0xff, 0x4d, 0x57, 0xe7, 0xeb,
    0x49, 0x57, 0xe9, 0x38, 0x53, 0x5e, 0xd7, 0x00, 0x6b, 0x6d, 0xb1, 0x00, 0x79, 0x78, 0x96, 0x00,
    0x00, 0x00, 0x06, 0x00, 0x00, 0x01, 0x00, 0x00, 0x00, 0x00, 0x00, 0x00, 0x00, 0x00, 0x00, 0x00,
    0x00, 0x00, 0x00, 0x00, 0x00, 0x00, 0x00, 0x00, 0x00, 0x00, 0x00, 0x00, 0x00, 0x00, 0x00, 0x00,
    0x00, 0x00, 0x00, 0x00, 0x00, 0x00, 0x00, 0x00, 0x00, 0x00, 0x00, 0x00, 0x00, 0x00, 0x00, 0x00,
    0x00, 0x00, 0x00, 0x00, 0x00, 0x00, 0x00, 0x00, 0x00, 0x00, 0x00, 0x00, 0x00, 0x00, 0x00, 0x00,
    0x00, 0x00, 0x02, 0x00, 0x00, 0x00, 0x02, 0x00, 0x00, 0x00, 0x00, 0x00, 0x00, 0x00, 0x00, 0x00,
    0x00, 0x00, 0x00, 0x00, 0x00, 0x00, 0x00, 0x00, 0x00, 0x00, 0x00, 0x00, 0x00, 0x00, 0x00, 0x00,
    0x77, 0x77, 0x77, 0x00, 0x8b, 0x7a, 0x68, 0x00, 0xb6, 0x7e, 0x4c, 0x00, 0xd1, 0x81, 0x39, 0x14,
    0xdf, 0x7f, 0x2f, 0x9f, 0xea, 0x85, 0x2f, 0xfe, 0xe6, 0x7e, 0x2b, 0xff, 0xee, 0x87, 0x31, 0xff,
    0xeb, 0x85, 0x2b, 0xff, 0xeb, 0x86, 0x29, 0xff, 0xeb, 0x85, 0x2b, 0xff, 0xeb, 0x85, 0x2b, 0xff,
    0xeb, 0x85, 0x2b, 0xff, 0xeb, 0x85, 0x2b, 0xff, 0xeb, 0x83, 0x2e, 0xff, 0xdc, 0x83, 0x34, 0xff,
    0xc5, 0x83, 0x41, 0xff, 0x96, 0x9c, 0x7b, 0xff, 0x4a, 0xc6, 0xdd, 0xff, 0x0f, 0xc4, 0xf8, 0xff,
    0x12, 0xc6, 0xfb, 0xff, 0x12, 0xc4, 0xfe, 0xff, 0x10, 0xc4, 0xff, 0xff, 0x0e, 0xc4, 0xff, 0xff,
    0x0c, 0xc5, 0xff, 0xff, 0x0c, 0xc6, 0xfe, 0xff, 0x0c, 0xc6, 0xfe, 0xff, 0x0c, 0xc6, 0xfe, 0xff,
    0x0c, 0xc6, 0xfe, 0xff, 0x0c, 0xc6, 0xfe, 0xff, 0x0c, 0xc6, 0xfe, 0xff, 0x0c, 0xc6, 0xfe, 0xff,
    0x0c, 0xc6, 0xfe, 0xff, 0x0c, 0xc6, 0xfe, 0xff, 0x0c, 0xc6, 0xfe, 0xff, 0x0c, 0xc6, 0xfe, 0xff,
    0x0c, 0xc6, 0xfe, 0xff, 0x0c, 0xc6, 0xfe, 0xff, 0x0c, 0xc6, 0xfe, 0xff, 0x0c, 0xc6, 0xfe, 0xff,
    0x0e, 0xc6, 0xfc, 0xff, 0x0e, 0xc6, 0xfc, 0xff, 0x0e, 0xc6, 0xfc, 0xff, 0x0e, 0xc6, 0xfc, 0xff,
    0x0e, 0xc6, 0xfc, 0xff, 0x0e, 0xc6, 0xfc, 0xff, 0x0e, 0xc6, 0xfc, 0xff, 0x10, 0xc6, 0xfc, 0xff,
    0x13, 0xc5, 0xfa, 0xff, 0x1c, 0xc6, 0xf8, 0xee, 0x2c, 0xc5, 0xf3, 0x14, 0x51, 0xbe, 0xdf, 0x00,
    0x98, 0xbe, 0xc8, 0x00, 0xaf, 0xb5, 0xd1, 0x00, 0x94, 0xa1, 0xfa, 0x00, 0x8a, 0x9c, 0xff, 0x00,
    0x51, 0x60, 0xd4, 0x00, 0x4f, 0x5e, 0xd9, 0x3f, 0x4b, 0x59, 0xe6, 0xbd, 0x49, 0x56, 0xec, 0xff,
    0x49, 0x55, 0xee, 0xff, 0x49, 0x55, 0xee, 0xff, 0x4b, 0x56, 0xeb, 0xff, 0x4b, 0x56, 0xeb, 0xff,
    0x49, 0x55, 0xee, 0xff, 0x4d, 0x58, 0xe6, 0xf8, 0x57, 0x5e, 0xd6, 0x9b, 0x59, 0x62, 0xce, 0x14,
    0x57, 0x62, 0xcf, 0x00, 0x61, 0x69, 0xbc, 0x00, 0x7b, 0x78, 0x96, 0x00, 0x85, 0x80, 0x81, 0x00,
    0x02, 0x00, 0x00, 0x00, 0x00, 0x00, 0x00, 0x00, 0x00, 0x00, 0x00, 0x00, 0x00, 0x00, 0x00, 0x00,
    0x00, 0x00, 0x00, 0x00, 0x00, 0x00, 0x00, 0x00, 0x00, 0x00, 0x00, 0x00, 0x00, 0x00, 0x00, 0x00,
    0x00, 0x00, 0x00, 0x00, 0x00, 0x00, 0x00, 0x00, 0x00, 0x00, 0x00, 0x00, 0x00, 0x00, 0x00, 0x00,
    0x00, 0x00, 0x00, 0x00, 0x00, 0x00, 0x00, 0x00, 0x00, 0x00, 0x00, 0x00, 0x00, 0x00, 0x00, 0x00,
    0x00, 0x00, 0x00, 0x00, 0x00, 0x00, 0x00, 0x00, 0x00, 0x00, 0x00, 0x00, 0x00, 0x00, 0x00, 0x00,
    0x00, 0x00, 0x00, 0x00, 0x00, 0x00, 0x00, 0x00, 0x00, 0x00, 0x00, 0x00, 0x00, 0x00, 0x00, 0x00,
    0x77, 0x79, 0x79, 0x00, 0x7c, 0x79, 0x75, 0x00, 0x87, 0x79, 0x6c, 0x00, 0xa5, 0x7c, 0x5a, 0x00,
    0xd2, 0x83, 0x3c, 0x00, 0xec, 0x88, 0x30, 0x33, 0xed, 0x82, 0x2d, 0xc3, 0xef, 0x81, 0x2d, 0xff,
    0xf0, 0x85, 0x2c, 0xff, 0xee, 0x87, 0x2a, 0xff, 0xe9, 0x85, 0x2c, 0xff, 0xe9, 0x85, 0x2c, 0xff,
    0xeb, 0x85, 0x2b, 0xff, 0xe9, 0x85, 0x2b, 0xff, 0xe5, 0x85, 0x2e, 0xff, 0xdc, 0x84, 0x33, 0xff,
    0xd0, 0x84, 0x3c, 0xff, 0x96, 0x91, 0x6b, 0xff, 0x4e, 0xc8, 0xe0, 0xff, 0x0d, 0xc5, 0xfb, 0xff,
    0x11, 0xc6, 0xff, 0xff, 0x11, 0xc5, 0xff, 0xff, 0x0f, 0xc5, 0xff, 0xff, 0x0f, 0xc5, 0xff, 0xff,
    0x0c, 0xc5, 0xff, 0xff, 0x0c, 0xc5, 0xff, 0xff, 0x0c, 0xc5, 0xff, 0xff, 0x0c, 0xc5, 0xff, 0xff,
    0x0c, 0xc5, 0xff, 0xff, 0x0c, 0xc5, 0xff, 0xff, 0x0c, 0xc5, 0xff, 0xff, 0x0c, 0xc5, 0xff, 0xff,
    0x0c, 0xc5, 0xff, 0xff, 0x0c, 0xc5, 0xff, 0xff, 0x0c, 0xc5, 0xff, 0xff, 0x0c, 0xc5, 0xff, 0xff,
    0x0c, 0xc6, 0xfe, 0xff, 0x0c, 0xc6, 0xfe, 0xff, 0x0c, 0xc6, 0xfe, 0xff, 0x0c, 0xc6, 0xfe, 0xff,
    0x0e, 0xc5, 0xfe, 0xff, 0x0e, 0xc5, 0xfe, 0xff, 0x0e, 0xc5, 0xfe, 0xff, 0x0e, 0xc5, 0xfe, 0xff,
    0x0e, 0xc6, 0xfc, 0xff, 0x0e, 0xc6, 0xfc, 0xff, 0x0e, 0xc6, 0xfc, 0xff, 0x10, 0xc6, 0xfb, 0xff,
    0x0f, 0xc5, 0xf7, 0xff, 0x34, 0xc9, 0xf0, 0x6f, 0x70, 0xc2, 0xd7, 0x00, 0x99, 0xbc, 0xc7, 0x00,
    0xae, 0xba, 0xbf, 0x00, 0xb7, 0xb8, 0xc3, 0x00, 0xaf, 0xb7, 0xd5, 0x00, 0xa6, 0xb0, 0xd7, 0x00,
    0x6f, 0x76, 0x9e, 0x00, 0x67, 0x6e, 0xb1, 0x00, 0x57, 0x5e, 0xd7, 0x00, 0x4d, 0x55, 0xec, 0x29,
    0x47, 0x56, 0xec, 0x6b, 0x47, 0x56, 0xec, 0x96, 0x4f, 0x56, 0xe9, 0x99, 0x4f, 0x56, 0xe9, 0x8a,
    0x4b, 0x55, 0xec, 0x5e, 0x51, 0x5e, 0xd9, 0x12, 0x65, 0x6f, 0xb0, 0x00, 0x6d, 0x77, 0x9c, 0x00,
    0x6d, 0x77, 0x9e, 0x00, 0x73, 0x79, 0x96, 0x00, 0x81, 0x7f, 0x86, 0x00, 0x85, 0x82, 0x7e, 0x00,
    0x02, 0x00, 0x00, 0x00, 0x00, 0x00, 0x00, 0x00, 0x00, 0x00, 0x00, 0x00, 0x00, 0x00, 0x00, 0x00,
    0x00, 0x00, 0x00, 0x00, 0x00, 0x00, 0x00, 0x00, 0x00, 0x00, 0x00, 0x00, 0x00, 0x00, 0x00, 0x00,
    0x00, 0x00, 0x00, 0x00, 0x00, 0x00, 0x00, 0x00, 0x00, 0x00, 0x00, 0x00, 0x00, 0x00, 0x00, 0x00,
    0x00, 0x00, 0x00, 0x00, 0x00, 0x00, 0x00, 0x00, 0x00, 0x00, 0x00, 0x00, 0x00, 0x00, 0x00, 0x00,
    0x00, 0x00, 0x00, 0x00, 0x00, 0x00, 0x00, 0x00, 0x00, 0x00, 0x00, 0x00, 0x00, 0x00, 0x00, 0x00,
    0x00, 0x00, 0x00, 0x00, 0x00, 0x00, 0x00, 0x00, 0x00, 0x00, 0x00, 0x00, 0x00, 0x00, 0x00, 0x00,
    0x79, 0x78, 0x7b, 0x00, 0x76, 0x77, 0x7a, 0x00, 0x74, 0x77, 0x7b, 0x00, 0x88, 0x7a, 0x6d, 0x00,
    0xb2, 0x80, 0x4b, 0x00, 0xd1, 0x87, 0x41, 0x00, 0xff, 0xbb, 0x79, 0x01, 0xdc, 0x81, 0x39, 0x5b,
    0xe8, 0x85, 0x31, 0xe3, 0xec, 0x85, 0x2d, 0xff, 0xe9, 0x85, 0x2c, 0xff, 0xe9, 0x85, 0x2c, 0xff,
    0xeb, 0x84, 0x2c, 0xff, 0xe9, 0x85, 0x2c, 0xff, 0xe7, 0x84, 0x2e, 0xff, 0xe3, 0x83, 0x31, 0xff,
    0xda, 0x83, 0x34, 0xff, 0x9d, 0x8a, 0x5d, 0xff, 0x61, 0xcb, 0xda, 0xff, 0x17, 0xc5, 0xf6, 0xff,
    0x11, 0xc7, 0xfe, 0xff, 0x0f, 0xc6, 0xff, 0xff, 0x0f, 0xc5, 0xff, 0xff, 0x0f, 0xc5, 0xff, 0xff,
    0x0e, 0xc4, 0xff, 0xff, 0x0c, 0xc5, 0xff, 0xff, 0x0c, 0xc5, 0xff, 0xff, 0x0c, 0xc5, 0xff, 0xff,
    0x0c, 0xc5, 0xff, 0xff, 0x0c, 0xc5, 0xff, 0xff, 0x0c, 0xc5, 0xff, 0xff, 0x0c, 0xc5, 0xff, 0xff,
    0x0c, 0xc5, 0xff, 0xff, 0x0c, 0xc5, 0xff, 0xff, 0x0c, 0xc5, 0xff, 0xff, 0x0c, 0xc5, 0xff, 0xff,
    0x0c, 0xc6, 0xfe, 0xff, 0x0c, 0xc6, 0xfe, 0xff, 0x0c, 0xc6, 0xfe, 0xff, 0x0c, 0xc6, 0xfe, 0xff,
    0x0e, 0xc5, 0xfe, 0xff, 0x0e, 0xc5, 0xfe, 0xff, 0x0e, 0xc5, 0xfe, 0xff, 0x0e, 0xc5, 0xfe, 0xff,
    0x0e, 0xc6, 0xfc, 0xff, 0x0e, 0xc6, 0xfc, 0xff, 0x0e, 0xc6, 0xfc, 0xff, 0x0e, 0xc6, 0xfc, 0xff,
    0x0f, 0xc5, 0xfa, 0xd6, 0x41, 0xcb, 0xef, 0x05, 0x91, 0xc0, 0xcb, 0x00, 0xbd, 0xbd, 0xbb, 0x00,
    0xbb, 0xbb, 0xbb, 0x00, 0xbb, 0xbb, 0xbb, 0x00, 0xbb, 0xbd, 0xbd, 0x00, 0xb9, 0xbb, 0xbd, 0x00,
    0x81, 0x80, 0x83, 0x00, 0x79, 0x78, 0x96, 0x00, 0x67, 0x67, 0xbe, 0x00, 0x5b, 0x5f, 0xd3, 0x00,
    0x53, 0x62, 0xd1, 0x00, 0x53, 0x62, 0xcf, 0x00, 0x5b, 0x62, 0xcc, 0x00, 0x5d, 0x61, 0xce, 0x00,
    0x57, 0x61, 0xd1, 0x00, 0x5f, 0x68, 0xbf, 0x00, 0x71, 0x79, 0x98, 0x00, 0x7b, 0x81, 0x84, 0x00,
    0x7b, 0x80, 0x86, 0x00, 0x7d, 0x81, 0x83, 0x00, 0x81, 0x82, 0x80, 0x00, 0x83, 0x82, 0x7e, 0x00,
    0x00, 0x01, 0x00, 0x00, 0x00, 0x00, 0x00, 0x00, 0x00, 0x00, 0x00, 0x00, 0x00, 0x00, 0x00, 0x00,
    0x00, 0x00, 0x00, 0x00, 0x00, 0x00, 0x00, 0x00, 0x00, 0x00, 0x00, 0x00, 0x00, 0x00, 0x00, 0x00,
    0x00, 0x00, 0x00, 0x00, 0x00, 0x00, 0x00, 0x00, 0x00, 0x00, 0x00, 0x00, 0x00, 0x00, 0x00, 0x00,
    0x00, 0x00, 0x00, 0x00, 0x00, 0x00, 0x00, 0x00, 0x00, 0x00, 0x00, 0x00, 0x00, 0x00, 0x00, 0x00,
    0x00, 0x00, 0x00, 0x00, 0x00, 0x00, 0x00, 0x00, 0x00, 0x00, 0x00, 0x00, 0x00, 0x00, 0x00, 0x00,
    0x00, 0x00, 0x00, 0x00, 0x00, 0x00, 0x00, 0x00, 0x00, 0x00, 0x00, 0x00, 0x02, 0x00, 0x02, 0x00,
    0x7d, 0x77, 0x7c, 0x00, 0x7c, 0x76, 0x7b, 0x00, 0x7b, 0x79, 0x79, 0x00, 0x7f, 0x7b, 0x73, 0x00,
    0x8b, 0x7e, 0x69, 0x00, 0x95, 0x7e, 0x64, 0x00, 0x9b, 0x7d, 0x64, 0x00, 0xb2, 0x7f, 0x58, 0x00,
    0xd6, 0x82, 0x3c, 0x0a, 0xea, 0x85, 0x2f, 0x77, 0xec, 0x85, 0x2d, 0xf3, 0xee, 0x85, 0x2d, 0xff,
    0xe8, 0x81, 0x2b, 0xff, 0xee, 0x84, 0x2f, 0xff, 0xe8, 0x7d, 0x25, 0xff, 0xed, 0x84, 0x2c, 0xff,
    0xe3, 0x83, 0x2e, 0xff, 0xa5, 0x84, 0x4c, 0xff, 0x66, 0xb8, 0xb8, 0xff, 0x32, 0xcb, 0xed, 0xff,
    0x18, 0xc6, 0xf9, 0xff, 0x0d, 0xc6, 0xff, 0xff, 0x0f, 0xc5, 0xff, 0xff, 0x11, 0xc4, 0xff, 0xff,
    0x0e, 0xc4, 0xff, 0xff, 0x0e, 0xc5, 0xfe, 0xff, 0x0e, 0xc5, 0xfe, 0xff, 0x0e, 0xc5, 0xfe, 0xff,
    0x0e, 0xc5, 0xfe, 0xff, 0x0e, 0xc5, 0xfe, 0xff, 0x0e, 0xc5, 0xfe, 0xff, 0x0e, 0xc5, 0xfe, 0xff,
    0x0e, 0xc5, 0xfe, 0xff, 0x0e, 0xc5, 0xfe, 0xff, 0x0e, 0xc5, 0xfe, 0xff, 0x0e, 0xc5, 0xfe, 0xff,
    0x0e, 0xc5, 0xfe, 0xff, 0x0e, 0xc5, 0xfe, 0xff, 0x0e, 0xc5, 0xfe, 0xff, 0x0e, 0xc5, 0xfe, 0xff,
    0x0e, 0xc6, 0xfc, 0xff, 0x0e, 0xc6, 0xfc, 0xff, 0x0e, 0xc6, 0xfc, 0xff, 0x0e, 0xc6, 0xfc, 0xff,
    0x0e, 0xc6, 0xfc, 0xff, 0x0e, 0xc6, 0xfc, 0xff, 0x0e, 0xc6, 0xfc, 0xff, 0x0e, 0xc6, 0xfc, 0xff,
    0x0f, 0xc5, 0xfb, 0x48, 0x3a, 0xc2, 0xec, 0x00, 0x8d, 0xbd, 0xca, 0x00, 0xb7, 0xbd, 0xba, 0x00,
    0xb7, 0xbe, 0xb8, 0x00, 0xb9, 0xbd, 0xb8, 0x00, 0xbd, 0xbc, 0xba, 0x00, 0xbf, 0xbb, 0xba, 0x00,
    0x85, 0x81, 0x80, 0x00, 0x81, 0x7e, 0x88, 0x00, 0x79, 0x77, 0x99, 0x00, 0x73, 0x75, 0xa0, 0x00,
    0x6f, 0x77, 0x9c, 0x00, 0x6f, 0x79, 0x99, 0x00, 0x73, 0x79, 0x98, 0x00, 0x73, 0x78, 0x99, 0x00,
    0x71, 0x77, 0x9c, 0x00, 0x75, 0x77, 0x99, 0x00, 0x7d, 0x7c, 0x8e, 0x00, 0x7f, 0x7e, 0x88, 0x00,
    0x7d, 0x80, 0x86, 0x00, 0x7d, 0x80, 0x84, 0x00, 0x7f, 0x82, 0x81, 0x00, 0x7f, 0x82, 0x81, 0x00,
    0x00, 0x00, 0x00, 0x00, 0x00, 0x00, 0x00, 0x00, 0x00, 0x00, 0x00, 0x00, 0x00, 0x00, 0x00, 0x00,
    0x00, 0x00, 0x00, 0x00, 0x00, 0x00, 0x00, 0x00, 0x00, 0x00, 0x00, 0x00, 0x00, 0x00, 0x00, 0x00,
    0x00, 0x00, 0x00, 0x00, 0x00, 0x00, 0x00, 0x00, 0x00, 0x00, 0x00, 0x00, 0x00, 0x00, 0x00, 0x00,
    0x00, 0x00, 0x00, 0x00, 0x00, 0x00, 0x00, 0x00, 0x00, 0x00, 0x00, 0x00, 0x00, 0x00, 0x00, 0x00,
    0x00, 0x00, 0x00, 0x00, 0x00, 0x00, 0x00, 0x00, 0x00, 0x00, 0x00, 0x00, 0x00, 0x00, 0x00, 0x00,
    0x00, 0x00, 0x00, 0x00, 0x00, 0x00, 0x00, 0x00, 0x00, 0x00, 0x00, 0x00, 0x00, 0x00, 0x02, 0x00,
    0x7b, 0x77, 0x7c, 0x00, 0x7a, 0x77, 0x7a, 0x00, 0x7b, 0x79, 0x79, 0x00, 0x79, 0x7a, 0x78, 0x00,
    0x75, 0x7a, 0x79, 0x00, 0x75, 0x7a, 0x79, 0x00, 0x7b, 0x7a, 0x76, 0x00, 0x91, 0x7d, 0x68, 0x00,
    0xb5, 0x80, 0x4d, 0x00, 0xcb, 0x82, 0x41, 0x00, 0xd0, 0x82, 0x3f, 0x1e, 0xd8, 0x83, 0x3a, 0xa8,
    0xe4, 0x84, 0x34, 0xfe, 0xea, 0x81, 0x2b, 0xff, 0xee, 0x81, 0x2a, 0xff, 0xec, 0x82, 0x28, 0xff,
    0xe5, 0x85, 0x29, 0xff, 0xb2, 0x85, 0x41, 0xff, 0x6f, 0xa3, 0x8f, 0xff, 0x53, 0xcc, 0xdf, 0xff,
    0x22, 0xc7, 0xf3, 0xff, 0x0d, 0xc7, 0xff, 0xff, 0x0f, 0xc6, 0xff, 0xff, 0x11, 0xc5, 0xff, 0xff,
    0x10, 0xc5, 0xfe, 0xff, 0x0e, 0xc6, 0xfc, 0xff, 0x0e, 0xc6, 0xfc, 0xff, 0x0e, 0xc6, 0xfc, 0xff,
    0x0e, 0xc6, 0xfc, 0xff, 0x0e, 0xc6, 0xfc, 0xff, 0x0e, 0xc6, 0xfc, 0xff, 0x0e, 0xc6, 0xfc, 0xff,
    0x0e, 0xc6, 0xfc, 0xff, 0x0e, 0xc6, 0xfc, 0xff, 0x0e, 0xc6, 0xfc, 0xff, 0x0e, 0xc6, 0xfc, 0xff,
    0x0e, 0xc6, 0xfc, 0xff, 0x0e, 0xc5, 0xfe, 0xff, 0x0e, 0xc5, 0xfe, 0xff, 0x0e, 0xc6, 0xfc, 0xff,
    0x0e, 0xc6, 0xfc, 0xff, 0x0e, 0xc6, 0xfc, 0xff, 0x0e, 0xc6, 0xfc, 0xff, 0x0e, 0xc6, 0xfc, 0xff,
    0x0e, 0xc6, 0xfc, 0xff, 0x0e, 0xc6, 0xfc, 0xff, 0x0e, 0xc6, 0xfc, 0xff, 0x1a, 0xc5, 0xf9, 0xb2,
    0x2e, 0xc2, 0xf0, 0x00, 0x57, 0xbd, 0xdf, 0x00, 0x97, 0xbd, 0xc7, 0x00, 0xb7, 0xbd, 0xba, 0x00,
    0xb7, 0xbf, 0xb7, 0x00, 0xb9, 0xbe, 0xb7, 0x00, 0xbd, 0xbc, 0xba, 0x00, 0xbf, 0xbb, 0xba, 0x00,
    0x87, 0x81, 0x80, 0x00, 0x85, 0x80, 0x81, 0x00, 0x81, 0x7f, 0x86, 0x00, 0x7f, 0x7f, 0x86, 0x00,
    0x7d, 0x82, 0x81, 0x00, 0x7d, 0x83, 0x80, 0x00, 0x7f, 0x82, 0x80, 0x00, 0x7f, 0x82, 0x80, 0x00,
    0x7f, 0x81, 0x83, 0x00, 0x7f, 0x80, 0x84, 0x00, 0x81, 0x7f, 0x86, 0x00, 0x83, 0x7e, 0x86, 0x00,
    0x81, 0x80, 0x83, 0x00, 0x7f, 0x82, 0x81, 0x00, 0x7d, 0x82, 0x81, 0x00, 0x7d, 0x82, 0x81, 0x00,
    0x00, 0x00, 0x00, 0x00, 0x00, 0x00, 0x00, 0x00, 0x00, 0x00, 0x00, 0x00, 0x00, 0x00, 0x00, 0x00,
    0x00, 0x00, 0x00, 0x00, 0x00, 0x00, 0x00, 0x00, 0x00, 0x00, 0x00, 0x00, 0x00, 0x00, 0x00, 0x00,
    0x00, 0x00, 0x00, 0x00, 0x00, 0x00, 0x00, 0x00, 0x00, 0x00, 0x00, 0x00, 0x00, 0x00, 0x00, 0x00,
    0x00, 0x00, 0x00, 0x00, 0x00, 0x00, 0x00, 0x00, 0x00, 0x00, 0x00, 0x00, 0x00, 0x00, 0x00, 0x00,
    0x00, 0x00, 0x00, 0x00, 0x00, 0x00, 0x00, 0x00, 0x00, 0x00, 0x00, 0x00, 0x00, 0x00, 0x00, 0x00,
    0x00, 0x00, 0x00, 0x00, 0x00, 0x00, 0x00, 0x00, 0x00, 0x00, 0x00, 0x00, 0x00, 0x00, 0x00, 0x00,
    0x75, 0x79, 0x7b, 0x00, 0x74, 0x78, 0x7a, 0x00, 0x77, 0x79, 0x79, 0x00, 0x75, 0x79, 0x7b, 0x00,
    0x6f, 0x79, 0x7e, 0x00, 0x71, 0x79, 0x7c, 0x00, 0x77, 0x7a, 0x78, 0x00, 0x7f, 0x7d, 0x70, 0x00,
    0x8a, 0x7d, 0x66, 0x00, 0x92, 0x7e, 0x62, 0x00, 0x95, 0x7c, 0x60, 0x00, 0xab, 0x7e, 0x54, 0x00,
    0xcf, 0x80, 0x34, 0x3c, 0xec, 0x86, 0x2c, 0xcd, 0xef, 0x84, 0x2b, 0xff, 0xee, 0x86, 0x2c, 0xff,
    0xe3, 0x86, 0x28, 0xff, 0xbc, 0x87, 0x39, 0xff, 0x7c, 0x8b, 0x64, 0xff, 0x6c, 0xc1, 0xbf, 0xff,
    0x2f, 0xca, 0xec, 0xff, 0x0c, 0xc7, 0xfb, 0xff, 0x11, 0xc7, 0xfe, 0xff, 0x13, 0xc6, 0xfe, 0xff,
    0x10, 0xc6, 0xfb, 0xff, 0x10, 0xc6, 0xfb, 0xff, 0x10, 0xc6, 0xfb, 0xff, 0x10, 0xc6, 0xfb, 0xff,
    0x10, 0xc6, 0xfb, 0xff, 0x10, 0xc6, 0xfb, 0xff, 0x10, 0xc6, 0xfb, 0xff, 0x10, 0xc6, 0xfb, 0xff,
    0x10, 0xc6, 0xfb, 0xff, 0x10, 0xc6, 0xfb, 0xff, 0x10, 0xc6, 0xfb, 0xff, 0x10, 0xc6, 0xfb, 0xff,
    0x10, 0xc6, 0xfb, 0xff, 0x10, 0xc6, 0xfc, 0xff, 0x10, 0xc6, 0xfc, 0xff, 0x10, 0xc6, 0xfb, 0xff,
    0x0e, 0xc7, 0xfb, 0xff, 0x0e, 0xc7, 0xfb, 0xff, 0x0e, 0xc7, 0xfb, 0xff, 0x0e, 0xc7, 0xfb, 0xff,
    0x0e, 0xc6, 0xfc, 0xff, 0x0e, 0xc6, 0xfc, 0xff, 0x0e, 0xc6, 0xfc, 0xf9, 0x30, 0xc4, 0xf3, 0x26,
    0x6f, 0xbc, 0xd8, 0x00, 0x99, 0xbc, 0xc8, 0x00, 0xab, 0xbc, 0xc0, 0x00, 0xb5, 0xbd, 0xba, 0x00,
    0xb7, 0xbf, 0xb7, 0x00, 0xb9, 0xbe, 0xb7, 0x00, 0xb9, 0xbc, 0xbb, 0x00, 0xbb, 0xbb, 0xbd, 0x00,
    0x85, 0x80, 0x81, 0x00, 0x85, 0x80, 0x81, 0x00, 0x81, 0x80, 0x84, 0x00, 0x7f, 0x80, 0x84, 0x00,
    0x7d, 0x82, 0x81, 0x00, 0x7d, 0x82, 0x81, 0x00, 0x7f, 0x81, 0x83, 0x00, 0x7f, 0x81, 0x83, 0x00,
    0x7d, 0x81, 0x83, 0x00, 0x7f, 0x81, 0x83, 0x00, 0x81, 0x80, 0x83, 0x00, 0x83, 0x81, 0x81, 0x00,
    0x83, 0x82, 0x80, 0x00, 0x81, 0x83, 0x7e, 0x00, 0x7d, 0x84, 0x7c, 0x00, 0x7d, 0x84, 0x7c, 0x00,
    0x00, 0x01, 0x00, 0x00, 0x00, 0x00, 0x00, 0x00, 0x00, 0x00, 0x00, 0x00, 0x00, 0x00, 0x00, 0x00,
    0x00, 0x00, 0x00, 0x00, 0x00, 0x00, 0x00, 0x00, 0x00, 0x00, 0x00, 0x00, 0x00, 0x00, 0x00, 0x00,
    0x00, 0x00, 0x00, 0x00, 0x00, 0x00, 0x00, 0x00, 0x00, 0x00, 0x00, 0x00, 0x00, 0x00, 0x00, 0x00,
    0x00, 0x00, 0x00, 0x00, 0x00, 0x00, 0x00, 0x00, 0x00, 0x00, 0x00, 0x00, 0x00, 0x00, 0x00, 0x00,
    0x00, 0x00, 0x00, 0x00, 0x00, 0x00, 0x00, 0x00, 0x00, 0x00, 0x00, 0x00, 0x00, 0x00, 0x00, 0x00,
    0x00, 0x00, 0x00, 0x00, 0x00, 0x00, 0x00, 0x00, 0x00, 0x00, 0x00, 0x00, 0x00, 0x00, 0x00, 0x00,
    0x73, 0x7a, 0x79, 0x00, 0x72, 0x79, 0x78, 0x00, 0x75, 0x79, 0x7b, 0x00, 0x75, 0x78, 0x7c, 0x00,
    0x71, 0x77, 0x7f, 0x00, 0x71, 0x78, 0x7e, 0x00, 0x75, 0x7b, 0x78, 0x00, 0x77, 0x7b, 0x76, 0x00,
    0x76, 0x7b, 0x73, 0x00, 0x76, 0x7b, 0x73, 0x00, 0x77, 0x79, 0x72, 0x00, 0x8d, 0x7b, 0x65, 0x00,
    0xb5, 0x7e, 0x49, 0x00, 0xff, 0xbf, 0x74, 0x01, 0xe8, 0x85, 0x2f, 0x5e, 0xee, 0x87, 0x2a, 0xe7,
    0xe0, 0x83, 0x23, 0xff, 0xce, 0x8b, 0x36, 0xff, 0x9d, 0x83, 0x48, 0xff, 0x7f, 0xa5, 0x8d, 0xff,
    0x49, 0xc9, 0xdb, 0xff, 0x1a, 0xc9, 0xf3, 0xff, 0x15, 0xc8, 0xfa, 0xff, 0x13, 0xc7, 0xfc, 0xff,
    0x12, 0xc6, 0xfb, 0xff, 0x10, 0xc6, 0xfb, 0xff, 0x10, 0xc6, 0xfb, 0xff, 0x10, 0xc6, 0xfb, 0xff,
    0x0e, 0xc8, 0xf9, 0xff, 0x10, 0xc7, 0xf9, 0xff, 0x12, 0xc7, 0xf9, 0xff, 0x12, 0xc7, 0xf9, 0xff,
    0x10, 0xc7, 0xf9, 0xff, 0x10, 0xc7, 0xf9, 0xff, 0x10, 0xc7, 0xf9, 0xff, 0x10, 0xc7, 0xf9, 0xff,
    0x10, 0xc6, 0xfb, 0xff, 0x10, 0xc6, 0xfb, 0xff, 0x10, 0xc6, 0xfb, 0xff, 0x0e, 0xc7, 0xfb, 0xff,
    0x0e, 0xc6, 0xfc, 0xff, 0x0c, 0xc6, 0xfc, 0xff, 0x0e, 0xc6, 0xfc, 0xff, 0x0e, 0xc6, 0xfc, 0xff,
    0x0e, 0xc6, 0xfc, 0xff, 0x0c, 0xc6, 0xfc, 0xff, 0x0a, 0xc8, 0xfb, 0x80, 0x38, 0xc6, 0xec, 0x00,
    0x8f, 0xbc, 0xcb, 0x00, 0xbb, 0xbb, 0xbd, 0x00, 0xb7, 0xbb, 0xbd, 0x00, 0xb6, 0xbb, 0xba, 0x00,
    0xb9, 0xbe, 0xb7, 0x00, 0xb9, 0xbd, 0xb8, 0x00, 0xb7, 0xbc, 0xbb, 0x00, 0xb9, 0xbb, 0xbd, 0x00,
    0x83, 0x81, 0x81, 0x00, 0x85, 0x80, 0x81, 0x00, 0x81, 0x80, 0x83, 0x00, 0x7f, 0x81, 0x83, 0x00,
    0x7f, 0x82, 0x81, 0x00, 0x7f, 0x82, 0x81, 0x00, 0x7f, 0x81, 0x83, 0x00, 0x7f, 0x80, 0x84, 0x00,
    0x7f, 0x81, 0x83, 0x00, 0x7f, 0x82, 0x81, 0x00, 0x81, 0x81, 0x81, 0x00, 0x83, 0x82, 0x80, 0x00,
    0x83, 0x82, 0x7e, 0x00, 0x83, 0x83, 0x7c, 0x00, 0x7f, 0x84, 0x7c, 0x00, 0x7d, 0x84, 0x7c, 0x00,
    0x00, 0x01, 0x00, 0x00, 0x00, 0x00, 0x00, 0x00, 0x00, 0x00, 0x00, 0x00, 0x00, 0x00, 0x00, 0x00,
    0x00, 0x00, 0x00, 0x00, 0x00, 0x00, 0x00, 0x00, 0x00, 0x00, 0x00, 0x00, 0x00, 0x00, 0x00, 0x00,
    0x00, 0x00, 0x00, 0x00, 0x00, 0x00, 0x00, 0x00, 0x00, 0x00, 0x00, 0x00, 0x00, 0x00, 0x00, 0x00,
    0x00, 0x00, 0x00, 0x00, 0x00, 0x00, 0x00, 0x00, 0x00, 0x00, 0x00, 0x00, 0x00, 0x00, 0x00, 0x00,
    0x00, 0x00, 0x00, 0x00, 0x00, 0x00, 0x00, 0x00, 0x00, 0x00, 0x00, 0x00, 0x00, 0x00, 0x00, 0x00,
    0x00, 0x00, 0x00, 0x00, 0x00, 0x00, 0x00, 0x00, 0x00, 0x00, 0x00, 0x00, 0x00, 0x00, 0x00, 0x00,
    0x00, 0x00, 0x00, 0x00, 0x00, 0x00, 0x00, 0x00, 0x00, 0x00, 0x00, 0x00, 0x00, 0x00, 0x02, 0x00,
    0x00, 0x00, 0x02, 0x00, 0x00, 0x00, 0x02, 0x00, 0x00, 0x00, 0x00, 0x00, 0x00, 0x01, 0x00, 0x00,
    0x73, 0x71, 0x71, 0x00, 0x70, 0x71, 0x6e, 0x00, 0x6e, 0x71, 0x6e, 0x00, 0x76, 0x72, 0x69, 0x00,
    0x84, 0x73, 0x61, 0x00, 0xa4, 0x77, 0x4e, 0x00, 0xd7, 0x7c, 0x30, 0x00, 0xeb, 0x80, 0x22, 0x0e,
    0xe9, 0x84, 0x29, 0x89, 0xe1, 0x85, 0x2f, 0xf8, 0xcf, 0x82, 0x38, 0xff, 0x9c, 0x87, 0x58, 0xfe,
    0x75, 0xc7, 0xc7, 0xff, 0x34, 0xc7, 0xe4, 0xff, 0x18, 0xc5, 0xef, 0xff, 0x10, 0xc6, 0xfb, 0xff,
    0x12, 0xc5, 0xfc, 0xff, 0x12, 0xc4, 0xfe, 0xff, 0x12, 0xc4, 0xff, 0xff, 0x10, 0xc5, 0xfe, 0xff,
    0x0a, 0xc8, 0xf9, 0xff, 0x0e, 0xc9, 0xf8, 0xff, 0x16, 0xc7, 0xf8, 0xff, 0x18, 0xc6, 0xf9, 0xff,
    0x12, 0xc7, 0xf9, 0xff, 0x0e, 0xc7, 0xfb, 0xff, 0x0e, 0xc7, 0xfb, 0xff, 0x0e, 0xc7, 0xfb, 0xff,
    0x0e, 0xc7, 0xfb, 0xff, 0x0e, 0xc7, 0xfb, 0xff, 0x0e, 0xc7, 0xfb, 0xff, 0x0e, 0xc6, 0xfc, 0xff,
    0x0a, 0xc6, 0xfe, 0xff, 0x0a, 0xc5, 0xff, 0xff, 0x0c, 0xc5, 0xff, 0xff, 0x0e, 0xc4, 0xff, 0xff,
    0x0c, 0xc6, 0xfe, 0xff, 0x07, 0xc7, 0xfa, 0xcc, 0x06, 0xd0, 0xfc, 0x06, 0x31, 0xca, 0xea, 0x00,
    0x00, 0x02, 0x0e, 0x00, 0x00, 0x00, 0x00, 0x00, 0x00, 0x00, 0x00, 0x00, 0x00, 0x00, 0x00, 0x00,
    0x00, 0x01, 0x00, 0x00, 0x00, 0x01, 0x00, 0x00, 0x00, 0x00, 0x00, 0x00, 0x00, 0x00, 0x00, 0x00,
    0x00, 0x00, 0x00, 0x00, 0x02, 0x00, 0x00, 0x00, 0x00, 0x00, 0x00, 0x00, 0x00, 0x00, 0x00, 0x00,
    0x00, 0x01, 0x00, 0x00, 0x00, 0x01, 0x00, 0x00, 0x00, 0x00, 0x00, 0x00, 0x00, 0x00, 0x00, 0x00,
    0x00, 0x00, 0x00, 0x00, 0x00, 0x00, 0x00, 0x00, 0x00, 0x00, 0x00, 0x00, 0x00, 0x00, 0x00, 0x00,
    0x00, 0x01, 0x00, 0x00, 0x00, 0x01, 0x00, 0x00, 0x00, 0x01, 0x00, 0x00, 0x00, 0x01, 0x00, 0x00,
    0x00, 0x00, 0x00, 0x00, 0x00, 0x00, 0x00, 0x00, 0x00, 0x00, 0x00, 0x00, 0x00, 0x00, 0x00, 0x00,
    0x00, 0x00, 0x00, 0x00, 0x00, 0x00, 0x00, 0x00, 0x00, 0x00, 0x00, 0x00, 0x00, 0x00, 0x00, 0x00,
    0x00, 0x00, 0x00, 0x00, 0x00, 0x00, 0x00, 0x00, 0x00, 0x00, 0x00, 0x00, 0x00, 0x00, 0x00, 0x00,
    0x00, 0x00, 0x00, 0x00, 0x00, 0x00, 0x00, 0x00, 0x00, 0x00, 0x00, 0x00, 0x00, 0x00, 0x00, 0x00,
    0x00, 0x00, 0x00, 0x00, 0x00, 0x00, 0x00, 0x00, 0x00, 0x00, 0x00, 0x00, 0x00, 0x00, 0x00, 0x00,
    0x00, 0x00, 0x00, 0x00, 0x00, 0x00, 0x00, 0x00, 0x00, 0x00, 0x00, 0x00, 0x00, 0x00, 0x00, 0x00,
    0x00, 0x00, 0x00, 0x00, 0x00, 0x00, 0x00, 0x00, 0x00, 0x00, 0x00, 0x00, 0x00, 0x00, 0x00, 0x00,
    0x00, 0x00, 0x00, 0x00, 0x00, 0x00, 0x00, 0x00, 0x00, 0x00, 0x00, 0x00, 0x00, 0x00, 0x00, 0x00,
    0x71, 0x70, 0x73, 0x00, 0x70, 0x70, 0x70, 0x00, 0x6e, 0x71, 0x6e, 0x00, 0x6e, 0x71, 0x6e, 0x00,
    0x6e, 0x6f, 0x71, 0x00, 0x88, 0x72, 0x61, 0x00, 0xb8, 0x78, 0x43, 0x00, 0xcf, 0x7b, 0x35, 0x00,
    0xf3, 0xa3, 0x61, 0x00, 0xd9, 0x82, 0x3e, 0x24, 0xe3, 0x7f, 0x35, 0xaa, 0xbe, 0x81, 0x44, 0xff,
    0x78, 0x99, 0x81, 0xfb, 0x60, 0xc8, 0xd1, 0xff, 0x2e, 0xc9, 0xeb, 0xff, 0x13, 0xc6, 0xf6, 0xff,
    0x12, 0xc5, 0xfc, 0xff, 0x12, 0xc4, 0xfe, 0xff, 0x10, 0xc4, 0xff, 0xff, 0x0e, 0xc5, 0xfe, 0xff,
    0x0a, 0xc8, 0xfb, 0xff, 0x0c, 0xc8, 0xf9, 0xff, 0x14, 0xc7, 0xf8, 0xff, 0x16, 0xc6, 0xf9, 0xff,
    0x10, 0xc6, 0xfb, 0xff, 0x0e, 0xc7, 0xfb, 0xff, 0x0e, 0xc7, 0xfb, 0xff, 0x0e, 0xc7, 0xfb, 0xff,
    0x0e, 0xc7, 0xfb, 0xff, 0x0e, 0xc7, 0xfb, 0xff, 0x0e, 0xc7, 0xfb, 0xff, 0x0c, 0xc6, 0xfc, 0xff,
    0x0a, 0xc5, 0xff, 0xff, 0x0a, 0xc5, 0xff, 0xff, 0x0e, 0xc4, 0xff, 0xff, 0x10, 0xc5, 0xfe, 0xff,
    0x0d, 0xc4, 0xfd, 0xe7, 0x16, 0xca, 0xfa, 0x1e, 0x23, 0xc9, 0xeb, 0x00, 0x50, 0xc9, 0xdc, 0x00,
    0x00, 0x03, 0x0a, 0x00, 0x00, 0x00, 0x00, 0x00, 0x00, 0x00, 0x00, 0x00, 0x00, 0x00, 0x00, 0x00,
    0x00, 0x00, 0x00, 0x00, 0x00, 0x00, 0x00, 0x00, 0x00, 0x00, 0x00, 0x00, 0x00, 0x00, 0x00, 0x00,
    0x00, 0x01, 0x00, 0x00, 0x00, 0x01, 0x00, 0x00, 0x00, 0x01, 0x00, 0x00, 0x00, 0x01, 0x00, 0x00,
    0x00, 0x01, 0x00, 0x00, 0x00, 0x01, 0x00, 0x00, 0x00, 0x01, 0x00, 0x00, 0x00, 0x01, 0x00, 0x00,
    0x00, 0x00, 0x00, 0x00, 0x00, 0x00, 0x00, 0x00, 0x00, 0x00, 0x00, 0x00, 0x00, 0x00, 0x00, 0x00,
    0x00, 0x00, 0x00, 0x00, 0x00, 0x00, 0x00, 0x00, 0x00, 0x00, 0x00, 0x00, 0x00, 0x00, 0x00, 0x00,
    0x00, 0x00, 0x00, 0x00, 0x00, 0x00, 0x00, 0x00, 0x00, 0x00, 0x00, 0x00, 0x00, 0x00, 0x00, 0x00,
    0x00, 0x00, 0x00, 0x00, 0x00, 0x00, 0x00, 0x00, 0x00, 0x00, 0x00, 0x00, 0x00, 0x00, 0x00, 0x00,
    0x00, 0x00, 0x00, 0x00, 0x00, 0x00, 0x00, 0x00, 0x00, 0x00, 0x00, 0x00, 0x00, 0x00, 0x00, 0x00,
    0x00, 0x00, 0x00, 0x00, 0x00, 0x00, 0x00, 0x00, 0x00, 0x00, 0x00, 0x00, 0x00, 0x00, 0x00, 0x00,
    0x00, 0x00, 0x00, 0x00, 0x00, 0x00, 0x00, 0x00, 0x00, 0x00, 0x00, 0x00, 0x00, 0x00, 0x00, 0x00,
    0x00, 0x00, 0x00, 0x00, 0x00, 0x00, 0x00, 0x00, 0x00, 0x00, 0x00, 0x00, 0x00, 0x00, 0x00, 0x00,
    0x00, 0x00, 0x00, 0x00, 0x00, 0x00, 0x00, 0x00, 0x00, 0x00, 0x00, 0x00, 0x00, 0x00, 0x00, 0x00,
    0x00, 0x00, 0x00, 0x00, 0x00, 0x00, 0x00, 0x00, 0x00, 0x00, 0x00, 0x00, 0x00, 0x00, 0x00, 0x00,
    0x6d, 0x71, 0x73, 0x00, 0x6c, 0x71, 0x70, 0x00, 0x6e, 0x71, 0x6e, 0x00, 0x6e, 0x71, 0x6e, 0x00,
    0x6e, 0x6f, 0x71, 0x00, 0x76, 0x70, 0x6d, 0x00, 0x88, 0x72, 0x61, 0x00, 0x90, 0x73, 0x5d, 0x00,
    0xb6, 0x99, 0x85, 0x00, 0xcf, 0x9d, 0x7a, 0x00, 0xf8, 0x9d, 0x5f, 0x00, 0xd1, 0x80, 0x3b, 0x44,
    0x9f, 0x84, 0x54, 0xdc, 0x76, 0xa1, 0x8e, 0xf7, 0x4d, 0xcd, 0xdf, 0xff, 0x1a, 0xc7, 0xef, 0xff,
    0x12, 0xc8, 0xf8, 0xff, 0x0e, 0xc7, 0xfb, 0xff, 0x0e, 0xc7, 0xfb, 0xff, 0x0c, 0xc6, 0xfc, 0xff,
    0x0c, 0xc6, 0xfc, 0xff, 0x0a, 0xc7, 0xfc, 0xff, 0x0c, 0xc8, 0xf9, 0xff, 0x0c, 0xc8, 0xf9, 0xff,
    0x0e, 0xc7, 0xfb, 0xff, 0x0e, 0xc7, 0xfb, 0xff, 0x0e, 0xc7, 0xfb, 0xff, 0x0e, 0xc7, 0xfb, 0xff,
    0x0e, 0xc7, 0xfb, 0xff, 0x0e, 0xc7, 0xfb, 0xff, 0x0e, 0xc7, 0xfb, 0xff, 0x0e, 0xc6, 0xfc, 0xff,
    0x0c, 0xc6, 0xfe, 0xff, 0x0e, 0xc5, 0xfe, 0xff, 0x12, 0xc6, 0xfb, 0xff, 0x14, 0xc6, 0xfb, 0xe9,
    0x13, 0xc4, 0xfb, 0x2b, 0x34, 0xc7, 0xf3, 0x00, 0x6e, 0xc2, 0xd7, 0x00, 0x9a, 0xc3, 0xca, 0x00,
    0x00, 0x01, 0x03, 0x00, 0x00, 0x00, 0x00, 0x00, 0x00, 0x00, 0x00, 0x00, 0x00, 0x00, 0x00, 0x00,
    0x00, 0x00, 0x00, 0x00, 0x00, 0x00, 0x00, 0x00, 0x00, 0x00, 0x00, 0x00, 0x00, 0x00, 0x00, 0x00,
    0x00, 0x01, 0x00, 0x00, 0x00, 0x01, 0x00, 0x00, 0x00, 0x01, 0x00, 0x00, 0x00, 0x01, 0x00, 0x00,
    0x00, 0x01, 0x00, 0x00, 0x00, 0x01, 0x00, 0x00, 0x00, 0x01, 0x00, 0x00, 0x00, 0x01, 0x00, 0x00,
    0x00, 0x00, 0x00, 0x00, 0x00, 0x00, 0x00, 0x00, 0x00, 0x00, 0x00, 0x00, 0x00, 0x00, 0x00, 0x00,
    0x00, 0x00, 0x00, 0x00, 0x00, 0x00, 0x00, 0x00, 0x00, 0x00, 0x00, 0x00, 0x00, 0x00, 0x00, 0x00,
    0x00, 0x00, 0x00, 0x00, 0x00, 0x00, 0x00, 0x00, 0x00, 0x00, 0x00, 0x00, 0x00, 0x00, 0x00, 0x00,
    0x00, 0x00, 0x00, 0x00, 0x00, 0x00, 0x00, 0x00, 0x00, 0x00, 0x00, 0x00, 0x00, 0x00, 0x00, 0x00,
    0x00, 0x00, 0x00, 0x00, 0x00, 0x00, 0x00, 0x00, 0x00, 0x00, 0x00, 0x00, 0x00, 0x00, 0x00, 0x00,
    0x00, 0x00, 0x00, 0x00, 0x00, 0x00, 0x00, 0x00, 0x00, 0x00, 0x00, 0x00, 0x00, 0x00, 0x00, 0x00,
    0x00, 0x00, 0x00, 0x00, 0x00, 0x00, 0x00, 0x00, 0x00, 0x00, 0x00, 0x00, 0x00, 0x00, 0x00, 0x00,
    0x00, 0x00, 0x00, 0x00, 0x00, 0x00, 0x00, 0x00, 0x00, 0x00, 0x00, 0x00, 0x00, 0x00, 0x00, 0x00,
    0x00, 0x00, 0x00, 0x00, 0x00, 0x00, 0x00, 0x00, 0x00, 0x00, 0x00, 0x00, 0x00, 0x00, 0x00, 0x00,
    0x00, 0x00, 0x00, 0x00, 0x00, 0x00, 0x00, 0x00, 0x00, 0x00, 0x00, 0x00, 0x00, 0x00, 0x00, 0x00,
    0x6d, 0x72, 0x71, 0x00, 0x6c, 0x71, 0x70, 0x00, 0x6e, 0x71, 0x6e, 0x00, 0x6e, 0x70, 0x70, 0x00,
    0x6e, 0x6f, 0x71, 0x00, 0x6e, 0x6f, 0x71, 0x00, 0x6e, 0x6f, 0x71, 0x00, 0x70, 0x70, 0x70, 0x00,
    0x9c, 0x9a, 0x98, 0x00, 0xb2, 0x9a, 0x89, 0x00, 0xdc, 0x9e, 0x71, 0x00, 0xe5, 0xa1, 0x6a, 0x00,
    0xad, 0x83, 0x56, 0x04, 0x7a, 0x89, 0x70, 0x7e, 0x43, 0xa9, 0xb1, 0xe4, 0x2c, 0xc7, 0xe7, 0xff,
    0x18, 0xc8, 0xf4, 0xff, 0x0c, 0xc7, 0xfb, 0xff, 0x0c, 0xc7, 0xfb, 0xff, 0x0c, 0xc6, 0xfc, 0xff,
    0x0c, 0xc6, 0xfe, 0xff, 0x0c, 0xc6, 0xfc, 0xff, 0x0a, 0xc8, 0xfb, 0xff, 0x0a, 0xc8, 0xfb, 0xff,
    0x0c, 0xc7, 0xfb, 0xff, 0x0e, 0xc7, 0xfb, 0xff, 0x0e, 0xc7, 0xfb, 0xff, 0x0e, 0xc7, 0xfb, 0xff,
    0x0e, 0xc7, 0xfb, 0xff, 0x0e, 0xc7, 0xfb, 0xff, 0x0e, 0xc7, 0xfb, 0xff, 0x0e, 0xc6, 0xfc, 0xff,
    0x0c, 0xc6, 0xfe, 0xff, 0x0c, 0xc6, 0xfe, 0xff, 0x0e, 0xc7, 0xfb, 0xd4, 0x1c, 0xc7, 0xf6, 0x21,
    0x36, 0xc4, 0xf1, 0x00, 0x60, 0xbf, 0xe2, 0x00, 0xa1, 0xc2, 0xcc, 0x00, 0xbf, 0xbf, 0xbf, 0x00,
    0x00, 0x00, 0x00, 0x00, 0x00, 0x00, 0x00, 0x00, 0x00, 0x00, 0x00, 0x00, 0x00, 0x00, 0x00, 0x00,
    0x00, 0x00, 0x00, 0x00, 0x00, 0x00, 0x00, 0x00, 0x00, 0x00, 0x00, 0x00, 0x00, 0x00, 0x00, 0x00,
    0x00, 0x01, 0x00, 0x00, 0x00, 0x01, 0x00, 0x00, 0x00, 0x01, 0x00, 0x00, 0x00, 0x01, 0x00, 0x00,
    0x00, 0x01, 0x00, 0x00, 0x00, 0x01, 0x00, 0x00, 0x00, 0x01, 0x00, 0x00, 0x00, 0x01, 0x00, 0x00,
    0x00, 0x00, 0x00, 0x00, 0x00, 0x00, 0x00, 0x00, 0x00, 0x00, 0x00, 0x00, 0x00, 0x00, 0x00, 0x00,
    0x00, 0x00, 0x00, 0x00, 0x00, 0x00, 0x00, 0x00, 0x00, 0x00, 0x00, 0x00, 0x00, 0x00, 0x00, 0x00,
    0x00, 0x00, 0x00, 0x00, 0x00, 0x00, 0x00, 0x00, 0x00, 0x00, 0x00, 0x00, 0x00, 0x00, 0x00, 0x00,
    0x00, 0x00, 0x00, 0x00, 0x00, 0x00, 0x00, 0x00, 0x00, 0x00, 0x00, 0x00, 0x00, 0x00, 0x00, 0x00,
    0x00, 0x00, 0x00, 0x00, 0x00, 0x00, 0x00, 0x00, 0x00, 0x00, 0x00, 0x00, 0x00, 0x00, 0x00, 0x00,
    0x00, 0x00, 0x00, 0x00, 0x00, 0x00, 0x00, 0x00, 0x00, 0x00, 0x00, 0x00, 0x00, 0x00, 0x00, 0x00,
    0x00, 0x00, 0x00, 0x00, 0x00, 0x00, 0x00, 0x00, 0x00, 0x00, 0x00, 0x00, 0x00, 0x00, 0x00, 0x00,
    0x00, 0x00, 0x00, 0x00, 0x00, 0x00, 0x00, 0x00, 0x00, 0x00, 0x00, 0x00, 0x00, 0x00, 0x00, 0x00,
    0x00, 0x00, 0x00, 0x00, 0x00, 0x00, 0x00, 0x00, 0x00, 0x00, 0x00, 0x00, 0x00, 0x00, 0x00, 0x00,
    0x00, 0x00, 0x00, 0x00, 0x00, 0x00, 0x00, 0x00, 0x00, 0x00, 0x00, 0x00, 0x00, 0x00, 0x00, 0x00,
    0x71, 0x71, 0x71, 0x00, 0x70, 0x70, 0x70, 0x00, 0x6e, 0x6f, 0x71, 0x00, 0x6e, 0x6f, 0x71, 0x00,
    0x6e, 0x70, 0x70, 0x00, 0x6e, 0x71, 0x6e, 0x00, 0x6e, 0x71, 0x6e, 0x00, 0x70, 0x71, 0x6e, 0x00,
    0x9e, 0x9e, 0x97, 0x00, 0xa2, 0x9c, 0x92, 0x00, 0xae, 0x9d, 0x8b, 0x00, 0xb1, 0x9e, 0x8d, 0x00,
    0xa8, 0x9d, 0x8f, 0x00, 0x8b, 0xa0, 0x98, 0x00, 0x4a, 0x94, 0x98, 0x18, 0x35, 0xaf, 0xc4, 0x9d,
    0x22, 0xc6, 0xf4, 0xfb, 0x0c, 0xc6, 0xfe, 0xff, 0x0c, 0xc6, 0xfe, 0xff, 0x0c, 0xc6, 0xfe, 0xff,
    0x0c, 0xc6, 0xfc, 0xff, 0x0c, 0xc6, 0xfc, 0xff, 0x0e, 0xc5, 0xfe, 0xff, 0x0e, 0xc5, 0xfe, 0xff,
    0x0e, 0xc6, 0xfc, 0xff, 0x0e, 0xc7, 0xfb, 0xff, 0x0e, 0xc7, 0xfb, 0xff, 0x0e, 0xc7, 0xfb, 0xff,
    0x0e, 0xc7, 0xfb, 0xff, 0x0e, 0xc7, 0xfb, 0xff, 0x0e, 0xc7, 0xfb, 0xff, 0x0e, 0xc6, 0xfc, 0xff,
    0x0b, 0xc4, 0xfd, 0xfc, 0x07, 0xc5, 0xfd, 0x90, 0x03, 0xc7, 0xfb, 0x09, 0x27, 0xc6, 0xf0, 0x00,
    0x73, 0xc1, 0xdb, 0x00, 0xa2, 0xbf, 0xcd, 0x00, 0xb6, 0xc0, 0xc5, 0x00, 0xbe, 0xc1, 0xc0, 0x00,
    0x00, 0x00, 0x00, 0x00, 0x00, 0x00, 0x00, 0x00, 0x00, 0x00, 0x00, 0x00, 0x00, 0x00, 0x00, 0x00,
    0x00, 0x00, 0x00, 0x00, 0x00, 0x00, 0x00, 0x00, 0x00, 0x00, 0x00, 0x00, 0x00, 0x00, 0x00, 0x00,
    0x00, 0x01, 0x00, 0x00, 0x00, 0x01, 0x00, 0x00, 0x00, 0x01, 0x00, 0x00, 0x00, 0x01, 0x00, 0x00,
    0x00, 0x01, 0x00, 0x00, 0x00, 0x01, 0x00, 0x00, 0x00, 0x01, 0x00, 0x00, 0x00, 0x01, 0x00, 0x00,
    0x00, 0x00, 0x00, 0x00, 0x00, 0x00, 0x00, 0x00, 0x00, 0x00, 0x00, 0x00, 0x00, 0x00, 0x00, 0x00,
    0x00, 0x00, 0x00, 0x00, 0x00, 0x00, 0x00, 0x00, 0x00, 0x00, 0x00, 0x00, 0x00, 0x00, 0x00, 0x00,
    0x00, 0x00, 0x00, 0x00, 0x00, 0x00, 0x00, 0x00, 0x00, 0x00, 0x00, 0x00, 0x00, 0x00, 0x00, 0x00,
    0x00, 0x00, 0x00, 0x00, 0x00, 0x00, 0x00, 0x00, 0x00, 0x00, 0x00, 0x00, 0x00, 0x00, 0x00, 0x00,
    0x00, 0x00, 0x00, 0x00, 0x00, 0x00, 0x00, 0x00, 0x00, 0x00, 0x00, 0x00, 0x00, 0x00, 0x00, 0x00,
    0x00, 0x00, 0x00, 0x00, 0x00, 0x00, 0x00, 0x00, 0x00, 0x00, 0x00, 0x00, 0x00, 0x00, 0x00, 0x00,
    0x00, 0x00, 0x00, 0x00, 0x00, 0x00, 0x00, 0x00, 0x00, 0x00, 0x00, 0x00, 0x00, 0x00, 0x00, 0x00,
    0x00, 0x00, 0x00, 0x00, 0x00, 0x00, 0x00, 0x00, 0x00, 0x00, 0x00, 0x00, 0x00, 0x00, 0x00, 0x00,
    0x00, 0x00, 0x00, 0x00, 0x00, 0x00, 0x00, 0x00, 0x00, 0x00, 0x00, 0x00, 0x00, 0x00, 0x00, 0x00,
    0x00, 0x00, 0x00, 0x00, 0x00, 0x00, 0x00, 0x00, 0x00, 0x00, 0x00, 0x00, 0x02, 0x00, 0x00, 0x00,
    0x75, 0x6f, 0x73, 0x00, 0x74, 0x6e, 0x71, 0x00, 0x70, 0x6f, 0x71, 0x00, 0x6e, 0x6f, 0x71, 0x00,
    0x6e, 0x71, 0x6e, 0x00, 0x6e, 0x71, 0x6e, 0x00, 0x70, 0x70, 0x70, 0x00, 0x70, 0x71, 0x6e, 0x00,
    0x9c, 0x9e, 0x97, 0x00, 0x98, 0x9d, 0x95, 0x00, 0x94, 0x9c, 0x98, 0x00, 0x95, 0x9c, 0x9b, 0x00,
    0x97, 0x98, 0x9a, 0x00, 0x8c, 0x9b, 0x9d, 0x00, 0x70, 0x9d, 0x9f, 0x00, 0x51, 0xa3, 0xaf, 0x00,
    0x4c, 0xc4, 0xe8, 0x29, 0x2c, 0xc3, 0xf6, 0xa5, 0x16, 0xc4, 0xfc, 0xfa, 0x0c, 0xc6, 0xfe, 0xff,
    0x0c, 0xc7, 0xfb, 0xff, 0x0e, 0xc7, 0xfb, 0xff, 0x12, 0xc4, 0xff, 0xff, 0x12, 0xc4, 0xff, 0xff,
    0x10, 0xc6, 0xfc, 0xff, 0x0e, 0xc7, 0xfb, 0xff, 0x0e, 0xc7, 0xfb, 0xff, 0x0e, 0xc7, 0xfb, 0xff,
    0x0e, 0xc7, 0xfb, 0xff, 0x0e, 0xc7, 0xfb, 0xff, 0x0e, 0xc7, 0xfb, 0xfb, 0x18, 0xc7, 0xf8, 0xaa,
    0x2b, 0xc4, 0xf2, 0x2b, 0x33, 0xc4, 0xee, 0x00, 0x2f, 0xc5, 0xee, 0x00, 0x51, 0xc4, 0xe3, 0x00,
    0x9c, 0xc1, 0xcd, 0x00, 0xc0, 0xbf, 0xc2, 0x00, 0xbe, 0xc0, 0xc2, 0x00, 0xbc, 0xc1, 0xc0, 0x00,
    0x00, 0x00, 0x00, 0x00, 0x00, 0x00, 0x00, 0x00, 0x00, 0x00, 0x00, 0x00, 0x00, 0x00, 0x00, 0x00,
    0x00, 0x00, 0x00, 0x00, 0x00, 0x00, 0x00, 0x00, 0x00, 0x00, 0x00, 0x00, 0x00, 0x00, 0x00, 0x00,
    0x00, 0x01, 0x00, 0x00, 0x00, 0x01, 0x00, 0x00, 0x00, 0x01, 0x00, 0x00, 0x00, 0x01, 0x00, 0x00,
    0x00, 0x01, 0x00, 0x00, 0x00, 0x01, 0x00, 0x00, 0x00, 0x01, 0x00, 0x00, 0x00, 0x01, 0x00, 0x00,
    0x00, 0x00, 0x00, 0x00, 0x00, 0x00, 0x00, 0x00, 0x00, 0x00, 0x00, 0x00, 0x00, 0x00, 0x00, 0x00,
    0x00, 0x00, 0x00, 0x00, 0x00, 0x00, 0x00, 0x00, 0x00, 0x00, 0x00, 0x00, 0x00, 0x00, 0x00, 0x00,
    0x00, 0x00, 0x00, 0x00, 0x00, 0x00, 0x00, 0x00, 0x00, 0x00, 0x00, 0x00, 0x00, 0x00, 0x00, 0x00,
    0x00, 0x00, 0x00, 0x00, 0x00, 0x00, 0x00, 0x00, 0x00, 0x00, 0x00, 0x00, 0x00, 0x00, 0x00, 0x00,
    0x00, 0x00, 0x00, 0x00, 0x00, 0x00, 0x00, 0x00, 0x00, 0x00, 0x00, 0x00, 0x00, 0x00, 0x00, 0x00,
    0x00, 0x00, 0x00, 0x00, 0x00, 0x00, 0x00, 0x00, 0x00, 0x00, 0x00, 0x00, 0x00, 0x00, 0x00, 0x00,
    0x00, 0x00, 0x00, 0x00, 0x00, 0x00, 0x00, 0x00, 0x00, 0x00, 0x00, 0x00, 0x00, 0x00, 0x00, 0x00,
    0x00, 0x00, 0x00, 0x00, 0x00, 0x00, 0x00, 0x00, 0x00, 0x00, 0x00, 0x00, 0x00, 0x00, 0x00, 0x00,
    0x00, 0x00, 0x00, 0x00, 0x00, 0x00, 0x00, 0x00, 0x00, 0x00, 0x00, 0x00, 0x00, 0x00, 0x00, 0x00,
    0x00, 0x00, 0x00, 0x00, 0x00, 0x00, 0x00, 0x00, 0x00, 0x00, 0x00, 0x00, 0x02, 0x00, 0x03, 0x00,
    0x77, 0x6c, 0x79, 0x00, 0x76, 0x6b, 0x78, 0x00, 0x74, 0x6e, 0x71, 0x00, 0x70, 0x70, 0x70, 0x00,
    0x6c, 0x71, 0x70, 0x00, 0x6c, 0x70, 0x71, 0x00, 0x72, 0x6f, 0x71, 0x00, 0x72, 0x6f, 0x71, 0x00,
    0x9c, 0x9c, 0x9c, 0x00, 0x96, 0x9b, 0x98, 0x00, 0x94, 0x9c, 0x98, 0x00, 0x97, 0x9c, 0x99, 0x00,
    0x9d, 0x9a, 0x9c, 0x00, 0x99, 0x9a, 0x9e, 0x00, 0x8e, 0x9e, 0x9e, 0x00, 0x7b, 0x9a, 0x9e, 0x00,
    0x95, 0xc3, 0xd0, 0x00, 0x6d, 0xc2, 0xe0, 0x00, 0x2c, 0xc3, 0xf6, 0x17, 0x0c, 0xc6, 0xfe, 0x6f,
    0x0e, 0xc7, 0xfb, 0xb6, 0x10, 0xc6, 0xfb, 0xed, 0x14, 0xc4, 0xfe, 0xff, 0x14, 0xc4, 0xfe, 0xff,
    0x10, 0xc6, 0xfc, 0xff, 0x0e, 0xc7, 0xfb, 0xff, 0x0e, 0xc7, 0xfb, 0xff, 0x0e, 0xc7, 0xfb, 0xf0,
    0x0e, 0xc7, 0xfb, 0xb9, 0x0e, 0xc7, 0xfb, 0x70, 0x0e, 0xc7, 0xfb, 0x1b, 0x2e, 0xc5, 0xf1, 0x00,
    0x6f, 0xc1, 0xdd, 0x00, 0x90, 0xc0, 0xd3, 0x00, 0x90, 0xc1, 0xd2, 0x00, 0x9a, 0xc1, 0xcd, 0x00,
    0xb2, 0xc1, 0xc3, 0x00, 0xbc, 0xc1, 0xc0, 0x00, 0xb8, 0xc1, 0xc2, 0x00, 0xb8, 0xc1, 0xc2, 0x00,
    0x00, 0x00, 0x00, 0x00, 0x00, 0x00, 0x00, 0x00, 0x00, 0x00, 0x00, 0x00, 0x00, 0x00, 0x00, 0x00,
    0x00, 0x00, 0x00, 0x00, 0x00, 0x00, 0x00, 0x00, 0x00, 0x00, 0x00, 0x00, 0x00, 0x00, 0x00, 0x00,
    0x00, 0x01, 0x00, 0x00, 0x00, 0x01, 0x00, 0x00, 0x00, 0x01, 0x00, 0x00, 0x00, 0x01, 0x00, 0x00,
    0x00, 0x01, 0x00, 0x00, 0x00, 0x01, 0x00, 0x00, 0x00, 0x01, 0x00, 0x00, 0x00, 0x01, 0x00, 0x00,
    0x00, 0x00, 0x00, 0x00, 0x00, 0x00, 0x00, 0x00, 0x00, 0x00, 0x00, 0x00, 0x00, 0x00, 0x00, 0x00,
    0x00, 0x00, 0x00, 0x00, 0x00, 0x00, 0x00, 0x00, 0x00, 0x00, 0x00, 0x00, 0x00, 0x00, 0x00, 0x00,
    0x00, 0x00, 0x00, 0x00, 0x00, 0x00, 0x00, 0x00, 0x00, 0x00, 0x00, 0x00, 0x00, 0x00, 0x00, 0x00,
    0x00, 0x00, 0x00, 0x00, 0x00, 0x00, 0x00, 0x00, 0x00, 0x00, 0x00, 0x00, 0x00, 0x00, 0x00, 0x00,
    0x00, 0x00, 0x00, 0x00, 0x00, 0x00, 0x00, 0x00, 0x00, 0x00, 0x00, 0x00, 0x00, 0x00, 0x00, 0x00,
    0x00, 0x00, 0x00, 0x00, 0x00, 0x00, 0x00, 0x00, 0x00, 0x00, 0x00, 0x00, 0x00, 0x00, 0x00, 0x00,
    0x00, 0x00, 0x00, 0x00, 0x00, 0x00, 0x00, 0x00, 0x00, 0x00, 0x00, 0x00, 0x00, 0x00, 0x00, 0x00,
    0x00, 0x00, 0x00, 0x00, 0x00, 0x00, 0x00, 0x00, 0x00, 0x00, 0x00, 0x00, 0x00, 0x00, 0x00, 0x00,
    0x00, 0x00, 0x00, 0x00, 0x00, 0x00, 0x00, 0x00, 0x00, 0x00, 0x00, 0x00, 0x00, 0x00, 0x00, 0x00,
    0x00, 0x00, 0x00, 0x00, 0x00, 0x00, 0x00, 0x00, 0x00, 0x00, 0x00, 0x00, 0x02, 0x00, 0x03, 0x00,
    0x75, 0x6c, 0x79, 0x00, 0x76, 0x6b, 0x78, 0x00, 0x74, 0x6e, 0x71, 0x00, 0x70, 0x70, 0x70, 0x00,
    0x6c, 0x71, 0x70, 0x00, 0x6c, 0x70, 0x71, 0x00, 0x72, 0x6f, 0x71, 0x00, 0x72, 0x6f, 0x71, 0x00,
    0x9a, 0x9c, 0x9e, 0x00, 0x96, 0x9a, 0x9a, 0x00, 0x94, 0x9c, 0x98, 0x00, 0x97, 0x9c, 0x99, 0x00,
    0xa0, 0x9d, 0xa0, 0x00, 0xa0, 0x9a, 0x9e, 0x00, 0x96, 0x96, 0x96, 0x00, 0x98, 0x9a, 0x9a, 0x00,
    0xbb, 0xc1, 0xc4, 0x00, 0x99, 0xc2, 0xd0, 0x00, 0x58, 0xc3, 0xe6, 0x00, 0x3a, 0xc4, 0xf0, 0x00,
    0x3a, 0xc6, 0xec, 0x00, 0x3c, 0xc6, 0xeb, 0x00, 0x40, 0xc4, 0xee, 0x19, 0x40, 0xc3, 0xf0, 0x2d,
    0x3c, 0xc4, 0xee, 0x33, 0x3a, 0xc6, 0xec, 0x30, 0x3a, 0xc6, 0xec, 0x17, 0x3a, 0xc6, 0xec, 0x00,
    0x3a, 0xc6, 0xec, 0x00, 0x3a, 0xc6, 0xec, 0x00, 0x3a, 0xc6, 0xec, 0x00, 0x5c, 0xc4, 0xe3, 0x00,
    0x9c, 0xc0, 0xce, 0x00, 0xbe, 0xbf, 0xc3, 0x00, 0xc0, 0xbf, 0xc2, 0x00, 0xc0, 0xc0, 0xc0, 0x00,
    0xbe, 0xc1, 0xc0, 0x00, 0xbc, 0xc1, 0xc0, 0x00, 0xb8, 0xc1, 0xc2, 0x00, 0xba, 0xc0, 0xc2, 0x00,
    0x00, 0x00, 0x00, 0x00, 0x00, 0x00, 0x00, 0x00, 0x00, 0x00, 0x00, 0x00, 0x00, 0x00, 0x00, 0x00,
    0x00, 0x00, 0x00, 0x00, 0x00, 0x00, 0x00, 0x00, 0x00, 0x00, 0x00, 0x00, 0x00, 0x00, 0x00, 0x00,
    0x00, 0x01, 0x00, 0x00, 0x00, 0x01, 0x00, 0x00, 0x00, 0x01, 0x00, 0x00, 0x00, 0x01, 0x00, 0x00,
    0x00, 0x01, 0x00, 0x00, 0x00, 0x01, 0x00, 0x00, 0x00, 0x01, 0x00, 0x00, 0x00, 0x01, 0x00, 0x00,
    0x00, 0x00, 0x00, 0x00, 0x00, 0x00, 0x00, 0x00, 0x00, 0x00, 0x00, 0x00, 0x00, 0x00, 0x00, 0x00,
    0x00, 0x00, 0x00, 0x00, 0x00, 0x00, 0x00, 0x00, 0x00, 0x00, 0x00, 0x00, 0x00, 0x00, 0x00, 0x00,
    0x00, 0x00, 0x00, 0x00, 0x00, 0x00, 0x00, 0x00, 0x00, 0x00, 0x00, 0x00, 0x00, 0x00, 0x00, 0x00,
    0x00, 0x00, 0x00, 0x00, 0x00, 0x00, 0x00, 0x00, 0x00, 0x00, 0x00, 0x00, 0x00, 0x00, 0x00, 0x00,
    0x00, 0x00, 0x00, 0x00, 0x00, 0x00, 0x00, 0x00, 0x00, 0x00, 0x00, 0x00, 0x00, 0x00, 0x00, 0x00,
    0x00, 0x00, 0x00, 0x00, 0x00, 0x00, 0x00, 0x00, 0x00, 0x00, 0x00, 0x00, 0x00, 0x00, 0x00, 0x00,
    0x00, 0x00, 0x00, 0x00, 0x00, 0x00, 0x00, 0x00, 0x00, 0x00, 0x00, 0x00, 0x00, 0x00, 0x00, 0x00,
    0x00, 0x00, 0x00, 0x00, 0x00, 0x00, 0x00, 0x00, 0x00, 0x00, 0x00, 0x00, 0x00, 0x00, 0x00, 0x00,
    0x00, 0x00, 0x00, 0x00, 0x00, 0x00, 0x00, 0x00, 0x00, 0x00, 0x00, 0x00, 0x00, 0x00, 0x00, 0x00,
    0x00, 0x00, 0x00, 0x00, 0x00, 0x00, 0x00, 0x00, 0x00, 0x00, 0x00, 0x00, 0x00, 0x00, 0x02, 0x00,
    0x02, 0x00, 0x03, 0x00, 0x02, 0x00, 0x03, 0x00, 0x02, 0x00, 0x00, 0x00, 0x00, 0x00, 0x00, 0x00,
    0x00, 0x00, 0x00, 0x00, 0x00, 0x00, 0x00, 0x00, 0x00, 0x00, 0x00, 0x00, 0x00, 0x00, 0x00, 0x00,
    0x00, 0x00, 0x00, 0x00, 0x00, 0x00, 0x00, 0x00, 0x00, 0x00, 0x00, 0x00, 0x00, 0x00, 0x00, 0x00,
    0x00, 0x00, 0x00, 0x00, 0x02, 0x00, 0x00, 0x00, 0x00, 0x00, 0x00, 0x00, 0x00, 0x00, 0x00, 0x00,
    0x00, 0x00, 0x02, 0x00, 0x00, 0x00, 0x05, 0x00, 0x00, 0x00, 0x0d, 0x00, 0x00, 0x00, 0x10, 0x00,
    0x00, 0x01, 0x0e, 0x00, 0x00, 0x01, 0x0e, 0x00, 0x00, 0x01, 0x0e, 0x00, 0x00, 0x00, 0x10, 0x00,
    0x00, 0x01, 0x0e, 0x00, 0x00, 0x01, 0x0e, 0x00, 0x00, 0x01, 0x0e, 0x00, 0x00, 0x01, 0x0e, 0x00,
    0x00, 0x01, 0x0e, 0x00, 0x00, 0x01, 0x0e, 0x00, 0x00, 0x01, 0x0e, 0x00, 0x00, 0x01, 0x0b, 0x00,
    0x00, 0x00, 0x05, 0x00, 0x00, 0x00, 0x02, 0x00, 0x00, 0x00, 0x00, 0x00, 0x00, 0x00, 0x00, 0x00,
    0x00, 0x00, 0x00, 0x00, 0x00, 0x00, 0x00, 0x00, 0x00, 0x00, 0x00, 0x00, 0x00, 0x00, 0x00, 0x00,
    0x00, 0x00, 0x00, 0x00, 0x00, 0x00, 0x00, 0x00, 0x00, 0x00, 0x00, 0x00, 0x00, 0x00, 0x00, 0x00,
    0x00, 0x00, 0x00, 0x00, 0x00, 0x00, 0x00, 0x00, 0x00, 0x00, 0x00, 0x00, 0x00, 0x00, 0x00, 0x00,
    0x00, 0x00, 0x00, 0x00, 0x00, 0x00, 0x00, 0x00, 0x00, 0x00, 0x00, 0x00, 0x00, 0x00, 0x00, 0x00,
    0x00, 0x00, 0x00, 0x00, 0x00, 0x00, 0x00, 0x00, 0x00, 0x00, 0x00, 0x00, 0x00, 0x00, 0x00, 0x00,
    0x00, 0x00, 0x00, 0x00, 0x00, 0x00, 0x00, 0x00, 0x00, 0x00, 0x00, 0x00, 0x00, 0x00, 0x00, 0x00,
    0x00, 0x00, 0x00, 0x00, 0x00, 0x00, 0x00, 0x00, 0x00, 0x00, 0x00, 0x00, 0x00, 0x00, 0x00, 0x00,
    0x00, 0x00, 0x00, 0x00, 0x00, 0x00, 0x00, 0x00, 0x00, 0x00, 0x00, 0x00, 0x00, 0x00, 0x00, 0x00,
    0x00, 0x00, 0x00, 0x00, 0x00, 0x00, 0x00, 0x00, 0x00, 0x00, 0x00, 0x00, 0x00, 0x00, 0x00, 0x00,
    0x00, 0x00, 0x00, 0x00, 0x00, 0x00, 0x00, 0x00, 0x00, 0x00, 0x00, 0x00, 0x00, 0x00, 0x00, 0x00,
    0x00, 0x00, 0x00, 0x00, 0x00, 0x00, 0x00, 0x00, 0x00, 0x00, 0x00, 0x00, 0x00, 0x00, 0x00, 0x00,
    0x00, 0x00, 0x00, 0x00, 0x00, 0x00, 0x00, 0x00, 0x00, 0x00, 0x00, 0x00, 0x00, 0x00, 0x00, 0x00,
    0x00, 0x00, 0x00, 0x00, 0x00, 0x00, 0x00, 0x00, 0x00, 0x00, 0x00, 0x00, 0x00, 0x00, 0x00, 0x00,
    0x00, 0x00, 0x00, 0x00, 0x00, 0x00, 0x00, 0x00, 0x00, 0x00, 0x00, 0x00, 0x00, 0x00, 0x00, 0x00,
    0x00, 0x00, 0x00, 0x00, 0x00, 0x00, 0x00, 0x00, 0x00, 0x00, 0x00, 0x00, 0x00, 0x00, 0x00, 0x00,
    0x00, 0x00, 0x00, 0x00, 0x00, 0x00, 0x00, 0x00, 0x00, 0x00, 0x00, 0x00, 0x00, 0x00, 0x00, 0x00,
    0x00, 0x00, 0x00, 0x00, 0x00, 0x00, 0x00, 0x00, 0x00, 0x00, 0x00, 0x00, 0x00, 0x00, 0x00, 0x00,
    0x00, 0x00, 0x00, 0x00, 0x00, 0x00, 0x00, 0x00, 0x00, 0x00, 0x00, 0x00, 0x00, 0x00, 0x00, 0x00,
    0x00, 0x00, 0x00, 0x00, 0x00, 0x00, 0x00, 0x00, 0x00, 0x00, 0x00, 0x00, 0x00, 0x00, 0x00, 0x00,
    0x00, 0x00, 0x00, 0x00, 0x00, 0x00, 0x00, 0x00, 0x00, 0x00, 0x00, 0x00, 0x00, 0x00, 0x00, 0x00,
    0x00, 0x00, 0x00, 0x00, 0x00, 0x00, 0x00, 0x00, 0x00, 0x00, 0x00, 0x00, 0x00, 0x00, 0x00, 0x00,
    0x00, 0x00, 0x00, 0x00, 0x00, 0x00, 0x00, 0x00, 0x00, 0x00, 0x00, 0x00, 0x00, 0x00, 0x00, 0x00,
    0x00, 0x00, 0x00, 0x00, 0x00, 0x00, 0x00, 0x00, 0x00, 0x00, 0x00, 0x00, 0x00, 0x00, 0x00, 0x00,
    0x00, 0x00, 0x00, 0x00, 0x00, 0x00, 0x00, 0x00, 0x00, 0x00, 0x00, 0x00, 0x00, 0x00, 0x00, 0x00,
    0x00, 0x00, 0x00, 0x00, 0x00, 0x00, 0x00, 0x00, 0x00, 0x00, 0x00, 0x00, 0x00, 0x00, 0x00, 0x00,
    0x00, 0x00, 0x00, 0x00, 0x00, 0x00, 0x00, 0x00, 0x00, 0x00, 0x00, 0x00, 0x00, 0x00, 0x00, 0x00,
    0x00, 0x00, 0x00, 0x00, 0x00, 0x00, 0x00, 0x00, 0x00, 0x00, 0x00, 0x00, 0x00, 0x00, 0x00, 0x00,
    0x00, 0x00, 0x00, 0x00, 0x00, 0x00, 0x00, 0x00, 0x00, 0x00, 0x00, 0x00, 0x00, 0x00, 0x00, 0x00,
    0x00, 0x00, 0x00, 0x00, 0x00, 0x00, 0x00, 0x00, 0x00, 0x00, 0x00, 0x00, 0x00, 0x00, 0x00, 0x00,
    0x00, 0x00, 0x00, 0x00, 0x00, 0x00, 0x00, 0x00, 0x00, 0x00, 0x00, 0x00, 0x00, 0x00, 0x00, 0x00,
    0x00, 0x00, 0x00, 0x00, 0x00, 0x00, 0x00, 0x00, 0x00, 0x00, 0x00, 0x00, 0x00, 0x00, 0x00, 0x00,
    0x00, 0x00, 0x00, 0x00, 0x00, 0x00, 0x00, 0x00, 0x00, 0x00, 0x00, 0x00, 0x00, 0x00, 0x00, 0x00,
    0x00, 0x00, 0x00, 0x00, 0x00, 0x00, 0x00, 0x00, 0x00, 0x00, 0x00, 0x00, 0x00, 0x00, 0x00, 0x00,
    0x00, 0x00, 0x00, 0x00, 0x00, 0x00, 0x00, 0x00, 0x00, 0x00, 0x00, 0x00, 0x00, 0x00, 0x00, 0x00,
    0x00, 0x00, 0x00, 0x00, 0x00, 0x00, 0x00, 0x00, 0x00, 0x00, 0x00, 0x00, 0x00, 0x00, 0x00, 0x00,
    0x00, 0x00, 0x00, 0x00, 0x00, 0x00, 0x00, 0x00, 0x00, 0x00, 0x00, 0x00, 0x00, 0x00, 0x00, 0x00,
    0x00, 0x00, 0x00, 0x00, 0x00, 0x00, 0x00, 0x00, 0x00, 0x00, 0x00, 0x00, 0x00, 0x00, 0x00, 0x00,
    0x00, 0x00, 0x00, 0x00, 0x00, 0x00, 0x00, 0x00, 0x00, 0x00, 0x00, 0x00, 0x00, 0x00, 0x00, 0x00,
    0x00, 0x00, 0x00, 0x00, 0x00, 0x00, 0x00, 0x00, 0x00, 0x00, 0x00, 0x00, 0x00, 0x00, 0x00, 0x00,
    0x00, 0x00, 0x00, 0x00, 0x00, 0x00, 0x00, 0x00, 0x00, 0x00, 0x00, 0x00, 0x00, 0x00, 0x00, 0x00,
    0x00, 0x00, 0x00, 0x00, 0x00, 0x00, 0x00, 0x00, 0x00, 0x00, 0x00, 0x00, 0x00, 0x00, 0x00, 0x00,
    0x00, 0x00, 0x00, 0x00, 0x00, 0x00, 0x00, 0x00, 0x00, 0x00, 0x00, 0x00, 0x00, 0x00, 0x00, 0x00,
    0x00, 0x00, 0x00, 0x00, 0x00, 0x00, 0x00, 0x00, 0x00, 0x00, 0x00, 0x00, 0x00, 0x00, 0x00, 0x00,
    0x00, 0x00, 0x00, 0x00, 0x00, 0x00, 0x00, 0x00, 0x00, 0x00, 0x00, 0x00, 0x00, 0x00, 0x00, 0x00,
    0x00, 0x00, 0x00, 0x00, 0x00, 0x00, 0x00, 0x00, 0x00, 0x00, 0x00, 0x00, 0x00, 0x00, 0x00, 0x00,
    0x00, 0x00, 0x00, 0x00, 0x00, 0x00, 0x00, 0x00, 0x00, 0x00, 0x00, 0x00, 0x00, 0x00, 0x00, 0x00,
    0x00, 0x00, 0x00, 0x00, 0x00, 0x00, 0x00, 0x00, 0x00, 0x00, 0x00, 0x00, 0x00, 0x00, 0x00, 0x00,
    0x00, 0x00, 0x00, 0x00, 0x00, 0x00, 0x00, 0x00, 0x00, 0x00, 0x00, 0x00, 0x00, 0x00, 0x00, 0x00,
    0x00, 0x00, 0x00, 0x00, 0x00, 0x00, 0x00, 0x00, 0x00, 0x00, 0x00, 0x00, 0x00, 0x00, 0x00, 0x00,
    0x00, 0x00, 0x00, 0x00, 0x00, 0x00, 0x00, 0x00, 0x00, 0x00, 0x00, 0x00, 0x00, 0x00, 0x00, 0x00,
    0x00, 0x00, 0x00, 0x00, 0x00, 0x00, 0x00, 0x00, 0x00, 0x00, 0x00, 0x00, 0x00, 0x00, 0x00, 0x00,
    0x00, 0x00, 0x00, 0x00, 0x00, 0x00, 0x00, 0x00, 0x00, 0x00, 0x00, 0x00, 0x00, 0x00, 0x00, 0x00,
    0x00, 0x00, 0x00, 0x00, 0x00, 0x00, 0x00, 0x00, 0x00, 0x00, 0x00, 0x00, 0x00, 0x00, 0x00, 0x00,
    0x00, 0x00, 0x00, 0x00, 0x00, 0x00, 0x00, 0x00, 0x00, 0x00, 0x00, 0x00, 0x00, 0x00, 0x00, 0x00,
    0x00, 0x00, 0x00, 0x00, 0x00, 0x00, 0x00, 0x00, 0x00, 0x00, 0x00, 0x00, 0x00, 0x00, 0x00, 0x00,
    0x00, 0x00, 0x00, 0x00, 0x00, 0x00, 0x00, 0x00, 0x00, 0x00, 0x00, 0x00, 0x00, 0x00, 0x00, 0x00,
    0x00, 0x00, 0x00, 0x00, 0x00, 0x00, 0x00, 0x00, 0x00, 0x00, 0x00, 0x00, 0x00, 0x00, 0x00, 0x00,
    0x00, 0x00, 0x00, 0x00, 0x00, 0x00, 0x00, 0x00, 0x00, 0x00, 0x00, 0x00, 0x00, 0x00, 0x00, 0x00,
    0x00, 0x00, 0x00, 0x00, 0x00, 0x00, 0x00, 0x00, 0x00, 0x00, 0x00, 0x00, 0x00, 0x00, 0x00, 0x00,
    0x00, 0x00, 0x00, 0x00, 0x00, 0x00, 0x00, 0x00, 0x00, 0x00, 0x00, 0x00, 0x00, 0x00, 0x00, 0x00,
    0x00, 0x00, 0x00, 0x00, 0x00, 0x00, 0x00, 0x00, 0x00, 0x00, 0x00, 0x00, 0x00, 0x00, 0x00, 0x00,
    0x00, 0x00, 0x00, 0x00, 0x00, 0x00, 0x00, 0x00, 0x00, 0x00, 0x00, 0x00, 0x00, 0x00, 0x00, 0x00,
    0x00, 0x00, 0x00, 0x00, 0x00, 0x00, 0x00, 0x00, 0x00, 0x00, 0x00, 0x00, 0x00, 0x00, 0x00, 0x00,
    0x00, 0x00, 0x00, 0x00, 0x00, 0x00, 0x00, 0x00, 0x00, 0x00, 0x00, 0x00, 0x00, 0x00, 0x00, 0x00,
    0x00, 0x00, 0x00, 0x00, 0x00, 0x00, 0x00, 0x00, 0x00, 0x00, 0x00, 0x00, 0x00, 0x00, 0x00, 0x00,
    0x00, 0x00, 0x00, 0x00, 0x00, 0x00, 0x00, 0x00, 0x00, 0x00, 0x00, 0x00, 0x00, 0x00, 0x00, 0x00,
    0x00, 0x00, 0x00, 0x00, 0x00, 0x00, 0x00, 0x00, 0x00, 0x00, 0x00, 0x00, 0x00, 0x00, 0x00, 0x00,
    0x00, 0x00, 0x00, 0x00, 0x00, 0x00, 0x00, 0x00, 0x00, 0x00, 0x00, 0x00, 0x00, 0x00, 0x00, 0x00,
    0x00, 0x00, 0x00, 0x00, 0x00, 0x00, 0x00, 0x00, 0x00, 0x00, 0x00, 0x00, 0x00, 0x00, 0x00, 0x00,
    0x00, 0x00, 0x00, 0x00, 0x00, 0x00, 0x00, 0x00, 0x00, 0x00, 0x00, 0x00, 0x00, 0x00, 0x00, 0x00,
    0x00, 0x00, 0x00, 0x00, 0x00, 0x00, 0x00, 0x00, 0x00, 0x00, 0x00, 0x00, 0x00, 0x00, 0x00, 0x00,
    0x00, 0x00, 0x00, 0x00, 0x00, 0x00, 0x00, 0x00, 0x00, 0x00, 0x00, 0x00, 0x00, 0x00, 0x00, 0x00,
    0x00, 0x00, 0x00, 0x00, 0x00, 0x00, 0x00, 0x00, 0x00, 0x00, 0x00, 0x00, 0x00, 0x00, 0x00, 0x00,
    0x00, 0x00, 0x00, 0x00, 0x00, 0x00, 0x00, 0x00, 0x00, 0x00, 0x00, 0x00, 0x00, 0x00, 0x00, 0x00,
    0x00, 0x00, 0x00, 0x00, 0x00, 0x00, 0x00, 0x00, 0x00, 0x00, 0x00, 0x00, 0x00, 0x00, 0x00, 0x00,
    0x00, 0x00, 0x00, 0x00, 0x00, 0x00, 0x00, 0x00, 0x00, 0x00, 0x00, 0x00, 0x00, 0x00, 0x00, 0x00,
    0x00, 0x00, 0x00, 0x00, 0x00, 0x00, 0x00, 0x00, 0x00, 0x00, 0x00, 0x00, 0x00, 0x00, 0x00, 0x00,
    0x00, 0x00, 0x00, 0x00, 0x00, 0x00, 0x00, 0x00, 0x00, 0x00, 0x00, 0x00, 0x00, 0x00, 0x00, 0x00,
    0x00, 0x00, 0x00, 0x00, 0x00, 0x00, 0x00, 0x00, 0x00, 0x00, 0x00, 0x00, 0x00, 0x00, 0x00, 0x00,
    0x00, 0x00, 0x00, 0x00, 0x00, 0x00, 0x00, 0x00, 0x00, 0x00, 0x00, 0x00, 0x00, 0x00, 0x00, 0x00,
    0x00, 0x00, 0x00, 0x00, 0x00, 0x00, 0x00, 0x00, 0x00, 0x00, 0x00, 0x00, 0x00, 0x00, 0x00, 0x00,
    0x00, 0x00, 0x00, 0x00, 0x00, 0x00, 0x00, 0x00, 0x00, 0x00, 0x00, 0x00, 0x00, 0x00, 0x00, 0x00,
    0x00, 0x00, 0x00, 0x00, 0x00, 0x00, 0x00, 0x00, 0x00, 0x00, 0x00, 0x00, 0x00, 0x00, 0x00, 0x00,
    0x00, 0x00, 0x00, 0x00, 0x00, 0x00, 0x00, 0x00, 0x00, 0x00, 0x00, 0x00, 0x00, 0x00, 0x00, 0x00,
    0x00, 0x00, 0x00, 0x00, 0x00, 0x00, 0x00, 0x00, 0x00, 0x00, 0x00, 0x00, 0x00, 0x00, 0x00, 0x00,
    0x00, 0x00, 0x00, 0x00, 0x00, 0x00, 0x00, 0x00, 0x00, 0x00, 0x00, 0x00, 0x00, 0x00, 0x00, 0x00,
    0x00, 0x00, 0x00, 0x00, 0x00, 0x00, 0x00, 0x00, 0x00, 0x00, 0x00, 0x00, 0x00, 0x00, 0x00, 0x00,
    0x00, 0x00, 0x00, 0x00, 0x00, 0x00, 0x00, 0x00, 0x00, 0x00, 0x00, 0x00, 0x00, 0x00, 0x00, 0x00,
    0x00, 0x00, 0x00, 0x00, 0x00, 0x00, 0x00, 0x00, 0x00, 0x00, 0x00, 0x00, 0x00, 0x00, 0x00, 0x00,
    0x00, 0x00, 0x00, 0x00, 0x00, 0x00, 0x00, 0x00, 0x00, 0x00, 0x00, 0x00, 0x00, 0x00, 0x00, 0x00,
    0x00, 0x00, 0x00, 0x00, 0x00, 0x00, 0x00, 0x00, 0x00, 0x00, 0x00, 0x00, 0x00, 0x00, 0x00, 0x00,
    0x00, 0x00, 0x00, 0x00, 0x00, 0x00, 0x00, 0x00, 0x00, 0x00, 0x00, 0x00, 0x00, 0x00, 0x00, 0x00,
    0x00, 0x00, 0x00, 0x00, 0x00, 0x00, 0x00, 0x00, 0x00, 0x00, 0x00, 0x00, 0x00, 0x00, 0x00, 0x00,
    0x00, 0x00, 0x00, 0x00, 0x00, 0x00, 0x00, 0x00, 0x00, 0x00, 0x00, 0x00, 0x00, 0x00, 0x00, 0x00,
    0x00, 0x00, 0x00, 0x00, 0x00, 0x00, 0x00, 0x00, 0x00, 0x00, 0x00, 0x00, 0x00, 0x00, 0x00, 0x00,
    0x00, 0x00, 0x00, 0x00, 0x00, 0x00, 0x00, 0x00, 0x00, 0x00, 0x00, 0x00, 0x00, 0x00, 0x00, 0x00,
    0x00, 0x00, 0x00, 0x00, 0x00, 0x00, 0x00, 0x00, 0x00, 0x00, 0x00, 0x00, 0x00, 0x00, 0x00, 0x00,
    0x00, 0x00, 0x00, 0x00, 0x00, 0x00, 0x00, 0x00, 0x00, 0x00, 0x00, 0x00, 0x00, 0x00, 0x00, 0x00,
    0x00, 0x00, 0x00, 0x00, 0x00, 0x00, 0x00, 0x00, 0x00, 0x00, 0x00, 0x00, 0x00, 0x00, 0x00, 0x00,
    0x00, 0x00, 0x00, 0x00, 0x00, 0x00, 0x00, 0x00, 0x00, 0x00, 0x00, 0x00, 0x00, 0x00, 0x00, 0x00,
    0x00, 0x00, 0x00, 0x00, 0x00, 0x00, 0x00, 0x00, 0x00, 0x00, 0x00, 0x00, 0x00, 0x00, 0x00, 0x00,
    0x00, 0x00, 0x00, 0x00, 0x00, 0x00, 0x00, 0x00, 0x00, 0x00, 0x00, 0x00, 0x00, 0x00, 0x00, 0x00,
    0x00, 0x00, 0x00, 0x00, 0x00, 0x00, 0x00, 0x00, 0x00, 0x00, 0x00, 0x00, 0x00, 0x00, 0x00, 0x00,
    0x00, 0x00, 0x00, 0x00, 0x00, 0x00, 0x00, 0x00, 0x00, 0x00, 0x00, 0x00, 0x00, 0x00, 0x00, 0x00,
    0x00, 0x00, 0x00, 0x00, 0x00, 0x00, 0x00, 0x00, 0x00, 0x00, 0x00, 0x00, 0x00, 0x00, 0x00, 0x00,
    0x00, 0x00, 0x00, 0x00, 0x00, 0x00, 0x00, 0x00, 0x00, 0x00, 0x00, 0x00, 0x00, 0x00, 0x00, 0x00,
    0x00, 0x00, 0x00, 0x00, 0x00, 0x00, 0x00, 0x00, 0x00, 0x00, 0x00, 0x00, 0x00, 0x00, 0x00, 0x00,
    0x00, 0x00, 0x00, 0x00, 0x00, 0x00, 0x00, 0x00, 0x00, 0x00, 0x00, 0x00, 0x00, 0x00, 0x00, 0x00,
    0x00, 0x00, 0x00, 0x00, 0x00, 0x00, 0x00, 0x00, 0x00, 0x00, 0x00, 0x00, 0x00, 0x00, 0x00, 0x00,
    0x00, 0x00, 0x00, 0x00, 0x00, 0x00, 0x00, 0x00, 0x00, 0x00, 0x00, 0x00, 0x00, 0x00, 0x00, 0x00,
    0x00, 0x00, 0x00, 0x00, 0x00, 0x00, 0x00, 0x00, 0x00, 0x00, 0x00, 0x00, 0x00, 0x00, 0x00, 0x00,
    0x00, 0x00, 0x00, 0x00, 0x00, 0x00, 0x00, 0x00, 0x00, 0x00, 0x00, 0x00, 0x00, 0x00, 0x00, 0x00,
    0x00, 0x00, 0x00, 0x00, 0x00, 0x00, 0x00, 0x00, 0x00, 0x00, 0x00, 0x00, 0x00, 0x00, 0x00, 0x00,
    0x00, 0x00, 0x00, 0x00, 0x00, 0x00, 0x00, 0x00, 0x00, 0x00, 0x00, 0x00, 0x00, 0x00, 0x00, 0x00,
    0x00, 0x00, 0x00, 0x00, 0x00, 0x00, 0x00, 0x00, 0x00, 0x00, 0x00, 0x00, 0x00, 0x00, 0x00, 0x00,
    0x00, 0x00, 0x00, 0x00, 0x00, 0x00, 0x00, 0x00, 0x00, 0x00, 0x00, 0x00, 0x00, 0x00, 0x00, 0x00,
    0x00, 0x00, 0x00, 0x00, 0x00, 0x00, 0x00, 0x00, 0x00, 0x00, 0x00, 0x00, 0x00, 0x00, 0x00, 0x00,
    0x00, 0x00, 0x00, 0x00, 0x00, 0x00, 0x00, 0x00, 0x00, 0x00, 0x00, 0x00, 0x00, 0x00, 0x00, 0x00,
    0x00, 0x00, 0x00, 0x00, 0x00, 0x00, 0x00, 0x00, 0x00, 0x00, 0x00, 0x00, 0x00, 0x00, 0x00, 0x00,
    0x00, 0x00, 0x00, 0x00, 0x00, 0x00, 0x00, 0x00, 0x00, 0x00, 0x00, 0x00, 0x00, 0x00, 0x00, 0x00,
    0x00, 0x00, 0x00, 0x00, 0x00, 0x00, 0x00, 0x00, 0x00, 0x00, 0x00, 0x00, 0x00, 0x00, 0x00, 0x00,
    0x00, 0x00, 0x00, 0x00, 0x00, 0x00, 0x00, 0x00, 0x00, 0x00, 0x00, 0x00, 0x00, 0x00, 0x00, 0x00,
    0x00, 0x00, 0x00, 0x00, 0x00, 0x00, 0x00, 0x00, 0x00, 0x00, 0x00, 0x00, 0x00, 0x00, 0x00, 0x00,
    0x00, 0x00, 0x00, 0x00, 0x00, 0x00, 0x00, 0x00, 0x00, 0x00, 0x00, 0x00, 0x00, 0x00, 0x00, 0x00,
    0x00, 0x00, 0x00, 0x00, 0x00, 0x00, 0x00, 0x00, 0x00, 0x00, 0x00, 0x00, 0x00, 0x00, 0x00, 0x00,
    0x00, 0x00, 0x00, 0x00, 0x00, 0x00, 0x00, 0x00, 0x00, 0x00, 0x00, 0x00, 0x00, 0x00, 0x00, 0x00,
    0x00, 0x00, 0x00, 0x00, 0x00, 0x00, 0x00, 0x00, 0x00, 0x00, 0x00, 0x00, 0x00, 0x00, 0x00, 0x00,
    0x00, 0x00, 0x00, 0x00, 0x00, 0x00, 0x00, 0x00, 0x00, 0x00, 0x00, 0x00, 0x00, 0x00, 0x00, 0x00,
    0x00, 0x00, 0x00, 0x00, 0x00, 0x00, 0x00, 0x00, 0x00, 0x00, 0x00, 0x00, 0x00, 0x00, 0x00, 0x00,
    0x00, 0x00, 0x00, 0x00, 0x00, 0x00, 0x00, 0x00, 0x00, 0x00, 0x00, 0x00, 0x00, 0x00, 0x00, 0x00,
    0x00, 0x00, 0x00, 0x00, 0x00, 0x00, 0x00, 0x00, 0x00, 0x00, 0x00, 0x00, 0x00, 0x00, 0x00, 0x00,
    0x00, 0x00, 0x00, 0x00, 0x00, 0x00, 0x00, 0x00, 0x00, 0x00, 0x00, 0x00, 0x00, 0x00, 0x00, 0x00,
    0x00, 0x00, 0x00, 0x00, 0x00, 0x00, 0x00, 0x00, 0x00, 0x00, 0x00, 0x00, 0x00, 0x00, 0x00, 0x00,
    0x00, 0x00, 0x00, 0x00, 0x00, 0x00, 0x00, 0x00, 0x00, 0x00, 0x00, 0x00, 0x00, 0x00, 0x00, 0x00,
    0x00, 0x00, 0x00, 0x00, 0x00, 0x00, 0x00, 0x00, 0x00, 0x00, 0x00, 0x00, 0x00, 0x00, 0x00, 0x00,
    0x00, 0x00, 0x00, 0x00, 0x00, 0x00, 0x00, 0x00, 0x00, 0x00, 0x00, 0x00, 0x00, 0x00, 0x00, 0x00,
    0x00, 0x00, 0x00, 0x00, 0x00, 0x00, 0x00, 0x00, 0x00, 0x00, 0x00, 0x00, 0x00, 0x00, 0x00, 0x00,
    0x00, 0x00, 0x00, 0x00, 0x00, 0x00, 0x00, 0x00, 0x00, 0x00, 0x00, 0x00, 0x00, 0x00, 0x00, 0x00,
    0x00, 0x00, 0x00, 0x00, 0x00, 0x00, 0x00, 0x00, 0x00, 0x00, 0x00, 0x00, 0x00, 0x00, 0x00, 0x00,
    0x00, 0x00, 0x00, 0x00, 0x00, 0x00, 0x00, 0x00, 0x00, 0x00, 0x00, 0x00, 0x00, 0x00, 0x00, 0x00,
    0x00, 0x00, 0x00, 0x00, 0x00, 0x00, 0x00, 0x00, 0x00, 0x00, 0x00, 0x00, 0x00, 0x00, 0x00, 0x00,
    0x00, 0x00, 0x00, 0x00, 0x00, 0x00, 0x00, 0x00, 0x00, 0x00, 0x00, 0x00, 0x00, 0x00, 0x00, 0x00,
    0x00, 0x00, 0x00, 0x00, 0x00, 0x00, 0x00, 0x00, 0x00, 0x00, 0x00, 0x00, 0x00, 0x00, 0x00, 0x00,
    0x00, 0x00, 0x00, 0x00, 0x00, 0x00, 0x00, 0x00, 0x00, 0x00, 0x00, 0x00, 0x00, 0x00, 0x00, 0x00,
    0x00, 0x00, 0x00, 0x00, 0x00, 0x00, 0x00, 0x00, 0x00, 0x00, 0x00, 0x00, 0x00, 0x00, 0x00, 0x00,
    0x00, 0x00, 0x00, 0x00, 0x00, 0x00, 0x00, 0x00, 0x00, 0x00, 0x00, 0x00, 0x00, 0x00, 0x00, 0x00,
    0x00, 0x00, 0x00, 0x00, 0x00, 0x00, 0x00, 0x00, 0x00, 0x00, 0x00, 0x00, 0x00, 0x00, 0x00, 0x00,
    0x00, 0x00, 0x00, 0x00, 0x00, 0x00, 0x00, 0x00, 0x00, 0x00, 0x00, 0x00, 0x00, 0x00, 0x00, 0x00,
    0x00, 0x00, 0x00, 0x00, 0x00, 0x00, 0x00, 0x00, 0x00, 0x00, 0x00, 0x00, 0x00, 0x00, 0x00, 0x00,
    0x00, 0x00, 0x00, 0x00, 0x00, 0x00, 0x00, 0x00, 0x00, 0x00, 0x00, 0x00, 0x00, 0x00, 0x00, 0x00,
    0x00, 0x00, 0x00, 0x00, 0x00, 0x00, 0x00, 0x00, 0x00, 0x00, 0x00, 0x00, 0x00, 0x00, 0x00, 0x00,
    0x00, 0x00, 0x00, 0x00, 0x00, 0x00, 0x00, 0x00, 0x00, 0x00, 0x00, 0x00, 0x00, 0x00, 0x00, 0x00,
    0x00, 0x00, 0x00, 0x00, 0x00, 0x00, 0x00, 0x00, 0x00, 0x00, 0x00, 0x00, 0x00, 0x00, 0x00, 0x00,
    0x00, 0x00, 0x00, 0x00, 0x00, 0x00, 0x00, 0x00, 0x00, 0x00, 0x00, 0x00, 0x00, 0x00, 0x00, 0x00,
    0x00, 0x00, 0x00, 0x00, 0x00, 0x00, 0x00, 0x00, 0x00, 0x00, 0x00, 0x00, 0x00, 0x00, 0x00, 0x00,
    0x00, 0x00, 0x00, 0x00, 0x00, 0x00, 0x00, 0x00, 0x00, 0x00, 0x00, 0x00, 0x00, 0x00, 0x00, 0x00,
    0x00, 0x00, 0x00, 0x00, 0x00, 0x00, 0x00, 0x00, 0x00, 0x00, 0x00, 0x00, 0x00, 0x00, 0x00, 0x00,
    0x00, 0x00, 0x00, 0x00, 0x00, 0x00, 0x00, 0x00, 0x00, 0x00, 0x00, 0x00, 0x00, 0x00, 0x00, 0x00,
    0x00, 0x00, 0x00, 0x00, 0x00, 0x00, 0x00, 0x00, 0x00, 0x00, 0x00, 0x00, 0x00, 0x00, 0x00, 0x00,
    0x00, 0x00, 0x00, 0x00, 0x00, 0x00, 0x00, 0x00, 0x00, 0x00, 0x00, 0x00, 0x00, 0x00, 0x00, 0x00,
    0x00, 0x00, 0x00, 0x00, 0x00, 0x00, 0x00, 0x00, 0x00, 0x00, 0x00, 0x00, 0x00, 0x00, 0x00, 0x00,
    0x00, 0x00, 0x00, 0x00, 0x00, 0x00, 0x00, 0x00, 0x00, 0x00, 0x00, 0x00, 0x00, 0x00, 0x00, 0x00,
    0x00, 0x00, 0x00, 0x00, 0x00, 0x00, 0x00, 0x00, 0x00, 0x00, 0x00, 0x00, 0x00, 0x00, 0x00, 0x00,
    0x00, 0x00, 0x00, 0x00, 0x00, 0x00, 0x00, 0x00, 0x00, 0x00, 0x00, 0x00, 0x00, 0x00, 0x00, 0x00,
    0x00, 0x00, 0x00, 0x00, 0x00, 0x00, 0x00, 0x00, 0x00, 0x00, 0x00, 0x00, 0x00, 0x00, 0x00, 0x00,
    0x00, 0x00, 0x00, 0x00, 0x00, 0x00, 0x00, 0x00, 0x00, 0x00, 0x00, 0x00, 0x00, 0x00, 0x00, 0x00,
    0x00, 0x00, 0x00, 0x00, 0x00, 0x00, 0x00, 0x00, 0x00, 0x00, 0x00, 0x00, 0x00, 0x00, 0x00, 0x00,
    0x00, 0x00, 0x00, 0x00, 0x00, 0x00, 0x00, 0x00, 0x00, 0x00, 0x00, 0x00, 0x00, 0x00, 0x00, 0x00,
    0x00, 0x00, 0x00, 0x00, 0x00, 0x00, 0x00, 0x00, 0x00, 0x00, 0x00, 0x00, 0x00, 0x00, 0x00, 0x00,
    0x00, 0x00, 0x00, 0x00, 0x00, 0x00, 0x00, 0x00, 0x00, 0x00, 0x00, 0x00, 0x00, 0x00, 0x00, 0x00,
    0x00, 0x00, 0x00, 0x00, 0x00, 0x00, 0x00, 0x00, 0x00, 0x00, 0x00, 0x00, 0x00, 0x00, 0x00, 0x00,
    0x00, 0x00, 0x00, 0x00, 0x00, 0x00, 0x00, 0x00, 0x00, 0x00, 0x00, 0x00, 0x00, 0x00, 0x00, 0x00,
    0x00, 0x00, 0x00, 0x00, 0x00, 0x00, 0x00, 0x00, 0x00, 0x00, 0x00, 0x00, 0x00, 0x00, 0x00, 0x00,
    0x00, 0x00, 0x00, 0x00, 0x00, 0x00, 0x00, 0x00, 0x00, 0x00, 0x00, 0x00, 0x00, 0x00, 0x00, 0x00,
    0x00, 0x00, 0x00, 0x00, 0x00, 0x00, 0x00, 0x00, 0x00, 0x00, 0x00, 0x00, 0x00, 0x00, 0x00, 0x00,
    0x00, 0x00, 0x00, 0x00, 0x00, 0x00, 0x00, 0x00, 0x00, 0x00, 0x00, 0x00, 0x00, 0x00, 0x00, 0x00,
    0x00, 0x00, 0x00, 0x00, 0x00, 0x00, 0x00, 0x00, 0x00, 0x00, 0x00, 0x00, 0x00, 0x00, 0x00, 0x00,
    0x00, 0x00, 0x00, 0x00, 0x00, 0x00, 0x00, 0x00, 0x00, 0x00, 0x00, 0x00, 0x00, 0x00, 0x00, 0x00,
    0x00, 0x00, 0x00, 0x00, 0x00, 0x00, 0x00, 0x00, 0x00, 0x00, 0x00, 0x00, 0x00, 0x00, 0x00, 0x00,
    },
};
