/*******************************************************************************
 * Size: 30 px
 * Bpp: 4
 * Opts: --bpp 4 --size 30 --format lvgl --no-compress --font JetBrainsMono-Medium.ttf -r 0x20-0x7e,0xa0-0xff,0x2013-0x2026,0x2190-0x2193 --lv-fallback source_han_sans_30 --lv-font-name cos_font_jbm_30 -o ../cos_font_jbm_30.c
 ******************************************************************************/

#ifdef LV_LVGL_H_INCLUDE_SIMPLE
#include "lvgl.h"
#else
#include "lvgl/lvgl.h"
#endif

LV_FONT_DECLARE(cos_font_icon);

#ifndef COS_FONT_JBM_30
#define COS_FONT_JBM_30 1
#endif

#if COS_FONT_JBM_30

/*-----------------
 *    BITMAPS
 *----------------*/

/*Store the image of the glyphs*/
static LV_ATTRIBUTE_LARGE_CONST const uint8_t glyph_bitmap[] = {
    /* U+0020 " " */

    /* U+0021 "!" */
    0xb, 0xff, 0xb0, 0xa, 0xff, 0xa0, 0xa, 0xff,
    0xa0, 0x9, 0xff, 0x90, 0x9, 0xff, 0x90, 0x9,
    0xff, 0x90, 0x8, 0xff, 0x80, 0x8, 0xff, 0x80,
    0x7, 0xff, 0x70, 0x7, 0xff, 0x70, 0x7, 0xff,
    0x70, 0x6, 0xff, 0x60, 0x6, 0xff, 0x60, 0x5,
    0xff, 0x50, 0x5, 0xff, 0x50, 0x2, 0x88, 0x20,
    0x0, 0x0, 0x0, 0x0, 0x0, 0x0, 0x6, 0xbb,
    0x60, 0x2f, 0xff, 0xf2, 0x3f, 0xff, 0xf3, 0xa,
    0xff, 0xa0,

    /* U+0022 "\"" */
    0xef, 0xf5, 0x0, 0x5f, 0xfe, 0xef, 0xf5, 0x0,
    0x5f, 0xfe, 0xdf, 0xf5, 0x0, 0x5f, 0xfd, 0xdf,
    0xf4, 0x0, 0x4f, 0xfd, 0xcf, 0xf4, 0x0, 0x4f,
    0xfd, 0xcf, 0xf4, 0x0, 0x3f, 0xfc, 0xcf, 0xf3,
    0x0, 0x3f, 0xfc, 0xbf, 0xf3, 0x0, 0x2f, 0xfb,
    0xbf, 0xf2, 0x0, 0x2f, 0xfb, 0x11, 0x10, 0x0,
    0x1, 0x11,

    /* U+0023 "#" */
    0x0, 0x0, 0xa, 0xf9, 0x0, 0x0, 0xcf, 0x70,
    0x0, 0x0, 0xd, 0xf6, 0x0, 0x0, 0xff, 0x40,
    0x0, 0x0, 0xf, 0xf3, 0x0, 0x2, 0xff, 0x10,
    0x0, 0x0, 0x3f, 0xf0, 0x0, 0x5, 0xfe, 0x0,
    0x0, 0x0, 0x6f, 0xd0, 0x0, 0x8, 0xfb, 0x0,
    0x0, 0x0, 0xaf, 0xa0, 0x0, 0xb, 0xf8, 0x0,
    0xe, 0xff, 0xff, 0xff, 0xff, 0xff, 0xff, 0xff,
    0xe, 0xff, 0xff, 0xff, 0xff, 0xff, 0xff, 0xff,
    0x1, 0x24, 0xff, 0x32, 0x22, 0x5f, 0xf2, 0x21,
    0x0, 0x5, 0xfe, 0x0, 0x0, 0x6f, 0xd0, 0x0,
    0x0, 0x7, 0xfc, 0x0, 0x0, 0x9f, 0xa0, 0x0,
    0x0, 0xa, 0xf9, 0x0, 0x0, 0xcf, 0x70, 0x0,
    0x0, 0xd, 0xf6, 0x0, 0x0, 0xef, 0x50, 0x0,
    0x12, 0x2f, 0xf5, 0x22, 0x23, 0xff, 0x42, 0x10,
    0xff, 0xff, 0xff, 0xff, 0xff, 0xff, 0xff, 0xe0,
    0xff, 0xff, 0xff, 0xff, 0xff, 0xff, 0xff, 0xe0,
    0x0, 0x8f, 0xb0, 0x0, 0xa, 0xf9, 0x0, 0x0,
    0x0, 0xbf, 0x80, 0x0, 0xc, 0xf6, 0x0, 0x0,
    0x0, 0xef, 0x50, 0x0, 0xf, 0xf3, 0x0, 0x0,
    0x1, 0xff, 0x20, 0x0, 0x2f, 0xf0, 0x0, 0x0,
    0x4, 0xff, 0x0, 0x0, 0x5f, 0xd0, 0x0, 0x0,
    0x7, 0xfc, 0x0, 0x0, 0x8f, 0xa0, 0x0, 0x0,

    /* U+0024 "$" */
    0x0, 0x0, 0x0, 0x68, 0x0, 0x0, 0x0, 0x0,
    0x0, 0x0, 0xdf, 0x0, 0x0, 0x0, 0x0, 0x0,
    0x0, 0xdf, 0x0, 0x0, 0x0, 0x0, 0x0, 0x0,
    0xdf, 0x0, 0x0, 0x0, 0x0, 0x0, 0x48, 0xef,
    0x96, 0x10, 0x0, 0x0, 0x3d, 0xff, 0xff, 0xff,
    0xf6, 0x0, 0x2, 0xff, 0xff, 0xff, 0xff, 0xff,
    0x70, 0xc, 0xff, 0xb1, 0xdf, 0x18, 0xff, 0xf1,
    0x2f, 0xfe, 0x0, 0xdf, 0x0, 0xaf, 0xf7, 0x5f,
    0xfa, 0x0, 0xdf, 0x0, 0x6f, 0xf9, 0x5f, 0xfa,
    0x0, 0xdf, 0x0, 0x0, 0x0, 0x4f, 0xfe, 0x0,
    0xdf, 0x0, 0x0, 0x0, 0xf, 0xff, 0xa0, 0xdf,
    0x0, 0x0, 0x0, 0x8, 0xff, 0xfd, 0xef, 0x0,
    0x0, 0x0, 0x0, 0xcf, 0xff, 0xff, 0xc7, 0x10,
    0x0, 0x0, 0x9, 0xff, 0xff, 0xff, 0xe5, 0x0,
    0x0, 0x0, 0x28, 0xff, 0xff, 0xff, 0x60, 0x0,
    0x0, 0x0, 0xdf, 0x8f, 0xff, 0xf2, 0x0, 0x0,
    0x0, 0xdf, 0x2, 0xef, 0xf8, 0x0, 0x0, 0x0,
    0xdf, 0x0, 0x5f, 0xfd, 0x0, 0x0, 0x0, 0xdf,
    0x0, 0x1f, 0xfe, 0xef, 0xf1, 0x0, 0xdf, 0x0,
    0x1f, 0xfe, 0xcf, 0xf6, 0x0, 0xdf, 0x0, 0x5f,
    0xfb, 0x6f, 0xfe, 0x40, 0xdf, 0x3, 0xef, 0xf6,
    0xd, 0xff, 0xfd, 0xef, 0xcf, 0xff, 0xc0, 0x1,
    0xcf, 0xff, 0xff, 0xff, 0xfc, 0x10, 0x0, 0x6,
    0xbf, 0xff, 0xfc, 0x60, 0x0, 0x0, 0x0, 0x0,
    0xdf, 0x0, 0x0, 0x0, 0x0, 0x0, 0x0, 0xdf,
    0x0, 0x0, 0x0, 0x0, 0x0, 0x0, 0xdf, 0x0,
    0x0, 0x0, 0x0, 0x0, 0x0, 0xdf, 0x0, 0x0,
    0x0,

    /* U+0025 "%" */
    0x0, 0x9e, 0xfe, 0xa1, 0x0, 0x0, 0x0, 0x1e,
    0xf5, 0xc, 0xff, 0xff, 0xfe, 0x10, 0x0, 0x0,
    0xbf, 0xa0, 0x5f, 0xf8, 0x25, 0xff, 0x80, 0x0,
    0x6, 0xfe, 0x10, 0x9f, 0xd0, 0x0, 0x9f, 0xc0,
    0x0, 0x1f, 0xf4, 0x0, 0x9f, 0xb0, 0x0, 0x8f,
    0xc0, 0x0, 0xbf, 0xa0, 0x0, 0x9f, 0xb0, 0x0,
    0x8f, 0xc0, 0x6, 0xfe, 0x0, 0x0, 0x9f, 0xd0,
    0x0, 0x9f, 0xc0, 0x2f, 0xf4, 0x0, 0x0, 0x5f,
    0xf7, 0x25, 0xff, 0x80, 0xcf, 0x90, 0x0, 0x0,
    0xc, 0xff, 0xff, 0xfe, 0x17, 0xfd, 0x0, 0x0,
    0x0, 0x0, 0x9e, 0xfe, 0xa1, 0x2f, 0xf3, 0x0,
    0x0, 0x0, 0x0, 0x0, 0x0, 0x0, 0xdf, 0x80,
    0x0, 0x0, 0x0, 0x0, 0x0, 0x0, 0x8, 0xfd,
    0x0, 0x0, 0x0, 0x0, 0x0, 0x0, 0x0, 0x3f,
    0xf2, 0x2a, 0xef, 0xd8, 0x0, 0x0, 0x0, 0x0,
    0xdf, 0x71, 0xef, 0xff, 0xff, 0xc0, 0x0, 0x0,
    0x9, 0xfc, 0x9, 0xff, 0x62, 0x8f, 0xf5, 0x0,
    0x0, 0x4f, 0xf2, 0xc, 0xfa, 0x0, 0xd, 0xf8,
    0x0, 0x0, 0xef, 0x60, 0xd, 0xf8, 0x0, 0xb,
    0xf9, 0x0, 0xa, 0xfb, 0x0, 0xd, 0xf8, 0x0,
    0xb, 0xf9, 0x0, 0x5f, 0xf1, 0x0, 0xc, 0xf9,
    0x0, 0xc, 0xf8, 0x1, 0xef, 0x60, 0x0, 0x8,
    0xfe, 0x30, 0x5f, 0xf5, 0xa, 0xfb, 0x0, 0x0,
    0x1, 0xef, 0xff, 0xff, 0xc0, 0x5f, 0xe1, 0x0,
    0x0, 0x0, 0x1a, 0xef, 0xe8, 0x0,

    /* U+0026 "&" */
    0x0, 0x0, 0x4, 0xbe, 0xfe, 0xa3, 0x0, 0x0,
    0x0, 0x0, 0x0, 0x8, 0xff, 0xff, 0xff, 0xf7,
    0x0, 0x0, 0x0, 0x0, 0x4, 0xff, 0xfb, 0x8c,
    0xff, 0xf4, 0x0, 0x0, 0x0, 0x0, 0xaf, 0xf7,
    0x0, 0x7, 0xff, 0xb0, 0x0, 0x0, 0x0, 0xc,
    0xff, 0x10, 0x0, 0xe, 0xff, 0x0, 0x0, 0x0,
    0x0, 0xaf, 0xf3, 0x0, 0x0, 0x57, 0x70, 0x0,
    0x0, 0x0, 0x4, 0xff, 0xa0, 0x0, 0x0, 0x0,
    0x0, 0x0, 0x0, 0x0, 0xa, 0xff, 0x60, 0x0,
    0x0, 0x0, 0x0, 0x0, 0x0, 0x0, 0xd, 0xff,
    0x30, 0x0, 0x0, 0x0, 0x0, 0x0, 0x1, 0x9e,
    0xff, 0xfe, 0x10, 0x0, 0x0, 0x0, 0x0, 0x1,
    0xef, 0xff, 0xff, 0xfc, 0x0, 0x0, 0x0, 0x11,
    0x0, 0xaf, 0xfe, 0x63, 0x8f, 0xfa, 0x0, 0x4,
    0xff, 0xe1, 0x1f, 0xff, 0x20, 0x0, 0xbf, 0xf7,
    0x2, 0xff, 0xf3, 0x4, 0xff, 0xb0, 0x0, 0x1,
    0xef, 0xf5, 0xef, 0xf5, 0x0, 0x4f, 0xf9, 0x0,
    0x0, 0x3, 0xff, 0xff, 0xf7, 0x0, 0x5, 0xff,
    0x90, 0x0, 0x0, 0x7, 0xff, 0xf9, 0x0, 0x0,
    0x4f, 0xf9, 0x0, 0x0, 0x0, 0x6f, 0xff, 0x80,
    0x0, 0x2, 0xff, 0xd0, 0x0, 0x0, 0x3f, 0xff,
    0xff, 0x40, 0x0, 0xe, 0xff, 0x70, 0x0, 0x3e,
    0xff, 0x6f, 0xfe, 0x10, 0x0, 0x7f, 0xff, 0xda,
    0xcf, 0xff, 0x60, 0x7f, 0xfb, 0x0, 0x0, 0x9f,
    0xff, 0xff, 0xff, 0x60, 0x0, 0xcf, 0xf6, 0x0,
    0x0, 0x5b, 0xef, 0xe9, 0x20, 0x0, 0x2, 0xff,
    0xf2,

    /* U+0027 "'" */
    0xaf, 0xfa, 0x9f, 0xf9, 0x9f, 0xf9, 0x8f, 0xf9,
    0x8f, 0xf8, 0x8f, 0xf8, 0x7f, 0xf7, 0x7f, 0xf7,
    0x6f, 0xf7, 0x1, 0x10,

    /* U+0028 "(" */
    0x0, 0x0, 0x0, 0x0, 0x23, 0x0, 0x0, 0x0,
    0x5d, 0xf8, 0x0, 0x0, 0x2c, 0xff, 0xf8, 0x0,
    0x3, 0xff, 0xff, 0xc4, 0x0, 0x2e, 0xff, 0xe4,
    0x0, 0x0, 0xcf, 0xfd, 0x10, 0x0, 0x5, 0xff,
    0xf2, 0x0, 0x0, 0xb, 0xff, 0x80, 0x0, 0x0,
    0x1f, 0xff, 0x10, 0x0, 0x0, 0x4f, 0xfc, 0x0,
    0x0, 0x0, 0x7f, 0xf9, 0x0, 0x0, 0x0, 0x8f,
    0xf7, 0x0, 0x0, 0x0, 0x8f, 0xf6, 0x0, 0x0,
    0x0, 0x9f, 0xf6, 0x0, 0x0, 0x0, 0x9f, 0xf6,
    0x0, 0x0, 0x0, 0x9f, 0xf6, 0x0, 0x0, 0x0,
    0x9f, 0xf6, 0x0, 0x0, 0x0, 0x8f, 0xf6, 0x0,
    0x0, 0x0, 0x8f, 0xf7, 0x0, 0x0, 0x0, 0x7f,
    0xf8, 0x0, 0x0, 0x0, 0x4f, 0xfb, 0x0, 0x0,
    0x0, 0x1f, 0xff, 0x0, 0x0, 0x0, 0xc, 0xff,
    0x70, 0x0, 0x0, 0x6, 0xff, 0xe1, 0x0, 0x0,
    0x0, 0xdf, 0xfc, 0x0, 0x0, 0x0, 0x3f, 0xff,
    0xc2, 0x0, 0x0, 0x5, 0xff, 0xff, 0xa3, 0x0,
    0x0, 0x4e, 0xff, 0xf8, 0x0, 0x0, 0x1, 0x8f,
    0xf8, 0x0, 0x0, 0x0, 0x0, 0x54,

    /* U+0029 ")" */
    0x32, 0x0, 0x0, 0x0, 0x0, 0x8f, 0xd5, 0x0,
    0x0, 0x0, 0x8f, 0xff, 0xc2, 0x0, 0x0, 0x4c,
    0xff, 0xff, 0x30, 0x0, 0x0, 0x4e, 0xff, 0xe2,
    0x0, 0x0, 0x1, 0xdf, 0xfc, 0x0, 0x0, 0x0,
    0x2f, 0xff, 0x50, 0x0, 0x0, 0x8, 0xff, 0xc0,
    0x0, 0x0, 0x1, 0xff, 0xf1, 0x0, 0x0, 0x0,
    0xcf, 0xf4, 0x0, 0x0, 0x0, 0x8f, 0xf7, 0x0,
    0x0, 0x0, 0x7f, 0xf8, 0x0, 0x0, 0x0, 0x6f,
    0xf9, 0x0, 0x0, 0x0, 0x6f, 0xf9, 0x0, 0x0,
    0x0, 0x6f, 0xf9, 0x0, 0x0, 0x0, 0x6f, 0xf9,
    0x0, 0x0, 0x0, 0x6f, 0xf9, 0x0, 0x0, 0x0,
    0x6f, 0xf9, 0x0, 0x0, 0x0, 0x7f, 0xf8, 0x0,
    0x0, 0x0, 0x8f, 0xf7, 0x0, 0x0, 0x0, 0xbf,
    0xf5, 0x0, 0x0, 0x0, 0xff, 0xf1, 0x0, 0x0,
    0x7, 0xff, 0xc0, 0x0, 0x0, 0x1e, 0xff, 0x60,
    0x0, 0x0, 0xcf, 0xfd, 0x0, 0x0, 0x2c, 0xff,
    0xf3, 0x0, 0x3a, 0xff, 0xff, 0x50, 0x0, 0x8f,
    0xff, 0xe3, 0x0, 0x0, 0x8f, 0xf8, 0x10, 0x0,
    0x0, 0x45, 0x0, 0x0, 0x0, 0x0,

    /* U+002A "*" */
    0x0, 0x0, 0x0, 0x5f, 0xf5, 0x0, 0x0, 0x0,
    0x0, 0x0, 0x0, 0x5f, 0xf5, 0x0, 0x0, 0x0,
    0x0, 0x0, 0x0, 0x5f, 0xf5, 0x0, 0x0, 0x0,
    0x0, 0x0, 0x0, 0x4f, 0xf4, 0x0, 0x0, 0x0,
    0x2a, 0x40, 0x0, 0x4f, 0xf4, 0x0, 0x4, 0xa2,
    0x8f, 0xfd, 0x71, 0x3f, 0xf2, 0x17, 0xdf, 0xf8,
    0xcf, 0xff, 0xff, 0x8f, 0xf8, 0xff, 0xff, 0xfc,
    0x4, 0xaf, 0xff, 0xff, 0xff, 0xff, 0xfa, 0x40,
    0x0, 0x0, 0x48, 0xef, 0xfe, 0x84, 0x0, 0x0,
    0x0, 0x0, 0x5, 0xff, 0xff, 0x50, 0x0, 0x0,
    0x0, 0x0, 0x3f, 0xfa, 0xaf, 0xf3, 0x0, 0x0,
    0x0, 0x1, 0xef, 0xf2, 0x2f, 0xfe, 0x10, 0x0,
    0x0, 0xa, 0xff, 0x90, 0x9, 0xff, 0xa0, 0x0,
    0x0, 0x5f, 0xfd, 0x0, 0x0, 0xdf, 0xf5, 0x0,
    0x0, 0x6f, 0xf3, 0x0, 0x0, 0x3f, 0xf6, 0x0,
    0x0, 0x2, 0x60, 0x0, 0x0, 0x6, 0x20, 0x0,

    /* U+002B "+" */
    0x0, 0x0, 0x0, 0x7f, 0xf7, 0x0, 0x0, 0x0,
    0x0, 0x0, 0x0, 0x7f, 0xf7, 0x0, 0x0, 0x0,
    0x0, 0x0, 0x0, 0x7f, 0xf7, 0x0, 0x0, 0x0,
    0x0, 0x0, 0x0, 0x7f, 0xf7, 0x0, 0x0, 0x0,
    0x0, 0x0, 0x0, 0x7f, 0xf7, 0x0, 0x0, 0x0,
    0x0, 0x0, 0x0, 0x7f, 0xf7, 0x0, 0x0, 0x0,
    0x1f, 0xff, 0xff, 0xff, 0xff, 0xff, 0xff, 0xf1,
    0x1f, 0xff, 0xff, 0xff, 0xff, 0xff, 0xff, 0xf1,
    0xb, 0xbb, 0xbb, 0xdf, 0xfd, 0xbb, 0xbb, 0xb1,
    0x0, 0x0, 0x0, 0x7f, 0xf7, 0x0, 0x0, 0x0,
    0x0, 0x0, 0x0, 0x7f, 0xf7, 0x0, 0x0, 0x0,
    0x0, 0x0, 0x0, 0x7f, 0xf7, 0x0, 0x0, 0x0,
    0x0, 0x0, 0x0, 0x7f, 0xf7, 0x0, 0x0, 0x0,
    0x0, 0x0, 0x0, 0x7f, 0xf7, 0x0, 0x0, 0x0,
    0x0, 0x0, 0x0, 0x25, 0x52, 0x0, 0x0, 0x0,

    /* U+002C "," */
    0x1, 0x44, 0x41, 0x6, 0xff, 0xf1, 0x8, 0xff,
    0xd0, 0xb, 0xff, 0xa0, 0xe, 0xff, 0x60, 0x1f,
    0xff, 0x20, 0x3f, 0xff, 0x0, 0x6f, 0xfb, 0x0,
    0x9f, 0xf7, 0x0, 0xcf, 0xf4, 0x0,

    /* U+002D "-" */
    0x8b, 0xbb, 0xbb, 0xbb, 0xb8, 0xcf, 0xff, 0xff,
    0xff, 0xfc, 0xcf, 0xff, 0xff, 0xff, 0xfc,

    /* U+002E "." */
    0x0, 0x0, 0x0, 0x9, 0xff, 0x90, 0x5f, 0xff,
    0xf5, 0x8f, 0xff, 0xf8, 0x5f, 0xff, 0xf5, 0x8,
    0xee, 0x80,

    /* U+002F "/" */
    0x0, 0x0, 0x0, 0x0, 0x0, 0x28, 0x86, 0x0,
    0x0, 0x0, 0x0, 0x0, 0xaf, 0xf8, 0x0, 0x0,
    0x0, 0x0, 0x0, 0xff, 0xf2, 0x0, 0x0, 0x0,
    0x0, 0x5, 0xff, 0xc0, 0x0, 0x0, 0x0, 0x0,
    0xb, 0xff, 0x60, 0x0, 0x0, 0x0, 0x0, 0x1f,
    0xff, 0x0, 0x0, 0x0, 0x0, 0x0, 0x7f, 0xfa,
    0x0, 0x0, 0x0, 0x0, 0x0, 0xdf, 0xf4, 0x0,
    0x0, 0x0, 0x0, 0x3, 0xff, 0xe0, 0x0, 0x0,
    0x0, 0x0, 0x9, 0xff, 0x80, 0x0, 0x0, 0x0,
    0x0, 0xf, 0xff, 0x20, 0x0, 0x0, 0x0, 0x0,
    0x5f, 0xfc, 0x0, 0x0, 0x0, 0x0, 0x0, 0xbf,
    0xf6, 0x0, 0x0, 0x0, 0x0, 0x1, 0xff, 0xf0,
    0x0, 0x0, 0x0, 0x0, 0x7, 0xff, 0xa0, 0x0,
    0x0, 0x0, 0x0, 0xd, 0xff, 0x40, 0x0, 0x0,
    0x0, 0x0, 0x3f, 0xfe, 0x0, 0x0, 0x0, 0x0,
    0x0, 0x9f, 0xf8, 0x0, 0x0, 0x0, 0x0, 0x0,
    0xef, 0xf2, 0x0, 0x0, 0x0, 0x0, 0x5, 0xff,
    0xc0, 0x0, 0x0, 0x0, 0x0, 0xb, 0xff, 0x60,
    0x0, 0x0, 0x0, 0x0, 0x1f, 0xff, 0x10, 0x0,
    0x0, 0x0, 0x0, 0x7f, 0xfa, 0x0, 0x0, 0x0,
    0x0, 0x0, 0xdf, 0xf4, 0x0, 0x0, 0x0, 0x0,
    0x3, 0xff, 0xe0, 0x0, 0x0, 0x0, 0x0, 0x9,
    0xff, 0x80, 0x0, 0x0, 0x0, 0x0, 0xe, 0xff,
    0x20, 0x0, 0x0, 0x0, 0x0, 0x5f, 0xfc, 0x0,
    0x0, 0x0, 0x0, 0x0, 0xbf, 0xf6, 0x0, 0x0,
    0x0, 0x0, 0x0,

    /* U+0030 "0" */
    0x0, 0x3, 0xad, 0xff, 0xda, 0x30, 0x0, 0x0,
    0x9f, 0xff, 0xff, 0xff, 0xf9, 0x0, 0x8, 0xff,
    0xfd, 0x99, 0xdf, 0xff, 0x80, 0x2f, 0xff, 0x60,
    0x0, 0x6, 0xff, 0xf2, 0x7f, 0xf9, 0x0, 0x0,
    0x0, 0x9f, 0xf7, 0x9f, 0xf4, 0x0, 0x0, 0x0,
    0x4f, 0xf9, 0xaf, 0xf2, 0x0, 0x0, 0x0, 0x2f,
    0xfa, 0xbf, 0xf2, 0x0, 0x0, 0x0, 0x2f, 0xfb,
    0xbf, 0xf2, 0x0, 0x0, 0x0, 0x2f, 0xfb, 0xbf,
    0xf2, 0x5, 0xee, 0x50, 0x2f, 0xfb, 0xbf, 0xf2,
    0xc, 0xff, 0xc0, 0x2f, 0xfb, 0xbf, 0xf2, 0xa,
    0xff, 0xa0, 0x2f, 0xfb, 0xbf, 0xf2, 0x0, 0x77,
    0x0, 0x2f, 0xfb, 0xbf, 0xf2, 0x0, 0x0, 0x0,
    0x2f, 0xfb, 0xbf, 0xf2, 0x0, 0x0, 0x0, 0x2f,
    0xfb, 0xaf, 0xf2, 0x0, 0x0, 0x0, 0x2f, 0xfa,
    0xaf, 0xf4, 0x0, 0x0, 0x0, 0x4f, 0xf9, 0x7f,
    0xf9, 0x0, 0x0, 0x0, 0x9f, 0xf6, 0x2f, 0xff,
    0x60, 0x0, 0x6, 0xff, 0xf1, 0x8, 0xff, 0xfd,
    0x99, 0xdf, 0xff, 0x70, 0x0, 0x9f, 0xff, 0xff,
    0xff, 0xf8, 0x0, 0x0, 0x3, 0xad, 0xff, 0xd9,
    0x30, 0x0,

    /* U+0031 "1" */
    0x0, 0x0, 0x3d, 0xff, 0xf7, 0x0, 0x0, 0x0,
    0x0, 0x6f, 0xff, 0xff, 0x70, 0x0, 0x0, 0x1,
    0xaf, 0xff, 0xef, 0xf7, 0x0, 0x0, 0x2, 0xdf,
    0xff, 0x77, 0xff, 0x70, 0x0, 0x0, 0x5f, 0xfd,
    0x30, 0x7f, 0xf7, 0x0, 0x0, 0x5, 0xfa, 0x10,
    0x7, 0xff, 0x70, 0x0, 0x0, 0x57, 0x0, 0x0,
    0x7f, 0xf7, 0x0, 0x0, 0x0, 0x0, 0x0, 0x7,
    0xff, 0x70, 0x0, 0x0, 0x0, 0x0, 0x0, 0x7f,
    0xf7, 0x0, 0x0, 0x0, 0x0, 0x0, 0x7, 0xff,
    0x70, 0x0, 0x0, 0x0, 0x0, 0x0, 0x7f, 0xf7,
    0x0, 0x0, 0x0, 0x0, 0x0, 0x7, 0xff, 0x70,
    0x0, 0x0, 0x0, 0x0, 0x0, 0x7f, 0xf7, 0x0,
    0x0, 0x0, 0x0, 0x0, 0x7, 0xff, 0x70, 0x0,
    0x0, 0x0, 0x0, 0x0, 0x7f, 0xf7, 0x0, 0x0,
    0x0, 0x0, 0x0, 0x7, 0xff, 0x70, 0x0, 0x0,
    0x0, 0x0, 0x0, 0x7f, 0xf7, 0x0, 0x0, 0x0,
    0x0, 0x0, 0x7, 0xff, 0x70, 0x0, 0x0, 0x0,
    0x0, 0x0, 0x7f, 0xf7, 0x0, 0x0, 0x3, 0xbb,
    0xbb, 0xbd, 0xff, 0xdb, 0xbb, 0xb3, 0x5f, 0xff,
    0xff, 0xff, 0xff, 0xff, 0xff, 0x45, 0xff, 0xff,
    0xff, 0xff, 0xff, 0xff, 0xf4,

    /* U+0032 "2" */
    0x0, 0x3, 0x9d, 0xff, 0xd9, 0x30, 0x0, 0x0,
    0x8f, 0xff, 0xff, 0xff, 0xf8, 0x0, 0x8, 0xff,
    0xfe, 0xbb, 0xef, 0xff, 0x70, 0x2f, 0xff, 0x70,
    0x0, 0xa, 0xff, 0xf1, 0x8f, 0xf9, 0x0, 0x0,
    0x0, 0xdf, 0xf6, 0xbf, 0xf4, 0x0, 0x0, 0x0,
    0x8f, 0xf8, 0x68, 0x81, 0x0, 0x0, 0x0, 0x7f,
    0xf9, 0x0, 0x0, 0x0, 0x0, 0x0, 0x9f, 0xf7,
    0x0, 0x0, 0x0, 0x0, 0x0, 0xef, 0xf3, 0x0,
    0x0, 0x0, 0x0, 0x7, 0xff, 0xc0, 0x0, 0x0,
    0x0, 0x0, 0x3f, 0xff, 0x40, 0x0, 0x0, 0x0,
    0x2, 0xef, 0xf8, 0x0, 0x0, 0x0, 0x0, 0x2e,
    0xff, 0xb0, 0x0, 0x0, 0x0, 0x1, 0xef, 0xfb,
    0x0, 0x0, 0x0, 0x0, 0x1d, 0xff, 0xc0, 0x0,
    0x0, 0x0, 0x1, 0xdf, 0xfc, 0x0, 0x0, 0x0,
    0x0, 0x1d, 0xff, 0xc0, 0x0, 0x0, 0x0, 0x0,
    0xcf, 0xfc, 0x0, 0x0, 0x0, 0x0, 0xc, 0xff,
    0xc1, 0x0, 0x0, 0x0, 0x0, 0x7f, 0xff, 0xcb,
    0xbb, 0xbb, 0xbb, 0xba, 0x8f, 0xff, 0xff, 0xff,
    0xff, 0xff, 0xfe, 0x8f, 0xff, 0xff, 0xff, 0xff,
    0xff, 0xfe,

    /* U+0033 "3" */
    0x5f, 0xff, 0xff, 0xff, 0xff, 0xff, 0xe0, 0x5f,
    0xff, 0xff, 0xff, 0xff, 0xff, 0xe0, 0x3b, 0xbb,
    0xbb, 0xbb, 0xbe, 0xff, 0xd0, 0x0, 0x0, 0x0,
    0x0, 0x4f, 0xfe, 0x30, 0x0, 0x0, 0x0, 0x3,
    0xff, 0xf3, 0x0, 0x0, 0x0, 0x0, 0x3f, 0xff,
    0x30, 0x0, 0x0, 0x0, 0x3, 0xff, 0xf3, 0x0,
    0x0, 0x0, 0x0, 0x3f, 0xff, 0x30, 0x0, 0x0,
    0x0, 0x0, 0xbf, 0xff, 0xc8, 0x20, 0x0, 0x0,
    0x0, 0xbf, 0xff, 0xff, 0xf6, 0x0, 0x0, 0x0,
    0x69, 0x9a, 0xef, 0xff, 0x50, 0x0, 0x0, 0x0,
    0x0, 0xa, 0xff, 0xe0, 0x0, 0x0, 0x0, 0x0,
    0x0, 0xdf, 0xf3, 0x0, 0x0, 0x0, 0x0, 0x0,
    0x9f, 0xf6, 0x0, 0x0, 0x0, 0x0, 0x0, 0x8f,
    0xf7, 0x44, 0x40, 0x0, 0x0, 0x0, 0x8f, 0xf7,
    0xef, 0xf1, 0x0, 0x0, 0x0, 0x9f, 0xf6, 0xcf,
    0xf6, 0x0, 0x0, 0x0, 0xef, 0xf3, 0x6f, 0xff,
    0x50, 0x0, 0x1b, 0xff, 0xe0, 0xd, 0xff, 0xfd,
    0xbc, 0xff, 0xff, 0x50, 0x1, 0xcf, 0xff, 0xff,
    0xff, 0xf6, 0x0, 0x0, 0x6, 0xbe, 0xff, 0xd8,
    0x20, 0x0,

    /* U+0034 "4" */
    0x0, 0x0, 0x0, 0x4, 0xff, 0xf1, 0x0, 0x0,
    0x0, 0x0, 0xef, 0xf6, 0x0, 0x0, 0x0, 0x0,
    0x9f, 0xfc, 0x0, 0x0, 0x0, 0x0, 0x3f, 0xff,
    0x20, 0x0, 0x0, 0x0, 0xd, 0xff, 0x70, 0x0,
    0x0, 0x0, 0x8, 0xff, 0xd0, 0x0, 0x0, 0x0,
    0x2, 0xff, 0xf3, 0x0, 0x0, 0x0, 0x0, 0xcf,
    0xf9, 0x0, 0x0, 0x0, 0x0, 0x6f, 0xfe, 0x0,
    0x0, 0x0, 0x0, 0x1f, 0xff, 0x40, 0x0, 0x1c,
    0xca, 0xb, 0xff, 0xa0, 0x0, 0x2, 0xff, 0xd5,
    0xff, 0xe1, 0x0, 0x0, 0x2f, 0xfd, 0xef, 0xf6,
    0x0, 0x0, 0x2, 0xff, 0xdf, 0xff, 0x0, 0x0,
    0x0, 0x2f, 0xfd, 0xff, 0xfb, 0xbb, 0xbb, 0xbb,
    0xff, 0xdf, 0xff, 0xff, 0xff, 0xff, 0xff, 0xfd,
    0xff, 0xff, 0xff, 0xff, 0xff, 0xff, 0xd0, 0x0,
    0x0, 0x0, 0x0, 0x2f, 0xfd, 0x0, 0x0, 0x0,
    0x0, 0x2, 0xff, 0xd0, 0x0, 0x0, 0x0, 0x0,
    0x2f, 0xfd, 0x0, 0x0, 0x0, 0x0, 0x2, 0xff,
    0xd0, 0x0, 0x0, 0x0, 0x0, 0x2f, 0xfd,

    /* U+0035 "5" */
    0x1f, 0xff, 0xff, 0xff, 0xff, 0xff, 0xc0, 0x1f,
    0xff, 0xff, 0xff, 0xff, 0xff, 0xc0, 0x1f, 0xfe,
    0xbb, 0xbb, 0xbb, 0xbb, 0x90, 0x1f, 0xfa, 0x0,
    0x0, 0x0, 0x0, 0x0, 0x1f, 0xfb, 0x0, 0x0,
    0x0, 0x0, 0x0, 0x1f, 0xfb, 0x0, 0x0, 0x0,
    0x0, 0x0, 0x1f, 0xfb, 0x0, 0x0, 0x0, 0x0,
    0x0, 0x1f, 0xfb, 0x0, 0x0, 0x0, 0x0, 0x0,
    0x1f, 0xff, 0xff, 0xff, 0xea, 0x40, 0x0, 0x1f,
    0xff, 0xff, 0xff, 0xff, 0xfa, 0x0, 0x1b, 0xbb,
    0xbb, 0xbc, 0xff, 0xff, 0x80, 0x0, 0x0, 0x0,
    0x0, 0x1a, 0xff, 0xf1, 0x0, 0x0, 0x0, 0x0,
    0x0, 0xdf, 0xf5, 0x0, 0x0, 0x0, 0x0, 0x0,
    0x8f, 0xf7, 0x0, 0x0, 0x0, 0x0, 0x0, 0x6f,
    0xf8, 0x34, 0x40, 0x0, 0x0, 0x0, 0x6f, 0xf8,
    0xcf, 0xf4, 0x0, 0x0, 0x0, 0x8f, 0xf7, 0x9f,
    0xf9, 0x0, 0x0, 0x0, 0xdf, 0xf5, 0x4f, 0xff,
    0x60, 0x0, 0xa, 0xff, 0xf0, 0xb, 0xff, 0xfe,
    0xbc, 0xff, 0xff, 0x60, 0x0, 0xbf, 0xff, 0xff,
    0xff, 0xf8, 0x0, 0x0, 0x5, 0xae, 0xff, 0xd9,
    0x20, 0x0,

    /* U+0036 "6" */
    0x0, 0x0, 0x0, 0x7, 0xff, 0xd0, 0x0, 0x0,
    0x0, 0x0, 0x0, 0x1e, 0xff, 0x40, 0x0, 0x0,
    0x0, 0x0, 0x0, 0x8f, 0xfa, 0x0, 0x0, 0x0,
    0x0, 0x0, 0x2, 0xff, 0xf1, 0x0, 0x0, 0x0,
    0x0, 0x0, 0xa, 0xff, 0x70, 0x0, 0x0, 0x0,
    0x0, 0x0, 0x3f, 0xfd, 0x0, 0x0, 0x0, 0x0,
    0x0, 0x0, 0xcf, 0xf4, 0x0, 0x0, 0x0, 0x0,
    0x0, 0x5, 0xff, 0xa0, 0x0, 0x0, 0x0, 0x0,
    0x0, 0xe, 0xff, 0x8d, 0xfe, 0xc6, 0x0, 0x0,
    0x0, 0x7f, 0xff, 0xff, 0xff, 0xff, 0xc1, 0x0,
    0x0, 0xef, 0xff, 0x95, 0x59, 0xff, 0xfd, 0x0,
    0x6, 0xff, 0xe2, 0x0, 0x0, 0x2e, 0xff, 0x70,
    0xb, 0xff, 0x50, 0x0, 0x0, 0x5, 0xff, 0xd0,
    0xf, 0xff, 0x0, 0x0, 0x0, 0x0, 0xff, 0xf0,
    0x2f, 0xfd, 0x0, 0x0, 0x0, 0x0, 0xdf, 0xf2,
    0x1f, 0xfd, 0x0, 0x0, 0x0, 0x0, 0xdf, 0xf1,
    0xf, 0xff, 0x10, 0x0, 0x0, 0x1, 0xff, 0xf0,
    0xc, 0xff, 0x80, 0x0, 0x0, 0x8, 0xff, 0xa0,
    0x5, 0xff, 0xf7, 0x0, 0x0, 0x7f, 0xff, 0x40,
    0x0, 0xaf, 0xff, 0xea, 0xae, 0xff, 0xf9, 0x0,
    0x0, 0x9, 0xff, 0xff, 0xff, 0xff, 0x80, 0x0,
    0x0, 0x0, 0x39, 0xdf, 0xfd, 0x93, 0x0, 0x0,

    /* U+0037 "7" */
    0xaf, 0xff, 0xff, 0xff, 0xff, 0xff, 0xff, 0x8a,
    0xff, 0xff, 0xff, 0xff, 0xff, 0xff, 0xf8, 0xaf,
    0xfc, 0xbb, 0xbb, 0xbb, 0xbe, 0xff, 0x7a, 0xff,
    0x50, 0x0, 0x0, 0x0, 0xff, 0xf3, 0xaf, 0xf5,
    0x0, 0x0, 0x0, 0x6f, 0xfc, 0xa, 0xff, 0x50,
    0x0, 0x0, 0xd, 0xff, 0x60, 0x24, 0x41, 0x0,
    0x0, 0x3, 0xff, 0xf0, 0x0, 0x0, 0x0, 0x0,
    0x0, 0xaf, 0xf9, 0x0, 0x0, 0x0, 0x0, 0x0,
    0x1f, 0xff, 0x20, 0x0, 0x0, 0x0, 0x0, 0x7,
    0xff, 0xc0, 0x0, 0x0, 0x0, 0x0, 0x0, 0xdf,
    0xf5, 0x0, 0x0, 0x0, 0x0, 0x0, 0x4f, 0xfe,
    0x0, 0x0, 0x0, 0x0, 0x0, 0xa, 0xff, 0x80,
    0x0, 0x0, 0x0, 0x0, 0x1, 0xff, 0xf2, 0x0,
    0x0, 0x0, 0x0, 0x0, 0x7f, 0xfb, 0x0, 0x0,
    0x0, 0x0, 0x0, 0xe, 0xff, 0x50, 0x0, 0x0,
    0x0, 0x0, 0x4, 0xff, 0xe0, 0x0, 0x0, 0x0,
    0x0, 0x0, 0xbf, 0xf8, 0x0, 0x0, 0x0, 0x0,
    0x0, 0x2f, 0xff, 0x20, 0x0, 0x0, 0x0, 0x0,
    0x8, 0xff, 0xb0, 0x0, 0x0, 0x0, 0x0, 0x0,
    0xef, 0xf4, 0x0, 0x0, 0x0, 0x0, 0x0, 0x5f,
    0xfe, 0x0, 0x0, 0x0, 0x0,

    /* U+0038 "8" */
    0x0, 0x0, 0x39, 0xdf, 0xfd, 0x93, 0x0, 0x0,
    0x0, 0x8, 0xff, 0xff, 0xff, 0xff, 0x80, 0x0,
    0x0, 0x8f, 0xff, 0xeb, 0xbe, 0xff, 0xf8, 0x0,
    0x1, 0xff, 0xf8, 0x0, 0x0, 0x8f, 0xff, 0x10,
    0x5, 0xff, 0xc0, 0x0, 0x0, 0xc, 0xff, 0x50,
    0x7, 0xff, 0x80, 0x0, 0x0, 0x8, 0xff, 0x70,
    0x5, 0xff, 0x90, 0x0, 0x0, 0x9, 0xff, 0x60,
    0x1, 0xff, 0xe1, 0x0, 0x0, 0x1e, 0xff, 0x10,
    0x0, 0x7f, 0xfd, 0x41, 0x14, 0xdf, 0xf7, 0x0,
    0x0, 0x6, 0xdf, 0xff, 0xff, 0xfd, 0x50, 0x0,
    0x0, 0x2, 0x9f, 0xff, 0xff, 0xf9, 0x20, 0x0,
    0x0, 0x6f, 0xff, 0xd9, 0x9d, 0xff, 0xf6, 0x0,
    0x3, 0xff, 0xf4, 0x0, 0x0, 0x4f, 0xff, 0x30,
    0xb, 0xff, 0x50, 0x0, 0x0, 0x5, 0xff, 0xb0,
    0xf, 0xff, 0x0, 0x0, 0x0, 0x0, 0xff, 0xf0,
    0x1f, 0xfd, 0x0, 0x0, 0x0, 0x0, 0xdf, 0xf1,
    0xf, 0xff, 0x0, 0x0, 0x0, 0x0, 0xff, 0xf0,
    0xc, 0xff, 0x60, 0x0, 0x0, 0x6, 0xff, 0xc0,
    0x6, 0xff, 0xf5, 0x0, 0x0, 0x5f, 0xff, 0x60,
    0x0, 0xbf, 0xff, 0xda, 0xad, 0xff, 0xfb, 0x0,
    0x0, 0xa, 0xff, 0xff, 0xff, 0xff, 0xa0, 0x0,
    0x0, 0x0, 0x49, 0xdf, 0xfd, 0x93, 0x0, 0x0,

    /* U+0039 "9" */
    0x0, 0x0, 0x39, 0xdf, 0xfd, 0x93, 0x0, 0x0,
    0x0, 0x9, 0xff, 0xff, 0xff, 0xff, 0x80, 0x0,
    0x0, 0xaf, 0xff, 0xea, 0xae, 0xff, 0xf9, 0x0,
    0x5, 0xff, 0xf6, 0x0, 0x0, 0x6f, 0xff, 0x40,
    0xc, 0xff, 0x60, 0x0, 0x0, 0x6, 0xff, 0xb0,
    0xf, 0xff, 0x0, 0x0, 0x0, 0x0, 0xff, 0xf0,
    0x2f, 0xfd, 0x0, 0x0, 0x0, 0x0, 0xdf, 0xf1,
    0x1f, 0xfd, 0x0, 0x0, 0x0, 0x0, 0xdf, 0xf1,
    0xf, 0xff, 0x10, 0x0, 0x0, 0x1, 0xff, 0xf0,
    0xa, 0xff, 0xa0, 0x0, 0x0, 0xa, 0xff, 0xb0,
    0x2, 0xff, 0xfb, 0x30, 0x3, 0xbf, 0xff, 0x60,
    0x0, 0x6f, 0xff, 0xff, 0xff, 0xff, 0xfe, 0x0,
    0x0, 0x3, 0xcf, 0xff, 0xfd, 0xff, 0xf7, 0x0,
    0x0, 0x0, 0x2, 0x45, 0x39, 0xff, 0xe0, 0x0,
    0x0, 0x0, 0x0, 0x0, 0x2f, 0xff, 0x50, 0x0,
    0x0, 0x0, 0x0, 0x0, 0xaf, 0xfc, 0x0, 0x0,
    0x0, 0x0, 0x0, 0x3, 0xff, 0xf3, 0x0, 0x0,
    0x0, 0x0, 0x0, 0xc, 0xff, 0xa0, 0x0, 0x0,
    0x0, 0x0, 0x0, 0x5f, 0xff, 0x20, 0x0, 0x0,
    0x0, 0x0, 0x0, 0xef, 0xf8, 0x0, 0x0, 0x0,
    0x0, 0x0, 0x7, 0xff, 0xe1, 0x0, 0x0, 0x0,
    0x0, 0x0, 0x1f, 0xff, 0x60, 0x0, 0x0, 0x0,

    /* U+003A ":" */
    0x9, 0xee, 0x90, 0x6f, 0xff, 0xf6, 0x8f, 0xff,
    0xf8, 0x3f, 0xff, 0xf3, 0x4, 0x99, 0x30, 0x0,
    0x0, 0x0, 0x0, 0x0, 0x0, 0x0, 0x0, 0x0,
    0x0, 0x0, 0x0, 0x0, 0x0, 0x0, 0x0, 0x0,
    0x0, 0x0, 0x0, 0x0, 0x3, 0x99, 0x30, 0x3f,
    0xff, 0xf3, 0x8f, 0xff, 0xf8, 0x6f, 0xff, 0xf6,
    0x9, 0xee, 0x90,

    /* U+003B ";" */
    0x9, 0xff, 0x90, 0x6f, 0xff, 0xf6, 0x8f, 0xff,
    0xf8, 0x4f, 0xff, 0xf4, 0x5, 0xaa, 0x40, 0x0,
    0x0, 0x0, 0x0, 0x0, 0x0, 0x0, 0x0, 0x0,
    0x0, 0x0, 0x0, 0x0, 0x0, 0x0, 0x0, 0x0,
    0x0, 0x0, 0x0, 0x0, 0x1, 0x44, 0x40, 0x8,
    0xff, 0xe0, 0xb, 0xff, 0xb0, 0xd, 0xff, 0x70,
    0xf, 0xff, 0x40, 0x3f, 0xff, 0x0, 0x6f, 0xfc,
    0x0, 0x9f, 0xf9, 0x0, 0xbf, 0xf5, 0x0, 0xef,
    0xf1, 0x0,

    /* U+003C "<" */
    0x0, 0x0, 0x0, 0x0, 0x0, 0x0, 0x0, 0x0,
    0x0, 0x0, 0x0, 0x0, 0x2, 0x97, 0x0, 0x0,
    0x0, 0x0, 0x2, 0x9f, 0xf8, 0x0, 0x0, 0x0,
    0x2, 0x9f, 0xff, 0xf7, 0x0, 0x0, 0x2, 0x9f,
    0xff, 0xfb, 0x30, 0x0, 0x2, 0xaf, 0xff, 0xfb,
    0x30, 0x0, 0x2, 0xaf, 0xff, 0xfa, 0x30, 0x0,
    0x0, 0x6f, 0xff, 0xfa, 0x20, 0x0, 0x0, 0x0,
    0x8f, 0xe9, 0x20, 0x0, 0x0, 0x0, 0x0, 0x8f,
    0xfb, 0x40, 0x0, 0x0, 0x0, 0x0, 0x5f, 0xff,
    0xfc, 0x40, 0x0, 0x0, 0x0, 0x1, 0x9f, 0xff,
    0xfc, 0x50, 0x0, 0x0, 0x0, 0x1, 0x9f, 0xff,
    0xfd, 0x50, 0x0, 0x0, 0x0, 0x1, 0x9f, 0xff,
    0xfd, 0x50, 0x0, 0x0, 0x0, 0x1, 0x9f, 0xff,
    0xf7, 0x0, 0x0, 0x0, 0x0, 0x1, 0x9f, 0xf8,
    0x0, 0x0, 0x0, 0x0, 0x0, 0x1, 0x97, 0x0,
    0x0, 0x0, 0x0, 0x0, 0x0, 0x0,

    /* U+003D "=" */
    0x7f, 0xff, 0xff, 0xff, 0xff, 0xff, 0xf7, 0x7f,
    0xff, 0xff, 0xff, 0xff, 0xff, 0xf7, 0x5b, 0xbb,
    0xbb, 0xbb, 0xbb, 0xbb, 0xb5, 0x0, 0x0, 0x0,
    0x0, 0x0, 0x0, 0x0, 0x0, 0x0, 0x0, 0x0,
    0x0, 0x0, 0x0, 0x0, 0x0, 0x0, 0x0, 0x0,
    0x0, 0x0, 0x0, 0x0, 0x0, 0x0, 0x0, 0x0,
    0x0, 0x5b, 0xbb, 0xbb, 0xbb, 0xbb, 0xbb, 0xb5,
    0x7f, 0xff, 0xff, 0xff, 0xff, 0xff, 0xf7, 0x7f,
    0xff, 0xff, 0xff, 0xff, 0xff, 0xf7,

    /* U+003E ">" */
    0x0, 0x0, 0x0, 0x0, 0x0, 0x0, 0x0, 0x79,
    0x20, 0x0, 0x0, 0x0, 0x0, 0x0, 0x8f, 0xf9,
    0x20, 0x0, 0x0, 0x0, 0x0, 0x7f, 0xff, 0xf9,
    0x20, 0x0, 0x0, 0x0, 0x5, 0xcf, 0xff, 0xf9,
    0x20, 0x0, 0x0, 0x0, 0x4, 0xcf, 0xff, 0xfa,
    0x20, 0x0, 0x0, 0x0, 0x4, 0xcf, 0xff, 0xfa,
    0x20, 0x0, 0x0, 0x0, 0x4, 0xcf, 0xff, 0xf6,
    0x0, 0x0, 0x0, 0x0, 0x3, 0xbf, 0xf8, 0x0,
    0x0, 0x0, 0x0, 0x2, 0x9e, 0xf8, 0x0, 0x0,
    0x0, 0x3, 0xaf, 0xff, 0xf5, 0x0, 0x0, 0x3,
    0xbf, 0xff, 0xf9, 0x10, 0x0, 0x3, 0xbf, 0xff,
    0xf9, 0x10, 0x0, 0x4, 0xbf, 0xff, 0xf9, 0x10,
    0x0, 0x0, 0x7f, 0xff, 0xf9, 0x10, 0x0, 0x0,
    0x0, 0x8f, 0xf9, 0x10, 0x0, 0x0, 0x0, 0x0,
    0x79, 0x10, 0x0, 0x0, 0x0, 0x0, 0x0, 0x0,
    0x0, 0x0, 0x0, 0x0, 0x0, 0x0,

    /* U+003F "?" */
    0x3f, 0xff, 0xfe, 0xc8, 0x20, 0x0, 0x3f, 0xff,
    0xff, 0xff, 0xf6, 0x0, 0x2d, 0xdd, 0xdf, 0xff,
    0xff, 0x50, 0x0, 0x0, 0x0, 0x2b, 0xff, 0xf0,
    0x0, 0x0, 0x0, 0x0, 0xcf, 0xf6, 0x0, 0x0,
    0x0, 0x0, 0x6f, 0xf8, 0x0, 0x0, 0x0, 0x0,
    0x5f, 0xfa, 0x0, 0x0, 0x0, 0x0, 0x7f, 0xf8,
    0x0, 0x0, 0x0, 0x1, 0xef, 0xf5, 0x0, 0x0,
    0x1, 0x5d, 0xff, 0xe0, 0x0, 0xf, 0xff, 0xff,
    0xff, 0x40, 0x0, 0xf, 0xff, 0xff, 0xe4, 0x0,
    0x0, 0xf, 0xff, 0x74, 0x0, 0x0, 0x0, 0xf,
    0xfe, 0x0, 0x0, 0x0, 0x0, 0xf, 0xfe, 0x0,
    0x0, 0x0, 0x0, 0x3, 0x43, 0x0, 0x0, 0x0,
    0x0, 0x0, 0x0, 0x0, 0x0, 0x0, 0x0, 0x0,
    0x0, 0x0, 0x0, 0x0, 0x0, 0x2a, 0xb9, 0x10,
    0x0, 0x0, 0x0, 0xbf, 0xff, 0xa0, 0x0, 0x0,
    0x0, 0xcf, 0xff, 0xb0, 0x0, 0x0, 0x0, 0x4e,
    0xfd, 0x30, 0x0, 0x0,

    /* U+0040 "@" */
    0x0, 0x0, 0x28, 0xcf, 0xfe, 0xc8, 0x10, 0x0,
    0x0, 0x8, 0xff, 0xff, 0xff, 0xff, 0xf6, 0x0,
    0x0, 0xbf, 0xfe, 0x95, 0x45, 0x9f, 0xff, 0x50,
    0x6, 0xff, 0xb1, 0x0, 0x0, 0x2, 0xdf, 0xf1,
    0xe, 0xfd, 0x0, 0x0, 0x0, 0x0, 0x3f, 0xf7,
    0x4f, 0xf6, 0x0, 0x0, 0x0, 0x0, 0xd, 0xfb,
    0x8f, 0xf1, 0x0, 0x0, 0x0, 0x0, 0xb, 0xfd,
    0xaf, 0xe0, 0x0, 0x2, 0xbf, 0xfc, 0x4b, 0xfe,
    0xbf, 0xd0, 0x0, 0x1e, 0xff, 0xff, 0xfc, 0xfe,
    0xbf, 0xd0, 0x0, 0x8f, 0xf9, 0x11, 0x9f, 0xfe,
    0xbf, 0xd0, 0x0, 0xcf, 0xe0, 0x0, 0xe, 0xfe,
    0xbf, 0xd0, 0x0, 0xdf, 0xb0, 0x0, 0xb, 0xfe,
    0xbf, 0xd0, 0x0, 0xdf, 0xb0, 0x0, 0xb, 0xfe,
    0xbf, 0xd0, 0x0, 0xdf, 0xb0, 0x0, 0xb, 0xfe,
    0xbf, 0xd0, 0x0, 0xdf, 0xb0, 0x0, 0xb, 0xfe,
    0xbf, 0xd0, 0x0, 0xdf, 0xb0, 0x0, 0xb, 0xfd,
    0xbf, 0xd0, 0x0, 0xbf, 0xe0, 0x0, 0xe, 0xfb,
    0xbf, 0xd0, 0x0, 0x5f, 0xfb, 0x33, 0xbf, 0xf5,
    0xbf, 0xd0, 0x0, 0xa, 0xff, 0xff, 0xff, 0xa0,
    0xaf, 0xe0, 0x0, 0x0, 0x6c, 0xff, 0xc6, 0x0,
    0x8f, 0xf1, 0x0, 0x0, 0x0, 0x0, 0x0, 0x0,
    0x4f, 0xf7, 0x0, 0x0, 0x0, 0x0, 0x0, 0x0,
    0xe, 0xfe, 0x20, 0x0, 0x0, 0x0, 0x0, 0x0,
    0x5, 0xff, 0xe3, 0x0, 0x0, 0x0, 0x0, 0x0,
    0x0, 0x9f, 0xff, 0xc8, 0x77, 0x77, 0x0, 0x0,
    0x0, 0x6, 0xff, 0xff, 0xff, 0xff, 0x0, 0x0,
    0x0, 0x0, 0x17, 0xce, 0xff, 0xff, 0x0, 0x0,

    /* U+0041 "A" */
    0x0, 0x0, 0x1, 0xff, 0xff, 0x10, 0x0, 0x0,
    0x0, 0x0, 0x5, 0xff, 0xff, 0x50, 0x0, 0x0,
    0x0, 0x0, 0x9, 0xff, 0xff, 0x90, 0x0, 0x0,
    0x0, 0x0, 0xd, 0xfc, 0xcf, 0xe0, 0x0, 0x0,
    0x0, 0x0, 0x1f, 0xf9, 0x9f, 0xf2, 0x0, 0x0,
    0x0, 0x0, 0x6f, 0xf5, 0x5f, 0xf6, 0x0, 0x0,
    0x0, 0x0, 0xaf, 0xf1, 0x1f, 0xfa, 0x0, 0x0,
    0x0, 0x0, 0xef, 0xd0, 0xd, 0xfe, 0x0, 0x0,
    0x0, 0x2, 0xff, 0x90, 0x9, 0xff, 0x20, 0x0,
    0x0, 0x6, 0xff, 0x60, 0x5, 0xff, 0x60, 0x0,
    0x0, 0xa, 0xff, 0x20, 0x1, 0xff, 0xa0, 0x0,
    0x0, 0xe, 0xfe, 0x0, 0x0, 0xef, 0xe0, 0x0,
    0x0, 0x2f, 0xfa, 0x0, 0x0, 0xaf, 0xf3, 0x0,
    0x0, 0x7f, 0xfb, 0x88, 0x88, 0xbf, 0xf7, 0x0,
    0x0, 0xbf, 0xff, 0xff, 0xff, 0xff, 0xfb, 0x0,
    0x0, 0xff, 0xff, 0xff, 0xff, 0xff, 0xff, 0x0,
    0x3, 0xff, 0xa0, 0x0, 0x0, 0xa, 0xff, 0x30,
    0x7, 0xff, 0x70, 0x0, 0x0, 0x7, 0xff, 0x70,
    0xb, 0xff, 0x30, 0x0, 0x0, 0x3, 0xff, 0xb0,
    0xf, 0xff, 0x0, 0x0, 0x0, 0x0, 0xff, 0xf0,
    0x3f, 0xfc, 0x0, 0x0, 0x0, 0x0, 0xcf, 0xf3,
    0x7f, 0xf8, 0x0, 0x0, 0x0, 0x0, 0x8f, 0xf7,

    /* U+0042 "B" */
    0x5f, 0xff, 0xff, 0xff, 0xea, 0x40, 0x0, 0x5,
    0xff, 0xff, 0xff, 0xff, 0xff, 0xb0, 0x0, 0x5f,
    0xfd, 0xaa, 0xab, 0xef, 0xff, 0xa0, 0x5, 0xff,
    0x90, 0x0, 0x0, 0x8f, 0xff, 0x20, 0x5f, 0xf9,
    0x0, 0x0, 0x0, 0xbf, 0xf6, 0x5, 0xff, 0x90,
    0x0, 0x0, 0x8, 0xff, 0x80, 0x5f, 0xf9, 0x0,
    0x0, 0x0, 0x8f, 0xf6, 0x5, 0xff, 0x90, 0x0,
    0x0, 0xe, 0xff, 0x10, 0x5f, 0xf9, 0x0, 0x1,
    0x4c, 0xff, 0x70, 0x5, 0xff, 0xff, 0xff, 0xff,
    0xfd, 0x50, 0x0, 0x5f, 0xff, 0xff, 0xff, 0xff,
    0x92, 0x0, 0x5, 0xff, 0xc8, 0x88, 0x9c, 0xff,
    0xf5, 0x0, 0x5f, 0xf9, 0x0, 0x0, 0x4, 0xff,
    0xf2, 0x5, 0xff, 0x90, 0x0, 0x0, 0x6, 0xff,
    0x90, 0x5f, 0xf9, 0x0, 0x0, 0x0, 0xf, 0xfe,
    0x5, 0xff, 0x90, 0x0, 0x0, 0x0, 0xff, 0xf0,
    0x5f, 0xf9, 0x0, 0x0, 0x0, 0xf, 0xff, 0x5,
    0xff, 0x90, 0x0, 0x0, 0x5, 0xff, 0xd0, 0x5f,
    0xf9, 0x0, 0x0, 0x5, 0xef, 0xf7, 0x5, 0xff,
    0xda, 0xaa, 0xbd, 0xff, 0xfd, 0x0, 0x5f, 0xff,
    0xff, 0xff, 0xff, 0xfd, 0x20, 0x5, 0xff, 0xff,
    0xff, 0xfe, 0xb6, 0x0, 0x0,

    /* U+0043 "C" */
    0x0, 0x1, 0x8d, 0xff, 0xea, 0x40, 0x0, 0x0,
    0x5f, 0xff, 0xff, 0xff, 0xfb, 0x0, 0x4, 0xff,
    0xff, 0xcb, 0xef, 0xff, 0xa0, 0xd, 0xff, 0xb1,
    0x0, 0x6, 0xff, 0xf4, 0x2f, 0xfe, 0x10, 0x0,
    0x0, 0x9f, 0xf9, 0x4f, 0xfb, 0x0, 0x0, 0x0,
    0x4f, 0xfb, 0x5f, 0xf9, 0x0, 0x0, 0x0, 0x4,
    0x43, 0x5f, 0xf9, 0x0, 0x0, 0x0, 0x0, 0x0,
    0x5f, 0xf9, 0x0, 0x0, 0x0, 0x0, 0x0, 0x5f,
    0xf9, 0x0, 0x0, 0x0, 0x0, 0x0, 0x5f, 0xf9,
    0x0, 0x0, 0x0, 0x0, 0x0, 0x5f, 0xf9, 0x0,
    0x0, 0x0, 0x0, 0x0, 0x5f, 0xf9, 0x0, 0x0,
    0x0, 0x0, 0x0, 0x5f, 0xf9, 0x0, 0x0, 0x0,
    0x0, 0x0, 0x5f, 0xf9, 0x0, 0x0, 0x0, 0x0,
    0x0, 0x5f, 0xf9, 0x0, 0x0, 0x0, 0x4, 0x43,
    0x4f, 0xfb, 0x0, 0x0, 0x0, 0x4f, 0xfb, 0x2f,
    0xfe, 0x10, 0x0, 0x0, 0x8f, 0xf9, 0xd, 0xff,
    0xb1, 0x0, 0x5, 0xff, 0xf4, 0x4, 0xff, 0xff,
    0xcb, 0xef, 0xff, 0xb0, 0x0, 0x6f, 0xff, 0xff,
    0xff, 0xfb, 0x0, 0x0, 0x2, 0x8d, 0xff, 0xeb,
    0x50, 0x0,

    /* U+0044 "D" */
    0x5f, 0xff, 0xff, 0xfe, 0xc6, 0x10, 0x0, 0x5f,
    0xff, 0xff, 0xff, 0xff, 0xe4, 0x0, 0x5f, 0xfd,
    0xaa, 0xac, 0xff, 0xff, 0x30, 0x5f, 0xf9, 0x0,
    0x0, 0x1c, 0xff, 0xc0, 0x5f, 0xf9, 0x0, 0x0,
    0x1, 0xef, 0xf3, 0x5f, 0xf9, 0x0, 0x0, 0x0,
    0x9f, 0xf6, 0x5f, 0xf9, 0x0, 0x0, 0x0, 0x7f,
    0xf8, 0x5f, 0xf9, 0x0, 0x0, 0x0, 0x7f, 0xf8,
    0x5f, 0xf9, 0x0, 0x0, 0x0, 0x7f, 0xf8, 0x5f,
    0xf9, 0x0, 0x0, 0x0, 0x7f, 0xf8, 0x5f, 0xf9,
    0x0, 0x0, 0x0, 0x7f, 0xf8, 0x5f, 0xf9, 0x0,
    0x0, 0x0, 0x7f, 0xf8, 0x5f, 0xf9, 0x0, 0x0,
    0x0, 0x7f, 0xf8, 0x5f, 0xf9, 0x0, 0x0, 0x0,
    0x7f, 0xf8, 0x5f, 0xf9, 0x0, 0x0, 0x0, 0x7f,
    0xf8, 0x5f, 0xf9, 0x0, 0x0, 0x0, 0x7f, 0xf8,
    0x5f, 0xf9, 0x0, 0x0, 0x0, 0x9f, 0xf6, 0x5f,
    0xf9, 0x0, 0x0, 0x1, 0xef, 0xf3, 0x5f, 0xf9,
    0x0, 0x0, 0x1c, 0xff, 0xc0, 0x5f, 0xfd, 0xaa,
    0xac, 0xff, 0xff, 0x30, 0x5f, 0xff, 0xff, 0xff,
    0xff, 0xe4, 0x0, 0x5f, 0xff, 0xff, 0xfe, 0xc6,
    0x10, 0x0,

    /* U+0045 "E" */
    0x1f, 0xff, 0xff, 0xff, 0xff, 0xff, 0xfa, 0x1f,
    0xff, 0xff, 0xff, 0xff, 0xff, 0xfa, 0x1f, 0xff,
    0xbb, 0xbb, 0xbb, 0xbb, 0xb7, 0x1f, 0xfd, 0x0,
    0x0, 0x0, 0x0, 0x0, 0x1f, 0xfd, 0x0, 0x0,
    0x0, 0x0, 0x0, 0x1f, 0xfd, 0x0, 0x0, 0x0,
    0x0, 0x0, 0x1f, 0xfd, 0x0, 0x0, 0x0, 0x0,
    0x0, 0x1f, 0xfd, 0x0, 0x0, 0x0, 0x0, 0x0,
    0x1f, 0xfd, 0x0, 0x0, 0x0, 0x0, 0x0, 0x1f,
    0xff, 0xff, 0xff, 0xff, 0xff, 0x90, 0x1f, 0xff,
    0xff, 0xff, 0xff, 0xff, 0x90, 0x1f, 0xff, 0x99,
    0x99, 0x99, 0x99, 0x50, 0x1f, 0xfd, 0x0, 0x0,
    0x0, 0x0, 0x0, 0x1f, 0xfd, 0x0, 0x0, 0x0,
    0x0, 0x0, 0x1f, 0xfd, 0x0, 0x0, 0x0, 0x0,
    0x0, 0x1f, 0xfd, 0x0, 0x0, 0x0, 0x0, 0x0,
    0x1f, 0xfd, 0x0, 0x0, 0x0, 0x0, 0x0, 0x1f,
    0xfd, 0x0, 0x0, 0x0, 0x0, 0x0, 0x1f, 0xfd,
    0x0, 0x0, 0x0, 0x0, 0x0, 0x1f, 0xff, 0xbb,
    0xbb, 0xbb, 0xbb, 0xb7, 0x1f, 0xff, 0xff, 0xff,
    0xff, 0xff, 0xfa, 0x1f, 0xff, 0xff, 0xff, 0xff,
    0xff, 0xfa,

    /* U+0046 "F" */
    0x4f, 0xff, 0xff, 0xff, 0xff, 0xff, 0xfd, 0x4f,
    0xff, 0xff, 0xff, 0xff, 0xff, 0xfd, 0x4f, 0xfe,
    0xcc, 0xcc, 0xcc, 0xcc, 0xc9, 0x4f, 0xfa, 0x0,
    0x0, 0x0, 0x0, 0x0, 0x4f, 0xfa, 0x0, 0x0,
    0x0, 0x0, 0x0, 0x4f, 0xfa, 0x0, 0x0, 0x0,
    0x0, 0x0, 0x4f, 0xfa, 0x0, 0x0, 0x0, 0x0,
    0x0, 0x4f, 0xfa, 0x0, 0x0, 0x0, 0x0, 0x0,
    0x4f, 0xfa, 0x0, 0x0, 0x0, 0x0, 0x0, 0x4f,
    0xfe, 0xbb, 0xbb, 0xbb, 0xbb, 0xb0, 0x4f, 0xff,
    0xff, 0xff, 0xff, 0xff, 0xf0, 0x4f, 0xff, 0xff,
    0xff, 0xff, 0xff, 0xf0, 0x4f, 0xfb, 0x0, 0x0,
    0x0, 0x0, 0x0, 0x4f, 0xfb, 0x0, 0x0, 0x0,
    0x0, 0x0, 0x4f, 0xfb, 0x0, 0x0, 0x0, 0x0,
    0x0, 0x4f, 0xfb, 0x0, 0x0, 0x0, 0x0, 0x0,
    0x4f, 0xfb, 0x0, 0x0, 0x0, 0x0, 0x0, 0x4f,
    0xfb, 0x0, 0x0, 0x0, 0x0, 0x0, 0x4f, 0xfb,
    0x0, 0x0, 0x0, 0x0, 0x0, 0x4f, 0xfb, 0x0,
    0x0, 0x0, 0x0, 0x0, 0x4f, 0xfb, 0x0, 0x0,
    0x0, 0x0, 0x0, 0x4f, 0xfb, 0x0, 0x0, 0x0,
    0x0, 0x0,

    /* U+0047 "G" */
    0x0, 0x2, 0x9d, 0xff, 0xea, 0x40, 0x0, 0x0,
    0x7f, 0xff, 0xff, 0xff, 0xfa, 0x0, 0x6, 0xff,
    0xff, 0xcb, 0xef, 0xff, 0x90, 0xe, 0xff, 0xa0,
    0x0, 0x6, 0xff, 0xf2, 0x4f, 0xfd, 0x0, 0x0,
    0x0, 0xaf, 0xf7, 0x6f, 0xf9, 0x0, 0x0, 0x0,
    0x6f, 0xfa, 0x7f, 0xf7, 0x0, 0x0, 0x0, 0x0,
    0x0, 0x7f, 0xf7, 0x0, 0x0, 0x0, 0x0, 0x0,
    0x7f, 0xf7, 0x0, 0x0, 0x0, 0x0, 0x0, 0x7f,
    0xf7, 0x0, 0x0, 0x0, 0x0, 0x0, 0x7f, 0xf7,
    0x0, 0x8f, 0xff, 0xff, 0xfb, 0x7f, 0xf7, 0x0,
    0x8f, 0xff, 0xff, 0xfb, 0x7f, 0xf7, 0x0, 0x5a,
    0xaa, 0xcf, 0xfb, 0x7f, 0xf7, 0x0, 0x0, 0x0,
    0x4f, 0xfb, 0x7f, 0xf7, 0x0, 0x0, 0x0, 0x4f,
    0xfb, 0x7f, 0xf7, 0x0, 0x0, 0x0, 0x4f, 0xfa,
    0x6f, 0xf9, 0x0, 0x0, 0x0, 0x6f, 0xf9, 0x4f,
    0xfd, 0x0, 0x0, 0x0, 0xbf, 0xf6, 0xe, 0xff,
    0x90, 0x0, 0x8, 0xff, 0xf1, 0x6, 0xff, 0xff,
    0xcb, 0xef, 0xff, 0x80, 0x0, 0x7f, 0xff, 0xff,
    0xff, 0xf9, 0x0, 0x0, 0x2, 0x9d, 0xff, 0xea,
    0x30, 0x0,

    /* U+0048 "H" */
    0x5f, 0xfa, 0x0, 0x0, 0x0, 0xaf, 0xf5, 0x5f,
    0xfa, 0x0, 0x0, 0x0, 0xaf, 0xf5, 0x5f, 0xfa,
    0x0, 0x0, 0x0, 0xaf, 0xf5, 0x5f, 0xfa, 0x0,
    0x0, 0x0, 0xaf, 0xf5, 0x5f, 0xfa, 0x0, 0x0,
    0x0, 0xaf, 0xf5, 0x5f, 0xfa, 0x0, 0x0, 0x0,
    0xaf, 0xf5, 0x5f, 0xfa, 0x0, 0x0, 0x0, 0xaf,
    0xf5, 0x5f, 0xfa, 0x0, 0x0, 0x0, 0xaf, 0xf5,
    0x5f, 0xfa, 0x0, 0x0, 0x0, 0xaf, 0xf5, 0x5f,
    0xfe, 0xbb, 0xbb, 0xbb, 0xef, 0xf5, 0x5f, 0xff,
    0xff, 0xff, 0xff, 0xff, 0xf5, 0x5f, 0xff, 0xff,
    0xff, 0xff, 0xff, 0xf5, 0x5f, 0xfa, 0x0, 0x0,
    0x0, 0xaf, 0xf5, 0x5f, 0xfa, 0x0, 0x0, 0x0,
    0xaf, 0xf5, 0x5f, 0xfa, 0x0, 0x0, 0x0, 0xaf,
    0xf5, 0x5f, 0xfa, 0x0, 0x0, 0x0, 0xaf, 0xf5,
    0x5f, 0xfa, 0x0, 0x0, 0x0, 0xaf, 0xf5, 0x5f,
    0xfa, 0x0, 0x0, 0x0, 0xaf, 0xf5, 0x5f, 0xfa,
    0x0, 0x0, 0x0, 0xaf, 0xf5, 0x5f, 0xfa, 0x0,
    0x0, 0x0, 0xaf, 0xf5, 0x5f, 0xfa, 0x0, 0x0,
    0x0, 0xaf, 0xf5, 0x5f, 0xfa, 0x0, 0x0, 0x0,
    0xaf, 0xf5,

    /* U+0049 "I" */
    0xff, 0xff, 0xff, 0xff, 0xff, 0xff, 0xff, 0xff,
    0xff, 0xff, 0xff, 0xff, 0xbb, 0xbb, 0xdf, 0xfd,
    0xbb, 0xbb, 0x0, 0x0, 0x8f, 0xf8, 0x0, 0x0,
    0x0, 0x0, 0x8f, 0xf8, 0x0, 0x0, 0x0, 0x0,
    0x8f, 0xf8, 0x0, 0x0, 0x0, 0x0, 0x8f, 0xf8,
    0x0, 0x0, 0x0, 0x0, 0x8f, 0xf8, 0x0, 0x0,
    0x0, 0x0, 0x8f, 0xf8, 0x0, 0x0, 0x0, 0x0,
    0x8f, 0xf8, 0x0, 0x0, 0x0, 0x0, 0x8f, 0xf8,
    0x0, 0x0, 0x0, 0x0, 0x8f, 0xf8, 0x0, 0x0,
    0x0, 0x0, 0x8f, 0xf8, 0x0, 0x0, 0x0, 0x0,
    0x8f, 0xf8, 0x0, 0x0, 0x0, 0x0, 0x8f, 0xf8,
    0x0, 0x0, 0x0, 0x0, 0x8f, 0xf8, 0x0, 0x0,
    0x0, 0x0, 0x8f, 0xf8, 0x0, 0x0, 0x0, 0x0,
    0x8f, 0xf8, 0x0, 0x0, 0x0, 0x0, 0x8f, 0xf8,
    0x0, 0x0, 0xbb, 0xbb, 0xdf, 0xfd, 0xbb, 0xbb,
    0xff, 0xff, 0xff, 0xff, 0xff, 0xff, 0xff, 0xff,
    0xff, 0xff, 0xff, 0xff,

    /* U+004A "J" */
    0x0, 0x0, 0x0, 0x0, 0x0, 0xf, 0xff, 0x0,
    0x0, 0x0, 0x0, 0x0, 0xf, 0xff, 0x0, 0x0,
    0x0, 0x0, 0x0, 0xf, 0xff, 0x0, 0x0, 0x0,
    0x0, 0x0, 0xf, 0xff, 0x0, 0x0, 0x0, 0x0,
    0x0, 0xf, 0xff, 0x0, 0x0, 0x0, 0x0, 0x0,
    0xf, 0xff, 0x0, 0x0, 0x0, 0x0, 0x0, 0xf,
    0xff, 0x0, 0x0, 0x0, 0x0, 0x0, 0xf, 0xff,
    0x0, 0x0, 0x0, 0x0, 0x0, 0xf, 0xff, 0x0,
    0x0, 0x0, 0x0, 0x0, 0xf, 0xff, 0x0, 0x0,
    0x0, 0x0, 0x0, 0xf, 0xff, 0x0, 0x0, 0x0,
    0x0, 0x0, 0xf, 0xff, 0x0, 0x0, 0x0, 0x0,
    0x0, 0xf, 0xff, 0x0, 0x0, 0x0, 0x0, 0x0,
    0xf, 0xff, 0x0, 0x0, 0x0, 0x0, 0x0, 0xf,
    0xff, 0x7a, 0xa2, 0x0, 0x0, 0x0, 0xf, 0xff,
    0xaf, 0xf5, 0x0, 0x0, 0x0, 0x2f, 0xfe, 0x7f,
    0xfb, 0x0, 0x0, 0x0, 0x7f, 0xfa, 0x2f, 0xff,
    0x80, 0x0, 0x5, 0xff, 0xf5, 0x8, 0xff, 0xfe,
    0xbb, 0xdf, 0xff, 0xb0, 0x0, 0x8f, 0xff, 0xff,
    0xff, 0xfb, 0x0, 0x0, 0x3, 0x9d, 0xff, 0xea,
    0x40, 0x0,

    /* U+004B "K" */
    0x5f, 0xf9, 0x0, 0x0, 0x0, 0xe, 0xff, 0x55,
    0xff, 0x90, 0x0, 0x0, 0x6, 0xff, 0xd0, 0x5f,
    0xf9, 0x0, 0x0, 0x0, 0xef, 0xf5, 0x5, 0xff,
    0x90, 0x0, 0x0, 0x6f, 0xfd, 0x0, 0x5f, 0xf9,
    0x0, 0x0, 0xe, 0xff, 0x50, 0x5, 0xff, 0x90,
    0x0, 0x6, 0xff, 0xd0, 0x0, 0x5f, 0xf9, 0x0,
    0x0, 0xef, 0xf5, 0x0, 0x5, 0xff, 0x90, 0x0,
    0x6f, 0xfd, 0x0, 0x0, 0x5f, 0xf9, 0x0, 0xe,
    0xff, 0x50, 0x0, 0x5, 0xff, 0xda, 0xab, 0xff,
    0xd0, 0x0, 0x0, 0x5f, 0xff, 0xff, 0xff, 0xf6,
    0x0, 0x0, 0x5, 0xff, 0xff, 0xff, 0xff, 0xb0,
    0x0, 0x0, 0x5f, 0xf9, 0x0, 0x2f, 0xff, 0x30,
    0x0, 0x5, 0xff, 0x90, 0x0, 0xaf, 0xfb, 0x0,
    0x0, 0x5f, 0xf9, 0x0, 0x2, 0xff, 0xf3, 0x0,
    0x5, 0xff, 0x90, 0x0, 0xa, 0xff, 0xa0, 0x0,
    0x5f, 0xf9, 0x0, 0x0, 0x3f, 0xff, 0x20, 0x5,
    0xff, 0x90, 0x0, 0x0, 0xbf, 0xfa, 0x0, 0x5f,
    0xf9, 0x0, 0x0, 0x3, 0xff, 0xf2, 0x5, 0xff,
    0x90, 0x0, 0x0, 0xb, 0xff, 0xa0, 0x5f, 0xf9,
    0x0, 0x0, 0x0, 0x3f, 0xff, 0x25, 0xff, 0x90,
    0x0, 0x0, 0x0, 0xbf, 0xf9,

    /* U+004C "L" */
    0x2f, 0xfd, 0x0, 0x0, 0x0, 0x0, 0x0, 0x2f,
    0xfd, 0x0, 0x0, 0x0, 0x0, 0x0, 0x2f, 0xfd,
    0x0, 0x0, 0x0, 0x0, 0x0, 0x2f, 0xfd, 0x0,
    0x0, 0x0, 0x0, 0x0, 0x2f, 0xfd, 0x0, 0x0,
    0x0, 0x0, 0x0, 0x2f, 0xfd, 0x0, 0x0, 0x0,
    0x0, 0x0, 0x2f, 0xfd, 0x0, 0x0, 0x0, 0x0,
    0x0, 0x2f, 0xfd, 0x0, 0x0, 0x0, 0x0, 0x0,
    0x2f, 0xfd, 0x0, 0x0, 0x0, 0x0, 0x0, 0x2f,
    0xfd, 0x0, 0x0, 0x0, 0x0, 0x0, 0x2f, 0xfd,
    0x0, 0x0, 0x0, 0x0, 0x0, 0x2f, 0xfd, 0x0,
    0x0, 0x0, 0x0, 0x0, 0x2f, 0xfd, 0x0, 0x0,
    0x0, 0x0, 0x0, 0x2f, 0xfd, 0x0, 0x0, 0x0,
    0x0, 0x0, 0x2f, 0xfd, 0x0, 0x0, 0x0, 0x0,
    0x0, 0x2f, 0xfd, 0x0, 0x0, 0x0, 0x0, 0x0,
    0x2f, 0xfd, 0x0, 0x0, 0x0, 0x0, 0x0, 0x2f,
    0xfd, 0x0, 0x0, 0x0, 0x0, 0x0, 0x2f, 0xfd,
    0x0, 0x0, 0x0, 0x0, 0x0, 0x2f, 0xff, 0xbb,
    0xbb, 0xbb, 0xbb, 0xb6, 0x2f, 0xff, 0xff, 0xff,
    0xff, 0xff, 0xf9, 0x2f, 0xff, 0xff, 0xff, 0xff,
    0xff, 0xf9,

    /* U+004D "M" */
    0xff, 0xff, 0x50, 0x0, 0x6, 0xff, 0xff, 0xff,
    0xff, 0xa0, 0x0, 0xa, 0xfe, 0xff, 0xff, 0xbf,
    0xe0, 0x0, 0xf, 0xfa, 0xff, 0xff, 0x9f, 0xf3,
    0x0, 0x4f, 0xd9, 0xff, 0xff, 0xaa, 0xf8, 0x0,
    0x9f, 0x8a, 0xff, 0xff, 0xb5, 0xfc, 0x0, 0xdf,
    0x3a, 0xff, 0xff, 0xb1, 0xff, 0x12, 0xfe, 0xb,
    0xff, 0xff, 0xc0, 0xcf, 0x57, 0xf9, 0xc, 0xff,
    0xff, 0xd0, 0x7f, 0xac, 0xf4, 0xc, 0xff, 0xff,
    0xd0, 0x2f, 0xff, 0xf0, 0xd, 0xff, 0xff, 0xd0,
    0xd, 0xff, 0xb0, 0xd, 0xff, 0xff, 0xd0, 0x9,
    0xff, 0x60, 0xd, 0xff, 0xff, 0xd0, 0x1, 0x33,
    0x0, 0xd, 0xff, 0xff, 0xd0, 0x0, 0x0, 0x0,
    0xd, 0xff, 0xff, 0xd0, 0x0, 0x0, 0x0, 0xd,
    0xff, 0xff, 0xd0, 0x0, 0x0, 0x0, 0xd, 0xff,
    0xff, 0xd0, 0x0, 0x0, 0x0, 0xd, 0xff, 0xff,
    0xd0, 0x0, 0x0, 0x0, 0xd, 0xff, 0xff, 0xd0,
    0x0, 0x0, 0x0, 0xd, 0xff, 0xff, 0xd0, 0x0,
    0x0, 0x0, 0xd, 0xff, 0xff, 0xd0, 0x0, 0x0,
    0x0, 0xd, 0xff, 0xff, 0xd0, 0x0, 0x0, 0x0,
    0xd, 0xff,

    /* U+004E "N" */
    0x6f, 0xff, 0x90, 0x0, 0x0, 0x6f, 0xf7, 0x6f,
    0xff, 0xe0, 0x0, 0x0, 0x6f, 0xf7, 0x6f, 0xff,
    0xf4, 0x0, 0x0, 0x6f, 0xf7, 0x6f, 0xff, 0xfa,
    0x0, 0x0, 0x6f, 0xf7, 0x6f, 0xfb, 0xff, 0x0,
    0x0, 0x6f, 0xf7, 0x6f, 0xf6, 0xff, 0x50, 0x0,
    0x6f, 0xf7, 0x6f, 0xf4, 0xdf, 0xb0, 0x0, 0x6f,
    0xf7, 0x6f, 0xf5, 0x7f, 0xf1, 0x0, 0x6f, 0xf7,
    0x6f, 0xf5, 0x2f, 0xf6, 0x0, 0x6f, 0xf7, 0x6f,
    0xf5, 0xc, 0xfc, 0x0, 0x6f, 0xf7, 0x6f, 0xf5,
    0x7, 0xff, 0x10, 0x6f, 0xf7, 0x6f, 0xf6, 0x1,
    0xff, 0x70, 0x6f, 0xf7, 0x6f, 0xf6, 0x0, 0xbf,
    0xd0, 0x5f, 0xf7, 0x6f, 0xf6, 0x0, 0x6f, 0xf2,
    0x5f, 0xf7, 0x6f, 0xf6, 0x0, 0x1f, 0xf8, 0x5f,
    0xf7, 0x6f, 0xf6, 0x0, 0xb, 0xfd, 0x4f, 0xf7,
    0x6f, 0xf6, 0x0, 0x5, 0xff, 0x6f, 0xf7, 0x6f,
    0xf6, 0x0, 0x0, 0xff, 0xbf, 0xf7, 0x6f, 0xf6,
    0x0, 0x0, 0xaf, 0xff, 0xf7, 0x6f, 0xf6, 0x0,
    0x0, 0x4f, 0xff, 0xf7, 0x6f, 0xf6, 0x0, 0x0,
    0xe, 0xff, 0xf7, 0x6f, 0xf6, 0x0, 0x0, 0x9,
    0xff, 0xf7,

    /* U+004F "O" */
    0x0, 0x2, 0x9d, 0xff, 0xd9, 0x30, 0x0, 0x0,
    0x7f, 0xff, 0xff, 0xff, 0xf7, 0x0, 0x6, 0xff,
    0xfe, 0xcc, 0xef, 0xff, 0x60, 0xe, 0xff, 0x90,
    0x0, 0x9, 0xff, 0xe0, 0x3f, 0xfd, 0x0, 0x0,
    0x0, 0xdf, 0xf3, 0x6f, 0xf9, 0x0, 0x0, 0x0,
    0x9f, 0xf6, 0x7f, 0xf7, 0x0, 0x0, 0x0, 0x7f,
    0xf7, 0x7f, 0xf7, 0x0, 0x0, 0x0, 0x7f, 0xf7,
    0x7f, 0xf7, 0x0, 0x0, 0x0, 0x7f, 0xf7, 0x7f,
    0xf7, 0x0, 0x0, 0x0, 0x7f, 0xf7, 0x7f, 0xf7,
    0x0, 0x0, 0x0, 0x7f, 0xf7, 0x7f, 0xf7, 0x0,
    0x0, 0x0, 0x7f, 0xf7, 0x7f, 0xf7, 0x0, 0x0,
    0x0, 0x7f, 0xf7, 0x7f, 0xf7, 0x0, 0x0, 0x0,
    0x7f, 0xf7, 0x7f, 0xf7, 0x0, 0x0, 0x0, 0x7f,
    0xf7, 0x7f, 0xf7, 0x0, 0x0, 0x0, 0x7f, 0xf7,
    0x6f, 0xf9, 0x0, 0x0, 0x0, 0x9f, 0xf6, 0x3f,
    0xfd, 0x0, 0x0, 0x0, 0xdf, 0xf3, 0xe, 0xff,
    0x90, 0x0, 0x9, 0xff, 0xe0, 0x6, 0xff, 0xfe,
    0xbb, 0xef, 0xff, 0x50, 0x0, 0x7f, 0xff, 0xff,
    0xff, 0xf7, 0x0, 0x0, 0x3, 0x9d, 0xff, 0xd9,
    0x30, 0x0,

    /* U+0050 "P" */
    0x5f, 0xff, 0xff, 0xff, 0xec, 0x81, 0x0, 0x5,
    0xff, 0xff, 0xff, 0xff, 0xff, 0xf6, 0x0, 0x5f,
    0xfd, 0xaa, 0xaa, 0xcf, 0xff, 0xf4, 0x5, 0xff,
    0x90, 0x0, 0x0, 0x1b, 0xff, 0xe0, 0x5f, 0xf9,
    0x0, 0x0, 0x0, 0xe, 0xff, 0x45, 0xff, 0x90,
    0x0, 0x0, 0x0, 0x9f, 0xf7, 0x5f, 0xf9, 0x0,
    0x0, 0x0, 0x7, 0xff, 0x95, 0xff, 0x90, 0x0,
    0x0, 0x0, 0x9f, 0xf7, 0x5f, 0xf9, 0x0, 0x0,
    0x0, 0xe, 0xff, 0x45, 0xff, 0x90, 0x0, 0x0,
    0x1b, 0xff, 0xe0, 0x5f, 0xfd, 0xaa, 0xaa, 0xbf,
    0xff, 0xf4, 0x5, 0xff, 0xff, 0xff, 0xff, 0xff,
    0xf6, 0x0, 0x5f, 0xff, 0xff, 0xff, 0xec, 0x82,
    0x0, 0x5, 0xff, 0x90, 0x0, 0x0, 0x0, 0x0,
    0x0, 0x5f, 0xf9, 0x0, 0x0, 0x0, 0x0, 0x0,
    0x5, 0xff, 0x90, 0x0, 0x0, 0x0, 0x0, 0x0,
    0x5f, 0xf9, 0x0, 0x0, 0x0, 0x0, 0x0, 0x5,
    0xff, 0x90, 0x0, 0x0, 0x0, 0x0, 0x0, 0x5f,
    0xf9, 0x0, 0x0, 0x0, 0x0, 0x0, 0x5, 0xff,
    0x90, 0x0, 0x0, 0x0, 0x0, 0x0, 0x5f, 0xf9,
    0x0, 0x0, 0x0, 0x0, 0x0, 0x5, 0xff, 0x90,
    0x0, 0x0, 0x0, 0x0, 0x0,

    /* U+0051 "Q" */
    0x0, 0x3, 0x9d, 0xff, 0xd9, 0x30, 0x0, 0x0,
    0x9f, 0xff, 0xff, 0xff, 0xf9, 0x0, 0x8, 0xff,
    0xfe, 0xaa, 0xef, 0xff, 0x80, 0x2f, 0xff, 0x80,
    0x0, 0x8, 0xff, 0xf2, 0x7f, 0xfc, 0x0, 0x0,
    0x0, 0xbf, 0xf7, 0x9f, 0xf6, 0x0, 0x0, 0x0,
    0x6f, 0xf9, 0xaf, 0xf4, 0x0, 0x0, 0x0, 0x4f,
    0xfa, 0xbf, 0xf4, 0x0, 0x0, 0x0, 0x4f, 0xfb,
    0xbf, 0xf4, 0x0, 0x0, 0x0, 0x4f, 0xfb, 0xbf,
    0xf4, 0x0, 0x0, 0x0, 0x4f, 0xfb, 0xbf, 0xf4,
    0x0, 0x0, 0x0, 0x4f, 0xfb, 0xbf, 0xf4, 0x0,
    0x0, 0x0, 0x4f, 0xfb, 0xbf, 0xf4, 0x0, 0x0,
    0x0, 0x4f, 0xfb, 0xbf, 0xf4, 0x0, 0x0, 0x0,
    0x4f, 0xfb, 0xbf, 0xf4, 0x0, 0x0, 0x0, 0x4f,
    0xfb, 0xaf, 0xf4, 0x0, 0x0, 0x0, 0x4f, 0xfa,
    0x9f, 0xf6, 0x0, 0x0, 0x0, 0x6f, 0xf9, 0x7f,
    0xfc, 0x0, 0x0, 0x0, 0xbf, 0xf6, 0x1f, 0xff,
    0x90, 0x0, 0x9, 0xff, 0xf1, 0x8, 0xff, 0xfe,
    0xcc, 0xef, 0xff, 0x70, 0x0, 0x9f, 0xff, 0xff,
    0xff, 0xf8, 0x0, 0x0, 0x3, 0xad, 0xff, 0xff,
    0x90, 0x0, 0x0, 0x0, 0x0, 0x3, 0xff, 0xf2,
    0x0, 0x0, 0x0, 0x0, 0x0, 0x9f, 0xfc, 0x0,
    0x0, 0x0, 0x0, 0x0, 0x1e, 0xff, 0x60, 0x0,
    0x0, 0x0, 0x0, 0x5, 0xff, 0xe1, 0x0, 0x0,
    0x0, 0x0, 0x0, 0xbf, 0xfa,

    /* U+0052 "R" */
    0x5f, 0xff, 0xff, 0xff, 0xeb, 0x50, 0x0, 0x5,
    0xff, 0xff, 0xff, 0xff, 0xff, 0xc2, 0x0, 0x5f,
    0xfd, 0xaa, 0xaa, 0xdf, 0xff, 0xd0, 0x5, 0xff,
    0x90, 0x0, 0x0, 0x4f, 0xff, 0x80, 0x5f, 0xf9,
    0x0, 0x0, 0x0, 0x6f, 0xfe, 0x5, 0xff, 0x90,
    0x0, 0x0, 0x1, 0xff, 0xf0, 0x5f, 0xf9, 0x0,
    0x0, 0x0, 0xf, 0xff, 0x15, 0xff, 0x90, 0x0,
    0x0, 0x1, 0xff, 0xf0, 0x5f, 0xf9, 0x0, 0x0,
    0x0, 0x9f, 0xfc, 0x5, 0xff, 0x90, 0x0, 0x2,
    0x9f, 0xff, 0x50, 0x5f, 0xff, 0xff, 0xff, 0xff,
    0xff, 0xa0, 0x5, 0xff, 0xff, 0xff, 0xff, 0xff,
    0x80, 0x0, 0x5f, 0xfd, 0xaa, 0xaf, 0xff, 0x30,
    0x0, 0x5, 0xff, 0x90, 0x0, 0xaf, 0xf8, 0x0,
    0x0, 0x5f, 0xf9, 0x0, 0x2, 0xff, 0xf1, 0x0,
    0x5, 0xff, 0x90, 0x0, 0xb, 0xff, 0x70, 0x0,
    0x5f, 0xf9, 0x0, 0x0, 0x4f, 0xfe, 0x0, 0x5,
    0xff, 0x90, 0x0, 0x0, 0xdf, 0xf6, 0x0, 0x5f,
    0xf9, 0x0, 0x0, 0x6, 0xff, 0xd0, 0x5, 0xff,
    0x90, 0x0, 0x0, 0xe, 0xff, 0x40, 0x5f, 0xf9,
    0x0, 0x0, 0x0, 0x8f, 0xfc, 0x5, 0xff, 0x90,
    0x0, 0x0, 0x1, 0xff, 0xf3,

    /* U+0053 "S" */
    0x0, 0x3, 0x9d, 0xff, 0xd8, 0x20, 0x0, 0x0,
    0x8f, 0xff, 0xff, 0xff, 0xf6, 0x0, 0x7, 0xff,
    0xfe, 0xbb, 0xef, 0xff, 0x50, 0xe, 0xff, 0x80,
    0x0, 0xa, 0xff, 0xd0, 0x4f, 0xfc, 0x0, 0x0,
    0x0, 0xdf, 0xf3, 0x6f, 0xf8, 0x0, 0x0, 0x0,
    0x8c, 0xc3, 0x6f, 0xf8, 0x0, 0x0, 0x0, 0x0,
    0x0, 0x2f, 0xfe, 0x10, 0x0, 0x0, 0x0, 0x0,
    0xc, 0xff, 0xd5, 0x0, 0x0, 0x0, 0x0, 0x2,
    0xef, 0xff, 0xfc, 0x83, 0x0, 0x0, 0x0, 0x1c,
    0xff, 0xff, 0xff, 0xd3, 0x0, 0x0, 0x0, 0x39,
    0xdf, 0xff, 0xff, 0x50, 0x0, 0x0, 0x0, 0x1,
    0x6d, 0xff, 0xf1, 0x0, 0x0, 0x0, 0x0, 0x0,
    0xcf, 0xf8, 0x0, 0x0, 0x0, 0x0, 0x0, 0x3f,
    0xfc, 0x44, 0x40, 0x0, 0x0, 0x0, 0xf, 0xfe,
    0xef, 0xf1, 0x0, 0x0, 0x0, 0xf, 0xfd, 0xbf,
    0xf7, 0x0, 0x0, 0x0, 0x6f, 0xfb, 0x6f, 0xff,
    0x60, 0x0, 0x5, 0xff, 0xf5, 0xc, 0xff, 0xfe,
    0xcb, 0xef, 0xff, 0xc0, 0x1, 0xbf, 0xff, 0xff,
    0xff, 0xfb, 0x10, 0x0, 0x4, 0xad, 0xff, 0xda,
    0x50, 0x0,

    /* U+0054 "T" */
    0x6f, 0xff, 0xff, 0xff, 0xff, 0xff, 0xff, 0xf6,
    0x6f, 0xff, 0xff, 0xff, 0xff, 0xff, 0xff, 0xf6,
    0x4b, 0xbb, 0xbb, 0xdf, 0xfd, 0xbb, 0xbb, 0xb4,
    0x0, 0x0, 0x0, 0x7f, 0xf8, 0x0, 0x0, 0x0,
    0x0, 0x0, 0x0, 0x7f, 0xf8, 0x0, 0x0, 0x0,
    0x0, 0x0, 0x0, 0x7f, 0xf8, 0x0, 0x0, 0x0,
    0x0, 0x0, 0x0, 0x7f, 0xf8, 0x0, 0x0, 0x0,
    0x0, 0x0, 0x0, 0x7f, 0xf8, 0x0, 0x0, 0x0,
    0x0, 0x0, 0x0, 0x7f, 0xf8, 0x0, 0x0, 0x0,
    0x0, 0x0, 0x0, 0x7f, 0xf8, 0x0, 0x0, 0x0,
    0x0, 0x0, 0x0, 0x7f, 0xf8, 0x0, 0x0, 0x0,
    0x0, 0x0, 0x0, 0x7f, 0xf8, 0x0, 0x0, 0x0,
    0x0, 0x0, 0x0, 0x7f, 0xf8, 0x0, 0x0, 0x0,
    0x0, 0x0, 0x0, 0x7f, 0xf8, 0x0, 0x0, 0x0,
    0x0, 0x0, 0x0, 0x7f, 0xf8, 0x0, 0x0, 0x0,
    0x0, 0x0, 0x0, 0x7f, 0xf8, 0x0, 0x0, 0x0,
    0x0, 0x0, 0x0, 0x7f, 0xf8, 0x0, 0x0, 0x0,
    0x0, 0x0, 0x0, 0x7f, 0xf8, 0x0, 0x0, 0x0,
    0x0, 0x0, 0x0, 0x7f, 0xf8, 0x0, 0x0, 0x0,
    0x0, 0x0, 0x0, 0x7f, 0xf8, 0x0, 0x0, 0x0,
    0x0, 0x0, 0x0, 0x7f, 0xf8, 0x0, 0x0, 0x0,
    0x0, 0x0, 0x0, 0x7f, 0xf8, 0x0, 0x0, 0x0,

    /* U+0055 "U" */
    0x6f, 0xf8, 0x0, 0x0, 0x0, 0x8f, 0xf7, 0x6f,
    0xf8, 0x0, 0x0, 0x0, 0x8f, 0xf7, 0x6f, 0xf8,
    0x0, 0x0, 0x0, 0x8f, 0xf7, 0x6f, 0xf8, 0x0,
    0x0, 0x0, 0x8f, 0xf7, 0x6f, 0xf8, 0x0, 0x0,
    0x0, 0x8f, 0xf7, 0x6f, 0xf8, 0x0, 0x0, 0x0,
    0x8f, 0xf7, 0x6f, 0xf8, 0x0, 0x0, 0x0, 0x8f,
    0xf7, 0x6f, 0xf8, 0x0, 0x0, 0x0, 0x8f, 0xf7,
    0x6f, 0xf8, 0x0, 0x0, 0x0, 0x8f, 0xf7, 0x6f,
    0xf8, 0x0, 0x0, 0x0, 0x8f, 0xf7, 0x6f, 0xf8,
    0x0, 0x0, 0x0, 0x8f, 0xf7, 0x6f, 0xf8, 0x0,
    0x0, 0x0, 0x8f, 0xf7, 0x6f, 0xf8, 0x0, 0x0,
    0x0, 0x8f, 0xf7, 0x6f, 0xf8, 0x0, 0x0, 0x0,
    0x8f, 0xf7, 0x6f, 0xf8, 0x0, 0x0, 0x0, 0x8f,
    0xf7, 0x6f, 0xf8, 0x0, 0x0, 0x0, 0x8f, 0xf7,
    0x5f, 0xfa, 0x0, 0x0, 0x0, 0xaf, 0xf6, 0x3f,
    0xfe, 0x0, 0x0, 0x0, 0xef, 0xf3, 0xe, 0xff,
    0xa0, 0x0, 0xa, 0xff, 0xe0, 0x6, 0xff, 0xfe,
    0xbc, 0xef, 0xff, 0x60, 0x0, 0x8f, 0xff, 0xff,
    0xff, 0xf8, 0x0, 0x0, 0x3, 0xad, 0xff, 0xda,
    0x30, 0x0,

    /* U+0056 "V" */
    0x8f, 0xf8, 0x0, 0x0, 0x0, 0x0, 0x8f, 0xf7,
    0x3f, 0xfc, 0x0, 0x0, 0x0, 0x0, 0xcf, 0xf3,
    0xf, 0xff, 0x0, 0x0, 0x0, 0x0, 0xff, 0xf0,
    0xb, 0xff, 0x40, 0x0, 0x0, 0x4, 0xff, 0xb0,
    0x7, 0xff, 0x80, 0x0, 0x0, 0x8, 0xff, 0x70,
    0x3, 0xff, 0xc0, 0x0, 0x0, 0xb, 0xff, 0x30,
    0x0, 0xff, 0xf0, 0x0, 0x0, 0xf, 0xff, 0x0,
    0x0, 0xbf, 0xf4, 0x0, 0x0, 0x3f, 0xfb, 0x0,
    0x0, 0x7f, 0xf8, 0x0, 0x0, 0x7f, 0xf7, 0x0,
    0x0, 0x3f, 0xfc, 0x0, 0x0, 0xbf, 0xf3, 0x0,
    0x0, 0xf, 0xff, 0x0, 0x0, 0xef, 0xe0, 0x0,
    0x0, 0xb, 0xff, 0x30, 0x2, 0xff, 0xa0, 0x0,
    0x0, 0x7, 0xff, 0x70, 0x6, 0xff, 0x60, 0x0,
    0x0, 0x2, 0xff, 0xb0, 0xa, 0xff, 0x20, 0x0,
    0x0, 0x0, 0xef, 0xf0, 0xe, 0xfe, 0x0, 0x0,
    0x0, 0x0, 0xaf, 0xf3, 0x1f, 0xfa, 0x0, 0x0,
    0x0, 0x0, 0x6f, 0xf7, 0x5f, 0xf6, 0x0, 0x0,
    0x0, 0x0, 0x2f, 0xfa, 0x8f, 0xf2, 0x0, 0x0,
    0x0, 0x0, 0xe, 0xfd, 0xcf, 0xe0, 0x0, 0x0,
    0x0, 0x0, 0xa, 0xff, 0xff, 0x90, 0x0, 0x0,
    0x0, 0x0, 0x6, 0xff, 0xff, 0x50, 0x0, 0x0,
    0x0, 0x0, 0x2, 0xff, 0xff, 0x10, 0x0, 0x0,

    /* U+0057 "W" */
    0x6f, 0xf4, 0x0, 0x7, 0xff, 0x90, 0x0, 0x2f,
    0xf6, 0x4f, 0xf5, 0x0, 0x9, 0xff, 0xb0, 0x0,
    0x4f, 0xf4, 0x2f, 0xf7, 0x0, 0xb, 0xfe, 0xd0,
    0x0, 0x6f, 0xf2, 0xf, 0xf8, 0x0, 0xd, 0xed,
    0xf0, 0x0, 0x7f, 0xf0, 0xe, 0xfa, 0x0, 0xf,
    0xdc, 0xf1, 0x0, 0x9f, 0xe0, 0xc, 0xfc, 0x0,
    0x2f, 0xba, 0xf3, 0x0, 0xbf, 0xc0, 0xb, 0xfd,
    0x0, 0x4f, 0xa8, 0xf5, 0x0, 0xcf, 0xa0, 0x9,
    0xff, 0x0, 0x6f, 0x86, 0xf7, 0x0, 0xef, 0x90,
    0x7, 0xff, 0x10, 0x8f, 0x65, 0xf9, 0x0, 0xff,
    0x70, 0x5, 0xff, 0x20, 0xaf, 0x43, 0xfb, 0x1,
    0xff, 0x50, 0x3, 0xff, 0x40, 0xcf, 0x11, 0xfd,
    0x3, 0xff, 0x30, 0x1, 0xff, 0x50, 0xef, 0x0,
    0xff, 0x4, 0xff, 0x10, 0x0, 0xff, 0x70, 0xfd,
    0x0, 0xdf, 0x16, 0xff, 0x0, 0x0, 0xef, 0x92,
    0xfb, 0x0, 0xbf, 0x38, 0xfd, 0x0, 0x0, 0xcf,
    0xa5, 0xf9, 0x0, 0x9f, 0x59, 0xfb, 0x0, 0x0,
    0xaf, 0xc7, 0xf7, 0x0, 0x8f, 0x7b, 0xf9, 0x0,
    0x0, 0x8f, 0xd9, 0xf5, 0x0, 0x6f, 0x8c, 0xf7,
    0x0, 0x0, 0x6f, 0xfa, 0xf3, 0x0, 0x4f, 0xae,
    0xf6, 0x0, 0x0, 0x4f, 0xfc, 0xf1, 0x0, 0x2f,
    0xcf, 0xf4, 0x0, 0x0, 0x3f, 0xff, 0xf0, 0x0,
    0xf, 0xef, 0xf2, 0x0, 0x0, 0x1f, 0xff, 0xd0,
    0x0, 0xe, 0xff, 0xf0, 0x0, 0x0, 0xf, 0xff,
    0xb0, 0x0, 0xc, 0xff, 0xe0, 0x0,

    /* U+0058 "X" */
    0x4f, 0xff, 0x10, 0x0, 0x0, 0x0, 0xef, 0xf4,
    0xb, 0xff, 0x90, 0x0, 0x0, 0x7, 0xff, 0xb0,
    0x3, 0xff, 0xf2, 0x0, 0x0, 0x1f, 0xff, 0x20,
    0x0, 0xaf, 0xfa, 0x0, 0x0, 0x8f, 0xf9, 0x0,
    0x0, 0x2f, 0xff, 0x20, 0x1, 0xff, 0xf1, 0x0,
    0x0, 0x8, 0xff, 0xa0, 0x9, 0xff, 0x80, 0x0,
    0x0, 0x1, 0xff, 0xf2, 0x1f, 0xfe, 0x0, 0x0,
    0x0, 0x0, 0x7f, 0xfa, 0x9f, 0xf6, 0x0, 0x0,
    0x0, 0x0, 0xe, 0xff, 0xff, 0xd0, 0x0, 0x0,
    0x0, 0x0, 0x6, 0xff, 0xff, 0x40, 0x0, 0x0,
    0x0, 0x0, 0x0, 0xdf, 0xfc, 0x0, 0x0, 0x0,
    0x0, 0x0, 0x1, 0xff, 0xff, 0x20, 0x0, 0x0,
    0x0, 0x0, 0x9, 0xff, 0xff, 0xa0, 0x0, 0x0,
    0x0, 0x0, 0x2f, 0xfd, 0xdf, 0xf3, 0x0, 0x0,
    0x0, 0x0, 0xbf, 0xf5, 0x6f, 0xfc, 0x0, 0x0,
    0x0, 0x4, 0xff, 0xd0, 0xe, 0xff, 0x40, 0x0,
    0x0, 0xd, 0xff, 0x40, 0x6, 0xff, 0xd0, 0x0,
    0x0, 0x6f, 0xfc, 0x0, 0x0, 0xdf, 0xf6, 0x0,
    0x0, 0xef, 0xf3, 0x0, 0x0, 0x5f, 0xfe, 0x0,
    0x8, 0xff, 0xb0, 0x0, 0x0, 0xc, 0xff, 0x80,
    0x1f, 0xff, 0x20, 0x0, 0x0, 0x4, 0xff, 0xf1,
    0x9f, 0xfa, 0x0, 0x0, 0x0, 0x0, 0xbf, 0xf9,

    /* U+0059 "Y" */
    0xc, 0xff, 0x50, 0x0, 0x0, 0x0, 0x4, 0xff,
    0xc0, 0x5, 0xff, 0xc0, 0x0, 0x0, 0x0, 0xb,
    0xff, 0x50, 0x0, 0xdf, 0xf4, 0x0, 0x0, 0x0,
    0x2f, 0xfd, 0x0, 0x0, 0x6f, 0xfb, 0x0, 0x0,
    0x0, 0xaf, 0xf6, 0x0, 0x0, 0xe, 0xff, 0x30,
    0x0, 0x2, 0xff, 0xe0, 0x0, 0x0, 0x6, 0xff,
    0xa0, 0x0, 0x9, 0xff, 0x70, 0x0, 0x0, 0x0,
    0xef, 0xf2, 0x0, 0x1f, 0xfe, 0x0, 0x0, 0x0,
    0x0, 0x7f, 0xf9, 0x0, 0x8f, 0xf7, 0x0, 0x0,
    0x0, 0x0, 0xf, 0xff, 0x10, 0xef, 0xf1, 0x0,
    0x0, 0x0, 0x0, 0x8, 0xff, 0x76, 0xff, 0x80,
    0x0, 0x0, 0x0, 0x0, 0x1, 0xff, 0xdc, 0xff,
    0x10, 0x0, 0x0, 0x0, 0x0, 0x0, 0x9f, 0xff,
    0xf9, 0x0, 0x0, 0x0, 0x0, 0x0, 0x0, 0x1f,
    0xff, 0xf2, 0x0, 0x0, 0x0, 0x0, 0x0, 0x0,
    0xa, 0xff, 0xa0, 0x0, 0x0, 0x0, 0x0, 0x0,
    0x0, 0x7, 0xff, 0x80, 0x0, 0x0, 0x0, 0x0,
    0x0, 0x0, 0x7, 0xff, 0x80, 0x0, 0x0, 0x0,
    0x0, 0x0, 0x0, 0x7, 0xff, 0x80, 0x0, 0x0,
    0x0, 0x0, 0x0, 0x0, 0x7, 0xff, 0x80, 0x0,
    0x0, 0x0, 0x0, 0x0, 0x0, 0x7, 0xff, 0x80,
    0x0, 0x0, 0x0, 0x0, 0x0, 0x0, 0x7, 0xff,
    0x80, 0x0, 0x0, 0x0, 0x0, 0x0, 0x0, 0x7,
    0xff, 0x80, 0x0, 0x0, 0x0, 0x0, 0x0, 0x0,
    0x7, 0xff, 0x80, 0x0, 0x0, 0x0,

    /* U+005A "Z" */
    0x5f, 0xff, 0xff, 0xff, 0xff, 0xff, 0xf3, 0x5f,
    0xff, 0xff, 0xff, 0xff, 0xff, 0xf3, 0x3b, 0xbb,
    0xbb, 0xbb, 0xbb, 0xff, 0xf2, 0x0, 0x0, 0x0,
    0x0, 0x5, 0xff, 0xd0, 0x0, 0x0, 0x0, 0x0,
    0xe, 0xff, 0x40, 0x0, 0x0, 0x0, 0x0, 0x8f,
    0xfa, 0x0, 0x0, 0x0, 0x0, 0x2, 0xff, 0xf2,
    0x0, 0x0, 0x0, 0x0, 0xb, 0xff, 0x80, 0x0,
    0x0, 0x0, 0x0, 0x4f, 0xfe, 0x0, 0x0, 0x0,
    0x0, 0x0, 0xdf, 0xf5, 0x0, 0x0, 0x0, 0x0,
    0x7, 0xff, 0xb0, 0x0, 0x0, 0x0, 0x0, 0x1f,
    0xff, 0x20, 0x0, 0x0, 0x0, 0x0, 0xaf, 0xf8,
    0x0, 0x0, 0x0, 0x0, 0x3, 0xff, 0xe0, 0x0,
    0x0, 0x0, 0x0, 0xc, 0xff, 0x60, 0x0, 0x0,
    0x0, 0x0, 0x6f, 0xfc, 0x0, 0x0, 0x0, 0x0,
    0x1, 0xef, 0xf3, 0x0, 0x0, 0x0, 0x0, 0x9,
    0xff, 0x90, 0x0, 0x0, 0x0, 0x0, 0x2f, 0xff,
    0x10, 0x0, 0x0, 0x0, 0x0, 0x7f, 0xfe, 0xbb,
    0xbb, 0xbb, 0xbb, 0xb6, 0x7f, 0xff, 0xff, 0xff,
    0xff, 0xff, 0xf8, 0x7f, 0xff, 0xff, 0xff, 0xff,
    0xff, 0xf8,

    /* U+005B "[" */
    0xbb, 0xbb, 0xbb, 0xb7, 0xff, 0xff, 0xff, 0xfa,
    0xff, 0xff, 0xff, 0xfa, 0xff, 0xf0, 0x0, 0x0,
    0xff, 0xf0, 0x0, 0x0, 0xff, 0xf0, 0x0, 0x0,
    0xff, 0xf0, 0x0, 0x0, 0xff, 0xf0, 0x0, 0x0,
    0xff, 0xf0, 0x0, 0x0, 0xff, 0xf0, 0x0, 0x0,
    0xff, 0xf0, 0x0, 0x0, 0xff, 0xf0, 0x0, 0x0,
    0xff, 0xf0, 0x0, 0x0, 0xff, 0xf0, 0x0, 0x0,
    0xff, 0xf0, 0x0, 0x0, 0xff, 0xf0, 0x0, 0x0,
    0xff, 0xf0, 0x0, 0x0, 0xff, 0xf0, 0x0, 0x0,
    0xff, 0xf0, 0x0, 0x0, 0xff, 0xf0, 0x0, 0x0,
    0xff, 0xf0, 0x0, 0x0, 0xff, 0xf0, 0x0, 0x0,
    0xff, 0xf0, 0x0, 0x0, 0xff, 0xf0, 0x0, 0x0,
    0xff, 0xf0, 0x0, 0x0, 0xff, 0xf0, 0x0, 0x0,
    0xff, 0xfb, 0xbb, 0xb7, 0xff, 0xff, 0xff, 0xfa,
    0xff, 0xff, 0xff, 0xfa,

    /* U+005C "\\" */
    0x68, 0x82, 0x0, 0x0, 0x0, 0x0, 0x0, 0x8f,
    0xf9, 0x0, 0x0, 0x0, 0x0, 0x0, 0x2f, 0xff,
    0x0, 0x0, 0x0, 0x0, 0x0, 0xc, 0xff, 0x50,
    0x0, 0x0, 0x0, 0x0, 0x6, 0xff, 0xb0, 0x0,
    0x0, 0x0, 0x0, 0x0, 0xff, 0xf1, 0x0, 0x0,
    0x0, 0x0, 0x0, 0xaf, 0xf7, 0x0, 0x0, 0x0,
    0x0, 0x0, 0x4f, 0xfd, 0x0, 0x0, 0x0, 0x0,
    0x0, 0xe, 0xff, 0x30, 0x0, 0x0, 0x0, 0x0,
    0x8, 0xff, 0x90, 0x0, 0x0, 0x0, 0x0, 0x2,
    0xff, 0xf0, 0x0, 0x0, 0x0, 0x0, 0x0, 0xcf,
    0xf5, 0x0, 0x0, 0x0, 0x0, 0x0, 0x6f, 0xfb,
    0x0, 0x0, 0x0, 0x0, 0x0, 0x1f, 0xff, 0x10,
    0x0, 0x0, 0x0, 0x0, 0xa, 0xff, 0x70, 0x0,
    0x0, 0x0, 0x0, 0x4, 0xff, 0xd0, 0x0, 0x0,
    0x0, 0x0, 0x0, 0xef, 0xf3, 0x0, 0x0, 0x0,
    0x0, 0x0, 0x8f, 0xf9, 0x0, 0x0, 0x0, 0x0,
    0x0, 0x2f, 0xfe, 0x0, 0x0, 0x0, 0x0, 0x0,
    0xc, 0xff, 0x50, 0x0, 0x0, 0x0, 0x0, 0x6,
    0xff, 0xb0, 0x0, 0x0, 0x0, 0x0, 0x1, 0xff,
    0xf1, 0x0, 0x0, 0x0, 0x0, 0x0, 0xaf, 0xf7,
    0x0, 0x0, 0x0, 0x0, 0x0, 0x4f, 0xfd, 0x0,
    0x0, 0x0, 0x0, 0x0, 0xe, 0xff, 0x30, 0x0,
    0x0, 0x0, 0x0, 0x8, 0xff, 0x90, 0x0, 0x0,
    0x0, 0x0, 0x2, 0xff, 0xe0, 0x0, 0x0, 0x0,
    0x0, 0x0, 0xcf, 0xf5, 0x0, 0x0, 0x0, 0x0,
    0x0, 0x7f, 0xfb,

    /* U+005D "]" */
    0x7b, 0xbb, 0xbb, 0xbb, 0xaf, 0xff, 0xff, 0xff,
    0xaf, 0xff, 0xff, 0xff, 0x0, 0x0, 0xf, 0xff,
    0x0, 0x0, 0xf, 0xff, 0x0, 0x0, 0xf, 0xff,
    0x0, 0x0, 0xf, 0xff, 0x0, 0x0, 0xf, 0xff,
    0x0, 0x0, 0xf, 0xff, 0x0, 0x0, 0xf, 0xff,
    0x0, 0x0, 0xf, 0xff, 0x0, 0x0, 0xf, 0xff,
    0x0, 0x0, 0xf, 0xff, 0x0, 0x0, 0xf, 0xff,
    0x0, 0x0, 0xf, 0xff, 0x0, 0x0, 0xf, 0xff,
    0x0, 0x0, 0xf, 0xff, 0x0, 0x0, 0xf, 0xff,
    0x0, 0x0, 0xf, 0xff, 0x0, 0x0, 0xf, 0xff,
    0x0, 0x0, 0xf, 0xff, 0x0, 0x0, 0xf, 0xff,
    0x0, 0x0, 0xf, 0xff, 0x0, 0x0, 0xf, 0xff,
    0x0, 0x0, 0xf, 0xff, 0x0, 0x0, 0xf, 0xff,
    0x7b, 0xbb, 0xbf, 0xff, 0xaf, 0xff, 0xff, 0xff,
    0xaf, 0xff, 0xff, 0xff,

    /* U+005E "^" */
    0x0, 0x0, 0x9, 0xff, 0xa0, 0x0, 0x0, 0x0,
    0x0, 0x1f, 0xff, 0xf1, 0x0, 0x0, 0x0, 0x0,
    0x7f, 0xfd, 0xf8, 0x0, 0x0, 0x0, 0x0, 0xef,
    0x98, 0xfe, 0x0, 0x0, 0x0, 0x5, 0xff, 0x32,
    0xff, 0x60, 0x0, 0x0, 0xc, 0xfc, 0x0, 0xbf,
    0xd0, 0x0, 0x0, 0x4f, 0xf5, 0x0, 0x4f, 0xf4,
    0x0, 0x0, 0xbf, 0xe0, 0x0, 0xe, 0xfb, 0x0,
    0x2, 0xff, 0x80, 0x0, 0x7, 0xff, 0x20, 0x9,
    0xff, 0x10, 0x0, 0x1, 0xff, 0x90, 0x1f, 0xfa,
    0x0, 0x0, 0x0, 0xaf, 0xf1, 0x7f, 0xf3, 0x0,
    0x0, 0x0, 0x3f, 0xf7,

    /* U+005F "_" */
    0x19, 0x99, 0x99, 0x99, 0x99, 0x99, 0x99, 0x91,
    0x3f, 0xff, 0xff, 0xff, 0xff, 0xff, 0xff, 0xf3,
    0x3f, 0xff, 0xff, 0xff, 0xff, 0xff, 0xff, 0xf3,

    /* U+0060 "`" */
    0x7, 0x88, 0x10, 0x0, 0x8, 0xff, 0xb0, 0x0,
    0x0, 0xbf, 0xf7, 0x0, 0x0, 0x1e, 0xff, 0x30,
    0x0, 0x3, 0xff, 0xd0,

    /* U+0061 "a" */
    0x0, 0x0, 0x4a, 0xdf, 0xfe, 0xa4, 0x0, 0x0,
    0x0, 0xaf, 0xff, 0xff, 0xff, 0xfa, 0x0, 0x0,
    0x9f, 0xff, 0xc9, 0x9c, 0xff, 0xf8, 0x0, 0x1f,
    0xff, 0x30, 0x0, 0x5, 0xff, 0xf0, 0x2, 0xaa,
    0x70, 0x0, 0x0, 0xc, 0xff, 0x40, 0x0, 0x0,
    0x0, 0x0, 0x0, 0xaf, 0xf5, 0x0, 0x0, 0x2,
    0x33, 0x33, 0x3b, 0xff, 0x50, 0x0, 0x7e, 0xff,
    0xff, 0xff, 0xff, 0xf5, 0x0, 0xbf, 0xff, 0xff,
    0xff, 0xff, 0xff, 0x50, 0x7f, 0xfe, 0x50, 0x0,
    0x0, 0x9f, 0xf5, 0xd, 0xff, 0x40, 0x0, 0x0,
    0x9, 0xff, 0x50, 0xff, 0xf0, 0x0, 0x0, 0x0,
    0xaf, 0xf5, 0xf, 0xff, 0x10, 0x0, 0x0, 0xe,
    0xff, 0x50, 0xcf, 0xfa, 0x0, 0x0, 0x1a, 0xff,
    0xf5, 0x6, 0xff, 0xfd, 0x98, 0xaf, 0xfb, 0xff,
    0x50, 0x9, 0xff, 0xff, 0xff, 0xf8, 0x8f, 0xf5,
    0x0, 0x5, 0xbe, 0xfe, 0xb4, 0x8, 0xff, 0x50,

    /* U+0062 "b" */
    0x5f, 0xf9, 0x0, 0x0, 0x0, 0x0, 0x0, 0x5f,
    0xf9, 0x0, 0x0, 0x0, 0x0, 0x0, 0x5f, 0xf9,
    0x0, 0x0, 0x0, 0x0, 0x0, 0x5f, 0xf9, 0x0,
    0x0, 0x0, 0x0, 0x0, 0x5f, 0xf9, 0x0, 0x0,
    0x0, 0x0, 0x0, 0x5f, 0xf9, 0x4, 0xbe, 0xfd,
    0x70, 0x0, 0x5f, 0xf9, 0x7f, 0xff, 0xff, 0xfc,
    0x0, 0x5f, 0xfa, 0xfe, 0xba, 0xdf, 0xff, 0x90,
    0x5f, 0xff, 0xa0, 0x0, 0x6, 0xff, 0xf1, 0x5f,
    0xfe, 0x10, 0x0, 0x0, 0xbf, 0xf5, 0x5f, 0xfb,
    0x0, 0x0, 0x0, 0x8f, 0xf7, 0x5f, 0xf9, 0x0,
    0x0, 0x0, 0x7f, 0xf8, 0x5f, 0xf9, 0x0, 0x0,
    0x0, 0x7f, 0xf8, 0x5f, 0xf9, 0x0, 0x0, 0x0,
    0x7f, 0xf8, 0x5f, 0xf9, 0x0, 0x0, 0x0, 0x7f,
    0xf8, 0x5f, 0xf9, 0x0, 0x0, 0x0, 0x7f, 0xf8,
    0x5f, 0xfb, 0x0, 0x0, 0x0, 0x8f, 0xf7, 0x5f,
    0xfe, 0x10, 0x0, 0x0, 0xbf, 0xf5, 0x5f, 0xff,
    0xa0, 0x0, 0x6, 0xff, 0xf1, 0x5f, 0xfa, 0xfe,
    0xba, 0xdf, 0xff, 0x90, 0x5f, 0xf9, 0x7f, 0xff,
    0xff, 0xfc, 0x0, 0x5f, 0xf9, 0x4, 0xce, 0xfd,
    0x70, 0x0,

    /* U+0063 "c" */
    0x0, 0x2, 0x8d, 0xff, 0xeb, 0x50, 0x0, 0x0,
    0x6f, 0xff, 0xff, 0xff, 0xfc, 0x10, 0x5, 0xff,
    0xff, 0xca, 0xdf, 0xff, 0xc0, 0xe, 0xff, 0xb1,
    0x0, 0x4, 0xff, 0xf5, 0x3f, 0xfe, 0x0, 0x0,
    0x0, 0x7f, 0xfa, 0x6f, 0xfa, 0x0, 0x0, 0x0,
    0x2c, 0xc9, 0x7f, 0xf8, 0x0, 0x0, 0x0, 0x0,
    0x0, 0x7f, 0xf8, 0x0, 0x0, 0x0, 0x0, 0x0,
    0x7f, 0xf8, 0x0, 0x0, 0x0, 0x0, 0x0, 0x7f,
    0xf8, 0x0, 0x0, 0x0, 0x0, 0x0, 0x7f, 0xf8,
    0x0, 0x0, 0x0, 0x0, 0x0, 0x6f, 0xfa, 0x0,
    0x0, 0x0, 0x2c, 0xc9, 0x3f, 0xfe, 0x0, 0x0,
    0x0, 0x7f, 0xfa, 0xe, 0xff, 0xb1, 0x0, 0x5,
    0xff, 0xf5, 0x5, 0xff, 0xff, 0xcb, 0xdf, 0xff,
    0xc0, 0x0, 0x6f, 0xff, 0xff, 0xff, 0xfc, 0x10,
    0x0, 0x2, 0x8d, 0xff, 0xeb, 0x50, 0x0,

    /* U+0064 "d" */
    0x0, 0x0, 0x0, 0x0, 0x0, 0x9f, 0xf5, 0x0,
    0x0, 0x0, 0x0, 0x0, 0x9f, 0xf5, 0x0, 0x0,
    0x0, 0x0, 0x0, 0x9f, 0xf5, 0x0, 0x0, 0x0,
    0x0, 0x0, 0x9f, 0xf5, 0x0, 0x0, 0x0, 0x0,
    0x0, 0x9f, 0xf5, 0x0, 0x7, 0xdf, 0xeb, 0x40,
    0x9f, 0xf5, 0x0, 0xcf, 0xff, 0xff, 0xf7, 0x9f,
    0xf5, 0xa, 0xff, 0xfd, 0xab, 0xef, 0xaf, 0xf5,
    0x1f, 0xff, 0x60, 0x0, 0xb, 0xff, 0xf5, 0x5f,
    0xfb, 0x0, 0x0, 0x1, 0xff, 0xf5, 0x7f, 0xf8,
    0x0, 0x0, 0x0, 0xbf, 0xf5, 0x8f, 0xf7, 0x0,
    0x0, 0x0, 0x9f, 0xf5, 0x8f, 0xf7, 0x0, 0x0,
    0x0, 0x9f, 0xf5, 0x8f, 0xf7, 0x0, 0x0, 0x0,
    0x9f, 0xf5, 0x8f, 0xf7, 0x0, 0x0, 0x0, 0x9f,
    0xf5, 0x8f, 0xf7, 0x0, 0x0, 0x0, 0x9f, 0xf5,
    0x7f, 0xf8, 0x0, 0x0, 0x0, 0xbf, 0xf5, 0x5f,
    0xfb, 0x0, 0x0, 0x1, 0xff, 0xf5, 0x1f, 0xff,
    0x60, 0x0, 0xa, 0xff, 0xf5, 0xa, 0xff, 0xfd,
    0xab, 0xef, 0xaf, 0xf5, 0x1, 0xcf, 0xff, 0xff,
    0xf7, 0x9f, 0xf5, 0x0, 0x7, 0xdf, 0xec, 0x40,
    0x9f, 0xf5,

    /* U+0065 "e" */
    0x0, 0x2, 0x9d, 0xff, 0xd8, 0x20, 0x0, 0x0,
    0x7f, 0xff, 0xff, 0xff, 0xf7, 0x0, 0x6, 0xff,
    0xfb, 0x88, 0xbf, 0xff, 0x60, 0xe, 0xff, 0x40,
    0x0, 0x5, 0xff, 0xe0, 0x5f, 0xfa, 0x0, 0x0,
    0x0, 0xaf, 0xf5, 0x8f, 0xf6, 0x0, 0x0, 0x0,
    0x6f, 0xf8, 0x9f, 0xf5, 0x0, 0x0, 0x0, 0x5f,
    0xf9, 0x9f, 0xff, 0xff, 0xff, 0xff, 0xff, 0xf9,
    0x9f, 0xff, 0xff, 0xff, 0xff, 0xff, 0xf9, 0x9f,
    0xf7, 0x33, 0x33, 0x33, 0x33, 0x32, 0x9f, 0xf5,
    0x0, 0x0, 0x0, 0x0, 0x0, 0x8f, 0xf7, 0x0,
    0x0, 0x0, 0x0, 0x0, 0x5f, 0xfb, 0x0, 0x0,
    0x0, 0x59, 0x93, 0xe, 0xff, 0x70, 0x0, 0x3,
    0xff, 0xf2, 0x6, 0xff, 0xfd, 0xa9, 0xcf, 0xff,
    0xa0, 0x0, 0x7f, 0xff, 0xff, 0xff, 0xfa, 0x0,
    0x0, 0x2, 0x9d, 0xff, 0xda, 0x40, 0x0,

    /* U+0066 "f" */
    0x0, 0x0, 0x0, 0x7, 0xcf, 0xff, 0xff, 0xf0,
    0x0, 0x0, 0xb, 0xff, 0xff, 0xff, 0xff, 0x0,
    0x0, 0x5, 0xff, 0xfc, 0xbb, 0xbb, 0xa0, 0x0,
    0x0, 0x9f, 0xf8, 0x0, 0x0, 0x0, 0x0, 0x0,
    0xa, 0xff, 0x40, 0x0, 0x0, 0x0, 0x0, 0x0,
    0xaf, 0xf4, 0x0, 0x0, 0x0, 0x0, 0x0, 0xa,
    0xff, 0x40, 0x0, 0x0, 0x4, 0xbb, 0xbb, 0xef,
    0xfd, 0xbb, 0xbb, 0xbb, 0x6f, 0xff, 0xff, 0xff,
    0xff, 0xff, 0xff, 0xf6, 0xff, 0xff, 0xff, 0xff,
    0xff, 0xff, 0xff, 0x0, 0x0, 0xa, 0xff, 0x40,
    0x0, 0x0, 0x0, 0x0, 0x0, 0xaf, 0xf4, 0x0,
    0x0, 0x0, 0x0, 0x0, 0xa, 0xff, 0x40, 0x0,
    0x0, 0x0, 0x0, 0x0, 0xaf, 0xf4, 0x0, 0x0,
    0x0, 0x0, 0x0, 0xa, 0xff, 0x40, 0x0, 0x0,
    0x0, 0x0, 0x0, 0xaf, 0xf4, 0x0, 0x0, 0x0,
    0x0, 0x0, 0xa, 0xff, 0x40, 0x0, 0x0, 0x0,
    0x0, 0x0, 0xaf, 0xf4, 0x0, 0x0, 0x0, 0x0,
    0x0, 0xa, 0xff, 0x40, 0x0, 0x0, 0x0, 0x0,
    0x0, 0xaf, 0xf4, 0x0, 0x0, 0x0, 0x0, 0x0,
    0xa, 0xff, 0x40, 0x0, 0x0, 0x0, 0x0, 0x0,
    0xaf, 0xf4, 0x0, 0x0, 0x0,

    /* U+0067 "g" */
    0x0, 0x7, 0xcf, 0xec, 0x50, 0x9f, 0xf5, 0x0,
    0xcf, 0xff, 0xff, 0xf8, 0x9f, 0xf5, 0x9, 0xff,
    0xfe, 0xab, 0xef, 0xbf, 0xf5, 0x1f, 0xff, 0x80,
    0x0, 0xa, 0xff, 0xf5, 0x5f, 0xfc, 0x0, 0x0,
    0x1, 0xef, 0xf5, 0x7f, 0xf9, 0x0, 0x0, 0x0,
    0xbf, 0xf5, 0x7f, 0xf7, 0x0, 0x0, 0x0, 0x9f,
    0xf5, 0x7f, 0xf7, 0x0, 0x0, 0x0, 0x9f, 0xf5,
    0x7f, 0xf7, 0x0, 0x0, 0x0, 0x9f, 0xf5, 0x7f,
    0xf7, 0x0, 0x0, 0x0, 0xaf, 0xf5, 0x6f, 0xfa,
    0x0, 0x0, 0x0, 0xcf, 0xf5, 0x3f, 0xff, 0x10,
    0x0, 0x3, 0xff, 0xf5, 0xe, 0xff, 0xd4, 0x11,
    0x5e, 0xef, 0xf5, 0x5, 0xff, 0xff, 0xff, 0xfe,
    0x9f, 0xf5, 0x0, 0x5e, 0xff, 0xff, 0xe3, 0x9f,
    0xf5, 0x0, 0x0, 0x57, 0x74, 0x0, 0x9f, 0xf5,
    0x0, 0x0, 0x0, 0x0, 0x0, 0xaf, 0xf5, 0x0,
    0x0, 0x0, 0x0, 0x0, 0xcf, 0xf3, 0x0, 0x0,
    0x0, 0x0, 0x7, 0xff, 0xf0, 0x0, 0x2a, 0xaa,
    0xab, 0xdf, 0xff, 0x80, 0x0, 0x3f, 0xff, 0xff,
    0xff, 0xfa, 0x0, 0x0, 0x3f, 0xff, 0xff, 0xeb,
    0x50, 0x0,

    /* U+0068 "h" */
    0x5f, 0xf9, 0x0, 0x0, 0x0, 0x0, 0x0, 0x5f,
    0xf9, 0x0, 0x0, 0x0, 0x0, 0x0, 0x5f, 0xf9,
    0x0, 0x0, 0x0, 0x0, 0x0, 0x5f, 0xf9, 0x0,
    0x0, 0x0, 0x0, 0x0, 0x5f, 0xf9, 0x0, 0x0,
    0x0, 0x0, 0x0, 0x5f, 0xf9, 0x5, 0xce, 0xfc,
    0x70, 0x0, 0x5f, 0xf9, 0x8f, 0xff, 0xff, 0xfc,
    0x0, 0x5f, 0xfa, 0xfd, 0x99, 0xdf, 0xff, 0x90,
    0x5f, 0xff, 0xa0, 0x0, 0x9, 0xff, 0xf1, 0x5f,
    0xff, 0x10, 0x0, 0x0, 0xef, 0xf4, 0x5f, 0xfb,
    0x0, 0x0, 0x0, 0xaf, 0xf6, 0x5f, 0xf9, 0x0,
    0x0, 0x0, 0x8f, 0xf6, 0x5f, 0xf9, 0x0, 0x0,
    0x0, 0x8f, 0xf6, 0x5f, 0xf9, 0x0, 0x0, 0x0,
    0x8f, 0xf6, 0x5f, 0xf9, 0x0, 0x0, 0x0, 0x8f,
    0xf6, 0x5f, 0xf9, 0x0, 0x0, 0x0, 0x8f, 0xf6,
    0x5f, 0xf9, 0x0, 0x0, 0x0, 0x8f, 0xf6, 0x5f,
    0xf9, 0x0, 0x0, 0x0, 0x8f, 0xf6, 0x5f, 0xf9,
    0x0, 0x0, 0x0, 0x8f, 0xf6, 0x5f, 0xf9, 0x0,
    0x0, 0x0, 0x8f, 0xf6, 0x5f, 0xf9, 0x0, 0x0,
    0x0, 0x8f, 0xf6, 0x5f, 0xf9, 0x0, 0x0, 0x0,
    0x8f, 0xf6,

    /* U+0069 "i" */
    0x0, 0x0, 0x2, 0xcf, 0xc1, 0x0, 0x0, 0x0,
    0x0, 0x0, 0xaf, 0xff, 0x90, 0x0, 0x0, 0x0,
    0x0, 0xa, 0xff, 0xf9, 0x0, 0x0, 0x0, 0x0,
    0x0, 0x2c, 0xfc, 0x20, 0x0, 0x0, 0x0, 0x0,
    0x0, 0x0, 0x0, 0x0, 0x0, 0x0, 0x0, 0x0,
    0x0, 0x0, 0x0, 0x0, 0x0, 0x0, 0x0, 0x0,
    0x0, 0x0, 0x0, 0x0, 0x0, 0xef, 0xff, 0xff,
    0xff, 0x40, 0x0, 0x0, 0xe, 0xff, 0xff, 0xff,
    0xf4, 0x0, 0x0, 0x0, 0xab, 0xbb, 0xbe, 0xff,
    0x40, 0x0, 0x0, 0x0, 0x0, 0x0, 0xbf, 0xf4,
    0x0, 0x0, 0x0, 0x0, 0x0, 0xb, 0xff, 0x40,
    0x0, 0x0, 0x0, 0x0, 0x0, 0xbf, 0xf4, 0x0,
    0x0, 0x0, 0x0, 0x0, 0xb, 0xff, 0x40, 0x0,
    0x0, 0x0, 0x0, 0x0, 0xbf, 0xf4, 0x0, 0x0,
    0x0, 0x0, 0x0, 0xb, 0xff, 0x40, 0x0, 0x0,
    0x0, 0x0, 0x0, 0xbf, 0xf4, 0x0, 0x0, 0x0,
    0x0, 0x0, 0xb, 0xff, 0x40, 0x0, 0x0, 0x0,
    0x0, 0x0, 0xbf, 0xf4, 0x0, 0x0, 0x0, 0x0,
    0x0, 0xb, 0xff, 0x40, 0x0, 0x0, 0x0, 0x0,
    0x0, 0xbf, 0xf4, 0x0, 0x0, 0x6, 0xbb, 0xbb,
    0xbe, 0xff, 0xcb, 0xbb, 0xb8, 0x8f, 0xff, 0xff,
    0xff, 0xff, 0xff, 0xff, 0xb8, 0xff, 0xff, 0xff,
    0xff, 0xff, 0xff, 0xfb,

    /* U+006A "j" */
    0x0, 0x0, 0x0, 0x0, 0x0, 0x0, 0x0, 0x0,
    0x0, 0x2, 0xcf, 0xc1, 0x0, 0x0, 0x0, 0xa,
    0xff, 0xf9, 0x0, 0x0, 0x0, 0xa, 0xff, 0xf9,
    0x0, 0x0, 0x0, 0x2, 0xcf, 0xc1, 0x0, 0x0,
    0x0, 0x0, 0x0, 0x0, 0x0, 0x0, 0x0, 0x0,
    0x0, 0x0, 0x0, 0x0, 0x0, 0x0, 0x0, 0x0,
    0x8f, 0xff, 0xff, 0xff, 0xff, 0xf3, 0x8f, 0xff,
    0xff, 0xff, 0xff, 0xf3, 0x6b, 0xbb, 0xbb, 0xbb,
    0xff, 0xf3, 0x0, 0x0, 0x0, 0x0, 0xcf, 0xf3,
    0x0, 0x0, 0x0, 0x0, 0xcf, 0xf3, 0x0, 0x0,
    0x0, 0x0, 0xcf, 0xf3, 0x0, 0x0, 0x0, 0x0,
    0xcf, 0xf3, 0x0, 0x0, 0x0, 0x0, 0xcf, 0xf3,
    0x0, 0x0, 0x0, 0x0, 0xcf, 0xf3, 0x0, 0x0,
    0x0, 0x0, 0xcf, 0xf3, 0x0, 0x0, 0x0, 0x0,
    0xcf, 0xf3, 0x0, 0x0, 0x0, 0x0, 0xcf, 0xf3,
    0x0, 0x0, 0x0, 0x0, 0xcf, 0xf3, 0x0, 0x0,
    0x0, 0x0, 0xcf, 0xf3, 0x0, 0x0, 0x0, 0x0,
    0xcf, 0xf3, 0x0, 0x0, 0x0, 0x0, 0xcf, 0xf3,
    0x0, 0x0, 0x0, 0x0, 0xef, 0xf2, 0x0, 0x0,
    0x0, 0x4, 0xff, 0xe0, 0x0, 0x0, 0x0, 0x3e,
    0xff, 0x90, 0x4b, 0xbb, 0xce, 0xff, 0xfe, 0x10,
    0x5f, 0xff, 0xff, 0xff, 0xe3, 0x0, 0x5f, 0xff,
    0xfe, 0xc7, 0x0, 0x0,

    /* U+006B "k" */
    0x3f, 0xfc, 0x0, 0x0, 0x0, 0x0, 0x0, 0x3,
    0xff, 0xc0, 0x0, 0x0, 0x0, 0x0, 0x0, 0x3f,
    0xfc, 0x0, 0x0, 0x0, 0x0, 0x0, 0x3, 0xff,
    0xc0, 0x0, 0x0, 0x0, 0x0, 0x0, 0x3f, 0xfc,
    0x0, 0x0, 0x0, 0x0, 0x0, 0x3, 0xff, 0xc0,
    0x0, 0x0, 0x2, 0xff, 0xf4, 0x3f, 0xfc, 0x0,
    0x0, 0x0, 0xbf, 0xfa, 0x3, 0xff, 0xc0, 0x0,
    0x0, 0x5f, 0xfe, 0x10, 0x3f, 0xfc, 0x0, 0x0,
    0x1e, 0xff, 0x60, 0x3, 0xff, 0xc0, 0x0, 0x9,
    0xff, 0xb0, 0x0, 0x3f, 0xfc, 0x0, 0x4, 0xff,
    0xf2, 0x0, 0x3, 0xff, 0xc0, 0x0, 0xdf, 0xf7,
    0x0, 0x0, 0x3f, 0xff, 0xff, 0xff, 0xfd, 0x0,
    0x0, 0x3, 0xff, 0xff, 0xff, 0xff, 0x90, 0x0,
    0x0, 0x3f, 0xfe, 0x99, 0x9f, 0xff, 0x30, 0x0,
    0x3, 0xff, 0xc0, 0x0, 0x9f, 0xfd, 0x0, 0x0,
    0x3f, 0xfc, 0x0, 0x1, 0xef, 0xf7, 0x0, 0x3,
    0xff, 0xc0, 0x0, 0x5, 0xff, 0xf1, 0x0, 0x3f,
    0xfc, 0x0, 0x0, 0xb, 0xff, 0xb0, 0x3, 0xff,
    0xc0, 0x0, 0x0, 0x2f, 0xff, 0x40, 0x3f, 0xfc,
    0x0, 0x0, 0x0, 0x8f, 0xfe, 0x3, 0xff, 0xc0,
    0x0, 0x0, 0x0, 0xdf, 0xf8,

    /* U+006C "l" */
    0x2f, 0xff, 0xff, 0xff, 0xf7, 0x0, 0x0, 0x0,
    0x2, 0xff, 0xff, 0xff, 0xff, 0x70, 0x0, 0x0,
    0x0, 0x1b, 0xbb, 0xbb, 0xdf, 0xf7, 0x0, 0x0,
    0x0, 0x0, 0x0, 0x0, 0x7, 0xff, 0x70, 0x0,
    0x0, 0x0, 0x0, 0x0, 0x0, 0x7f, 0xf7, 0x0,
    0x0, 0x0, 0x0, 0x0, 0x0, 0x7, 0xff, 0x70,
    0x0, 0x0, 0x0, 0x0, 0x0, 0x0, 0x7f, 0xf7,
    0x0, 0x0, 0x0, 0x0, 0x0, 0x0, 0x7, 0xff,
    0x70, 0x0, 0x0, 0x0, 0x0, 0x0, 0x0, 0x7f,
    0xf7, 0x0, 0x0, 0x0, 0x0, 0x0, 0x0, 0x7,
    0xff, 0x70, 0x0, 0x0, 0x0, 0x0, 0x0, 0x0,
    0x7f, 0xf7, 0x0, 0x0, 0x0, 0x0, 0x0, 0x0,
    0x7, 0xff, 0x70, 0x0, 0x0, 0x0, 0x0, 0x0,
    0x0, 0x7f, 0xf7, 0x0, 0x0, 0x0, 0x0, 0x0,
    0x0, 0x7, 0xff, 0x70, 0x0, 0x0, 0x0, 0x0,
    0x0, 0x0, 0x7f, 0xf7, 0x0, 0x0, 0x0, 0x0,
    0x0, 0x0, 0x7, 0xff, 0x70, 0x0, 0x0, 0x0,
    0x0, 0x0, 0x0, 0x7f, 0xf7, 0x0, 0x0, 0x0,
    0x0, 0x0, 0x0, 0x7, 0xff, 0x80, 0x0, 0x0,
    0x0, 0x0, 0x0, 0x0, 0x5f, 0xfe, 0x10, 0x0,
    0x0, 0x0, 0x0, 0x0, 0x0, 0xef, 0xff, 0xcb,
    0xbb, 0xb6, 0x0, 0x0, 0x0, 0x4, 0xff, 0xff,
    0xff, 0xff, 0x90, 0x0, 0x0, 0x0, 0x3, 0xae,
    0xff, 0xff, 0xf9,

    /* U+006D "m" */
    0x4f, 0xf3, 0x7e, 0xe9, 0x1, 0xaf, 0xe8, 0x0,
    0x4f, 0xf9, 0xff, 0xff, 0x8a, 0xff, 0xff, 0x70,
    0x4f, 0xfe, 0x75, 0xef, 0xfd, 0x57, 0xff, 0xf0,
    0x4f, 0xf9, 0x0, 0x5f, 0xf5, 0x0, 0x9f, 0xf2,
    0x4f, 0xf6, 0x0, 0x3f, 0xf3, 0x0, 0x6f, 0xf4,
    0x4f, 0xf6, 0x0, 0x3f, 0xf3, 0x0, 0x6f, 0xf4,
    0x4f, 0xf6, 0x0, 0x3f, 0xf3, 0x0, 0x6f, 0xf4,
    0x4f, 0xf6, 0x0, 0x3f, 0xf3, 0x0, 0x6f, 0xf4,
    0x4f, 0xf6, 0x0, 0x3f, 0xf3, 0x0, 0x6f, 0xf4,
    0x4f, 0xf6, 0x0, 0x3f, 0xf3, 0x0, 0x6f, 0xf4,
    0x4f, 0xf6, 0x0, 0x3f, 0xf3, 0x0, 0x6f, 0xf4,
    0x4f, 0xf6, 0x0, 0x3f, 0xf3, 0x0, 0x6f, 0xf4,
    0x4f, 0xf6, 0x0, 0x3f, 0xf3, 0x0, 0x6f, 0xf4,
    0x4f, 0xf6, 0x0, 0x3f, 0xf3, 0x0, 0x6f, 0xf4,
    0x4f, 0xf6, 0x0, 0x3f, 0xf3, 0x0, 0x6f, 0xf4,
    0x4f, 0xf6, 0x0, 0x3f, 0xf3, 0x0, 0x6f, 0xf4,
    0x4f, 0xf6, 0x0, 0x3f, 0xf3, 0x0, 0x6f, 0xf4,

    /* U+006E "n" */
    0x5f, 0xf9, 0x5, 0xce, 0xfc, 0x70, 0x0, 0x5f,
    0xf9, 0x8f, 0xff, 0xff, 0xfc, 0x0, 0x5f, 0xfa,
    0xfd, 0x99, 0xdf, 0xff, 0x90, 0x5f, 0xff, 0xa0,
    0x0, 0x9, 0xff, 0xf1, 0x5f, 0xff, 0x10, 0x0,
    0x0, 0xef, 0xf4, 0x5f, 0xfb, 0x0, 0x0, 0x0,
    0xaf, 0xf6, 0x5f, 0xf9, 0x0, 0x0, 0x0, 0x8f,
    0xf6, 0x5f, 0xf9, 0x0, 0x0, 0x0, 0x8f, 0xf6,
    0x5f, 0xf9, 0x0, 0x0, 0x0, 0x8f, 0xf6, 0x5f,
    0xf9, 0x0, 0x0, 0x0, 0x8f, 0xf6, 0x5f, 0xf9,
    0x0, 0x0, 0x0, 0x8f, 0xf6, 0x5f, 0xf9, 0x0,
    0x0, 0x0, 0x8f, 0xf6, 0x5f, 0xf9, 0x0, 0x0,
    0x0, 0x8f, 0xf6, 0x5f, 0xf9, 0x0, 0x0, 0x0,
    0x8f, 0xf6, 0x5f, 0xf9, 0x0, 0x0, 0x0, 0x8f,
    0xf6, 0x5f, 0xf9, 0x0, 0x0, 0x0, 0x8f, 0xf6,
    0x5f, 0xf9, 0x0, 0x0, 0x0, 0x8f, 0xf6,

    /* U+006F "o" */
    0x0, 0x2, 0x9d, 0xff, 0xd9, 0x20, 0x0, 0x0,
    0x7f, 0xff, 0xff, 0xff, 0xf7, 0x0, 0x6, 0xff,
    0xfe, 0xbb, 0xef, 0xff, 0x60, 0xe, 0xff, 0x80,
    0x0, 0x8, 0xff, 0xe0, 0x5f, 0xfc, 0x0, 0x0,
    0x0, 0xcf, 0xf5, 0x8f, 0xf8, 0x0, 0x0, 0x0,
    0x8f, 0xf8, 0x9f, 0xf6, 0x0, 0x0, 0x0, 0x6f,
    0xf9, 0x9f, 0xf6, 0x0, 0x0, 0x0, 0x6f, 0xf9,
    0x9f, 0xf6, 0x0, 0x0, 0x0, 0x6f, 0xf9, 0x9f,
    0xf6, 0x0, 0x0, 0x0, 0x6f, 0xf9, 0x9f, 0xf6,
    0x0, 0x0, 0x0, 0x6f, 0xf9, 0x8f, 0xf8, 0x0,
    0x0, 0x0, 0x8f, 0xf8, 0x5f, 0xfc, 0x0, 0x0,
    0x0, 0xcf, 0xf5, 0xe, 0xff, 0x80, 0x0, 0x8,
    0xff, 0xe0, 0x6, 0xff, 0xfe, 0xbb, 0xef, 0xff,
    0x60, 0x0, 0x7f, 0xff, 0xff, 0xff, 0xf7, 0x0,
    0x0, 0x3, 0x9d, 0xff, 0xd9, 0x30, 0x0,

    /* U+0070 "p" */
    0x5f, 0xf9, 0x4, 0xbe, 0xfd, 0x70, 0x0, 0x5f,
    0xf9, 0x7f, 0xff, 0xff, 0xfc, 0x0, 0x5f, 0xfa,
    0xfe, 0xba, 0xdf, 0xff, 0x90, 0x5f, 0xff, 0xa0,
    0x0, 0x6, 0xff, 0xf1, 0x5f, 0xfe, 0x10, 0x0,
    0x0, 0xbf, 0xf5, 0x5f, 0xfb, 0x0, 0x0, 0x0,
    0x8f, 0xf7, 0x5f, 0xf9, 0x0, 0x0, 0x0, 0x7f,
    0xf8, 0x5f, 0xf9, 0x0, 0x0, 0x0, 0x7f, 0xf8,
    0x5f, 0xf9, 0x0, 0x0, 0x0, 0x7f, 0xf8, 0x5f,
    0xf9, 0x0, 0x0, 0x0, 0x7f, 0xf8, 0x5f, 0xf9,
    0x0, 0x0, 0x0, 0x7f, 0xf8, 0x5f, 0xfb, 0x0,
    0x0, 0x0, 0x8f, 0xf7, 0x5f, 0xfe, 0x10, 0x0,
    0x0, 0xbf, 0xf5, 0x5f, 0xfe, 0xa0, 0x0, 0x6,
    0xff, 0xf1, 0x5f, 0xfa, 0xfe, 0xba, 0xdf, 0xff,
    0x90, 0x5f, 0xf9, 0x6f, 0xff, 0xff, 0xfc, 0x0,
    0x5f, 0xf9, 0x4, 0xbe, 0xfd, 0x70, 0x0, 0x5f,
    0xf9, 0x0, 0x0, 0x0, 0x0, 0x0, 0x5f, 0xf9,
    0x0, 0x0, 0x0, 0x0, 0x0, 0x5f, 0xf9, 0x0,
    0x0, 0x0, 0x0, 0x0, 0x5f, 0xf9, 0x0, 0x0,
    0x0, 0x0, 0x0, 0x5f, 0xf9, 0x0, 0x0, 0x0,
    0x0, 0x0,

    /* U+0071 "q" */
    0x0, 0x7, 0xdf, 0xeb, 0x40, 0x9f, 0xf5, 0x0,
    0xcf, 0xff, 0xff, 0xf7, 0x9f, 0xf5, 0xa, 0xff,
    0xfd, 0xab, 0xef, 0xaf, 0xf5, 0x1f, 0xff, 0x60,
    0x0, 0xb, 0xff, 0xf5, 0x5f, 0xfb, 0x0, 0x0,
    0x1, 0xff, 0xf5, 0x7f, 0xf8, 0x0, 0x0, 0x0,
    0xbf, 0xf5, 0x8f, 0xf7, 0x0, 0x0, 0x0, 0x9f,
    0xf5, 0x8f, 0xf7, 0x0, 0x0, 0x0, 0x9f, 0xf5,
    0x8f, 0xf7, 0x0, 0x0, 0x0, 0x9f, 0xf5, 0x8f,
    0xf7, 0x0, 0x0, 0x0, 0x9f, 0xf5, 0x8f, 0xf7,
    0x0, 0x0, 0x0, 0x9f, 0xf5, 0x7f, 0xf8, 0x0,
    0x0, 0x0, 0xbf, 0xf5, 0x5f, 0xfb, 0x0, 0x0,
    0x1, 0xff, 0xf5, 0x1f, 0xff, 0x60, 0x0, 0xa,
    0xff, 0xf5, 0xa, 0xff, 0xfd, 0xab, 0xef, 0xaf,
    0xf5, 0x1, 0xcf, 0xff, 0xff, 0xf6, 0x9f, 0xf5,
    0x0, 0x7, 0xdf, 0xeb, 0x40, 0x9f, 0xf5, 0x0,
    0x0, 0x0, 0x0, 0x0, 0x9f, 0xf5, 0x0, 0x0,
    0x0, 0x0, 0x0, 0x9f, 0xf5, 0x0, 0x0, 0x0,
    0x0, 0x0, 0x9f, 0xf5, 0x0, 0x0, 0x0, 0x0,
    0x0, 0x9f, 0xf5, 0x0, 0x0, 0x0, 0x0, 0x0,
    0x9f, 0xf5,

    /* U+0072 "r" */
    0xcf, 0xf3, 0x18, 0xdf, 0xeb, 0x40, 0x0, 0xcf,
    0xf3, 0xdf, 0xff, 0xff, 0xf8, 0x0, 0xcf, 0xfa,
    0xfd, 0xab, 0xff, 0xff, 0x30, 0xcf, 0xfe, 0x50,
    0x0, 0x1c, 0xff, 0xa0, 0xcf, 0xf9, 0x0, 0x0,
    0x3, 0xff, 0xe0, 0xcf, 0xf5, 0x0, 0x0, 0x0,
    0xff, 0xf0, 0xcf, 0xf3, 0x0, 0x0, 0x0, 0xef,
    0xf0, 0xcf, 0xf3, 0x0, 0x0, 0x0, 0x78, 0x80,
    0xcf, 0xf3, 0x0, 0x0, 0x0, 0x0, 0x0, 0xcf,
    0xf3, 0x0, 0x0, 0x0, 0x0, 0x0, 0xcf, 0xf3,
    0x0, 0x0, 0x0, 0x0, 0x0, 0xcf, 0xf3, 0x0,
    0x0, 0x0, 0x0, 0x0, 0xcf, 0xf3, 0x0, 0x0,
    0x0, 0x0, 0x0, 0xcf, 0xf3, 0x0, 0x0, 0x0,
    0x0, 0x0, 0xcf, 0xf3, 0x0, 0x0, 0x0, 0x0,
    0x0, 0xcf, 0xf3, 0x0, 0x0, 0x0, 0x0, 0x0,
    0xcf, 0xf3, 0x0, 0x0, 0x0, 0x0, 0x0,

    /* U+0073 "s" */
    0x0, 0x18, 0xcf, 0xff, 0xfc, 0x70, 0x0, 0x3,
    0xef, 0xff, 0xff, 0xff, 0xfd, 0x20, 0xd, 0xff,
    0xe8, 0x77, 0x9e, 0xff, 0xc0, 0x3f, 0xfd, 0x0,
    0x0, 0x1, 0xef, 0xf3, 0x5f, 0xf8, 0x0, 0x0,
    0x0, 0x46, 0x62, 0x4f, 0xfa, 0x0, 0x0, 0x0,
    0x0, 0x0, 0x1f, 0xff, 0xa6, 0x42, 0x0, 0x0,
    0x0, 0x8, 0xff, 0xff, 0xff, 0xfd, 0x92, 0x0,
    0x0, 0x7e, 0xff, 0xff, 0xff, 0xff, 0x50, 0x0,
    0x0, 0x35, 0x8a, 0xcf, 0xff, 0xf1, 0x0, 0x0,
    0x0, 0x0, 0x1, 0xcf, 0xf6, 0x0, 0x0, 0x0,
    0x0, 0x0, 0x5f, 0xf8, 0x7d, 0xd5, 0x0, 0x0,
    0x0, 0x5f, 0xf8, 0x6f, 0xfc, 0x0, 0x0, 0x0,
    0xcf, 0xf6, 0x1f, 0xff, 0xea, 0x88, 0xae, 0xff,
    0xe1, 0x4, 0xff, 0xff, 0xff, 0xff, 0xff, 0x40,
    0x0, 0x28, 0xdf, 0xff, 0xfd, 0x81, 0x0,

    /* U+0074 "t" */
    0x0, 0x0, 0x7, 0x88, 0x0, 0x0, 0x0, 0x0,
    0x0, 0x0, 0xff, 0xf0, 0x0, 0x0, 0x0, 0x0,
    0x0, 0xf, 0xff, 0x0, 0x0, 0x0, 0x0, 0x0,
    0x0, 0xff, 0xf0, 0x0, 0x0, 0x0, 0x0, 0x0,
    0xf, 0xff, 0x0, 0x0, 0x0, 0xb, 0xff, 0xff,
    0xff, 0xff, 0xff, 0xff, 0xfb, 0xbf, 0xff, 0xff,
    0xff, 0xff, 0xff, 0xff, 0xb8, 0xbb, 0xbb, 0xff,
    0xfb, 0xbb, 0xbb, 0xb8, 0x0, 0x0, 0xf, 0xff,
    0x0, 0x0, 0x0, 0x0, 0x0, 0x0, 0xff, 0xf0,
    0x0, 0x0, 0x0, 0x0, 0x0, 0xf, 0xff, 0x0,
    0x0, 0x0, 0x0, 0x0, 0x0, 0xff, 0xf0, 0x0,
    0x0, 0x0, 0x0, 0x0, 0xf, 0xff, 0x0, 0x0,
    0x0, 0x0, 0x0, 0x0, 0xff, 0xf0, 0x0, 0x0,
    0x0, 0x0, 0x0, 0xf, 0xff, 0x0, 0x0, 0x0,
    0x0, 0x0, 0x0, 0xff, 0xf0, 0x0, 0x0, 0x0,
    0x0, 0x0, 0xf, 0xff, 0x0, 0x0, 0x0, 0x0,
    0x0, 0x0, 0xff, 0xf0, 0x0, 0x0, 0x0, 0x0,
    0x0, 0xd, 0xff, 0x50, 0x0, 0x0, 0x0, 0x0,
    0x0, 0x8f, 0xff, 0xcb, 0xbb, 0xb6, 0x0, 0x0,
    0x1, 0xdf, 0xff, 0xff, 0xff, 0x80, 0x0, 0x0,
    0x1, 0x8d, 0xff, 0xff, 0xf8,

    /* U+0075 "u" */
    0x6f, 0xf8, 0x0, 0x0, 0x0, 0x8f, 0xf6, 0x6f,
    0xf8, 0x0, 0x0, 0x0, 0x8f, 0xf6, 0x6f, 0xf8,
    0x0, 0x0, 0x0, 0x8f, 0xf6, 0x6f, 0xf8, 0x0,
    0x0, 0x0, 0x8f, 0xf6, 0x6f, 0xf8, 0x0, 0x0,
    0x0, 0x8f, 0xf6, 0x6f, 0xf8, 0x0, 0x0, 0x0,
    0x8f, 0xf6, 0x6f, 0xf8, 0x0, 0x0, 0x0, 0x8f,
    0xf6, 0x6f, 0xf8, 0x0, 0x0, 0x0, 0x8f, 0xf6,
    0x6f, 0xf8, 0x0, 0x0, 0x0, 0x8f, 0xf6, 0x6f,
    0xf8, 0x0, 0x0, 0x0, 0x8f, 0xf6, 0x6f, 0xf8,
    0x0, 0x0, 0x0, 0x8f, 0xf6, 0x5f, 0xfa, 0x0,
    0x0, 0x0, 0xbf, 0xf5, 0x2f, 0xfe, 0x0, 0x0,
    0x1, 0xef, 0xf2, 0xd, 0xff, 0xa0, 0x0, 0xa,
    0xff, 0xd0, 0x4, 0xff, 0xfe, 0xab, 0xef, 0xff,
    0x40, 0x0, 0x6f, 0xff, 0xff, 0xff, 0xf6, 0x0,
    0x0, 0x2, 0x9d, 0xff, 0xd9, 0x20, 0x0,

    /* U+0076 "v" */
    0x5f, 0xfc, 0x0, 0x0, 0x0, 0x0, 0xcf, 0xf5,
    0xf, 0xff, 0x20, 0x0, 0x0, 0x1, 0xff, 0xf0,
    0xa, 0xff, 0x70, 0x0, 0x0, 0x6, 0xff, 0xb0,
    0x5, 0xff, 0xc0, 0x0, 0x0, 0xb, 0xff, 0x60,
    0x0, 0xff, 0xf1, 0x0, 0x0, 0xf, 0xff, 0x10,
    0x0, 0xbf, 0xf6, 0x0, 0x0, 0x5f, 0xfb, 0x0,
    0x0, 0x5f, 0xfb, 0x0, 0x0, 0xaf, 0xf6, 0x0,
    0x0, 0x1f, 0xff, 0x0, 0x0, 0xef, 0xf1, 0x0,
    0x0, 0xb, 0xff, 0x50, 0x4, 0xff, 0xb0, 0x0,
    0x0, 0x6, 0xff, 0xa0, 0x9, 0xff, 0x60, 0x0,
    0x0, 0x1, 0xff, 0xe0, 0xe, 0xff, 0x10, 0x0,
    0x0, 0x0, 0xbf, 0xf3, 0x2f, 0xfb, 0x0, 0x0,
    0x0, 0x0, 0x6f, 0xf8, 0x7f, 0xf6, 0x0, 0x0,
    0x0, 0x0, 0x1f, 0xfc, 0xbf, 0xf1, 0x0, 0x0,
    0x0, 0x0, 0xb, 0xff, 0xef, 0xb0, 0x0, 0x0,
    0x0, 0x0, 0x6, 0xff, 0xff, 0x60, 0x0, 0x0,
    0x0, 0x0, 0x1, 0xff, 0xff, 0x10, 0x0, 0x0,

    /* U+0077 "w" */
    0x1f, 0xf6, 0x0, 0x7, 0xff, 0x70, 0x0, 0x4f,
    0xf1, 0xf, 0xf8, 0x0, 0xa, 0xff, 0xa0, 0x0,
    0x6f, 0xf0, 0xc, 0xfa, 0x0, 0xd, 0xff, 0xd0,
    0x0, 0x9f, 0xc0, 0xa, 0xfd, 0x0, 0xf, 0xdd,
    0xf0, 0x0, 0xbf, 0x90, 0x7, 0xff, 0x0, 0x2f,
    0xbb, 0xf2, 0x0, 0xdf, 0x70, 0x5, 0xff, 0x10,
    0x5f, 0x99, 0xf5, 0x0, 0xff, 0x40, 0x2, 0xff,
    0x30, 0x8f, 0x67, 0xf8, 0x2, 0xff, 0x10, 0x0,
    0xff, 0x60, 0xbf, 0x44, 0xfb, 0x4, 0xff, 0x0,
    0x0, 0xdf, 0x80, 0xdf, 0x12, 0xfd, 0x7, 0xfc,
    0x0, 0x0, 0xbf, 0xa0, 0xfe, 0x0, 0xff, 0x9,
    0xfa, 0x0, 0x0, 0x8f, 0xc3, 0xfc, 0x0, 0xdf,
    0x3b, 0xf7, 0x0, 0x0, 0x6f, 0xe5, 0xf9, 0x0,
    0xaf, 0x5d, 0xf4, 0x0, 0x0, 0x3f, 0xf8, 0xf6,
    0x0, 0x8f, 0x8f, 0xf2, 0x0, 0x0, 0x1f, 0xfc,
    0xf4, 0x0, 0x5f, 0xbf, 0xf0, 0x0, 0x0, 0xe,
    0xff, 0xf1, 0x0, 0x2f, 0xff, 0xd0, 0x0, 0x0,
    0xc, 0xff, 0xe0, 0x0, 0xf, 0xff, 0xa0, 0x0,
    0x0, 0x9, 0xff, 0xc0, 0x0, 0xd, 0xff, 0x70,
    0x0,

    /* U+0078 "x" */
    0xd, 0xff, 0x80, 0x0, 0x0, 0x8, 0xff, 0xe0,
    0x3, 0xff, 0xf2, 0x0, 0x0, 0x2f, 0xff, 0x40,
    0x0, 0x9f, 0xfc, 0x0, 0x0, 0xbf, 0xf9, 0x0,
    0x0, 0xd, 0xff, 0x60, 0x5, 0xff, 0xe0, 0x0,
    0x0, 0x4, 0xff, 0xe1, 0x1e, 0xff, 0x40, 0x0,
    0x0, 0x0, 0x9f, 0xf9, 0x8f, 0xfa, 0x0, 0x0,
    0x0, 0x0, 0xe, 0xff, 0xff, 0xe1, 0x0, 0x0,
    0x0, 0x0, 0x4, 0xff, 0xff, 0x50, 0x0, 0x0,
    0x0, 0x0, 0x0, 0xef, 0xff, 0x0, 0x0, 0x0,
    0x0, 0x0, 0x9, 0xff, 0xff, 0x90, 0x0, 0x0,
    0x0, 0x0, 0x4f, 0xfd, 0xcf, 0xf4, 0x0, 0x0,
    0x0, 0x0, 0xef, 0xf4, 0x4f, 0xfe, 0x0, 0x0,
    0x0, 0x9, 0xff, 0xb0, 0xb, 0xff, 0x90, 0x0,
    0x0, 0x4f, 0xff, 0x10, 0x1, 0xff, 0xf4, 0x0,
    0x0, 0xef, 0xf6, 0x0, 0x0, 0x6f, 0xfe, 0x0,
    0x9, 0xff, 0xc0, 0x0, 0x0, 0xc, 0xff, 0x90,
    0x4f, 0xff, 0x30, 0x0, 0x0, 0x3, 0xff, 0xf4,

    /* U+0079 "y" */
    0x4f, 0xfd, 0x0, 0x0, 0x0, 0x0, 0xcf, 0xf5,
    0xe, 0xff, 0x30, 0x0, 0x0, 0x2, 0xff, 0xf0,
    0x8, 0xff, 0x90, 0x0, 0x0, 0x8, 0xff, 0x90,
    0x2, 0xff, 0xf0, 0x0, 0x0, 0xd, 0xff, 0x30,
    0x0, 0xbf, 0xf5, 0x0, 0x0, 0x3f, 0xfd, 0x0,
    0x0, 0x5f, 0xfb, 0x0, 0x0, 0x8f, 0xf7, 0x0,
    0x0, 0xe, 0xff, 0x20, 0x0, 0xef, 0xf1, 0x0,
    0x0, 0x8, 0xff, 0x80, 0x4, 0xff, 0xb0, 0x0,
    0x0, 0x2, 0xff, 0xd0, 0x9, 0xff, 0x50, 0x0,
    0x0, 0x0, 0xbf, 0xf4, 0xe, 0xff, 0x0, 0x0,
    0x0, 0x0, 0x5f, 0xf9, 0x4f, 0xf9, 0x0, 0x0,
    0x0, 0x0, 0xe, 0xfe, 0x9f, 0xf3, 0x0, 0x0,
    0x0, 0x0, 0x8, 0xff, 0xff, 0xd0, 0x0, 0x0,
    0x0, 0x0, 0x2, 0xff, 0xff, 0x80, 0x0, 0x0,
    0x0, 0x0, 0x0, 0xcf, 0xff, 0x20, 0x0, 0x0,
    0x0, 0x0, 0x0, 0x7f, 0xfc, 0x0, 0x0, 0x0,
    0x0, 0x0, 0x0, 0xbf, 0xf6, 0x0, 0x0, 0x0,
    0x0, 0x0, 0x1, 0xff, 0xf0, 0x0, 0x0, 0x0,
    0x0, 0x0, 0x7, 0xff, 0xa0, 0x0, 0x0, 0x0,
    0x0, 0x0, 0xd, 0xff, 0x40, 0x0, 0x0, 0x0,
    0x0, 0x0, 0x3f, 0xfe, 0x0, 0x0, 0x0, 0x0,
    0x0, 0x0, 0x9f, 0xf8, 0x0, 0x0, 0x0, 0x0,

    /* U+007A "z" */
    0x2f, 0xff, 0xff, 0xff, 0xff, 0xff, 0xf1, 0x2f,
    0xff, 0xff, 0xff, 0xff, 0xff, 0xf1, 0x1b, 0xbb,
    0xbb, 0xbb, 0xbd, 0xff, 0xf0, 0x0, 0x0, 0x0,
    0x0, 0x1d, 0xff, 0x90, 0x0, 0x0, 0x0, 0x0,
    0xbf, 0xfc, 0x0, 0x0, 0x0, 0x0, 0x8, 0xff,
    0xe1, 0x0, 0x0, 0x0, 0x0, 0x5f, 0xff, 0x30,
    0x0, 0x0, 0x0, 0x2, 0xff, 0xf5, 0x0, 0x0,
    0x0, 0x0, 0x1d, 0xff, 0x80, 0x0, 0x0, 0x0,
    0x0, 0xbf, 0xfb, 0x0, 0x0, 0x0, 0x0, 0x8,
    0xff, 0xd0, 0x0, 0x0, 0x0, 0x0, 0x5f, 0xfe,
    0x20, 0x0, 0x0, 0x0, 0x2, 0xff, 0xf4, 0x0,
    0x0, 0x0, 0x0, 0x1d, 0xff, 0x70, 0x0, 0x0,
    0x0, 0x0, 0x6f, 0xff, 0xbb, 0xbb, 0xbb, 0xbb,
    0xb4, 0x6f, 0xff, 0xff, 0xff, 0xff, 0xff, 0xf6,
    0x6f, 0xff, 0xff, 0xff, 0xff, 0xff, 0xf6,

    /* U+007B "{" */
    0x0, 0x0, 0x0, 0x0, 0x16, 0x9a, 0xb2, 0x0,
    0x0, 0x0, 0x5, 0xff, 0xff, 0xf3, 0x0, 0x0,
    0x0, 0x3f, 0xff, 0xff, 0xf3, 0x0, 0x0, 0x0,
    0xaf, 0xfd, 0x40, 0x0, 0x0, 0x0, 0x0, 0xdf,
    0xf4, 0x0, 0x0, 0x0, 0x0, 0x0, 0xdf, 0xf1,
    0x0, 0x0, 0x0, 0x0, 0x0, 0xcf, 0xf2, 0x0,
    0x0, 0x0, 0x0, 0x0, 0xbf, 0xf4, 0x0, 0x0,
    0x0, 0x0, 0x0, 0x9f, 0xf5, 0x0, 0x0, 0x0,
    0x0, 0x0, 0x8f, 0xf7, 0x0, 0x0, 0x0, 0x0,
    0x0, 0x6f, 0xf8, 0x0, 0x0, 0x0, 0x0, 0x0,
    0x7f, 0xf8, 0x0, 0x0, 0x0, 0x0, 0x0, 0xdf,
    0xf3, 0x0, 0x0, 0x8b, 0xbb, 0xcf, 0xff, 0x70,
    0x0, 0x0, 0xcf, 0xff, 0xff, 0xa2, 0x0, 0x0,
    0x0, 0xcf, 0xff, 0xff, 0xfe, 0x40, 0x0, 0x0,
    0x0, 0x0, 0x4, 0xef, 0xf2, 0x0, 0x0, 0x0,
    0x0, 0x0, 0x8f, 0xf7, 0x0, 0x0, 0x0, 0x0,
    0x0, 0x6f, 0xf8, 0x0, 0x0, 0x0, 0x0, 0x0,
    0x7f, 0xf7, 0x0, 0x0, 0x0, 0x0, 0x0, 0x9f,
    0xf6, 0x0, 0x0, 0x0, 0x0, 0x0, 0xaf, 0xf4,
    0x0, 0x0, 0x0, 0x0, 0x0, 0xcf, 0xf3, 0x0,
    0x0, 0x0, 0x0, 0x0, 0xdf, 0xf1, 0x0, 0x0,
    0x0, 0x0, 0x0, 0xdf, 0xf2, 0x0, 0x0, 0x0,
    0x0, 0x0, 0xcf, 0xfa, 0x0, 0x0, 0x0, 0x0,
    0x0, 0x6f, 0xff, 0xeb, 0xb2, 0x0, 0x0, 0x0,
    0x9, 0xff, 0xff, 0xf3, 0x0, 0x0, 0x0, 0x0,
    0x4b, 0xef, 0xf3,

    /* U+007C "|" */
    0x38, 0x84, 0x7f, 0xf8, 0x7f, 0xf8, 0x7f, 0xf8,
    0x7f, 0xf8, 0x7f, 0xf8, 0x7f, 0xf8, 0x7f, 0xf8,
    0x7f, 0xf8, 0x7f, 0xf8, 0x7f, 0xf8, 0x7f, 0xf8,
    0x7f, 0xf8, 0x7f, 0xf8, 0x7f, 0xf8, 0x7f, 0xf8,
    0x7f, 0xf8, 0x7f, 0xf8, 0x7f, 0xf8, 0x7f, 0xf8,
    0x7f, 0xf8, 0x7f, 0xf8, 0x7f, 0xf8, 0x7f, 0xf8,
    0x7f, 0xf8, 0x7f, 0xf8, 0x7f, 0xf8, 0x7f, 0xf8,
    0x7f, 0xf8,

    /* U+007D "}" */
    0x2b, 0xa9, 0x61, 0x0, 0x0, 0x0, 0x0, 0x3f,
    0xff, 0xff, 0x50, 0x0, 0x0, 0x0, 0x3f, 0xff,
    0xff, 0xf4, 0x0, 0x0, 0x0, 0x0, 0x3, 0xdf,
    0xfb, 0x0, 0x0, 0x0, 0x0, 0x0, 0x3f, 0xfd,
    0x0, 0x0, 0x0, 0x0, 0x0, 0x1f, 0xfd, 0x0,
    0x0, 0x0, 0x0, 0x0, 0x3f, 0xfb, 0x0, 0x0,
    0x0, 0x0, 0x0, 0x6f, 0xf9, 0x0, 0x0, 0x0,
    0x0, 0x0, 0x8f, 0xf6, 0x0, 0x0, 0x0, 0x0,
    0x0, 0xaf, 0xf4, 0x0, 0x0, 0x0, 0x0, 0x0,
    0xcf, 0xf2, 0x0, 0x0, 0x0, 0x0, 0x0, 0xdf,
    0xf2, 0x0, 0x0, 0x0, 0x0, 0x0, 0x9f, 0xf8,
    0x0, 0x0, 0x0, 0x0, 0x0, 0x1b, 0xff, 0xeb,
    0xbb, 0xb9, 0x0, 0x0, 0x0, 0x7f, 0xff, 0xff,
    0xfd, 0x0, 0x0, 0xa, 0xff, 0xff, 0xff, 0xfd,
    0x0, 0x0, 0x7f, 0xfc, 0x30, 0x0, 0x0, 0x0,
    0x0, 0xcf, 0xf3, 0x0, 0x0, 0x0, 0x0, 0x0,
    0xdf, 0xf2, 0x0, 0x0, 0x0, 0x0, 0x0, 0xbf,
    0xf3, 0x0, 0x0, 0x0, 0x0, 0x0, 0x9f, 0xf6,
    0x0, 0x0, 0x0, 0x0, 0x0, 0x6f, 0xf8, 0x0,
    0x0, 0x0, 0x0, 0x0, 0x4f, 0xfa, 0x0, 0x0,
    0x0, 0x0, 0x0, 0x2f, 0xfd, 0x0, 0x0, 0x0,
    0x0, 0x0, 0x2f, 0xfd, 0x0, 0x0, 0x0, 0x0,
    0x0, 0xaf, 0xfc, 0x0, 0x0, 0x0, 0x2b, 0xbe,
    0xff, 0xf6, 0x0, 0x0, 0x0, 0x3f, 0xff, 0xff,
    0xa0, 0x0, 0x0, 0x0, 0x3f, 0xfe, 0xb5, 0x0,
    0x0, 0x0, 0x0,

    /* U+007E "~" */
    0x0, 0x3, 0x66, 0x20, 0x0, 0x0, 0x12, 0x20,
    0x0, 0xaf, 0xff, 0xf8, 0x0, 0x0, 0xbf, 0xf0,
    0x8, 0xff, 0xff, 0xff, 0x90, 0x0, 0xbf, 0xf0,
    0xe, 0xfe, 0x22, 0xdf, 0xf6, 0x0, 0xcf, 0xf0,
    0xf, 0xfb, 0x0, 0x1e, 0xff, 0x99, 0xff, 0xc0,
    0xf, 0xfb, 0x0, 0x4, 0xff, 0xff, 0xff, 0x40,
    0xb, 0xb7, 0x0, 0x0, 0x2b, 0xff, 0xc3, 0x0,

    /* U+00A0 " " */

    /* U+00A1 "¡" */
    0xa, 0xff, 0xa0, 0x3f, 0xff, 0xf3, 0x2f, 0xff,
    0xf2, 0x6, 0xbb, 0x60, 0x0, 0x0, 0x0, 0x0,
    0x0, 0x0, 0x2, 0x88, 0x20, 0x5, 0xff, 0x50,
    0x5, 0xff, 0x50, 0x6, 0xff, 0x60, 0x6, 0xff,
    0x60, 0x7, 0xff, 0x70, 0x7, 0xff, 0x70, 0x7,
    0xff, 0x70, 0x8, 0xff, 0x80, 0x8, 0xff, 0x80,
    0x9, 0xff, 0x90, 0x9, 0xff, 0x90, 0x9, 0xff,
    0x90, 0xa, 0xff, 0xa0, 0xa, 0xff, 0xa0, 0xb,
    0xff, 0xb0,

    /* U+00A2 "¢" */
    0x0, 0x0, 0x0, 0x23, 0x0, 0x0, 0x0, 0x0,
    0x0, 0x0, 0xdf, 0x0, 0x0, 0x0, 0x0, 0x0,
    0x0, 0xdf, 0x0, 0x0, 0x0, 0x0, 0x0, 0x0,
    0xdf, 0x0, 0x0, 0x0, 0x0, 0x0, 0x1, 0xdf,
    0x20, 0x0, 0x0, 0x0, 0x5, 0xcf, 0xff, 0xfe,
    0x91, 0x0, 0x0, 0x9f, 0xff, 0xff, 0xff, 0xfe,
    0x20, 0x7, 0xff, 0xfc, 0xef, 0x9f, 0xff, 0xd0,
    0xe, 0xff, 0x70, 0xdf, 0x2, 0xef, 0xf6, 0x4f,
    0xfd, 0x0, 0xdf, 0x0, 0x6f, 0xfa, 0x6f, 0xf9,
    0x0, 0xdf, 0x0, 0x19, 0x97, 0x7f, 0xf8, 0x0,
    0xdf, 0x0, 0x0, 0x0, 0x7f, 0xf8, 0x0, 0xdf,
    0x0, 0x0, 0x0, 0x7f, 0xf8, 0x0, 0xdf, 0x0,
    0x0, 0x0, 0x7f, 0xf8, 0x0, 0xdf, 0x0, 0x0,
    0x0, 0x7f, 0xf8, 0x0, 0xdf, 0x0, 0x0, 0x0,
    0x6f, 0xfa, 0x0, 0xdf, 0x0, 0x2c, 0xc9, 0x3f,
    0xfe, 0x0, 0xdf, 0x0, 0x7f, 0xfa, 0xd, 0xff,
    0xa0, 0xdf, 0x4, 0xff, 0xf5, 0x4, 0xff, 0xff,
    0xff, 0xcf, 0xff, 0xc0, 0x0, 0x6f, 0xff, 0xff,
    0xff, 0xfc, 0x10, 0x0, 0x2, 0x9d, 0xff, 0xfb,
    0x60, 0x0, 0x0, 0x0, 0x0, 0xdf, 0x0, 0x0,
    0x0, 0x0, 0x0, 0x0, 0xdf, 0x0, 0x0, 0x0,
    0x0, 0x0, 0x0, 0xdf, 0x0, 0x0, 0x0, 0x0,
    0x0, 0x0, 0xdf, 0x0, 0x0, 0x0,

    /* U+00A3 "£" */
    0x0, 0x4, 0xad, 0xff, 0xda, 0x40, 0x0, 0x0,
    0xa, 0xff, 0xff, 0xff, 0xff, 0xa0, 0x0, 0xa,
    0xff, 0xfe, 0xbb, 0xef, 0xff, 0x90, 0x2, 0xff,
    0xf6, 0x0, 0x0, 0x9f, 0xff, 0x20, 0x7f, 0xfb,
    0x0, 0x0, 0x0, 0xdf, 0xf6, 0x8, 0xff, 0x70,
    0x0, 0x0, 0x6, 0xbb, 0x60, 0x7f, 0xf8, 0x0,
    0x0, 0x0, 0x0, 0x0, 0x3, 0xff, 0xd0, 0x0,
    0x0, 0x0, 0x0, 0x0, 0xb, 0xff, 0x70, 0x0,
    0x0, 0x0, 0x0, 0x0, 0x2f, 0xff, 0x20, 0x0,
    0x0, 0x0, 0x0, 0x79, 0xef, 0xfd, 0x99, 0x99,
    0x90, 0x0, 0xc, 0xff, 0xff, 0xff, 0xff, 0xff,
    0x0, 0x0, 0xcf, 0xff, 0xff, 0xff, 0xff, 0xf0,
    0x0, 0x0, 0x0, 0x8f, 0xf6, 0x0, 0x0, 0x0,
    0x0, 0x0, 0x8, 0xff, 0x60, 0x0, 0x0, 0x0,
    0x0, 0x0, 0xdf, 0xf3, 0x0, 0x0, 0x0, 0x0,
    0x0, 0x8f, 0xfc, 0x0, 0x0, 0x0, 0x0, 0x0,
    0x6f, 0xff, 0x20, 0x0, 0x0, 0x0, 0x0, 0x7f,
    0xfe, 0x30, 0x0, 0x0, 0x0, 0x0, 0xc, 0xff,
    0xcb, 0xbb, 0xbb, 0xbb, 0xbb, 0xb0, 0xcf, 0xff,
    0xff, 0xff, 0xff, 0xff, 0xff, 0xc, 0xff, 0xff,
    0xff, 0xff, 0xff, 0xff, 0xf0,

    /* U+00A4 "¤" */
    0x3, 0x70, 0x0, 0x0, 0x0, 0x0, 0x4, 0x10,
    0x3e, 0xf7, 0x0, 0x0, 0x0, 0x0, 0x4f, 0xd1,
    0x5f, 0xff, 0x77, 0xce, 0xec, 0x75, 0xff, 0xf7,
    0x6, 0xff, 0xff, 0xff, 0xff, 0xff, 0xff, 0x80,
    0x0, 0x7f, 0xff, 0x84, 0x48, 0xff, 0xf9, 0x0,
    0x0, 0x8f, 0xf3, 0x0, 0x0, 0x3f, 0xf8, 0x0,
    0x0, 0xef, 0x80, 0x0, 0x0, 0x8, 0xfe, 0x0,
    0x1, 0xff, 0x30, 0x0, 0x0, 0x4, 0xff, 0x10,
    0x1, 0xff, 0x30, 0x0, 0x0, 0x3, 0xff, 0x20,
    0x0, 0xff, 0x60, 0x0, 0x0, 0x7, 0xff, 0x0,
    0x0, 0x9f, 0xe1, 0x0, 0x0, 0x1e, 0xf9, 0x0,
    0x0, 0x5f, 0xfd, 0x40, 0x4, 0xdf, 0xf6, 0x0,
    0x3, 0xff, 0xff, 0xff, 0xff, 0xff, 0xff, 0x40,
    0x3f, 0xff, 0xaa, 0xff, 0xff, 0xaa, 0xff, 0xf4,
    0x4f, 0xfa, 0x0, 0x2, 0x20, 0x0, 0x9f, 0xf5,
    0x4, 0x90, 0x0, 0x0, 0x0, 0x0, 0x9, 0x50,

    /* U+00A5 "¥" */
    0xc, 0xff, 0x50, 0x0, 0x0, 0x0, 0x3, 0xff,
    0xc0, 0x5, 0xff, 0xc0, 0x0, 0x0, 0x0, 0xb,
    0xff, 0x50, 0x0, 0xdf, 0xf4, 0x0, 0x0, 0x0,
    0x2f, 0xfd, 0x0, 0x0, 0x6f, 0xfb, 0x0, 0x0,
    0x0, 0xaf, 0xf6, 0x0, 0x0, 0xe, 0xff, 0x30,
    0x0, 0x1, 0xff, 0xe0, 0x0, 0x0, 0x7, 0xff,
    0xa0, 0x0, 0x8, 0xff, 0x70, 0x0, 0x0, 0x0,
    0xef, 0xf2, 0x0, 0x1f, 0xfe, 0x0, 0x0, 0x0,
    0x0, 0x8f, 0xf9, 0x0, 0x7f, 0xf8, 0x0, 0x0,
    0x0, 0x0, 0x1f, 0xff, 0x10, 0xef, 0xf1, 0x0,
    0x0, 0x0, 0x0, 0x9, 0xff, 0x75, 0xff, 0x90,
    0x0, 0x0, 0x0, 0x0, 0x1, 0xff, 0xdc, 0xff,
    0x10, 0x0, 0x0, 0x1, 0x66, 0x66, 0xdf, 0xff,
    0xfd, 0x66, 0x66, 0x10, 0x3, 0xff, 0xff, 0xff,
    0xff, 0xff, 0xff, 0xff, 0x30, 0x3, 0xff, 0xff,
    0xff, 0xff, 0xff, 0xff, 0xff, 0x30, 0x0, 0x0,
    0x0, 0x7, 0xff, 0x80, 0x0, 0x0, 0x0, 0x0,
    0x0, 0x0, 0x7, 0xff, 0x80, 0x0, 0x0, 0x0,
    0x3, 0xff, 0xff, 0xff, 0xff, 0xff, 0xff, 0xff,
    0x30, 0x3, 0xff, 0xff, 0xff, 0xff, 0xff, 0xff,
    0xff, 0x30, 0x1, 0x77, 0x77, 0x7b, 0xff, 0xb7,
    0x77, 0x77, 0x10, 0x0, 0x0, 0x0, 0x7, 0xff,
    0x80, 0x0, 0x0, 0x0, 0x0, 0x0, 0x0, 0x7,
    0xff, 0x80, 0x0, 0x0, 0x0, 0x0, 0x0, 0x0,
    0x7, 0xff, 0x80, 0x0, 0x0, 0x0,

    /* U+00A6 "¦" */
    0x48, 0x84, 0x7f, 0xf8, 0x7f, 0xf8, 0x7f, 0xf8,
    0x7f, 0xf8, 0x7f, 0xf8, 0x7f, 0xf8, 0x7f, 0xf8,
    0x7f, 0xf8, 0x7f, 0xf8, 0x7f, 0xf8, 0x7f, 0xf8,
    0x0, 0x0, 0x0, 0x0, 0x0, 0x0, 0x0, 0x0,
    0x0, 0x0, 0x48, 0x84, 0x7f, 0xf8, 0x7f, 0xf8,
    0x7f, 0xf8, 0x7f, 0xf8, 0x7f, 0xf8, 0x7f, 0xf8,
    0x7f, 0xf8, 0x7f, 0xf8, 0x7f, 0xf8, 0x7f, 0xf8,
    0x7f, 0xf8,

    /* U+00A7 "§" */
    0x0, 0x7, 0xcf, 0xff, 0xfd, 0x81, 0x0, 0x2,
    0xdf, 0xff, 0xff, 0xff, 0xfe, 0x30, 0xd, 0xff,
    0xfb, 0x99, 0xaf, 0xff, 0xe1, 0x3f, 0xfe, 0x20,
    0x0, 0x1, 0xdf, 0xf6, 0x6f, 0xf9, 0x0, 0x0,
    0x0, 0x36, 0x63, 0x6f, 0xf9, 0x0, 0x0, 0x0,
    0x0, 0x0, 0x3f, 0xfe, 0x10, 0x0, 0x0, 0x0,
    0x0, 0xb, 0xff, 0xe9, 0x62, 0x0, 0x0, 0x0,
    0x0, 0xbf, 0xff, 0xff, 0xfc, 0x60, 0x0, 0x0,
    0x2a, 0xfb, 0xcf, 0xff, 0xfd, 0x10, 0x5, 0xff,
    0x30, 0x0, 0x29, 0xff, 0xd0, 0x1f, 0xfa, 0x0,
    0x0, 0x0, 0xaf, 0xf6, 0x6f, 0xf7, 0x0, 0x0,
    0x0, 0x4f, 0xfa, 0x8f, 0xf7, 0x0, 0x0, 0x0,
    0x4f, 0xfb, 0x6f, 0xfd, 0x0, 0x0, 0x0, 0x7f,
    0xf9, 0x1f, 0xff, 0xb3, 0x0, 0x2, 0xef, 0xf2,
    0x8, 0xff, 0xff, 0xfd, 0xcf, 0xfe, 0x50, 0x0,
    0x8f, 0xff, 0xff, 0xff, 0xd4, 0x0, 0x0, 0x2,
    0x8c, 0xff, 0xff, 0xff, 0x70, 0x0, 0x0, 0x0,
    0x2, 0x5c, 0xff, 0xf3, 0x0, 0x0, 0x0, 0x0,
    0x0, 0xaf, 0xfa, 0x0, 0x0, 0x0, 0x0, 0x0,
    0x3f, 0xfc, 0x8a, 0xa3, 0x0, 0x0, 0x0, 0x3f,
    0xfc, 0xaf, 0xfc, 0x0, 0x0, 0x0, 0xbf, 0xf9,
    0x3f, 0xff, 0xea, 0x99, 0xae, 0xff, 0xf2, 0x6,
    0xff, 0xff, 0xff, 0xff, 0xff, 0x50, 0x0, 0x29,
    0xdf, 0xff, 0xfd, 0x81, 0x0,

    /* U+00A8 "¨" */
    0x0, 0x0, 0x0, 0x0, 0x0, 0x0, 0xa, 0xfc,
    0x10, 0x1, 0xcf, 0xa0, 0x4f, 0xff, 0x80, 0x8,
    0xff, 0xf4, 0x4f, 0xff, 0x80, 0x8, 0xff, 0xf4,
    0xa, 0xfc, 0x10, 0x1, 0xcf, 0xa0,

    /* U+00A9 "©" */
    0x0, 0x0, 0x4a, 0xdf, 0xfd, 0xa4, 0x0, 0x0,
    0x0, 0x1b, 0xff, 0xb9, 0x9b, 0xff, 0xb1, 0x0,
    0x1, 0xdf, 0x70, 0x0, 0x0, 0x7, 0xfd, 0x10,
    0xb, 0xf5, 0x0, 0x0, 0x0, 0x0, 0x5f, 0xa0,
    0x2f, 0xa0, 0x1, 0xae, 0xfc, 0x30, 0xa, 0xf2,
    0x7f, 0x40, 0x1e, 0xfe, 0xdf, 0xf4, 0x4, 0xf7,
    0x9f, 0x10, 0x7f, 0xb0, 0x7, 0xfc, 0x1, 0xf9,
    0xaf, 0x0, 0x9f, 0x60, 0x1, 0x87, 0x0, 0xfa,
    0xaf, 0x0, 0xaf, 0x60, 0x0, 0x0, 0x0, 0xfa,
    0xaf, 0x0, 0xaf, 0x60, 0x0, 0x0, 0x0, 0xfa,
    0xaf, 0x0, 0xaf, 0x60, 0x0, 0x0, 0x0, 0xfa,
    0xaf, 0x0, 0x9f, 0x60, 0x1, 0x98, 0x0, 0xfa,
    0x9f, 0x10, 0x7f, 0xb0, 0x7, 0xfc, 0x1, 0xf9,
    0x7f, 0x40, 0x1e, 0xfe, 0xdf, 0xf4, 0x4, 0xf7,
    0x2f, 0xa0, 0x2, 0xae, 0xfc, 0x40, 0xa, 0xf2,
    0xb, 0xf5, 0x0, 0x0, 0x0, 0x0, 0x5f, 0xa0,
    0x1, 0xef, 0x70, 0x0, 0x0, 0x7, 0xfe, 0x10,
    0x0, 0x1c, 0xff, 0xa9, 0x9a, 0xff, 0xc1, 0x0,
    0x0, 0x0, 0x4a, 0xdf, 0xfd, 0xa4, 0x0, 0x0,

    /* U+00AA "ª" */
    0x0, 0x0, 0x0, 0x0, 0x4, 0xcf, 0xfd, 0x60,
    0x1f, 0xc5, 0x49, 0xf5, 0x1, 0x0, 0x0, 0xf9,
    0x8, 0xef, 0xff, 0xfa, 0x7f, 0x73, 0x33, 0xfa,
    0xbe, 0x0, 0x1, 0xfa, 0x9f, 0x51, 0x29, 0xfa,
    0x1c, 0xff, 0xe3, 0xea, 0x0, 0x12, 0x0, 0x22,

    /* U+00AB "«" */
    0x0, 0x0, 0x0, 0x69, 0x95, 0x0, 0x5, 0x99,
    0x60, 0x0, 0x0, 0x5f, 0xfe, 0x10, 0x3, 0xff,
    0xf2, 0x0, 0x0, 0x2f, 0xff, 0x30, 0x1, 0xdf,
    0xf5, 0x0, 0x0, 0xd, 0xff, 0x60, 0x0, 0xbf,
    0xf8, 0x0, 0x0, 0xa, 0xff, 0x90, 0x0, 0x7f,
    0xfb, 0x0, 0x0, 0x7, 0xff, 0xc0, 0x0, 0x4f,
    0xfe, 0x10, 0x0, 0x3, 0xff, 0xe1, 0x0, 0x1e,
    0xff, 0x30, 0x0, 0x0, 0xef, 0xf4, 0x0, 0xb,
    0xff, 0x70, 0x0, 0x0, 0x8, 0xff, 0xb0, 0x0,
    0x5f, 0xfd, 0x0, 0x0, 0x0, 0xc, 0xff, 0x80,
    0x0, 0x9f, 0xfa, 0x0, 0x0, 0x0, 0x1e, 0xff,
    0x50, 0x0, 0xcf, 0xf7, 0x0, 0x0, 0x0, 0x4f,
    0xff, 0x20, 0x1, 0xef, 0xf4, 0x0, 0x0, 0x0,
    0x7f, 0xfd, 0x0, 0x4, 0xff, 0xe1, 0x0, 0x0,
    0x0, 0xbf, 0xfa, 0x0, 0x8, 0xff, 0xc0, 0x0,
    0x0, 0x1, 0xdf, 0xf7, 0x0, 0xb, 0xff, 0x90,

    /* U+00AC "¬" */
    0xbb, 0xbb, 0xbb, 0xbb, 0xbb, 0xbb, 0xff, 0xff,
    0xff, 0xff, 0xff, 0xff, 0xff, 0xff, 0xff, 0xff,
    0xff, 0xff, 0x0, 0x0, 0x0, 0x0, 0xd, 0xff,
    0x0, 0x0, 0x0, 0x0, 0xd, 0xff, 0x0, 0x0,
    0x0, 0x0, 0xd, 0xff, 0x0, 0x0, 0x0, 0x0,
    0xd, 0xff,

    /* U+00AD "­" */
    0x8b, 0xbb, 0xbb, 0xbb, 0xb8, 0xcf, 0xff, 0xff,
    0xff, 0xfc, 0xcf, 0xff, 0xff, 0xff, 0xfc,

    /* U+00AE "®" */
    0x0, 0x0, 0x4a, 0xdf, 0xfd, 0xa4, 0x0, 0x0,
    0x0, 0x1b, 0xff, 0xb9, 0x9b, 0xff, 0xb1, 0x0,
    0x1, 0xdf, 0x70, 0x0, 0x0, 0x7, 0xfd, 0x10,
    0xb, 0xf5, 0x0, 0x0, 0x0, 0x0, 0x5f, 0xa0,
    0x2f, 0xa0, 0x5f, 0xff, 0xfb, 0x30, 0xa, 0xf2,
    0x7f, 0x40, 0x5f, 0xc8, 0xaf, 0xf2, 0x4, 0xf7,
    0x9f, 0x10, 0x5f, 0x90, 0x7, 0xf8, 0x1, 0xf9,
    0xaf, 0x0, 0x5f, 0x90, 0x4, 0xfa, 0x0, 0xfa,
    0xaf, 0x0, 0x5f, 0x90, 0x1b, 0xf7, 0x0, 0xfa,
    0xaf, 0x0, 0x5f, 0xff, 0xff, 0xd1, 0x0, 0xfa,
    0xaf, 0x0, 0x5f, 0xd9, 0xef, 0x10, 0x0, 0xfa,
    0xaf, 0x0, 0x5f, 0x90, 0x8f, 0x60, 0x0, 0xfa,
    0x9f, 0x10, 0x5f, 0x90, 0x1f, 0xd0, 0x1, 0xf9,
    0x7f, 0x40, 0x5f, 0x90, 0xa, 0xf4, 0x4, 0xf7,
    0x2f, 0xa0, 0x4c, 0x70, 0x3, 0xc8, 0xa, 0xf2,
    0xb, 0xf5, 0x0, 0x0, 0x0, 0x0, 0x5f, 0xa0,
    0x1, 0xef, 0x70, 0x0, 0x0, 0x7, 0xfe, 0x10,
    0x0, 0x1c, 0xff, 0xa9, 0x9a, 0xff, 0xc1, 0x0,
    0x0, 0x0, 0x4a, 0xdf, 0xfd, 0xa4, 0x0, 0x0,

    /* U+00AF "¯" */
    0x67, 0x77, 0x77, 0x77, 0x76, 0xef, 0xff, 0xff,
    0xff, 0xfe, 0xef, 0xff, 0xff, 0xff, 0xfe,

    /* U+00B0 "°" */
    0x0, 0x5c, 0xff, 0xc5, 0x0, 0x8, 0xff, 0xee,
    0xff, 0x80, 0x2f, 0xf6, 0x0, 0x6f, 0xf2, 0x7f,
    0xb0, 0x0, 0xb, 0xf7, 0x9f, 0x80, 0x0, 0x8,
    0xf9, 0x7f, 0xb0, 0x0, 0xb, 0xf7, 0x2f, 0xf6,
    0x0, 0x6f, 0xf2, 0x8, 0xff, 0xee, 0xff, 0x80,
    0x0, 0x5c, 0xff, 0xc5, 0x0,

    /* U+00B1 "±" */
    0x0, 0x0, 0x0, 0x38, 0x83, 0x0, 0x0, 0x0,
    0x0, 0x0, 0x0, 0x7f, 0xf7, 0x0, 0x0, 0x0,
    0x0, 0x0, 0x0, 0x7f, 0xf7, 0x0, 0x0, 0x0,
    0x0, 0x0, 0x0, 0x7f, 0xf7, 0x0, 0x0, 0x0,
    0x0, 0x0, 0x0, 0x7f, 0xf7, 0x0, 0x0, 0x0,
    0x0, 0x0, 0x0, 0x7f, 0xf7, 0x0, 0x0, 0x0,
    0xb, 0xbb, 0xbb, 0xdf, 0xfd, 0xbb, 0xbb, 0xb1,
    0x1f, 0xff, 0xff, 0xff, 0xff, 0xff, 0xff, 0xf1,
    0x1f, 0xff, 0xff, 0xff, 0xff, 0xff, 0xff, 0xf1,
    0x0, 0x0, 0x0, 0x7f, 0xf7, 0x0, 0x0, 0x0,
    0x0, 0x0, 0x0, 0x7f, 0xf7, 0x0, 0x0, 0x0,
    0x0, 0x0, 0x0, 0x7f, 0xf7, 0x0, 0x0, 0x0,
    0x0, 0x0, 0x0, 0x7f, 0xf7, 0x0, 0x0, 0x0,
    0x0, 0x0, 0x0, 0x7f, 0xf7, 0x0, 0x0, 0x0,
    0x0, 0x0, 0x0, 0x7f, 0xf7, 0x0, 0x0, 0x0,
    0x4, 0x55, 0x55, 0x9f, 0xfa, 0x55, 0x55, 0x40,
    0xf, 0xff, 0xff, 0xff, 0xff, 0xff, 0xff, 0xf0,
    0xf, 0xff, 0xff, 0xff, 0xff, 0xff, 0xff, 0xf0,

    /* U+00B2 "²" */
    0x0, 0x4b, 0xef, 0xc5, 0x0, 0x6, 0xff, 0xff,
    0xff, 0x90, 0x1f, 0xf9, 0x11, 0x8f, 0xf4, 0x7f,
    0xd0, 0x0, 0xc, 0xf9, 0x47, 0x40, 0x0, 0x9,
    0xfa, 0x0, 0x0, 0x0, 0xd, 0xf7, 0x0, 0x0,
    0x0, 0xaf, 0xe1, 0x0, 0x0, 0xb, 0xff, 0x40,
    0x0, 0x1, 0xcf, 0xf4, 0x0, 0x0, 0x2d, 0xfe,
    0x20, 0x0, 0x3, 0xef, 0xc1, 0x0, 0x0, 0x3f,
    0xfb, 0x10, 0x0, 0x0, 0x5f, 0xff, 0xff, 0xff,
    0xfb, 0x5f, 0xff, 0xff, 0xff, 0xfb,

    /* U+00B3 "³" */
    0x3f, 0xff, 0xff, 0xff, 0xf7, 0x3f, 0xff, 0xff,
    0xff, 0xf7, 0x0, 0x0, 0x0, 0x7f, 0xe2, 0x0,
    0x0, 0xa, 0xfc, 0x10, 0x0, 0x1, 0xcf, 0x90,
    0x0, 0x0, 0x3, 0xff, 0xd7, 0x0, 0x0, 0x2,
    0xdf, 0xff, 0xc0, 0x0, 0x0, 0x0, 0x5f, 0xf8,
    0x0, 0x0, 0x0, 0x8, 0xfd, 0x78, 0x30, 0x0,
    0x6, 0xfe, 0xcf, 0x90, 0x0, 0xa, 0xfc, 0x6f,
    0xf7, 0x11, 0x7f, 0xf6, 0xb, 0xff, 0xff, 0xff,
    0xb0, 0x0, 0x6c, 0xff, 0xc6, 0x0,

    /* U+00B4 "´" */
    0x0, 0x1, 0x88, 0x70, 0x0, 0xb, 0xff, 0x70,
    0x0, 0x6f, 0xfb, 0x0, 0x2, 0xff, 0xe1, 0x0,
    0xc, 0xff, 0x30, 0x0,

    /* U+00B5 "µ" */
    0x5f, 0xfa, 0x0, 0x0, 0x0, 0x9f, 0xf5, 0x5f,
    0xfa, 0x0, 0x0, 0x0, 0x9f, 0xf5, 0x5f, 0xfa,
    0x0, 0x0, 0x0, 0x9f, 0xf5, 0x5f, 0xfa, 0x0,
    0x0, 0x0, 0x9f, 0xf5, 0x5f, 0xfa, 0x0, 0x0,
    0x0, 0x9f, 0xf5, 0x5f, 0xfa, 0x0, 0x0, 0x0,
    0x9f, 0xf5, 0x5f, 0xfa, 0x0, 0x0, 0x0, 0x9f,
    0xf5, 0x5f, 0xfa, 0x0, 0x0, 0x0, 0x9f, 0xf5,
    0x5f, 0xfa, 0x0, 0x0, 0x0, 0x9f, 0xf5, 0x5f,
    0xfa, 0x0, 0x0, 0x0, 0x9f, 0xf5, 0x5f, 0xfa,
    0x0, 0x0, 0x0, 0x9f, 0xf5, 0x5f, 0xfc, 0x0,
    0x0, 0x0, 0xbf, 0xf5, 0x5f, 0xff, 0x10, 0x0,
    0x1, 0xff, 0xf5, 0x5f, 0xff, 0xa0, 0x0, 0xb,
    0xff, 0xf5, 0x5f, 0xfc, 0xfe, 0xbb, 0xef, 0xbf,
    0xf5, 0x5f, 0xf9, 0xdf, 0xff, 0xfc, 0x8f, 0xf5,
    0x5f, 0xfa, 0x2b, 0xee, 0xa1, 0x8f, 0xf5, 0x5f,
    0xfa, 0x0, 0x0, 0x0, 0x0, 0x0, 0x5f, 0xfa,
    0x0, 0x0, 0x0, 0x0, 0x0, 0x5f, 0xfa, 0x0,
    0x0, 0x0, 0x0, 0x0, 0x5f, 0xfa, 0x0, 0x0,
    0x0, 0x0, 0x0, 0x5f, 0xfa, 0x0, 0x0, 0x0,
    0x0, 0x0,

    /* U+00B6 "¶" */
    0x0, 0x4, 0xbe, 0xff, 0xf1, 0x4, 0xff, 0x40,
    0x9, 0xff, 0xff, 0xff, 0x10, 0x4f, 0xf4, 0x6,
    0xff, 0xff, 0xff, 0xf1, 0x4, 0xff, 0x40, 0xdf,
    0xff, 0xff, 0xff, 0x10, 0x4f, 0xf4, 0xf, 0xff,
    0xff, 0xff, 0xf1, 0x4, 0xff, 0x41, 0xff, 0xff,
    0xff, 0xff, 0x10, 0x4f, 0xf4, 0x1f, 0xff, 0xff,
    0xff, 0xf1, 0x4, 0xff, 0x41, 0xff, 0xff, 0xff,
    0xff, 0x10, 0x4f, 0xf4, 0xf, 0xff, 0xff, 0xff,
    0xf1, 0x4, 0xff, 0x40, 0xcf, 0xff, 0xff, 0xff,
    0x10, 0x4f, 0xf4, 0x4, 0xff, 0xff, 0xff, 0xf1,
    0x4, 0xff, 0x40, 0x5, 0xff, 0xff, 0xff, 0x10,
    0x4f, 0xf4, 0x0, 0x1, 0x7a, 0xdf, 0xf1, 0x4,
    0xff, 0x40, 0x0, 0x0, 0x6, 0xff, 0x10, 0x4f,
    0xf4, 0x0, 0x0, 0x0, 0x6f, 0xf1, 0x4, 0xff,
    0x40, 0x0, 0x0, 0x6, 0xff, 0x10, 0x4f, 0xf4,
    0x0, 0x0, 0x0, 0x6f, 0xf1, 0x4, 0xff, 0x40,
    0x0, 0x0, 0x6, 0xff, 0x10, 0x4f, 0xf4, 0x0,
    0x0, 0x0, 0x6f, 0xf1, 0x4, 0xff, 0x40, 0x0,
    0x0, 0x6, 0xff, 0x10, 0x4f, 0xf4, 0x0, 0x0,
    0x0, 0x6f, 0xf1, 0x4, 0xff, 0x40, 0x0, 0x0,
    0x6, 0xff, 0x10, 0x4f, 0xf4, 0x0, 0x0, 0x0,
    0x6f, 0xf1, 0x4, 0xff, 0x40, 0x0, 0x0, 0x6,
    0xff, 0x10, 0x4f, 0xf4, 0x0, 0x0, 0x0, 0x6f,
    0xf1, 0x4, 0xff, 0x40, 0x0, 0x0, 0x6, 0xff,
    0x10, 0x4f, 0xf4, 0x0, 0x0, 0x0, 0x6f, 0xf1,
    0x4, 0xff, 0x40,

    /* U+00B7 "·" */
    0x0, 0x0, 0x0, 0x9, 0xff, 0x90, 0x5f, 0xff,
    0xf5, 0x8f, 0xff, 0xf8, 0x4f, 0xff, 0xf4, 0x8,
    0xee, 0x80,

    /* U+00B8 "¸" */
    0x9, 0xf3, 0x0, 0x0, 0xee, 0x0, 0x0, 0x4e,
    0xff, 0xa2, 0x0, 0x2, 0xbf, 0xf2, 0x0, 0x6,
    0xff, 0x6a, 0xbc, 0xff, 0xf2, 0xef, 0xfe, 0xb3,
    0x0,

    /* U+00B9 "¹" */
    0x0, 0x1a, 0xff, 0xf0, 0x0, 0x0, 0x5e, 0xff,
    0xff, 0x0, 0x0, 0x6f, 0xfc, 0x6f, 0xf0, 0x0,
    0x7, 0xf7, 0x3, 0xff, 0x0, 0x0, 0x32, 0x0,
    0x3f, 0xf0, 0x0, 0x0, 0x0, 0x3, 0xff, 0x0,
    0x0, 0x0, 0x0, 0x3f, 0xf0, 0x0, 0x0, 0x0,
    0x3, 0xff, 0x0, 0x0, 0x0, 0x0, 0x3f, 0xf0,
    0x0, 0x0, 0x0, 0x3, 0xff, 0x0, 0x0, 0x0,
    0x0, 0x3f, 0xf0, 0x0, 0x0, 0x0, 0x4, 0xff,
    0x0, 0x0, 0x8f, 0xff, 0xff, 0xff, 0xff, 0x78,
    0xff, 0xff, 0xff, 0xff, 0xf7,

    /* U+00BA "º" */
    0x0, 0x0, 0x0, 0x0, 0x3, 0xcf, 0xfc, 0x30,
    0x2f, 0xd5, 0x5d, 0xf2, 0x7f, 0x30, 0x3, 0xf7,
    0x8f, 0x10, 0x1, 0xf8, 0x8f, 0x10, 0x1, 0xf8,
    0x7f, 0x20, 0x2, 0xf7, 0x3f, 0xb2, 0x2b, 0xf3,
    0x6, 0xef, 0xfe, 0x60, 0x0, 0x2, 0x20, 0x0,

    /* U+00BB "»" */
    0x69, 0x95, 0x0, 0x5, 0x99, 0x60, 0x0, 0x0,
    0x3, 0xff, 0xf3, 0x0, 0x1e, 0xff, 0x50, 0x0,
    0x0, 0x5, 0xff, 0xd1, 0x0, 0x3f, 0xff, 0x20,
    0x0, 0x0, 0x9, 0xff, 0xb0, 0x0, 0x7f, 0xfd,
    0x0, 0x0, 0x0, 0xc, 0xff, 0x70, 0x0, 0xaf,
    0xfa, 0x0, 0x0, 0x0, 0x1e, 0xff, 0x40, 0x0,
    0xdf, 0xf7, 0x0, 0x0, 0x0, 0x4f, 0xfe, 0x10,
    0x2, 0xff, 0xf3, 0x0, 0x0, 0x0, 0x8f, 0xfb,
    0x0, 0x6, 0xff, 0xe0, 0x0, 0x0, 0x1d, 0xff,
    0x50, 0x0, 0xcf, 0xf8, 0x0, 0x0, 0xb, 0xff,
    0x90, 0x0, 0x9f, 0xfc, 0x0, 0x0, 0x7, 0xff,
    0xc0, 0x0, 0x5f, 0xfe, 0x10, 0x0, 0x4, 0xff,
    0xe1, 0x0, 0x2f, 0xff, 0x40, 0x0, 0x1, 0xef,
    0xf4, 0x0, 0xd, 0xff, 0x70, 0x0, 0x0, 0xcf,
    0xf7, 0x0, 0xa, 0xff, 0xb0, 0x0, 0x0, 0x9f,
    0xfb, 0x0, 0x6, 0xff, 0xd1, 0x0, 0x0, 0x0,

    /* U+00BC "¼" */
    0x0, 0x1c, 0xff, 0x60, 0x0, 0x0, 0x0, 0x2f,
    0xf8, 0x2, 0xef, 0xcf, 0x60, 0x0, 0x0, 0x0,
    0xdf, 0xd0, 0x6, 0xf5, 0x9f, 0x60, 0x0, 0x0,
    0x8, 0xff, 0x30, 0x5, 0x30, 0x9f, 0x60, 0x0,
    0x0, 0x4f, 0xf8, 0x0, 0x0, 0x0, 0x9f, 0x60,
    0x0, 0x1, 0xef, 0xc0, 0x0, 0x0, 0x0, 0x9f,
    0x60, 0x0, 0xa, 0xff, 0x20, 0x0, 0x0, 0x0,
    0x9f, 0x60, 0x0, 0x5f, 0xf7, 0x0, 0x0, 0x0,
    0x0, 0x9f, 0x60, 0x1, 0xef, 0xb0, 0x0, 0x0,
    0x1f, 0xff, 0xff, 0xff, 0xfe, 0xff, 0x10, 0x0,
    0x0, 0xa, 0xaa, 0xaa, 0xaa, 0xef, 0xf6, 0x0,
    0x0, 0x0, 0x0, 0x0, 0x0, 0x2, 0xff, 0xb0,
    0x0, 0x0, 0x0, 0x0, 0x0, 0x0, 0xc, 0xfe,
    0x10, 0x0, 0x0, 0x0, 0x0, 0x0, 0x0, 0x7f,
    0xf5, 0x0, 0x6e, 0xb0, 0x0, 0x0, 0x0, 0x2,
    0xff, 0xa0, 0x2, 0xff, 0x20, 0x0, 0x0, 0x0,
    0xc, 0xfe, 0x0, 0xc, 0xf6, 0x0, 0x0, 0x0,
    0x0, 0x8f, 0xf4, 0x0, 0x8f, 0xb0, 0x35, 0x10,
    0x0, 0x3, 0xff, 0x90, 0x3, 0xfe, 0x10, 0xbf,
    0x30, 0x0, 0xd, 0xfd, 0x0, 0xd, 0xf5, 0x0,
    0xbf, 0x30, 0x0, 0x8f, 0xf3, 0x0, 0xe, 0xfa,
    0x99, 0xef, 0x30, 0x3, 0xff, 0x80, 0x0, 0xe,
    0xff, 0xff, 0xff, 0x30, 0xd, 0xfc, 0x0, 0x0,
    0x0, 0x0, 0x0, 0xbf, 0x30, 0x9f, 0xf2, 0x0,
    0x0, 0x0, 0x0, 0x0, 0xbf, 0x30,

    /* U+00BD "½" */
    0x0, 0x1c, 0xff, 0x60, 0x0, 0x0, 0x0, 0x2f,
    0xf8, 0x2, 0xef, 0xcf, 0x60, 0x0, 0x0, 0x0,
    0xdf, 0xd0, 0x6, 0xf5, 0x9f, 0x60, 0x0, 0x0,
    0x8, 0xff, 0x30, 0x5, 0x30, 0x9f, 0x60, 0x0,
    0x0, 0x4f, 0xf8, 0x0, 0x0, 0x0, 0x9f, 0x60,
    0x0, 0x1, 0xef, 0xc0, 0x0, 0x0, 0x0, 0x9f,
    0x60, 0x0, 0xa, 0xff, 0x20, 0x0, 0x0, 0x0,
    0x9f, 0x60, 0x0, 0x5f, 0xf7, 0x0, 0x0, 0x0,
    0x0, 0x9f, 0x60, 0x2, 0xff, 0xb0, 0x0, 0x0,
    0x1f, 0xff, 0xff, 0xff, 0xff, 0xff, 0x10, 0x0,
    0x0, 0xa, 0xaa, 0xaa, 0xaa, 0xef, 0xf6, 0x0,
    0x0, 0x0, 0x0, 0x0, 0x0, 0x2, 0xff, 0xb0,
    0x0, 0x0, 0x0, 0x0, 0x0, 0x0, 0xc, 0xfe,
    0x10, 0x0, 0x0, 0x0, 0x0, 0x0, 0x0, 0x7f,
    0xf5, 0x19, 0xef, 0xc5, 0x0, 0x0, 0x0, 0x2,
    0xff, 0xa0, 0xdf, 0xca, 0xff, 0x70, 0x0, 0x0,
    0xc, 0xfe, 0x5, 0xfa, 0x0, 0x3f, 0xe0, 0x0,
    0x0, 0x8f, 0xf4, 0x3, 0x72, 0x0, 0xf, 0xf0,
    0x0, 0x3, 0xff, 0x90, 0x0, 0x0, 0x0, 0x5f,
    0xb0, 0x0, 0xd, 0xfd, 0x0, 0x0, 0x0, 0x6,
    0xfe, 0x20, 0x0, 0x8f, 0xf3, 0x0, 0x0, 0x4,
    0xcf, 0xb2, 0x0, 0x3, 0xff, 0x80, 0x0, 0x2,
    0xaf, 0xd5, 0x0, 0x0, 0xd, 0xfc, 0x0, 0x0,
    0x9, 0xfe, 0x89, 0xaa, 0xa1, 0x9f, 0xf2, 0x0,
    0x0, 0x9, 0xff, 0xff, 0xff, 0xf2,

    /* U+00BE "¾" */
    0x8, 0xff, 0xff, 0xff, 0x0, 0x0, 0x0, 0x2f,
    0xf8, 0x4, 0x99, 0x9a, 0xff, 0x0, 0x0, 0x0,
    0xcf, 0xd0, 0x0, 0x0, 0x3e, 0xc2, 0x0, 0x0,
    0x8, 0xff, 0x30, 0x0, 0x2, 0xfd, 0x20, 0x0,
    0x0, 0x3f, 0xf8, 0x0, 0x0, 0x4, 0xff, 0xf7,
    0x0, 0x0, 0xdf, 0xc0, 0x0, 0x0, 0x0, 0x14,
    0xef, 0x30, 0x9, 0xff, 0x20, 0x0, 0x15, 0x30,
    0x0, 0x8f, 0x60, 0x4f, 0xf7, 0x0, 0x0, 0x2f,
    0xe0, 0x0, 0xbf, 0x60, 0xef, 0xb0, 0x0, 0x0,
    0xa, 0xfe, 0xac, 0xfe, 0xa, 0xff, 0x10, 0x0,
    0x0, 0x0, 0x7d, 0xfe, 0x91, 0x5f, 0xf6, 0x0,
    0x0, 0x0, 0x0, 0x0, 0x0, 0x1, 0xef, 0xb0,
    0x0, 0x0, 0x0, 0x0, 0x0, 0x0, 0xb, 0xfe,
    0x10, 0x0, 0x0, 0x0, 0x0, 0x0, 0x0, 0x6f,
    0xf5, 0x0, 0x5c, 0xa0, 0x0, 0x0, 0x0, 0x1,
    0xff, 0xa0, 0x1, 0xef, 0x30, 0x0, 0x0, 0x0,
    0xb, 0xfe, 0x0, 0xc, 0xf7, 0x0, 0x0, 0x0,
    0x0, 0x7f, 0xf4, 0x0, 0x7f, 0xb0, 0x35, 0x10,
    0x0, 0x2, 0xff, 0x90, 0x3, 0xfe, 0x10, 0xbf,
    0x30, 0x0, 0xc, 0xfd, 0x0, 0xd, 0xf5, 0x0,
    0xbf, 0x30, 0x0, 0x8f, 0xf3, 0x0, 0xe, 0xfa,
    0x99, 0xef, 0x30, 0x3, 0xff, 0x80, 0x0, 0xe,
    0xff, 0xff, 0xff, 0x30, 0xd, 0xfc, 0x0, 0x0,
    0x0, 0x0, 0x0, 0xbf, 0x30, 0x9f, 0xf2, 0x0,
    0x0, 0x0, 0x0, 0x0, 0xbf, 0x30,

    /* U+00BF "¿" */
    0x0, 0x0, 0x3, 0xdf, 0xe4, 0x0, 0x0, 0x0,
    0xb, 0xff, 0xfc, 0x0, 0x0, 0x0, 0xa, 0xff,
    0xfb, 0x0, 0x0, 0x0, 0x1, 0x9b, 0xa2, 0x0,
    0x0, 0x0, 0x0, 0x0, 0x0, 0x0, 0x0, 0x0,
    0x0, 0x0, 0x0, 0x0, 0x0, 0x0, 0x0, 0x44,
    0x40, 0x0, 0x0, 0x0, 0x0, 0xef, 0xf0, 0x0,
    0x0, 0x0, 0x0, 0xef, 0xf0, 0x0, 0x0, 0x0,
    0x46, 0xff, 0xf0, 0x0, 0x0, 0x3d, 0xff, 0xff,
    0xf0, 0x0, 0x4, 0xff, 0xff, 0xff, 0xf0, 0x0,
    0xe, 0xff, 0xd5, 0x10, 0x0, 0x0, 0x5f, 0xfe,
    0x10, 0x0, 0x0, 0x0, 0x8f, 0xf7, 0x0, 0x0,
    0x0, 0x0, 0xaf, 0xf5, 0x0, 0x0, 0x0, 0x0,
    0x9f, 0xf6, 0x0, 0x0, 0x0, 0x0, 0x6f, 0xfc,
    0x0, 0x0, 0x0, 0x0, 0xf, 0xff, 0xb2, 0x0,
    0x0, 0x0, 0x6, 0xff, 0xff, 0xfd, 0xdd, 0xd2,
    0x0, 0x6f, 0xff, 0xff, 0xff, 0xf3, 0x0, 0x2,
    0x8c, 0xef, 0xff, 0xf3,

    /* U+00C0 "À" */
    0x0, 0x3, 0xff, 0xf2, 0x0, 0x0, 0x0, 0x0,
    0x0, 0x0, 0x6f, 0xfc, 0x0, 0x0, 0x0, 0x0,
    0x0, 0x0, 0xa, 0xff, 0x80, 0x0, 0x0, 0x0,
    0x0, 0x0, 0x0, 0xdf, 0xf4, 0x0, 0x0, 0x0,
    0x0, 0x0, 0x0, 0x28, 0x86, 0x0, 0x0, 0x0,
    0x0, 0x0, 0x0, 0x0, 0x0, 0x0, 0x0, 0x0,
    0x0, 0x0, 0x0, 0x0, 0x0, 0x0, 0x0, 0x0,
    0x0, 0x0, 0x1, 0xff, 0xff, 0x10, 0x0, 0x0,
    0x0, 0x0, 0x5, 0xff, 0xff, 0x50, 0x0, 0x0,
    0x0, 0x0, 0x9, 0xff, 0xff, 0x90, 0x0, 0x0,
    0x0, 0x0, 0xd, 0xfc, 0xcf, 0xe0, 0x0, 0x0,
    0x0, 0x0, 0x1f, 0xf9, 0x9f, 0xf2, 0x0, 0x0,
    0x0, 0x0, 0x6f, 0xf5, 0x5f, 0xf6, 0x0, 0x0,
    0x0, 0x0, 0xaf, 0xf1, 0x1f, 0xfa, 0x0, 0x0,
    0x0, 0x0, 0xef, 0xd0, 0xd, 0xfe, 0x0, 0x0,
    0x0, 0x2, 0xff, 0x90, 0x9, 0xff, 0x20, 0x0,
    0x0, 0x6, 0xff, 0x60, 0x5, 0xff, 0x60, 0x0,
    0x0, 0xa, 0xff, 0x20, 0x1, 0xff, 0xa0, 0x0,
    0x0, 0xe, 0xfe, 0x0, 0x0, 0xef, 0xe0, 0x0,
    0x0, 0x2f, 0xfa, 0x0, 0x0, 0xaf, 0xf3, 0x0,
    0x0, 0x7f, 0xfb, 0x88, 0x88, 0xbf, 0xf7, 0x0,
    0x0, 0xbf, 0xff, 0xff, 0xff, 0xff, 0xfb, 0x0,
    0x0, 0xff, 0xff, 0xff, 0xff, 0xff, 0xff, 0x0,
    0x3, 0xff, 0xa0, 0x0, 0x0, 0xa, 0xff, 0x30,
    0x7, 0xff, 0x70, 0x0, 0x0, 0x7, 0xff, 0x70,
    0xb, 0xff, 0x30, 0x0, 0x0, 0x3, 0xff, 0xb0,
    0xf, 0xff, 0x0, 0x0, 0x0, 0x0, 0xff, 0xf0,
    0x3f, 0xfc, 0x0, 0x0, 0x0, 0x0, 0xcf, 0xf3,
    0x7f, 0xf8, 0x0, 0x0, 0x0, 0x0, 0x8f, 0xf7,

    /* U+00C1 "Á" */
    0x0, 0x0, 0x0, 0x0, 0x1f, 0xff, 0x20, 0x0,
    0x0, 0x0, 0x0, 0x0, 0xbf, 0xf6, 0x0, 0x0,
    0x0, 0x0, 0x0, 0x7, 0xff, 0xa0, 0x0, 0x0,
    0x0, 0x0, 0x0, 0x2f, 0xfd, 0x0, 0x0, 0x0,
    0x0, 0x0, 0x0, 0x58, 0x82, 0x0, 0x0, 0x0,
    0x0, 0x0, 0x0, 0x0, 0x0, 0x0, 0x0, 0x0,
    0x0, 0x0, 0x0, 0x0, 0x0, 0x0, 0x0, 0x0,
    0x0, 0x0, 0x1, 0xff, 0xff, 0x10, 0x0, 0x0,
    0x0, 0x0, 0x5, 0xff, 0xff, 0x50, 0x0, 0x0,
    0x0, 0x0, 0x9, 0xff, 0xff, 0x90, 0x0, 0x0,
    0x0, 0x0, 0xd, 0xfc, 0xcf, 0xe0, 0x0, 0x0,
    0x0, 0x0, 0x1f, 0xf9, 0x9f, 0xf2, 0x0, 0x0,
    0x0, 0x0, 0x6f, 0xf5, 0x5f, 0xf6, 0x0, 0x0,
    0x0, 0x0, 0xaf, 0xf1, 0x1f, 0xfa, 0x0, 0x0,
    0x0, 0x0, 0xef, 0xd0, 0xd, 0xfe, 0x0, 0x0,
    0x0, 0x2, 0xff, 0x90, 0x9, 0xff, 0x20, 0x0,
    0x0, 0x6, 0xff, 0x60, 0x5, 0xff, 0x60, 0x0,
    0x0, 0xa, 0xff, 0x20, 0x1, 0xff, 0xa0, 0x0,
    0x0, 0xe, 0xfe, 0x0, 0x0, 0xef, 0xe0, 0x0,
    0x0, 0x2f, 0xfa, 0x0, 0x0, 0xaf, 0xf3, 0x0,
    0x0, 0x7f, 0xfb, 0x88, 0x88, 0xbf, 0xf7, 0x0,
    0x0, 0xbf, 0xff, 0xff, 0xff, 0xff, 0xfb, 0x0,
    0x0, 0xff, 0xff, 0xff, 0xff, 0xff, 0xff, 0x0,
    0x3, 0xff, 0xa0, 0x0, 0x0, 0xa, 0xff, 0x30,
    0x7, 0xff, 0x70, 0x0, 0x0, 0x7, 0xff, 0x70,
    0xb, 0xff, 0x30, 0x0, 0x0, 0x3, 0xff, 0xb0,
    0xf, 0xff, 0x0, 0x0, 0x0, 0x0, 0xff, 0xf0,
    0x3f, 0xfc, 0x0, 0x0, 0x0, 0x0, 0xcf, 0xf3,
    0x7f, 0xf8, 0x0, 0x0, 0x0, 0x0, 0x8f, 0xf7,

    /* U+00C2 "Â" */
    0x0, 0x0, 0x0, 0xcf, 0xfc, 0x0, 0x0, 0x0,
    0x0, 0x0, 0xb, 0xff, 0xff, 0xb0, 0x0, 0x0,
    0x0, 0x0, 0xaf, 0xf8, 0x8f, 0xfa, 0x0, 0x0,
    0x0, 0x9, 0xff, 0x90, 0x9, 0xff, 0x90, 0x0,
    0x0, 0x28, 0x87, 0x0, 0x0, 0x68, 0x82, 0x0,
    0x0, 0x0, 0x0, 0x0, 0x0, 0x0, 0x0, 0x0,
    0x0, 0x0, 0x0, 0x0, 0x0, 0x0, 0x0, 0x0,
    0x0, 0x0, 0x1, 0xff, 0xff, 0x10, 0x0, 0x0,
    0x0, 0x0, 0x5, 0xff, 0xff, 0x50, 0x0, 0x0,
    0x0, 0x0, 0x9, 0xff, 0xff, 0x90, 0x0, 0x0,
    0x0, 0x0, 0xd, 0xfc, 0xcf, 0xe0, 0x0, 0x0,
    0x0, 0x0, 0x1f, 0xf9, 0x9f, 0xf2, 0x0, 0x0,
    0x0, 0x0, 0x6f, 0xf5, 0x5f, 0xf6, 0x0, 0x0,
    0x0, 0x0, 0xaf, 0xf1, 0x1f, 0xfa, 0x0, 0x0,
    0x0, 0x0, 0xef, 0xd0, 0xd, 0xfe, 0x0, 0x0,
    0x0, 0x2, 0xff, 0x90, 0x9, 0xff, 0x20, 0x0,
    0x0, 0x6, 0xff, 0x60, 0x5, 0xff, 0x60, 0x0,
    0x0, 0xa, 0xff, 0x20, 0x1, 0xff, 0xa0, 0x0,
    0x0, 0xe, 0xfe, 0x0, 0x0, 0xef, 0xe0, 0x0,
    0x0, 0x2f, 0xfa, 0x0, 0x0, 0xaf, 0xf3, 0x0,
    0x0, 0x7f, 0xfb, 0x88, 0x88, 0xbf, 0xf7, 0x0,
    0x0, 0xbf, 0xff, 0xff, 0xff, 0xff, 0xfb, 0x0,
    0x0, 0xff, 0xff, 0xff, 0xff, 0xff, 0xff, 0x0,
    0x3, 0xff, 0xa0, 0x0, 0x0, 0xa, 0xff, 0x30,
    0x7, 0xff, 0x70, 0x0, 0x0, 0x7, 0xff, 0x70,
    0xb, 0xff, 0x30, 0x0, 0x0, 0x3, 0xff, 0xb0,
    0xf, 0xff, 0x0, 0x0, 0x0, 0x0, 0xff, 0xf0,
    0x3f, 0xfc, 0x0, 0x0, 0x0, 0x0, 0xcf, 0xf3,
    0x7f, 0xf8, 0x0, 0x0, 0x0, 0x0, 0x8f, 0xf7,

    /* U+00C3 "Ã" */
    0x0, 0x0, 0x9e, 0xe9, 0x0, 0x2f, 0xe0, 0x0,
    0x0, 0x8, 0xff, 0xff, 0xc1, 0x5f, 0xc0, 0x0,
    0x0, 0xc, 0xf5, 0x1c, 0xff, 0xff, 0x80, 0x0,
    0x0, 0xe, 0xf2, 0x0, 0x9e, 0xe9, 0x0, 0x0,
    0x0, 0x0, 0x0, 0x0, 0x0, 0x0, 0x0, 0x0,
    0x0, 0x0, 0x0, 0x0, 0x0, 0x0, 0x0, 0x0,
    0x0, 0x0, 0x0, 0x0, 0x0, 0x0, 0x0, 0x0,
    0x0, 0x0, 0x1, 0xff, 0xff, 0x10, 0x0, 0x0,
    0x0, 0x0, 0x5, 0xff, 0xff, 0x50, 0x0, 0x0,
    0x0, 0x0, 0x9, 0xff, 0xff, 0x90, 0x0, 0x0,
    0x0, 0x0, 0xd, 0xfc, 0xcf, 0xe0, 0x0, 0x0,
    0x0, 0x0, 0x1f, 0xf9, 0x9f, 0xf2, 0x0, 0x0,
    0x0, 0x0, 0x6f, 0xf5, 0x5f, 0xf6, 0x0, 0x0,
    0x0, 0x0, 0xaf, 0xf1, 0x1f, 0xfa, 0x0, 0x0,
    0x0, 0x0, 0xef, 0xd0, 0xd, 0xfe, 0x0, 0x0,
    0x0, 0x2, 0xff, 0x90, 0x9, 0xff, 0x20, 0x0,
    0x0, 0x6, 0xff, 0x60, 0x5, 0xff, 0x60, 0x0,
    0x0, 0xa, 0xff, 0x20, 0x1, 0xff, 0xa0, 0x0,
    0x0, 0xe, 0xfe, 0x0, 0x0, 0xef, 0xe0, 0x0,
    0x0, 0x2f, 0xfa, 0x0, 0x0, 0xaf, 0xf3, 0x0,
    0x0, 0x7f, 0xfb, 0x88, 0x88, 0xbf, 0xf7, 0x0,
    0x0, 0xbf, 0xff, 0xff, 0xff, 0xff, 0xfb, 0x0,
    0x0, 0xff, 0xff, 0xff, 0xff, 0xff, 0xff, 0x0,
    0x3, 0xff, 0xa0, 0x0, 0x0, 0xa, 0xff, 0x30,
    0x7, 0xff, 0x70, 0x0, 0x0, 0x7, 0xff, 0x70,
    0xb, 0xff, 0x30, 0x0, 0x0, 0x3, 0xff, 0xb0,
    0xf, 0xff, 0x0, 0x0, 0x0, 0x0, 0xff, 0xf0,
    0x3f, 0xfc, 0x0, 0x0, 0x0, 0x0, 0xcf, 0xf3,
    0x7f, 0xf8, 0x0, 0x0, 0x0, 0x0, 0x8f, 0xf7,

    /* U+00C4 "Ä" */
    0x0, 0xa, 0xfc, 0x10, 0x1, 0xcf, 0xa0, 0x0,
    0x0, 0x4f, 0xff, 0x80, 0x8, 0xff, 0xf4, 0x0,
    0x0, 0x4f, 0xff, 0x80, 0x8, 0xff, 0xf4, 0x0,
    0x0, 0xa, 0xfc, 0x10, 0x1, 0xcf, 0xa0, 0x0,
    0x0, 0x0, 0x0, 0x0, 0x0, 0x0, 0x0, 0x0,
    0x0, 0x0, 0x0, 0x0, 0x0, 0x0, 0x0, 0x0,
    0x0, 0x0, 0x0, 0x0, 0x0, 0x0, 0x0, 0x0,
    0x0, 0x0, 0x1, 0xff, 0xff, 0x10, 0x0, 0x0,
    0x0, 0x0, 0x5, 0xff, 0xff, 0x50, 0x0, 0x0,
    0x0, 0x0, 0x9, 0xff, 0xff, 0x90, 0x0, 0x0,
    0x0, 0x0, 0xd, 0xfc, 0xcf, 0xe0, 0x0, 0x0,
    0x0, 0x0, 0x1f, 0xf9, 0x9f, 0xf2, 0x0, 0x0,
    0x0, 0x0, 0x6f, 0xf5, 0x5f, 0xf6, 0x0, 0x0,
    0x0, 0x0, 0xaf, 0xf1, 0x1f, 0xfa, 0x0, 0x0,
    0x0, 0x0, 0xef, 0xd0, 0xd, 0xfe, 0x0, 0x0,
    0x0, 0x2, 0xff, 0x90, 0x9, 0xff, 0x20, 0x0,
    0x0, 0x6, 0xff, 0x60, 0x5, 0xff, 0x60, 0x0,
    0x0, 0xa, 0xff, 0x20, 0x1, 0xff, 0xa0, 0x0,
    0x0, 0xe, 0xfe, 0x0, 0x0, 0xef, 0xe0, 0x0,
    0x0, 0x2f, 0xfa, 0x0, 0x0, 0xaf, 0xf3, 0x0,
    0x0, 0x7f, 0xfb, 0x88, 0x88, 0xbf, 0xf7, 0x0,
    0x0, 0xbf, 0xff, 0xff, 0xff, 0xff, 0xfb, 0x0,
    0x0, 0xff, 0xff, 0xff, 0xff, 0xff, 0xff, 0x0,
    0x3, 0xff, 0xa0, 0x0, 0x0, 0xa, 0xff, 0x30,
    0x7, 0xff, 0x70, 0x0, 0x0, 0x7, 0xff, 0x70,
    0xb, 0xff, 0x30, 0x0, 0x0, 0x3, 0xff, 0xb0,
    0xf, 0xff, 0x0, 0x0, 0x0, 0x0, 0xff, 0xf0,
    0x3f, 0xfc, 0x0, 0x0, 0x0, 0x0, 0xcf, 0xf3,
    0x7f, 0xf8, 0x0, 0x0, 0x0, 0x0, 0x8f, 0xf7,

    /* U+00C5 "Å" */
    0x0, 0x0, 0x3, 0xbe, 0xeb, 0x30, 0x0, 0x0,
    0x0, 0x0, 0x2f, 0xfc, 0xcf, 0xf2, 0x0, 0x0,
    0x0, 0x0, 0x9f, 0x70, 0x7, 0xf9, 0x0, 0x0,
    0x0, 0x0, 0xaf, 0x40, 0x4, 0xfa, 0x0, 0x0,
    0x0, 0x0, 0x7f, 0xb1, 0x1b, 0xf7, 0x0, 0x0,
    0x0, 0x0, 0xd, 0xff, 0xff, 0xd0, 0x0, 0x0,
    0x0, 0x0, 0x0, 0x69, 0x96, 0x0, 0x0, 0x0,
    0x0, 0x0, 0x0, 0x0, 0x0, 0x0, 0x0, 0x0,
    0x0, 0x0, 0x1, 0xff, 0xff, 0x10, 0x0, 0x0,
    0x0, 0x0, 0x5, 0xff, 0xff, 0x50, 0x0, 0x0,
    0x0, 0x0, 0x9, 0xff, 0xff, 0x90, 0x0, 0x0,
    0x0, 0x0, 0xd, 0xfc, 0xcf, 0xe0, 0x0, 0x0,
    0x0, 0x0, 0x1f, 0xf9, 0x9f, 0xf2, 0x0, 0x0,
    0x0, 0x0, 0x6f, 0xf5, 0x5f, 0xf6, 0x0, 0x0,
    0x0, 0x0, 0xaf, 0xf1, 0x1f, 0xfa, 0x0, 0x0,
    0x0, 0x0, 0xef, 0xd0, 0xd, 0xfe, 0x0, 0x0,
    0x0, 0x2, 0xff, 0x90, 0x9, 0xff, 0x20, 0x0,
    0x0, 0x6, 0xff, 0x60, 0x5, 0xff, 0x60, 0x0,
    0x0, 0xa, 0xff, 0x20, 0x1, 0xff, 0xa0, 0x0,
    0x0, 0xe, 0xfe, 0x0, 0x0, 0xef, 0xe0, 0x0,
    0x0, 0x2f, 0xfa, 0x0, 0x0, 0xaf, 0xf3, 0x0,
    0x0, 0x7f, 0xfb, 0x88, 0x88, 0xbf, 0xf7, 0x0,
    0x0, 0xbf, 0xff, 0xff, 0xff, 0xff, 0xfb, 0x0,
    0x0, 0xff, 0xff, 0xff, 0xff, 0xff, 0xff, 0x0,
    0x3, 0xff, 0xa0, 0x0, 0x0, 0xa, 0xff, 0x30,
    0x7, 0xff, 0x70, 0x0, 0x0, 0x7, 0xff, 0x70,
    0xb, 0xff, 0x30, 0x0, 0x0, 0x3, 0xff, 0xb0,
    0xf, 0xff, 0x0, 0x0, 0x0, 0x0, 0xff, 0xf0,
    0x3f, 0xfc, 0x0, 0x0, 0x0, 0x0, 0xcf, 0xf3,
    0x7f, 0xf8, 0x0, 0x0, 0x0, 0x0, 0x8f, 0xf7,

    /* U+00C6 "Æ" */
    0x0, 0x0, 0xf, 0xff, 0xff, 0xff, 0xff, 0xff,
    0xf2, 0x0, 0x0, 0x3f, 0xff, 0xff, 0xff, 0xff,
    0xff, 0xf2, 0x0, 0x0, 0x6f, 0xfc, 0xaf, 0xfe,
    0xaa, 0xaa, 0xa1, 0x0, 0x0, 0x9f, 0xf3, 0xf,
    0xfc, 0x0, 0x0, 0x0, 0x0, 0x0, 0xdf, 0xf0,
    0xf, 0xfc, 0x0, 0x0, 0x0, 0x0, 0x0, 0xff,
    0xd0, 0xf, 0xfc, 0x0, 0x0, 0x0, 0x0, 0x3,
    0xff, 0xa0, 0xf, 0xfc, 0x0, 0x0, 0x0, 0x0,
    0x6, 0xff, 0x70, 0xf, 0xfc, 0x0, 0x0, 0x0,
    0x0, 0x9, 0xff, 0x40, 0xf, 0xfc, 0x0, 0x0,
    0x0, 0x0, 0xc, 0xff, 0x10, 0xf, 0xfe, 0xbb,
    0xbb, 0x40, 0x0, 0xf, 0xfe, 0x0, 0xf, 0xff,
    0xff, 0xff, 0x60, 0x0, 0x2f, 0xfb, 0x0, 0xf,
    0xff, 0xff, 0xff, 0x60, 0x0, 0x5f, 0xf8, 0x0,
    0xf, 0xfc, 0x0, 0x0, 0x0, 0x0, 0x9f, 0xfa,
    0x66, 0x6f, 0xfc, 0x0, 0x0, 0x0, 0x0, 0xcf,
    0xff, 0xff, 0xff, 0xfc, 0x0, 0x0, 0x0, 0x0,
    0xff, 0xff, 0xff, 0xff, 0xfc, 0x0, 0x0, 0x0,
    0x2, 0xff, 0xc0, 0x0, 0xf, 0xfc, 0x0, 0x0,
    0x0, 0x5, 0xff, 0x90, 0x0, 0xf, 0xfc, 0x0,
    0x0, 0x0, 0x8, 0xff, 0x60, 0x0, 0xf, 0xfc,
    0x0, 0x0, 0x0, 0xb, 0xff, 0x30, 0x0, 0xf,
    0xfe, 0xbb, 0xbb, 0xb1, 0xe, 0xff, 0x0, 0x0,
    0xf, 0xff, 0xff, 0xff, 0xf2, 0x1f, 0xfd, 0x0,
    0x0, 0xf, 0xff, 0xff, 0xff, 0xf2,

    /* U+00C7 "Ç" */
    0x0, 0x2, 0x8d, 0xff, 0xea, 0x40, 0x0, 0x0,
    0x5f, 0xff, 0xff, 0xff, 0xfb, 0x0, 0x4, 0xff,
    0xff, 0xcb, 0xef, 0xff, 0xa0, 0xd, 0xff, 0xb1,
    0x0, 0x6, 0xff, 0xf4, 0x2f, 0xfe, 0x10, 0x0,
    0x0, 0x9f, 0xf9, 0x4f, 0xfb, 0x0, 0x0, 0x0,
    0x4f, 0xfb, 0x5f, 0xf9, 0x0, 0x0, 0x0, 0x4,
    0x43, 0x5f, 0xf9, 0x0, 0x0, 0x0, 0x0, 0x0,
    0x5f, 0xf9, 0x0, 0x0, 0x0, 0x0, 0x0, 0x5f,
    0xf9, 0x0, 0x0, 0x0, 0x0, 0x0, 0x5f, 0xf9,
    0x0, 0x0, 0x0, 0x0, 0x0, 0x5f, 0xf9, 0x0,
    0x0, 0x0, 0x0, 0x0, 0x5f, 0xf9, 0x0, 0x0,
    0x0, 0x0, 0x0, 0x5f, 0xf9, 0x0, 0x0, 0x0,
    0x0, 0x0, 0x5f, 0xf9, 0x0, 0x0, 0x0, 0x0,
    0x0, 0x5f, 0xf9, 0x0, 0x0, 0x0, 0x4, 0x43,
    0x4f, 0xfb, 0x0, 0x0, 0x0, 0x4f, 0xfb, 0x2f,
    0xfe, 0x10, 0x0, 0x0, 0x8f, 0xf9, 0xd, 0xff,
    0xb1, 0x0, 0x5, 0xff, 0xf4, 0x4, 0xff, 0xff,
    0xcb, 0xef, 0xff, 0xb0, 0x0, 0x5f, 0xff, 0xff,
    0xff, 0xfb, 0x0, 0x0, 0x1, 0x8e, 0xff, 0xeb,
    0x50, 0x0, 0x0, 0x0, 0xd, 0xf2, 0x0, 0x0,
    0x0, 0x0, 0x0, 0x2e, 0xff, 0xd5, 0x0, 0x0,
    0x0, 0x0, 0x0, 0x19, 0xff, 0x40, 0x0, 0x0,
    0x0, 0x0, 0x4, 0xff, 0x80, 0x0, 0x0, 0x0,
    0x8b, 0xbf, 0xff, 0x30, 0x0, 0x0, 0x0, 0xbf,
    0xfe, 0xb4, 0x0, 0x0,

    /* U+00C8 "È" */
    0x0, 0x1d, 0xff, 0x50, 0x0, 0x0, 0x0, 0x0,
    0x3, 0xff, 0xf2, 0x0, 0x0, 0x0, 0x0, 0x0,
    0x6f, 0xfc, 0x0, 0x0, 0x0, 0x0, 0x0, 0x9,
    0xff, 0x80, 0x0, 0x0, 0x0, 0x0, 0x0, 0x78,
    0x70, 0x0, 0x0, 0x0, 0x0, 0x0, 0x0, 0x0,
    0x0, 0x0, 0x0, 0x0, 0x0, 0x0, 0x0, 0x0,
    0x0, 0x1f, 0xff, 0xff, 0xff, 0xff, 0xff, 0xfa,
    0x1f, 0xff, 0xff, 0xff, 0xff, 0xff, 0xfa, 0x1f,
    0xff, 0xbb, 0xbb, 0xbb, 0xbb, 0xb7, 0x1f, 0xfd,
    0x0, 0x0, 0x0, 0x0, 0x0, 0x1f, 0xfd, 0x0,
    0x0, 0x0, 0x0, 0x0, 0x1f, 0xfd, 0x0, 0x0,
    0x0, 0x0, 0x0, 0x1f, 0xfd, 0x0, 0x0, 0x0,
    0x0, 0x0, 0x1f, 0xfd, 0x0, 0x0, 0x0, 0x0,
    0x0, 0x1f, 0xfd, 0x0, 0x0, 0x0, 0x0, 0x0,
    0x1f, 0xff, 0xff, 0xff, 0xff, 0xff, 0x90, 0x1f,
    0xff, 0xff, 0xff, 0xff, 0xff, 0x90, 0x1f, 0xff,
    0x99, 0x99, 0x99, 0x99, 0x50, 0x1f, 0xfd, 0x0,
    0x0, 0x0, 0x0, 0x0, 0x1f, 0xfd, 0x0, 0x0,
    0x0, 0x0, 0x0, 0x1f, 0xfd, 0x0, 0x0, 0x0,
    0x0, 0x0, 0x1f, 0xfd, 0x0, 0x0, 0x0, 0x0,
    0x0, 0x1f, 0xfd, 0x0, 0x0, 0x0, 0x0, 0x0,
    0x1f, 0xfd, 0x0, 0x0, 0x0, 0x0, 0x0, 0x1f,
    0xfd, 0x0, 0x0, 0x0, 0x0, 0x0, 0x1f, 0xff,
    0xbb, 0xbb, 0xbb, 0xbb, 0xb7, 0x1f, 0xff, 0xff,
    0xff, 0xff, 0xff, 0xfa, 0x1f, 0xff, 0xff, 0xff,
    0xff, 0xff, 0xfa,

    /* U+00C9 "É" */
    0x0, 0x0, 0x0, 0x0, 0xcf, 0xf6, 0x0, 0x0,
    0x0, 0x0, 0x7, 0xff, 0xa0, 0x0, 0x0, 0x0,
    0x0, 0x3f, 0xfd, 0x0, 0x0, 0x0, 0x0, 0x0,
    0xdf, 0xf2, 0x0, 0x0, 0x0, 0x0, 0x3, 0x88,
    0x40, 0x0, 0x0, 0x0, 0x0, 0x0, 0x0, 0x0,
    0x0, 0x0, 0x0, 0x0, 0x0, 0x0, 0x0, 0x0,
    0x0, 0x1f, 0xff, 0xff, 0xff, 0xff, 0xff, 0xfa,
    0x1f, 0xff, 0xff, 0xff, 0xff, 0xff, 0xfa, 0x1f,
    0xff, 0xbb, 0xbb, 0xbb, 0xbb, 0xb7, 0x1f, 0xfd,
    0x0, 0x0, 0x0, 0x0, 0x0, 0x1f, 0xfd, 0x0,
    0x0, 0x0, 0x0, 0x0, 0x1f, 0xfd, 0x0, 0x0,
    0x0, 0x0, 0x0, 0x1f, 0xfd, 0x0, 0x0, 0x0,
    0x0, 0x0, 0x1f, 0xfd, 0x0, 0x0, 0x0, 0x0,
    0x0, 0x1f, 0xfd, 0x0, 0x0, 0x0, 0x0, 0x0,
    0x1f, 0xff, 0xff, 0xff, 0xff, 0xff, 0x90, 0x1f,
    0xff, 0xff, 0xff, 0xff, 0xff, 0x90, 0x1f, 0xff,
    0x99, 0x99, 0x99, 0x99, 0x50, 0x1f, 0xfd, 0x0,
    0x0, 0x0, 0x0, 0x0, 0x1f, 0xfd, 0x0, 0x0,
    0x0, 0x0, 0x0, 0x1f, 0xfd, 0x0, 0x0, 0x0,
    0x0, 0x0, 0x1f, 0xfd, 0x0, 0x0, 0x0, 0x0,
    0x0, 0x1f, 0xfd, 0x0, 0x0, 0x0, 0x0, 0x0,
    0x1f, 0xfd, 0x0, 0x0, 0x0, 0x0, 0x0, 0x1f,
    0xfd, 0x0, 0x0, 0x0, 0x0, 0x0, 0x1f, 0xff,
    0xbb, 0xbb, 0xbb, 0xbb, 0xb7, 0x1f, 0xff, 0xff,
    0xff, 0xff, 0xff, 0xfa, 0x1f, 0xff, 0xff, 0xff,
    0xff, 0xff, 0xfa,

    /* U+00CA "Ê" */
    0x0, 0x0, 0x9, 0xff, 0xe2, 0x0, 0x0, 0x0,
    0x0, 0x8f, 0xff, 0xfe, 0x20, 0x0, 0x0, 0x6,
    0xff, 0xc5, 0xff, 0xd1, 0x0, 0x0, 0x5f, 0xfd,
    0x10, 0x5f, 0xfd, 0x10, 0x0, 0x78, 0x71, 0x0,
    0x4, 0x88, 0x40, 0x0, 0x0, 0x0, 0x0, 0x0,
    0x0, 0x0, 0x0, 0x0, 0x0, 0x0, 0x0, 0x0,
    0x0, 0x1f, 0xff, 0xff, 0xff, 0xff, 0xff, 0xfa,
    0x1f, 0xff, 0xff, 0xff, 0xff, 0xff, 0xfa, 0x1f,
    0xff, 0xbb, 0xbb, 0xbb, 0xbb, 0xb7, 0x1f, 0xfd,
    0x0, 0x0, 0x0, 0x0, 0x0, 0x1f, 0xfd, 0x0,
    0x0, 0x0, 0x0, 0x0, 0x1f, 0xfd, 0x0, 0x0,
    0x0, 0x0, 0x0, 0x1f, 0xfd, 0x0, 0x0, 0x0,
    0x0, 0x0, 0x1f, 0xfd, 0x0, 0x0, 0x0, 0x0,
    0x0, 0x1f, 0xfd, 0x0, 0x0, 0x0, 0x0, 0x0,
    0x1f, 0xff, 0xff, 0xff, 0xff, 0xff, 0x90, 0x1f,
    0xff, 0xff, 0xff, 0xff, 0xff, 0x90, 0x1f, 0xff,
    0x99, 0x99, 0x99, 0x99, 0x50, 0x1f, 0xfd, 0x0,
    0x0, 0x0, 0x0, 0x0, 0x1f, 0xfd, 0x0, 0x0,
    0x0, 0x0, 0x0, 0x1f, 0xfd, 0x0, 0x0, 0x0,
    0x0, 0x0, 0x1f, 0xfd, 0x0, 0x0, 0x0, 0x0,
    0x0, 0x1f, 0xfd, 0x0, 0x0, 0x0, 0x0, 0x0,
    0x1f, 0xfd, 0x0, 0x0, 0x0, 0x0, 0x0, 0x1f,
    0xfd, 0x0, 0x0, 0x0, 0x0, 0x0, 0x1f, 0xff,
    0xbb, 0xbb, 0xbb, 0xbb, 0xb7, 0x1f, 0xff, 0xff,
    0xff, 0xff, 0xff, 0xfa, 0x1f, 0xff, 0xff, 0xff,
    0xff, 0xff, 0xfa,

    /* U+00CB "Ë" */
    0x0, 0x6e, 0xe4, 0x0, 0xa, 0xfc, 0x10, 0x0,
    0xff, 0xfc, 0x0, 0x4f, 0xff, 0x80, 0x0, 0xff,
    0xfc, 0x0, 0x4f, 0xff, 0x80, 0x0, 0x6e, 0xe4,
    0x0, 0xa, 0xfc, 0x10, 0x0, 0x0, 0x0, 0x0,
    0x0, 0x0, 0x0, 0x0, 0x0, 0x0, 0x0, 0x0,
    0x0, 0x0, 0x0, 0x0, 0x0, 0x0, 0x0, 0x0,
    0x0, 0x1f, 0xff, 0xff, 0xff, 0xff, 0xff, 0xfa,
    0x1f, 0xff, 0xff, 0xff, 0xff, 0xff, 0xfa, 0x1f,
    0xff, 0xbb, 0xbb, 0xbb, 0xbb, 0xb7, 0x1f, 0xfd,
    0x0, 0x0, 0x0, 0x0, 0x0, 0x1f, 0xfd, 0x0,
    0x0, 0x0, 0x0, 0x0, 0x1f, 0xfd, 0x0, 0x0,
    0x0, 0x0, 0x0, 0x1f, 0xfd, 0x0, 0x0, 0x0,
    0x0, 0x0, 0x1f, 0xfd, 0x0, 0x0, 0x0, 0x0,
    0x0, 0x1f, 0xfd, 0x0, 0x0, 0x0, 0x0, 0x0,
    0x1f, 0xff, 0xff, 0xff, 0xff, 0xff, 0x90, 0x1f,
    0xff, 0xff, 0xff, 0xff, 0xff, 0x90, 0x1f, 0xff,
    0x99, 0x99, 0x99, 0x99, 0x50, 0x1f, 0xfd, 0x0,
    0x0, 0x0, 0x0, 0x0, 0x1f, 0xfd, 0x0, 0x0,
    0x0, 0x0, 0x0, 0x1f, 0xfd, 0x0, 0x0, 0x0,
    0x0, 0x0, 0x1f, 0xfd, 0x0, 0x0, 0x0, 0x0,
    0x0, 0x1f, 0xfd, 0x0, 0x0, 0x0, 0x0, 0x0,
    0x1f, 0xfd, 0x0, 0x0, 0x0, 0x0, 0x0, 0x1f,
    0xfd, 0x0, 0x0, 0x0, 0x0, 0x0, 0x1f, 0xff,
    0xbb, 0xbb, 0xbb, 0xbb, 0xb7, 0x1f, 0xff, 0xff,
    0xff, 0xff, 0xff, 0xfa, 0x1f, 0xff, 0xff, 0xff,
    0xff, 0xff, 0xfa,

    /* U+00CC "Ì" */
    0x3, 0xff, 0xf2, 0x0, 0x0, 0x0, 0x0, 0x6f,
    0xfc, 0x0, 0x0, 0x0, 0x0, 0xa, 0xff, 0x80,
    0x0, 0x0, 0x0, 0x0, 0xdf, 0xf4, 0x0, 0x0,
    0x0, 0x0, 0x28, 0x86, 0x0, 0x0, 0x0, 0x0,
    0x0, 0x0, 0x0, 0x0, 0x0, 0x0, 0x0, 0x0,
    0x0, 0x0, 0xff, 0xff, 0xff, 0xff, 0xff, 0xff,
    0xff, 0xff, 0xff, 0xff, 0xff, 0xff, 0xbb, 0xbb,
    0xdf, 0xfd, 0xbb, 0xbb, 0x0, 0x0, 0x8f, 0xf8,
    0x0, 0x0, 0x0, 0x0, 0x8f, 0xf8, 0x0, 0x0,
    0x0, 0x0, 0x8f, 0xf8, 0x0, 0x0, 0x0, 0x0,
    0x8f, 0xf8, 0x0, 0x0, 0x0, 0x0, 0x8f, 0xf8,
    0x0, 0x0, 0x0, 0x0, 0x8f, 0xf8, 0x0, 0x0,
    0x0, 0x0, 0x8f, 0xf8, 0x0, 0x0, 0x0, 0x0,
    0x8f, 0xf8, 0x0, 0x0, 0x0, 0x0, 0x8f, 0xf8,
    0x0, 0x0, 0x0, 0x0, 0x8f, 0xf8, 0x0, 0x0,
    0x0, 0x0, 0x8f, 0xf8, 0x0, 0x0, 0x0, 0x0,
    0x8f, 0xf8, 0x0, 0x0, 0x0, 0x0, 0x8f, 0xf8,
    0x0, 0x0, 0x0, 0x0, 0x8f, 0xf8, 0x0, 0x0,
    0x0, 0x0, 0x8f, 0xf8, 0x0, 0x0, 0x0, 0x0,
    0x8f, 0xf8, 0x0, 0x0, 0xbb, 0xbb, 0xdf, 0xfd,
    0xbb, 0xbb, 0xff, 0xff, 0xff, 0xff, 0xff, 0xff,
    0xff, 0xff, 0xff, 0xff, 0xff, 0xff,

    /* U+00CD "Í" */
    0x0, 0x0, 0x0, 0x1f, 0xff, 0x20, 0x0, 0x0,
    0x0, 0xbf, 0xf6, 0x0, 0x0, 0x0, 0x7, 0xff,
    0xa0, 0x0, 0x0, 0x0, 0x2f, 0xfd, 0x0, 0x0,
    0x0, 0x0, 0x58, 0x82, 0x0, 0x0, 0x0, 0x0,
    0x0, 0x0, 0x0, 0x0, 0x0, 0x0, 0x0, 0x0,
    0x0, 0x0, 0xff, 0xff, 0xff, 0xff, 0xff, 0xff,
    0xff, 0xff, 0xff, 0xff, 0xff, 0xff, 0xbb, 0xbb,
    0xdf, 0xfd, 0xbb, 0xbb, 0x0, 0x0, 0x8f, 0xf8,
    0x0, 0x0, 0x0, 0x0, 0x8f, 0xf8, 0x0, 0x0,
    0x0, 0x0, 0x8f, 0xf8, 0x0, 0x0, 0x0, 0x0,
    0x8f, 0xf8, 0x0, 0x0, 0x0, 0x0, 0x8f, 0xf8,
    0x0, 0x0, 0x0, 0x0, 0x8f, 0xf8, 0x0, 0x0,
    0x0, 0x0, 0x8f, 0xf8, 0x0, 0x0, 0x0, 0x0,
    0x8f, 0xf8, 0x0, 0x0, 0x0, 0x0, 0x8f, 0xf8,
    0x0, 0x0, 0x0, 0x0, 0x8f, 0xf8, 0x0, 0x0,
    0x0, 0x0, 0x8f, 0xf8, 0x0, 0x0, 0x0, 0x0,
    0x8f, 0xf8, 0x0, 0x0, 0x0, 0x0, 0x8f, 0xf8,
    0x0, 0x0, 0x0, 0x0, 0x8f, 0xf8, 0x0, 0x0,
    0x0, 0x0, 0x8f, 0xf8, 0x0, 0x0, 0x0, 0x0,
    0x8f, 0xf8, 0x0, 0x0, 0xbb, 0xbb, 0xdf, 0xfd,
    0xbb, 0xbb, 0xff, 0xff, 0xff, 0xff, 0xff, 0xff,
    0xff, 0xff, 0xff, 0xff, 0xff, 0xff,

    /* U+00CE "Î" */
    0x0, 0x0, 0xcf, 0xfc, 0x0, 0x0, 0x0, 0xb,
    0xff, 0xff, 0xb0, 0x0, 0x0, 0xaf, 0xf8, 0x8f,
    0xfa, 0x0, 0x9, 0xff, 0x90, 0x9, 0xff, 0x90,
    0x28, 0x87, 0x0, 0x0, 0x68, 0x82, 0x0, 0x0,
    0x0, 0x0, 0x0, 0x0, 0x0, 0x0, 0x0, 0x0,
    0x0, 0x0, 0xff, 0xff, 0xff, 0xff, 0xff, 0xff,
    0xff, 0xff, 0xff, 0xff, 0xff, 0xff, 0xbb, 0xbb,
    0xdf, 0xfd, 0xbb, 0xbb, 0x0, 0x0, 0x8f, 0xf8,
    0x0, 0x0, 0x0, 0x0, 0x8f, 0xf8, 0x0, 0x0,
    0x0, 0x0, 0x8f, 0xf8, 0x0, 0x0, 0x0, 0x0,
    0x8f, 0xf8, 0x0, 0x0, 0x0, 0x0, 0x8f, 0xf8,
    0x0, 0x0, 0x0, 0x0, 0x8f, 0xf8, 0x0, 0x0,
    0x0, 0x0, 0x8f, 0xf8, 0x0, 0x0, 0x0, 0x0,
    0x8f, 0xf8, 0x0, 0x0, 0x0, 0x0, 0x8f, 0xf8,
    0x0, 0x0, 0x0, 0x0, 0x8f, 0xf8, 0x0, 0x0,
    0x0, 0x0, 0x8f, 0xf8, 0x0, 0x0, 0x0, 0x0,
    0x8f, 0xf8, 0x0, 0x0, 0x0, 0x0, 0x8f, 0xf8,
    0x0, 0x0, 0x0, 0x0, 0x8f, 0xf8, 0x0, 0x0,
    0x0, 0x0, 0x8f, 0xf8, 0x0, 0x0, 0x0, 0x0,
    0x8f, 0xf8, 0x0, 0x0, 0xbb, 0xbb, 0xdf, 0xfd,
    0xbb, 0xbb, 0xff, 0xff, 0xff, 0xff, 0xff, 0xff,
    0xff, 0xff, 0xff, 0xff, 0xff, 0xff,

    /* U+00CF "Ï" */
    0xa, 0xfc, 0x10, 0x1, 0xcf, 0xa0, 0x4f, 0xff,
    0x80, 0x8, 0xff, 0xf4, 0x4f, 0xff, 0x80, 0x8,
    0xff, 0xf4, 0xa, 0xfc, 0x10, 0x1, 0xcf, 0xa0,
    0x0, 0x0, 0x0, 0x0, 0x0, 0x0, 0x0, 0x0,
    0x0, 0x0, 0x0, 0x0, 0x0, 0x0, 0x0, 0x0,
    0x0, 0x0, 0xff, 0xff, 0xff, 0xff, 0xff, 0xff,
    0xff, 0xff, 0xff, 0xff, 0xff, 0xff, 0xbb, 0xbb,
    0xdf, 0xfd, 0xbb, 0xbb, 0x0, 0x0, 0x8f, 0xf8,
    0x0, 0x0, 0x0, 0x0, 0x8f, 0xf8, 0x0, 0x0,
    0x0, 0x0, 0x8f, 0xf8, 0x0, 0x0, 0x0, 0x0,
    0x8f, 0xf8, 0x0, 0x0, 0x0, 0x0, 0x8f, 0xf8,
    0x0, 0x0, 0x0, 0x0, 0x8f, 0xf8, 0x0, 0x0,
    0x0, 0x0, 0x8f, 0xf8, 0x0, 0x0, 0x0, 0x0,
    0x8f, 0xf8, 0x0, 0x0, 0x0, 0x0, 0x8f, 0xf8,
    0x0, 0x0, 0x0, 0x0, 0x8f, 0xf8, 0x0, 0x0,
    0x0, 0x0, 0x8f, 0xf8, 0x0, 0x0, 0x0, 0x0,
    0x8f, 0xf8, 0x0, 0x0, 0x0, 0x0, 0x8f, 0xf8,
    0x0, 0x0, 0x0, 0x0, 0x8f, 0xf8, 0x0, 0x0,
    0x0, 0x0, 0x8f, 0xf8, 0x0, 0x0, 0x0, 0x0,
    0x8f, 0xf8, 0x0, 0x0, 0xbb, 0xbb, 0xdf, 0xfd,
    0xbb, 0xbb, 0xff, 0xff, 0xff, 0xff, 0xff, 0xff,
    0xff, 0xff, 0xff, 0xff, 0xff, 0xff,

    /* U+00D0 "Ð" */
    0x0, 0x5f, 0xff, 0xff, 0xfe, 0xc6, 0x10, 0x0,
    0x0, 0x5f, 0xff, 0xff, 0xff, 0xff, 0xe4, 0x0,
    0x0, 0x5f, 0xfd, 0xaa, 0xac, 0xff, 0xff, 0x30,
    0x0, 0x5f, 0xf9, 0x0, 0x0, 0x1c, 0xff, 0xc0,
    0x0, 0x5f, 0xf9, 0x0, 0x0, 0x1, 0xef, 0xf3,
    0x0, 0x5f, 0xf9, 0x0, 0x0, 0x0, 0x9f, 0xf6,
    0x0, 0x5f, 0xf9, 0x0, 0x0, 0x0, 0x7f, 0xf8,
    0x0, 0x5f, 0xf9, 0x0, 0x0, 0x0, 0x7f, 0xf8,
    0x0, 0x5f, 0xf9, 0x0, 0x0, 0x0, 0x7f, 0xf8,
    0x46, 0x9f, 0xfc, 0x66, 0x40, 0x0, 0x7f, 0xf8,
    0xbf, 0xff, 0xff, 0xff, 0xb0, 0x0, 0x7f, 0xf8,
    0xbf, 0xff, 0xff, 0xff, 0xb0, 0x0, 0x7f, 0xf8,
    0x0, 0x5f, 0xf9, 0x0, 0x0, 0x0, 0x7f, 0xf8,
    0x0, 0x5f, 0xf9, 0x0, 0x0, 0x0, 0x7f, 0xf8,
    0x0, 0x5f, 0xf9, 0x0, 0x0, 0x0, 0x7f, 0xf8,
    0x0, 0x5f, 0xf9, 0x0, 0x0, 0x0, 0x7f, 0xf8,
    0x0, 0x5f, 0xf9, 0x0, 0x0, 0x0, 0x9f, 0xf6,
    0x0, 0x5f, 0xf9, 0x0, 0x0, 0x1, 0xef, 0xf3,
    0x0, 0x5f, 0xf9, 0x0, 0x0, 0x1c, 0xff, 0xc0,
    0x0, 0x5f, 0xfd, 0xaa, 0xac, 0xff, 0xff, 0x30,
    0x0, 0x5f, 0xff, 0xff, 0xff, 0xff, 0xe4, 0x0,
    0x0, 0x5f, 0xff, 0xff, 0xfe, 0xc6, 0x10, 0x0,

    /* U+00D1 "Ñ" */
    0x0, 0x9, 0xee, 0x90, 0x2, 0xfe, 0x0, 0x0,
    0x8f, 0xff, 0xfc, 0x15, 0xfc, 0x0, 0x0, 0xcf,
    0x51, 0xcf, 0xff, 0xf8, 0x0, 0x0, 0xef, 0x20,
    0x9, 0xee, 0x90, 0x0, 0x0, 0x0, 0x0, 0x0,
    0x0, 0x0, 0x0, 0x0, 0x0, 0x0, 0x0, 0x0,
    0x0, 0x0, 0x0, 0x0, 0x0, 0x0, 0x0, 0x0,
    0x0, 0x6f, 0xff, 0x90, 0x0, 0x0, 0x6f, 0xf7,
    0x6f, 0xff, 0xe0, 0x0, 0x0, 0x6f, 0xf7, 0x6f,
    0xff, 0xf4, 0x0, 0x0, 0x6f, 0xf7, 0x6f, 0xff,
    0xfa, 0x0, 0x0, 0x6f, 0xf7, 0x6f, 0xfb, 0xff,
    0x0, 0x0, 0x6f, 0xf7, 0x6f, 0xf6, 0xff, 0x50,
    0x0, 0x6f, 0xf7, 0x6f, 0xf4, 0xdf, 0xb0, 0x0,
    0x6f, 0xf7, 0x6f, 0xf5, 0x7f, 0xf1, 0x0, 0x6f,
    0xf7, 0x6f, 0xf5, 0x2f, 0xf6, 0x0, 0x6f, 0xf7,
    0x6f, 0xf5, 0xc, 0xfc, 0x0, 0x6f, 0xf7, 0x6f,
    0xf5, 0x7, 0xff, 0x10, 0x6f, 0xf7, 0x6f, 0xf6,
    0x1, 0xff, 0x70, 0x6f, 0xf7, 0x6f, 0xf6, 0x0,
    0xbf, 0xd0, 0x5f, 0xf7, 0x6f, 0xf6, 0x0, 0x6f,
    0xf2, 0x5f, 0xf7, 0x6f, 0xf6, 0x0, 0x1f, 0xf8,
    0x5f, 0xf7, 0x6f, 0xf6, 0x0, 0xb, 0xfd, 0x4f,
    0xf7, 0x6f, 0xf6, 0x0, 0x5, 0xff, 0x6f, 0xf7,
    0x6f, 0xf6, 0x0, 0x0, 0xff, 0xbf, 0xf7, 0x6f,
    0xf6, 0x0, 0x0, 0xaf, 0xff, 0xf7, 0x6f, 0xf6,
    0x0, 0x0, 0x4f, 0xff, 0xf7, 0x6f, 0xf6, 0x0,
    0x0, 0xe, 0xff, 0xf7, 0x6f, 0xf6, 0x0, 0x0,
    0x9, 0xff, 0xf7,

    /* U+00D2 "Ò" */
    0x0, 0x3f, 0xff, 0x20, 0x0, 0x0, 0x0, 0x0,
    0x4, 0xff, 0xd1, 0x0, 0x0, 0x0, 0x0, 0x0,
    0x6f, 0xfb, 0x0, 0x0, 0x0, 0x0, 0x0, 0x8,
    0xff, 0x90, 0x0, 0x0, 0x0, 0x0, 0x0, 0x0,
    0x0, 0x0, 0x0, 0x0, 0x0, 0x0, 0x0, 0x0,
    0x0, 0x0, 0x0, 0x0, 0x0, 0x0, 0x0, 0x0,
    0x0, 0x0, 0x2, 0x9d, 0xff, 0xd9, 0x30, 0x0,
    0x0, 0x7f, 0xff, 0xff, 0xff, 0xf7, 0x0, 0x6,
    0xff, 0xfe, 0xcc, 0xef, 0xff, 0x60, 0xe, 0xff,
    0x90, 0x0, 0x9, 0xff, 0xe0, 0x3f, 0xfd, 0x0,
    0x0, 0x0, 0xdf, 0xf3, 0x6f, 0xf9, 0x0, 0x0,
    0x0, 0x9f, 0xf6, 0x7f, 0xf7, 0x0, 0x0, 0x0,
    0x7f, 0xf7, 0x7f, 0xf7, 0x0, 0x0, 0x0, 0x7f,
    0xf7, 0x7f, 0xf7, 0x0, 0x0, 0x0, 0x7f, 0xf7,
    0x7f, 0xf7, 0x0, 0x0, 0x0, 0x7f, 0xf7, 0x7f,
    0xf7, 0x0, 0x0, 0x0, 0x7f, 0xf7, 0x7f, 0xf7,
    0x0, 0x0, 0x0, 0x7f, 0xf7, 0x7f, 0xf7, 0x0,
    0x0, 0x0, 0x7f, 0xf7, 0x7f, 0xf7, 0x0, 0x0,
    0x0, 0x7f, 0xf7, 0x7f, 0xf7, 0x0, 0x0, 0x0,
    0x7f, 0xf7, 0x7f, 0xf7, 0x0, 0x0, 0x0, 0x7f,
    0xf7, 0x6f, 0xf9, 0x0, 0x0, 0x0, 0x9f, 0xf6,
    0x3f, 0xfd, 0x0, 0x0, 0x0, 0xdf, 0xf3, 0xe,
    0xff, 0x90, 0x0, 0x9, 0xff, 0xe0, 0x6, 0xff,
    0xfe, 0xbb, 0xef, 0xff, 0x50, 0x0, 0x7f, 0xff,
    0xff, 0xff, 0xf7, 0x0, 0x0, 0x3, 0x9d, 0xff,
    0xd9, 0x30, 0x0,

    /* U+00D3 "Ó" */
    0x0, 0x0, 0x0, 0x2, 0xff, 0xe2, 0x0, 0x0,
    0x0, 0x0, 0xd, 0xff, 0x40, 0x0, 0x0, 0x0,
    0x0, 0xaf, 0xf6, 0x0, 0x0, 0x0, 0x0, 0x7,
    0xff, 0x80, 0x0, 0x0, 0x0, 0x0, 0x0, 0x0,
    0x0, 0x0, 0x0, 0x0, 0x0, 0x0, 0x0, 0x0,
    0x0, 0x0, 0x0, 0x0, 0x0, 0x0, 0x0, 0x0,
    0x0, 0x0, 0x2, 0x9d, 0xff, 0xd9, 0x30, 0x0,
    0x0, 0x7f, 0xff, 0xff, 0xff, 0xf7, 0x0, 0x6,
    0xff, 0xfe, 0xcc, 0xef, 0xff, 0x60, 0xe, 0xff,
    0x90, 0x0, 0x9, 0xff, 0xe0, 0x3f, 0xfd, 0x0,
    0x0, 0x0, 0xdf, 0xf3, 0x6f, 0xf9, 0x0, 0x0,
    0x0, 0x9f, 0xf6, 0x7f, 0xf7, 0x0, 0x0, 0x0,
    0x7f, 0xf7, 0x7f, 0xf7, 0x0, 0x0, 0x0, 0x7f,
    0xf7, 0x7f, 0xf7, 0x0, 0x0, 0x0, 0x7f, 0xf7,
    0x7f, 0xf7, 0x0, 0x0, 0x0, 0x7f, 0xf7, 0x7f,
    0xf7, 0x0, 0x0, 0x0, 0x7f, 0xf7, 0x7f, 0xf7,
    0x0, 0x0, 0x0, 0x7f, 0xf7, 0x7f, 0xf7, 0x0,
    0x0, 0x0, 0x7f, 0xf7, 0x7f, 0xf7, 0x0, 0x0,
    0x0, 0x7f, 0xf7, 0x7f, 0xf7, 0x0, 0x0, 0x0,
    0x7f, 0xf7, 0x7f, 0xf7, 0x0, 0x0, 0x0, 0x7f,
    0xf7, 0x6f, 0xf9, 0x0, 0x0, 0x0, 0x9f, 0xf6,
    0x3f, 0xfd, 0x0, 0x0, 0x0, 0xdf, 0xf3, 0xe,
    0xff, 0x90, 0x0, 0x9, 0xff, 0xe0, 0x6, 0xff,
    0xfe, 0xbb, 0xef, 0xff, 0x50, 0x0, 0x7f, 0xff,
    0xff, 0xff, 0xf7, 0x0, 0x0, 0x3, 0x9d, 0xff,
    0xd9, 0x30, 0x0,

    /* U+00D4 "Ô" */
    0x0, 0x0, 0x1d, 0xff, 0xc1, 0x0, 0x0, 0x0,
    0x1, 0xdf, 0xff, 0xfd, 0x10, 0x0, 0x0, 0x1d,
    0xff, 0x44, 0xff, 0xd1, 0x0, 0x2, 0xef, 0xf3,
    0x0, 0x3e, 0xfe, 0x20, 0x0, 0x0, 0x0, 0x0,
    0x0, 0x0, 0x0, 0x0, 0x0, 0x0, 0x0, 0x0,
    0x0, 0x0, 0x0, 0x0, 0x0, 0x0, 0x0, 0x0,
    0x0, 0x0, 0x2, 0x9d, 0xff, 0xd9, 0x30, 0x0,
    0x0, 0x7f, 0xff, 0xff, 0xff, 0xf7, 0x0, 0x6,
    0xff, 0xfe, 0xcc, 0xef, 0xff, 0x60, 0xe, 0xff,
    0x90, 0x0, 0x9, 0xff, 0xe0, 0x3f, 0xfd, 0x0,
    0x0, 0x0, 0xdf, 0xf3, 0x6f, 0xf9, 0x0, 0x0,
    0x0, 0x9f, 0xf6, 0x7f, 0xf7, 0x0, 0x0, 0x0,
    0x7f, 0xf7, 0x7f, 0xf7, 0x0, 0x0, 0x0, 0x7f,
    0xf7, 0x7f, 0xf7, 0x0, 0x0, 0x0, 0x7f, 0xf7,
    0x7f, 0xf7, 0x0, 0x0, 0x0, 0x7f, 0xf7, 0x7f,
    0xf7, 0x0, 0x0, 0x0, 0x7f, 0xf7, 0x7f, 0xf7,
    0x0, 0x0, 0x0, 0x7f, 0xf7, 0x7f, 0xf7, 0x0,
    0x0, 0x0, 0x7f, 0xf7, 0x7f, 0xf7, 0x0, 0x0,
    0x0, 0x7f, 0xf7, 0x7f, 0xf7, 0x0, 0x0, 0x0,
    0x7f, 0xf7, 0x7f, 0xf7, 0x0, 0x0, 0x0, 0x7f,
    0xf7, 0x6f, 0xf9, 0x0, 0x0, 0x0, 0x9f, 0xf6,
    0x3f, 0xfd, 0x0, 0x0, 0x0, 0xdf, 0xf3, 0xe,
    0xff, 0x90, 0x0, 0x9, 0xff, 0xe0, 0x6, 0xff,
    0xfe, 0xbb, 0xef, 0xff, 0x50, 0x0, 0x7f, 0xff,
    0xff, 0xff, 0xf7, 0x0, 0x0, 0x3, 0x9d, 0xff,
    0xd9, 0x30, 0x0,

    /* U+00D5 "Õ" */
    0x0, 0x9, 0xee, 0x90, 0x2, 0xfe, 0x0, 0x0,
    0x8f, 0xff, 0xfc, 0x15, 0xfc, 0x0, 0x0, 0xcf,
    0x51, 0xcf, 0xff, 0xf8, 0x0, 0x0, 0xef, 0x20,
    0x9, 0xee, 0x90, 0x0, 0x0, 0x0, 0x0, 0x0,
    0x0, 0x0, 0x0, 0x0, 0x0, 0x0, 0x0, 0x0,
    0x0, 0x0, 0x0, 0x0, 0x0, 0x0, 0x0, 0x0,
    0x0, 0x0, 0x2, 0x9d, 0xff, 0xd9, 0x30, 0x0,
    0x0, 0x7f, 0xff, 0xff, 0xff, 0xf7, 0x0, 0x6,
    0xff, 0xfe, 0xcc, 0xef, 0xff, 0x60, 0xe, 0xff,
    0x90, 0x0, 0x9, 0xff, 0xe0, 0x3f, 0xfd, 0x0,
    0x0, 0x0, 0xdf, 0xf3, 0x6f, 0xf9, 0x0, 0x0,
    0x0, 0x9f, 0xf6, 0x7f, 0xf7, 0x0, 0x0, 0x0,
    0x7f, 0xf7, 0x7f, 0xf7, 0x0, 0x0, 0x0, 0x7f,
    0xf7, 0x7f, 0xf7, 0x0, 0x0, 0x0, 0x7f, 0xf7,
    0x7f, 0xf7, 0x0, 0x0, 0x0, 0x7f, 0xf7, 0x7f,
    0xf7, 0x0, 0x0, 0x0, 0x7f, 0xf7, 0x7f, 0xf7,
    0x0, 0x0, 0x0, 0x7f, 0xf7, 0x7f, 0xf7, 0x0,
    0x0, 0x0, 0x7f, 0xf7, 0x7f, 0xf7, 0x0, 0x0,
    0x0, 0x7f, 0xf7, 0x7f, 0xf7, 0x0, 0x0, 0x0,
    0x7f, 0xf7, 0x7f, 0xf7, 0x0, 0x0, 0x0, 0x7f,
    0xf7, 0x6f, 0xf9, 0x0, 0x0, 0x0, 0x9f, 0xf6,
    0x3f, 0xfd, 0x0, 0x0, 0x0, 0xdf, 0xf3, 0xe,
    0xff, 0x90, 0x0, 0x9, 0xff, 0xe0, 0x6, 0xff,
    0xfe, 0xbb, 0xef, 0xff, 0x50, 0x0, 0x7f, 0xff,
    0xff, 0xff, 0xf7, 0x0, 0x0, 0x3, 0x9d, 0xff,
    0xd9, 0x30, 0x0,

    /* U+00D6 "Ö" */
    0x0, 0xaf, 0xc1, 0x0, 0x1c, 0xfa, 0x0, 0x4,
    0xff, 0xf8, 0x0, 0x8f, 0xff, 0x40, 0x4, 0xff,
    0xf8, 0x0, 0x8f, 0xff, 0x40, 0x0, 0xaf, 0xc1,
    0x0, 0x1c, 0xfa, 0x0, 0x0, 0x0, 0x0, 0x0,
    0x0, 0x0, 0x0, 0x0, 0x0, 0x0, 0x0, 0x0,
    0x0, 0x0, 0x0, 0x0, 0x0, 0x0, 0x0, 0x0,
    0x0, 0x0, 0x2, 0x9d, 0xff, 0xd9, 0x30, 0x0,
    0x0, 0x7f, 0xff, 0xff, 0xff, 0xf7, 0x0, 0x6,
    0xff, 0xfe, 0xcc, 0xef, 0xff, 0x60, 0xe, 0xff,
    0x90, 0x0, 0x9, 0xff, 0xe0, 0x3f, 0xfd, 0x0,
    0x0, 0x0, 0xdf, 0xf3, 0x6f, 0xf9, 0x0, 0x0,
    0x0, 0x9f, 0xf6, 0x7f, 0xf7, 0x0, 0x0, 0x0,
    0x7f, 0xf7, 0x7f, 0xf7, 0x0, 0x0, 0x0, 0x7f,
    0xf7, 0x7f, 0xf7, 0x0, 0x0, 0x0, 0x7f, 0xf7,
    0x7f, 0xf7, 0x0, 0x0, 0x0, 0x7f, 0xf7, 0x7f,
    0xf7, 0x0, 0x0, 0x0, 0x7f, 0xf7, 0x7f, 0xf7,
    0x0, 0x0, 0x0, 0x7f, 0xf7, 0x7f, 0xf7, 0x0,
    0x0, 0x0, 0x7f, 0xf7, 0x7f, 0xf7, 0x0, 0x0,
    0x0, 0x7f, 0xf7, 0x7f, 0xf7, 0x0, 0x0, 0x0,
    0x7f, 0xf7, 0x7f, 0xf7, 0x0, 0x0, 0x0, 0x7f,
    0xf7, 0x6f, 0xf9, 0x0, 0x0, 0x0, 0x9f, 0xf6,
    0x3f, 0xfd, 0x0, 0x0, 0x0, 0xdf, 0xf3, 0xe,
    0xff, 0x90, 0x0, 0x9, 0xff, 0xe0, 0x6, 0xff,
    0xfe, 0xbb, 0xef, 0xff, 0x50, 0x0, 0x7f, 0xff,
    0xff, 0xff, 0xf7, 0x0, 0x0, 0x3, 0x9d, 0xff,
    0xd9, 0x30, 0x0,

    /* U+00D7 "×" */
    0x0, 0x0, 0x0, 0x0, 0x0, 0x0, 0x9, 0x40,
    0x0, 0x0, 0x5, 0xb0, 0x9f, 0xf4, 0x0, 0x0,
    0x5f, 0xfa, 0x5f, 0xff, 0x40, 0x5, 0xff, 0xf4,
    0x5, 0xff, 0xf4, 0x5f, 0xff, 0x40, 0x0, 0x5f,
    0xff, 0xff, 0xf4, 0x0, 0x0, 0x6, 0xff, 0xff,
    0x40, 0x0, 0x0, 0x4, 0xff, 0xff, 0x30, 0x0,
    0x0, 0x4f, 0xff, 0xff, 0xf3, 0x0, 0x4, 0xff,
    0xf4, 0x6f, 0xff, 0x30, 0x4f, 0xff, 0x40, 0x6,
    0xff, 0xe3, 0xaf, 0xf5, 0x0, 0x0, 0x6f, 0xf8,
    0xa, 0x50, 0x0, 0x0, 0x6, 0x90, 0x0, 0x0,
    0x0, 0x0, 0x0, 0x0,

    /* U+00D8 "Ø" */
    0x0, 0x0, 0x0, 0x0, 0x0, 0x0, 0x0, 0xdf,
    0xc0, 0x0, 0x0, 0x3, 0x9d, 0xff, 0xd9, 0x33,
    0xff, 0x50, 0x0, 0x0, 0x8f, 0xff, 0xff, 0xff,
    0xfd, 0xfd, 0x0, 0x0, 0x6, 0xff, 0xfe, 0xcb,
    0xef, 0xff, 0xf6, 0x0, 0x0, 0xe, 0xff, 0x90,
    0x0, 0x8, 0xff, 0xf0, 0x0, 0x0, 0x4f, 0xfd,
    0x0, 0x0, 0x6, 0xff, 0xf4, 0x0, 0x0, 0x6f,
    0xf9, 0x0, 0x0, 0xe, 0xff, 0xf6, 0x0, 0x0,
    0x7f, 0xf7, 0x0, 0x0, 0x8f, 0xff, 0xf7, 0x0,
    0x0, 0x7f, 0xf7, 0x0, 0x2, 0xff, 0xef, 0xf7,
    0x0, 0x0, 0x7f, 0xf7, 0x0, 0xb, 0xfe, 0x8f,
    0xf7, 0x0, 0x0, 0x7f, 0xf7, 0x0, 0x4f, 0xf6,
    0x7f, 0xf7, 0x0, 0x0, 0x7f, 0xf7, 0x0, 0xdf,
    0xc0, 0x7f, 0xf7, 0x0, 0x0, 0x7f, 0xf7, 0x7,
    0xff, 0x30, 0x7f, 0xf7, 0x0, 0x0, 0x7f, 0xf7,
    0x1f, 0xfa, 0x0, 0x7f, 0xf7, 0x0, 0x0, 0x7f,
    0xf7, 0xaf, 0xf1, 0x0, 0x7f, 0xf7, 0x0, 0x0,
    0x7f, 0xfa, 0xff, 0x70, 0x0, 0x7f, 0xf7, 0x0,
    0x0, 0x7f, 0xff, 0xfd, 0x0, 0x0, 0x7f, 0xf7,
    0x0, 0x0, 0x6f, 0xff, 0xf4, 0x0, 0x0, 0x9f,
    0xf6, 0x0, 0x0, 0x3f, 0xff, 0xb0, 0x0, 0x0,
    0xdf, 0xf4, 0x0, 0x0, 0xe, 0xff, 0x90, 0x0,
    0x9, 0xff, 0xe0, 0x0, 0x0, 0x2f, 0xff, 0xfe,
    0xbb, 0xef, 0xff, 0x60, 0x0, 0x0, 0xaf, 0xff,
    0xff, 0xff, 0xff, 0xf8, 0x0, 0x0, 0x3, 0xff,
    0x63, 0x9d, 0xff, 0xd9, 0x30, 0x0, 0x0, 0xc,
    0xfd, 0x0, 0x0, 0x0, 0x0, 0x0, 0x0, 0x0,

    /* U+00D9 "Ù" */
    0x0, 0x3f, 0xff, 0x20, 0x0, 0x0, 0x0, 0x0,
    0x4, 0xff, 0xd1, 0x0, 0x0, 0x0, 0x0, 0x0,
    0x6f, 0xfb, 0x0, 0x0, 0x0, 0x0, 0x0, 0x8,
    0xff, 0x90, 0x0, 0x0, 0x0, 0x0, 0x0, 0x0,
    0x0, 0x0, 0x0, 0x0, 0x0, 0x0, 0x0, 0x0,
    0x0, 0x0, 0x0, 0x0, 0x0, 0x0, 0x0, 0x0,
    0x0, 0x6f, 0xf8, 0x0, 0x0, 0x0, 0x8f, 0xf7,
    0x6f, 0xf8, 0x0, 0x0, 0x0, 0x8f, 0xf7, 0x6f,
    0xf8, 0x0, 0x0, 0x0, 0x8f, 0xf7, 0x6f, 0xf8,
    0x0, 0x0, 0x0, 0x8f, 0xf7, 0x6f, 0xf8, 0x0,
    0x0, 0x0, 0x8f, 0xf7, 0x6f, 0xf8, 0x0, 0x0,
    0x0, 0x8f, 0xf7, 0x6f, 0xf8, 0x0, 0x0, 0x0,
    0x8f, 0xf7, 0x6f, 0xf8, 0x0, 0x0, 0x0, 0x8f,
    0xf7, 0x6f, 0xf8, 0x0, 0x0, 0x0, 0x8f, 0xf7,
    0x6f, 0xf8, 0x0, 0x0, 0x0, 0x8f, 0xf7, 0x6f,
    0xf8, 0x0, 0x0, 0x0, 0x8f, 0xf7, 0x6f, 0xf8,
    0x0, 0x0, 0x0, 0x8f, 0xf7, 0x6f, 0xf8, 0x0,
    0x0, 0x0, 0x8f, 0xf7, 0x6f, 0xf8, 0x0, 0x0,
    0x0, 0x8f, 0xf7, 0x6f, 0xf8, 0x0, 0x0, 0x0,
    0x8f, 0xf7, 0x6f, 0xf8, 0x0, 0x0, 0x0, 0x8f,
    0xf7, 0x5f, 0xfa, 0x0, 0x0, 0x0, 0xaf, 0xf6,
    0x3f, 0xfe, 0x0, 0x0, 0x0, 0xef, 0xf3, 0xe,
    0xff, 0xa0, 0x0, 0xa, 0xff, 0xe0, 0x6, 0xff,
    0xfe, 0xbc, 0xef, 0xff, 0x60, 0x0, 0x8f, 0xff,
    0xff, 0xff, 0xf8, 0x0, 0x0, 0x3, 0xad, 0xff,
    0xda, 0x30, 0x0,

    /* U+00DA "Ú" */
    0x0, 0x0, 0x0, 0x2, 0xff, 0xe2, 0x0, 0x0,
    0x0, 0x0, 0xd, 0xff, 0x40, 0x0, 0x0, 0x0,
    0x0, 0xaf, 0xf6, 0x0, 0x0, 0x0, 0x0, 0x7,
    0xff, 0x80, 0x0, 0x0, 0x0, 0x0, 0x0, 0x0,
    0x0, 0x0, 0x0, 0x0, 0x0, 0x0, 0x0, 0x0,
    0x0, 0x0, 0x0, 0x0, 0x0, 0x0, 0x0, 0x0,
    0x0, 0x6f, 0xf8, 0x0, 0x0, 0x0, 0x8f, 0xf7,
    0x6f, 0xf8, 0x0, 0x0, 0x0, 0x8f, 0xf7, 0x6f,
    0xf8, 0x0, 0x0, 0x0, 0x8f, 0xf7, 0x6f, 0xf8,
    0x0, 0x0, 0x0, 0x8f, 0xf7, 0x6f, 0xf8, 0x0,
    0x0, 0x0, 0x8f, 0xf7, 0x6f, 0xf8, 0x0, 0x0,
    0x0, 0x8f, 0xf7, 0x6f, 0xf8, 0x0, 0x0, 0x0,
    0x8f, 0xf7, 0x6f, 0xf8, 0x0, 0x0, 0x0, 0x8f,
    0xf7, 0x6f, 0xf8, 0x0, 0x0, 0x0, 0x8f, 0xf7,
    0x6f, 0xf8, 0x0, 0x0, 0x0, 0x8f, 0xf7, 0x6f,
    0xf8, 0x0, 0x0, 0x0, 0x8f, 0xf7, 0x6f, 0xf8,
    0x0, 0x0, 0x0, 0x8f, 0xf7, 0x6f, 0xf8, 0x0,
    0x0, 0x0, 0x8f, 0xf7, 0x6f, 0xf8, 0x0, 0x0,
    0x0, 0x8f, 0xf7, 0x6f, 0xf8, 0x0, 0x0, 0x0,
    0x8f, 0xf7, 0x6f, 0xf8, 0x0, 0x0, 0x0, 0x8f,
    0xf7, 0x5f, 0xfa, 0x0, 0x0, 0x0, 0xaf, 0xf6,
    0x3f, 0xfe, 0x0, 0x0, 0x0, 0xef, 0xf3, 0xe,
    0xff, 0xa0, 0x0, 0xa, 0xff, 0xe0, 0x6, 0xff,
    0xfe, 0xbc, 0xef, 0xff, 0x60, 0x0, 0x8f, 0xff,
    0xff, 0xff, 0xf8, 0x0, 0x0, 0x3, 0xad, 0xff,
    0xda, 0x30, 0x0,

    /* U+00DB "Û" */
    0x0, 0x0, 0x1d, 0xff, 0xc1, 0x0, 0x0, 0x0,
    0x1, 0xdf, 0xff, 0xfd, 0x10, 0x0, 0x0, 0x1d,
    0xff, 0x44, 0xff, 0xd1, 0x0, 0x2, 0xef, 0xf3,
    0x0, 0x3e, 0xfe, 0x20, 0x0, 0x0, 0x0, 0x0,
    0x0, 0x0, 0x0, 0x0, 0x0, 0x0, 0x0, 0x0,
    0x0, 0x0, 0x0, 0x0, 0x0, 0x0, 0x0, 0x0,
    0x0, 0x6f, 0xf8, 0x0, 0x0, 0x0, 0x8f, 0xf7,
    0x6f, 0xf8, 0x0, 0x0, 0x0, 0x8f, 0xf7, 0x6f,
    0xf8, 0x0, 0x0, 0x0, 0x8f, 0xf7, 0x6f, 0xf8,
    0x0, 0x0, 0x0, 0x8f, 0xf7, 0x6f, 0xf8, 0x0,
    0x0, 0x0, 0x8f, 0xf7, 0x6f, 0xf8, 0x0, 0x0,
    0x0, 0x8f, 0xf7, 0x6f, 0xf8, 0x0, 0x0, 0x0,
    0x8f, 0xf7, 0x6f, 0xf8, 0x0, 0x0, 0x0, 0x8f,
    0xf7, 0x6f, 0xf8, 0x0, 0x0, 0x0, 0x8f, 0xf7,
    0x6f, 0xf8, 0x0, 0x0, 0x0, 0x8f, 0xf7, 0x6f,
    0xf8, 0x0, 0x0, 0x0, 0x8f, 0xf7, 0x6f, 0xf8,
    0x0, 0x0, 0x0, 0x8f, 0xf7, 0x6f, 0xf8, 0x0,
    0x0, 0x0, 0x8f, 0xf7, 0x6f, 0xf8, 0x0, 0x0,
    0x0, 0x8f, 0xf7, 0x6f, 0xf8, 0x0, 0x0, 0x0,
    0x8f, 0xf7, 0x6f, 0xf8, 0x0, 0x0, 0x0, 0x8f,
    0xf7, 0x5f, 0xfa, 0x0, 0x0, 0x0, 0xaf, 0xf6,
    0x3f, 0xfe, 0x0, 0x0, 0x0, 0xef, 0xf3, 0xe,
    0xff, 0xa0, 0x0, 0xa, 0xff, 0xe0, 0x6, 0xff,
    0xfe, 0xbc, 0xef, 0xff, 0x60, 0x0, 0x8f, 0xff,
    0xff, 0xff, 0xf8, 0x0, 0x0, 0x3, 0xad, 0xff,
    0xda, 0x30, 0x0,

    /* U+00DC "Ü" */
    0x0, 0xaf, 0xc1, 0x0, 0x1c, 0xfa, 0x0, 0x4,
    0xff, 0xf8, 0x0, 0x8f, 0xff, 0x40, 0x4, 0xff,
    0xf8, 0x0, 0x8f, 0xff, 0x40, 0x0, 0xaf, 0xc1,
    0x0, 0x1c, 0xfa, 0x0, 0x0, 0x0, 0x0, 0x0,
    0x0, 0x0, 0x0, 0x0, 0x0, 0x0, 0x0, 0x0,
    0x0, 0x0, 0x0, 0x0, 0x0, 0x0, 0x0, 0x0,
    0x0, 0x6f, 0xf8, 0x0, 0x0, 0x0, 0x8f, 0xf7,
    0x6f, 0xf8, 0x0, 0x0, 0x0, 0x8f, 0xf7, 0x6f,
    0xf8, 0x0, 0x0, 0x0, 0x8f, 0xf7, 0x6f, 0xf8,
    0x0, 0x0, 0x0, 0x8f, 0xf7, 0x6f, 0xf8, 0x0,
    0x0, 0x0, 0x8f, 0xf7, 0x6f, 0xf8, 0x0, 0x0,
    0x0, 0x8f, 0xf7, 0x6f, 0xf8, 0x0, 0x0, 0x0,
    0x8f, 0xf7, 0x6f, 0xf8, 0x0, 0x0, 0x0, 0x8f,
    0xf7, 0x6f, 0xf8, 0x0, 0x0, 0x0, 0x8f, 0xf7,
    0x6f, 0xf8, 0x0, 0x0, 0x0, 0x8f, 0xf7, 0x6f,
    0xf8, 0x0, 0x0, 0x0, 0x8f, 0xf7, 0x6f, 0xf8,
    0x0, 0x0, 0x0, 0x8f, 0xf7, 0x6f, 0xf8, 0x0,
    0x0, 0x0, 0x8f, 0xf7, 0x6f, 0xf8, 0x0, 0x0,
    0x0, 0x8f, 0xf7, 0x6f, 0xf8, 0x0, 0x0, 0x0,
    0x8f, 0xf7, 0x6f, 0xf8, 0x0, 0x0, 0x0, 0x8f,
    0xf7, 0x5f, 0xfa, 0x0, 0x0, 0x0, 0xaf, 0xf6,
    0x3f, 0xfe, 0x0, 0x0, 0x0, 0xef, 0xf3, 0xe,
    0xff, 0xa0, 0x0, 0xa, 0xff, 0xe0, 0x6, 0xff,
    0xfe, 0xbc, 0xef, 0xff, 0x60, 0x0, 0x8f, 0xff,
    0xff, 0xff, 0xf8, 0x0, 0x0, 0x3, 0xad, 0xff,
    0xda, 0x30, 0x0,

    /* U+00DD "Ý" */
    0x0, 0x0, 0x0, 0x0, 0x1, 0xff, 0xf2, 0x0,
    0x0, 0x0, 0x0, 0x0, 0x0, 0xb, 0xff, 0x60,
    0x0, 0x0, 0x0, 0x0, 0x0, 0x0, 0x7f, 0xfa,
    0x0, 0x0, 0x0, 0x0, 0x0, 0x0, 0x2, 0xff,
    0xd0, 0x0, 0x0, 0x0, 0x0, 0x0, 0x0, 0x5,
    0x88, 0x20, 0x0, 0x0, 0x0, 0x0, 0x0, 0x0,
    0x0, 0x0, 0x0, 0x0, 0x0, 0x0, 0x0, 0x0,
    0x0, 0x0, 0x0, 0x0, 0x0, 0x0, 0x0, 0xc,
    0xff, 0x50, 0x0, 0x0, 0x0, 0x4, 0xff, 0xc0,
    0x5, 0xff, 0xc0, 0x0, 0x0, 0x0, 0xb, 0xff,
    0x50, 0x0, 0xdf, 0xf4, 0x0, 0x0, 0x0, 0x2f,
    0xfd, 0x0, 0x0, 0x6f, 0xfb, 0x0, 0x0, 0x0,
    0xaf, 0xf6, 0x0, 0x0, 0xe, 0xff, 0x30, 0x0,
    0x2, 0xff, 0xe0, 0x0, 0x0, 0x6, 0xff, 0xa0,
    0x0, 0x9, 0xff, 0x70, 0x0, 0x0, 0x0, 0xef,
    0xf2, 0x0, 0x1f, 0xfe, 0x0, 0x0, 0x0, 0x0,
    0x7f, 0xf9, 0x0, 0x8f, 0xf7, 0x0, 0x0, 0x0,
    0x0, 0xf, 0xff, 0x10, 0xef, 0xf1, 0x0, 0x0,
    0x0, 0x0, 0x8, 0xff, 0x76, 0xff, 0x80, 0x0,
    0x0, 0x0, 0x0, 0x1, 0xff, 0xdc, 0xff, 0x10,
    0x0, 0x0, 0x0, 0x0, 0x0, 0x9f, 0xff, 0xf9,
    0x0, 0x0, 0x0, 0x0, 0x0, 0x0, 0x1f, 0xff,
    0xf2, 0x0, 0x0, 0x0, 0x0, 0x0, 0x0, 0xa,
    0xff, 0xa0, 0x0, 0x0, 0x0, 0x0, 0x0, 0x0,
    0x7, 0xff, 0x80, 0x0, 0x0, 0x0, 0x0, 0x0,
    0x0, 0x7, 0xff, 0x80, 0x0, 0x0, 0x0, 0x0,
    0x0, 0x0, 0x7, 0xff, 0x80, 0x0, 0x0, 0x0,
    0x0, 0x0, 0x0, 0x7, 0xff, 0x80, 0x0, 0x0,
    0x0, 0x0, 0x0, 0x0, 0x7, 0xff, 0x80, 0x0,
    0x0, 0x0, 0x0, 0x0, 0x0, 0x7, 0xff, 0x80,
    0x0, 0x0, 0x0, 0x0, 0x0, 0x0, 0x7, 0xff,
    0x80, 0x0, 0x0, 0x0, 0x0, 0x0, 0x0, 0x7,
    0xff, 0x80, 0x0, 0x0, 0x0,

    /* U+00DE "Þ" */
    0x6f, 0xf9, 0x0, 0x0, 0x0, 0x0, 0x0, 0x6,
    0xff, 0x90, 0x0, 0x0, 0x0, 0x0, 0x0, 0x6f,
    0xf9, 0x0, 0x0, 0x0, 0x0, 0x0, 0x6, 0xff,
    0x90, 0x0, 0x0, 0x0, 0x0, 0x0, 0x6f, 0xfd,
    0x99, 0x99, 0x87, 0x30, 0x0, 0x6, 0xff, 0xff,
    0xff, 0xff, 0xff, 0xc2, 0x0, 0x6f, 0xff, 0xff,
    0xff, 0xff, 0xff, 0xf2, 0x6, 0xff, 0x90, 0x0,
    0x1, 0x5e, 0xff, 0xd0, 0x6f, 0xf9, 0x0, 0x0,
    0x0, 0x2f, 0xff, 0x46, 0xff, 0x90, 0x0, 0x0,
    0x0, 0xaf, 0xf7, 0x6f, 0xf9, 0x0, 0x0, 0x0,
    0x8, 0xff, 0x96, 0xff, 0x90, 0x0, 0x0, 0x0,
    0xaf, 0xf8, 0x6f, 0xf9, 0x0, 0x0, 0x0, 0x1f,
    0xff, 0x46, 0xff, 0x90, 0x0, 0x1, 0x5d, 0xff,
    0xd0, 0x6f, 0xff, 0xff, 0xff, 0xff, 0xff, 0xf3,
    0x6, 0xff, 0xff, 0xff, 0xff, 0xff, 0xd3, 0x0,
    0x6f, 0xfd, 0xaa, 0xaa, 0x98, 0x40, 0x0, 0x6,
    0xff, 0x90, 0x0, 0x0, 0x0, 0x0, 0x0, 0x6f,
    0xf9, 0x0, 0x0, 0x0, 0x0, 0x0, 0x6, 0xff,
    0x90, 0x0, 0x0, 0x0, 0x0, 0x0, 0x6f, 0xf9,
    0x0, 0x0, 0x0, 0x0, 0x0, 0x6, 0xff, 0x90,
    0x0, 0x0, 0x0, 0x0, 0x0,

    /* U+00DF "ß" */
    0x0, 0x1, 0x7c, 0xef, 0xda, 0x40, 0x0, 0x0,
    0x4, 0xef, 0xff, 0xff, 0xff, 0xa0, 0x0, 0x3,
    0xff, 0xff, 0xbb, 0xef, 0xff, 0x90, 0x0, 0xcf,
    0xfb, 0x0, 0x0, 0x8f, 0xff, 0x20, 0x2f, 0xfe,
    0x10, 0x0, 0x0, 0xcf, 0xf6, 0x4, 0xff, 0xb0,
    0x0, 0x0, 0x8, 0xff, 0x80, 0x6f, 0xf9, 0x0,
    0x0, 0x0, 0x9f, 0xf5, 0x6, 0xff, 0x90, 0x0,
    0x0, 0x1e, 0xfe, 0x0, 0x6f, 0xf9, 0x0, 0x1,
    0x4d, 0xff, 0x50, 0x6, 0xff, 0x90, 0x3f, 0xff,
    0xfb, 0x40, 0x0, 0x6f, 0xf9, 0x3, 0xff, 0xff,
    0xd6, 0x0, 0x6, 0xff, 0x90, 0x29, 0x9b, 0xff,
    0xfa, 0x0, 0x6f, 0xf9, 0x0, 0x0, 0x2, 0xef,
    0xf5, 0x6, 0xff, 0x90, 0x0, 0x0, 0x4, 0xff,
    0xd0, 0x6f, 0xf9, 0x0, 0x0, 0x0, 0xe, 0xff,
    0x16, 0xff, 0x90, 0x0, 0x0, 0x0, 0xdf, 0xf2,
    0x6f, 0xf9, 0x0, 0x0, 0x0, 0xf, 0xff, 0x16,
    0xff, 0x90, 0x0, 0x0, 0x6, 0xff, 0xe0, 0x6f,
    0xf9, 0x0, 0x0, 0x5, 0xff, 0xf8, 0x6, 0xff,
    0x90, 0x2b, 0xbe, 0xff, 0xfd, 0x10, 0x6f, 0xf9,
    0x3, 0xff, 0xff, 0xfc, 0x20, 0x6, 0xff, 0x90,
    0x3f, 0xfe, 0xb6, 0x0, 0x0,

    /* U+00E0 "à" */
    0x0, 0x1, 0xef, 0xf4, 0x0, 0x0, 0x0, 0x0,
    0x0, 0x2, 0xff, 0xe2, 0x0, 0x0, 0x0, 0x0,
    0x0, 0x4, 0xff, 0xd0, 0x0, 0x0, 0x0, 0x0,
    0x0, 0x6, 0xff, 0xb0, 0x0, 0x0, 0x0, 0x0,
    0x0, 0x0, 0x0, 0x0, 0x0, 0x0, 0x0, 0x0,
    0x0, 0x0, 0x0, 0x0, 0x0, 0x0, 0x0, 0x0,
    0x0, 0x0, 0x0, 0x0, 0x0, 0x0, 0x4, 0xad,
    0xff, 0xea, 0x40, 0x0, 0x0, 0xa, 0xff, 0xff,
    0xff, 0xff, 0xa0, 0x0, 0x9, 0xff, 0xfc, 0x99,
    0xcf, 0xff, 0x80, 0x1, 0xff, 0xf3, 0x0, 0x0,
    0x5f, 0xff, 0x0, 0x2a, 0xa7, 0x0, 0x0, 0x0,
    0xcf, 0xf4, 0x0, 0x0, 0x0, 0x0, 0x0, 0xa,
    0xff, 0x50, 0x0, 0x0, 0x23, 0x33, 0x33, 0xbf,
    0xf5, 0x0, 0x7, 0xef, 0xff, 0xff, 0xff, 0xff,
    0x50, 0xb, 0xff, 0xff, 0xff, 0xff, 0xff, 0xf5,
    0x7, 0xff, 0xe5, 0x0, 0x0, 0x9, 0xff, 0x50,
    0xdf, 0xf4, 0x0, 0x0, 0x0, 0x9f, 0xf5, 0xf,
    0xff, 0x0, 0x0, 0x0, 0xa, 0xff, 0x50, 0xff,
    0xf1, 0x0, 0x0, 0x0, 0xef, 0xf5, 0xc, 0xff,
    0xa0, 0x0, 0x1, 0xaf, 0xff, 0x50, 0x6f, 0xff,
    0xd9, 0x8a, 0xff, 0xbf, 0xf5, 0x0, 0x9f, 0xff,
    0xff, 0xff, 0x88, 0xff, 0x50, 0x0, 0x5b, 0xef,
    0xeb, 0x40, 0x8f, 0xf5,

    /* U+00E1 "á" */
    0x0, 0x0, 0x0, 0x0, 0x1e, 0xff, 0x40, 0x0,
    0x0, 0x0, 0x0, 0xb, 0xff, 0x60, 0x0, 0x0,
    0x0, 0x0, 0x8, 0xff, 0x80, 0x0, 0x0, 0x0,
    0x0, 0x5, 0xff, 0xb0, 0x0, 0x0, 0x0, 0x0,
    0x0, 0x0, 0x0, 0x0, 0x0, 0x0, 0x0, 0x0,
    0x0, 0x0, 0x0, 0x0, 0x0, 0x0, 0x0, 0x0,
    0x0, 0x0, 0x0, 0x0, 0x0, 0x0, 0x4, 0xad,
    0xff, 0xea, 0x40, 0x0, 0x0, 0xa, 0xff, 0xff,
    0xff, 0xff, 0xa0, 0x0, 0x9, 0xff, 0xfc, 0x99,
    0xcf, 0xff, 0x80, 0x1, 0xff, 0xf3, 0x0, 0x0,
    0x5f, 0xff, 0x0, 0x2a, 0xa7, 0x0, 0x0, 0x0,
    0xcf, 0xf4, 0x0, 0x0, 0x0, 0x0, 0x0, 0xa,
    0xff, 0x50, 0x0, 0x0, 0x23, 0x33, 0x33, 0xbf,
    0xf5, 0x0, 0x7, 0xef, 0xff, 0xff, 0xff, 0xff,
    0x50, 0xb, 0xff, 0xff, 0xff, 0xff, 0xff, 0xf5,
    0x7, 0xff, 0xe5, 0x0, 0x0, 0x9, 0xff, 0x50,
    0xdf, 0xf4, 0x0, 0x0, 0x0, 0x9f, 0xf5, 0xf,
    0xff, 0x0, 0x0, 0x0, 0xa, 0xff, 0x50, 0xff,
    0xf1, 0x0, 0x0, 0x0, 0xef, 0xf5, 0xc, 0xff,
    0xa0, 0x0, 0x1, 0xaf, 0xff, 0x50, 0x6f, 0xff,
    0xd9, 0x8a, 0xff, 0xbf, 0xf5, 0x0, 0x9f, 0xff,
    0xff, 0xff, 0x88, 0xff, 0x50, 0x0, 0x5b, 0xef,
    0xeb, 0x40, 0x8f, 0xf5,

    /* U+00E2 "â" */
    0x0, 0x0, 0x0, 0xbf, 0xfe, 0x20, 0x0, 0x0,
    0x0, 0x0, 0xcf, 0xff, 0xfe, 0x20, 0x0, 0x0,
    0x1, 0xcf, 0xf6, 0x2e, 0xfe, 0x30, 0x0, 0x1,
    0xcf, 0xf5, 0x0, 0x2d, 0xff, 0x30, 0x0, 0x0,
    0x0, 0x0, 0x0, 0x0, 0x0, 0x0, 0x0, 0x0,
    0x0, 0x0, 0x0, 0x0, 0x0, 0x0, 0x0, 0x0,
    0x0, 0x0, 0x0, 0x0, 0x0, 0x0, 0x4, 0xad,
    0xff, 0xea, 0x40, 0x0, 0x0, 0xa, 0xff, 0xff,
    0xff, 0xff, 0xa0, 0x0, 0x9, 0xff, 0xfc, 0x99,
    0xcf, 0xff, 0x80, 0x1, 0xff, 0xf3, 0x0, 0x0,
    0x5f, 0xff, 0x0, 0x2a, 0xa7, 0x0, 0x0, 0x0,
    0xcf, 0xf4, 0x0, 0x0, 0x0, 0x0, 0x0, 0xa,
    0xff, 0x50, 0x0, 0x0, 0x23, 0x33, 0x33, 0xbf,
    0xf5, 0x0, 0x7, 0xef, 0xff, 0xff, 0xff, 0xff,
    0x50, 0xb, 0xff, 0xff, 0xff, 0xff, 0xff, 0xf5,
    0x7, 0xff, 0xe5, 0x0, 0x0, 0x9, 0xff, 0x50,
    0xdf, 0xf4, 0x0, 0x0, 0x0, 0x9f, 0xf5, 0xf,
    0xff, 0x0, 0x0, 0x0, 0xa, 0xff, 0x50, 0xff,
    0xf1, 0x0, 0x0, 0x0, 0xef, 0xf5, 0xc, 0xff,
    0xa0, 0x0, 0x1, 0xaf, 0xff, 0x50, 0x6f, 0xff,
    0xd9, 0x8a, 0xff, 0xbf, 0xf5, 0x0, 0x9f, 0xff,
    0xff, 0xff, 0x88, 0xff, 0x50, 0x0, 0x5b, 0xef,
    0xeb, 0x40, 0x8f, 0xf5,

    /* U+00E3 "ã" */
    0x0, 0x0, 0x0, 0x0, 0x0, 0x0, 0x0, 0x0,
    0x0, 0x8, 0xef, 0xa1, 0x0, 0xff, 0x0, 0x0,
    0x6, 0xff, 0xff, 0xd2, 0x2f, 0xf0, 0x0, 0x0,
    0xaf, 0x71, 0xbf, 0xff, 0xfa, 0x0, 0x0, 0xb,
    0xf4, 0x0, 0x7e, 0xfb, 0x10, 0x0, 0x0, 0x0,
    0x0, 0x0, 0x0, 0x0, 0x0, 0x0, 0x0, 0x0,
    0x0, 0x0, 0x0, 0x0, 0x0, 0x0, 0x0, 0x0,
    0x0, 0x0, 0x0, 0x0, 0x0, 0x0, 0x4a, 0xdf,
    0xfe, 0xa4, 0x0, 0x0, 0x0, 0xaf, 0xff, 0xff,
    0xff, 0xfa, 0x0, 0x0, 0x9f, 0xff, 0xc9, 0x9c,
    0xff, 0xf8, 0x0, 0x1f, 0xff, 0x30, 0x0, 0x5,
    0xff, 0xf0, 0x2, 0xaa, 0x70, 0x0, 0x0, 0xc,
    0xff, 0x40, 0x0, 0x0, 0x0, 0x0, 0x0, 0xaf,
    0xf5, 0x0, 0x0, 0x2, 0x33, 0x33, 0x3b, 0xff,
    0x50, 0x0, 0x7e, 0xff, 0xff, 0xff, 0xff, 0xf5,
    0x0, 0xbf, 0xff, 0xff, 0xff, 0xff, 0xff, 0x50,
    0x7f, 0xfe, 0x50, 0x0, 0x0, 0x9f, 0xf5, 0xd,
    0xff, 0x40, 0x0, 0x0, 0x9, 0xff, 0x50, 0xff,
    0xf0, 0x0, 0x0, 0x0, 0xaf, 0xf5, 0xf, 0xff,
    0x10, 0x0, 0x0, 0xe, 0xff, 0x50, 0xcf, 0xfa,
    0x0, 0x0, 0x1a, 0xff, 0xf5, 0x6, 0xff, 0xfd,
    0x98, 0xaf, 0xfb, 0xff, 0x50, 0x9, 0xff, 0xff,
    0xff, 0xf8, 0x8f, 0xf5, 0x0, 0x5, 0xbe, 0xfe,
    0xb4, 0x8, 0xff, 0x50,

    /* U+00E4 "ä" */
    0x0, 0x8, 0xfd, 0x20, 0x0, 0xbf, 0xb0, 0x0,
    0x2, 0xff, 0xfa, 0x0, 0x6f, 0xff, 0x60, 0x0,
    0x2f, 0xff, 0xa0, 0x6, 0xff, 0xf6, 0x0, 0x0,
    0x8f, 0xd3, 0x0, 0xb, 0xfc, 0x0, 0x0, 0x0,
    0x0, 0x0, 0x0, 0x0, 0x0, 0x0, 0x0, 0x0,
    0x0, 0x0, 0x0, 0x0, 0x0, 0x0, 0x0, 0x0,
    0x0, 0x0, 0x0, 0x0, 0x0, 0x0, 0x4, 0xad,
    0xff, 0xea, 0x40, 0x0, 0x0, 0xa, 0xff, 0xff,
    0xff, 0xff, 0xa0, 0x0, 0x9, 0xff, 0xfc, 0x99,
    0xcf, 0xff, 0x80, 0x1, 0xff, 0xf3, 0x0, 0x0,
    0x5f, 0xff, 0x0, 0x2a, 0xa7, 0x0, 0x0, 0x0,
    0xcf, 0xf4, 0x0, 0x0, 0x0, 0x0, 0x0, 0xa,
    0xff, 0x50, 0x0, 0x0, 0x23, 0x33, 0x33, 0xbf,
    0xf5, 0x0, 0x7, 0xef, 0xff, 0xff, 0xff, 0xff,
    0x50, 0xb, 0xff, 0xff, 0xff, 0xff, 0xff, 0xf5,
    0x7, 0xff, 0xe5, 0x0, 0x0, 0x9, 0xff, 0x50,
    0xdf, 0xf4, 0x0, 0x0, 0x0, 0x9f, 0xf5, 0xf,
    0xff, 0x0, 0x0, 0x0, 0xa, 0xff, 0x50, 0xff,
    0xf1, 0x0, 0x0, 0x0, 0xef, 0xf5, 0xc, 0xff,
    0xa0, 0x0, 0x1, 0xaf, 0xff, 0x50, 0x6f, 0xff,
    0xd9, 0x8a, 0xff, 0xbf, 0xf5, 0x0, 0x9f, 0xff,
    0xff, 0xff, 0x88, 0xff, 0x50, 0x0, 0x5b, 0xef,
    0xeb, 0x40, 0x8f, 0xf5,

    /* U+00E5 "å" */
    0x0, 0x0, 0x0, 0x59, 0x96, 0x0, 0x0, 0x0,
    0x0, 0x0, 0xbf, 0xff, 0xfe, 0x10, 0x0, 0x0,
    0x0, 0x5f, 0xc2, 0x19, 0xfa, 0x0, 0x0, 0x0,
    0x8, 0xf6, 0x0, 0x1f, 0xd0, 0x0, 0x0, 0x0,
    0x6f, 0x90, 0x5, 0xfb, 0x0, 0x0, 0x0, 0x1,
    0xef, 0xcb, 0xff, 0x40, 0x0, 0x0, 0x0, 0x2,
    0xae, 0xfc, 0x40, 0x0, 0x0, 0x0, 0x0, 0x0,
    0x0, 0x0, 0x0, 0x0, 0x0, 0x0, 0x0, 0x0,
    0x0, 0x0, 0x0, 0x0, 0x0, 0x4, 0xad, 0xff,
    0xea, 0x40, 0x0, 0x0, 0xa, 0xff, 0xff, 0xff,
    0xff, 0xa0, 0x0, 0x9, 0xff, 0xfc, 0x99, 0xcf,
    0xff, 0x80, 0x1, 0xff, 0xf3, 0x0, 0x0, 0x5f,
    0xff, 0x0, 0x2a, 0xa7, 0x0, 0x0, 0x0, 0xcf,
    0xf4, 0x0, 0x0, 0x0, 0x0, 0x0, 0xa, 0xff,
    0x50, 0x0, 0x0, 0x23, 0x33, 0x33, 0xbf, 0xf5,
    0x0, 0x7, 0xef, 0xff, 0xff, 0xff, 0xff, 0x50,
    0xb, 0xff, 0xff, 0xff, 0xff, 0xff, 0xf5, 0x7,
    0xff, 0xe5, 0x0, 0x0, 0x9, 0xff, 0x50, 0xdf,
    0xf4, 0x0, 0x0, 0x0, 0x9f, 0xf5, 0xf, 0xff,
    0x0, 0x0, 0x0, 0xa, 0xff, 0x50, 0xff, 0xf1,
    0x0, 0x0, 0x0, 0xef, 0xf5, 0xc, 0xff, 0xa0,
    0x0, 0x1, 0xaf, 0xff, 0x50, 0x6f, 0xff, 0xd9,
    0x8a, 0xff, 0xbf, 0xf5, 0x0, 0x9f, 0xff, 0xff,
    0xff, 0x88, 0xff, 0x50, 0x0, 0x5b, 0xef, 0xeb,
    0x40, 0x8f, 0xf5,

    /* U+00E6 "æ" */
    0x0, 0x8, 0xef, 0xd7, 0x0, 0x6d, 0xfe, 0x91,
    0x0, 0xb, 0xff, 0xff, 0xf9, 0x6f, 0xff, 0xff,
    0xd0, 0x4, 0xff, 0xd6, 0x8f, 0xfd, 0xf9, 0x6c,
    0xff, 0x80, 0x9f, 0xf2, 0x0, 0x7f, 0xfa, 0x0,
    0xe, 0xfd, 0x3, 0x65, 0x0, 0x3, 0xff, 0x60,
    0x0, 0xbf, 0xf0, 0x0, 0x0, 0x0, 0x3f, 0xf6,
    0x0, 0xb, 0xff, 0x0, 0x0, 0x1, 0x24, 0xff,
    0x72, 0x22, 0xbf, 0xf0, 0x1, 0xaf, 0xff, 0xff,
    0xff, 0xff, 0xff, 0xff, 0x1, 0xef, 0xff, 0xff,
    0xff, 0xff, 0xff, 0xff, 0xf0, 0x9f, 0xf7, 0x0,
    0x3f, 0xf6, 0x0, 0x0, 0x0, 0xe, 0xfd, 0x0,
    0x3, 0xff, 0x60, 0x0, 0x0, 0x0, 0xff, 0xa0,
    0x0, 0x3f, 0xf6, 0x0, 0x0, 0x0, 0xf, 0xfa,
    0x0, 0x4, 0xff, 0x60, 0x0, 0x58, 0x70, 0xdf,
    0xe0, 0x0, 0x8f, 0xfa, 0x0, 0xe, 0xfd, 0x8,
    0xff, 0xc6, 0x8f, 0xfd, 0xf9, 0x6c, 0xff, 0x90,
    0xd, 0xff, 0xff, 0xf8, 0x5f, 0xff, 0xff, 0xd1,
    0x0, 0x19, 0xef, 0xd6, 0x0, 0x5c, 0xfe, 0x91,
    0x0,

    /* U+00E7 "ç" */
    0x0, 0x2, 0x8d, 0xff, 0xeb, 0x50, 0x0, 0x0,
    0x6f, 0xff, 0xff, 0xff, 0xfc, 0x10, 0x5, 0xff,
    0xff, 0xca, 0xdf, 0xff, 0xc0, 0xe, 0xff, 0xb1,
    0x0, 0x4, 0xff, 0xf5, 0x3f, 0xfe, 0x0, 0x0,
    0x0, 0x7f, 0xfa, 0x6f, 0xfa, 0x0, 0x0, 0x0,
    0x2c, 0xc9, 0x7f, 0xf8, 0x0, 0x0, 0x0, 0x0,
    0x0, 0x7f, 0xf8, 0x0, 0x0, 0x0, 0x0, 0x0,
    0x7f, 0xf8, 0x0, 0x0, 0x0, 0x0, 0x0, 0x7f,
    0xf8, 0x0, 0x0, 0x0, 0x0, 0x0, 0x7f, 0xf8,
    0x0, 0x0, 0x0, 0x0, 0x0, 0x6f, 0xfa, 0x0,
    0x0, 0x0, 0x2c, 0xc9, 0x3f, 0xfe, 0x0, 0x0,
    0x0, 0x7f, 0xfa, 0xe, 0xff, 0xb1, 0x0, 0x5,
    0xff, 0xf5, 0x5, 0xff, 0xff, 0xcb, 0xdf, 0xff,
    0xc0, 0x0, 0x6f, 0xff, 0xff, 0xff, 0xfc, 0x10,
    0x0, 0x2, 0x8e, 0xff, 0xeb, 0x50, 0x0, 0x0,
    0x0, 0xe, 0xf1, 0x0, 0x0, 0x0, 0x0, 0x0,
    0x3e, 0xff, 0xc4, 0x0, 0x0, 0x0, 0x0, 0x0,
    0x19, 0xff, 0x30, 0x0, 0x0, 0x0, 0x0, 0x5,
    0xff, 0x80, 0x0, 0x0, 0x0, 0x9b, 0xcf, 0xff,
    0x30, 0x0, 0x0, 0x0, 0xcf, 0xfe, 0xb3, 0x0,
    0x0,

    /* U+00E8 "è" */
    0x0, 0x3f, 0xff, 0x20, 0x0, 0x0, 0x0, 0x0,
    0x4, 0xff, 0xd1, 0x0, 0x0, 0x0, 0x0, 0x0,
    0x6f, 0xfb, 0x0, 0x0, 0x0, 0x0, 0x0, 0x8,
    0xff, 0x90, 0x0, 0x0, 0x0, 0x0, 0x0, 0x0,
    0x0, 0x0, 0x0, 0x0, 0x0, 0x0, 0x0, 0x0,
    0x0, 0x0, 0x0, 0x0, 0x0, 0x0, 0x0, 0x0,
    0x0, 0x0, 0x2, 0x9d, 0xff, 0xd8, 0x20, 0x0,
    0x0, 0x7f, 0xff, 0xff, 0xff, 0xf7, 0x0, 0x6,
    0xff, 0xfb, 0x88, 0xbf, 0xff, 0x60, 0xe, 0xff,
    0x40, 0x0, 0x5, 0xff, 0xe0, 0x5f, 0xfa, 0x0,
    0x0, 0x0, 0xaf, 0xf5, 0x8f, 0xf6, 0x0, 0x0,
    0x0, 0x6f, 0xf8, 0x9f, 0xf5, 0x0, 0x0, 0x0,
    0x5f, 0xf9, 0x9f, 0xff, 0xff, 0xff, 0xff, 0xff,
    0xf9, 0x9f, 0xff, 0xff, 0xff, 0xff, 0xff, 0xf9,
    0x9f, 0xf7, 0x33, 0x33, 0x33, 0x33, 0x32, 0x9f,
    0xf5, 0x0, 0x0, 0x0, 0x0, 0x0, 0x8f, 0xf7,
    0x0, 0x0, 0x0, 0x0, 0x0, 0x5f, 0xfb, 0x0,
    0x0, 0x0, 0x59, 0x93, 0xe, 0xff, 0x70, 0x0,
    0x3, 0xff, 0xf2, 0x6, 0xff, 0xfd, 0xa9, 0xcf,
    0xff, 0xa0, 0x0, 0x7f, 0xff, 0xff, 0xff, 0xfa,
    0x0, 0x0, 0x2, 0x9d, 0xff, 0xda, 0x40, 0x0,

    /* U+00E9 "é" */
    0x0, 0x0, 0x0, 0x2, 0xff, 0xe2, 0x0, 0x0,
    0x0, 0x0, 0xd, 0xff, 0x40, 0x0, 0x0, 0x0,
    0x0, 0xaf, 0xf6, 0x0, 0x0, 0x0, 0x0, 0x7,
    0xff, 0x80, 0x0, 0x0, 0x0, 0x0, 0x0, 0x0,
    0x0, 0x0, 0x0, 0x0, 0x0, 0x0, 0x0, 0x0,
    0x0, 0x0, 0x0, 0x0, 0x0, 0x0, 0x0, 0x0,
    0x0, 0x0, 0x2, 0x9d, 0xff, 0xd8, 0x20, 0x0,
    0x0, 0x7f, 0xff, 0xff, 0xff, 0xf7, 0x0, 0x6,
    0xff, 0xfb, 0x88, 0xbf, 0xff, 0x60, 0xe, 0xff,
    0x40, 0x0, 0x5, 0xff, 0xe0, 0x5f, 0xfa, 0x0,
    0x0, 0x0, 0xaf, 0xf5, 0x8f, 0xf6, 0x0, 0x0,
    0x0, 0x6f, 0xf8, 0x9f, 0xf5, 0x0, 0x0, 0x0,
    0x5f, 0xf9, 0x9f, 0xff, 0xff, 0xff, 0xff, 0xff,
    0xf9, 0x9f, 0xff, 0xff, 0xff, 0xff, 0xff, 0xf9,
    0x9f, 0xf7, 0x33, 0x33, 0x33, 0x33, 0x32, 0x9f,
    0xf5, 0x0, 0x0, 0x0, 0x0, 0x0, 0x8f, 0xf7,
    0x0, 0x0, 0x0, 0x0, 0x0, 0x5f, 0xfb, 0x0,
    0x0, 0x0, 0x59, 0x93, 0xe, 0xff, 0x70, 0x0,
    0x3, 0xff, 0xf2, 0x6, 0xff, 0xfd, 0xa9, 0xcf,
    0xff, 0xa0, 0x0, 0x7f, 0xff, 0xff, 0xff, 0xfa,
    0x0, 0x0, 0x2, 0x9d, 0xff, 0xda, 0x40, 0x0,

    /* U+00EA "ê" */
    0x0, 0x0, 0x1d, 0xff, 0xc1, 0x0, 0x0, 0x0,
    0x1, 0xdf, 0xff, 0xfd, 0x10, 0x0, 0x0, 0x1d,
    0xff, 0x44, 0xff, 0xd1, 0x0, 0x2, 0xef, 0xf3,
    0x0, 0x3e, 0xfe, 0x20, 0x0, 0x0, 0x0, 0x0,
    0x0, 0x0, 0x0, 0x0, 0x0, 0x0, 0x0, 0x0,
    0x0, 0x0, 0x0, 0x0, 0x0, 0x0, 0x0, 0x0,
    0x0, 0x0, 0x2, 0x9d, 0xff, 0xd8, 0x20, 0x0,
    0x0, 0x7f, 0xff, 0xff, 0xff, 0xf7, 0x0, 0x6,
    0xff, 0xfb, 0x88, 0xbf, 0xff, 0x60, 0xe, 0xff,
    0x40, 0x0, 0x5, 0xff, 0xe0, 0x5f, 0xfa, 0x0,
    0x0, 0x0, 0xaf, 0xf5, 0x8f, 0xf6, 0x0, 0x0,
    0x0, 0x6f, 0xf8, 0x9f, 0xf5, 0x0, 0x0, 0x0,
    0x5f, 0xf9, 0x9f, 0xff, 0xff, 0xff, 0xff, 0xff,
    0xf9, 0x9f, 0xff, 0xff, 0xff, 0xff, 0xff, 0xf9,
    0x9f, 0xf7, 0x33, 0x33, 0x33, 0x33, 0x32, 0x9f,
    0xf5, 0x0, 0x0, 0x0, 0x0, 0x0, 0x8f, 0xf7,
    0x0, 0x0, 0x0, 0x0, 0x0, 0x5f, 0xfb, 0x0,
    0x0, 0x0, 0x59, 0x93, 0xe, 0xff, 0x70, 0x0,
    0x3, 0xff, 0xf2, 0x6, 0xff, 0xfd, 0xa9, 0xcf,
    0xff, 0xa0, 0x0, 0x7f, 0xff, 0xff, 0xff, 0xfa,
    0x0, 0x0, 0x2, 0x9d, 0xff, 0xda, 0x40, 0x0,

    /* U+00EB "ë" */
    0x0, 0xaf, 0xc1, 0x0, 0x1c, 0xfa, 0x0, 0x4,
    0xff, 0xf8, 0x0, 0x8f, 0xff, 0x40, 0x4, 0xff,
    0xf8, 0x0, 0x8f, 0xff, 0x40, 0x0, 0xaf, 0xc1,
    0x0, 0x1c, 0xfa, 0x0, 0x0, 0x0, 0x0, 0x0,
    0x0, 0x0, 0x0, 0x0, 0x0, 0x0, 0x0, 0x0,
    0x0, 0x0, 0x0, 0x0, 0x0, 0x0, 0x0, 0x0,
    0x0, 0x0, 0x2, 0x9d, 0xff, 0xd8, 0x20, 0x0,
    0x0, 0x7f, 0xff, 0xff, 0xff, 0xf7, 0x0, 0x6,
    0xff, 0xfb, 0x88, 0xbf, 0xff, 0x60, 0xe, 0xff,
    0x40, 0x0, 0x5, 0xff, 0xe0, 0x5f, 0xfa, 0x0,
    0x0, 0x0, 0xaf, 0xf5, 0x8f, 0xf6, 0x0, 0x0,
    0x0, 0x6f, 0xf8, 0x9f, 0xf5, 0x0, 0x0, 0x0,
    0x5f, 0xf9, 0x9f, 0xff, 0xff, 0xff, 0xff, 0xff,
    0xf9, 0x9f, 0xff, 0xff, 0xff, 0xff, 0xff, 0xf9,
    0x9f, 0xf7, 0x33, 0x33, 0x33, 0x33, 0x32, 0x9f,
    0xf5, 0x0, 0x0, 0x0, 0x0, 0x0, 0x8f, 0xf7,
    0x0, 0x0, 0x0, 0x0, 0x0, 0x5f, 0xfb, 0x0,
    0x0, 0x0, 0x59, 0x93, 0xe, 0xff, 0x70, 0x0,
    0x3, 0xff, 0xf2, 0x6, 0xff, 0xfd, 0xa9, 0xcf,
    0xff, 0xa0, 0x0, 0x7f, 0xff, 0xff, 0xff, 0xfa,
    0x0, 0x0, 0x2, 0x9d, 0xff, 0xda, 0x40, 0x0,

    /* U+00EC "ì" */
    0x0, 0xb, 0xff, 0x80, 0x0, 0x0, 0x0, 0x0,
    0x0, 0x1e, 0xff, 0x40, 0x0, 0x0, 0x0, 0x0,
    0x0, 0x3f, 0xfe, 0x10, 0x0, 0x0, 0x0, 0x0,
    0x0, 0x6f, 0xfb, 0x0, 0x0, 0x0, 0x0, 0x0,
    0x0, 0x68, 0x82, 0x0, 0x0, 0x0, 0x0, 0x0,
    0x0, 0x0, 0x0, 0x0, 0x0, 0x0, 0x0, 0x0,
    0x0, 0x0, 0x0, 0x0, 0x0, 0xef, 0xff, 0xff,
    0xff, 0x40, 0x0, 0x0, 0xe, 0xff, 0xff, 0xff,
    0xf4, 0x0, 0x0, 0x0, 0xab, 0xbb, 0xbe, 0xff,
    0x40, 0x0, 0x0, 0x0, 0x0, 0x0, 0xbf, 0xf4,
    0x0, 0x0, 0x0, 0x0, 0x0, 0xb, 0xff, 0x40,
    0x0, 0x0, 0x0, 0x0, 0x0, 0xbf, 0xf4, 0x0,
    0x0, 0x0, 0x0, 0x0, 0xb, 0xff, 0x40, 0x0,
    0x0, 0x0, 0x0, 0x0, 0xbf, 0xf4, 0x0, 0x0,
    0x0, 0x0, 0x0, 0xb, 0xff, 0x40, 0x0, 0x0,
    0x0, 0x0, 0x0, 0xbf, 0xf4, 0x0, 0x0, 0x0,
    0x0, 0x0, 0xb, 0xff, 0x40, 0x0, 0x0, 0x0,
    0x0, 0x0, 0xbf, 0xf4, 0x0, 0x0, 0x0, 0x0,
    0x0, 0xb, 0xff, 0x40, 0x0, 0x0, 0x0, 0x0,
    0x0, 0xbf, 0xf4, 0x0, 0x0, 0x6, 0xbb, 0xbb,
    0xbe, 0xff, 0xcb, 0xbb, 0xb8, 0x8f, 0xff, 0xff,
    0xff, 0xff, 0xff, 0xff, 0xb8, 0xff, 0xff, 0xff,
    0xff, 0xff, 0xff, 0xfb,

    /* U+00ED "í" */
    0x0, 0x0, 0x0, 0x0, 0x9f, 0xf9, 0x0, 0x0,
    0x0, 0x0, 0x0, 0x4f, 0xfd, 0x0, 0x0, 0x0,
    0x0, 0x0, 0x1e, 0xff, 0x20, 0x0, 0x0, 0x0,
    0x0, 0xa, 0xff, 0x50, 0x0, 0x0, 0x0, 0x0,
    0x1, 0x88, 0x60, 0x0, 0x0, 0x0, 0x0, 0x0,
    0x0, 0x0, 0x0, 0x0, 0x0, 0x0, 0x0, 0x0,
    0x0, 0x0, 0x0, 0x0, 0x0, 0xef, 0xff, 0xff,
    0xff, 0x40, 0x0, 0x0, 0xe, 0xff, 0xff, 0xff,
    0xf4, 0x0, 0x0, 0x0, 0xab, 0xbb, 0xbe, 0xff,
    0x40, 0x0, 0x0, 0x0, 0x0, 0x0, 0xbf, 0xf4,
    0x0, 0x0, 0x0, 0x0, 0x0, 0xb, 0xff, 0x40,
    0x0, 0x0, 0x0, 0x0, 0x0, 0xbf, 0xf4, 0x0,
    0x0, 0x0, 0x0, 0x0, 0xb, 0xff, 0x40, 0x0,
    0x0, 0x0, 0x0, 0x0, 0xbf, 0xf4, 0x0, 0x0,
    0x0, 0x0, 0x0, 0xb, 0xff, 0x40, 0x0, 0x0,
    0x0, 0x0, 0x0, 0xbf, 0xf4, 0x0, 0x0, 0x0,
    0x0, 0x0, 0xb, 0xff, 0x40, 0x0, 0x0, 0x0,
    0x0, 0x0, 0xbf, 0xf4, 0x0, 0x0, 0x0, 0x0,
    0x0, 0xb, 0xff, 0x40, 0x0, 0x0, 0x0, 0x0,
    0x0, 0xbf, 0xf4, 0x0, 0x0, 0x6, 0xbb, 0xbb,
    0xbe, 0xff, 0xcb, 0xbb, 0xb8, 0x8f, 0xff, 0xff,
    0xff, 0xff, 0xff, 0xff, 0xb8, 0xff, 0xff, 0xff,
    0xff, 0xff, 0xff, 0xfb,

    /* U+00EE "î" */
    0x0, 0x0, 0x5, 0xff, 0xf4, 0x0, 0x0, 0x0,
    0x0, 0x4, 0xff, 0xff, 0xf4, 0x0, 0x0, 0x0,
    0x3, 0xff, 0xe4, 0xef, 0xf3, 0x0, 0x0, 0x3,
    0xff, 0xe2, 0x2, 0xef, 0xe2, 0x0, 0x0, 0x68,
    0x83, 0x0, 0x2, 0x88, 0x60, 0x0, 0x0, 0x0,
    0x0, 0x0, 0x0, 0x0, 0x0, 0x0, 0x0, 0x0,
    0x0, 0x0, 0x0, 0x0, 0x0, 0xef, 0xff, 0xff,
    0xff, 0x40, 0x0, 0x0, 0xe, 0xff, 0xff, 0xff,
    0xf4, 0x0, 0x0, 0x0, 0xab, 0xbb, 0xbe, 0xff,
    0x40, 0x0, 0x0, 0x0, 0x0, 0x0, 0xbf, 0xf4,
    0x0, 0x0, 0x0, 0x0, 0x0, 0xb, 0xff, 0x40,
    0x0, 0x0, 0x0, 0x0, 0x0, 0xbf, 0xf4, 0x0,
    0x0, 0x0, 0x0, 0x0, 0xb, 0xff, 0x40, 0x0,
    0x0, 0x0, 0x0, 0x0, 0xbf, 0xf4, 0x0, 0x0,
    0x0, 0x0, 0x0, 0xb, 0xff, 0x40, 0x0, 0x0,
    0x0, 0x0, 0x0, 0xbf, 0xf4, 0x0, 0x0, 0x0,
    0x0, 0x0, 0xb, 0xff, 0x40, 0x0, 0x0, 0x0,
    0x0, 0x0, 0xbf, 0xf4, 0x0, 0x0, 0x0, 0x0,
    0x0, 0xb, 0xff, 0x40, 0x0, 0x0, 0x0, 0x0,
    0x0, 0xbf, 0xf4, 0x0, 0x0, 0x6, 0xbb, 0xbb,
    0xbe, 0xff, 0xcb, 0xbb, 0xb8, 0x8f, 0xff, 0xff,
    0xff, 0xff, 0xff, 0xff, 0xb8, 0xff, 0xff, 0xff,
    0xff, 0xff, 0xff, 0xfb,

    /* U+00EF "ï" */
    0x0, 0x4e, 0xe6, 0x0, 0x7, 0xed, 0x30, 0x0,
    0xc, 0xff, 0xf0, 0x0, 0xff, 0xfb, 0x0, 0x0,
    0xcf, 0xff, 0x0, 0x1f, 0xff, 0xc0, 0x0, 0x4,
    0xef, 0x60, 0x0, 0x7f, 0xe3, 0x0, 0x0, 0x0,
    0x0, 0x0, 0x0, 0x0, 0x0, 0x0, 0x0, 0x0,
    0x0, 0x0, 0x0, 0x0, 0x0, 0x0, 0x0, 0x0,
    0x0, 0x0, 0x0, 0x0, 0x0, 0xef, 0xff, 0xff,
    0xff, 0x40, 0x0, 0x0, 0xe, 0xff, 0xff, 0xff,
    0xf4, 0x0, 0x0, 0x0, 0xab, 0xbb, 0xbe, 0xff,
    0x40, 0x0, 0x0, 0x0, 0x0, 0x0, 0xbf, 0xf4,
    0x0, 0x0, 0x0, 0x0, 0x0, 0xb, 0xff, 0x40,
    0x0, 0x0, 0x0, 0x0, 0x0, 0xbf, 0xf4, 0x0,
    0x0, 0x0, 0x0, 0x0, 0xb, 0xff, 0x40, 0x0,
    0x0, 0x0, 0x0, 0x0, 0xbf, 0xf4, 0x0, 0x0,
    0x0, 0x0, 0x0, 0xb, 0xff, 0x40, 0x0, 0x0,
    0x0, 0x0, 0x0, 0xbf, 0xf4, 0x0, 0x0, 0x0,
    0x0, 0x0, 0xb, 0xff, 0x40, 0x0, 0x0, 0x0,
    0x0, 0x0, 0xbf, 0xf4, 0x0, 0x0, 0x0, 0x0,
    0x0, 0xb, 0xff, 0x40, 0x0, 0x0, 0x0, 0x0,
    0x0, 0xbf, 0xf4, 0x0, 0x0, 0x6, 0xbb, 0xbb,
    0xbe, 0xff, 0xcb, 0xbb, 0xb8, 0x8f, 0xff, 0xff,
    0xff, 0xff, 0xff, 0xff, 0xb8, 0xff, 0xff, 0xff,
    0xff, 0xff, 0xff, 0xfb,

    /* U+00F0 "ð" */
    0x0, 0x0, 0x0, 0x0, 0x0, 0x0, 0x0, 0x0,
    0x0, 0x0, 0xcf, 0xf8, 0x0, 0x18, 0xe0, 0x0,
    0x0, 0x0, 0x2f, 0xff, 0x6a, 0xff, 0xf0, 0x0,
    0x0, 0x0, 0x5, 0xff, 0xff, 0xfe, 0x70, 0x0,
    0x0, 0x1, 0x7e, 0xff, 0xff, 0x50, 0x0, 0x0,
    0x0, 0x6f, 0xff, 0xfe, 0xff, 0x60, 0x0, 0x0,
    0x0, 0x8f, 0xe8, 0x12, 0xff, 0xf2, 0x0, 0x0,
    0x0, 0x66, 0x0, 0x0, 0x6f, 0xfc, 0x0, 0x0,
    0x0, 0x0, 0x0, 0x0, 0xa, 0xff, 0x70, 0x0,
    0x0, 0x0, 0x3, 0x56, 0x41, 0xef, 0xf1, 0x0,
    0x0, 0x4, 0xdf, 0xff, 0xfc, 0x6f, 0xf9, 0x0,
    0x0, 0x5f, 0xff, 0xff, 0xff, 0xdf, 0xff, 0x10,
    0x2, 0xff, 0xfc, 0x40, 0x4, 0xcf, 0xff, 0x60,
    0x8, 0xff, 0xc0, 0x0, 0x0, 0xc, 0xff, 0xb0,
    0xd, 0xff, 0x40, 0x0, 0x0, 0x3, 0xff, 0xe0,
    0xf, 0xff, 0x0, 0x0, 0x0, 0x0, 0xff, 0xf0,
    0xf, 0xff, 0x0, 0x0, 0x0, 0x0, 0xff, 0xf0,
    0xd, 0xff, 0x20, 0x0, 0x0, 0x1, 0xff, 0xd0,
    0xa, 0xff, 0x80, 0x0, 0x0, 0x8, 0xff, 0x90,
    0x4, 0xff, 0xf6, 0x0, 0x0, 0x6f, 0xff, 0x30,
    0x0, 0x9f, 0xff, 0xda, 0xae, 0xff, 0xf8, 0x0,
    0x0, 0x9, 0xff, 0xff, 0xff, 0xff, 0x80, 0x0,
    0x0, 0x0, 0x39, 0xdf, 0xfd, 0x93, 0x0, 0x0,

    /* U+00F1 "ñ" */
    0x0, 0x8, 0xef, 0xa1, 0x0, 0xff, 0x0, 0x0,
    0x5f, 0xff, 0xfd, 0x22, 0xff, 0x0, 0x0, 0xaf,
    0x71, 0xbf, 0xff, 0xfa, 0x0, 0x0, 0xbf, 0x40,
    0x7, 0xef, 0xb1, 0x0, 0x0, 0x0, 0x0, 0x0,
    0x0, 0x0, 0x0, 0x0, 0x0, 0x0, 0x0, 0x0,
    0x0, 0x0, 0x0, 0x0, 0x0, 0x0, 0x0, 0x0,
    0x0, 0x5f, 0xf9, 0x5, 0xce, 0xfc, 0x70, 0x0,
    0x5f, 0xf9, 0x8f, 0xff, 0xff, 0xfc, 0x0, 0x5f,
    0xfa, 0xfd, 0x99, 0xdf, 0xff, 0x90, 0x5f, 0xff,
    0xa0, 0x0, 0x9, 0xff, 0xf1, 0x5f, 0xff, 0x10,
    0x0, 0x0, 0xef, 0xf4, 0x5f, 0xfb, 0x0, 0x0,
    0x0, 0xaf, 0xf6, 0x5f, 0xf9, 0x0, 0x0, 0x0,
    0x8f, 0xf6, 0x5f, 0xf9, 0x0, 0x0, 0x0, 0x8f,
    0xf6, 0x5f, 0xf9, 0x0, 0x0, 0x0, 0x8f, 0xf6,
    0x5f, 0xf9, 0x0, 0x0, 0x0, 0x8f, 0xf6, 0x5f,
    0xf9, 0x0, 0x0, 0x0, 0x8f, 0xf6, 0x5f, 0xf9,
    0x0, 0x0, 0x0, 0x8f, 0xf6, 0x5f, 0xf9, 0x0,
    0x0, 0x0, 0x8f, 0xf6, 0x5f, 0xf9, 0x0, 0x0,
    0x0, 0x8f, 0xf6, 0x5f, 0xf9, 0x0, 0x0, 0x0,
    0x8f, 0xf6, 0x5f, 0xf9, 0x0, 0x0, 0x0, 0x8f,
    0xf6, 0x5f, 0xf9, 0x0, 0x0, 0x0, 0x8f, 0xf6,

    /* U+00F2 "ò" */
    0x0, 0x3f, 0xff, 0x20, 0x0, 0x0, 0x0, 0x0,
    0x4, 0xff, 0xd1, 0x0, 0x0, 0x0, 0x0, 0x0,
    0x6f, 0xfb, 0x0, 0x0, 0x0, 0x0, 0x0, 0x8,
    0xff, 0x90, 0x0, 0x0, 0x0, 0x0, 0x0, 0x0,
    0x0, 0x0, 0x0, 0x0, 0x0, 0x0, 0x0, 0x0,
    0x0, 0x0, 0x0, 0x0, 0x0, 0x0, 0x0, 0x0,
    0x0, 0x0, 0x2, 0x9d, 0xff, 0xd9, 0x20, 0x0,
    0x0, 0x7f, 0xff, 0xff, 0xff, 0xf7, 0x0, 0x6,
    0xff, 0xfe, 0xbb, 0xef, 0xff, 0x60, 0xe, 0xff,
    0x80, 0x0, 0x8, 0xff, 0xe0, 0x5f, 0xfc, 0x0,
    0x0, 0x0, 0xcf, 0xf5, 0x8f, 0xf8, 0x0, 0x0,
    0x0, 0x8f, 0xf8, 0x9f, 0xf6, 0x0, 0x0, 0x0,
    0x6f, 0xf9, 0x9f, 0xf6, 0x0, 0x0, 0x0, 0x6f,
    0xf9, 0x9f, 0xf6, 0x0, 0x0, 0x0, 0x6f, 0xf9,
    0x9f, 0xf6, 0x0, 0x0, 0x0, 0x6f, 0xf9, 0x9f,
    0xf6, 0x0, 0x0, 0x0, 0x6f, 0xf9, 0x8f, 0xf8,
    0x0, 0x0, 0x0, 0x8f, 0xf8, 0x5f, 0xfc, 0x0,
    0x0, 0x0, 0xcf, 0xf5, 0xe, 0xff, 0x80, 0x0,
    0x8, 0xff, 0xe0, 0x6, 0xff, 0xfe, 0xbb, 0xef,
    0xff, 0x60, 0x0, 0x7f, 0xff, 0xff, 0xff, 0xf7,
    0x0, 0x0, 0x3, 0x9d, 0xff, 0xd9, 0x30, 0x0,

    /* U+00F3 "ó" */
    0x0, 0x0, 0x0, 0x2, 0xff, 0xe2, 0x0, 0x0,
    0x0, 0x0, 0xd, 0xff, 0x40, 0x0, 0x0, 0x0,
    0x0, 0xaf, 0xf6, 0x0, 0x0, 0x0, 0x0, 0x7,
    0xff, 0x80, 0x0, 0x0, 0x0, 0x0, 0x0, 0x0,
    0x0, 0x0, 0x0, 0x0, 0x0, 0x0, 0x0, 0x0,
    0x0, 0x0, 0x0, 0x0, 0x0, 0x0, 0x0, 0x0,
    0x0, 0x0, 0x2, 0x9d, 0xff, 0xd9, 0x20, 0x0,
    0x0, 0x7f, 0xff, 0xff, 0xff, 0xf7, 0x0, 0x6,
    0xff, 0xfe, 0xbb, 0xef, 0xff, 0x60, 0xe, 0xff,
    0x80, 0x0, 0x8, 0xff, 0xe0, 0x5f, 0xfc, 0x0,
    0x0, 0x0, 0xcf, 0xf5, 0x8f, 0xf8, 0x0, 0x0,
    0x0, 0x8f, 0xf8, 0x9f, 0xf6, 0x0, 0x0, 0x0,
    0x6f, 0xf9, 0x9f, 0xf6, 0x0, 0x0, 0x0, 0x6f,
    0xf9, 0x9f, 0xf6, 0x0, 0x0, 0x0, 0x6f, 0xf9,
    0x9f, 0xf6, 0x0, 0x0, 0x0, 0x6f, 0xf9, 0x9f,
    0xf6, 0x0, 0x0, 0x0, 0x6f, 0xf9, 0x8f, 0xf8,
    0x0, 0x0, 0x0, 0x8f, 0xf8, 0x5f, 0xfc, 0x0,
    0x0, 0x0, 0xcf, 0xf5, 0xe, 0xff, 0x80, 0x0,
    0x8, 0xff, 0xe0, 0x6, 0xff, 0xfe, 0xbb, 0xef,
    0xff, 0x60, 0x0, 0x7f, 0xff, 0xff, 0xff, 0xf7,
    0x0, 0x0, 0x3, 0x9d, 0xff, 0xd9, 0x30, 0x0,

    /* U+00F4 "ô" */
    0x0, 0x0, 0x1d, 0xff, 0xc1, 0x0, 0x0, 0x0,
    0x1, 0xdf, 0xff, 0xfd, 0x10, 0x0, 0x0, 0x1d,
    0xff, 0x44, 0xff, 0xd1, 0x0, 0x2, 0xef, 0xf3,
    0x0, 0x3e, 0xfe, 0x20, 0x0, 0x0, 0x0, 0x0,
    0x0, 0x0, 0x0, 0x0, 0x0, 0x0, 0x0, 0x0,
    0x0, 0x0, 0x0, 0x0, 0x0, 0x0, 0x0, 0x0,
    0x0, 0x0, 0x2, 0x9d, 0xff, 0xd9, 0x20, 0x0,
    0x0, 0x7f, 0xff, 0xff, 0xff, 0xf7, 0x0, 0x6,
    0xff, 0xfe, 0xbb, 0xef, 0xff, 0x60, 0xe, 0xff,
    0x80, 0x0, 0x8, 0xff, 0xe0, 0x5f, 0xfc, 0x0,
    0x0, 0x0, 0xcf, 0xf5, 0x8f, 0xf8, 0x0, 0x0,
    0x0, 0x8f, 0xf8, 0x9f, 0xf6, 0x0, 0x0, 0x0,
    0x6f, 0xf9, 0x9f, 0xf6, 0x0, 0x0, 0x0, 0x6f,
    0xf9, 0x9f, 0xf6, 0x0, 0x0, 0x0, 0x6f, 0xf9,
    0x9f, 0xf6, 0x0, 0x0, 0x0, 0x6f, 0xf9, 0x9f,
    0xf6, 0x0, 0x0, 0x0, 0x6f, 0xf9, 0x8f, 0xf8,
    0x0, 0x0, 0x0, 0x8f, 0xf8, 0x5f, 0xfc, 0x0,
    0x0, 0x0, 0xcf, 0xf5, 0xe, 0xff, 0x80, 0x0,
    0x8, 0xff, 0xe0, 0x6, 0xff, 0xfe, 0xbb, 0xef,
    0xff, 0x60, 0x0, 0x7f, 0xff, 0xff, 0xff, 0xf7,
    0x0, 0x0, 0x3, 0x9d, 0xff, 0xd9, 0x30, 0x0,

    /* U+00F5 "õ" */
    0x0, 0x9, 0xee, 0x90, 0x2, 0xfe, 0x0, 0x0,
    0x8f, 0xff, 0xfc, 0x15, 0xfc, 0x0, 0x0, 0xcf,
    0x51, 0xcf, 0xff, 0xf8, 0x0, 0x0, 0xef, 0x20,
    0x9, 0xee, 0x90, 0x0, 0x0, 0x0, 0x0, 0x0,
    0x0, 0x0, 0x0, 0x0, 0x0, 0x0, 0x0, 0x0,
    0x0, 0x0, 0x0, 0x0, 0x0, 0x0, 0x0, 0x0,
    0x0, 0x0, 0x2, 0x9d, 0xff, 0xd9, 0x20, 0x0,
    0x0, 0x7f, 0xff, 0xff, 0xff, 0xf7, 0x0, 0x6,
    0xff, 0xfe, 0xbb, 0xef, 0xff, 0x60, 0xe, 0xff,
    0x80, 0x0, 0x8, 0xff, 0xe0, 0x5f, 0xfc, 0x0,
    0x0, 0x0, 0xcf, 0xf5, 0x8f, 0xf8, 0x0, 0x0,
    0x0, 0x8f, 0xf8, 0x9f, 0xf6, 0x0, 0x0, 0x0,
    0x6f, 0xf9, 0x9f, 0xf6, 0x0, 0x0, 0x0, 0x6f,
    0xf9, 0x9f, 0xf6, 0x0, 0x0, 0x0, 0x6f, 0xf9,
    0x9f, 0xf6, 0x0, 0x0, 0x0, 0x6f, 0xf9, 0x9f,
    0xf6, 0x0, 0x0, 0x0, 0x6f, 0xf9, 0x8f, 0xf8,
    0x0, 0x0, 0x0, 0x8f, 0xf8, 0x5f, 0xfc, 0x0,
    0x0, 0x0, 0xcf, 0xf5, 0xe, 0xff, 0x80, 0x0,
    0x8, 0xff, 0xe0, 0x6, 0xff, 0xfe, 0xbb, 0xef,
    0xff, 0x60, 0x0, 0x7f, 0xff, 0xff, 0xff, 0xf7,
    0x0, 0x0, 0x3, 0x9d, 0xff, 0xd9, 0x30, 0x0,

    /* U+00F6 "ö" */
    0x0, 0xaf, 0xc1, 0x0, 0x1c, 0xfa, 0x0, 0x4,
    0xff, 0xf8, 0x0, 0x8f, 0xff, 0x40, 0x4, 0xff,
    0xf8, 0x0, 0x8f, 0xff, 0x40, 0x0, 0xaf, 0xc1,
    0x0, 0x1c, 0xfa, 0x0, 0x0, 0x0, 0x0, 0x0,
    0x0, 0x0, 0x0, 0x0, 0x0, 0x0, 0x0, 0x0,
    0x0, 0x0, 0x0, 0x0, 0x0, 0x0, 0x0, 0x0,
    0x0, 0x0, 0x2, 0x9d, 0xff, 0xd9, 0x20, 0x0,
    0x0, 0x7f, 0xff, 0xff, 0xff, 0xf7, 0x0, 0x6,
    0xff, 0xfe, 0xbb, 0xef, 0xff, 0x60, 0xe, 0xff,
    0x80, 0x0, 0x8, 0xff, 0xe0, 0x5f, 0xfc, 0x0,
    0x0, 0x0, 0xcf, 0xf5, 0x8f, 0xf8, 0x0, 0x0,
    0x0, 0x8f, 0xf8, 0x9f, 0xf6, 0x0, 0x0, 0x0,
    0x6f, 0xf9, 0x9f, 0xf6, 0x0, 0x0, 0x0, 0x6f,
    0xf9, 0x9f, 0xf6, 0x0, 0x0, 0x0, 0x6f, 0xf9,
    0x9f, 0xf6, 0x0, 0x0, 0x0, 0x6f, 0xf9, 0x9f,
    0xf6, 0x0, 0x0, 0x0, 0x6f, 0xf9, 0x8f, 0xf8,
    0x0, 0x0, 0x0, 0x8f, 0xf8, 0x5f, 0xfc, 0x0,
    0x0, 0x0, 0xcf, 0xf5, 0xe, 0xff, 0x80, 0x0,
    0x8, 0xff, 0xe0, 0x6, 0xff, 0xfe, 0xbb, 0xef,
    0xff, 0x60, 0x0, 0x7f, 0xff, 0xff, 0xff, 0xf7,
    0x0, 0x0, 0x3, 0x9d, 0xff, 0xd9, 0x30, 0x0,

    /* U+00F7 "÷" */
    0x0, 0x0, 0x8e, 0xe8, 0x0, 0x0, 0x0, 0x6,
    0xff, 0xff, 0x60, 0x0, 0x0, 0x8, 0xff, 0xff,
    0x80, 0x0, 0x0, 0x4, 0xff, 0xff, 0x40, 0x0,
    0x0, 0x0, 0x4a, 0xa4, 0x0, 0x0, 0x0, 0x0,
    0x0, 0x0, 0x0, 0x0, 0x0, 0x0, 0x0, 0x0,
    0x0, 0x0, 0xff, 0xff, 0xff, 0xff, 0xff, 0xff,
    0xff, 0xff, 0xff, 0xff, 0xff, 0xff, 0x99, 0x99,
    0x99, 0x99, 0x99, 0x99, 0x0, 0x0, 0x0, 0x0,
    0x0, 0x0, 0x0, 0x0, 0x0, 0x0, 0x0, 0x0,
    0x0, 0x0, 0x49, 0x94, 0x0, 0x0, 0x0, 0x3,
    0xff, 0xff, 0x30, 0x0, 0x0, 0x8, 0xff, 0xff,
    0x80, 0x0, 0x0, 0x6, 0xff, 0xff, 0x60, 0x0,
    0x0, 0x0, 0x9e, 0xe9, 0x0, 0x0,

    /* U+00F8 "ø" */
    0x0, 0x0, 0x0, 0x0, 0x0, 0x0, 0x3f, 0xfa,
    0x0, 0x0, 0x3, 0x9d, 0xff, 0xd9, 0x2c, 0xfe,
    0x10, 0x0, 0x7, 0xff, 0xff, 0xff, 0xff, 0xff,
    0x40, 0x0, 0x6, 0xff, 0xfe, 0xbb, 0xef, 0xff,
    0xa0, 0x0, 0x0, 0xef, 0xf8, 0x0, 0x1, 0xff,
    0xfd, 0x0, 0x0, 0x4f, 0xfb, 0x0, 0x0, 0xaf,
    0xff, 0xf3, 0x0, 0x6, 0xff, 0x70, 0x0, 0x6f,
    0xfc, 0xff, 0x60, 0x0, 0x7f, 0xf5, 0x0, 0x2f,
    0xfb, 0x5f, 0xf7, 0x0, 0x7, 0xff, 0x50, 0xc,
    0xfe, 0x15, 0xff, 0x70, 0x0, 0x7f, 0xf5, 0x8,
    0xff, 0x40, 0x5f, 0xf7, 0x0, 0x7, 0xff, 0x54,
    0xff, 0x90, 0x5, 0xff, 0x70, 0x0, 0x7f, 0xf6,
    0xef, 0xd0, 0x0, 0x5f, 0xf7, 0x0, 0x6, 0xff,
    0xef, 0xf2, 0x0, 0x7, 0xff, 0x60, 0x0, 0x3f,
    0xff, 0xf6, 0x0, 0x0, 0xbf, 0xf4, 0x0, 0x0,
    0xef, 0xfd, 0x0, 0x0, 0x8f, 0xfe, 0x0, 0x0,
    0xd, 0xff, 0xfe, 0xbb, 0xef, 0xff, 0x60, 0x0,
    0x8, 0xff, 0xff, 0xff, 0xff, 0xff, 0x70, 0x0,
    0x4, 0xff, 0x93, 0x9d, 0xff, 0xd9, 0x30, 0x0,
    0x0, 0x68, 0x70, 0x0, 0x0, 0x0, 0x0, 0x0,
    0x0, 0x0,

    /* U+00F9 "ù" */
    0x0, 0x3f, 0xff, 0x20, 0x0, 0x0, 0x0, 0x0,
    0x4, 0xff, 0xd1, 0x0, 0x0, 0x0, 0x0, 0x0,
    0x6f, 0xfb, 0x0, 0x0, 0x0, 0x0, 0x0, 0x8,
    0xff, 0x90, 0x0, 0x0, 0x0, 0x0, 0x0, 0x0,
    0x0, 0x0, 0x0, 0x0, 0x0, 0x0, 0x0, 0x0,
    0x0, 0x0, 0x0, 0x0, 0x0, 0x0, 0x0, 0x0,
    0x0, 0x6f, 0xf8, 0x0, 0x0, 0x0, 0x8f, 0xf6,
    0x6f, 0xf8, 0x0, 0x0, 0x0, 0x8f, 0xf6, 0x6f,
    0xf8, 0x0, 0x0, 0x0, 0x8f, 0xf6, 0x6f, 0xf8,
    0x0, 0x0, 0x0, 0x8f, 0xf6, 0x6f, 0xf8, 0x0,
    0x0, 0x0, 0x8f, 0xf6, 0x6f, 0xf8, 0x0, 0x0,
    0x0, 0x8f, 0xf6, 0x6f, 0xf8, 0x0, 0x0, 0x0,
    0x8f, 0xf6, 0x6f, 0xf8, 0x0, 0x0, 0x0, 0x8f,
    0xf6, 0x6f, 0xf8, 0x0, 0x0, 0x0, 0x8f, 0xf6,
    0x6f, 0xf8, 0x0, 0x0, 0x0, 0x8f, 0xf6, 0x6f,
    0xf8, 0x0, 0x0, 0x0, 0x8f, 0xf6, 0x5f, 0xfa,
    0x0, 0x0, 0x0, 0xbf, 0xf5, 0x2f, 0xfe, 0x0,
    0x0, 0x1, 0xef, 0xf2, 0xd, 0xff, 0xa0, 0x0,
    0xa, 0xff, 0xd0, 0x4, 0xff, 0xfe, 0xab, 0xef,
    0xff, 0x40, 0x0, 0x6f, 0xff, 0xff, 0xff, 0xf6,
    0x0, 0x0, 0x2, 0x9d, 0xff, 0xd9, 0x20, 0x0,

    /* U+00FA "ú" */
    0x0, 0x0, 0x0, 0x2, 0xff, 0xe2, 0x0, 0x0,
    0x0, 0x0, 0xd, 0xff, 0x40, 0x0, 0x0, 0x0,
    0x0, 0xaf, 0xf6, 0x0, 0x0, 0x0, 0x0, 0x7,
    0xff, 0x80, 0x0, 0x0, 0x0, 0x0, 0x0, 0x0,
    0x0, 0x0, 0x0, 0x0, 0x0, 0x0, 0x0, 0x0,
    0x0, 0x0, 0x0, 0x0, 0x0, 0x0, 0x0, 0x0,
    0x0, 0x6f, 0xf8, 0x0, 0x0, 0x0, 0x8f, 0xf6,
    0x6f, 0xf8, 0x0, 0x0, 0x0, 0x8f, 0xf6, 0x6f,
    0xf8, 0x0, 0x0, 0x0, 0x8f, 0xf6, 0x6f, 0xf8,
    0x0, 0x0, 0x0, 0x8f, 0xf6, 0x6f, 0xf8, 0x0,
    0x0, 0x0, 0x8f, 0xf6, 0x6f, 0xf8, 0x0, 0x0,
    0x0, 0x8f, 0xf6, 0x6f, 0xf8, 0x0, 0x0, 0x0,
    0x8f, 0xf6, 0x6f, 0xf8, 0x0, 0x0, 0x0, 0x8f,
    0xf6, 0x6f, 0xf8, 0x0, 0x0, 0x0, 0x8f, 0xf6,
    0x6f, 0xf8, 0x0, 0x0, 0x0, 0x8f, 0xf6, 0x6f,
    0xf8, 0x0, 0x0, 0x0, 0x8f, 0xf6, 0x5f, 0xfa,
    0x0, 0x0, 0x0, 0xbf, 0xf5, 0x2f, 0xfe, 0x0,
    0x0, 0x1, 0xef, 0xf2, 0xd, 0xff, 0xa0, 0x0,
    0xa, 0xff, 0xd0, 0x4, 0xff, 0xfe, 0xab, 0xef,
    0xff, 0x40, 0x0, 0x6f, 0xff, 0xff, 0xff, 0xf6,
    0x0, 0x0, 0x2, 0x9d, 0xff, 0xd9, 0x20, 0x0,

    /* U+00FB "û" */
    0x0, 0x0, 0x1d, 0xff, 0xc1, 0x0, 0x0, 0x0,
    0x1, 0xdf, 0xff, 0xfd, 0x10, 0x0, 0x0, 0x1d,
    0xff, 0x44, 0xff, 0xd1, 0x0, 0x2, 0xef, 0xf3,
    0x0, 0x3e, 0xfe, 0x20, 0x0, 0x0, 0x0, 0x0,
    0x0, 0x0, 0x0, 0x0, 0x0, 0x0, 0x0, 0x0,
    0x0, 0x0, 0x0, 0x0, 0x0, 0x0, 0x0, 0x0,
    0x0, 0x6f, 0xf8, 0x0, 0x0, 0x0, 0x8f, 0xf6,
    0x6f, 0xf8, 0x0, 0x0, 0x0, 0x8f, 0xf6, 0x6f,
    0xf8, 0x0, 0x0, 0x0, 0x8f, 0xf6, 0x6f, 0xf8,
    0x0, 0x0, 0x0, 0x8f, 0xf6, 0x6f, 0xf8, 0x0,
    0x0, 0x0, 0x8f, 0xf6, 0x6f, 0xf8, 0x0, 0x0,
    0x0, 0x8f, 0xf6, 0x6f, 0xf8, 0x0, 0x0, 0x0,
    0x8f, 0xf6, 0x6f, 0xf8, 0x0, 0x0, 0x0, 0x8f,
    0xf6, 0x6f, 0xf8, 0x0, 0x0, 0x0, 0x8f, 0xf6,
    0x6f, 0xf8, 0x0, 0x0, 0x0, 0x8f, 0xf6, 0x6f,
    0xf8, 0x0, 0x0, 0x0, 0x8f, 0xf6, 0x5f, 0xfa,
    0x0, 0x0, 0x0, 0xbf, 0xf5, 0x2f, 0xfe, 0x0,
    0x0, 0x1, 0xef, 0xf2, 0xd, 0xff, 0xa0, 0x0,
    0xa, 0xff, 0xd0, 0x4, 0xff, 0xfe, 0xab, 0xef,
    0xff, 0x40, 0x0, 0x6f, 0xff, 0xff, 0xff, 0xf6,
    0x0, 0x0, 0x2, 0x9d, 0xff, 0xd9, 0x20, 0x0,

    /* U+00FC "ü" */
    0x0, 0xaf, 0xc1, 0x0, 0x1c, 0xfa, 0x0, 0x4,
    0xff, 0xf8, 0x0, 0x8f, 0xff, 0x40, 0x4, 0xff,
    0xf8, 0x0, 0x8f, 0xff, 0x40, 0x0, 0xaf, 0xc1,
    0x0, 0x1c, 0xfa, 0x0, 0x0, 0x0, 0x0, 0x0,
    0x0, 0x0, 0x0, 0x0, 0x0, 0x0, 0x0, 0x0,
    0x0, 0x0, 0x0, 0x0, 0x0, 0x0, 0x0, 0x0,
    0x0, 0x6f, 0xf8, 0x0, 0x0, 0x0, 0x8f, 0xf6,
    0x6f, 0xf8, 0x0, 0x0, 0x0, 0x8f, 0xf6, 0x6f,
    0xf8, 0x0, 0x0, 0x0, 0x8f, 0xf6, 0x6f, 0xf8,
    0x0, 0x0, 0x0, 0x8f, 0xf6, 0x6f, 0xf8, 0x0,
    0x0, 0x0, 0x8f, 0xf6, 0x6f, 0xf8, 0x0, 0x0,
    0x0, 0x8f, 0xf6, 0x6f, 0xf8, 0x0, 0x0, 0x0,
    0x8f, 0xf6, 0x6f, 0xf8, 0x0, 0x0, 0x0, 0x8f,
    0xf6, 0x6f, 0xf8, 0x0, 0x0, 0x0, 0x8f, 0xf6,
    0x6f, 0xf8, 0x0, 0x0, 0x0, 0x8f, 0xf6, 0x6f,
    0xf8, 0x0, 0x0, 0x0, 0x8f, 0xf6, 0x5f, 0xfa,
    0x0, 0x0, 0x0, 0xbf, 0xf5, 0x2f, 0xfe, 0x0,
    0x0, 0x1, 0xef, 0xf2, 0xd, 0xff, 0xa0, 0x0,
    0xa, 0xff, 0xd0, 0x4, 0xff, 0xfe, 0xab, 0xef,
    0xff, 0x40, 0x0, 0x6f, 0xff, 0xff, 0xff, 0xf6,
    0x0, 0x0, 0x2, 0x9d, 0xff, 0xd9, 0x20, 0x0,

    /* U+00FD "ý" */
    0x0, 0x0, 0x0, 0x0, 0x6, 0x88, 0x20, 0x0,
    0x0, 0x0, 0x0, 0x0, 0x6f, 0xfb, 0x0, 0x0,
    0x0, 0x0, 0x0, 0x2, 0xff, 0xe1, 0x0, 0x0,
    0x0, 0x0, 0x0, 0xc, 0xff, 0x40, 0x0, 0x0,
    0x0, 0x0, 0x0, 0x8f, 0xf8, 0x0, 0x0, 0x0,
    0x0, 0x0, 0x0, 0x0, 0x0, 0x0, 0x0, 0x0,
    0x0, 0x0, 0x0, 0x0, 0x0, 0x0, 0x0, 0x0,
    0x0, 0x0, 0x0, 0x0, 0x0, 0x0, 0x0, 0x0,
    0x4f, 0xfd, 0x0, 0x0, 0x0, 0x0, 0xcf, 0xf5,
    0xe, 0xff, 0x30, 0x0, 0x0, 0x2, 0xff, 0xf0,
    0x8, 0xff, 0x90, 0x0, 0x0, 0x8, 0xff, 0x90,
    0x2, 0xff, 0xf0, 0x0, 0x0, 0xd, 0xff, 0x30,
    0x0, 0xbf, 0xf5, 0x0, 0x0, 0x3f, 0xfd, 0x0,
    0x0, 0x5f, 0xfb, 0x0, 0x0, 0x8f, 0xf7, 0x0,
    0x0, 0xe, 0xff, 0x20, 0x0, 0xef, 0xf1, 0x0,
    0x0, 0x8, 0xff, 0x80, 0x4, 0xff, 0xb0, 0x0,
    0x0, 0x2, 0xff, 0xd0, 0x9, 0xff, 0x50, 0x0,
    0x0, 0x0, 0xbf, 0xf4, 0xe, 0xff, 0x0, 0x0,
    0x0, 0x0, 0x5f, 0xf9, 0x4f, 0xf9, 0x0, 0x0,
    0x0, 0x0, 0xe, 0xfe, 0x9f, 0xf3, 0x0, 0x0,
    0x0, 0x0, 0x8, 0xff, 0xff, 0xd0, 0x0, 0x0,
    0x0, 0x0, 0x2, 0xff, 0xff, 0x80, 0x0, 0x0,
    0x0, 0x0, 0x0, 0xcf, 0xff, 0x20, 0x0, 0x0,
    0x0, 0x0, 0x0, 0x7f, 0xfc, 0x0, 0x0, 0x0,
    0x0, 0x0, 0x0, 0xbf, 0xf6, 0x0, 0x0, 0x0,
    0x0, 0x0, 0x1, 0xff, 0xf0, 0x0, 0x0, 0x0,
    0x0, 0x0, 0x7, 0xff, 0xa0, 0x0, 0x0, 0x0,
    0x0, 0x0, 0xd, 0xff, 0x40, 0x0, 0x0, 0x0,
    0x0, 0x0, 0x3f, 0xfe, 0x0, 0x0, 0x0, 0x0,
    0x0, 0x0, 0x9f, 0xf8, 0x0, 0x0, 0x0, 0x0,

    /* U+00FE "þ" */
    0x7f, 0xf7, 0x0, 0x0, 0x0, 0x0, 0x0, 0x7f,
    0xf7, 0x0, 0x0, 0x0, 0x0, 0x0, 0x7f, 0xf7,
    0x0, 0x0, 0x0, 0x0, 0x0, 0x7f, 0xf7, 0x0,
    0x0, 0x0, 0x0, 0x0, 0x7f, 0xf7, 0x0, 0x0,
    0x0, 0x0, 0x0, 0x7f, 0xf7, 0x5, 0xce, 0xfc,
    0x60, 0x0, 0x7f, 0xf7, 0x9f, 0xff, 0xff, 0xfb,
    0x0, 0x7f, 0xfa, 0xfe, 0xab, 0xef, 0xff, 0x70,
    0x7f, 0xff, 0x90, 0x0, 0x8, 0xff, 0xe0, 0x7f,
    0xfd, 0x0, 0x0, 0x0, 0xdf, 0xf3, 0x7f, 0xf9,
    0x0, 0x0, 0x0, 0xaf, 0xf5, 0x7f, 0xf7, 0x0,
    0x0, 0x0, 0x9f, 0xf6, 0x7f, 0xf7, 0x0, 0x0,
    0x0, 0x9f, 0xf6, 0x7f, 0xf7, 0x0, 0x0, 0x0,
    0x9f, 0xf6, 0x7f, 0xf7, 0x0, 0x0, 0x0, 0x9f,
    0xf6, 0x7f, 0xf7, 0x0, 0x0, 0x0, 0x9f, 0xf6,
    0x7f, 0xf9, 0x0, 0x0, 0x0, 0xaf, 0xf5, 0x7f,
    0xfd, 0x0, 0x0, 0x0, 0xdf, 0xf3, 0x7f, 0xff,
    0x90, 0x0, 0x8, 0xff, 0xe0, 0x7f, 0xfa, 0xfe,
    0xab, 0xef, 0xff, 0x70, 0x7f, 0xf7, 0x9f, 0xff,
    0xff, 0xfb, 0x0, 0x7f, 0xf7, 0x6, 0xcf, 0xfc,
    0x60, 0x0, 0x7f, 0xf7, 0x0, 0x0, 0x0, 0x0,
    0x0, 0x7f, 0xf7, 0x0, 0x0, 0x0, 0x0, 0x0,
    0x7f, 0xf7, 0x0, 0x0, 0x0, 0x0, 0x0, 0x7f,
    0xf7, 0x0, 0x0, 0x0, 0x0, 0x0, 0x7f, 0xf7,
    0x0, 0x0, 0x0, 0x0, 0x0,

    /* U+00FF "ÿ" */
    0x0, 0x0, 0x0, 0x0, 0x0, 0x0, 0x0, 0x0,
    0x0, 0xa, 0xfc, 0x10, 0x1, 0xcf, 0xa0, 0x0,
    0x0, 0x4f, 0xff, 0x80, 0x8, 0xff, 0xf4, 0x0,
    0x0, 0x4f, 0xff, 0x80, 0x8, 0xff, 0xf4, 0x0,
    0x0, 0xa, 0xfc, 0x10, 0x1, 0xcf, 0xa0, 0x0,
    0x0, 0x0, 0x0, 0x0, 0x0, 0x0, 0x0, 0x0,
    0x0, 0x0, 0x0, 0x0, 0x0, 0x0, 0x0, 0x0,
    0x0, 0x0, 0x0, 0x0, 0x0, 0x0, 0x0, 0x0,
    0x4f, 0xfd, 0x0, 0x0, 0x0, 0x0, 0xcf, 0xf5,
    0xe, 0xff, 0x30, 0x0, 0x0, 0x2, 0xff, 0xf0,
    0x8, 0xff, 0x90, 0x0, 0x0, 0x8, 0xff, 0x90,
    0x2, 0xff, 0xf0, 0x0, 0x0, 0xd, 0xff, 0x30,
    0x0, 0xbf, 0xf5, 0x0, 0x0, 0x3f, 0xfd, 0x0,
    0x0, 0x5f, 0xfb, 0x0, 0x0, 0x8f, 0xf7, 0x0,
    0x0, 0xe, 0xff, 0x20, 0x0, 0xef, 0xf1, 0x0,
    0x0, 0x8, 0xff, 0x80, 0x4, 0xff, 0xb0, 0x0,
    0x0, 0x2, 0xff, 0xd0, 0x9, 0xff, 0x50, 0x0,
    0x0, 0x0, 0xbf, 0xf4, 0xe, 0xff, 0x0, 0x0,
    0x0, 0x0, 0x5f, 0xf9, 0x4f, 0xf9, 0x0, 0x0,
    0x0, 0x0, 0xe, 0xfe, 0x9f, 0xf3, 0x0, 0x0,
    0x0, 0x0, 0x8, 0xff, 0xff, 0xd0, 0x0, 0x0,
    0x0, 0x0, 0x2, 0xff, 0xff, 0x80, 0x0, 0x0,
    0x0, 0x0, 0x0, 0xcf, 0xff, 0x20, 0x0, 0x0,
    0x0, 0x0, 0x0, 0x7f, 0xfc, 0x0, 0x0, 0x0,
    0x0, 0x0, 0x0, 0xbf, 0xf6, 0x0, 0x0, 0x0,
    0x0, 0x0, 0x1, 0xff, 0xf0, 0x0, 0x0, 0x0,
    0x0, 0x0, 0x7, 0xff, 0xa0, 0x0, 0x0, 0x0,
    0x0, 0x0, 0xd, 0xff, 0x40, 0x0, 0x0, 0x0,
    0x0, 0x0, 0x3f, 0xfe, 0x0, 0x0, 0x0, 0x0,
    0x0, 0x0, 0x9f, 0xf8, 0x0, 0x0, 0x0, 0x0,

    /* U+2013 "–" */
    0x7b, 0xbb, 0xbb, 0xbb, 0xbb, 0xbb, 0xb7, 0xaf,
    0xff, 0xff, 0xff, 0xff, 0xff, 0xfa, 0xaf, 0xff,
    0xff, 0xff, 0xff, 0xff, 0xfa,

    /* U+2014 "—" */
    0xbb, 0xbb, 0xbb, 0xbb, 0xbb, 0xbb, 0xbb, 0xbb,
    0xbb, 0xff, 0xff, 0xff, 0xff, 0xff, 0xff, 0xff,
    0xff, 0xff, 0xff, 0xff, 0xff, 0xff, 0xff, 0xff,
    0xff, 0xff, 0xff,

    /* U+2016 "‖" */
    0x38, 0x84, 0x0, 0x0, 0x48, 0x83, 0x7f, 0xf8,
    0x0, 0x0, 0x8f, 0xf7, 0x7f, 0xf8, 0x0, 0x0,
    0x8f, 0xf7, 0x7f, 0xf8, 0x0, 0x0, 0x8f, 0xf7,
    0x7f, 0xf8, 0x0, 0x0, 0x8f, 0xf7, 0x7f, 0xf8,
    0x0, 0x0, 0x8f, 0xf7, 0x7f, 0xf8, 0x0, 0x0,
    0x8f, 0xf7, 0x7f, 0xf8, 0x0, 0x0, 0x8f, 0xf7,
    0x7f, 0xf8, 0x0, 0x0, 0x8f, 0xf7, 0x7f, 0xf8,
    0x0, 0x0, 0x8f, 0xf7, 0x7f, 0xf8, 0x0, 0x0,
    0x8f, 0xf7, 0x7f, 0xf8, 0x0, 0x0, 0x8f, 0xf7,
    0x7f, 0xf8, 0x0, 0x0, 0x8f, 0xf7, 0x7f, 0xf8,
    0x0, 0x0, 0x8f, 0xf7, 0x7f, 0xf8, 0x0, 0x0,
    0x8f, 0xf7, 0x7f, 0xf8, 0x0, 0x0, 0x8f, 0xf7,
    0x7f, 0xf8, 0x0, 0x0, 0x8f, 0xf7, 0x7f, 0xf8,
    0x0, 0x0, 0x8f, 0xf7, 0x7f, 0xf8, 0x0, 0x0,
    0x8f, 0xf7, 0x7f, 0xf8, 0x0, 0x0, 0x8f, 0xf7,
    0x7f, 0xf8, 0x0, 0x0, 0x8f, 0xf7, 0x7f, 0xf8,
    0x0, 0x0, 0x8f, 0xf7, 0x7f, 0xf8, 0x0, 0x0,
    0x8f, 0xf7, 0x7f, 0xf8, 0x0, 0x0, 0x8f, 0xf7,
    0x7f, 0xf8, 0x0, 0x0, 0x8f, 0xf7, 0x7f, 0xf8,
    0x0, 0x0, 0x8f, 0xf7, 0x7f, 0xf8, 0x0, 0x0,
    0x8f, 0xf7, 0x7f, 0xf8, 0x0, 0x0, 0x8f, 0xf7,
    0x7f, 0xf8, 0x0, 0x0, 0x8f, 0xf7,

    /* U+2018 "‘" */
    0x0, 0xef, 0xf4, 0x6, 0xff, 0xd0, 0xd, 0xff,
    0x60, 0x3f, 0xfe, 0x0, 0x8f, 0xf9, 0x0, 0xbf,
    0xf5, 0x0, 0xcf, 0xf5, 0x0, 0x8f, 0xf9, 0x0,
    0x1e, 0xff, 0x20, 0x2, 0x44, 0x30,

    /* U+2019 "’" */
    0x5, 0xff, 0xc0, 0x0, 0xbf, 0xf6, 0x0, 0x5f,
    0xfb, 0x0, 0x5f, 0xfc, 0x0, 0x7f, 0xf9, 0x0,
    0xdf, 0xf5, 0x4, 0xff, 0xe0, 0xb, 0xff, 0x80,
    0x2f, 0xff, 0x10, 0x14, 0x43, 0x0,

    /* U+201A "‚" */
    0x3, 0x44, 0x20, 0x2, 0xff, 0xe1, 0x0, 0x9f,
    0xf8, 0x0, 0x5f, 0xfc, 0x0, 0x5f, 0xfb, 0x0,
    0x9f, 0xf8, 0x0, 0xef, 0xf3, 0x6, 0xff, 0xd0,
    0xd, 0xff, 0x60, 0x4f, 0xfe, 0x0,

    /* U+201B "‛" */
    0xc, 0xff, 0x60, 0x6f, 0xfb, 0x0, 0xbf, 0xf5,
    0x0, 0xcf, 0xf4, 0x0, 0x9f, 0xf7, 0x0, 0x5f,
    0xfd, 0x0, 0xe, 0xff, 0x40, 0x8, 0xff, 0xb0,
    0x1, 0xff, 0xf2, 0x0, 0x34, 0x41,

    /* U+201C "“" */
    0x2, 0xff, 0xf1, 0x0, 0x8f, 0xfb, 0x9, 0xff,
    0xa0, 0x0, 0xef, 0xf4, 0x1f, 0xff, 0x20, 0x6,
    0xff, 0xd0, 0x6f, 0xfb, 0x0, 0xc, 0xff, 0x50,
    0xbf, 0xf5, 0x0, 0x1f, 0xff, 0x0, 0xef, 0xf2,
    0x0, 0x4f, 0xfc, 0x0, 0xff, 0xf1, 0x0, 0x5f,
    0xfb, 0x0, 0xbf, 0xf6, 0x0, 0x1f, 0xff, 0x0,
    0x3f, 0xfe, 0x10, 0x9, 0xff, 0x90, 0x2, 0x44,
    0x20, 0x0, 0x44, 0x40,

    /* U+201D "”" */
    0x1d, 0xff, 0x40, 0x3, 0xff, 0xe1, 0x0, 0x3f,
    0xfe, 0x0, 0x7, 0xff, 0xa0, 0x0, 0xef, 0xf3,
    0x0, 0x2f, 0xff, 0x0, 0xd, 0xff, 0x40, 0x1,
    0xff, 0xf0, 0x0, 0xff, 0xf1, 0x0, 0x4f, 0xfd,
    0x0, 0x5f, 0xfd, 0x0, 0xa, 0xff, 0x80, 0xc,
    0xff, 0x70, 0x1, 0xff, 0xf2, 0x3, 0xff, 0xf0,
    0x0, 0x8f, 0xfb, 0x0, 0xaf, 0xf8, 0x0, 0xe,
    0xff, 0x40, 0x3, 0x44, 0x10, 0x0, 0x44, 0x30,
    0x0,

    /* U+201E "„" */
    0x14, 0x44, 0x0, 0x0, 0x34, 0x41, 0x0, 0xaf,
    0xf7, 0x0, 0x5, 0xff, 0xc0, 0x1, 0xff, 0xf0,
    0x0, 0xc, 0xff, 0x50, 0xd, 0xff, 0x40, 0x0,
    0x8f, 0xf9, 0x0, 0xdf, 0xf3, 0x0, 0x8, 0xff,
    0x80, 0x1f, 0xff, 0x10, 0x0, 0xcf, 0xf5, 0x7,
    0xff, 0xb0, 0x0, 0x2f, 0xff, 0x10, 0xef, 0xf5,
    0x0, 0x9, 0xff, 0xa0, 0x5f, 0xfd, 0x0, 0x1,
    0xff, 0xf3, 0xc, 0xff, 0x60, 0x0, 0x7f, 0xfc,
    0x0,

    /* U+201F "‟" */
    0x1e, 0xff, 0x30, 0x4, 0xff, 0xd1, 0x9f, 0xf8,
    0x0, 0xe, 0xff, 0x30, 0xef, 0xf2, 0x0, 0x3f,
    0xfe, 0x0, 0xff, 0xf1, 0x0, 0x4f, 0xfd, 0x0,
    0xcf, 0xf4, 0x0, 0x1f, 0xff, 0x0, 0x8f, 0xf9,
    0x0, 0xd, 0xff, 0x50, 0x2f, 0xff, 0x10, 0x7,
    0xff, 0xc0, 0xb, 0xff, 0x80, 0x0, 0xff, 0xf3,
    0x4, 0xff, 0xe0, 0x0, 0x8f, 0xfa, 0x0, 0x44,
    0x41, 0x0, 0x14, 0x43,

    /* U+2020 "†" */
    0x0, 0x0, 0x3, 0x88, 0x40, 0x0, 0x0, 0x0,
    0x0, 0x7, 0xff, 0x80, 0x0, 0x0, 0x0, 0x0,
    0x7, 0xff, 0x80, 0x0, 0x0, 0x0, 0x0, 0x7,
    0xff, 0x80, 0x0, 0x0, 0x0, 0x0, 0x7, 0xff,
    0x80, 0x0, 0x0, 0x0, 0x0, 0x7, 0xff, 0x80,
    0x0, 0x0, 0x0, 0x0, 0x7, 0xff, 0x80, 0x0,
    0x0, 0x7b, 0xbb, 0xbd, 0xff, 0xdb, 0xbb, 0xb7,
    0xaf, 0xff, 0xff, 0xff, 0xff, 0xff, 0xfa, 0xaf,
    0xff, 0xff, 0xff, 0xff, 0xff, 0xfa, 0x0, 0x0,
    0x7, 0xff, 0x80, 0x0, 0x0, 0x0, 0x0, 0x7,
    0xff, 0x80, 0x0, 0x0, 0x0, 0x0, 0x7, 0xff,
    0x80, 0x0, 0x0, 0x0, 0x0, 0x7, 0xff, 0x80,
    0x0, 0x0, 0x0, 0x0, 0x7, 0xff, 0x80, 0x0,
    0x0, 0x0, 0x0, 0x7, 0xff, 0x80, 0x0, 0x0,
    0x0, 0x0, 0x7, 0xff, 0x80, 0x0, 0x0, 0x0,
    0x0, 0x7, 0xff, 0x80, 0x0, 0x0, 0x0, 0x0,
    0x7, 0xff, 0x80, 0x0, 0x0, 0x0, 0x0, 0x7,
    0xff, 0x80, 0x0, 0x0, 0x0, 0x0, 0x7, 0xff,
    0x80, 0x0, 0x0, 0x0, 0x0, 0x7, 0xff, 0x80,
    0x0, 0x0, 0x0, 0x0, 0x7, 0xff, 0x80, 0x0,
    0x0, 0x0, 0x0, 0x7, 0xff, 0x80, 0x0, 0x0,
    0x0, 0x0, 0x7, 0xff, 0x80, 0x0, 0x0, 0x0,
    0x0, 0x7, 0xff, 0x80, 0x0, 0x0, 0x0, 0x0,
    0x7, 0xff, 0x80, 0x0, 0x0, 0x0, 0x0, 0x7,
    0xff, 0x80, 0x0, 0x0, 0x0, 0x0, 0x7, 0xff,
    0x80, 0x0, 0x0,

    /* U+2021 "‡" */
    0x0, 0x0, 0x7, 0xff, 0x80, 0x0, 0x0, 0x0,
    0x0, 0x7, 0xff, 0x80, 0x0, 0x0, 0x0, 0x0,
    0x7, 0xff, 0x80, 0x0, 0x0, 0x0, 0x0, 0x7,
    0xff, 0x80, 0x0, 0x0, 0x0, 0x0, 0x7, 0xff,
    0x80, 0x0, 0x0, 0x0, 0x0, 0x7, 0xff, 0x80,
    0x0, 0x0, 0x0, 0x0, 0x7, 0xff, 0x80, 0x0,
    0x0, 0xaf, 0xff, 0xff, 0xff, 0xff, 0xff, 0xfa,
    0xaf, 0xff, 0xff, 0xff, 0xff, 0xff, 0xfa, 0x7b,
    0xbb, 0xbd, 0xff, 0xdb, 0xbb, 0xb7, 0x0, 0x0,
    0x7, 0xff, 0x80, 0x0, 0x0, 0x0, 0x0, 0x7,
    0xff, 0x80, 0x0, 0x0, 0x0, 0x0, 0x7, 0xff,
    0x80, 0x0, 0x0, 0x0, 0x0, 0x7, 0xff, 0x80,
    0x0, 0x0, 0x0, 0x0, 0x7, 0xff, 0x80, 0x0,
    0x0, 0x0, 0x0, 0x7, 0xff, 0x80, 0x0, 0x0,
    0x0, 0x0, 0x7, 0xff, 0x80, 0x0, 0x0, 0x0,
    0x0, 0x7, 0xff, 0x80, 0x0, 0x0, 0x7b, 0xbb,
    0xbd, 0xff, 0xdb, 0xbb, 0xb7, 0xaf, 0xff, 0xff,
    0xff, 0xff, 0xff, 0xfa, 0xaf, 0xff, 0xff, 0xff,
    0xff, 0xff, 0xfa, 0x0, 0x0, 0x7, 0xff, 0x80,
    0x0, 0x0, 0x0, 0x0, 0x7, 0xff, 0x80, 0x0,
    0x0, 0x0, 0x0, 0x7, 0xff, 0x80, 0x0, 0x0,
    0x0, 0x0, 0x7, 0xff, 0x80, 0x0, 0x0, 0x0,
    0x0, 0x7, 0xff, 0x80, 0x0, 0x0, 0x0, 0x0,
    0x7, 0xff, 0x80, 0x0, 0x0, 0x0, 0x0, 0x7,
    0xff, 0x80, 0x0, 0x0, 0x0, 0x0, 0x3, 0x88,
    0x40, 0x0, 0x0,

    /* U+2022 "•" */
    0x0, 0x15, 0x51, 0x0, 0x7, 0xff, 0xff, 0x70,
    0x3f, 0xff, 0xff, 0xf3, 0x9f, 0xff, 0xff, 0xf9,
    0xaf, 0xff, 0xff, 0xfa, 0x7f, 0xff, 0xff, 0xf7,
    0x1e, 0xff, 0xff, 0xe1, 0x2, 0xbf, 0xfb, 0x20,

    /* U+2024 "․" */
    0x0, 0x0, 0x0, 0x9, 0xff, 0x90, 0x5f, 0xff,
    0xf5, 0x8f, 0xff, 0xf8, 0x5f, 0xff, 0xf5, 0x8,
    0xee, 0x80,

    /* U+2026 "…" */
    0x4, 0x71, 0x0, 0x6, 0x60, 0x0, 0x17, 0x30,
    0x1f, 0xfa, 0x0, 0x6f, 0xf6, 0x0, 0xbf, 0xf1,
    0x4f, 0xfd, 0x0, 0x8f, 0xf8, 0x0, 0xdf, 0xf4,
    0x4f, 0xfd, 0x0, 0x9f, 0xf9, 0x0, 0xdf, 0xf4,
    0x3f, 0xfd, 0x0, 0x8f, 0xf8, 0x0, 0xdf, 0xf3,
    0xb, 0xf5, 0x0, 0x2e, 0xd2, 0x0, 0x6f, 0xb0,

    /* U+2190 "←" */
    0x0, 0x0, 0x0, 0x3, 0x33, 0x0, 0x0, 0x0,
    0x0, 0x0, 0x0, 0x0, 0x9f, 0xfc, 0x0, 0x0,
    0x0, 0x0, 0x0, 0x0, 0x6, 0xff, 0xe1, 0x0,
    0x0, 0x0, 0x0, 0x0, 0x0, 0x3f, 0xff, 0x30,
    0x0, 0x0, 0x0, 0x0, 0x0, 0x1, 0xef, 0xf6,
    0x0, 0x0, 0x0, 0x0, 0x0, 0x0, 0xb, 0xff,
    0xa0, 0x0, 0x0, 0x0, 0x0, 0x0, 0x0, 0x8f,
    0xfd, 0x0, 0x0, 0x0, 0x0, 0x0, 0x0, 0x5,
    0xff, 0xd2, 0x0, 0x0, 0x0, 0x0, 0x0, 0x0,
    0x2f, 0xff, 0xff, 0xff, 0xff, 0xff, 0xff, 0xff,
    0xf6, 0x7f, 0xff, 0xff, 0xff, 0xff, 0xff, 0xff,
    0xff, 0xf6, 0xb, 0xff, 0xc9, 0x99, 0x99, 0x99,
    0x99, 0x99, 0x93, 0x1, 0xdf, 0xf5, 0x0, 0x0,
    0x0, 0x0, 0x0, 0x0, 0x0, 0x3f, 0xff, 0x30,
    0x0, 0x0, 0x0, 0x0, 0x0, 0x0, 0x5, 0xff,
    0xe1, 0x0, 0x0, 0x0, 0x0, 0x0, 0x0, 0x0,
    0x9f, 0xfb, 0x0, 0x0, 0x0, 0x0, 0x0, 0x0,
    0x0, 0xc, 0xff, 0x80, 0x0, 0x0, 0x0, 0x0,
    0x0, 0x0, 0x1, 0xef, 0xf5, 0x0, 0x0, 0x0,
    0x0, 0x0, 0x0, 0x0, 0x3b, 0xbb, 0x0, 0x0,
    0x0, 0x0,

    /* U+2191 "↑" */
    0x0, 0x0, 0x0, 0x0, 0x0, 0x0, 0x0, 0x0,
    0x0, 0x0, 0x0, 0x0, 0x9d, 0x20, 0x0, 0x0,
    0x0, 0x0, 0x0, 0x0, 0xbf, 0xfe, 0x30, 0x0,
    0x0, 0x0, 0x0, 0x1, 0xcf, 0xff, 0xff, 0x50,
    0x0, 0x0, 0x0, 0x2, 0xef, 0xff, 0xff, 0xff,
    0x70, 0x0, 0x0, 0x4, 0xef, 0xf9, 0xff, 0xae,
    0xff, 0x90, 0x0, 0x5, 0xff, 0xf9, 0x2f, 0xf9,
    0x2e, 0xff, 0xb0, 0x6, 0xff, 0xf7, 0x2, 0xff,
    0x90, 0x1d, 0xff, 0xd0, 0xaf, 0xf5, 0x0, 0x2f,
    0xf9, 0x0, 0xb, 0xff, 0x1a, 0xf4, 0x0, 0x2,
    0xff, 0x90, 0x0, 0xa, 0xf1, 0x83, 0x0, 0x0,
    0x2f, 0xf9, 0x0, 0x0, 0x8, 0x10, 0x0, 0x0,
    0x2, 0xff, 0x90, 0x0, 0x0, 0x0, 0x0, 0x0,
    0x0, 0x2f, 0xf9, 0x0, 0x0, 0x0, 0x0, 0x0,
    0x0, 0x2, 0xff, 0x90, 0x0, 0x0, 0x0, 0x0,
    0x0, 0x0, 0x2f, 0xf9, 0x0, 0x0, 0x0, 0x0,
    0x0, 0x0, 0x2, 0xff, 0x90, 0x0, 0x0, 0x0,
    0x0, 0x0, 0x0, 0x2f, 0xf9, 0x0, 0x0, 0x0,
    0x0, 0x0, 0x0, 0x2, 0xff, 0x90, 0x0, 0x0,
    0x0, 0x0, 0x0, 0x0, 0x2f, 0xf9, 0x0, 0x0,
    0x0, 0x0, 0x0, 0x0, 0x2, 0xff, 0x90, 0x0,
    0x0, 0x0, 0x0, 0x0, 0x0, 0x2f, 0xf9, 0x0,
    0x0, 0x0, 0x0, 0x0, 0x0, 0x2, 0xff, 0x90,
    0x0, 0x0, 0x0, 0x0, 0x0, 0x0, 0x2f, 0xf9,
    0x0, 0x0, 0x0, 0x0,

    /* U+2192 "→" */
    0x0, 0x0, 0x0, 0x0, 0x33, 0x30, 0x0, 0x0,
    0x0, 0x0, 0x0, 0x0, 0x0, 0xcf, 0xf9, 0x0,
    0x0, 0x0, 0x0, 0x0, 0x0, 0x0, 0x1e, 0xff,
    0x60, 0x0, 0x0, 0x0, 0x0, 0x0, 0x0, 0x3,
    0xff, 0xf3, 0x0, 0x0, 0x0, 0x0, 0x0, 0x0,
    0x0, 0x7f, 0xfe, 0x10, 0x0, 0x0, 0x0, 0x0,
    0x0, 0x0, 0xa, 0xff, 0xb0, 0x0, 0x0, 0x0,
    0x0, 0x0, 0x0, 0x0, 0xdf, 0xf8, 0x0, 0x0,
    0x0, 0x0, 0x0, 0x0, 0x0, 0x2d, 0xff, 0x50,
    0x6f, 0xff, 0xff, 0xff, 0xff, 0xff, 0xff, 0xff,
    0xf2, 0x6f, 0xff, 0xff, 0xff, 0xff, 0xff, 0xff,
    0xff, 0xf7, 0x39, 0x99, 0x99, 0x99, 0x99, 0x99,
    0x9c, 0xff, 0xb0, 0x0, 0x0, 0x0, 0x0, 0x0,
    0x0, 0x5f, 0xfd, 0x10, 0x0, 0x0, 0x0, 0x0,
    0x0, 0x3, 0xff, 0xf3, 0x0, 0x0, 0x0, 0x0,
    0x0, 0x0, 0x1e, 0xff, 0x60, 0x0, 0x0, 0x0,
    0x0, 0x0, 0x0, 0xbf, 0xf9, 0x0, 0x0, 0x0,
    0x0, 0x0, 0x0, 0x8, 0xff, 0xc0, 0x0, 0x0,
    0x0, 0x0, 0x0, 0x0, 0x5f, 0xfe, 0x10, 0x0,
    0x0, 0x0, 0x0, 0x0, 0x0, 0xbb, 0xb4, 0x0,
    0x0, 0x0,

    /* U+2193 "↓" */
    0x0, 0x0, 0x0, 0x1e, 0xe8, 0x0, 0x0, 0x0,
    0x0, 0x0, 0x0, 0x2, 0xff, 0x90, 0x0, 0x0,
    0x0, 0x0, 0x0, 0x0, 0x2f, 0xf9, 0x0, 0x0,
    0x0, 0x0, 0x0, 0x0, 0x2, 0xff, 0x90, 0x0,
    0x0, 0x0, 0x0, 0x0, 0x0, 0x2f, 0xf9, 0x0,
    0x0, 0x0, 0x0, 0x0, 0x0, 0x2, 0xff, 0x90,
    0x0, 0x0, 0x0, 0x0, 0x0, 0x0, 0x2f, 0xf9,
    0x0, 0x0, 0x0, 0x0, 0x0, 0x0, 0x2, 0xff,
    0x90, 0x0, 0x0, 0x0, 0x0, 0x0, 0x0, 0x2f,
    0xf9, 0x0, 0x0, 0x0, 0x0, 0x0, 0x0, 0x2,
    0xff, 0x90, 0x0, 0x0, 0x0, 0x0, 0x0, 0x0,
    0x2f, 0xf9, 0x0, 0x0, 0x0, 0x0, 0x0, 0x0,
    0x2, 0xff, 0x90, 0x0, 0x0, 0x0, 0x72, 0x0,
    0x0, 0x2f, 0xf9, 0x0, 0x0, 0x7, 0x1a, 0xe3,
    0x0, 0x2, 0xff, 0x90, 0x0, 0x8, 0xf1, 0xaf,
    0xf4, 0x0, 0x2f, 0xf9, 0x0, 0xa, 0xff, 0x17,
    0xff, 0xf5, 0x2, 0xff, 0x90, 0x1c, 0xff, 0xe0,
    0x7, 0xff, 0xf7, 0x2f, 0xf9, 0x1d, 0xff, 0xc1,
    0x0, 0x5, 0xff, 0xf8, 0xff, 0xad, 0xff, 0xb0,
    0x0, 0x0, 0x3, 0xef, 0xff, 0xff, 0xff, 0x90,
    0x0, 0x0, 0x0, 0x2, 0xdf, 0xff, 0xff, 0x70,
    0x0, 0x0, 0x0, 0x0, 0x1, 0xcf, 0xff, 0x40,
    0x0, 0x0, 0x0, 0x0, 0x0, 0x0, 0xae, 0x30,
    0x0, 0x0, 0x0, 0x0, 0x0, 0x0, 0x0, 0x10,
    0x0, 0x0, 0x0, 0x0
};


/*---------------------
 *  GLYPH DESCRIPTION
 *--------------------*/

static const lv_font_fmt_txt_glyph_dsc_t glyph_dsc[] = {
    {.bitmap_index = 0, .adv_w = 0, .box_w = 0, .box_h = 0, .ofs_x = 0, .ofs_y = 0} /* id = 0 reserved */,
    {.bitmap_index = 0, .adv_w = 288, .box_w = 0, .box_h = 0, .ofs_x = 0, .ofs_y = 0},
    {.bitmap_index = 0, .adv_w = 288, .box_w = 6, .box_h = 22, .ofs_x = 6, .ofs_y = 0},
    {.bitmap_index = 66, .adv_w = 288, .box_w = 10, .box_h = 10, .ofs_x = 4, .ofs_y = 12},
    {.bitmap_index = 116, .adv_w = 288, .box_w = 16, .box_h = 22, .ofs_x = 1, .ofs_y = 0},
    {.bitmap_index = 292, .adv_w = 288, .box_w = 14, .box_h = 31, .ofs_x = 2, .ofs_y = -4},
    {.bitmap_index = 509, .adv_w = 288, .box_w = 18, .box_h = 22, .ofs_x = 0, .ofs_y = 0},
    {.bitmap_index = 707, .adv_w = 288, .box_w = 19, .box_h = 22, .ofs_x = 0, .ofs_y = 0},
    {.bitmap_index = 916, .adv_w = 288, .box_w = 4, .box_h = 10, .ofs_x = 7, .ofs_y = 12},
    {.bitmap_index = 936, .adv_w = 288, .box_w = 10, .box_h = 30, .ofs_x = 5, .ofs_y = -4},
    {.bitmap_index = 1086, .adv_w = 288, .box_w = 10, .box_h = 30, .ofs_x = 3, .ofs_y = -4},
    {.bitmap_index = 1236, .adv_w = 288, .box_w = 16, .box_h = 16, .ofs_x = 1, .ofs_y = 3},
    {.bitmap_index = 1364, .adv_w = 288, .box_w = 16, .box_h = 15, .ofs_x = 1, .ofs_y = 2},
    {.bitmap_index = 1484, .adv_w = 288, .box_w = 6, .box_h = 10, .ofs_x = 6, .ofs_y = -5},
    {.bitmap_index = 1514, .adv_w = 288, .box_w = 10, .box_h = 3, .ofs_x = 4, .ofs_y = 9},
    {.bitmap_index = 1529, .adv_w = 288, .box_w = 6, .box_h = 6, .ofs_x = 6, .ofs_y = 0},
    {.bitmap_index = 1547, .adv_w = 288, .box_w = 14, .box_h = 29, .ofs_x = 2, .ofs_y = -3},
    {.bitmap_index = 1750, .adv_w = 288, .box_w = 14, .box_h = 22, .ofs_x = 2, .ofs_y = 0},
    {.bitmap_index = 1904, .adv_w = 288, .box_w = 15, .box_h = 22, .ofs_x = 2, .ofs_y = 0},
    {.bitmap_index = 2069, .adv_w = 288, .box_w = 14, .box_h = 22, .ofs_x = 2, .ofs_y = 0},
    {.bitmap_index = 2223, .adv_w = 288, .box_w = 14, .box_h = 22, .ofs_x = 2, .ofs_y = 0},
    {.bitmap_index = 2377, .adv_w = 288, .box_w = 13, .box_h = 22, .ofs_x = 2, .ofs_y = 0},
    {.bitmap_index = 2520, .adv_w = 288, .box_w = 14, .box_h = 22, .ofs_x = 2, .ofs_y = 0},
    {.bitmap_index = 2674, .adv_w = 288, .box_w = 16, .box_h = 22, .ofs_x = 1, .ofs_y = 0},
    {.bitmap_index = 2850, .adv_w = 288, .box_w = 15, .box_h = 22, .ofs_x = 2, .ofs_y = 0},
    {.bitmap_index = 3015, .adv_w = 288, .box_w = 16, .box_h = 22, .ofs_x = 1, .ofs_y = 0},
    {.bitmap_index = 3191, .adv_w = 288, .box_w = 16, .box_h = 22, .ofs_x = 1, .ofs_y = 0},
    {.bitmap_index = 3367, .adv_w = 288, .box_w = 6, .box_h = 17, .ofs_x = 6, .ofs_y = 0},
    {.bitmap_index = 3418, .adv_w = 288, .box_w = 6, .box_h = 22, .ofs_x = 6, .ofs_y = -5},
    {.bitmap_index = 3484, .adv_w = 288, .box_w = 14, .box_h = 18, .ofs_x = 2, .ofs_y = 1},
    {.bitmap_index = 3610, .adv_w = 288, .box_w = 14, .box_h = 10, .ofs_x = 2, .ofs_y = 5},
    {.bitmap_index = 3680, .adv_w = 288, .box_w = 14, .box_h = 18, .ofs_x = 2, .ofs_y = 1},
    {.bitmap_index = 3806, .adv_w = 288, .box_w = 12, .box_h = 22, .ofs_x = 3, .ofs_y = 0},
    {.bitmap_index = 3938, .adv_w = 288, .box_w = 16, .box_h = 27, .ofs_x = 1, .ofs_y = -5},
    {.bitmap_index = 4154, .adv_w = 288, .box_w = 16, .box_h = 22, .ofs_x = 1, .ofs_y = 0},
    {.bitmap_index = 4330, .adv_w = 288, .box_w = 15, .box_h = 22, .ofs_x = 2, .ofs_y = 0},
    {.bitmap_index = 4495, .adv_w = 288, .box_w = 14, .box_h = 22, .ofs_x = 2, .ofs_y = 0},
    {.bitmap_index = 4649, .adv_w = 288, .box_w = 14, .box_h = 22, .ofs_x = 2, .ofs_y = 0},
    {.bitmap_index = 4803, .adv_w = 288, .box_w = 14, .box_h = 22, .ofs_x = 2, .ofs_y = 0},
    {.bitmap_index = 4957, .adv_w = 288, .box_w = 14, .box_h = 22, .ofs_x = 2, .ofs_y = 0},
    {.bitmap_index = 5111, .adv_w = 288, .box_w = 14, .box_h = 22, .ofs_x = 2, .ofs_y = 0},
    {.bitmap_index = 5265, .adv_w = 288, .box_w = 14, .box_h = 22, .ofs_x = 2, .ofs_y = 0},
    {.bitmap_index = 5419, .adv_w = 288, .box_w = 12, .box_h = 22, .ofs_x = 3, .ofs_y = 0},
    {.bitmap_index = 5551, .adv_w = 288, .box_w = 14, .box_h = 22, .ofs_x = 1, .ofs_y = 0},
    {.bitmap_index = 5705, .adv_w = 288, .box_w = 15, .box_h = 22, .ofs_x = 2, .ofs_y = 0},
    {.bitmap_index = 5870, .adv_w = 288, .box_w = 14, .box_h = 22, .ofs_x = 3, .ofs_y = 0},
    {.bitmap_index = 6024, .adv_w = 288, .box_w = 14, .box_h = 22, .ofs_x = 2, .ofs_y = 0},
    {.bitmap_index = 6178, .adv_w = 288, .box_w = 14, .box_h = 22, .ofs_x = 2, .ofs_y = 0},
    {.bitmap_index = 6332, .adv_w = 288, .box_w = 14, .box_h = 22, .ofs_x = 2, .ofs_y = 0},
    {.bitmap_index = 6486, .adv_w = 288, .box_w = 15, .box_h = 22, .ofs_x = 2, .ofs_y = 0},
    {.bitmap_index = 6651, .adv_w = 288, .box_w = 14, .box_h = 27, .ofs_x = 2, .ofs_y = -5},
    {.bitmap_index = 6840, .adv_w = 288, .box_w = 15, .box_h = 22, .ofs_x = 2, .ofs_y = 0},
    {.bitmap_index = 7005, .adv_w = 288, .box_w = 14, .box_h = 22, .ofs_x = 2, .ofs_y = 0},
    {.bitmap_index = 7159, .adv_w = 288, .box_w = 16, .box_h = 22, .ofs_x = 1, .ofs_y = 0},
    {.bitmap_index = 7335, .adv_w = 288, .box_w = 14, .box_h = 22, .ofs_x = 2, .ofs_y = 0},
    {.bitmap_index = 7489, .adv_w = 288, .box_w = 16, .box_h = 22, .ofs_x = 1, .ofs_y = 0},
    {.bitmap_index = 7665, .adv_w = 288, .box_w = 18, .box_h = 22, .ofs_x = 0, .ofs_y = 0},
    {.bitmap_index = 7863, .adv_w = 288, .box_w = 16, .box_h = 22, .ofs_x = 1, .ofs_y = 0},
    {.bitmap_index = 8039, .adv_w = 288, .box_w = 18, .box_h = 22, .ofs_x = 0, .ofs_y = 0},
    {.bitmap_index = 8237, .adv_w = 288, .box_w = 14, .box_h = 22, .ofs_x = 2, .ofs_y = 0},
    {.bitmap_index = 8391, .adv_w = 288, .box_w = 8, .box_h = 29, .ofs_x = 6, .ofs_y = -3},
    {.bitmap_index = 8507, .adv_w = 288, .box_w = 14, .box_h = 29, .ofs_x = 2, .ofs_y = -3},
    {.bitmap_index = 8710, .adv_w = 288, .box_w = 8, .box_h = 29, .ofs_x = 4, .ofs_y = -3},
    {.bitmap_index = 8826, .adv_w = 288, .box_w = 14, .box_h = 12, .ofs_x = 2, .ofs_y = 10},
    {.bitmap_index = 8910, .adv_w = 288, .box_w = 16, .box_h = 3, .ofs_x = 1, .ofs_y = -3},
    {.bitmap_index = 8934, .adv_w = 288, .box_w = 8, .box_h = 5, .ofs_x = 4, .ofs_y = 20},
    {.bitmap_index = 8954, .adv_w = 288, .box_w = 15, .box_h = 17, .ofs_x = 1, .ofs_y = 0},
    {.bitmap_index = 9082, .adv_w = 288, .box_w = 14, .box_h = 22, .ofs_x = 2, .ofs_y = 0},
    {.bitmap_index = 9236, .adv_w = 288, .box_w = 14, .box_h = 17, .ofs_x = 2, .ofs_y = 0},
    {.bitmap_index = 9355, .adv_w = 288, .box_w = 14, .box_h = 22, .ofs_x = 2, .ofs_y = 0},
    {.bitmap_index = 9509, .adv_w = 288, .box_w = 14, .box_h = 17, .ofs_x = 2, .ofs_y = 0},
    {.bitmap_index = 9628, .adv_w = 288, .box_w = 15, .box_h = 22, .ofs_x = 1, .ofs_y = 0},
    {.bitmap_index = 9793, .adv_w = 288, .box_w = 14, .box_h = 22, .ofs_x = 2, .ofs_y = -5},
    {.bitmap_index = 9947, .adv_w = 288, .box_w = 14, .box_h = 22, .ofs_x = 2, .ofs_y = 0},
    {.bitmap_index = 10101, .adv_w = 288, .box_w = 15, .box_h = 24, .ofs_x = 2, .ofs_y = 0},
    {.bitmap_index = 10281, .adv_w = 288, .box_w = 12, .box_h = 30, .ofs_x = 2, .ofs_y = -5},
    {.bitmap_index = 10461, .adv_w = 288, .box_w = 15, .box_h = 22, .ofs_x = 2, .ofs_y = 0},
    {.bitmap_index = 10626, .adv_w = 288, .box_w = 17, .box_h = 22, .ofs_x = 0, .ofs_y = 0},
    {.bitmap_index = 10813, .adv_w = 288, .box_w = 16, .box_h = 17, .ofs_x = 1, .ofs_y = 0},
    {.bitmap_index = 10949, .adv_w = 288, .box_w = 14, .box_h = 17, .ofs_x = 2, .ofs_y = 0},
    {.bitmap_index = 11068, .adv_w = 288, .box_w = 14, .box_h = 17, .ofs_x = 2, .ofs_y = 0},
    {.bitmap_index = 11187, .adv_w = 288, .box_w = 14, .box_h = 22, .ofs_x = 2, .ofs_y = -5},
    {.bitmap_index = 11341, .adv_w = 288, .box_w = 14, .box_h = 22, .ofs_x = 2, .ofs_y = -5},
    {.bitmap_index = 11495, .adv_w = 288, .box_w = 14, .box_h = 17, .ofs_x = 3, .ofs_y = 0},
    {.bitmap_index = 11614, .adv_w = 288, .box_w = 14, .box_h = 17, .ofs_x = 2, .ofs_y = 0},
    {.bitmap_index = 11733, .adv_w = 288, .box_w = 15, .box_h = 22, .ofs_x = 1, .ofs_y = 0},
    {.bitmap_index = 11898, .adv_w = 288, .box_w = 14, .box_h = 17, .ofs_x = 2, .ofs_y = 0},
    {.bitmap_index = 12017, .adv_w = 288, .box_w = 16, .box_h = 17, .ofs_x = 1, .ofs_y = 0},
    {.bitmap_index = 12153, .adv_w = 288, .box_w = 18, .box_h = 17, .ofs_x = 0, .ofs_y = 0},
    {.bitmap_index = 12306, .adv_w = 288, .box_w = 16, .box_h = 17, .ofs_x = 1, .ofs_y = 0},
    {.bitmap_index = 12442, .adv_w = 288, .box_w = 16, .box_h = 22, .ofs_x = 1, .ofs_y = -5},
    {.bitmap_index = 12618, .adv_w = 288, .box_w = 14, .box_h = 17, .ofs_x = 2, .ofs_y = 0},
    {.bitmap_index = 12737, .adv_w = 288, .box_w = 14, .box_h = 29, .ofs_x = 2, .ofs_y = -3},
    {.bitmap_index = 12940, .adv_w = 288, .box_w = 4, .box_h = 29, .ofs_x = 7, .ofs_y = -3},
    {.bitmap_index = 12998, .adv_w = 288, .box_w = 14, .box_h = 29, .ofs_x = 2, .ofs_y = -3},
    {.bitmap_index = 13201, .adv_w = 288, .box_w = 16, .box_h = 7, .ofs_x = 1, .ofs_y = 7},
    {.bitmap_index = 13257, .adv_w = 288, .box_w = 0, .box_h = 0, .ofs_x = 0, .ofs_y = 0},
    {.bitmap_index = 13257, .adv_w = 288, .box_w = 6, .box_h = 22, .ofs_x = 6, .ofs_y = -5},
    {.bitmap_index = 13323, .adv_w = 288, .box_w = 14, .box_h = 26, .ofs_x = 2, .ofs_y = -4},
    {.bitmap_index = 13505, .adv_w = 288, .box_w = 15, .box_h = 22, .ofs_x = 2, .ofs_y = 0},
    {.bitmap_index = 13670, .adv_w = 288, .box_w = 16, .box_h = 16, .ofs_x = 1, .ofs_y = 3},
    {.bitmap_index = 13798, .adv_w = 288, .box_w = 18, .box_h = 22, .ofs_x = 0, .ofs_y = 0},
    {.bitmap_index = 13996, .adv_w = 288, .box_w = 4, .box_h = 29, .ofs_x = 7, .ofs_y = -3},
    {.bitmap_index = 14054, .adv_w = 288, .box_w = 14, .box_h = 27, .ofs_x = 2, .ofs_y = -5},
    {.bitmap_index = 14243, .adv_w = 288, .box_w = 12, .box_h = 5, .ofs_x = 3, .ofs_y = 20},
    {.bitmap_index = 14273, .adv_w = 288, .box_w = 16, .box_h = 19, .ofs_x = 1, .ofs_y = 3},
    {.bitmap_index = 14425, .adv_w = 288, .box_w = 8, .box_h = 10, .ofs_x = 5, .ofs_y = 13},
    {.bitmap_index = 14465, .adv_w = 288, .box_w = 17, .box_h = 15, .ofs_x = 0, .ofs_y = 1},
    {.bitmap_index = 14593, .adv_w = 288, .box_w = 12, .box_h = 7, .ofs_x = 3, .ofs_y = 5},
    {.bitmap_index = 14635, .adv_w = 288, .box_w = 10, .box_h = 3, .ofs_x = 4, .ofs_y = 9},
    {.bitmap_index = 14650, .adv_w = 288, .box_w = 16, .box_h = 19, .ofs_x = 1, .ofs_y = 3},
    {.bitmap_index = 14802, .adv_w = 288, .box_w = 10, .box_h = 3, .ofs_x = 4, .ofs_y = 20},
    {.bitmap_index = 14817, .adv_w = 288, .box_w = 10, .box_h = 9, .ofs_x = 4, .ofs_y = 13},
    {.bitmap_index = 14862, .adv_w = 288, .box_w = 16, .box_h = 18, .ofs_x = 1, .ofs_y = 0},
    {.bitmap_index = 15006, .adv_w = 288, .box_w = 10, .box_h = 14, .ofs_x = 4, .ofs_y = 11},
    {.bitmap_index = 15076, .adv_w = 288, .box_w = 10, .box_h = 14, .ofs_x = 4, .ofs_y = 11},
    {.bitmap_index = 15146, .adv_w = 288, .box_w = 8, .box_h = 5, .ofs_x = 6, .ofs_y = 20},
    {.bitmap_index = 15166, .adv_w = 288, .box_w = 14, .box_h = 22, .ofs_x = 2, .ofs_y = -5},
    {.bitmap_index = 15320, .adv_w = 288, .box_w = 15, .box_h = 27, .ofs_x = 1, .ofs_y = -5},
    {.bitmap_index = 15523, .adv_w = 288, .box_w = 6, .box_h = 6, .ofs_x = 6, .ofs_y = 8},
    {.bitmap_index = 15541, .adv_w = 288, .box_w = 7, .box_h = 7, .ofs_x = 6, .ofs_y = -6},
    {.bitmap_index = 15566, .adv_w = 288, .box_w = 11, .box_h = 14, .ofs_x = 4, .ofs_y = 11},
    {.bitmap_index = 15643, .adv_w = 288, .box_w = 8, .box_h = 10, .ofs_x = 5, .ofs_y = 13},
    {.bitmap_index = 15683, .adv_w = 288, .box_w = 17, .box_h = 15, .ofs_x = 1, .ofs_y = 1},
    {.bitmap_index = 15811, .adv_w = 288, .box_w = 18, .box_h = 22, .ofs_x = 0, .ofs_y = 0},
    {.bitmap_index = 16009, .adv_w = 288, .box_w = 18, .box_h = 22, .ofs_x = 0, .ofs_y = 0},
    {.bitmap_index = 16207, .adv_w = 288, .box_w = 18, .box_h = 22, .ofs_x = 0, .ofs_y = 0},
    {.bitmap_index = 16405, .adv_w = 288, .box_w = 12, .box_h = 22, .ofs_x = 3, .ofs_y = -5},
    {.bitmap_index = 16537, .adv_w = 288, .box_w = 16, .box_h = 29, .ofs_x = 1, .ofs_y = 0},
    {.bitmap_index = 16769, .adv_w = 288, .box_w = 16, .box_h = 29, .ofs_x = 1, .ofs_y = 0},
    {.bitmap_index = 17001, .adv_w = 288, .box_w = 16, .box_h = 29, .ofs_x = 1, .ofs_y = 0},
    {.bitmap_index = 17233, .adv_w = 288, .box_w = 16, .box_h = 29, .ofs_x = 1, .ofs_y = 0},
    {.bitmap_index = 17465, .adv_w = 288, .box_w = 16, .box_h = 29, .ofs_x = 1, .ofs_y = 0},
    {.bitmap_index = 17697, .adv_w = 288, .box_w = 16, .box_h = 30, .ofs_x = 1, .ofs_y = 0},
    {.bitmap_index = 17937, .adv_w = 288, .box_w = 18, .box_h = 22, .ofs_x = 0, .ofs_y = 0},
    {.bitmap_index = 18135, .adv_w = 288, .box_w = 14, .box_h = 28, .ofs_x = 2, .ofs_y = -6},
    {.bitmap_index = 18331, .adv_w = 288, .box_w = 14, .box_h = 29, .ofs_x = 2, .ofs_y = 0},
    {.bitmap_index = 18534, .adv_w = 288, .box_w = 14, .box_h = 29, .ofs_x = 2, .ofs_y = 0},
    {.bitmap_index = 18737, .adv_w = 288, .box_w = 14, .box_h = 29, .ofs_x = 2, .ofs_y = 0},
    {.bitmap_index = 18940, .adv_w = 288, .box_w = 14, .box_h = 29, .ofs_x = 2, .ofs_y = 0},
    {.bitmap_index = 19143, .adv_w = 288, .box_w = 12, .box_h = 29, .ofs_x = 3, .ofs_y = 0},
    {.bitmap_index = 19317, .adv_w = 288, .box_w = 12, .box_h = 29, .ofs_x = 3, .ofs_y = 0},
    {.bitmap_index = 19491, .adv_w = 288, .box_w = 12, .box_h = 29, .ofs_x = 3, .ofs_y = 0},
    {.bitmap_index = 19665, .adv_w = 288, .box_w = 12, .box_h = 29, .ofs_x = 3, .ofs_y = 0},
    {.bitmap_index = 19839, .adv_w = 288, .box_w = 16, .box_h = 22, .ofs_x = 0, .ofs_y = 0},
    {.bitmap_index = 20015, .adv_w = 288, .box_w = 14, .box_h = 29, .ofs_x = 2, .ofs_y = 0},
    {.bitmap_index = 20218, .adv_w = 288, .box_w = 14, .box_h = 29, .ofs_x = 2, .ofs_y = 0},
    {.bitmap_index = 20421, .adv_w = 288, .box_w = 14, .box_h = 29, .ofs_x = 2, .ofs_y = 0},
    {.bitmap_index = 20624, .adv_w = 288, .box_w = 14, .box_h = 29, .ofs_x = 2, .ofs_y = 0},
    {.bitmap_index = 20827, .adv_w = 288, .box_w = 14, .box_h = 29, .ofs_x = 2, .ofs_y = 0},
    {.bitmap_index = 21030, .adv_w = 288, .box_w = 14, .box_h = 29, .ofs_x = 2, .ofs_y = 0},
    {.bitmap_index = 21233, .adv_w = 288, .box_w = 12, .box_h = 14, .ofs_x = 3, .ofs_y = 3},
    {.bitmap_index = 21317, .adv_w = 288, .box_w = 18, .box_h = 24, .ofs_x = 0, .ofs_y = -1},
    {.bitmap_index = 21533, .adv_w = 288, .box_w = 14, .box_h = 29, .ofs_x = 2, .ofs_y = 0},
    {.bitmap_index = 21736, .adv_w = 288, .box_w = 14, .box_h = 29, .ofs_x = 2, .ofs_y = 0},
    {.bitmap_index = 21939, .adv_w = 288, .box_w = 14, .box_h = 29, .ofs_x = 2, .ofs_y = 0},
    {.bitmap_index = 22142, .adv_w = 288, .box_w = 14, .box_h = 29, .ofs_x = 2, .ofs_y = 0},
    {.bitmap_index = 22345, .adv_w = 288, .box_w = 18, .box_h = 29, .ofs_x = 0, .ofs_y = 0},
    {.bitmap_index = 22606, .adv_w = 288, .box_w = 15, .box_h = 22, .ofs_x = 2, .ofs_y = 0},
    {.bitmap_index = 22771, .adv_w = 288, .box_w = 15, .box_h = 22, .ofs_x = 2, .ofs_y = 0},
    {.bitmap_index = 22936, .adv_w = 288, .box_w = 15, .box_h = 24, .ofs_x = 1, .ofs_y = 0},
    {.bitmap_index = 23116, .adv_w = 288, .box_w = 15, .box_h = 24, .ofs_x = 1, .ofs_y = 0},
    {.bitmap_index = 23296, .adv_w = 288, .box_w = 15, .box_h = 24, .ofs_x = 1, .ofs_y = 0},
    {.bitmap_index = 23476, .adv_w = 288, .box_w = 15, .box_h = 25, .ofs_x = 1, .ofs_y = 0},
    {.bitmap_index = 23664, .adv_w = 288, .box_w = 15, .box_h = 24, .ofs_x = 1, .ofs_y = 0},
    {.bitmap_index = 23844, .adv_w = 288, .box_w = 15, .box_h = 26, .ofs_x = 1, .ofs_y = 0},
    {.bitmap_index = 24039, .adv_w = 288, .box_w = 17, .box_h = 17, .ofs_x = 0, .ofs_y = 0},
    {.bitmap_index = 24184, .adv_w = 288, .box_w = 14, .box_h = 23, .ofs_x = 2, .ofs_y = -6},
    {.bitmap_index = 24345, .adv_w = 288, .box_w = 14, .box_h = 24, .ofs_x = 2, .ofs_y = 0},
    {.bitmap_index = 24513, .adv_w = 288, .box_w = 14, .box_h = 24, .ofs_x = 2, .ofs_y = 0},
    {.bitmap_index = 24681, .adv_w = 288, .box_w = 14, .box_h = 24, .ofs_x = 2, .ofs_y = 0},
    {.bitmap_index = 24849, .adv_w = 288, .box_w = 14, .box_h = 24, .ofs_x = 2, .ofs_y = 0},
    {.bitmap_index = 25017, .adv_w = 288, .box_w = 15, .box_h = 24, .ofs_x = 2, .ofs_y = 0},
    {.bitmap_index = 25197, .adv_w = 288, .box_w = 15, .box_h = 24, .ofs_x = 2, .ofs_y = 0},
    {.bitmap_index = 25377, .adv_w = 288, .box_w = 15, .box_h = 24, .ofs_x = 2, .ofs_y = 0},
    {.bitmap_index = 25557, .adv_w = 288, .box_w = 15, .box_h = 24, .ofs_x = 2, .ofs_y = 0},
    {.bitmap_index = 25737, .adv_w = 288, .box_w = 16, .box_h = 23, .ofs_x = 1, .ofs_y = 0},
    {.bitmap_index = 25921, .adv_w = 288, .box_w = 14, .box_h = 24, .ofs_x = 2, .ofs_y = 0},
    {.bitmap_index = 26089, .adv_w = 288, .box_w = 14, .box_h = 24, .ofs_x = 2, .ofs_y = 0},
    {.bitmap_index = 26257, .adv_w = 288, .box_w = 14, .box_h = 24, .ofs_x = 2, .ofs_y = 0},
    {.bitmap_index = 26425, .adv_w = 288, .box_w = 14, .box_h = 24, .ofs_x = 2, .ofs_y = 0},
    {.bitmap_index = 26593, .adv_w = 288, .box_w = 14, .box_h = 24, .ofs_x = 2, .ofs_y = 0},
    {.bitmap_index = 26761, .adv_w = 288, .box_w = 14, .box_h = 24, .ofs_x = 2, .ofs_y = 0},
    {.bitmap_index = 26929, .adv_w = 288, .box_w = 12, .box_h = 17, .ofs_x = 3, .ofs_y = 2},
    {.bitmap_index = 27031, .adv_w = 288, .box_w = 17, .box_h = 19, .ofs_x = 1, .ofs_y = -1},
    {.bitmap_index = 27193, .adv_w = 288, .box_w = 14, .box_h = 24, .ofs_x = 2, .ofs_y = 0},
    {.bitmap_index = 27361, .adv_w = 288, .box_w = 14, .box_h = 24, .ofs_x = 2, .ofs_y = 0},
    {.bitmap_index = 27529, .adv_w = 288, .box_w = 14, .box_h = 24, .ofs_x = 2, .ofs_y = 0},
    {.bitmap_index = 27697, .adv_w = 288, .box_w = 14, .box_h = 24, .ofs_x = 2, .ofs_y = 0},
    {.bitmap_index = 27865, .adv_w = 288, .box_w = 16, .box_h = 30, .ofs_x = 1, .ofs_y = -5},
    {.bitmap_index = 28105, .adv_w = 288, .box_w = 14, .box_h = 27, .ofs_x = 2, .ofs_y = -5},
    {.bitmap_index = 28294, .adv_w = 288, .box_w = 16, .box_h = 30, .ofs_x = 1, .ofs_y = -5},
    {.bitmap_index = 28534, .adv_w = 288, .box_w = 14, .box_h = 3, .ofs_x = 2, .ofs_y = 9},
    {.bitmap_index = 28555, .adv_w = 288, .box_w = 18, .box_h = 3, .ofs_x = 0, .ofs_y = 9},
    {.bitmap_index = 28582, .adv_w = 288, .box_w = 12, .box_h = 29, .ofs_x = 3, .ofs_y = -3},
    {.bitmap_index = 28756, .adv_w = 288, .box_w = 6, .box_h = 10, .ofs_x = 6, .ofs_y = 12},
    {.bitmap_index = 28786, .adv_w = 288, .box_w = 6, .box_h = 10, .ofs_x = 6, .ofs_y = 12},
    {.bitmap_index = 28816, .adv_w = 288, .box_w = 6, .box_h = 10, .ofs_x = 6, .ofs_y = -5},
    {.bitmap_index = 28846, .adv_w = 288, .box_w = 6, .box_h = 10, .ofs_x = 6, .ofs_y = 12},
    {.bitmap_index = 28876, .adv_w = 288, .box_w = 12, .box_h = 10, .ofs_x = 3, .ofs_y = 12},
    {.bitmap_index = 28936, .adv_w = 288, .box_w = 13, .box_h = 10, .ofs_x = 3, .ofs_y = 12},
    {.bitmap_index = 29001, .adv_w = 288, .box_w = 13, .box_h = 10, .ofs_x = 3, .ofs_y = -5},
    {.bitmap_index = 29066, .adv_w = 288, .box_w = 12, .box_h = 10, .ofs_x = 3, .ofs_y = 12},
    {.bitmap_index = 29126, .adv_w = 288, .box_w = 14, .box_h = 29, .ofs_x = 2, .ofs_y = -3},
    {.bitmap_index = 29329, .adv_w = 288, .box_w = 14, .box_h = 29, .ofs_x = 2, .ofs_y = -4},
    {.bitmap_index = 29532, .adv_w = 288, .box_w = 8, .box_h = 8, .ofs_x = 5, .ofs_y = 7},
    {.bitmap_index = 29564, .adv_w = 288, .box_w = 6, .box_h = 6, .ofs_x = 6, .ofs_y = 0},
    {.bitmap_index = 29582, .adv_w = 288, .box_w = 16, .box_h = 6, .ofs_x = 1, .ofs_y = 0},
    {.bitmap_index = 29630, .adv_w = 288, .box_w = 18, .box_h = 18, .ofs_x = 0, .ofs_y = 1},
    {.bitmap_index = 29792, .adv_w = 288, .box_w = 17, .box_h = 23, .ofs_x = 1, .ofs_y = 0},
    {.bitmap_index = 29988, .adv_w = 288, .box_w = 18, .box_h = 18, .ofs_x = 0, .ofs_y = 1},
    {.bitmap_index = 30150, .adv_w = 288, .box_w = 17, .box_h = 23, .ofs_x = 1, .ofs_y = -1}
};

/*---------------------
 *  CHARACTER MAPPING
 *--------------------*/

static const uint8_t glyph_id_ofs_list_2[] = {
    0, 1, 0, 2, 0, 3, 4, 5,
    6, 7, 8, 9, 10, 11, 12, 13,
    0, 14, 0, 15
};

/*Collect the unicode lists and glyph_id offsets*/
static const lv_font_fmt_txt_cmap_t cmaps[] =
{
    {
        .range_start = 32, .range_length = 95, .glyph_id_start = 1,
        .unicode_list = NULL, .glyph_id_ofs_list = NULL, .list_length = 0, .type = LV_FONT_FMT_TXT_CMAP_FORMAT0_TINY
    },
    {
        .range_start = 160, .range_length = 96, .glyph_id_start = 96,
        .unicode_list = NULL, .glyph_id_ofs_list = NULL, .list_length = 0, .type = LV_FONT_FMT_TXT_CMAP_FORMAT0_TINY
    },
    {
        .range_start = 8211, .range_length = 20, .glyph_id_start = 192,
        .unicode_list = NULL, .glyph_id_ofs_list = glyph_id_ofs_list_2, .list_length = 20, .type = LV_FONT_FMT_TXT_CMAP_FORMAT0_FULL
    },
    {
        .range_start = 8592, .range_length = 4, .glyph_id_start = 208,
        .unicode_list = NULL, .glyph_id_ofs_list = NULL, .list_length = 0, .type = LV_FONT_FMT_TXT_CMAP_FORMAT0_TINY
    }
};



/*--------------------
 *  ALL CUSTOM DATA
 *--------------------*/

#if LVGL_VERSION_MAJOR == 8
/*Store all the custom data of the font*/
static  lv_font_fmt_txt_glyph_cache_t cache;
#endif

#if LVGL_VERSION_MAJOR >= 8
static const lv_font_fmt_txt_dsc_t font_dsc = {
#else
static lv_font_fmt_txt_dsc_t font_dsc = {
#endif
    .glyph_bitmap = glyph_bitmap,
    .glyph_dsc = glyph_dsc,
    .cmaps = cmaps,
    .kern_dsc = NULL,
    .kern_scale = 0,
    .cmap_num = 4,
    .bpp = 4,
    .kern_classes = 0,
    .bitmap_format = 0,
#if LVGL_VERSION_MAJOR == 8
    .cache = &cache
#endif
};

extern const lv_font_t source_han_sans_30;


/*-----------------
 *  PUBLIC FONT
 *----------------*/

/*Initialize a public general font descriptor*/
#if LVGL_VERSION_MAJOR >= 8
const lv_font_t cos_font_jbm_30 = {
#else
lv_font_t cos_font_jbm_30 = {
#endif
    .get_glyph_dsc = lv_font_get_glyph_dsc_fmt_txt,    /*Function pointer to get glyph's data*/
    .get_glyph_bitmap = lv_font_get_bitmap_fmt_txt,    /*Function pointer to get glyph's bitmap*/
    .line_height = 36,          /*The maximum line height required by the font*/
    .base_line = 6,             /*Baseline measured from the bottom of the line*/
#if !(LVGL_VERSION_MAJOR == 6 && LVGL_VERSION_MINOR == 0)
    .subpx = LV_FONT_SUBPX_NONE,
#endif
#if LV_VERSION_CHECK(7, 4, 0) || LVGL_VERSION_MAJOR >= 8
    .underline_position = -5,
    .underline_thickness = 2,
#endif
    .dsc = &font_dsc,          /*The custom font data. Will be accessed by `get_glyph_bitmap/dsc` */
#if LV_VERSION_CHECK(8, 2, 0) || LVGL_VERSION_MAJOR >= 9
    /* 图标字体子集(cos_font_icon), 覆盖 RI_* 和 LV_SYMBOL_* 字符 */
    .fallback = &cos_font_icon,
#endif
    .user_data = NULL,
};



#endif /*#if COS_FONT_JBM_30*/

