/*******************************************************************************
 * Size: 26 px
 * Bpp: 4
 * Opts: --bpp 4 --size 26 --format lvgl --no-compress --font JetBrainsMono-Medium.ttf -r 0x20-0x7e,0xa0-0xff,0x2013-0x2026,0x2190-0x2193 --lv-fallback source_han_sans_26 --lv-font-name eos_font_jbm_26 -o ../eos_font_jbm_26.c
 ******************************************************************************/

#ifdef LV_LVGL_H_INCLUDE_SIMPLE
#include "lvgl.h"
#else
#include "lvgl/lvgl.h"
#endif

LV_FONT_DECLARE(eos_font_icon);

#ifndef EOS_FONT_JBM_26
#define EOS_FONT_JBM_26 1
#endif

#if EOS_FONT_JBM_26

/*-----------------
 *    BITMAPS
 *----------------*/

/*Store the image of the glyphs*/
static LV_ATTRIBUTE_LARGE_CONST const uint8_t glyph_bitmap[] = {
    /* U+0020 " " */

    /* U+0021 "!" */
    0xa, 0xff, 0x40, 0xaf, 0xf3, 0xa, 0xff, 0x30,
    0x9f, 0xf3, 0x9, 0xff, 0x20, 0x8f, 0xf2, 0x8,
    0xff, 0x10, 0x8f, 0xf1, 0x7, 0xff, 0x10, 0x7f,
    0xf0, 0x6, 0xff, 0x0, 0x6f, 0xf0, 0x6, 0xff,
    0x0, 0x3b, 0xa0, 0x0, 0x0, 0x0, 0x0, 0x0,
    0x1, 0x43, 0x0, 0xef, 0xf8, 0x2f, 0xff, 0xb0,
    0xaf, 0xe5,

    /* U+0022 "\"" */
    0x7f, 0xf6, 0x0, 0xcf, 0xf0, 0x6f, 0xf5, 0x0,
    0xcf, 0xf0, 0x6f, 0xf5, 0x0, 0xbf, 0xf0, 0x6f,
    0xf5, 0x0, 0xbf, 0xf0, 0x5f, 0xf4, 0x0, 0xaf,
    0xf0, 0x5f, 0xf4, 0x0, 0xaf, 0xe0, 0x4f, 0xf4,
    0x0, 0xaf, 0xe0, 0x4f, 0xf3, 0x0, 0x9f, 0xe0,
    0x0, 0x0, 0x0, 0x0, 0x0,

    /* U+0023 "#" */
    0x0, 0x0, 0x8, 0xf6, 0x0, 0x8, 0xf6, 0x0,
    0x0, 0x0, 0xbf, 0x40, 0x0, 0xbf, 0x30, 0x0,
    0x0, 0xd, 0xf1, 0x0, 0xd, 0xf1, 0x0, 0x0,
    0x0, 0xff, 0x0, 0x0, 0xfe, 0x0, 0x0, 0x0,
    0x2f, 0xc0, 0x0, 0x3f, 0xb0, 0x0, 0x0, 0x5,
    0xf9, 0x0, 0x5, 0xf9, 0x0, 0x3, 0xff, 0xff,
    0xff, 0xff, 0xff, 0xff, 0xb0, 0x2e, 0xef, 0xfe,
    0xee, 0xef, 0xfe, 0xe9, 0x0, 0x0, 0xdf, 0x10,
    0x0, 0xdf, 0x10, 0x0, 0x0, 0xf, 0xf0, 0x0,
    0xf, 0xe0, 0x0, 0x0, 0x2, 0xfc, 0x0, 0x3,
    0xfc, 0x0, 0x0, 0x0, 0x5f, 0x90, 0x0, 0x5f,
    0x90, 0x0, 0x0, 0x8, 0xf7, 0x0, 0x8, 0xf6,
    0x0, 0x1, 0xff, 0xff, 0xff, 0xff, 0xff, 0xff,
    0xc0, 0x1e, 0xef, 0xfe, 0xee, 0xef, 0xfe, 0xea,
    0x0, 0x0, 0xfe, 0x0, 0x0, 0xfe, 0x0, 0x0,
    0x0, 0x3f, 0xb0, 0x0, 0x3f, 0xb0, 0x0, 0x0,
    0x6, 0xf8, 0x0, 0x6, 0xf8, 0x0, 0x0, 0x0,
    0x9f, 0x50, 0x0, 0x9f, 0x50, 0x0, 0x0, 0xc,
    0xf2, 0x0, 0xc, 0xf2, 0x0, 0x0,

    /* U+0024 "$" */
    0x0, 0x0, 0x0, 0xeb, 0x0, 0x0, 0x0, 0x0,
    0x0, 0xe, 0xb0, 0x0, 0x0, 0x0, 0x0, 0x0,
    0xeb, 0x0, 0x0, 0x0, 0x0, 0x2, 0x7f, 0xd6,
    0x20, 0x0, 0x0, 0xa, 0xff, 0xff, 0xff, 0x90,
    0x0, 0xc, 0xff, 0xef, 0xef, 0xff, 0x90, 0x5,
    0xff, 0x90, 0xeb, 0x1c, 0xff, 0x20, 0x9f, 0xf0,
    0xe, 0xb0, 0x3f, 0xf7, 0xb, 0xfe, 0x0, 0xeb,
    0x0, 0x88, 0x40, 0xaf, 0xf1, 0xe, 0xb0, 0x0,
    0x0, 0x6, 0xff, 0xa0, 0xeb, 0x0, 0x0, 0x0,
    0x1e, 0xff, 0xcf, 0xb0, 0x0, 0x0, 0x0, 0x3f,
    0xff, 0xff, 0xb4, 0x0, 0x0, 0x0, 0x2a, 0xff,
    0xff, 0xfb, 0x0, 0x0, 0x0, 0x1, 0xef, 0xff,
    0xfb, 0x0, 0x0, 0x0, 0xe, 0xb3, 0xdf, 0xf4,
    0x0, 0x0, 0x0, 0xeb, 0x2, 0xff, 0xa0, 0x0,
    0x0, 0xe, 0xb0, 0xd, 0xfc, 0x3f, 0xf6, 0x0,
    0xeb, 0x0, 0xcf, 0xc0, 0xff, 0xb0, 0xe, 0xb0,
    0x1f, 0xfa, 0xa, 0xff, 0x92, 0xeb, 0x3d, 0xff,
    0x40, 0x1e, 0xff, 0xff, 0xff, 0xff, 0x90, 0x0,
    0x2b, 0xff, 0xff, 0xff, 0x70, 0x0, 0x0, 0x2,
    0x5f, 0xd4, 0x0, 0x0, 0x0, 0x0, 0x0, 0xeb,
    0x0, 0x0, 0x0, 0x0, 0x0, 0xe, 0xb0, 0x0,
    0x0, 0x0, 0x0, 0x0, 0xeb, 0x0, 0x0, 0x0,

    /* U+0025 "%" */
    0x2, 0xbe, 0xea, 0x20, 0x0, 0x0, 0x1f, 0xe1,
    0x1f, 0xff, 0xff, 0xe1, 0x0, 0x0, 0xbf, 0x50,
    0x7f, 0xb0, 0xc, 0xf6, 0x0, 0x5, 0xfb, 0x0,
    0xaf, 0x60, 0x6, 0xf9, 0x0, 0x1e, 0xf1, 0x0,
    0xaf, 0x50, 0x6, 0xfa, 0x0, 0xaf, 0x60, 0x0,
    0xaf, 0x60, 0x6, 0xf9, 0x4, 0xfc, 0x0, 0x0,
    0x7f, 0xb0, 0xc, 0xf7, 0xe, 0xf2, 0x0, 0x0,
    0x1f, 0xff, 0xff, 0xe1, 0x9f, 0x70, 0x0, 0x0,
    0x2, 0xbe, 0xeb, 0x24, 0xfc, 0x0, 0x0, 0x0,
    0x0, 0x0, 0x0, 0xd, 0xf2, 0x0, 0x0, 0x0,
    0x0, 0x0, 0x0, 0x8f, 0x80, 0x0, 0x0, 0x0,
    0x0, 0x0, 0x3, 0xfd, 0x4, 0xbd, 0xb6, 0x0,
    0x0, 0x0, 0xd, 0xf3, 0x5f, 0xff, 0xff, 0x80,
    0x0, 0x0, 0x8f, 0x80, 0xdf, 0x70, 0x4f, 0xf0,
    0x0, 0x2, 0xfd, 0x0, 0xff, 0x0, 0xc, 0xf3,
    0x0, 0xc, 0xf3, 0x0, 0xff, 0x0, 0xb, 0xf4,
    0x0, 0x7f, 0x90, 0x0, 0xff, 0x0, 0xc, 0xf3,
    0x2, 0xfe, 0x0, 0x0, 0xdf, 0x40, 0x1f, 0xf1,
    0xc, 0xf4, 0x0, 0x0, 0x6f, 0xfc, 0xff, 0x90,
    0x6f, 0xa0, 0x0, 0x0, 0x6, 0xdf, 0xd8, 0x0,

    /* U+0026 "&" */
    0x0, 0x0, 0x2a, 0xef, 0xd7, 0x0, 0x0, 0x0,
    0x0, 0x0, 0x3f, 0xff, 0xff, 0xfc, 0x0, 0x0,
    0x0, 0x0, 0xd, 0xff, 0x64, 0xaf, 0xf8, 0x0,
    0x0, 0x0, 0x2, 0xff, 0x70, 0x0, 0xbf, 0xe0,
    0x0, 0x0, 0x0, 0x3f, 0xf4, 0x0, 0x6, 0xff,
    0x10, 0x0, 0x0, 0x1, 0xff, 0x80, 0x0, 0x14,
    0x40, 0x0, 0x0, 0x0, 0xc, 0xff, 0x10, 0x0,
    0x0, 0x0, 0x0, 0x0, 0x0, 0x3f, 0xfc, 0x0,
    0x0, 0x0, 0x0, 0x0, 0x0, 0x0, 0x9f, 0xf8,
    0x0, 0x0, 0x0, 0x0, 0x0, 0x5, 0xdf, 0xff,
    0xf4, 0x0, 0x0, 0x0, 0x0, 0x7, 0xff, 0xff,
    0xff, 0xe1, 0x0, 0x1b, 0xc8, 0x1, 0xff, 0xd3,
    0x4, 0xff, 0xb0, 0xb, 0xfe, 0x10, 0x4f, 0xf4,
    0x0, 0x7, 0xff, 0x68, 0xff, 0x30, 0x6, 0xff,
    0x10, 0x0, 0xa, 0xff, 0xff, 0x60, 0x0, 0x6f,
    0xf1, 0x0, 0x0, 0xd, 0xff, 0xa0, 0x0, 0x5,
    0xff, 0x20, 0x0, 0x1, 0xef, 0xfb, 0x0, 0x0,
    0x3f, 0xf8, 0x0, 0x0, 0xcf, 0xef, 0xf7, 0x0,
    0x0, 0xdf, 0xfa, 0x67, 0xdf, 0xf3, 0x7f, 0xf3,
    0x0, 0x3, 0xff, 0xff, 0xff, 0xf4, 0x0, 0xcf,
    0xd1, 0x0, 0x2, 0x9e, 0xfe, 0x92, 0x0, 0x2,
    0xff, 0xa0,

    /* U+0027 "'" */
    0x9f, 0xf3, 0x9f, 0xf3, 0x9f, 0xf2, 0x8f, 0xf2,
    0x8f, 0xf2, 0x7f, 0xf1, 0x7f, 0xf1, 0x7f, 0xf0,
    0x0, 0x0,

    /* U+0028 "(" */
    0x0, 0x0, 0x0, 0x2, 0x30, 0x0, 0x0, 0x4c,
    0xf9, 0x0, 0x0, 0x9f, 0xff, 0x90, 0x0, 0xaf,
    0xff, 0x71, 0x0, 0x7f, 0xfc, 0x10, 0x0, 0x1f,
    0xfe, 0x10, 0x0, 0x8, 0xff, 0x50, 0x0, 0x0,
    0xdf, 0xd0, 0x0, 0x0, 0x1f, 0xf9, 0x0, 0x0,
    0x3, 0xff, 0x60, 0x0, 0x0, 0x4f, 0xf5, 0x0,
    0x0, 0x4, 0xff, 0x40, 0x0, 0x0, 0x4f, 0xf4,
    0x0, 0x0, 0x4, 0xff, 0x40, 0x0, 0x0, 0x4f,
    0xf4, 0x0, 0x0, 0x4, 0xff, 0x40, 0x0, 0x0,
    0x4f, 0xf5, 0x0, 0x0, 0x2, 0xff, 0x60, 0x0,
    0x0, 0xf, 0xfa, 0x0, 0x0, 0x0, 0xcf, 0xe0,
    0x0, 0x0, 0x6, 0xff, 0x70, 0x0, 0x0, 0xe,
    0xff, 0x30, 0x0, 0x0, 0x4f, 0xff, 0x50, 0x0,
    0x0, 0x6f, 0xff, 0xc4, 0x0, 0x0, 0x4e, 0xff,
    0x90, 0x0, 0x0, 0x7, 0xd9, 0x0, 0x0, 0x0,
    0x0, 0x10,

    /* U+0029 ")" */
    0x5, 0x0, 0x0, 0x0, 0x0, 0xff, 0x91, 0x0,
    0x0, 0xf, 0xff, 0xe4, 0x0, 0x0, 0x4a, 0xff,
    0xf4, 0x0, 0x0, 0x5, 0xff, 0xf1, 0x0, 0x0,
    0x6, 0xff, 0xa0, 0x0, 0x0, 0xb, 0xff, 0x20,
    0x0, 0x0, 0x4f, 0xf7, 0x0, 0x0, 0x0, 0xff,
    0xa0, 0x0, 0x0, 0xc, 0xfd, 0x0, 0x0, 0x0,
    0xbf, 0xe0, 0x0, 0x0, 0xa, 0xfe, 0x0, 0x0,
    0x0, 0xaf, 0xe0, 0x0, 0x0, 0xa, 0xfe, 0x0,
    0x0, 0x0, 0xaf, 0xe0, 0x0, 0x0, 0xa, 0xfe,
    0x0, 0x0, 0x0, 0xbf, 0xd0, 0x0, 0x0, 0xd,
    0xfc, 0x0, 0x0, 0x1, 0xff, 0x90, 0x0, 0x0,
    0x6f, 0xf6, 0x0, 0x0, 0xe, 0xff, 0x0, 0x0,
    0xa, 0xff, 0x80, 0x0, 0xa, 0xff, 0xd0, 0x0,
    0x9e, 0xff, 0xe1, 0x0, 0xf, 0xff, 0xb1, 0x0,
    0x0, 0xfb, 0x40, 0x0, 0x0, 0x1, 0x0, 0x0,
    0x0, 0x0,

    /* U+002A "*" */
    0x0, 0x0, 0x0, 0x5f, 0xf0, 0x0, 0x0, 0x0,
    0x0, 0x0, 0x5, 0xff, 0x0, 0x0, 0x0, 0x0,
    0x0, 0x0, 0x5f, 0xf0, 0x0, 0x0, 0x0, 0x10,
    0x0, 0x5, 0xfe, 0x0, 0x0, 0x20, 0x9, 0xfa,
    0x30, 0x4f, 0xd0, 0x6, 0xcf, 0x30, 0xef, 0xff,
    0xc6, 0xfb, 0x7e, 0xff, 0xf8, 0x2, 0x8e, 0xff,
    0xff, 0xff, 0xff, 0xc6, 0x0, 0x0, 0x3, 0x7e,
    0xff, 0xb6, 0x10, 0x0, 0x0, 0x0, 0x5, 0xff,
    0xfd, 0x10, 0x0, 0x0, 0x0, 0x3, 0xff, 0x6c,
    0xfb, 0x0, 0x0, 0x0, 0x0, 0xdf, 0xd0, 0x4f,
    0xf7, 0x0, 0x0, 0x0, 0x9f, 0xf4, 0x0, 0xaf,
    0xf2, 0x0, 0x0, 0x1e, 0xf9, 0x0, 0x1, 0xef,
    0x90, 0x0, 0x0, 0x1a, 0x0, 0x0, 0x4, 0x70,
    0x0,

    /* U+002B "+" */
    0x0, 0x0, 0x7, 0xff, 0x10, 0x0, 0x0, 0x0,
    0x0, 0x7f, 0xf1, 0x0, 0x0, 0x0, 0x0, 0x7,
    0xff, 0x10, 0x0, 0x0, 0x0, 0x0, 0x7f, 0xf1,
    0x0, 0x0, 0x0, 0x0, 0x7, 0xff, 0x10, 0x0,
    0x5, 0xff, 0xff, 0xff, 0xff, 0xff, 0xff, 0x5f,
    0xff, 0xff, 0xff, 0xff, 0xff, 0xf2, 0x66, 0x66,
    0xaf, 0xf7, 0x66, 0x66, 0x0, 0x0, 0x7, 0xff,
    0x10, 0x0, 0x0, 0x0, 0x0, 0x7f, 0xf1, 0x0,
    0x0, 0x0, 0x0, 0x7, 0xff, 0x10, 0x0, 0x0,
    0x0, 0x0, 0x7f, 0xf1, 0x0, 0x0, 0x0, 0x0,
    0x4, 0xaa, 0x0, 0x0, 0x0,

    /* U+002C "," */
    0x0, 0x33, 0x20, 0x6f, 0xfa, 0x8, 0xff, 0x60,
    0xbf, 0xf2, 0xe, 0xff, 0x1, 0xff, 0xb0, 0x3f,
    0xf7, 0x6, 0xff, 0x40, 0x9f, 0xf0, 0x0,

    /* U+002D "-" */
    0x26, 0x66, 0x66, 0x66, 0x55, 0xff, 0xff, 0xff,
    0xff, 0x5f, 0xff, 0xff, 0xff, 0xf0,

    /* U+002E "." */
    0x1, 0x75, 0x0, 0x1e, 0xff, 0x90, 0x5f, 0xff,
    0xf0, 0x4f, 0xff, 0xd0, 0x9, 0xfd, 0x40,

    /* U+002F "/" */
    0x0, 0x0, 0x0, 0x0, 0x2, 0xff, 0x90, 0x0,
    0x0, 0x0, 0x0, 0x8f, 0xf3, 0x0, 0x0, 0x0,
    0x0, 0xd, 0xfd, 0x0, 0x0, 0x0, 0x0, 0x3,
    0xff, 0x70, 0x0, 0x0, 0x0, 0x0, 0x9f, 0xf1,
    0x0, 0x0, 0x0, 0x0, 0xf, 0xfb, 0x0, 0x0,
    0x0, 0x0, 0x5, 0xff, 0x50, 0x0, 0x0, 0x0,
    0x0, 0xbf, 0xf0, 0x0, 0x0, 0x0, 0x0, 0x1f,
    0xf9, 0x0, 0x0, 0x0, 0x0, 0x7, 0xff, 0x40,
    0x0, 0x0, 0x0, 0x0, 0xdf, 0xe0, 0x0, 0x0,
    0x0, 0x0, 0x3f, 0xf8, 0x0, 0x0, 0x0, 0x0,
    0x8, 0xff, 0x20, 0x0, 0x0, 0x0, 0x0, 0xef,
    0xc0, 0x0, 0x0, 0x0, 0x0, 0x4f, 0xf6, 0x0,
    0x0, 0x0, 0x0, 0xa, 0xff, 0x10, 0x0, 0x0,
    0x0, 0x0, 0xff, 0xa0, 0x0, 0x0, 0x0, 0x0,
    0x6f, 0xf4, 0x0, 0x0, 0x0, 0x0, 0xc, 0xfe,
    0x0, 0x0, 0x0, 0x0, 0x2, 0xff, 0x90, 0x0,
    0x0, 0x0, 0x0, 0x8f, 0xf3, 0x0, 0x0, 0x0,
    0x0, 0xd, 0xfd, 0x0, 0x0, 0x0, 0x0, 0x3,
    0xff, 0x70, 0x0, 0x0, 0x0, 0x0, 0x9f, 0xf1,
    0x0, 0x0, 0x0, 0x0, 0xf, 0xfb, 0x0, 0x0,
    0x0, 0x0, 0x0,

    /* U+0030 "0" */
    0x0, 0x29, 0xdf, 0xfc, 0x70, 0x0, 0x5, 0xff,
    0xff, 0xff, 0xfd, 0x10, 0x2f, 0xff, 0x85, 0x6b,
    0xff, 0xb0, 0x9f, 0xf3, 0x0, 0x0, 0xaf, 0xf3,
    0xef, 0xb0, 0x0, 0x0, 0x1f, 0xf7, 0xff, 0x80,
    0x0, 0x0, 0xe, 0xf9, 0xff, 0x70, 0x0, 0x0,
    0xe, 0xf9, 0xff, 0x70, 0x0, 0x0, 0xe, 0xf9,
    0xff, 0x70, 0x6f, 0xd1, 0xe, 0xf9, 0xff, 0x70,
    0xbf, 0xf5, 0xe, 0xf9, 0xff, 0x70, 0x6f, 0xe1,
    0xe, 0xf9, 0xff, 0x70, 0x0, 0x0, 0xe, 0xf9,
    0xff, 0x70, 0x0, 0x0, 0xe, 0xf9, 0xff, 0x70,
    0x0, 0x0, 0xe, 0xf9, 0xff, 0x80, 0x0, 0x0,
    0xe, 0xf8, 0xef, 0xb0, 0x0, 0x0, 0x1f, 0xf7,
    0x9f, 0xf4, 0x0, 0x0, 0xaf, 0xf2, 0x2f, 0xff,
    0x85, 0x6c, 0xff, 0xb0, 0x5, 0xff, 0xff, 0xff,
    0xfc, 0x10, 0x0, 0x29, 0xef, 0xec, 0x60, 0x0,

    /* U+0031 "1" */
    0x0, 0x2, 0xdf, 0xff, 0x0, 0x0, 0x0, 0x5,
    0xff, 0xff, 0xf0, 0x0, 0x0, 0x9, 0xff, 0xfd,
    0xff, 0x0, 0x0, 0xa, 0xff, 0xd3, 0x9f, 0xf0,
    0x0, 0x0, 0xbf, 0xb1, 0x9, 0xff, 0x0, 0x0,
    0xb, 0x80, 0x0, 0x9f, 0xf0, 0x0, 0x0, 0x20,
    0x0, 0x9, 0xff, 0x0, 0x0, 0x0, 0x0, 0x0,
    0x9f, 0xf0, 0x0, 0x0, 0x0, 0x0, 0x9, 0xff,
    0x0, 0x0, 0x0, 0x0, 0x0, 0x9f, 0xf0, 0x0,
    0x0, 0x0, 0x0, 0x9, 0xff, 0x0, 0x0, 0x0,
    0x0, 0x0, 0x9f, 0xf0, 0x0, 0x0, 0x0, 0x0,
    0x9, 0xff, 0x0, 0x0, 0x0, 0x0, 0x0, 0x9f,
    0xf0, 0x0, 0x0, 0x0, 0x0, 0x9, 0xff, 0x0,
    0x0, 0x0, 0x0, 0x0, 0x9f, 0xf0, 0x0, 0x0,
    0x0, 0x0, 0x9, 0xff, 0x0, 0x0, 0x4, 0x66,
    0x66, 0xcf, 0xf6, 0x66, 0x60, 0xbf, 0xff, 0xff,
    0xff, 0xff, 0xff, 0x2b, 0xff, 0xff, 0xff, 0xff,
    0xff, 0xf2,

    /* U+0032 "2" */
    0x0, 0x2, 0x9d, 0xff, 0xc6, 0x0, 0x0, 0x5,
    0xff, 0xff, 0xff, 0xfc, 0x10, 0x2, 0xff, 0xf9,
    0x67, 0xdf, 0xfa, 0x0, 0xaf, 0xf4, 0x0, 0x0,
    0xcf, 0xf2, 0xf, 0xfb, 0x0, 0x0, 0x4, 0xff,
    0x60, 0xee, 0x70, 0x0, 0x0, 0x2f, 0xf8, 0x0,
    0x0, 0x0, 0x0, 0x2, 0xff, 0x70, 0x0, 0x0,
    0x0, 0x0, 0x7f, 0xf4, 0x0, 0x0, 0x0, 0x0,
    0xe, 0xfe, 0x0, 0x0, 0x0, 0x0, 0x9, 0xff,
    0x60, 0x0, 0x0, 0x0, 0x7, 0xff, 0xb0, 0x0,
    0x0, 0x0, 0x5, 0xff, 0xd1, 0x0, 0x0, 0x0,
    0x4, 0xff, 0xe2, 0x0, 0x0, 0x0, 0x3, 0xff,
    0xe2, 0x0, 0x0, 0x0, 0x2, 0xef, 0xf3, 0x0,
    0x0, 0x0, 0x1, 0xdf, 0xf4, 0x0, 0x0, 0x0,
    0x0, 0xdf, 0xf5, 0x0, 0x0, 0x0, 0x0, 0xbf,
    0xfb, 0x66, 0x66, 0x66, 0x65, 0xd, 0xff, 0xff,
    0xff, 0xff, 0xff, 0xc0, 0xdf, 0xff, 0xff, 0xff,
    0xff, 0xfc,

    /* U+0033 "3" */
    0xb, 0xff, 0xff, 0xff, 0xff, 0xfe, 0x0, 0xbf,
    0xff, 0xff, 0xff, 0xff, 0xe0, 0x4, 0x66, 0x66,
    0x66, 0x8f, 0xfb, 0x0, 0x0, 0x0, 0x0, 0x2e,
    0xfd, 0x10, 0x0, 0x0, 0x0, 0x1d, 0xfd, 0x10,
    0x0, 0x0, 0x0, 0xc, 0xfe, 0x20, 0x0, 0x0,
    0x0, 0xc, 0xfe, 0x20, 0x0, 0x0, 0x0, 0x8,
    0xff, 0xd8, 0x20, 0x0, 0x0, 0x0, 0x9f, 0xff,
    0xff, 0x70, 0x0, 0x0, 0x5, 0x99, 0xbf, 0xff,
    0x60, 0x0, 0x0, 0x0, 0x0, 0x3f, 0xfe, 0x0,
    0x0, 0x0, 0x0, 0x0, 0x7f, 0xf3, 0x0, 0x0,
    0x0, 0x0, 0x4, 0xff, 0x50, 0x0, 0x0, 0x0,
    0x0, 0x3f, 0xf6, 0x2a, 0xa3, 0x0, 0x0, 0x3,
    0xff, 0x52, 0xff, 0x80, 0x0, 0x0, 0x6f, 0xf4,
    0xe, 0xfe, 0x10, 0x0, 0x1d, 0xff, 0x0, 0x6f,
    0xfe, 0x86, 0x8e, 0xff, 0x80, 0x0, 0x9f, 0xff,
    0xff, 0xff, 0xb0, 0x0, 0x0, 0x4b, 0xef, 0xeb,
    0x50, 0x0,

    /* U+0034 "4" */
    0x0, 0x0, 0x0, 0x9, 0xff, 0x40, 0x0, 0x0,
    0x0, 0x3f, 0xfb, 0x0, 0x0, 0x0, 0x0, 0xcf,
    0xf2, 0x0, 0x0, 0x0, 0x5, 0xff, 0x80, 0x0,
    0x0, 0x0, 0xe, 0xfe, 0x0, 0x0, 0x0, 0x0,
    0x8f, 0xf6, 0x0, 0x0, 0x0, 0x2, 0xff, 0xc0,
    0x0, 0x0, 0x0, 0xb, 0xff, 0x30, 0x0, 0x0,
    0x0, 0x4f, 0xfa, 0x0, 0x2, 0x43, 0x0, 0xdf,
    0xf1, 0x0, 0xb, 0xfe, 0x7, 0xff, 0x70, 0x0,
    0xb, 0xfe, 0x1f, 0xfd, 0x0, 0x0, 0xb, 0xfe,
    0x4f, 0xf6, 0x0, 0x0, 0xb, 0xfe, 0x4f, 0xf9,
    0x66, 0x66, 0x6d, 0xfe, 0x4f, 0xff, 0xff, 0xff,
    0xff, 0xfe, 0x4f, 0xff, 0xff, 0xff, 0xff, 0xfe,
    0x0, 0x0, 0x0, 0x0, 0xb, 0xfe, 0x0, 0x0,
    0x0, 0x0, 0xb, 0xfe, 0x0, 0x0, 0x0, 0x0,
    0xb, 0xfe, 0x0, 0x0, 0x0, 0x0, 0xb, 0xfe,

    /* U+0035 "5" */
    0x7, 0xff, 0xff, 0xff, 0xff, 0xfd, 0x0, 0x7f,
    0xff, 0xff, 0xff, 0xff, 0xd0, 0x7, 0xff, 0x66,
    0x66, 0x66, 0x65, 0x0, 0x7f, 0xe0, 0x0, 0x0,
    0x0, 0x0, 0x7, 0xfe, 0x0, 0x0, 0x0, 0x0,
    0x0, 0x7f, 0xf0, 0x0, 0x0, 0x0, 0x0, 0x7,
    0xff, 0x0, 0x0, 0x0, 0x0, 0x0, 0x7f, 0xf6,
    0x66, 0x53, 0x0, 0x0, 0x7, 0xff, 0xff, 0xff,
    0xfe, 0x50, 0x0, 0x7f, 0xff, 0xff, 0xff, 0xff,
    0x50, 0x0, 0x0, 0x0, 0x1, 0x7f, 0xfe, 0x0,
    0x0, 0x0, 0x0, 0x0, 0x8f, 0xf4, 0x0, 0x0,
    0x0, 0x0, 0x3, 0xff, 0x70, 0x0, 0x0, 0x0,
    0x0, 0x1f, 0xf7, 0x8, 0x84, 0x0, 0x0, 0x1,
    0xff, 0x70, 0xff, 0xa0, 0x0, 0x0, 0x4f, 0xf6,
    0xc, 0xff, 0x20, 0x0, 0xc, 0xff, 0x20, 0x5f,
    0xff, 0x96, 0x7d, 0xff, 0xb0, 0x0, 0x8f, 0xff,
    0xff, 0xff, 0xc1, 0x0, 0x0, 0x4a, 0xef, 0xfc,
    0x60, 0x0,

    /* U+0036 "6" */
    0x0, 0x0, 0x0, 0x9f, 0xf4, 0x0, 0x0, 0x0,
    0x0, 0x2, 0xff, 0xc0, 0x0, 0x0, 0x0, 0x0,
    0xa, 0xff, 0x30, 0x0, 0x0, 0x0, 0x0, 0x3f,
    0xfb, 0x0, 0x0, 0x0, 0x0, 0x0, 0xbf, 0xf2,
    0x0, 0x0, 0x0, 0x0, 0x4, 0xff, 0xa0, 0x0,
    0x0, 0x0, 0x0, 0xc, 0xff, 0x20, 0x0, 0x0,
    0x0, 0x0, 0x5f, 0xf9, 0x0, 0x0, 0x0, 0x0,
    0x0, 0xdf, 0xf9, 0xef, 0xea, 0x30, 0x0, 0x5,
    0xff, 0xff, 0xff, 0xff, 0xf5, 0x0, 0xb, 0xff,
    0xc3, 0x1, 0x6f, 0xff, 0x20, 0x1f, 0xfd, 0x0,
    0x0, 0x4, 0xff, 0x90, 0x4f, 0xf6, 0x0, 0x0,
    0x0, 0xcf, 0xd0, 0x6f, 0xf3, 0x0, 0x0, 0x0,
    0x9f, 0xf0, 0x5f, 0xf4, 0x0, 0x0, 0x0, 0xaf,
    0xe0, 0x2f, 0xf8, 0x0, 0x0, 0x0, 0xef, 0xc0,
    0xd, 0xff, 0x20, 0x0, 0x8, 0xff, 0x70, 0x4,
    0xff, 0xf8, 0x56, 0xbf, 0xfd, 0x0, 0x0, 0x6f,
    0xff, 0xff, 0xff, 0xd2, 0x0, 0x0, 0x2, 0x9d,
    0xfe, 0xc7, 0x0, 0x0,

    /* U+0037 "7" */
    0xff, 0xff, 0xff, 0xff, 0xff, 0xff, 0x4f, 0xff,
    0xff, 0xff, 0xff, 0xff, 0xf4, 0xff, 0xc6, 0x66,
    0x66, 0x6b, 0xff, 0x3f, 0xf9, 0x0, 0x0, 0x0,
    0xef, 0xe0, 0xff, 0x90, 0x0, 0x0, 0x4f, 0xf8,
    0x9, 0xa6, 0x0, 0x0, 0xa, 0xff, 0x20, 0x0,
    0x0, 0x0, 0x1, 0xff, 0xb0, 0x0, 0x0, 0x0,
    0x0, 0x6f, 0xf5, 0x0, 0x0, 0x0, 0x0, 0xd,
    0xfe, 0x0, 0x0, 0x0, 0x0, 0x3, 0xff, 0x90,
    0x0, 0x0, 0x0, 0x0, 0x9f, 0xf3, 0x0, 0x0,
    0x0, 0x0, 0xf, 0xfd, 0x0, 0x0, 0x0, 0x0,
    0x5, 0xff, 0x60, 0x0, 0x0, 0x0, 0x0, 0xcf,
    0xf1, 0x0, 0x0, 0x0, 0x0, 0x2f, 0xfa, 0x0,
    0x0, 0x0, 0x0, 0x8, 0xff, 0x40, 0x0, 0x0,
    0x0, 0x0, 0xef, 0xe0, 0x0, 0x0, 0x0, 0x0,
    0x4f, 0xf8, 0x0, 0x0, 0x0, 0x0, 0xb, 0xff,
    0x20, 0x0, 0x0, 0x0, 0x1, 0xff, 0xb0, 0x0,
    0x0, 0x0,

    /* U+0038 "8" */
    0x0, 0x2, 0x9d, 0xfe, 0xc6, 0x0, 0x0, 0x4,
    0xff, 0xff, 0xff, 0xfc, 0x0, 0x1, 0xef, 0xf9,
    0x56, 0xdf, 0xfa, 0x0, 0x8f, 0xf6, 0x0, 0x0,
    0xcf, 0xf1, 0xb, 0xfe, 0x0, 0x0, 0x4, 0xff,
    0x50, 0xcf, 0xb0, 0x0, 0x0, 0x2f, 0xf6, 0xa,
    0xfe, 0x0, 0x0, 0x4, 0xff, 0x40, 0x4f, 0xf5,
    0x0, 0x0, 0xcf, 0xd0, 0x0, 0x9f, 0xf9, 0x56,
    0xcf, 0xf4, 0x0, 0x0, 0x5e, 0xff, 0xff, 0xb2,
    0x0, 0x0, 0x6e, 0xff, 0xff, 0xff, 0xc2, 0x0,
    0x6f, 0xfb, 0x30, 0x16, 0xef, 0xe1, 0xe, 0xfc,
    0x0, 0x0, 0x3, 0xff, 0x94, 0xff, 0x50, 0x0,
    0x0, 0xc, 0xfd, 0x5f, 0xf3, 0x0, 0x0, 0x0,
    0xaf, 0xf3, 0xff, 0x60, 0x0, 0x0, 0xd, 0xfd,
    0xe, 0xfe, 0x10, 0x0, 0x7, 0xff, 0x80, 0x6f,
    0xff, 0x86, 0x7b, 0xff, 0xe1, 0x0, 0x8f, 0xff,
    0xff, 0xff, 0xe3, 0x0, 0x0, 0x3a, 0xdf, 0xec,
    0x71, 0x0,

    /* U+0039 "9" */
    0x0, 0x2, 0x8d, 0xfe, 0xc6, 0x0, 0x0, 0x0,
    0x5f, 0xff, 0xff, 0xff, 0xd2, 0x0, 0x3, 0xff,
    0xf9, 0x56, 0xcf, 0xfd, 0x0, 0xc, 0xff, 0x30,
    0x0, 0xa, 0xff, 0x60, 0x1f, 0xf9, 0x0, 0x0,
    0x1, 0xff, 0xc0, 0x4f, 0xf5, 0x0, 0x0, 0x0,
    0xbf, 0xe0, 0x6f, 0xf3, 0x0, 0x0, 0x0, 0x9f,
    0xf0, 0x5f, 0xf4, 0x0, 0x0, 0x0, 0xbf, 0xe0,
    0x2f, 0xf8, 0x0, 0x0, 0x0, 0xef, 0xa0, 0xd,
    0xff, 0x10, 0x0, 0x7, 0xff, 0x50, 0x5, 0xff,
    0xd5, 0x22, 0x8f, 0xfe, 0x0, 0x0, 0x8f, 0xff,
    0xff, 0xff, 0xf7, 0x0, 0x0, 0x4, 0xbe, 0xfc,
    0xdf, 0xe0, 0x0, 0x0, 0x0, 0x0, 0x3, 0xff,
    0x60, 0x0, 0x0, 0x0, 0x0, 0xc, 0xfd, 0x0,
    0x0, 0x0, 0x0, 0x0, 0x6f, 0xf5, 0x0, 0x0,
    0x0, 0x0, 0x1, 0xef, 0xc0, 0x0, 0x0, 0x0,
    0x0, 0x9, 0xff, 0x40, 0x0, 0x0, 0x0, 0x0,
    0x3f, 0xfb, 0x0, 0x0, 0x0, 0x0, 0x0, 0xcf,
    0xf3, 0x0, 0x0, 0x0,

    /* U+003A ":" */
    0xa, 0xfe, 0x50, 0x5f, 0xff, 0xe0, 0x5f, 0xff,
    0xf0, 0xb, 0xff, 0x60, 0x0, 0x0, 0x0, 0x0,
    0x0, 0x0, 0x0, 0x0, 0x0, 0x0, 0x0, 0x0,
    0x0, 0x0, 0x0, 0x0, 0x0, 0x0, 0x0, 0x0,
    0x0, 0xb, 0xff, 0x60, 0x5f, 0xff, 0xf0, 0x5f,
    0xff, 0xe0, 0xa, 0xfe, 0x50,

    /* U+003B ";" */
    0xa, 0xfe, 0x50, 0x5f, 0xff, 0xf0, 0x6f, 0xff,
    0xf0, 0xc, 0xff, 0x70, 0x0, 0x10, 0x0, 0x0,
    0x0, 0x0, 0x0, 0x0, 0x0, 0x0, 0x0, 0x0,
    0x0, 0x0, 0x0, 0x0, 0x0, 0x0, 0x0, 0x0,
    0x0, 0x7, 0xff, 0x80, 0xa, 0xff, 0x40, 0xd,
    0xff, 0x10, 0xf, 0xfd, 0x0, 0x2f, 0xfa, 0x0,
    0x5f, 0xf6, 0x0, 0x8f, 0xf2, 0x0, 0xaf, 0xf0,
    0x0, 0x23, 0x20, 0x0,

    /* U+003C "<" */
    0x0, 0x0, 0x0, 0x0, 0x1, 0x86, 0x0, 0x0,
    0x0, 0x0, 0x7e, 0xf7, 0x0, 0x0, 0x0, 0x7e,
    0xff, 0xf4, 0x0, 0x0, 0x7e, 0xff, 0xf8, 0x10,
    0x0, 0x7e, 0xff, 0xf8, 0x10, 0x0, 0x6e, 0xff,
    0xf8, 0x10, 0x0, 0x0, 0xdf, 0xe7, 0x10, 0x0,
    0x0, 0x0, 0xdf, 0xa3, 0x0, 0x0, 0x0, 0x0,
    0xaf, 0xff, 0xc4, 0x0, 0x0, 0x0, 0x4, 0xcf,
    0xff, 0xc4, 0x0, 0x0, 0x0, 0x4, 0xcf, 0xff,
    0xc4, 0x0, 0x0, 0x0, 0x4, 0xcf, 0xff, 0xc2,
    0x0, 0x0, 0x0, 0x5, 0xdf, 0xf7, 0x0, 0x0,
    0x0, 0x0, 0x5, 0xd7, 0x0, 0x0, 0x0, 0x0,
    0x0, 0x1,

    /* U+003D "=" */
    0xdf, 0xff, 0xff, 0xff, 0xff, 0xf6, 0xdf, 0xff,
    0xff, 0xff, 0xff, 0xf6, 0x46, 0x66, 0x66, 0x66,
    0x66, 0x62, 0x0, 0x0, 0x0, 0x0, 0x0, 0x0,
    0x0, 0x0, 0x0, 0x0, 0x0, 0x0, 0x0, 0x0,
    0x0, 0x0, 0x0, 0x0, 0x46, 0x66, 0x66, 0x66,
    0x66, 0x62, 0xdf, 0xff, 0xff, 0xff, 0xff, 0xf6,
    0xdf, 0xff, 0xff, 0xff, 0xff, 0xf6,

    /* U+003E ">" */
    0xa4, 0x0, 0x0, 0x0, 0x0, 0x0, 0xdf, 0xc4,
    0x0, 0x0, 0x0, 0x0, 0xbf, 0xff, 0xc4, 0x0,
    0x0, 0x0, 0x4, 0xcf, 0xff, 0xc3, 0x0, 0x0,
    0x0, 0x4, 0xcf, 0xff, 0xb3, 0x0, 0x0, 0x0,
    0x4, 0xcf, 0xff, 0xb2, 0x0, 0x0, 0x0, 0x4,
    0xcf, 0xf7, 0x0, 0x0, 0x0, 0x0, 0x5d, 0xf7,
    0x0, 0x0, 0x0, 0x5d, 0xff, 0xf4, 0x0, 0x0,
    0x5d, 0xff, 0xf9, 0x10, 0x0, 0x5d, 0xff, 0xf9,
    0x10, 0x0, 0x5d, 0xff, 0xf9, 0x10, 0x0, 0x0,
    0xdf, 0xf9, 0x20, 0x0, 0x0, 0x0, 0xda, 0x20,
    0x0, 0x0, 0x0, 0x0, 0x10, 0x0, 0x0, 0x0,
    0x0, 0x0,

    /* U+003F "?" */
    0xbf, 0xff, 0xec, 0x60, 0x0, 0xbf, 0xff, 0xff,
    0xfc, 0x10, 0x57, 0x77, 0x9e, 0xff, 0xc0, 0x0,
    0x0, 0x0, 0xbf, 0xf4, 0x0, 0x0, 0x0, 0x1f,
    0xf9, 0x0, 0x0, 0x0, 0xe, 0xfa, 0x0, 0x0,
    0x0, 0xf, 0xfa, 0x0, 0x0, 0x0, 0x6f, 0xf7,
    0x0, 0x0, 0x17, 0xff, 0xf1, 0x0, 0xcf, 0xff,
    0xff, 0x60, 0x0, 0xcf, 0xff, 0xd5, 0x0, 0x0,
    0xcf, 0xc2, 0x0, 0x0, 0x0, 0xcf, 0xb0, 0x0,
    0x0, 0x0, 0xad, 0x90, 0x0, 0x0, 0x0, 0x0,
    0x0, 0x0, 0x0, 0x0, 0x0, 0x0, 0x0, 0x0,
    0x0, 0x24, 0x20, 0x0, 0x0, 0x4, 0xff, 0xf3,
    0x0, 0x0, 0x8, 0xff, 0xf6, 0x0, 0x0, 0x2,
    0xdf, 0xd1, 0x0, 0x0,

    /* U+0040 "@" */
    0x0, 0x1, 0x7c, 0xef, 0xea, 0x30, 0x0, 0x0,
    0x5f, 0xff, 0xff, 0xff, 0xf8, 0x0, 0x4, 0xff,
    0xc4, 0x0, 0x29, 0xff, 0x60, 0xe, 0xfa, 0x0,
    0x0, 0x0, 0x8f, 0xf0, 0x5f, 0xf1, 0x0, 0x0,
    0x0, 0xf, 0xf5, 0xaf, 0xa0, 0x0, 0x0, 0x0,
    0xb, 0xf8, 0xcf, 0x60, 0x0, 0x0, 0x0, 0x9,
    0xf9, 0xdf, 0x50, 0x0, 0x19, 0xca, 0x39, 0xfa,
    0xef, 0x50, 0x0, 0xef, 0xff, 0xfc, 0xfa, 0xef,
    0x50, 0x7, 0xfe, 0x40, 0x5f, 0xfa, 0xef, 0x50,
    0xb, 0xf8, 0x0, 0xb, 0xfa, 0xef, 0x50, 0xc,
    0xf6, 0x0, 0x9, 0xfa, 0xef, 0x50, 0xd, 0xf6,
    0x0, 0x9, 0xfa, 0xef, 0x50, 0xd, 0xf6, 0x0,
    0x9, 0xfa, 0xef, 0x50, 0xc, 0xf6, 0x0, 0x9,
    0xf9, 0xef, 0x50, 0xb, 0xf8, 0x0, 0xb, 0xf8,
    0xef, 0x50, 0x6, 0xfe, 0x40, 0x6f, 0xf3, 0xdf,
    0x50, 0x0, 0xcf, 0xff, 0xff, 0x90, 0xcf, 0x70,
    0x0, 0x8, 0xce, 0xc6, 0x0, 0x9f, 0xb0, 0x0,
    0x0, 0x0, 0x0, 0x0, 0x4f, 0xf2, 0x0, 0x0,
    0x0, 0x0, 0x0, 0xd, 0xfd, 0x10, 0x0, 0x0,
    0x0, 0x0, 0x3, 0xff, 0xe7, 0x32, 0x22, 0x0,
    0x0, 0x0, 0x3e, 0xff, 0xff, 0xff, 0x50, 0x0,
    0x0, 0x0, 0x6c, 0xef, 0xff, 0x50, 0x0,

    /* U+0041 "A" */
    0x0, 0x0, 0xf, 0xff, 0xa0, 0x0, 0x0, 0x0,
    0x0, 0x4f, 0xff, 0xe0, 0x0, 0x0, 0x0, 0x0,
    0x8f, 0xef, 0xf2, 0x0, 0x0, 0x0, 0x0, 0xcf,
    0x9f, 0xf5, 0x0, 0x0, 0x0, 0x0, 0xff, 0x6c,
    0xf9, 0x0, 0x0, 0x0, 0x3, 0xff, 0x29, 0xfd,
    0x0, 0x0, 0x0, 0x7, 0xff, 0x5, 0xff, 0x10,
    0x0, 0x0, 0xb, 0xfb, 0x1, 0xff, 0x50, 0x0,
    0x0, 0xf, 0xf8, 0x0, 0xef, 0x90, 0x0, 0x0,
    0x3f, 0xf4, 0x0, 0xaf, 0xd0, 0x0, 0x0, 0x7f,
    0xf1, 0x0, 0x7f, 0xf1, 0x0, 0x0, 0xbf, 0xd0,
    0x0, 0x3f, 0xf5, 0x0, 0x0, 0xff, 0xb3, 0x33,
    0x3f, 0xf9, 0x0, 0x3, 0xff, 0xff, 0xff, 0xff,
    0xfd, 0x0, 0x7, 0xff, 0xff, 0xff, 0xff, 0xff,
    0x10, 0xb, 0xfe, 0x0, 0x0, 0x4, 0xff, 0x40,
    0xe, 0xfa, 0x0, 0x0, 0x1, 0xff, 0x80, 0x2f,
    0xf6, 0x0, 0x0, 0x0, 0xdf, 0xc0, 0x6f, 0xf2,
    0x0, 0x0, 0x0, 0x9f, 0xf0, 0xaf, 0xf0, 0x0,
    0x0, 0x0, 0x5f, 0xf4,

    /* U+0042 "B" */
    0xbf, 0xff, 0xff, 0xfc, 0x70, 0x0, 0xbf, 0xff,
    0xff, 0xff, 0xfd, 0x10, 0xbf, 0xe5, 0x55, 0x7c,
    0xff, 0xc0, 0xbf, 0xd0, 0x0, 0x0, 0xbf, 0xf3,
    0xbf, 0xd0, 0x0, 0x0, 0x4f, 0xf6, 0xbf, 0xd0,
    0x0, 0x0, 0x2f, 0xf6, 0xbf, 0xd0, 0x0, 0x0,
    0x4f, 0xf4, 0xbf, 0xd0, 0x0, 0x0, 0xbf, 0xe0,
    0xbf, 0xe4, 0x44, 0x5b, 0xff, 0x40, 0xbf, 0xff,
    0xff, 0xff, 0xb2, 0x0, 0xbf, 0xff, 0xff, 0xff,
    0xfb, 0x10, 0xbf, 0xd0, 0x0, 0x15, 0xef, 0xd0,
    0xbf, 0xd0, 0x0, 0x0, 0x3f, 0xf7, 0xbf, 0xd0,
    0x0, 0x0, 0xd, 0xfc, 0xbf, 0xd0, 0x0, 0x0,
    0xb, 0xfe, 0xbf, 0xd0, 0x0, 0x0, 0xd, 0xfd,
    0xbf, 0xd0, 0x0, 0x0, 0x6f, 0xf9, 0xbf, 0xe5,
    0x55, 0x6a, 0xff, 0xf2, 0xbf, 0xff, 0xff, 0xff,
    0xff, 0x50, 0xbf, 0xff, 0xff, 0xfd, 0x92, 0x0,

    /* U+0043 "C" */
    0x0, 0x18, 0xdf, 0xfd, 0x81, 0x0, 0x3, 0xef,
    0xff, 0xff, 0xfe, 0x20, 0xe, 0xff, 0xb6, 0x6b,
    0xff, 0xd0, 0x6f, 0xf8, 0x0, 0x0, 0x8f, 0xf5,
    0x9f, 0xf0, 0x0, 0x0, 0xf, 0xf9, 0xbf, 0xe0,
    0x0, 0x0, 0x9, 0xa6, 0xbf, 0xd0, 0x0, 0x0,
    0x0, 0x0, 0xbf, 0xd0, 0x0, 0x0, 0x0, 0x0,
    0xbf, 0xd0, 0x0, 0x0, 0x0, 0x0, 0xbf, 0xd0,
    0x0, 0x0, 0x0, 0x0, 0xbf, 0xd0, 0x0, 0x0,
    0x0, 0x0, 0xbf, 0xd0, 0x0, 0x0, 0x0, 0x0,
    0xbf, 0xd0, 0x0, 0x0, 0x0, 0x0, 0xbf, 0xd0,
    0x0, 0x0, 0x0, 0x0, 0xbf, 0xe0, 0x0, 0x0,
    0x9, 0xa7, 0x9f, 0xf0, 0x0, 0x0, 0xf, 0xf9,
    0x6f, 0xf8, 0x0, 0x0, 0x8f, 0xf5, 0xe, 0xff,
    0xb7, 0x6b, 0xff, 0xd0, 0x3, 0xef, 0xff, 0xff,
    0xfe, 0x20, 0x0, 0x18, 0xdf, 0xfd, 0x81, 0x0,

    /* U+0044 "D" */
    0xbf, 0xff, 0xff, 0xea, 0x40, 0x0, 0xbf, 0xff,
    0xff, 0xff, 0xf8, 0x0, 0xbf, 0xe5, 0x56, 0x8e,
    0xff, 0x60, 0xbf, 0xd0, 0x0, 0x1, 0xef, 0xe0,
    0xbf, 0xd0, 0x0, 0x0, 0x6f, 0xf4, 0xbf, 0xd0,
    0x0, 0x0, 0x3f, 0xf6, 0xbf, 0xd0, 0x0, 0x0,
    0x1f, 0xf7, 0xbf, 0xd0, 0x0, 0x0, 0x1f, 0xf7,
    0xbf, 0xd0, 0x0, 0x0, 0x1f, 0xf7, 0xbf, 0xd0,
    0x0, 0x0, 0x1f, 0xf7, 0xbf, 0xd0, 0x0, 0x0,
    0x1f, 0xf7, 0xbf, 0xd0, 0x0, 0x0, 0x1f, 0xf7,
    0xbf, 0xd0, 0x0, 0x0, 0x1f, 0xf7, 0xbf, 0xd0,
    0x0, 0x0, 0x1f, 0xf7, 0xbf, 0xd0, 0x0, 0x0,
    0x3f, 0xf6, 0xbf, 0xd0, 0x0, 0x0, 0x6f, 0xf4,
    0xbf, 0xd0, 0x0, 0x1, 0xef, 0xe0, 0xbf, 0xe5,
    0x56, 0x8e, 0xff, 0x60, 0xbf, 0xff, 0xff, 0xff,
    0xf8, 0x0, 0xbf, 0xff, 0xff, 0xea, 0x40, 0x0,

    /* U+0045 "E" */
    0x7f, 0xff, 0xff, 0xff, 0xff, 0xf9, 0x7f, 0xff,
    0xff, 0xff, 0xff, 0xf9, 0x7f, 0xf6, 0x66, 0x66,
    0x66, 0x63, 0x7f, 0xf1, 0x0, 0x0, 0x0, 0x0,
    0x7f, 0xf1, 0x0, 0x0, 0x0, 0x0, 0x7f, 0xf1,
    0x0, 0x0, 0x0, 0x0, 0x7f, 0xf1, 0x0, 0x0,
    0x0, 0x0, 0x7f, 0xf1, 0x0, 0x0, 0x0, 0x0,
    0x7f, 0xf5, 0x55, 0x55, 0x55, 0x30, 0x7f, 0xff,
    0xff, 0xff, 0xff, 0xa0, 0x7f, 0xff, 0xff, 0xff,
    0xff, 0xa0, 0x7f, 0xf1, 0x0, 0x0, 0x0, 0x0,
    0x7f, 0xf1, 0x0, 0x0, 0x0, 0x0, 0x7f, 0xf1,
    0x0, 0x0, 0x0, 0x0, 0x7f, 0xf1, 0x0, 0x0,
    0x0, 0x0, 0x7f, 0xf1, 0x0, 0x0, 0x0, 0x0,
    0x7f, 0xf1, 0x0, 0x0, 0x0, 0x0, 0x7f, 0xf6,
    0x66, 0x66, 0x66, 0x63, 0x7f, 0xff, 0xff, 0xff,
    0xff, 0xf9, 0x7f, 0xff, 0xff, 0xff, 0xff, 0xf9,

    /* U+0046 "F" */
    0xaf, 0xff, 0xff, 0xff, 0xff, 0xfb, 0xaf, 0xff,
    0xff, 0xff, 0xff, 0xfb, 0xaf, 0xf7, 0x77, 0x77,
    0x77, 0x74, 0xaf, 0xe0, 0x0, 0x0, 0x0, 0x0,
    0xaf, 0xe0, 0x0, 0x0, 0x0, 0x0, 0xaf, 0xe0,
    0x0, 0x0, 0x0, 0x0, 0xaf, 0xe0, 0x0, 0x0,
    0x0, 0x0, 0xaf, 0xe0, 0x0, 0x0, 0x0, 0x0,
    0xaf, 0xe0, 0x0, 0x0, 0x0, 0x0, 0xaf, 0xff,
    0xff, 0xff, 0xff, 0xf0, 0xaf, 0xff, 0xff, 0xff,
    0xff, 0xf0, 0xaf, 0xf6, 0x66, 0x66, 0x66, 0x60,
    0xaf, 0xf0, 0x0, 0x0, 0x0, 0x0, 0xaf, 0xf0,
    0x0, 0x0, 0x0, 0x0, 0xaf, 0xf0, 0x0, 0x0,
    0x0, 0x0, 0xaf, 0xf0, 0x0, 0x0, 0x0, 0x0,
    0xaf, 0xf0, 0x0, 0x0, 0x0, 0x0, 0xaf, 0xf0,
    0x0, 0x0, 0x0, 0x0, 0xaf, 0xf0, 0x0, 0x0,
    0x0, 0x0, 0xaf, 0xf0, 0x0, 0x0, 0x0, 0x0,

    /* U+0047 "G" */
    0x0, 0x29, 0xdf, 0xfc, 0x70, 0x0, 0x4, 0xff,
    0xff, 0xff, 0xfd, 0x10, 0x1e, 0xff, 0xa6, 0x7c,
    0xff, 0xc0, 0x7f, 0xf6, 0x0, 0x0, 0xaf, 0xf3,
    0xbf, 0xe0, 0x0, 0x0, 0x2f, 0xf7, 0xcf, 0xc0,
    0x0, 0x0, 0xb, 0xb6, 0xdf, 0xc0, 0x0, 0x0,
    0x0, 0x0, 0xdf, 0xc0, 0x0, 0x0, 0x0, 0x0,
    0xdf, 0xc0, 0x0, 0x0, 0x0, 0x0, 0xdf, 0xc0,
    0x3, 0x55, 0x55, 0x53, 0xdf, 0xc0, 0xa, 0xff,
    0xff, 0xf9, 0xdf, 0xc0, 0xa, 0xff, 0xff, 0xf9,
    0xdf, 0xc0, 0x0, 0x0, 0xf, 0xf9, 0xdf, 0xc0,
    0x0, 0x0, 0xf, 0xf9, 0xcf, 0xc0, 0x0, 0x0,
    0xf, 0xf9, 0xbf, 0xe0, 0x0, 0x0, 0x2f, 0xf7,
    0x7f, 0xf6, 0x0, 0x0, 0x9f, 0xf4, 0x1e, 0xff,
    0xa6, 0x7c, 0xff, 0xc0, 0x4, 0xff, 0xff, 0xff,
    0xfd, 0x20, 0x0, 0x29, 0xdf, 0xfd, 0x71, 0x0,

    /* U+0048 "H" */
    0xbf, 0xe0, 0x0, 0x0, 0x4f, 0xf4, 0xbf, 0xe0,
    0x0, 0x0, 0x4f, 0xf4, 0xbf, 0xe0, 0x0, 0x0,
    0x4f, 0xf4, 0xbf, 0xe0, 0x0, 0x0, 0x4f, 0xf4,
    0xbf, 0xe0, 0x0, 0x0, 0x4f, 0xf4, 0xbf, 0xe0,
    0x0, 0x0, 0x4f, 0xf4, 0xbf, 0xe0, 0x0, 0x0,
    0x4f, 0xf4, 0xbf, 0xe0, 0x0, 0x0, 0x4f, 0xf4,
    0xbf, 0xe6, 0x66, 0x66, 0x9f, 0xf4, 0xbf, 0xff,
    0xff, 0xff, 0xff, 0xf4, 0xbf, 0xff, 0xff, 0xff,
    0xff, 0xf4, 0xbf, 0xe0, 0x0, 0x0, 0x4f, 0xf4,
    0xbf, 0xe0, 0x0, 0x0, 0x4f, 0xf4, 0xbf, 0xe0,
    0x0, 0x0, 0x4f, 0xf4, 0xbf, 0xe0, 0x0, 0x0,
    0x4f, 0xf4, 0xbf, 0xe0, 0x0, 0x0, 0x4f, 0xf4,
    0xbf, 0xe0, 0x0, 0x0, 0x4f, 0xf4, 0xbf, 0xe0,
    0x0, 0x0, 0x4f, 0xf4, 0xbf, 0xe0, 0x0, 0x0,
    0x4f, 0xf4, 0xbf, 0xe0, 0x0, 0x0, 0x4f, 0xf4,

    /* U+0049 "I" */
    0x6f, 0xff, 0xff, 0xff, 0xff, 0xf6, 0xff, 0xff,
    0xff, 0xff, 0xff, 0x26, 0x66, 0xbf, 0xf7, 0x66,
    0x60, 0x0, 0x8, 0xff, 0x10, 0x0, 0x0, 0x0,
    0x8f, 0xf1, 0x0, 0x0, 0x0, 0x8, 0xff, 0x10,
    0x0, 0x0, 0x0, 0x8f, 0xf1, 0x0, 0x0, 0x0,
    0x8, 0xff, 0x10, 0x0, 0x0, 0x0, 0x8f, 0xf1,
    0x0, 0x0, 0x0, 0x8, 0xff, 0x10, 0x0, 0x0,
    0x0, 0x8f, 0xf1, 0x0, 0x0, 0x0, 0x8, 0xff,
    0x10, 0x0, 0x0, 0x0, 0x8f, 0xf1, 0x0, 0x0,
    0x0, 0x8, 0xff, 0x10, 0x0, 0x0, 0x0, 0x8f,
    0xf1, 0x0, 0x0, 0x0, 0x8, 0xff, 0x10, 0x0,
    0x0, 0x0, 0x8f, 0xf1, 0x0, 0x2, 0x66, 0x6b,
    0xff, 0x76, 0x66, 0x6f, 0xff, 0xff, 0xff, 0xff,
    0xf6, 0xff, 0xff, 0xff, 0xff, 0xff,

    /* U+004A "J" */
    0x0, 0x0, 0x0, 0x0, 0x9, 0xff, 0x0, 0x0,
    0x0, 0x0, 0x9, 0xff, 0x0, 0x0, 0x0, 0x0,
    0x9, 0xff, 0x0, 0x0, 0x0, 0x0, 0x9, 0xff,
    0x0, 0x0, 0x0, 0x0, 0x9, 0xff, 0x0, 0x0,
    0x0, 0x0, 0x9, 0xff, 0x0, 0x0, 0x0, 0x0,
    0x9, 0xff, 0x0, 0x0, 0x0, 0x0, 0x9, 0xff,
    0x0, 0x0, 0x0, 0x0, 0x9, 0xff, 0x0, 0x0,
    0x0, 0x0, 0x9, 0xff, 0x0, 0x0, 0x0, 0x0,
    0x9, 0xff, 0x0, 0x0, 0x0, 0x0, 0x9, 0xff,
    0x0, 0x0, 0x0, 0x0, 0x9, 0xff, 0x0, 0x0,
    0x0, 0x0, 0x9, 0xff, 0xdf, 0xb0, 0x0, 0x0,
    0xa, 0xfe, 0xcf, 0xe0, 0x0, 0x0, 0xd, 0xfd,
    0x8f, 0xf7, 0x0, 0x0, 0x6f, 0xf8, 0x1e, 0xff,
    0xb7, 0x7a, 0xff, 0xf1, 0x4, 0xff, 0xff, 0xff,
    0xff, 0x40, 0x0, 0x18, 0xdf, 0xfd, 0x91, 0x0,

    /* U+004B "K" */
    0xbf, 0xd0, 0x0, 0x0, 0xa, 0xff, 0x2b, 0xfd,
    0x0, 0x0, 0x2, 0xff, 0xa0, 0xbf, 0xd0, 0x0,
    0x0, 0x9f, 0xf3, 0xb, 0xfd, 0x0, 0x0, 0x1f,
    0xfb, 0x0, 0xbf, 0xd0, 0x0, 0x8, 0xff, 0x40,
    0xb, 0xfd, 0x0, 0x0, 0xff, 0xc0, 0x0, 0xbf,
    0xd0, 0x0, 0x7f, 0xf5, 0x0, 0xb, 0xfd, 0x0,
    0xe, 0xfd, 0x0, 0x0, 0xbf, 0xe5, 0x58, 0xff,
    0x60, 0x0, 0xb, 0xff, 0xff, 0xff, 0xe0, 0x0,
    0x0, 0xbf, 0xff, 0xff, 0xff, 0x20, 0x0, 0xb,
    0xfd, 0x0, 0x4f, 0xf9, 0x0, 0x0, 0xbf, 0xd0,
    0x0, 0xdf, 0xf1, 0x0, 0xb, 0xfd, 0x0, 0x5,
    0xff, 0x80, 0x0, 0xbf, 0xd0, 0x0, 0xd, 0xff,
    0x10, 0xb, 0xfd, 0x0, 0x0, 0x6f, 0xf7, 0x0,
    0xbf, 0xd0, 0x0, 0x0, 0xef, 0xe0, 0xb, 0xfd,
    0x0, 0x0, 0x7, 0xff, 0x60, 0xbf, 0xd0, 0x0,
    0x0, 0xf, 0xfe, 0xb, 0xfd, 0x0, 0x0, 0x0,
    0x8f, 0xf5,

    /* U+004C "L" */
    0xaf, 0xe0, 0x0, 0x0, 0x0, 0x0, 0xaf, 0xe0,
    0x0, 0x0, 0x0, 0x0, 0xaf, 0xe0, 0x0, 0x0,
    0x0, 0x0, 0xaf, 0xe0, 0x0, 0x0, 0x0, 0x0,
    0xaf, 0xe0, 0x0, 0x0, 0x0, 0x0, 0xaf, 0xe0,
    0x0, 0x0, 0x0, 0x0, 0xaf, 0xe0, 0x0, 0x0,
    0x0, 0x0, 0xaf, 0xe0, 0x0, 0x0, 0x0, 0x0,
    0xaf, 0xe0, 0x0, 0x0, 0x0, 0x0, 0xaf, 0xe0,
    0x0, 0x0, 0x0, 0x0, 0xaf, 0xe0, 0x0, 0x0,
    0x0, 0x0, 0xaf, 0xe0, 0x0, 0x0, 0x0, 0x0,
    0xaf, 0xe0, 0x0, 0x0, 0x0, 0x0, 0xaf, 0xe0,
    0x0, 0x0, 0x0, 0x0, 0xaf, 0xe0, 0x0, 0x0,
    0x0, 0x0, 0xaf, 0xe0, 0x0, 0x0, 0x0, 0x0,
    0xaf, 0xe0, 0x0, 0x0, 0x0, 0x0, 0xaf, 0xf6,
    0x66, 0x66, 0x66, 0x62, 0xaf, 0xff, 0xff, 0xff,
    0xff, 0xf5, 0xaf, 0xff, 0xff, 0xff, 0xff, 0xf5,

    /* U+004D "M" */
    0x3f, 0xff, 0x80, 0x0, 0xf, 0xff, 0xd3, 0xfe,
    0xfd, 0x0, 0x3, 0xfd, 0xfd, 0x3f, 0xed, 0xf1,
    0x0, 0x8f, 0xaf, 0xd3, 0xff, 0x8f, 0x50, 0xc,
    0xf7, 0xfd, 0x3f, 0xf5, 0xfa, 0x1, 0xfb, 0x7f,
    0xd3, 0xff, 0x2f, 0xe0, 0x5f, 0x77, 0xfd, 0x3f,
    0xf2, 0xbf, 0x2a, 0xf2, 0x8f, 0xd3, 0xff, 0x26,
    0xf7, 0xed, 0x8, 0xfd, 0x3f, 0xf3, 0x2f, 0xef,
    0x90, 0x9f, 0xd3, 0xff, 0x30, 0xdf, 0xf4, 0x9,
    0xfd, 0x3f, 0xf3, 0x8, 0xff, 0x0, 0x9f, 0xd3,
    0xff, 0x30, 0x2, 0x10, 0x9, 0xfd, 0x3f, 0xf3,
    0x0, 0x0, 0x0, 0x9f, 0xd3, 0xff, 0x30, 0x0,
    0x0, 0x9, 0xfd, 0x3f, 0xf3, 0x0, 0x0, 0x0,
    0x9f, 0xd3, 0xff, 0x30, 0x0, 0x0, 0x9, 0xfd,
    0x3f, 0xf3, 0x0, 0x0, 0x0, 0x9f, 0xd3, 0xff,
    0x30, 0x0, 0x0, 0x9, 0xfd, 0x3f, 0xf3, 0x0,
    0x0, 0x0, 0x9f, 0xd3, 0xff, 0x30, 0x0, 0x0,
    0x9, 0xfd,

    /* U+004E "N" */
    0xcf, 0xfb, 0x0, 0x0, 0xf, 0xf6, 0xcf, 0xff,
    0x10, 0x0, 0xf, 0xf6, 0xcf, 0xff, 0x60, 0x0,
    0xf, 0xf6, 0xcf, 0xef, 0xb0, 0x0, 0xf, 0xf6,
    0xcf, 0x9f, 0xf1, 0x0, 0xf, 0xf6, 0xcf, 0x8c,
    0xf6, 0x0, 0xf, 0xf6, 0xcf, 0x97, 0xfb, 0x0,
    0xf, 0xf6, 0xcf, 0x92, 0xff, 0x10, 0xf, 0xf6,
    0xcf, 0xa0, 0xcf, 0x60, 0xf, 0xf6, 0xcf, 0xa0,
    0x7f, 0xc0, 0xf, 0xf6, 0xcf, 0xa0, 0x2f, 0xf1,
    0xf, 0xf6, 0xcf, 0xa0, 0xc, 0xf6, 0xf, 0xf6,
    0xcf, 0xa0, 0x7, 0xfc, 0xf, 0xf6, 0xcf, 0xa0,
    0x2, 0xff, 0x1f, 0xf6, 0xcf, 0xa0, 0x0, 0xcf,
    0x6f, 0xf6, 0xcf, 0xa0, 0x0, 0x7f, 0xce, 0xf6,
    0xcf, 0xa0, 0x0, 0x2f, 0xfe, 0xf6, 0xcf, 0xa0,
    0x0, 0xc, 0xff, 0xf6, 0xcf, 0xa0, 0x0, 0x7,
    0xff, 0xf6, 0xcf, 0xa0, 0x0, 0x2, 0xff, 0xf6,

    /* U+004F "O" */
    0x0, 0x29, 0xdf, 0xfc, 0x60, 0x0, 0x4, 0xff,
    0xff, 0xff, 0xfc, 0x0, 0x1e, 0xff, 0x96, 0x7c,
    0xff, 0x90, 0x7f, 0xf6, 0x0, 0x0, 0xcf, 0xf1,
    0xbf, 0xe0, 0x0, 0x0, 0x5f, 0xf4, 0xcf, 0xc0,
    0x0, 0x0, 0x2f, 0xf6, 0xdf, 0xc0, 0x0, 0x0,
    0x2f, 0xf6, 0xdf, 0xc0, 0x0, 0x0, 0x2f, 0xf6,
    0xdf, 0xc0, 0x0, 0x0, 0x2f, 0xf6, 0xdf, 0xc0,
    0x0, 0x0, 0x2f, 0xf6, 0xdf, 0xc0, 0x0, 0x0,
    0x2f, 0xf6, 0xdf, 0xc0, 0x0, 0x0, 0x2f, 0xf6,
    0xdf, 0xc0, 0x0, 0x0, 0x2f, 0xf6, 0xdf, 0xc0,
    0x0, 0x0, 0x2f, 0xf6, 0xcf, 0xc0, 0x0, 0x0,
    0x2f, 0xf6, 0xaf, 0xe0, 0x0, 0x0, 0x5f, 0xf4,
    0x7f, 0xf6, 0x0, 0x0, 0xcf, 0xf1, 0x1e, 0xff,
    0xa6, 0x7d, 0xff, 0x90, 0x4, 0xff, 0xff, 0xff,
    0xfc, 0x0, 0x0, 0x29, 0xdf, 0xfc, 0x60, 0x0,

    /* U+0050 "P" */
    0xbf, 0xff, 0xff, 0xfe, 0xa4, 0x0, 0xb, 0xff,
    0xff, 0xff, 0xff, 0xf8, 0x0, 0xbf, 0xe5, 0x55,
    0x69, 0xff, 0xf6, 0xb, 0xfd, 0x0, 0x0, 0x2,
    0xff, 0xe0, 0xbf, 0xd0, 0x0, 0x0, 0x9, 0xff,
    0x3b, 0xfd, 0x0, 0x0, 0x0, 0x5f, 0xf5, 0xbf,
    0xd0, 0x0, 0x0, 0x5, 0xff, 0x5b, 0xfd, 0x0,
    0x0, 0x0, 0x8f, 0xf3, 0xbf, 0xd0, 0x0, 0x0,
    0x2f, 0xfe, 0xb, 0xfe, 0x55, 0x55, 0x8f, 0xff,
    0x60, 0xbf, 0xff, 0xff, 0xff, 0xff, 0x80, 0xb,
    0xff, 0xff, 0xff, 0xea, 0x40, 0x0, 0xbf, 0xd0,
    0x0, 0x0, 0x0, 0x0, 0xb, 0xfd, 0x0, 0x0,
    0x0, 0x0, 0x0, 0xbf, 0xd0, 0x0, 0x0, 0x0,
    0x0, 0xb, 0xfd, 0x0, 0x0, 0x0, 0x0, 0x0,
    0xbf, 0xd0, 0x0, 0x0, 0x0, 0x0, 0xb, 0xfd,
    0x0, 0x0, 0x0, 0x0, 0x0, 0xbf, 0xd0, 0x0,
    0x0, 0x0, 0x0, 0xb, 0xfd, 0x0, 0x0, 0x0,
    0x0, 0x0,

    /* U+0051 "Q" */
    0x0, 0x29, 0xdf, 0xfc, 0x70, 0x0, 0x5, 0xff,
    0xff, 0xff, 0xfc, 0x10, 0x2f, 0xff, 0x96, 0x7c,
    0xff, 0xb0, 0x9f, 0xf5, 0x0, 0x0, 0xbf, 0xf3,
    0xef, 0xc0, 0x0, 0x0, 0x3f, 0xf7, 0xff, 0x90,
    0x0, 0x0, 0xf, 0xf9, 0xff, 0x90, 0x0, 0x0,
    0xf, 0xf9, 0xff, 0x90, 0x0, 0x0, 0xf, 0xf9,
    0xff, 0x90, 0x0, 0x0, 0xf, 0xf9, 0xff, 0x90,
    0x0, 0x0, 0xf, 0xf9, 0xff, 0x90, 0x0, 0x0,
    0xf, 0xf9, 0xff, 0x90, 0x0, 0x0, 0xf, 0xf9,
    0xff, 0x90, 0x0, 0x0, 0xf, 0xf9, 0xff, 0x90,
    0x0, 0x0, 0xf, 0xf9, 0xff, 0x90, 0x0, 0x0,
    0xf, 0xf8, 0xef, 0xc0, 0x0, 0x0, 0x3f, 0xf7,
    0x9f, 0xf5, 0x0, 0x0, 0xbf, 0xf2, 0x2f, 0xff,
    0xa6, 0x7d, 0xff, 0xb0, 0x5, 0xff, 0xff, 0xff,
    0xfc, 0x10, 0x0, 0x29, 0xdf, 0xff, 0xe0, 0x0,
    0x0, 0x0, 0x0, 0x8f, 0xf5, 0x0, 0x0, 0x0,
    0x0, 0x1e, 0xfd, 0x0, 0x0, 0x0, 0x0, 0x7,
    0xff, 0x70, 0x0, 0x0, 0x0, 0x0, 0xef, 0xe1,
    0x0, 0x0, 0x0, 0x0, 0x6f, 0xf8,

    /* U+0052 "R" */
    0xbf, 0xff, 0xff, 0xfd, 0x81, 0x0, 0xb, 0xff,
    0xff, 0xff, 0xff, 0xe3, 0x0, 0xbf, 0xe5, 0x55,
    0x6b, 0xff, 0xe1, 0xb, 0xfd, 0x0, 0x0, 0x7,
    0xff, 0x70, 0xbf, 0xd0, 0x0, 0x0, 0xe, 0xfc,
    0xb, 0xfd, 0x0, 0x0, 0x0, 0xbf, 0xe0, 0xbf,
    0xd0, 0x0, 0x0, 0xb, 0xfe, 0xb, 0xfd, 0x0,
    0x0, 0x0, 0xef, 0xc0, 0xbf, 0xd0, 0x0, 0x0,
    0x7f, 0xf7, 0xb, 0xfe, 0x55, 0x56, 0xaf, 0xfe,
    0x10, 0xbf, 0xff, 0xff, 0xff, 0xff, 0x30, 0xb,
    0xff, 0xff, 0xff, 0xfc, 0x10, 0x0, 0xbf, 0xd0,
    0x0, 0xef, 0xc0, 0x0, 0xb, 0xfd, 0x0, 0x8,
    0xff, 0x40, 0x0, 0xbf, 0xd0, 0x0, 0x1f, 0xfb,
    0x0, 0xb, 0xfd, 0x0, 0x0, 0xaf, 0xf2, 0x0,
    0xbf, 0xd0, 0x0, 0x2, 0xff, 0xa0, 0xb, 0xfd,
    0x0, 0x0, 0xb, 0xff, 0x10, 0xbf, 0xd0, 0x0,
    0x0, 0x4f, 0xf8, 0xb, 0xfd, 0x0, 0x0, 0x0,
    0xdf, 0xf1,

    /* U+0053 "S" */
    0x0, 0x2, 0x9d, 0xfe, 0xb5, 0x0, 0x0, 0x4,
    0xff, 0xff, 0xff, 0xfb, 0x0, 0x1, 0xff, 0xf9,
    0x67, 0xdf, 0xf9, 0x0, 0x8f, 0xf5, 0x0, 0x0,
    0xcf, 0xf0, 0xb, 0xfd, 0x0, 0x0, 0x5, 0xff,
    0x30, 0xcf, 0xc0, 0x0, 0x0, 0x3, 0x30, 0xa,
    0xff, 0x10, 0x0, 0x0, 0x0, 0x0, 0x5f, 0xfc,
    0x30, 0x0, 0x0, 0x0, 0x0, 0xbf, 0xff, 0xd9,
    0x40, 0x0, 0x0, 0x0, 0xaf, 0xff, 0xff, 0xe5,
    0x0, 0x0, 0x0, 0x29, 0xdf, 0xff, 0xf6, 0x0,
    0x0, 0x0, 0x0, 0x27, 0xff, 0xf2, 0x0, 0x0,
    0x0, 0x0, 0x4, 0xff, 0x80, 0x0, 0x0, 0x0,
    0x0, 0xd, 0xfc, 0x2a, 0xa4, 0x0, 0x0, 0x0,
    0xbf, 0xc1, 0xff, 0x90, 0x0, 0x0, 0xe, 0xfb,
    0xd, 0xff, 0x20, 0x0, 0x7, 0xff, 0x60, 0x6f,
    0xff, 0x96, 0x7b, 0xff, 0xe0, 0x0, 0x8f, 0xff,
    0xff, 0xff, 0xe3, 0x0, 0x0, 0x3a, 0xef, 0xfd,
    0x81, 0x0,

    /* U+0054 "T" */
    0xaf, 0xff, 0xff, 0xff, 0xff, 0xff, 0xf3, 0xaf,
    0xff, 0xff, 0xff, 0xff, 0xff, 0xf3, 0x46, 0x66,
    0x6a, 0xff, 0x76, 0x66, 0x61, 0x0, 0x0, 0x7,
    0xff, 0x10, 0x0, 0x0, 0x0, 0x0, 0x7, 0xff,
    0x10, 0x0, 0x0, 0x0, 0x0, 0x7, 0xff, 0x10,
    0x0, 0x0, 0x0, 0x0, 0x7, 0xff, 0x10, 0x0,
    0x0, 0x0, 0x0, 0x7, 0xff, 0x10, 0x0, 0x0,
    0x0, 0x0, 0x7, 0xff, 0x10, 0x0, 0x0, 0x0,
    0x0, 0x7, 0xff, 0x10, 0x0, 0x0, 0x0, 0x0,
    0x7, 0xff, 0x10, 0x0, 0x0, 0x0, 0x0, 0x7,
    0xff, 0x10, 0x0, 0x0, 0x0, 0x0, 0x7, 0xff,
    0x10, 0x0, 0x0, 0x0, 0x0, 0x7, 0xff, 0x10,
    0x0, 0x0, 0x0, 0x0, 0x7, 0xff, 0x10, 0x0,
    0x0, 0x0, 0x0, 0x7, 0xff, 0x10, 0x0, 0x0,
    0x0, 0x0, 0x7, 0xff, 0x10, 0x0, 0x0, 0x0,
    0x0, 0x7, 0xff, 0x10, 0x0, 0x0, 0x0, 0x0,
    0x7, 0xff, 0x10, 0x0, 0x0, 0x0, 0x0, 0x7,
    0xff, 0x10, 0x0, 0x0,

    /* U+0055 "U" */
    0xcf, 0xd0, 0x0, 0x0, 0x3f, 0xf6, 0xcf, 0xd0,
    0x0, 0x0, 0x3f, 0xf6, 0xcf, 0xd0, 0x0, 0x0,
    0x3f, 0xf6, 0xcf, 0xd0, 0x0, 0x0, 0x3f, 0xf6,
    0xcf, 0xd0, 0x0, 0x0, 0x3f, 0xf6, 0xcf, 0xd0,
    0x0, 0x0, 0x3f, 0xf6, 0xcf, 0xd0, 0x0, 0x0,
    0x3f, 0xf6, 0xcf, 0xd0, 0x0, 0x0, 0x3f, 0xf6,
    0xcf, 0xd0, 0x0, 0x0, 0x3f, 0xf6, 0xcf, 0xd0,
    0x0, 0x0, 0x3f, 0xf6, 0xcf, 0xd0, 0x0, 0x0,
    0x3f, 0xf6, 0xcf, 0xd0, 0x0, 0x0, 0x3f, 0xf6,
    0xcf, 0xd0, 0x0, 0x0, 0x3f, 0xf6, 0xcf, 0xd0,
    0x0, 0x0, 0x3f, 0xf6, 0xbf, 0xd0, 0x0, 0x0,
    0x3f, 0xf5, 0xaf, 0xf0, 0x0, 0x0, 0x5f, 0xf4,
    0x6f, 0xf7, 0x0, 0x0, 0xcf, 0xf1, 0x1e, 0xff,
    0xa6, 0x7d, 0xff, 0x90, 0x4, 0xff, 0xff, 0xff,
    0xfc, 0x0, 0x0, 0x29, 0xef, 0xfc, 0x70, 0x0,

    /* U+0056 "V" */
    0xaf, 0xf0, 0x0, 0x0, 0x0, 0x5f, 0xf4, 0x6f,
    0xf3, 0x0, 0x0, 0x0, 0x9f, 0xf0, 0x3f, 0xf6,
    0x0, 0x0, 0x0, 0xdf, 0xc0, 0xf, 0xfa, 0x0,
    0x0, 0x0, 0xff, 0x80, 0xb, 0xfe, 0x0, 0x0,
    0x4, 0xff, 0x40, 0x7, 0xff, 0x20, 0x0, 0x7,
    0xff, 0x10, 0x3, 0xff, 0x50, 0x0, 0xb, 0xfd,
    0x0, 0x0, 0xff, 0x90, 0x0, 0xf, 0xf9, 0x0,
    0x0, 0xbf, 0xd0, 0x0, 0x2f, 0xf5, 0x0, 0x0,
    0x7f, 0xf1, 0x0, 0x6f, 0xf1, 0x0, 0x0, 0x3f,
    0xf4, 0x0, 0xaf, 0xd0, 0x0, 0x0, 0xf, 0xf8,
    0x0, 0xdf, 0x90, 0x0, 0x0, 0xc, 0xfc, 0x1,
    0xff, 0x50, 0x0, 0x0, 0x8, 0xff, 0x4, 0xff,
    0x10, 0x0, 0x0, 0x4, 0xff, 0x38, 0xfd, 0x0,
    0x0, 0x0, 0x0, 0xff, 0x6b, 0xf9, 0x0, 0x0,
    0x0, 0x0, 0xcf, 0xae, 0xf5, 0x0, 0x0, 0x0,
    0x0, 0x8f, 0xef, 0xf2, 0x0, 0x0, 0x0, 0x0,
    0x4f, 0xff, 0xe0, 0x0, 0x0, 0x0, 0x0, 0x1f,
    0xff, 0xa0, 0x0, 0x0,

    /* U+0057 "W" */
    0x7f, 0xd0, 0x0, 0x7f, 0xf3, 0x0, 0x2f, 0xf1,
    0x5f, 0xe0, 0x0, 0x9f, 0xf5, 0x0, 0x4f, 0xf0,
    0x3f, 0xf0, 0x0, 0xbe, 0xf7, 0x0, 0x5f, 0xd0,
    0x1f, 0xf1, 0x0, 0xdc, 0xf8, 0x0, 0x7f, 0xb0,
    0xf, 0xf3, 0x0, 0xf9, 0xfa, 0x0, 0x8f, 0x90,
    0xe, 0xf4, 0x1, 0xf8, 0xdc, 0x0, 0xaf, 0x80,
    0xc, 0xf6, 0x3, 0xf6, 0xbe, 0x0, 0xbf, 0x60,
    0xb, 0xf8, 0x5, 0xf4, 0xaf, 0x0, 0xdf, 0x40,
    0x9, 0xf9, 0x7, 0xf2, 0x8f, 0x20, 0xff, 0x20,
    0x7, 0xfb, 0x9, 0xf0, 0x6f, 0x40, 0xff, 0x0,
    0x5, 0xfc, 0xb, 0xe0, 0x4f, 0x52, 0xff, 0x0,
    0x4, 0xfe, 0xd, 0xc0, 0x3f, 0x73, 0xfd, 0x0,
    0x2, 0xff, 0xf, 0xa0, 0x1f, 0x95, 0xfb, 0x0,
    0x0, 0xff, 0x2f, 0x80, 0xf, 0xb6, 0xf9, 0x0,
    0x0, 0xef, 0x6f, 0x60, 0xd, 0xd8, 0xf7, 0x0,
    0x0, 0xdf, 0x9f, 0x40, 0xc, 0xe9, 0xf6, 0x0,
    0x0, 0xbf, 0xcf, 0x30, 0xa, 0xfb, 0xf4, 0x0,
    0x0, 0x9f, 0xef, 0x10, 0x8, 0xfe, 0xf2, 0x0,
    0x0, 0x7f, 0xff, 0x0, 0x6, 0xff, 0xf0, 0x0,
    0x0, 0x6f, 0xfd, 0x0, 0x4, 0xff, 0xe0, 0x0,

    /* U+0058 "X" */
    0x7, 0xff, 0x60, 0x0, 0x0, 0xb, 0xff, 0x10,
    0xe, 0xfe, 0x0, 0x0, 0x3, 0xff, 0x90, 0x0,
    0x7f, 0xf6, 0x0, 0x0, 0xbf, 0xf1, 0x0, 0x0,
    0xef, 0xe0, 0x0, 0x3f, 0xf8, 0x0, 0x0, 0x6,
    0xff, 0x60, 0xb, 0xfe, 0x0, 0x0, 0x0, 0xd,
    0xfe, 0x3, 0xff, 0x70, 0x0, 0x0, 0x0, 0x5f,
    0xf5, 0xaf, 0xe0, 0x0, 0x0, 0x0, 0x0, 0xdf,
    0xef, 0xf6, 0x0, 0x0, 0x0, 0x0, 0x5, 0xff,
    0xfd, 0x0, 0x0, 0x0, 0x0, 0x0, 0xc, 0xff,
    0x60, 0x0, 0x0, 0x0, 0x0, 0x0, 0xef, 0xfa,
    0x0, 0x0, 0x0, 0x0, 0x0, 0x8f, 0xff, 0xf2,
    0x0, 0x0, 0x0, 0x0, 0x1f, 0xf9, 0xff, 0xb0,
    0x0, 0x0, 0x0, 0x9, 0xff, 0x18, 0xff, 0x30,
    0x0, 0x0, 0x2, 0xff, 0x90, 0x1f, 0xfc, 0x0,
    0x0, 0x0, 0xaf, 0xf1, 0x0, 0x9f, 0xf4, 0x0,
    0x0, 0x2f, 0xf9, 0x0, 0x1, 0xff, 0xc0, 0x0,
    0xb, 0xff, 0x10, 0x0, 0x8, 0xff, 0x50, 0x3,
    0xff, 0x80, 0x0, 0x0, 0x1f, 0xfd, 0x0, 0xcf,
    0xf1, 0x0, 0x0, 0x0, 0x8f, 0xf6,

    /* U+0059 "Y" */
    0xe, 0xfc, 0x0, 0x0, 0x0, 0x2, 0xff, 0x80,
    0x7f, 0xf3, 0x0, 0x0, 0x0, 0x8f, 0xf1, 0x1,
    0xff, 0xa0, 0x0, 0x0, 0xf, 0xfa, 0x0, 0x9,
    0xff, 0x20, 0x0, 0x7, 0xff, 0x30, 0x0, 0x2f,
    0xf9, 0x0, 0x0, 0xdf, 0xb0, 0x0, 0x0, 0xaf,
    0xf0, 0x0, 0x5f, 0xf4, 0x0, 0x0, 0x3, 0xff,
    0x70, 0xc, 0xfd, 0x0, 0x0, 0x0, 0xc, 0xfe,
    0x3, 0xff, 0x60, 0x0, 0x0, 0x0, 0x5f, 0xf4,
    0xaf, 0xe0, 0x0, 0x0, 0x0, 0x0, 0xdf, 0xbf,
    0xf7, 0x0, 0x0, 0x0, 0x0, 0x6, 0xff, 0xff,
    0x10, 0x0, 0x0, 0x0, 0x0, 0xe, 0xff, 0x90,
    0x0, 0x0, 0x0, 0x0, 0x0, 0x8f, 0xf2, 0x0,
    0x0, 0x0, 0x0, 0x0, 0x7, 0xff, 0x10, 0x0,
    0x0, 0x0, 0x0, 0x0, 0x7f, 0xf1, 0x0, 0x0,
    0x0, 0x0, 0x0, 0x7, 0xff, 0x10, 0x0, 0x0,
    0x0, 0x0, 0x0, 0x7f, 0xf1, 0x0, 0x0, 0x0,
    0x0, 0x0, 0x7, 0xff, 0x10, 0x0, 0x0, 0x0,
    0x0, 0x0, 0x7f, 0xf1, 0x0, 0x0, 0x0, 0x0,
    0x0, 0x7, 0xff, 0x10, 0x0, 0x0,

    /* U+005A "Z" */
    0xbf, 0xff, 0xff, 0xff, 0xff, 0xf2, 0xbf, 0xff,
    0xff, 0xff, 0xff, 0xf2, 0x46, 0x66, 0x66, 0x66,
    0xcf, 0xf1, 0x0, 0x0, 0x0, 0x2, 0xff, 0xa0,
    0x0, 0x0, 0x0, 0xa, 0xff, 0x20, 0x0, 0x0,
    0x0, 0x3f, 0xf8, 0x0, 0x0, 0x0, 0x0, 0xcf,
    0xe1, 0x0, 0x0, 0x0, 0x5, 0xff, 0x60, 0x0,
    0x0, 0x0, 0xd, 0xfd, 0x0, 0x0, 0x0, 0x0,
    0x7f, 0xf5, 0x0, 0x0, 0x0, 0x1, 0xef, 0xc0,
    0x0, 0x0, 0x0, 0x8, 0xff, 0x30, 0x0, 0x0,
    0x0, 0x2f, 0xfa, 0x0, 0x0, 0x0, 0x0, 0xaf,
    0xf2, 0x0, 0x0, 0x0, 0x3, 0xff, 0x80, 0x0,
    0x0, 0x0, 0xc, 0xfe, 0x10, 0x0, 0x0, 0x0,
    0x5f, 0xf7, 0x0, 0x0, 0x0, 0x0, 0xcf, 0xf6,
    0x66, 0x66, 0x66, 0x62, 0xdf, 0xff, 0xff, 0xff,
    0xff, 0xf7, 0xdf, 0xff, 0xff, 0xff, 0xff, 0xf7,

    /* U+005B "[" */
    0xcf, 0xff, 0xff, 0xcc, 0xff, 0xff, 0xfc, 0xcf,
    0xd6, 0x66, 0x4c, 0xfc, 0x0, 0x0, 0xcf, 0xc0,
    0x0, 0xc, 0xfc, 0x0, 0x0, 0xcf, 0xc0, 0x0,
    0xc, 0xfc, 0x0, 0x0, 0xcf, 0xc0, 0x0, 0xc,
    0xfc, 0x0, 0x0, 0xcf, 0xc0, 0x0, 0xc, 0xfc,
    0x0, 0x0, 0xcf, 0xc0, 0x0, 0xc, 0xfc, 0x0,
    0x0, 0xcf, 0xc0, 0x0, 0xc, 0xfc, 0x0, 0x0,
    0xcf, 0xc0, 0x0, 0xc, 0xfc, 0x0, 0x0, 0xcf,
    0xc0, 0x0, 0xc, 0xfc, 0x0, 0x0, 0xcf, 0xc0,
    0x0, 0xc, 0xfc, 0x0, 0x0, 0xcf, 0xd6, 0x66,
    0x4c, 0xff, 0xff, 0xfc, 0xcf, 0xff, 0xff, 0xc0,

    /* U+005C "\\" */
    0xf, 0xfb, 0x0, 0x0, 0x0, 0x0, 0x0, 0x9f,
    0xf1, 0x0, 0x0, 0x0, 0x0, 0x3, 0xff, 0x70,
    0x0, 0x0, 0x0, 0x0, 0xd, 0xfd, 0x0, 0x0,
    0x0, 0x0, 0x0, 0x8f, 0xf3, 0x0, 0x0, 0x0,
    0x0, 0x2, 0xff, 0x90, 0x0, 0x0, 0x0, 0x0,
    0xc, 0xfe, 0x0, 0x0, 0x0, 0x0, 0x0, 0x6f,
    0xf4, 0x0, 0x0, 0x0, 0x0, 0x0, 0xff, 0xa0,
    0x0, 0x0, 0x0, 0x0, 0xa, 0xff, 0x10, 0x0,
    0x0, 0x0, 0x0, 0x4f, 0xf6, 0x0, 0x0, 0x0,
    0x0, 0x0, 0xef, 0xc0, 0x0, 0x0, 0x0, 0x0,
    0x8, 0xff, 0x20, 0x0, 0x0, 0x0, 0x0, 0x3f,
    0xf8, 0x0, 0x0, 0x0, 0x0, 0x0, 0xdf, 0xe0,
    0x0, 0x0, 0x0, 0x0, 0x7, 0xff, 0x40, 0x0,
    0x0, 0x0, 0x0, 0x1f, 0xf9, 0x0, 0x0, 0x0,
    0x0, 0x0, 0xbf, 0xf0, 0x0, 0x0, 0x0, 0x0,
    0x5, 0xff, 0x50, 0x0, 0x0, 0x0, 0x0, 0xf,
    0xfb, 0x0, 0x0, 0x0, 0x0, 0x0, 0x9f, 0xf1,
    0x0, 0x0, 0x0, 0x0, 0x3, 0xff, 0x70, 0x0,
    0x0, 0x0, 0x0, 0xd, 0xfd, 0x0, 0x0, 0x0,
    0x0, 0x0, 0x8f, 0xf3, 0x0, 0x0, 0x0, 0x0,
    0x2, 0xff, 0x90,

    /* U+005D "]" */
    0x3f, 0xff, 0xff, 0xf6, 0x3f, 0xff, 0xff, 0xf6,
    0x16, 0x66, 0x7f, 0xf6, 0x0, 0x0, 0x2f, 0xf6,
    0x0, 0x0, 0x2f, 0xf6, 0x0, 0x0, 0x2f, 0xf6,
    0x0, 0x0, 0x2f, 0xf6, 0x0, 0x0, 0x2f, 0xf6,
    0x0, 0x0, 0x2f, 0xf6, 0x0, 0x0, 0x2f, 0xf6,
    0x0, 0x0, 0x2f, 0xf6, 0x0, 0x0, 0x2f, 0xf6,
    0x0, 0x0, 0x2f, 0xf6, 0x0, 0x0, 0x2f, 0xf6,
    0x0, 0x0, 0x2f, 0xf6, 0x0, 0x0, 0x2f, 0xf6,
    0x0, 0x0, 0x2f, 0xf6, 0x0, 0x0, 0x2f, 0xf6,
    0x0, 0x0, 0x2f, 0xf6, 0x0, 0x0, 0x2f, 0xf6,
    0x0, 0x0, 0x2f, 0xf6, 0x0, 0x0, 0x2f, 0xf6,
    0x16, 0x66, 0x7f, 0xf6, 0x3f, 0xff, 0xff, 0xf6,
    0x3f, 0xff, 0xff, 0xf6,

    /* U+005E "^" */
    0x0, 0x0, 0x48, 0x81, 0x0, 0x0, 0x0, 0x0,
    0xdf, 0xf7, 0x0, 0x0, 0x0, 0x4, 0xfe, 0xfe,
    0x0, 0x0, 0x0, 0xb, 0xf7, 0xcf, 0x50, 0x0,
    0x0, 0x2f, 0xf1, 0x6f, 0xc0, 0x0, 0x0, 0x9f,
    0xa0, 0xf, 0xf3, 0x0, 0x1, 0xff, 0x30, 0x9,
    0xfa, 0x0, 0x7, 0xfd, 0x0, 0x2, 0xff, 0x10,
    0xe, 0xf6, 0x0, 0x0, 0xcf, 0x80, 0x5f, 0xe0,
    0x0, 0x0, 0x5f, 0xe0, 0xcf, 0x80, 0x0, 0x0,
    0xe, 0xf6,

    /* U+005F "_" */
    0x14, 0x44, 0x44, 0x44, 0x44, 0x44, 0x40, 0x7f,
    0xff, 0xff, 0xff, 0xff, 0xff, 0xf0, 0x7f, 0xff,
    0xff, 0xff, 0xff, 0xff, 0xf0,

    /* U+0060 "`" */
    0x58, 0x71, 0x0, 0x2e, 0xfb, 0x0, 0x3, 0xff,
    0x80, 0x0, 0x5f, 0xf6,

    /* U+0061 "a" */
    0x0, 0x3, 0xae, 0xff, 0xd8, 0x10, 0x0, 0x6,
    0xff, 0xff, 0xff, 0xfe, 0x20, 0x3, 0xff, 0xe7,
    0x45, 0xaf, 0xfc, 0x0, 0x8f, 0xf1, 0x0, 0x0,
    0x9f, 0xf2, 0x0, 0x11, 0x0, 0x0, 0x5, 0xff,
    0x40, 0x0, 0x0, 0x0, 0x0, 0x4f, 0xf5, 0x0,
    0x2a, 0xef, 0xff, 0xff, 0xff, 0x50, 0x3f, 0xff,
    0xff, 0xff, 0xff, 0xf5, 0xd, 0xff, 0x40, 0x0,
    0x4, 0xff, 0x53, 0xff, 0x70, 0x0, 0x0, 0x4f,
    0xf5, 0x4f, 0xf5, 0x0, 0x0, 0x6, 0xff, 0x53,
    0xff, 0xa0, 0x0, 0x0, 0xdf, 0xf5, 0xd, 0xff,
    0xa4, 0x46, 0xdc, 0xff, 0x50, 0x4f, 0xff, 0xff,
    0xfe, 0x5f, 0xf5, 0x0, 0x2a, 0xef, 0xe9, 0x23,
    0xff, 0x50,

    /* U+0062 "b" */
    0xbf, 0xd0, 0x0, 0x0, 0x0, 0x0, 0xbf, 0xd0,
    0x0, 0x0, 0x0, 0x0, 0xbf, 0xd0, 0x0, 0x0,
    0x0, 0x0, 0xbf, 0xd0, 0x0, 0x0, 0x0, 0x0,
    0xbf, 0xd0, 0x0, 0x0, 0x0, 0x0, 0xbf, 0xd0,
    0x6c, 0xfe, 0xa2, 0x0, 0xbf, 0xd7, 0xff, 0xff,
    0xff, 0x30, 0xbf, 0xdf, 0xa6, 0x6b, 0xff, 0xc0,
    0xbf, 0xf7, 0x0, 0x0, 0xaf, 0xf2, 0xbf, 0xf0,
    0x0, 0x0, 0x4f, 0xf5, 0xbf, 0xe0, 0x0, 0x0,
    0x2f, 0xf6, 0xbf, 0xd0, 0x0, 0x0, 0x2f, 0xf7,
    0xbf, 0xd0, 0x0, 0x0, 0x2f, 0xf7, 0xbf, 0xd0,
    0x0, 0x0, 0x2f, 0xf7, 0xbf, 0xe0, 0x0, 0x0,
    0x2f, 0xf6, 0xbf, 0xf0, 0x0, 0x0, 0x4f, 0xf5,
    0xbf, 0xf7, 0x0, 0x0, 0xaf, 0xf2, 0xbf, 0xde,
    0x95, 0x6b, 0xff, 0xd0, 0xbf, 0xd7, 0xff, 0xff,
    0xff, 0x30, 0xbf, 0xd0, 0x6c, 0xfe, 0xa2, 0x0,

    /* U+0063 "c" */
    0x0, 0x18, 0xdf, 0xfd, 0x81, 0x0, 0x3, 0xef,
    0xff, 0xff, 0xfe, 0x30, 0x1e, 0xff, 0xa6, 0x6a,
    0xff, 0xe1, 0x7f, 0xf7, 0x0, 0x0, 0x6f, 0xf6,
    0xbf, 0xf0, 0x0, 0x0, 0xf, 0xfa, 0xcf, 0xc0,
    0x0, 0x0, 0x0, 0x10, 0xcf, 0xc0, 0x0, 0x0,
    0x0, 0x0, 0xcf, 0xc0, 0x0, 0x0, 0x0, 0x0,
    0xcf, 0xc0, 0x0, 0x0, 0x0, 0x0, 0xcf, 0xc0,
    0x0, 0x0, 0x1, 0x10, 0xbf, 0xf0, 0x0, 0x0,
    0xf, 0xfa, 0x7f, 0xf7, 0x0, 0x0, 0x6f, 0xf6,
    0x1e, 0xff, 0xb7, 0x6a, 0xff, 0xe1, 0x3, 0xef,
    0xff, 0xff, 0xfe, 0x30, 0x0, 0x18, 0xdf, 0xfd,
    0x81, 0x0,

    /* U+0064 "d" */
    0x0, 0x0, 0x0, 0x0, 0x4f, 0xf5, 0x0, 0x0,
    0x0, 0x0, 0x4f, 0xf5, 0x0, 0x0, 0x0, 0x0,
    0x4f, 0xf5, 0x0, 0x0, 0x0, 0x0, 0x4f, 0xf5,
    0x0, 0x0, 0x0, 0x0, 0x4f, 0xf5, 0x0, 0x6c,
    0xfe, 0xa2, 0x4f, 0xf5, 0x8, 0xff, 0xff, 0xfe,
    0x6f, 0xf5, 0x3f, 0xff, 0x85, 0x7d, 0xcf, 0xf5,
    0x9f, 0xf4, 0x0, 0x0, 0xdf, 0xf5, 0xcf, 0xd0,
    0x0, 0x0, 0x6f, 0xf5, 0xdf, 0xb0, 0x0, 0x0,
    0x4f, 0xf5, 0xdf, 0xb0, 0x0, 0x0, 0x4f, 0xf5,
    0xdf, 0xb0, 0x0, 0x0, 0x4f, 0xf5, 0xdf, 0xb0,
    0x0, 0x0, 0x4f, 0xf5, 0xdf, 0xb0, 0x0, 0x0,
    0x4f, 0xf5, 0xcf, 0xd0, 0x0, 0x0, 0x6f, 0xf5,
    0x9f, 0xf3, 0x0, 0x0, 0xdf, 0xf5, 0x3f, 0xff,
    0x85, 0x6d, 0xcf, 0xf5, 0x9, 0xff, 0xff, 0xfe,
    0x5f, 0xf5, 0x0, 0x6c, 0xfe, 0xa2, 0x3f, 0xf5,

    /* U+0065 "e" */
    0x0, 0x29, 0xdf, 0xec, 0x60, 0x0, 0x4, 0xff,
    0xff, 0xff, 0xfc, 0x10, 0x1f, 0xfe, 0x63, 0x49,
    0xff, 0xb0, 0x8f, 0xf2, 0x0, 0x0, 0x8f, 0xf2,
    0xcf, 0xb0, 0x0, 0x0, 0x2f, 0xf6, 0xef, 0x90,
    0x0, 0x0, 0xf, 0xf8, 0xef, 0xff, 0xff, 0xff,
    0xff, 0xf8, 0xef, 0xff, 0xff, 0xff, 0xff, 0xf8,
    0xef, 0x90, 0x0, 0x0, 0x0, 0x0, 0xef, 0xa0,
    0x0, 0x0, 0x0, 0x0, 0xcf, 0xc0, 0x0, 0x0,
    0x1, 0x10, 0x8f, 0xf4, 0x0, 0x0, 0x7f, 0xf3,
    0x1f, 0xff, 0x84, 0x59, 0xff, 0xd0, 0x4, 0xff,
    0xff, 0xff, 0xfe, 0x20, 0x0, 0x29, 0xdf, 0xfc,
    0x70, 0x0,

    /* U+0066 "f" */
    0x0, 0x0, 0x0, 0x8d, 0xff, 0xff, 0xd0, 0x0,
    0x0, 0xbf, 0xff, 0xff, 0xfd, 0x0, 0x0, 0x4f,
    0xfc, 0x66, 0x66, 0x40, 0x0, 0x7, 0xff, 0x20,
    0x0, 0x0, 0x0, 0x0, 0x8f, 0xf1, 0x0, 0x0,
    0x0, 0x0, 0x8, 0xff, 0x10, 0x0, 0x0, 0x0,
    0x0, 0x8f, 0xf1, 0x0, 0x0, 0xa, 0xff, 0xff,
    0xff, 0xff, 0xff, 0xfd, 0xaf, 0xff, 0xff, 0xff,
    0xff, 0xff, 0xd4, 0x66, 0x6b, 0xff, 0x76, 0x66,
    0x65, 0x0, 0x0, 0x8f, 0xf1, 0x0, 0x0, 0x0,
    0x0, 0x8, 0xff, 0x10, 0x0, 0x0, 0x0, 0x0,
    0x8f, 0xf1, 0x0, 0x0, 0x0, 0x0, 0x8, 0xff,
    0x10, 0x0, 0x0, 0x0, 0x0, 0x8f, 0xf1, 0x0,
    0x0, 0x0, 0x0, 0x8, 0xff, 0x10, 0x0, 0x0,
    0x0, 0x0, 0x8f, 0xf1, 0x0, 0x0, 0x0, 0x0,
    0x8, 0xff, 0x10, 0x0, 0x0, 0x0, 0x0, 0x8f,
    0xf1, 0x0, 0x0, 0x0, 0x0, 0x8, 0xff, 0x10,
    0x0, 0x0,

    /* U+0067 "g" */
    0x0, 0x5c, 0xfe, 0xb2, 0x3f, 0xf4, 0x7, 0xff,
    0xff, 0xff, 0x6f, 0xf4, 0x2f, 0xff, 0x95, 0x7d,
    0xdf, 0xf4, 0x8f, 0xf5, 0x0, 0x0, 0xef, 0xf4,
    0xbf, 0xe0, 0x0, 0x0, 0x7f, 0xf4, 0xcf, 0xc0,
    0x0, 0x0, 0x4f, 0xf4, 0xdf, 0xc0, 0x0, 0x0,
    0x4f, 0xf4, 0xdf, 0xc0, 0x0, 0x0, 0x4f, 0xf4,
    0xcf, 0xc0, 0x0, 0x0, 0x4f, 0xf4, 0xcf, 0xd0,
    0x0, 0x0, 0x6f, 0xf4, 0x9f, 0xf2, 0x0, 0x0,
    0xbf, 0xf4, 0x4f, 0xfd, 0x40, 0x29, 0xef, 0xf4,
    0xb, 0xff, 0xff, 0xff, 0x8f, 0xf4, 0x0, 0x9f,
    0xff, 0xe6, 0x4f, 0xf4, 0x0, 0x0, 0x32, 0x0,
    0x4f, 0xf4, 0x0, 0x0, 0x0, 0x0, 0x5f, 0xf3,
    0x0, 0x0, 0x0, 0x0, 0xaf, 0xf1, 0x0, 0x45,
    0x55, 0x6b, 0xff, 0xb0, 0x0, 0xdf, 0xff, 0xff,
    0xfe, 0x10, 0x0, 0xdf, 0xff, 0xfd, 0x81, 0x0,

    /* U+0068 "h" */
    0xbf, 0xd0, 0x0, 0x0, 0x0, 0x0, 0xbf, 0xd0,
    0x0, 0x0, 0x0, 0x0, 0xbf, 0xd0, 0x0, 0x0,
    0x0, 0x0, 0xbf, 0xd0, 0x0, 0x0, 0x0, 0x0,
    0xbf, 0xd0, 0x0, 0x0, 0x0, 0x0, 0xbf, 0xd0,
    0x6d, 0xfe, 0xa2, 0x0, 0xbf, 0xd7, 0xff, 0xff,
    0xff, 0x20, 0xbf, 0xde, 0x95, 0x5b, 0xff, 0xc0,
    0xbf, 0xf7, 0x0, 0x0, 0xcf, 0xf2, 0xbf, 0xf0,
    0x0, 0x0, 0x5f, 0xf4, 0xbf, 0xe0, 0x0, 0x0,
    0x3f, 0xf5, 0xbf, 0xd0, 0x0, 0x0, 0x3f, 0xf5,
    0xbf, 0xd0, 0x0, 0x0, 0x3f, 0xf5, 0xbf, 0xd0,
    0x0, 0x0, 0x3f, 0xf5, 0xbf, 0xd0, 0x0, 0x0,
    0x3f, 0xf5, 0xbf, 0xd0, 0x0, 0x0, 0x3f, 0xf5,
    0xbf, 0xd0, 0x0, 0x0, 0x3f, 0xf5, 0xbf, 0xd0,
    0x0, 0x0, 0x3f, 0xf5, 0xbf, 0xd0, 0x0, 0x0,
    0x3f, 0xf5, 0xbf, 0xd0, 0x0, 0x0, 0x3f, 0xf5,

    /* U+0069 "i" */
    0x0, 0x0, 0x3d, 0xf8, 0x0, 0x0, 0x0, 0x0,
    0xa, 0xff, 0xf1, 0x0, 0x0, 0x0, 0x0, 0x8f,
    0xfe, 0x0, 0x0, 0x0, 0x0, 0x0, 0x67, 0x20,
    0x0, 0x0, 0x0, 0x0, 0x0, 0x0, 0x0, 0x0,
    0x0, 0x0, 0x0, 0x0, 0x0, 0x0, 0x0, 0x5f,
    0xff, 0xff, 0xfc, 0x0, 0x0, 0x5, 0xff, 0xff,
    0xff, 0xc0, 0x0, 0x0, 0x26, 0x66, 0x6e, 0xfc,
    0x0, 0x0, 0x0, 0x0, 0x0, 0xdf, 0xc0, 0x0,
    0x0, 0x0, 0x0, 0xd, 0xfc, 0x0, 0x0, 0x0,
    0x0, 0x0, 0xdf, 0xc0, 0x0, 0x0, 0x0, 0x0,
    0xd, 0xfc, 0x0, 0x0, 0x0, 0x0, 0x0, 0xdf,
    0xc0, 0x0, 0x0, 0x0, 0x0, 0xd, 0xfc, 0x0,
    0x0, 0x0, 0x0, 0x0, 0xdf, 0xc0, 0x0, 0x0,
    0x0, 0x0, 0xd, 0xfc, 0x0, 0x0, 0x0, 0x0,
    0x0, 0xdf, 0xc0, 0x0, 0x0, 0x56, 0x66, 0x6e,
    0xfd, 0x66, 0x66, 0x2d, 0xff, 0xff, 0xff, 0xff,
    0xff, 0xf7, 0xdf, 0xff, 0xff, 0xff, 0xff, 0xff,
    0x70,

    /* U+006A "j" */
    0x0, 0x0, 0x0, 0x17, 0x60, 0x0, 0x0, 0x0,
    0xcf, 0xfa, 0x0, 0x0, 0x0, 0xef, 0xfc, 0x0,
    0x0, 0x0, 0x6e, 0xe4, 0x0, 0x0, 0x0, 0x0,
    0x0, 0x0, 0x0, 0x0, 0x0, 0x0, 0xdf, 0xff,
    0xff, 0xff, 0xf7, 0xdf, 0xff, 0xff, 0xff, 0xf7,
    0x56, 0x66, 0x66, 0x8f, 0xf7, 0x0, 0x0, 0x0,
    0x2f, 0xf7, 0x0, 0x0, 0x0, 0x2f, 0xf7, 0x0,
    0x0, 0x0, 0x2f, 0xf7, 0x0, 0x0, 0x0, 0x2f,
    0xf7, 0x0, 0x0, 0x0, 0x2f, 0xf7, 0x0, 0x0,
    0x0, 0x2f, 0xf7, 0x0, 0x0, 0x0, 0x2f, 0xf7,
    0x0, 0x0, 0x0, 0x2f, 0xf7, 0x0, 0x0, 0x0,
    0x2f, 0xf7, 0x0, 0x0, 0x0, 0x2f, 0xf7, 0x0,
    0x0, 0x0, 0x2f, 0xf7, 0x0, 0x0, 0x0, 0x3f,
    0xf6, 0x0, 0x0, 0x0, 0x5f, 0xf4, 0x0, 0x0,
    0x1, 0xdf, 0xf1, 0x46, 0x66, 0x8e, 0xff, 0x80,
    0xbf, 0xff, 0xff, 0xfb, 0x0, 0xbf, 0xff, 0xec,
    0x60, 0x0,

    /* U+006B "k" */
    0x9f, 0xf0, 0x0, 0x0, 0x0, 0x0, 0x9, 0xff,
    0x0, 0x0, 0x0, 0x0, 0x0, 0x9f, 0xf0, 0x0,
    0x0, 0x0, 0x0, 0x9, 0xff, 0x0, 0x0, 0x0,
    0x0, 0x0, 0x9f, 0xf0, 0x0, 0x0, 0x0, 0x0,
    0x9, 0xff, 0x0, 0x0, 0x0, 0xdf, 0xf1, 0x9f,
    0xf0, 0x0, 0x0, 0x7f, 0xf6, 0x9, 0xff, 0x0,
    0x0, 0x2f, 0xfc, 0x0, 0x9f, 0xf0, 0x0, 0xc,
    0xff, 0x20, 0x9, 0xff, 0x0, 0x6, 0xff, 0x80,
    0x0, 0x9f, 0xf0, 0x1, 0xff, 0xd0, 0x0, 0x9,
    0xff, 0xff, 0xff, 0xf3, 0x0, 0x0, 0x9f, 0xff,
    0xff, 0xff, 0x20, 0x0, 0x9, 0xff, 0x44, 0x6f,
    0xfb, 0x0, 0x0, 0x9f, 0xf0, 0x0, 0xaf, 0xf5,
    0x0, 0x9, 0xff, 0x0, 0x1, 0xff, 0xe0, 0x0,
    0x9f, 0xf0, 0x0, 0x7, 0xff, 0x80, 0x9, 0xff,
    0x0, 0x0, 0xd, 0xff, 0x20, 0x9f, 0xf0, 0x0,
    0x0, 0x4f, 0xfb, 0x9, 0xff, 0x0, 0x0, 0x0,
    0xaf, 0xf4,

    /* U+006C "l" */
    0x4f, 0xff, 0xff, 0xff, 0x30, 0x0, 0x0, 0x4,
    0xff, 0xff, 0xff, 0xf3, 0x0, 0x0, 0x0, 0x16,
    0x66, 0x69, 0xff, 0x30, 0x0, 0x0, 0x0, 0x0,
    0x0, 0x5f, 0xf3, 0x0, 0x0, 0x0, 0x0, 0x0,
    0x5, 0xff, 0x30, 0x0, 0x0, 0x0, 0x0, 0x0,
    0x5f, 0xf3, 0x0, 0x0, 0x0, 0x0, 0x0, 0x5,
    0xff, 0x30, 0x0, 0x0, 0x0, 0x0, 0x0, 0x5f,
    0xf3, 0x0, 0x0, 0x0, 0x0, 0x0, 0x5, 0xff,
    0x30, 0x0, 0x0, 0x0, 0x0, 0x0, 0x5f, 0xf3,
    0x0, 0x0, 0x0, 0x0, 0x0, 0x5, 0xff, 0x30,
    0x0, 0x0, 0x0, 0x0, 0x0, 0x5f, 0xf3, 0x0,
    0x0, 0x0, 0x0, 0x0, 0x5, 0xff, 0x30, 0x0,
    0x0, 0x0, 0x0, 0x0, 0x5f, 0xf3, 0x0, 0x0,
    0x0, 0x0, 0x0, 0x5, 0xff, 0x30, 0x0, 0x0,
    0x0, 0x0, 0x0, 0x5f, 0xf3, 0x0, 0x0, 0x0,
    0x0, 0x0, 0x4, 0xff, 0x60, 0x0, 0x0, 0x0,
    0x0, 0x0, 0xf, 0xff, 0x86, 0x66, 0x62, 0x0,
    0x0, 0x0, 0x6f, 0xff, 0xff, 0xff, 0x50, 0x0,
    0x0, 0x0, 0x5c, 0xff, 0xff, 0xf5,

    /* U+006D "m" */
    0x8f, 0xa5, 0xee, 0x80, 0x6e, 0xf9, 0x0, 0x8f,
    0xbf, 0xff, 0xf7, 0xff, 0xff, 0x80, 0x8f, 0xf5,
    0x1b, 0xff, 0x51, 0xbf, 0xe0, 0x8f, 0xd0, 0x4,
    0xfe, 0x0, 0x4f, 0xf1, 0x8f, 0xd0, 0x3, 0xfd,
    0x0, 0x3f, 0xf2, 0x8f, 0xd0, 0x3, 0xfd, 0x0,
    0x3f, 0xf2, 0x8f, 0xd0, 0x3, 0xfd, 0x0, 0x3f,
    0xf2, 0x8f, 0xd0, 0x3, 0xfd, 0x0, 0x3f, 0xf2,
    0x8f, 0xd0, 0x3, 0xfd, 0x0, 0x3f, 0xf2, 0x8f,
    0xd0, 0x3, 0xfd, 0x0, 0x3f, 0xf2, 0x8f, 0xd0,
    0x3, 0xfd, 0x0, 0x3f, 0xf2, 0x8f, 0xd0, 0x3,
    0xfd, 0x0, 0x3f, 0xf2, 0x8f, 0xd0, 0x3, 0xfd,
    0x0, 0x3f, 0xf2, 0x8f, 0xd0, 0x3, 0xfd, 0x0,
    0x3f, 0xf2, 0x8f, 0xd0, 0x3, 0xfd, 0x0, 0x3f,
    0xf2,

    /* U+006E "n" */
    0xbf, 0xd0, 0x6d, 0xfe, 0xa2, 0x0, 0xbf, 0xd7,
    0xff, 0xff, 0xff, 0x20, 0xbf, 0xde, 0x95, 0x5b,
    0xff, 0xc0, 0xbf, 0xf7, 0x0, 0x0, 0xcf, 0xf2,
    0xbf, 0xf0, 0x0, 0x0, 0x5f, 0xf4, 0xbf, 0xe0,
    0x0, 0x0, 0x3f, 0xf5, 0xbf, 0xd0, 0x0, 0x0,
    0x3f, 0xf5, 0xbf, 0xd0, 0x0, 0x0, 0x3f, 0xf5,
    0xbf, 0xd0, 0x0, 0x0, 0x3f, 0xf5, 0xbf, 0xd0,
    0x0, 0x0, 0x3f, 0xf5, 0xbf, 0xd0, 0x0, 0x0,
    0x3f, 0xf5, 0xbf, 0xd0, 0x0, 0x0, 0x3f, 0xf5,
    0xbf, 0xd0, 0x0, 0x0, 0x3f, 0xf5, 0xbf, 0xd0,
    0x0, 0x0, 0x3f, 0xf5, 0xbf, 0xd0, 0x0, 0x0,
    0x3f, 0xf5,

    /* U+006F "o" */
    0x0, 0x29, 0xdf, 0xfc, 0x70, 0x0, 0x5, 0xff,
    0xff, 0xff, 0xfc, 0x10, 0x2f, 0xff, 0x96, 0x7c,
    0xff, 0xa0, 0x8f, 0xf4, 0x0, 0x0, 0xbf, 0xf2,
    0xcf, 0xd0, 0x0, 0x0, 0x3f, 0xf6, 0xef, 0xa0,
    0x0, 0x0, 0x1f, 0xf7, 0xef, 0xa0, 0x0, 0x0,
    0xf, 0xf8, 0xef, 0xa0, 0x0, 0x0, 0xf, 0xf8,
    0xef, 0xa0, 0x0, 0x0, 0xf, 0xf8, 0xef, 0xa0,
    0x0, 0x0, 0x1f, 0xf7, 0xcf, 0xd0, 0x0, 0x0,
    0x3f, 0xf6, 0x8f, 0xf4, 0x0, 0x0, 0xbf, 0xf2,
    0x2f, 0xff, 0x96, 0x7c, 0xff, 0xa0, 0x5, 0xff,
    0xff, 0xff, 0xfc, 0x10, 0x0, 0x29, 0xef, 0xfc,
    0x70, 0x0,

    /* U+0070 "p" */
    0xbf, 0xd0, 0x5c, 0xfe, 0xa2, 0x0, 0xbf, 0xd7,
    0xff, 0xff, 0xff, 0x30, 0xbf, 0xde, 0xa6, 0x6b,
    0xff, 0xc0, 0xbf, 0xf7, 0x0, 0x0, 0xaf, 0xf2,
    0xbf, 0xf0, 0x0, 0x0, 0x4f, 0xf5, 0xbf, 0xe0,
    0x0, 0x0, 0x2f, 0xf6, 0xbf, 0xd0, 0x0, 0x0,
    0x2f, 0xf7, 0xbf, 0xd0, 0x0, 0x0, 0x2f, 0xf7,
    0xbf, 0xd0, 0x0, 0x0, 0x2f, 0xf7, 0xbf, 0xe0,
    0x0, 0x0, 0x2f, 0xf6, 0xbf, 0xf0, 0x0, 0x0,
    0x4f, 0xf5, 0xbf, 0xf7, 0x0, 0x0, 0xaf, 0xf2,
    0xbf, 0xde, 0x95, 0x6b, 0xff, 0xc0, 0xbf, 0xd7,
    0xff, 0xff, 0xff, 0x30, 0xbf, 0xd0, 0x6c, 0xfe,
    0xa2, 0x0, 0xbf, 0xd0, 0x0, 0x0, 0x0, 0x0,
    0xbf, 0xd0, 0x0, 0x0, 0x0, 0x0, 0xbf, 0xd0,
    0x0, 0x0, 0x0, 0x0, 0xbf, 0xd0, 0x0, 0x0,
    0x0, 0x0, 0xbf, 0xd0, 0x0, 0x0, 0x0, 0x0,

    /* U+0071 "q" */
    0x0, 0x6c, 0xfe, 0xa2, 0x3f, 0xf5, 0x8, 0xff,
    0xff, 0xfe, 0x5f, 0xf5, 0x3f, 0xff, 0x85, 0x7d,
    0xcf, 0xf5, 0x9f, 0xf3, 0x0, 0x0, 0xdf, 0xf5,
    0xcf, 0xd0, 0x0, 0x0, 0x6f, 0xf5, 0xdf, 0xb0,
    0x0, 0x0, 0x4f, 0xf5, 0xdf, 0xb0, 0x0, 0x0,
    0x4f, 0xf5, 0xdf, 0xb0, 0x0, 0x0, 0x4f, 0xf5,
    0xdf, 0xb0, 0x0, 0x0, 0x4f, 0xf5, 0xdf, 0xb0,
    0x0, 0x0, 0x4f, 0xf5, 0xcf, 0xd0, 0x0, 0x0,
    0x6f, 0xf5, 0x9f, 0xf3, 0x0, 0x0, 0xdf, 0xf5,
    0x3f, 0xff, 0x85, 0x6d, 0xcf, 0xf5, 0x9, 0xff,
    0xff, 0xfe, 0x5f, 0xf5, 0x0, 0x6c, 0xfe, 0xa2,
    0x4f, 0xf5, 0x0, 0x0, 0x0, 0x0, 0x4f, 0xf5,
    0x0, 0x0, 0x0, 0x0, 0x4f, 0xf5, 0x0, 0x0,
    0x0, 0x0, 0x4f, 0xf5, 0x0, 0x0, 0x0, 0x0,
    0x4f, 0xf5, 0x0, 0x0, 0x0, 0x0, 0x4f, 0xf5,

    /* U+0072 "r" */
    0x3f, 0xf5, 0x2a, 0xef, 0xd7, 0x0, 0x3f, 0xf6,
    0xdf, 0xff, 0xff, 0xb0, 0x3f, 0xfc, 0xe7, 0x58,
    0xef, 0xf5, 0x3f, 0xfe, 0x10, 0x0, 0x2f, 0xfa,
    0x3f, 0xf8, 0x0, 0x0, 0xc, 0xfd, 0x3f, 0xf6,
    0x0, 0x0, 0xa, 0xfe, 0x3f, 0xf6, 0x0, 0x0,
    0x6, 0xa9, 0x3f, 0xf6, 0x0, 0x0, 0x0, 0x0,
    0x3f, 0xf6, 0x0, 0x0, 0x0, 0x0, 0x3f, 0xf6,
    0x0, 0x0, 0x0, 0x0, 0x3f, 0xf6, 0x0, 0x0,
    0x0, 0x0, 0x3f, 0xf6, 0x0, 0x0, 0x0, 0x0,
    0x3f, 0xf6, 0x0, 0x0, 0x0, 0x0, 0x3f, 0xf6,
    0x0, 0x0, 0x0, 0x0, 0x3f, 0xf6, 0x0, 0x0,
    0x0, 0x0,

    /* U+0073 "s" */
    0x0, 0x7c, 0xff, 0xfe, 0xa3, 0x0, 0xc, 0xff,
    0xff, 0xff, 0xff, 0x50, 0x6f, 0xfa, 0x42, 0x26,
    0xef, 0xe0, 0xaf, 0xe0, 0x0, 0x0, 0x5e, 0xe3,
    0xaf, 0xd0, 0x0, 0x0, 0x0, 0x0, 0x8f, 0xf8,
    0x30, 0x0, 0x0, 0x0, 0x1f, 0xff, 0xff, 0xeb,
    0x82, 0x0, 0x3, 0xcf, 0xff, 0xff, 0xff, 0x60,
    0x0, 0x1, 0x46, 0x8b, 0xff, 0xf1, 0x0, 0x0,
    0x0, 0x0, 0x4f, 0xf5, 0x34, 0x20, 0x0, 0x0,
    0xf, 0xf7, 0xdf, 0xd0, 0x0, 0x0, 0x3f, 0xf6,
    0x9f, 0xfb, 0x53, 0x46, 0xef, 0xf2, 0x1d, 0xff,
    0xff, 0xff, 0xff, 0x80, 0x0, 0x8d, 0xff, 0xfe,
    0xb4, 0x0,

    /* U+0074 "t" */
    0x0, 0x0, 0xcf, 0xc0, 0x0, 0x0, 0x0, 0x0,
    0xc, 0xfc, 0x0, 0x0, 0x0, 0x0, 0x0, 0xcf,
    0xc0, 0x0, 0x0, 0x0, 0x0, 0xc, 0xfc, 0x0,
    0x0, 0x0, 0xdf, 0xff, 0xff, 0xff, 0xff, 0xff,
    0x9d, 0xff, 0xff, 0xff, 0xff, 0xff, 0xf9, 0x56,
    0x66, 0xdf, 0xe6, 0x66, 0x66, 0x40, 0x0, 0xc,
    0xfc, 0x0, 0x0, 0x0, 0x0, 0x0, 0xcf, 0xc0,
    0x0, 0x0, 0x0, 0x0, 0xc, 0xfc, 0x0, 0x0,
    0x0, 0x0, 0x0, 0xcf, 0xc0, 0x0, 0x0, 0x0,
    0x0, 0xc, 0xfc, 0x0, 0x0, 0x0, 0x0, 0x0,
    0xcf, 0xc0, 0x0, 0x0, 0x0, 0x0, 0xc, 0xfc,
    0x0, 0x0, 0x0, 0x0, 0x0, 0xcf, 0xc0, 0x0,
    0x0, 0x0, 0x0, 0xb, 0xfe, 0x0, 0x0, 0x0,
    0x0, 0x0, 0x8f, 0xfb, 0x66, 0x66, 0x30, 0x0,
    0x1, 0xef, 0xff, 0xff, 0xf7, 0x0, 0x0, 0x2,
    0xae, 0xff, 0xff, 0x70,

    /* U+0075 "u" */
    0xcf, 0xd0, 0x0, 0x0, 0x3f, 0xf5, 0xcf, 0xd0,
    0x0, 0x0, 0x3f, 0xf5, 0xcf, 0xd0, 0x0, 0x0,
    0x3f, 0xf5, 0xcf, 0xd0, 0x0, 0x0, 0x3f, 0xf5,
    0xcf, 0xd0, 0x0, 0x0, 0x3f, 0xf5, 0xcf, 0xd0,
    0x0, 0x0, 0x3f, 0xf5, 0xcf, 0xd0, 0x0, 0x0,
    0x3f, 0xf5, 0xcf, 0xd0, 0x0, 0x0, 0x3f, 0xf5,
    0xcf, 0xd0, 0x0, 0x0, 0x3f, 0xf5, 0xbf, 0xd0,
    0x0, 0x0, 0x3f, 0xf5, 0xaf, 0xf0, 0x0, 0x0,
    0x6f, 0xf4, 0x6f, 0xf7, 0x0, 0x0, 0xdf, 0xf0,
    0xe, 0xff, 0xa6, 0x7d, 0xff, 0x80, 0x4, 0xff,
    0xff, 0xff, 0xfb, 0x0, 0x0, 0x29, 0xdf, 0xfc,
    0x60, 0x0,

    /* U+0076 "v" */
    0x8f, 0xf2, 0x0, 0x0, 0x0, 0x9f, 0xf2, 0x3f,
    0xf7, 0x0, 0x0, 0x0, 0xdf, 0xd0, 0xe, 0xfc,
    0x0, 0x0, 0x2, 0xff, 0x80, 0x9, 0xff, 0x10,
    0x0, 0x7, 0xff, 0x30, 0x4, 0xff, 0x60, 0x0,
    0xc, 0xfd, 0x0, 0x0, 0xef, 0xb0, 0x0, 0x1f,
    0xf8, 0x0, 0x0, 0x9f, 0xf0, 0x0, 0x6f, 0xf3,
    0x0, 0x0, 0x4f, 0xf5, 0x0, 0xbf, 0xe0, 0x0,
    0x0, 0xe, 0xfa, 0x0, 0xff, 0x90, 0x0, 0x0,
    0xa, 0xff, 0x5, 0xff, 0x30, 0x0, 0x0, 0x5,
    0xff, 0x49, 0xfe, 0x0, 0x0, 0x0, 0x0, 0xff,
    0x8d, 0xf9, 0x0, 0x0, 0x0, 0x0, 0xaf, 0xdf,
    0xf4, 0x0, 0x0, 0x0, 0x0, 0x5f, 0xff, 0xe0,
    0x0, 0x0, 0x0, 0x0, 0xf, 0xff, 0xa0, 0x0,
    0x0,

    /* U+0077 "w" */
    0x3f, 0xf0, 0x0, 0x8f, 0xf1, 0x0, 0x4f, 0xc1,
    0xff, 0x10, 0xa, 0xff, 0x40, 0x6, 0xfa, 0xe,
    0xf3, 0x0, 0xde, 0xf6, 0x0, 0x8f, 0x70, 0xcf,
    0x50, 0xf, 0xaf, 0x90, 0xb, 0xf5, 0x9, 0xf8,
    0x2, 0xf7, 0xec, 0x0, 0xdf, 0x20, 0x7f, 0xa0,
    0x5f, 0x5c, 0xe0, 0xf, 0xf0, 0x4, 0xfc, 0x8,
    0xf2, 0x9f, 0x11, 0xfd, 0x0, 0x2f, 0xe0, 0xaf,
    0x7, 0xf4, 0x4f, 0xa0, 0x0, 0xff, 0xd, 0xd0,
    0x4f, 0x76, 0xf8, 0x0, 0xd, 0xf3, 0xfb, 0x2,
    0xf9, 0x8f, 0x50, 0x0, 0xaf, 0x7f, 0x80, 0xf,
    0xca, 0xf3, 0x0, 0x8, 0xfb, 0xf5, 0x0, 0xde,
    0xcf, 0x0, 0x0, 0x5f, 0xef, 0x30, 0xa, 0xfe,
    0xe0, 0x0, 0x3, 0xff, 0xf0, 0x0, 0x8f, 0xfb,
    0x0, 0x0, 0x1f, 0xfe, 0x0, 0x5, 0xff, 0x90,
    0x0,

    /* U+0078 "x" */
    0x2f, 0xfd, 0x0, 0x0, 0x3, 0xff, 0xc0, 0x7,
    0xff, 0x70, 0x0, 0xc, 0xff, 0x20, 0x0, 0xdf,
    0xf1, 0x0, 0x6f, 0xf7, 0x0, 0x0, 0x3f, 0xfa,
    0x1, 0xff, 0xc0, 0x0, 0x0, 0x8, 0xff, 0x3a,
    0xff, 0x30, 0x0, 0x0, 0x0, 0xdf, 0xdf, 0xf8,
    0x0, 0x0, 0x0, 0x0, 0x3f, 0xff, 0xd0, 0x0,
    0x0, 0x0, 0x0, 0xe, 0xff, 0x80, 0x0, 0x0,
    0x0, 0x0, 0x8f, 0xff, 0xf2, 0x0, 0x0, 0x0,
    0x3, 0xff, 0x9e, 0xfc, 0x0, 0x0, 0x0, 0xd,
    0xfe, 0x16, 0xff, 0x70, 0x0, 0x0, 0x8f, 0xf5,
    0x0, 0xcf, 0xf2, 0x0, 0x2, 0xff, 0xc0, 0x0,
    0x2f, 0xfc, 0x0, 0xc, 0xff, 0x20, 0x0, 0x8,
    0xff, 0x60, 0x7f, 0xf8, 0x0, 0x0, 0x0, 0xef,
    0xf2,

    /* U+0079 "y" */
    0x8f, 0xf3, 0x0, 0x0, 0x0, 0x9f, 0xf2, 0x2f,
    0xf9, 0x0, 0x0, 0x0, 0xef, 0xc0, 0xc, 0xfe,
    0x0, 0x0, 0x3, 0xff, 0x70, 0x6, 0xff, 0x40,
    0x0, 0x9, 0xff, 0x10, 0x0, 0xff, 0xa0, 0x0,
    0xe, 0xfb, 0x0, 0x0, 0xaf, 0xf0, 0x0, 0x4f,
    0xf6, 0x0, 0x0, 0x4f, 0xf6, 0x0, 0x9f, 0xf0,
    0x0, 0x0, 0xe, 0xfb, 0x0, 0xef, 0xa0, 0x0,
    0x0, 0x8, 0xff, 0x14, 0xff, 0x40, 0x0, 0x0,
    0x2, 0xff, 0x79, 0xfe, 0x0, 0x0, 0x0, 0x0,
    0xcf, 0xce, 0xf9, 0x0, 0x0, 0x0, 0x0, 0x6f,
    0xff, 0xf3, 0x0, 0x0, 0x0, 0x0, 0xf, 0xff,
    0xe0, 0x0, 0x0, 0x0, 0x0, 0xa, 0xff, 0x80,
    0x0, 0x0, 0x0, 0x0, 0x8, 0xff, 0x20, 0x0,
    0x0, 0x0, 0x0, 0xd, 0xfd, 0x0, 0x0, 0x0,
    0x0, 0x0, 0x3f, 0xf7, 0x0, 0x0, 0x0, 0x0,
    0x0, 0x9f, 0xf2, 0x0, 0x0, 0x0, 0x0, 0x0,
    0xef, 0xc0, 0x0, 0x0, 0x0, 0x0, 0x4, 0xff,
    0x60, 0x0, 0x0, 0x0,

    /* U+007A "z" */
    0x8f, 0xff, 0xff, 0xff, 0xff, 0xf0, 0x8f, 0xff,
    0xff, 0xff, 0xff, 0xf0, 0x36, 0x66, 0x66, 0x67,
    0xff, 0xf0, 0x0, 0x0, 0x0, 0xb, 0xff, 0x50,
    0x0, 0x0, 0x0, 0x8f, 0xf8, 0x0, 0x0, 0x0,
    0x4, 0xff, 0xb0, 0x0, 0x0, 0x0, 0x2f, 0xfd,
    0x10, 0x0, 0x0, 0x0, 0xdf, 0xf2, 0x0, 0x0,
    0x0, 0xa, 0xff, 0x50, 0x0, 0x0, 0x0, 0x7f,
    0xf8, 0x0, 0x0, 0x0, 0x3, 0xff, 0xb0, 0x0,
    0x0, 0x0, 0x1e, 0xfd, 0x10, 0x0, 0x0, 0x0,
    0xaf, 0xf9, 0x66, 0x66, 0x66, 0x62, 0xbf, 0xff,
    0xff, 0xff, 0xff, 0xf5, 0xbf, 0xff, 0xff, 0xff,
    0xff, 0xf5,

    /* U+007B "{" */
    0x0, 0x0, 0x0, 0x1, 0x9d, 0xff, 0x30, 0x0,
    0x0, 0x2, 0xef, 0xff, 0xf3, 0x0, 0x0, 0x0,
    0xbf, 0xfc, 0x76, 0x10, 0x0, 0x0, 0xf, 0xfd,
    0x0, 0x0, 0x0, 0x0, 0x0, 0xef, 0xa0, 0x0,
    0x0, 0x0, 0x0, 0xd, 0xfb, 0x0, 0x0, 0x0,
    0x0, 0x0, 0xcf, 0xd0, 0x0, 0x0, 0x0, 0x0,
    0xa, 0xfe, 0x0, 0x0, 0x0, 0x0, 0x0, 0x9f,
    0xf0, 0x0, 0x0, 0x0, 0x0, 0x9, 0xff, 0x0,
    0x0, 0x0, 0x0, 0x4, 0xff, 0xa0, 0x0, 0x1,
    0xff, 0xff, 0xfe, 0x80, 0x0, 0x0, 0x1f, 0xff,
    0xff, 0xa4, 0x0, 0x0, 0x0, 0x66, 0x66, 0xaf,
    0xf5, 0x0, 0x0, 0x0, 0x0, 0x0, 0xbf, 0xe0,
    0x0, 0x0, 0x0, 0x0, 0x9, 0xff, 0x0, 0x0,
    0x0, 0x0, 0x0, 0x9f, 0xf0, 0x0, 0x0, 0x0,
    0x0, 0xb, 0xfe, 0x0, 0x0, 0x0, 0x0, 0x0,
    0xcf, 0xc0, 0x0, 0x0, 0x0, 0x0, 0xe, 0xfb,
    0x0, 0x0, 0x0, 0x0, 0x0, 0xff, 0xa0, 0x0,
    0x0, 0x0, 0x0, 0xe, 0xfd, 0x0, 0x0, 0x0,
    0x0, 0x0, 0xaf, 0xfc, 0x76, 0x10, 0x0, 0x0,
    0x2, 0xef, 0xff, 0xf3, 0x0, 0x0, 0x0, 0x1,
    0x9d, 0xff, 0x30,

    /* U+007C "|" */
    0x7f, 0xf1, 0x7f, 0xf1, 0x7f, 0xf1, 0x7f, 0xf1,
    0x7f, 0xf1, 0x7f, 0xf1, 0x7f, 0xf1, 0x7f, 0xf1,
    0x7f, 0xf1, 0x7f, 0xf1, 0x7f, 0xf1, 0x7f, 0xf1,
    0x7f, 0xf1, 0x7f, 0xf1, 0x7f, 0xf1, 0x7f, 0xf1,
    0x7f, 0xf1, 0x7f, 0xf1, 0x7f, 0xf1, 0x7f, 0xf1,
    0x7f, 0xf1, 0x7f, 0xf1, 0x7f, 0xf1, 0x7f, 0xf1,
    0x7f, 0xf1,

    /* U+007D "}" */
    0x9f, 0xec, 0x60, 0x0, 0x0, 0x0, 0x9f, 0xff,
    0xfb, 0x0, 0x0, 0x0, 0x36, 0x8e, 0xff, 0x50,
    0x0, 0x0, 0x0, 0x2, 0xff, 0x80, 0x0, 0x0,
    0x0, 0x0, 0xff, 0x80, 0x0, 0x0, 0x0, 0x2,
    0xff, 0x50, 0x0, 0x0, 0x0, 0x5, 0xff, 0x30,
    0x0, 0x0, 0x0, 0x7, 0xff, 0x10, 0x0, 0x0,
    0x0, 0x9, 0xff, 0x0, 0x0, 0x0, 0x0, 0xa,
    0xff, 0x0, 0x0, 0x0, 0x0, 0x5, 0xff, 0x71,
    0x0, 0x0, 0x0, 0x0, 0x6e, 0xff, 0xff, 0xfb,
    0x0, 0x0, 0x3b, 0xff, 0xff, 0xfb, 0x0, 0x2,
    0xff, 0xd7, 0x66, 0x64, 0x0, 0x8, 0xff, 0x10,
    0x0, 0x0, 0x0, 0xa, 0xfe, 0x0, 0x0, 0x0,
    0x0, 0x9, 0xff, 0x0, 0x0, 0x0, 0x0, 0x6,
    0xff, 0x20, 0x0, 0x0, 0x0, 0x4, 0xff, 0x40,
    0x0, 0x0, 0x0, 0x2, 0xff, 0x60, 0x0, 0x0,
    0x0, 0x0, 0xff, 0x80, 0x0, 0x0, 0x0, 0x3,
    0xff, 0x80, 0x0, 0x0, 0x36, 0x8e, 0xff, 0x40,
    0x0, 0x0, 0x9f, 0xff, 0xfa, 0x0, 0x0, 0x0,
    0x9f, 0xec, 0x60, 0x0, 0x0, 0x0,

    /* U+007E "~" */
    0x0, 0x9e, 0xfb, 0x10, 0x0, 0x5c, 0xa0, 0x9f,
    0xff, 0xfe, 0x10, 0x7, 0xfe, 0x1f, 0xf8, 0x4d,
    0xfb, 0x0, 0x7f, 0xd3, 0xff, 0x10, 0x3f, 0xf9,
    0x3c, 0xfb, 0x4f, 0xf1, 0x0, 0x6f, 0xff, 0xff,
    0x33, 0xcc, 0x0, 0x0, 0x6d, 0xfd, 0x50,

    /* U+00A0 " " */

    /* U+00A1 "¡" */
    0xa, 0xfe, 0x52, 0xff, 0xfb, 0xe, 0xff, 0x80,
    0x14, 0x30, 0x0, 0x0, 0x0, 0x0, 0x0, 0x4,
    0xba, 0x0, 0x6f, 0xf0, 0x6, 0xff, 0x0, 0x6f,
    0xf0, 0x7, 0xff, 0x0, 0x7f, 0xf1, 0x8, 0xff,
    0x10, 0x8f, 0xf1, 0x8, 0xff, 0x20, 0x9f, 0xf2,
    0x9, 0xff, 0x30, 0xaf, 0xf3, 0xa, 0xff, 0x30,
    0xaf, 0xf4,

    /* U+00A2 "¢" */
    0x0, 0x0, 0x3, 0x20, 0x0, 0x0, 0x0, 0x0,
    0xe, 0xb0, 0x0, 0x0, 0x0, 0x0, 0xe, 0xb0,
    0x0, 0x0, 0x0, 0x0, 0xe, 0xb0, 0x0, 0x0,
    0x0, 0x4, 0x9f, 0xe9, 0x40, 0x0, 0x1, 0xcf,
    0xff, 0xff, 0xfc, 0x10, 0xc, 0xff, 0xef, 0xee,
    0xff, 0xc0, 0x5f, 0xfa, 0xe, 0xb0, 0xaf, 0xf5,
    0xaf, 0xf1, 0xe, 0xb0, 0x1f, 0xf9, 0xcf, 0xd0,
    0xe, 0xb0, 0x5, 0x64, 0xcf, 0xc0, 0xe, 0xb0,
    0x0, 0x0, 0xcf, 0xc0, 0xe, 0xb0, 0x0, 0x0,
    0xcf, 0xc0, 0xe, 0xb0, 0x0, 0x0, 0xcf, 0xc0,
    0xe, 0xb0, 0x0, 0x0, 0xcf, 0xd0, 0xe, 0xb0,
    0x9, 0xa6, 0x9f, 0xf2, 0xe, 0xb0, 0x2f, 0xf8,
    0x3f, 0xfd, 0x2e, 0xb2, 0xcf, 0xf3, 0xa, 0xff,
    0xff, 0xff, 0xff, 0xa0, 0x0, 0x8f, 0xff, 0xff,
    0xf8, 0x0, 0x0, 0x1, 0x5f, 0xd5, 0x10, 0x0,
    0x0, 0x0, 0xe, 0xb0, 0x0, 0x0, 0x0, 0x0,
    0xe, 0xb0, 0x0, 0x0, 0x0, 0x0, 0xe, 0xb0,
    0x0, 0x0,

    /* U+00A3 "£" */
    0x0, 0x2, 0xae, 0xff, 0xc7, 0x0, 0x0, 0x6,
    0xff, 0xff, 0xff, 0xfd, 0x10, 0x3, 0xff, 0xf9,
    0x67, 0xdf, 0xfc, 0x0, 0xaf, 0xf4, 0x0, 0x0,
    0xcf, 0xf3, 0xd, 0xfd, 0x0, 0x0, 0x5, 0xff,
    0x60, 0xdf, 0xb0, 0x0, 0x0, 0x4, 0x42, 0xb,
    0xfe, 0x0, 0x0, 0x0, 0x0, 0x0, 0x5f, 0xf5,
    0x0, 0x0, 0x0, 0x0, 0x0, 0xdf, 0xe0, 0x0,
    0x0, 0x0, 0x0, 0x49, 0xff, 0x94, 0x44, 0x41,
    0x0, 0x1f, 0xff, 0xff, 0xff, 0xff, 0x50, 0x1,
    0xff, 0xff, 0xff, 0xff, 0xf5, 0x0, 0x0, 0x4,
    0xff, 0x40, 0x0, 0x0, 0x0, 0x0, 0x4f, 0xf4,
    0x0, 0x0, 0x0, 0x0, 0xa, 0xff, 0x0, 0x0,
    0x0, 0x0, 0x6, 0xff, 0x80, 0x0, 0x0, 0x0,
    0x6, 0xff, 0xb0, 0x0, 0x0, 0x0, 0x0, 0xff,
    0xd6, 0x66, 0x66, 0x66, 0x65, 0xf, 0xff, 0xff,
    0xff, 0xff, 0xff, 0xe0, 0xff, 0xff, 0xff, 0xff,
    0xff, 0xfe,

    /* U+00A4 "¤" */
    0x4, 0x0, 0x0, 0x0, 0x0, 0x2, 0x0, 0x5f,
    0xc0, 0x0, 0x0, 0x0, 0x2e, 0xb0, 0x8f, 0xfc,
    0x7c, 0xfe, 0xb5, 0xdf, 0xf3, 0x9, 0xff, 0xff,
    0xff, 0xff, 0xff, 0x50, 0x0, 0xdf, 0xd4, 0x1,
    0x7f, 0xf8, 0x0, 0x2, 0xff, 0x20, 0x0, 0x8,
    0xfc, 0x0, 0x6, 0xfa, 0x0, 0x0, 0x0, 0xff,
    0x0, 0x7, 0xf8, 0x0, 0x0, 0x0, 0xef, 0x10,
    0x6, 0xfa, 0x0, 0x0, 0x1, 0xff, 0x0, 0x2,
    0xff, 0x20, 0x0, 0x8, 0xfb, 0x0, 0x0, 0xdf,
    0xe5, 0x12, 0x8f, 0xf7, 0x0, 0x9, 0xff, 0xff,
    0xff, 0xff, 0xff, 0x40, 0x8f, 0xfa, 0x6c, 0xed,
    0xa5, 0xef, 0xf3, 0x3f, 0xb0, 0x0, 0x0, 0x0,
    0x2e, 0xc0, 0x3, 0x0, 0x0, 0x0, 0x0, 0x2,
    0x10,

    /* U+00A5 "¥" */
    0xe, 0xfc, 0x0, 0x0, 0x0, 0x1, 0xff, 0x80,
    0x8f, 0xf3, 0x0, 0x0, 0x0, 0x8f, 0xf1, 0x1,
    0xff, 0xa0, 0x0, 0x0, 0xe, 0xfa, 0x0, 0xa,
    0xff, 0x10, 0x0, 0x6, 0xff, 0x30, 0x0, 0x3f,
    0xf7, 0x0, 0x0, 0xcf, 0xc0, 0x0, 0x0, 0xcf,
    0xe0, 0x0, 0x3f, 0xf5, 0x0, 0x0, 0x5, 0xff,
    0x50, 0xa, 0xfe, 0x0, 0x0, 0x0, 0xe, 0xfc,
    0x1, 0xff, 0x80, 0x0, 0x0, 0x0, 0x7f, 0xf2,
    0x7f, 0xf1, 0x0, 0x0, 0x0, 0x1, 0xff, 0x8d,
    0xfa, 0x0, 0x0, 0x0, 0x11, 0x1a, 0xff, 0xff,
    0x41, 0x11, 0x0, 0x7f, 0xff, 0xff, 0xff, 0xff,
    0xff, 0xf0, 0x7, 0xff, 0xff, 0xff, 0xff, 0xff,
    0xff, 0x0, 0x0, 0x0, 0x7, 0xff, 0x10, 0x0,
    0x0, 0x0, 0x22, 0x22, 0x8f, 0xf3, 0x22, 0x22,
    0x0, 0x7f, 0xff, 0xff, 0xff, 0xff, 0xff, 0xf0,
    0x7, 0xff, 0xff, 0xff, 0xff, 0xff, 0xff, 0x0,
    0x0, 0x0, 0x7, 0xff, 0x10, 0x0, 0x0, 0x0,
    0x0, 0x0, 0x7f, 0xf1, 0x0, 0x0, 0x0, 0x0,
    0x0, 0x7, 0xff, 0x10, 0x0, 0x0,

    /* U+00A6 "¦" */
    0x13, 0x30, 0x7f, 0xf1, 0x7f, 0xf1, 0x7f, 0xf1,
    0x7f, 0xf1, 0x7f, 0xf1, 0x7f, 0xf1, 0x7f, 0xf1,
    0x7f, 0xf1, 0x7f, 0xf1, 0x7f, 0xf1, 0x0, 0x0,
    0x0, 0x0, 0x0, 0x0, 0x0, 0x0, 0x13, 0x30,
    0x7f, 0xf1, 0x7f, 0xf1, 0x7f, 0xf1, 0x7f, 0xf1,
    0x7f, 0xf1, 0x7f, 0xf1, 0x7f, 0xf1, 0x7f, 0xf1,
    0x7f, 0xf1, 0x7f, 0xf1,

    /* U+00A7 "§" */
    0x0, 0x6, 0xcf, 0xff, 0xeb, 0x40, 0x0, 0xb,
    0xff, 0xff, 0xff, 0xff, 0x70, 0x6, 0xff, 0xd6,
    0x44, 0x7e, 0xff, 0x20, 0xbf, 0xf1, 0x0, 0x0,
    0x4e, 0xe6, 0xc, 0xfc, 0x0, 0x0, 0x0, 0x0,
    0x0, 0xaf, 0xf1, 0x0, 0x0, 0x0, 0x0, 0x3,
    0xff, 0xd6, 0x30, 0x0, 0x0, 0x0, 0x6, 0xff,
    0xff, 0xfc, 0x71, 0x0, 0x0, 0x18, 0xff, 0xff,
    0xff, 0xe3, 0x0, 0x1e, 0xfb, 0x33, 0x6a, 0xff,
    0xe0, 0x9, 0xff, 0x10, 0x0, 0x7, 0xff, 0x60,
    0xcf, 0xc0, 0x0, 0x0, 0xf, 0xf9, 0xd, 0xfc,
    0x0, 0x0, 0x0, 0xff, 0x80, 0x9f, 0xf2, 0x0,
    0x0, 0x3f, 0xf4, 0x2, 0xff, 0xe7, 0x41, 0x2c,
    0xf8, 0x0, 0x4, 0xef, 0xff, 0xff, 0xe6, 0x0,
    0x0, 0x1, 0x7b, 0xef, 0xff, 0xf9, 0x0, 0x0,
    0x0, 0x0, 0x15, 0xef, 0xf4, 0x0, 0x0, 0x0,
    0x0, 0x2, 0xff, 0x90, 0x22, 0x10, 0x0, 0x0,
    0xe, 0xfb, 0xf, 0xfc, 0x0, 0x0, 0x2, 0xff,
    0x90, 0xbf, 0xfb, 0x54, 0x47, 0xef, 0xf4, 0x2,
    0xef, 0xff, 0xff, 0xff, 0xf8, 0x0, 0x1, 0x8d,
    0xff, 0xfe, 0xb4, 0x0,

    /* U+00A8 "¨" */
    0x17, 0x60, 0x0, 0x17, 0x50, 0xaf, 0xf6, 0x0,
    0xdf, 0xf4, 0xcf, 0xf8, 0x0, 0xff, 0xf6, 0x5e,
    0xd2, 0x0, 0x7f, 0xc1,

    /* U+00A9 "©" */
    0x0, 0x0, 0x0, 0x0, 0x0, 0x0, 0x0, 0x0,
    0x4, 0xae, 0xff, 0xd8, 0x10, 0x0, 0x0, 0x9f,
    0xb6, 0x45, 0x8e, 0xf4, 0x0, 0x9, 0xf5, 0x0,
    0x0, 0x0, 0xaf, 0x30, 0x2f, 0x70, 0x0, 0x0,
    0x0, 0xd, 0xc0, 0x8e, 0x0, 0x2b, 0xee, 0x91,
    0x5, 0xf2, 0xbb, 0x0, 0xdf, 0xab, 0xfb, 0x1,
    0xf5, 0xd9, 0x3, 0xf9, 0x0, 0xbf, 0x10, 0xf6,
    0xd9, 0x5, 0xf6, 0x0, 0x1, 0x0, 0xf7, 0xd9,
    0x5, 0xf6, 0x0, 0x0, 0x0, 0xf7, 0xd9, 0x5,
    0xf6, 0x0, 0x0, 0x0, 0xf7, 0xd9, 0x5, 0xf7,
    0x0, 0x59, 0x10, 0xf6, 0xba, 0x2, 0xfc, 0x12,
    0xef, 0x1, 0xf5, 0x9e, 0x0, 0x8f, 0xff, 0xf6,
    0x4, 0xf3, 0x3f, 0x50, 0x3, 0x77, 0x20, 0xb,
    0xd0, 0xb, 0xe3, 0x0, 0x0, 0x0, 0x8f, 0x50,
    0x1, 0xcf, 0x93, 0x12, 0x5c, 0xf7, 0x0, 0x0,
    0x7, 0xdf, 0xff, 0xfb, 0x40, 0x0, 0x0, 0x0,
    0x1, 0x32, 0x0, 0x0, 0x0,

    /* U+00AA "ª" */
    0x2, 0xbe, 0xea, 0x10, 0xdb, 0x33, 0xdc, 0x1,
    0x0, 0x7, 0xf0, 0x7d, 0xff, 0xff, 0x5f, 0x52,
    0x28, 0xf6, 0xf2, 0x1, 0xbf, 0xb, 0xff, 0xb7,
    0xf0, 0x0, 0x10, 0x1,

    /* U+00AB "«" */
    0x0, 0x0, 0x9, 0xdd, 0x20, 0x6, 0xdd, 0x50,
    0x0, 0x6, 0xff, 0x70, 0x3, 0xff, 0xa0, 0x0,
    0x3, 0xff, 0xb0, 0x1, 0xef, 0xd0, 0x0, 0x1,
    0xdf, 0xd0, 0x0, 0xbf, 0xf2, 0x0, 0x0, 0xbf,
    0xf2, 0x0, 0x7f, 0xf5, 0x0, 0x0, 0x7f, 0xf5,
    0x0, 0x3f, 0xf8, 0x0, 0x0, 0x1f, 0xfb, 0x0,
    0xd, 0xfe, 0x0, 0x0, 0x0, 0x9f, 0xf4, 0x0,
    0x5f, 0xf7, 0x0, 0x0, 0x0, 0xcf, 0xe1, 0x0,
    0x9f, 0xf4, 0x0, 0x0, 0x1, 0xef, 0xc0, 0x0,
    0xcf, 0xe1, 0x0, 0x0, 0x4, 0xff, 0x90, 0x2,
    0xef, 0xc0, 0x0, 0x0, 0x8, 0xff, 0x50, 0x4,
    0xff, 0x90, 0x0, 0x0, 0xc, 0xff, 0x20, 0x8,
    0xff, 0x50,

    /* U+00AC "¬" */
    0x26, 0x66, 0x66, 0x66, 0x66, 0x66, 0xff, 0xff,
    0xff, 0xff, 0xff, 0x6f, 0xff, 0xff, 0xff, 0xff,
    0xf0, 0x0, 0x0, 0x0, 0x7, 0xff, 0x0, 0x0,
    0x0, 0x0, 0x7f, 0xf0, 0x0, 0x0, 0x0, 0x7,
    0xff, 0x0, 0x0, 0x0, 0x0, 0x38, 0x80,

    /* U+00AD "­" */
    0x26, 0x66, 0x66, 0x66, 0x55, 0xff, 0xff, 0xff,
    0xff, 0x5f, 0xff, 0xff, 0xff, 0xf0,

    /* U+00AE "®" */
    0x0, 0x0, 0x0, 0x0, 0x0, 0x0, 0x0, 0x0,
    0x4, 0xae, 0xff, 0xd8, 0x10, 0x0, 0x0, 0x9f,
    0xb6, 0x45, 0x8e, 0xf4, 0x0, 0x9, 0xf5, 0x0,
    0x0, 0x0, 0xaf, 0x30, 0x2f, 0x70, 0x11, 0x10,
    0x0, 0xd, 0xc0, 0x8e, 0x1, 0xff, 0xff, 0xb1,
    0x5, 0xf2, 0xbb, 0x1, 0xfa, 0x46, 0xfb, 0x1,
    0xf5, 0xd9, 0x1, 0xf8, 0x0, 0xbf, 0x0, 0xf6,
    0xd9, 0x1, 0xf9, 0x14, 0xed, 0x0, 0xf7, 0xd9,
    0x1, 0xff, 0xff, 0xe3, 0x0, 0xf7, 0xd9, 0x1,
    0xfa, 0x5f, 0xa0, 0x0, 0xf7, 0xd9, 0x1, 0xf8,
    0xa, 0xf1, 0x0, 0xf6, 0xba, 0x1, 0xf8, 0x4,
    0xf6, 0x1, 0xf5, 0x9e, 0x1, 0xf8, 0x0, 0xed,
    0x4, 0xf3, 0x3f, 0x50, 0x52, 0x0, 0x35, 0xb,
    0xd0, 0xb, 0xe3, 0x0, 0x0, 0x0, 0x8f, 0x50,
    0x1, 0xcf, 0x93, 0x12, 0x5c, 0xf7, 0x0, 0x0,
    0x7, 0xdf, 0xff, 0xfb, 0x40, 0x0, 0x0, 0x0,
    0x1, 0x32, 0x0, 0x0, 0x0,

    /* U+00AF "¯" */
    0x2, 0x22, 0x22, 0x22, 0x20, 0x7f, 0xff, 0xff,
    0xff, 0xf0, 0x7f, 0xff, 0xff, 0xff, 0xf0,

    /* U+00B0 "°" */
    0x0, 0x5c, 0xfe, 0xa1, 0x0, 0x6f, 0xfa, 0xcf,
    0xe1, 0xe, 0xf2, 0x0, 0x8f, 0x82, 0xfb, 0x0,
    0x1, 0xfb, 0x2f, 0xb0, 0x0, 0x2f, 0xb0, 0xef,
    0x20, 0x8, 0xf8, 0x6, 0xff, 0xbc, 0xfe, 0x10,
    0x5, 0xcf, 0xea, 0x10,

    /* U+00B1 "±" */
    0x0, 0x0, 0x3, 0x88, 0x0, 0x0, 0x0, 0x0,
    0x0, 0x7f, 0xf1, 0x0, 0x0, 0x0, 0x0, 0x7,
    0xff, 0x10, 0x0, 0x0, 0x0, 0x0, 0x7f, 0xf1,
    0x0, 0x0, 0x0, 0x0, 0x7, 0xff, 0x10, 0x0,
    0x0, 0x0, 0x0, 0x7f, 0xf1, 0x0, 0x0, 0x5f,
    0xff, 0xff, 0xff, 0xff, 0xff, 0xf5, 0xff, 0xff,
    0xff, 0xff, 0xff, 0xff, 0x26, 0x66, 0x6a, 0xff,
    0x76, 0x66, 0x60, 0x0, 0x0, 0x7f, 0xf1, 0x0,
    0x0, 0x0, 0x0, 0x7, 0xff, 0x10, 0x0, 0x0,
    0x0, 0x0, 0x7f, 0xf1, 0x0, 0x0, 0x0, 0x0,
    0x7, 0xff, 0x10, 0x0, 0x0, 0x0, 0x0, 0x7f,
    0xf1, 0x0, 0x0, 0x3f, 0xff, 0xff, 0xff, 0xff,
    0xff, 0xd3, 0xff, 0xff, 0xff, 0xff, 0xff, 0xfd,

    /* U+00B2 "²" */
    0x0, 0x4c, 0xfe, 0xa2, 0x0, 0x5f, 0xfc, 0xdf,
    0xf2, 0xe, 0xf4, 0x0, 0x9f, 0xa1, 0xda, 0x0,
    0x2, 0xfd, 0x0, 0x0, 0x0, 0x4f, 0xb0, 0x0,
    0x0, 0x1e, 0xf5, 0x0, 0x0, 0x2e, 0xf8, 0x0,
    0x0, 0x4f, 0xf7, 0x0, 0x0, 0x5f, 0xf5, 0x0,
    0x0, 0x7f, 0xe3, 0x0, 0x0, 0xf, 0xfd, 0xcc,
    0xcc, 0xb0, 0xff, 0xff, 0xff, 0xfe,

    /* U+00B3 "³" */
    0xd, 0xff, 0xff, 0xff, 0xa0, 0xa, 0xcc, 0xcc,
    0xef, 0xa0, 0x0, 0x0, 0x5, 0xfc, 0x10, 0x0,
    0x0, 0x8f, 0xa0, 0x0, 0x0, 0x3, 0xff, 0x71,
    0x0, 0x0, 0x3, 0xdf, 0xfe, 0x20, 0x0, 0x0,
    0x0, 0x9f, 0xb0, 0x0, 0x0, 0x0, 0xf, 0xf0,
    0x5e, 0x80, 0x0, 0xf, 0xf0, 0x2f, 0xe2, 0x0,
    0x8f, 0xc0, 0x9, 0xff, 0xce, 0xff, 0x30, 0x0,
    0x6d, 0xff, 0xb3, 0x0,

    /* U+00B4 "´" */
    0x0, 0x4, 0x88, 0x10, 0x2, 0xff, 0x90, 0x0,
    0xdf, 0xc0, 0x0, 0xaf, 0xd1, 0x0,

    /* U+00B5 "µ" */
    0xbf, 0xe0, 0x0, 0x0, 0x4f, 0xf5, 0xbf, 0xe0,
    0x0, 0x0, 0x4f, 0xf5, 0xbf, 0xe0, 0x0, 0x0,
    0x4f, 0xf5, 0xbf, 0xe0, 0x0, 0x0, 0x4f, 0xf5,
    0xbf, 0xe0, 0x0, 0x0, 0x4f, 0xf5, 0xbf, 0xe0,
    0x0, 0x0, 0x4f, 0xf5, 0xbf, 0xe0, 0x0, 0x0,
    0x4f, 0xf5, 0xbf, 0xe0, 0x0, 0x0, 0x4f, 0xf5,
    0xbf, 0xe0, 0x0, 0x0, 0x4f, 0xf5, 0xbf, 0xe0,
    0x0, 0x0, 0x4f, 0xf5, 0xbf, 0xf0, 0x0, 0x0,
    0x7f, 0xf5, 0xbf, 0xf7, 0x0, 0x0, 0xdf, 0xf5,
    0xbf, 0xef, 0x95, 0x6d, 0xdf, 0xf5, 0xbf, 0xdb,
    0xff, 0xff, 0x8f, 0xf5, 0xbf, 0xe2, 0xbf, 0xe7,
    0x3f, 0xf5, 0xbf, 0xe0, 0x0, 0x0, 0x0, 0x0,
    0xbf, 0xe0, 0x0, 0x0, 0x0, 0x0, 0xbf, 0xe0,
    0x0, 0x0, 0x0, 0x0, 0xbf, 0xe0, 0x0, 0x0,
    0x0, 0x0, 0xbf, 0xe0, 0x0, 0x0, 0x0, 0x0,

    /* U+00B6 "¶" */
    0x0, 0x2a, 0xef, 0xfc, 0x0, 0xff, 0x30, 0x4f,
    0xff, 0xff, 0xc0, 0xf, 0xf3, 0xe, 0xff, 0xff,
    0xfc, 0x0, 0xff, 0x33, 0xff, 0xff, 0xff, 0xc0,
    0xf, 0xf3, 0x5f, 0xff, 0xff, 0xfc, 0x0, 0xff,
    0x35, 0xff, 0xff, 0xff, 0xc0, 0xf, 0xf3, 0x5f,
    0xff, 0xff, 0xfc, 0x0, 0xff, 0x34, 0xff, 0xff,
    0xff, 0xc0, 0xf, 0xf3, 0xf, 0xff, 0xff, 0xfc,
    0x0, 0xff, 0x30, 0x6f, 0xff, 0xff, 0xc0, 0xf,
    0xf3, 0x0, 0x5e, 0xff, 0xfc, 0x0, 0xff, 0x30,
    0x0, 0x2, 0x8f, 0xc0, 0xf, 0xf3, 0x0, 0x0,
    0x6, 0xfc, 0x0, 0xff, 0x30, 0x0, 0x0, 0x6f,
    0xc0, 0xf, 0xf3, 0x0, 0x0, 0x6, 0xfc, 0x0,
    0xff, 0x30, 0x0, 0x0, 0x6f, 0xc0, 0xf, 0xf3,
    0x0, 0x0, 0x6, 0xfc, 0x0, 0xff, 0x30, 0x0,
    0x0, 0x6f, 0xc0, 0xf, 0xf3, 0x0, 0x0, 0x6,
    0xfc, 0x0, 0xff, 0x30, 0x0, 0x0, 0x6f, 0xc0,
    0xf, 0xf3, 0x0, 0x0, 0x6, 0xfc, 0x0, 0xff,
    0x30, 0x0, 0x0, 0x6f, 0xc0, 0xf, 0xf3, 0x0,
    0x0, 0x6, 0xfc, 0x0, 0xff, 0x30, 0x0, 0x0,
    0x6f, 0xc0, 0xf, 0xf3, 0x0, 0x0, 0x6, 0xfc,
    0x0, 0xff, 0x30,

    /* U+00B7 "·" */
    0x1, 0x75, 0x0, 0x1e, 0xff, 0x90, 0x5f, 0xff,
    0xf0, 0x4f, 0xff, 0xd0, 0x9, 0xfd, 0x40,

    /* U+00B8 "¸" */
    0x9, 0xe0, 0x0, 0xe, 0xc2, 0x0, 0x29, 0xcf,
    0xc2, 0x0, 0xb, 0xfb, 0x68, 0x9f, 0xf9, 0xbf,
    0xfe, 0x80,

    /* U+00B9 "¹" */
    0x0, 0x2b, 0xff, 0x80, 0x0, 0x7, 0xff, 0xef,
    0x80, 0x0, 0xf, 0xe6, 0x6f, 0x80, 0x0, 0xa,
    0x10, 0x6f, 0x80, 0x0, 0x0, 0x0, 0x6f, 0x80,
    0x0, 0x0, 0x0, 0x6f, 0x80, 0x0, 0x0, 0x0,
    0x6f, 0x80, 0x0, 0x0, 0x0, 0x6f, 0x80, 0x0,
    0x0, 0x0, 0x6f, 0x80, 0x0, 0x0, 0x0, 0x6f,
    0x80, 0x0, 0x1c, 0xcc, 0xdf, 0xec, 0xc6, 0x2f,
    0xff, 0xff, 0xff, 0xf8,

    /* U+00BA "º" */
    0x2, 0xbe, 0xe8, 0x0, 0xeb, 0x35, 0xf8, 0x3f,
    0x30, 0x9, 0xd4, 0xf2, 0x0, 0x8e, 0x3f, 0x20,
    0x8, 0xd1, 0xf9, 0x2, 0xea, 0x4, 0xef, 0xfb,
    0x10, 0x0, 0x10, 0x0,

    /* U+00BB "»" */
    0xa, 0xdc, 0x10, 0x8, 0xdd, 0x40, 0x0, 0x0,
    0x2f, 0xfc, 0x0, 0xd, 0xfe, 0x10, 0x0, 0x0,
    0x5f, 0xf8, 0x0, 0x2f, 0xfc, 0x0, 0x0, 0x0,
    0x8f, 0xf4, 0x0, 0x5f, 0xf8, 0x0, 0x0, 0x0,
    0xcf, 0xe1, 0x0, 0x9f, 0xf4, 0x0, 0x0, 0x1,
    0xef, 0xc0, 0x0, 0xcf, 0xe2, 0x0, 0x0, 0x6,
    0xff, 0x60, 0x3, 0xff, 0xa0, 0x0, 0x0, 0xdf,
    0xd0, 0x0, 0xbf, 0xf3, 0x0, 0x0, 0xaf, 0xf3,
    0x0, 0x7f, 0xf6, 0x0, 0x0, 0x7f, 0xf6, 0x0,
    0x4f, 0xfa, 0x0, 0x0, 0x3f, 0xfa, 0x0, 0x1e,
    0xfd, 0x0, 0x0, 0x1e, 0xfd, 0x0, 0xc, 0xff,
    0x20, 0x0, 0xb, 0xff, 0x20, 0x8, 0xff, 0x60,
    0x0, 0x0,

    /* U+00BC "¼" */
    0x0, 0x7, 0x84, 0x0, 0x0, 0x0, 0x7, 0x82,
    0x1, 0xcf, 0xf8, 0x0, 0x0, 0x0, 0x7f, 0xd0,
    0x9, 0xf6, 0xf8, 0x0, 0x0, 0x2, 0xff, 0x30,
    0x8, 0x32, 0xf8, 0x0, 0x0, 0xc, 0xf8, 0x0,
    0x0, 0x2, 0xf8, 0x0, 0x0, 0x7f, 0xc0, 0x0,
    0x0, 0x2, 0xf8, 0x0, 0x2, 0xff, 0x20, 0x0,
    0x0, 0x2, 0xf8, 0x0, 0xc, 0xf7, 0x0, 0x0,
    0x2, 0x24, 0xf9, 0x22, 0x7f, 0xc0, 0x0, 0x0,
    0x3f, 0xff, 0xff, 0xff, 0xff, 0x20, 0x0, 0x0,
    0x5, 0x55, 0x55, 0x5e, 0xf7, 0x0, 0x0, 0x0,
    0x0, 0x0, 0x0, 0x7f, 0xc0, 0x0, 0x0, 0x0,
    0x0, 0x0, 0x2, 0xff, 0x20, 0x9, 0x80, 0x0,
    0x0, 0x0, 0xc, 0xf7, 0x0, 0xaf, 0x40, 0x0,
    0x0, 0x0, 0x8f, 0xc0, 0x5, 0xf9, 0x0, 0x0,
    0x0, 0x3, 0xff, 0x20, 0x1e, 0xd0, 0x59, 0x0,
    0x0, 0xd, 0xf7, 0x0, 0xbf, 0x30, 0x9f, 0x10,
    0x0, 0x8f, 0xc0, 0x1, 0xfa, 0x11, 0xaf, 0x10,
    0x3, 0xff, 0x20, 0x2, 0xff, 0xff, 0xff, 0x10,
    0xd, 0xf6, 0x0, 0x0, 0x44, 0x44, 0xbf, 0x10,
    0x9f, 0xc0, 0x0, 0x0, 0x0, 0x0, 0x9f, 0x10,

    /* U+00BD "½" */
    0x0, 0x2, 0x31, 0x0, 0x0, 0x0, 0x2, 0x31,
    0x0, 0x9f, 0xf8, 0x0, 0x0, 0x0, 0x4f, 0xf1,
    0x8, 0xf8, 0xf8, 0x0, 0x0, 0x1, 0xef, 0x60,
    0x9, 0x52, 0xf8, 0x0, 0x0, 0xa, 0xfb, 0x0,
    0x0, 0x2, 0xf8, 0x0, 0x0, 0x5f, 0xe1, 0x0,
    0x0, 0x2, 0xf8, 0x0, 0x1, 0xff, 0x50, 0x0,
    0x0, 0x2, 0xf8, 0x0, 0xc, 0xfb, 0x0, 0x0,
    0x2, 0x24, 0xf9, 0x22, 0x7f, 0xe1, 0x0, 0x0,
    0x3f, 0xff, 0xff, 0xff, 0xff, 0x50, 0x0, 0x0,
    0x5, 0x55, 0x55, 0x5e, 0xfa, 0x0, 0x0, 0x0,
    0x0, 0x0, 0x0, 0x7f, 0xe1, 0x0, 0x0, 0x0,
    0x0, 0x0, 0x2, 0xff, 0x50, 0x1, 0x0, 0x0,
    0x0, 0x0, 0xc, 0xfa, 0x8, 0xff, 0xf8, 0x0,
    0x0, 0x0, 0x6f, 0xe1, 0x6f, 0xa5, 0xaf, 0x60,
    0x0, 0x2, 0xff, 0x50, 0x9c, 0x0, 0xf, 0xa0,
    0x0, 0xb, 0xfa, 0x0, 0x0, 0x0, 0x2f, 0x80,
    0x0, 0x6f, 0xe1, 0x0, 0x0, 0x4, 0xed, 0x10,
    0x1, 0xff, 0x40, 0x0, 0x3, 0xcf, 0x80, 0x0,
    0xb, 0xfa, 0x0, 0x0, 0x9f, 0xa3, 0x22, 0x10,
    0x6f, 0xe1, 0x0, 0x0, 0xdf, 0xff, 0xff, 0xe0,
    0x45, 0x20, 0x0, 0x0, 0x45, 0x55, 0x55, 0x40,

    /* U+00BE "¾" */
    0x1, 0x11, 0x11, 0x10, 0x0, 0x0, 0x1, 0x10,
    0xb, 0xff, 0xff, 0xf0, 0x0, 0x0, 0x3f, 0xf2,
    0x3, 0x44, 0x7f, 0xa0, 0x0, 0x0, 0xdf, 0x60,
    0x0, 0x6, 0xf6, 0x0, 0x0, 0x9, 0xfb, 0x0,
    0x0, 0xc, 0xfd, 0x40, 0x0, 0x4f, 0xf1, 0x0,
    0x0, 0x2, 0x4d, 0xf1, 0x1, 0xef, 0x50, 0x0,
    0x28, 0x30, 0x6, 0xf4, 0xa, 0xfa, 0x0, 0x0,
    0x1f, 0xc3, 0x3c, 0xf2, 0x5f, 0xe1, 0x0, 0x0,
    0x5, 0xff, 0xff, 0x61, 0xef, 0x40, 0x0, 0x0,
    0x0, 0x3, 0x31, 0xb, 0xf9, 0x0, 0x0, 0x0,
    0x0, 0x0, 0x0, 0x6f, 0xe0, 0x0, 0x0, 0x0,
    0x0, 0x0, 0x2, 0xff, 0x40, 0x1a, 0x90, 0x0,
    0x0, 0x0, 0xc, 0xf9, 0x0, 0xaf, 0x40, 0x0,
    0x0, 0x0, 0x7f, 0xd0, 0x5, 0xf9, 0x0, 0x0,
    0x0, 0x2, 0xff, 0x30, 0x1f, 0xd0, 0x59, 0x0,
    0x0, 0xc, 0xf8, 0x0, 0xbf, 0x30, 0x9f, 0x10,
    0x0, 0x8f, 0xc0, 0x1, 0xfa, 0x11, 0xaf, 0x10,
    0x3, 0xff, 0x20, 0x2, 0xff, 0xff, 0xff, 0x10,
    0xd, 0xf7, 0x0, 0x0, 0x44, 0x44, 0xbf, 0x10,
    0x9f, 0xc0, 0x0, 0x0, 0x0, 0x0, 0x9f, 0x10,

    /* U+00BF "¿" */
    0x0, 0x0, 0x5, 0xff, 0xa0, 0x0, 0x0, 0x0,
    0xdf, 0xff, 0x10, 0x0, 0x0, 0xa, 0xff, 0xd0,
    0x0, 0x0, 0x0, 0x3, 0x41, 0x0, 0x0, 0x0,
    0x0, 0x0, 0x0, 0x0, 0x0, 0x0, 0x0, 0x0,
    0x0, 0x0, 0x0, 0x1, 0xdd, 0x50, 0x0, 0x0,
    0x0, 0x2f, 0xf6, 0x0, 0x0, 0x0, 0x4, 0xff,
    0x60, 0x0, 0x0, 0x8f, 0xff, 0xf6, 0x0, 0x0,
    0xcf, 0xff, 0xff, 0x60, 0x0, 0x7f, 0xfc, 0x40,
    0x0, 0x0, 0xd, 0xfe, 0x10, 0x0, 0x0, 0x0,
    0xff, 0x90, 0x0, 0x0, 0x0, 0x1f, 0xf8, 0x0,
    0x0, 0x0, 0x0, 0xff, 0xb0, 0x0, 0x0, 0x0,
    0xa, 0xff, 0x60, 0x0, 0x0, 0x0, 0x3f, 0xff,
    0xc9, 0x88, 0x82, 0x0, 0x5f, 0xff, 0xff, 0xff,
    0x50, 0x0, 0x29, 0xdf, 0xff, 0xf5,

    /* U+00C0 "À" */
    0x0, 0x7, 0x86, 0x0, 0x0, 0x0, 0x0, 0x0,
    0x6, 0xff, 0x60, 0x0, 0x0, 0x0, 0x0, 0x0,
    0xaf, 0xf2, 0x0, 0x0, 0x0, 0x0, 0x0, 0xd,
    0xfc, 0x0, 0x0, 0x0, 0x0, 0x0, 0x2, 0x88,
    0x20, 0x0, 0x0, 0x0, 0x0, 0x0, 0x0, 0x0,
    0x0, 0x0, 0x0, 0x0, 0xf, 0xff, 0xa0, 0x0,
    0x0, 0x0, 0x0, 0x4f, 0xff, 0xe0, 0x0, 0x0,
    0x0, 0x0, 0x8f, 0xef, 0xf2, 0x0, 0x0, 0x0,
    0x0, 0xcf, 0x9f, 0xf5, 0x0, 0x0, 0x0, 0x0,
    0xff, 0x6c, 0xf9, 0x0, 0x0, 0x0, 0x3, 0xff,
    0x29, 0xfd, 0x0, 0x0, 0x0, 0x7, 0xff, 0x5,
    0xff, 0x10, 0x0, 0x0, 0xb, 0xfb, 0x1, 0xff,
    0x50, 0x0, 0x0, 0xf, 0xf8, 0x0, 0xef, 0x90,
    0x0, 0x0, 0x3f, 0xf4, 0x0, 0xaf, 0xd0, 0x0,
    0x0, 0x7f, 0xf1, 0x0, 0x7f, 0xf1, 0x0, 0x0,
    0xbf, 0xd0, 0x0, 0x3f, 0xf5, 0x0, 0x0, 0xff,
    0xb3, 0x33, 0x3f, 0xf9, 0x0, 0x3, 0xff, 0xff,
    0xff, 0xff, 0xfd, 0x0, 0x7, 0xff, 0xff, 0xff,
    0xff, 0xff, 0x10, 0xb, 0xfe, 0x0, 0x0, 0x4,
    0xff, 0x40, 0xe, 0xfa, 0x0, 0x0, 0x1, 0xff,
    0x80, 0x2f, 0xf6, 0x0, 0x0, 0x0, 0xdf, 0xc0,
    0x6f, 0xf2, 0x0, 0x0, 0x0, 0x9f, 0xf0, 0xaf,
    0xf0, 0x0, 0x0, 0x0, 0x5f, 0xf4,

    /* U+00C1 "Á" */
    0x0, 0x0, 0x0, 0x2, 0x88, 0x40, 0x0, 0x0,
    0x0, 0x0, 0xc, 0xfe, 0x10, 0x0, 0x0, 0x0,
    0x0, 0x7f, 0xf4, 0x0, 0x0, 0x0, 0x0, 0x2,
    0xff, 0x80, 0x0, 0x0, 0x0, 0x0, 0x5, 0x87,
    0x0, 0x0, 0x0, 0x0, 0x0, 0x0, 0x0, 0x0,
    0x0, 0x0, 0x0, 0x0, 0xf, 0xff, 0xa0, 0x0,
    0x0, 0x0, 0x0, 0x4f, 0xff, 0xe0, 0x0, 0x0,
    0x0, 0x0, 0x8f, 0xef, 0xf2, 0x0, 0x0, 0x0,
    0x0, 0xcf, 0x9f, 0xf5, 0x0, 0x0, 0x0, 0x0,
    0xff, 0x6c, 0xf9, 0x0, 0x0, 0x0, 0x3, 0xff,
    0x29, 0xfd, 0x0, 0x0, 0x0, 0x7, 0xff, 0x5,
    0xff, 0x10, 0x0, 0x0, 0xb, 0xfb, 0x1, 0xff,
    0x50, 0x0, 0x0, 0xf, 0xf8, 0x0, 0xef, 0x90,
    0x0, 0x0, 0x3f, 0xf4, 0x0, 0xaf, 0xd0, 0x0,
    0x0, 0x7f, 0xf1, 0x0, 0x7f, 0xf1, 0x0, 0x0,
    0xbf, 0xd0, 0x0, 0x3f, 0xf5, 0x0, 0x0, 0xff,
    0xb3, 0x33, 0x3f, 0xf9, 0x0, 0x3, 0xff, 0xff,
    0xff, 0xff, 0xfd, 0x0, 0x7, 0xff, 0xff, 0xff,
    0xff, 0xff, 0x10, 0xb, 0xfe, 0x0, 0x0, 0x4,
    0xff, 0x40, 0xe, 0xfa, 0x0, 0x0, 0x1, 0xff,
    0x80, 0x2f, 0xf6, 0x0, 0x0, 0x0, 0xdf, 0xc0,
    0x6f, 0xf2, 0x0, 0x0, 0x0, 0x9f, 0xf0, 0xaf,
    0xf0, 0x0, 0x0, 0x0, 0x5f, 0xf4,

    /* U+00C2 "Â" */
    0x0, 0x0, 0x4, 0x87, 0x10, 0x0, 0x0, 0x0,
    0x0, 0x4f, 0xff, 0xd0, 0x0, 0x0, 0x0, 0x3,
    0xff, 0xae, 0xfc, 0x0, 0x0, 0x0, 0x2e, 0xfa,
    0x2, 0xef, 0xa0, 0x0, 0x0, 0x68, 0x70, 0x0,
    0x28, 0x83, 0x0, 0x0, 0x0, 0x0, 0x0, 0x0,
    0x0, 0x0, 0x0, 0x0, 0xf, 0xff, 0xa0, 0x0,
    0x0, 0x0, 0x0, 0x4f, 0xff, 0xe0, 0x0, 0x0,
    0x0, 0x0, 0x8f, 0xef, 0xf2, 0x0, 0x0, 0x0,
    0x0, 0xcf, 0x9f, 0xf5, 0x0, 0x0, 0x0, 0x0,
    0xff, 0x6c, 0xf9, 0x0, 0x0, 0x0, 0x3, 0xff,
    0x29, 0xfd, 0x0, 0x0, 0x0, 0x7, 0xff, 0x5,
    0xff, 0x10, 0x0, 0x0, 0xb, 0xfb, 0x1, 0xff,
    0x50, 0x0, 0x0, 0xf, 0xf8, 0x0, 0xef, 0x90,
    0x0, 0x0, 0x3f, 0xf4, 0x0, 0xaf, 0xd0, 0x0,
    0x0, 0x7f, 0xf1, 0x0, 0x7f, 0xf1, 0x0, 0x0,
    0xbf, 0xd0, 0x0, 0x3f, 0xf5, 0x0, 0x0, 0xff,
    0xb3, 0x33, 0x3f, 0xf9, 0x0, 0x3, 0xff, 0xff,
    0xff, 0xff, 0xfd, 0x0, 0x7, 0xff, 0xff, 0xff,
    0xff, 0xff, 0x10, 0xb, 0xfe, 0x0, 0x0, 0x4,
    0xff, 0x40, 0xe, 0xfa, 0x0, 0x0, 0x1, 0xff,
    0x80, 0x2f, 0xf6, 0x0, 0x0, 0x0, 0xdf, 0xc0,
    0x6f, 0xf2, 0x0, 0x0, 0x0, 0x9f, 0xf0, 0xaf,
    0xf0, 0x0, 0x0, 0x0, 0x5f, 0xf4,

    /* U+00C3 "Ã" */
    0x0, 0x8, 0xef, 0xa2, 0xc, 0xf0, 0x0, 0x0,
    0x4f, 0xa5, 0xef, 0xdf, 0xd0, 0x0, 0x0, 0x6f,
    0x50, 0x2c, 0xfd, 0x30, 0x0, 0x0, 0x0, 0x0,
    0x0, 0x0, 0x0, 0x0, 0x0, 0x0, 0x0, 0x0,
    0x0, 0x0, 0x0, 0x0, 0x0, 0xf, 0xff, 0xa0,
    0x0, 0x0, 0x0, 0x0, 0x4f, 0xff, 0xe0, 0x0,
    0x0, 0x0, 0x0, 0x8f, 0xef, 0xf2, 0x0, 0x0,
    0x0, 0x0, 0xcf, 0x9f, 0xf5, 0x0, 0x0, 0x0,
    0x0, 0xff, 0x6c, 0xf9, 0x0, 0x0, 0x0, 0x3,
    0xff, 0x29, 0xfd, 0x0, 0x0, 0x0, 0x7, 0xff,
    0x5, 0xff, 0x10, 0x0, 0x0, 0xb, 0xfb, 0x1,
    0xff, 0x50, 0x0, 0x0, 0xf, 0xf8, 0x0, 0xef,
    0x90, 0x0, 0x0, 0x3f, 0xf4, 0x0, 0xaf, 0xd0,
    0x0, 0x0, 0x7f, 0xf1, 0x0, 0x7f, 0xf1, 0x0,
    0x0, 0xbf, 0xd0, 0x0, 0x3f, 0xf5, 0x0, 0x0,
    0xff, 0xb3, 0x33, 0x3f, 0xf9, 0x0, 0x3, 0xff,
    0xff, 0xff, 0xff, 0xfd, 0x0, 0x7, 0xff, 0xff,
    0xff, 0xff, 0xff, 0x10, 0xb, 0xfe, 0x0, 0x0,
    0x4, 0xff, 0x40, 0xe, 0xfa, 0x0, 0x0, 0x1,
    0xff, 0x80, 0x2f, 0xf6, 0x0, 0x0, 0x0, 0xdf,
    0xc0, 0x6f, 0xf2, 0x0, 0x0, 0x0, 0x9f, 0xf0,
    0xaf, 0xf0, 0x0, 0x0, 0x0, 0x5f, 0xf4,

    /* U+00C4 "Ä" */
    0x0, 0x17, 0x60, 0x0, 0x17, 0x50, 0x0, 0x0,
    0xaf, 0xf6, 0x0, 0xdf, 0xf4, 0x0, 0x0, 0xcf,
    0xf8, 0x0, 0xff, 0xf6, 0x0, 0x0, 0x5e, 0xd2,
    0x0, 0x7f, 0xc1, 0x0, 0x0, 0x0, 0x0, 0x0,
    0x0, 0x0, 0x0, 0x0, 0x0, 0x0, 0x0, 0x0,
    0x0, 0x0, 0x0, 0x0, 0xf, 0xff, 0xa0, 0x0,
    0x0, 0x0, 0x0, 0x4f, 0xff, 0xe0, 0x0, 0x0,
    0x0, 0x0, 0x8f, 0xef, 0xf2, 0x0, 0x0, 0x0,
    0x0, 0xcf, 0x9f, 0xf5, 0x0, 0x0, 0x0, 0x0,
    0xff, 0x6c, 0xf9, 0x0, 0x0, 0x0, 0x3, 0xff,
    0x29, 0xfd, 0x0, 0x0, 0x0, 0x7, 0xff, 0x5,
    0xff, 0x10, 0x0, 0x0, 0xb, 0xfb, 0x1, 0xff,
    0x50, 0x0, 0x0, 0xf, 0xf8, 0x0, 0xef, 0x90,
    0x0, 0x0, 0x3f, 0xf4, 0x0, 0xaf, 0xd0, 0x0,
    0x0, 0x7f, 0xf1, 0x0, 0x7f, 0xf1, 0x0, 0x0,
    0xbf, 0xd0, 0x0, 0x3f, 0xf5, 0x0, 0x0, 0xff,
    0xb3, 0x33, 0x3f, 0xf9, 0x0, 0x3, 0xff, 0xff,
    0xff, 0xff, 0xfd, 0x0, 0x7, 0xff, 0xff, 0xff,
    0xff, 0xff, 0x10, 0xb, 0xfe, 0x0, 0x0, 0x4,
    0xff, 0x40, 0xe, 0xfa, 0x0, 0x0, 0x1, 0xff,
    0x80, 0x2f, 0xf6, 0x0, 0x0, 0x0, 0xdf, 0xc0,
    0x6f, 0xf2, 0x0, 0x0, 0x0, 0x9f, 0xf0, 0xaf,
    0xf0, 0x0, 0x0, 0x0, 0x5f, 0xf4,

    /* U+00C5 "Å" */
    0x0, 0x0, 0x0, 0x10, 0x0, 0x0, 0x0, 0x0,
    0x0, 0x3d, 0xff, 0xa0, 0x0, 0x0, 0x0, 0x0,
    0xee, 0x69, 0xf8, 0x0, 0x0, 0x0, 0x4, 0xf5,
    0x0, 0xce, 0x0, 0x0, 0x0, 0x5, 0xf4, 0x0,
    0xbf, 0x0, 0x0, 0x0, 0x2, 0xfb, 0x13, 0xfb,
    0x0, 0x0, 0x0, 0x0, 0x8f, 0xff, 0xe2, 0x0,
    0x0, 0x0, 0x0, 0x3, 0x76, 0x10, 0x0, 0x0,
    0x0, 0x0, 0xf, 0xff, 0xa0, 0x0, 0x0, 0x0,
    0x0, 0x4f, 0xff, 0xe0, 0x0, 0x0, 0x0, 0x0,
    0x8f, 0xef, 0xf2, 0x0, 0x0, 0x0, 0x0, 0xcf,
    0x9f, 0xf5, 0x0, 0x0, 0x0, 0x0, 0xff, 0x6c,
    0xf9, 0x0, 0x0, 0x0, 0x3, 0xff, 0x29, 0xfd,
    0x0, 0x0, 0x0, 0x7, 0xff, 0x5, 0xff, 0x10,
    0x0, 0x0, 0xb, 0xfb, 0x1, 0xff, 0x50, 0x0,
    0x0, 0xf, 0xf8, 0x0, 0xef, 0x90, 0x0, 0x0,
    0x3f, 0xf4, 0x0, 0xaf, 0xd0, 0x0, 0x0, 0x7f,
    0xf1, 0x0, 0x7f, 0xf1, 0x0, 0x0, 0xbf, 0xd0,
    0x0, 0x3f, 0xf5, 0x0, 0x0, 0xff, 0xb3, 0x33,
    0x3f, 0xf9, 0x0, 0x3, 0xff, 0xff, 0xff, 0xff,
    0xfd, 0x0, 0x7, 0xff, 0xff, 0xff, 0xff, 0xff,
    0x10, 0xb, 0xfe, 0x0, 0x0, 0x4, 0xff, 0x40,
    0xe, 0xfa, 0x0, 0x0, 0x1, 0xff, 0x80, 0x2f,
    0xf6, 0x0, 0x0, 0x0, 0xdf, 0xc0, 0x6f, 0xf2,
    0x0, 0x0, 0x0, 0x9f, 0xf0, 0xaf, 0xf0, 0x0,
    0x0, 0x0, 0x5f, 0xf4,

    /* U+00C6 "Æ" */
    0x0, 0x0, 0xbf, 0xff, 0xff, 0xff, 0xff, 0xe0,
    0x0, 0xe, 0xff, 0xff, 0xff, 0xff, 0xfe, 0x0,
    0x1, 0xff, 0x97, 0xff, 0x75, 0x55, 0x50, 0x0,
    0x4f, 0xf2, 0x3f, 0xf3, 0x0, 0x0, 0x0, 0x7,
    0xff, 0x3, 0xff, 0x30, 0x0, 0x0, 0x0, 0xaf,
    0xd0, 0x3f, 0xf3, 0x0, 0x0, 0x0, 0xd, 0xfa,
    0x3, 0xff, 0x30, 0x0, 0x0, 0x0, 0xff, 0x80,
    0x3f, 0xf3, 0x0, 0x0, 0x0, 0x3f, 0xf5, 0x3,
    0xff, 0x76, 0x66, 0x10, 0x6, 0xff, 0x20, 0x3f,
    0xff, 0xff, 0xf3, 0x0, 0x9f, 0xf0, 0x3, 0xff,
    0xff, 0xff, 0x30, 0xc, 0xfd, 0x0, 0x3f, 0xf3,
    0x0, 0x0, 0x0, 0xef, 0xb2, 0x25, 0xff, 0x30,
    0x0, 0x0, 0x1f, 0xff, 0xff, 0xff, 0xf3, 0x0,
    0x0, 0x4, 0xff, 0xff, 0xff, 0xff, 0x30, 0x0,
    0x0, 0x7f, 0xf1, 0x0, 0x3f, 0xf3, 0x0, 0x0,
    0xa, 0xfe, 0x0, 0x3, 0xff, 0x30, 0x0, 0x0,
    0xdf, 0xb0, 0x0, 0x3f, 0xf8, 0x66, 0x65, 0xf,
    0xf8, 0x0, 0x3, 0xff, 0xff, 0xff, 0xe3, 0xff,
    0x50, 0x0, 0x3f, 0xff, 0xff, 0xfe,

    /* U+00C7 "Ç" */
    0x0, 0x18, 0xdf, 0xfd, 0x81, 0x0, 0x3, 0xef,
    0xff, 0xff, 0xfe, 0x20, 0xe, 0xff, 0xb6, 0x6b,
    0xff, 0xd0, 0x6f, 0xf8, 0x0, 0x0, 0x8f, 0xf5,
    0x9f, 0xf0, 0x0, 0x0, 0xf, 0xf9, 0xbf, 0xe0,
    0x0, 0x0, 0x9, 0xa6, 0xbf, 0xd0, 0x0, 0x0,
    0x0, 0x0, 0xbf, 0xd0, 0x0, 0x0, 0x0, 0x0,
    0xbf, 0xd0, 0x0, 0x0, 0x0, 0x0, 0xbf, 0xd0,
    0x0, 0x0, 0x0, 0x0, 0xbf, 0xd0, 0x0, 0x0,
    0x0, 0x0, 0xbf, 0xd0, 0x0, 0x0, 0x0, 0x0,
    0xbf, 0xd0, 0x0, 0x0, 0x0, 0x0, 0xbf, 0xd0,
    0x0, 0x0, 0x0, 0x0, 0xbf, 0xe0, 0x0, 0x0,
    0x9, 0xa7, 0x9f, 0xf0, 0x0, 0x0, 0xf, 0xf9,
    0x6f, 0xf8, 0x0, 0x0, 0x8f, 0xf5, 0xe, 0xff,
    0xb7, 0x6b, 0xff, 0xd0, 0x2, 0xef, 0xff, 0xff,
    0xfe, 0x20, 0x0, 0x17, 0xef, 0xfd, 0x81, 0x0,
    0x0, 0x0, 0xde, 0x30, 0x0, 0x0, 0x0, 0x0,
    0x8b, 0xfd, 0x30, 0x0, 0x0, 0x0, 0x0, 0x8f,
    0xd0, 0x0, 0x0, 0x4, 0x89, 0xef, 0xb0, 0x0,
    0x0, 0x9, 0xff, 0xea, 0x10, 0x0,

    /* U+00C8 "È" */
    0x0, 0x68, 0x70, 0x0, 0x0, 0x0, 0x0, 0x3f,
    0xfa, 0x0, 0x0, 0x0, 0x0, 0x6, 0xff, 0x50,
    0x0, 0x0, 0x0, 0x0, 0xaf, 0xe1, 0x0, 0x0,
    0x0, 0x0, 0x7, 0x84, 0x0, 0x0, 0x0, 0x0,
    0x0, 0x0, 0x0, 0x0, 0x7f, 0xff, 0xff, 0xff,
    0xff, 0xf9, 0x7f, 0xff, 0xff, 0xff, 0xff, 0xf9,
    0x7f, 0xf6, 0x66, 0x66, 0x66, 0x63, 0x7f, 0xf1,
    0x0, 0x0, 0x0, 0x0, 0x7f, 0xf1, 0x0, 0x0,
    0x0, 0x0, 0x7f, 0xf1, 0x0, 0x0, 0x0, 0x0,
    0x7f, 0xf1, 0x0, 0x0, 0x0, 0x0, 0x7f, 0xf1,
    0x0, 0x0, 0x0, 0x0, 0x7f, 0xf5, 0x55, 0x55,
    0x55, 0x30, 0x7f, 0xff, 0xff, 0xff, 0xff, 0xa0,
    0x7f, 0xff, 0xff, 0xff, 0xff, 0xa0, 0x7f, 0xf1,
    0x0, 0x0, 0x0, 0x0, 0x7f, 0xf1, 0x0, 0x0,
    0x0, 0x0, 0x7f, 0xf1, 0x0, 0x0, 0x0, 0x0,
    0x7f, 0xf1, 0x0, 0x0, 0x0, 0x0, 0x7f, 0xf1,
    0x0, 0x0, 0x0, 0x0, 0x7f, 0xf1, 0x0, 0x0,
    0x0, 0x0, 0x7f, 0xf6, 0x66, 0x66, 0x66, 0x63,
    0x7f, 0xff, 0xff, 0xff, 0xff, 0xf9, 0x7f, 0xff,
    0xff, 0xff, 0xff, 0xf9,

    /* U+00C9 "É" */
    0x0, 0x0, 0x0, 0x7, 0x86, 0x0, 0x0, 0x0,
    0x0, 0x8f, 0xf3, 0x0, 0x0, 0x0, 0x3, 0xff,
    0x70, 0x0, 0x0, 0x0, 0xd, 0xfb, 0x0, 0x0,
    0x0, 0x0, 0x38, 0x81, 0x0, 0x0, 0x0, 0x0,
    0x0, 0x0, 0x0, 0x0, 0x7f, 0xff, 0xff, 0xff,
    0xff, 0xf9, 0x7f, 0xff, 0xff, 0xff, 0xff, 0xf9,
    0x7f, 0xf6, 0x66, 0x66, 0x66, 0x63, 0x7f, 0xf1,
    0x0, 0x0, 0x0, 0x0, 0x7f, 0xf1, 0x0, 0x0,
    0x0, 0x0, 0x7f, 0xf1, 0x0, 0x0, 0x0, 0x0,
    0x7f, 0xf1, 0x0, 0x0, 0x0, 0x0, 0x7f, 0xf1,
    0x0, 0x0, 0x0, 0x0, 0x7f, 0xf5, 0x55, 0x55,
    0x55, 0x30, 0x7f, 0xff, 0xff, 0xff, 0xff, 0xa0,
    0x7f, 0xff, 0xff, 0xff, 0xff, 0xa0, 0x7f, 0xf1,
    0x0, 0x0, 0x0, 0x0, 0x7f, 0xf1, 0x0, 0x0,
    0x0, 0x0, 0x7f, 0xf1, 0x0, 0x0, 0x0, 0x0,
    0x7f, 0xf1, 0x0, 0x0, 0x0, 0x0, 0x7f, 0xf1,
    0x0, 0x0, 0x0, 0x0, 0x7f, 0xf1, 0x0, 0x0,
    0x0, 0x0, 0x7f, 0xf6, 0x66, 0x66, 0x66, 0x63,
    0x7f, 0xff, 0xff, 0xff, 0xff, 0xf9, 0x7f, 0xff,
    0xff, 0xff, 0xff, 0xf9,

    /* U+00CA "Ê" */
    0x0, 0x0, 0x38, 0x83, 0x0, 0x0, 0x0, 0x2,
    0xef, 0xfe, 0x20, 0x0, 0x0, 0x1d, 0xfc, 0xbf,
    0xe1, 0x0, 0x0, 0xdf, 0xd1, 0xc, 0xfd, 0x10,
    0x4, 0x88, 0x10, 0x1, 0x78, 0x40, 0x0, 0x0,
    0x0, 0x0, 0x0, 0x0, 0x7f, 0xff, 0xff, 0xff,
    0xff, 0xf9, 0x7f, 0xff, 0xff, 0xff, 0xff, 0xf9,
    0x7f, 0xf6, 0x66, 0x66, 0x66, 0x63, 0x7f, 0xf1,
    0x0, 0x0, 0x0, 0x0, 0x7f, 0xf1, 0x0, 0x0,
    0x0, 0x0, 0x7f, 0xf1, 0x0, 0x0, 0x0, 0x0,
    0x7f, 0xf1, 0x0, 0x0, 0x0, 0x0, 0x7f, 0xf1,
    0x0, 0x0, 0x0, 0x0, 0x7f, 0xf5, 0x55, 0x55,
    0x55, 0x30, 0x7f, 0xff, 0xff, 0xff, 0xff, 0xa0,
    0x7f, 0xff, 0xff, 0xff, 0xff, 0xa0, 0x7f, 0xf1,
    0x0, 0x0, 0x0, 0x0, 0x7f, 0xf1, 0x0, 0x0,
    0x0, 0x0, 0x7f, 0xf1, 0x0, 0x0, 0x0, 0x0,
    0x7f, 0xf1, 0x0, 0x0, 0x0, 0x0, 0x7f, 0xf1,
    0x0, 0x0, 0x0, 0x0, 0x7f, 0xf1, 0x0, 0x0,
    0x0, 0x0, 0x7f, 0xf6, 0x66, 0x66, 0x66, 0x63,
    0x7f, 0xff, 0xff, 0xff, 0xff, 0xf9, 0x7f, 0xff,
    0xff, 0xff, 0xff, 0xf9,

    /* U+00CB "Ë" */
    0x0, 0x67, 0x10, 0x0, 0x66, 0x0, 0x7, 0xff,
    0xa0, 0x9, 0xff, 0x80, 0x9, 0xff, 0xc0, 0xb,
    0xff, 0xa0, 0x2, 0xde, 0x50, 0x4, 0xee, 0x30,
    0x0, 0x0, 0x0, 0x0, 0x0, 0x0, 0x0, 0x0,
    0x0, 0x0, 0x0, 0x0, 0x7f, 0xff, 0xff, 0xff,
    0xff, 0xf9, 0x7f, 0xff, 0xff, 0xff, 0xff, 0xf9,
    0x7f, 0xf6, 0x66, 0x66, 0x66, 0x63, 0x7f, 0xf1,
    0x0, 0x0, 0x0, 0x0, 0x7f, 0xf1, 0x0, 0x0,
    0x0, 0x0, 0x7f, 0xf1, 0x0, 0x0, 0x0, 0x0,
    0x7f, 0xf1, 0x0, 0x0, 0x0, 0x0, 0x7f, 0xf1,
    0x0, 0x0, 0x0, 0x0, 0x7f, 0xf5, 0x55, 0x55,
    0x55, 0x30, 0x7f, 0xff, 0xff, 0xff, 0xff, 0xa0,
    0x7f, 0xff, 0xff, 0xff, 0xff, 0xa0, 0x7f, 0xf1,
    0x0, 0x0, 0x0, 0x0, 0x7f, 0xf1, 0x0, 0x0,
    0x0, 0x0, 0x7f, 0xf1, 0x0, 0x0, 0x0, 0x0,
    0x7f, 0xf1, 0x0, 0x0, 0x0, 0x0, 0x7f, 0xf1,
    0x0, 0x0, 0x0, 0x0, 0x7f, 0xf1, 0x0, 0x0,
    0x0, 0x0, 0x7f, 0xf6, 0x66, 0x66, 0x66, 0x63,
    0x7f, 0xff, 0xff, 0xff, 0xff, 0xf9, 0x7f, 0xff,
    0xff, 0xff, 0xff, 0xf9,

    /* U+00CC "Ì" */
    0x0, 0x78, 0x60, 0x0, 0x0, 0x0, 0x6, 0xff,
    0x60, 0x0, 0x0, 0x0, 0xa, 0xff, 0x20, 0x0,
    0x0, 0x0, 0xd, 0xfc, 0x0, 0x0, 0x0, 0x0,
    0x28, 0x82, 0x0, 0x0, 0x0, 0x0, 0x0, 0x0,
    0x0, 0x6f, 0xff, 0xff, 0xff, 0xff, 0xf6, 0xff,
    0xff, 0xff, 0xff, 0xff, 0x26, 0x66, 0xbf, 0xf7,
    0x66, 0x60, 0x0, 0x8, 0xff, 0x10, 0x0, 0x0,
    0x0, 0x8f, 0xf1, 0x0, 0x0, 0x0, 0x8, 0xff,
    0x10, 0x0, 0x0, 0x0, 0x8f, 0xf1, 0x0, 0x0,
    0x0, 0x8, 0xff, 0x10, 0x0, 0x0, 0x0, 0x8f,
    0xf1, 0x0, 0x0, 0x0, 0x8, 0xff, 0x10, 0x0,
    0x0, 0x0, 0x8f, 0xf1, 0x0, 0x0, 0x0, 0x8,
    0xff, 0x10, 0x0, 0x0, 0x0, 0x8f, 0xf1, 0x0,
    0x0, 0x0, 0x8, 0xff, 0x10, 0x0, 0x0, 0x0,
    0x8f, 0xf1, 0x0, 0x0, 0x0, 0x8, 0xff, 0x10,
    0x0, 0x0, 0x0, 0x8f, 0xf1, 0x0, 0x2, 0x66,
    0x6b, 0xff, 0x76, 0x66, 0x6f, 0xff, 0xff, 0xff,
    0xff, 0xf6, 0xff, 0xff, 0xff, 0xff, 0xff,

    /* U+00CD "Í" */
    0x0, 0x0, 0x0, 0x28, 0x84, 0x0, 0x0, 0x0,
    0xc, 0xfe, 0x10, 0x0, 0x0, 0x7, 0xff, 0x40,
    0x0, 0x0, 0x2, 0xff, 0x80, 0x0, 0x0, 0x0,
    0x58, 0x70, 0x0, 0x0, 0x0, 0x0, 0x0, 0x0,
    0x0, 0x6f, 0xff, 0xff, 0xff, 0xff, 0xf6, 0xff,
    0xff, 0xff, 0xff, 0xff, 0x26, 0x66, 0xbf, 0xf7,
    0x66, 0x60, 0x0, 0x8, 0xff, 0x10, 0x0, 0x0,
    0x0, 0x8f, 0xf1, 0x0, 0x0, 0x0, 0x8, 0xff,
    0x10, 0x0, 0x0, 0x0, 0x8f, 0xf1, 0x0, 0x0,
    0x0, 0x8, 0xff, 0x10, 0x0, 0x0, 0x0, 0x8f,
    0xf1, 0x0, 0x0, 0x0, 0x8, 0xff, 0x10, 0x0,
    0x0, 0x0, 0x8f, 0xf1, 0x0, 0x0, 0x0, 0x8,
    0xff, 0x10, 0x0, 0x0, 0x0, 0x8f, 0xf1, 0x0,
    0x0, 0x0, 0x8, 0xff, 0x10, 0x0, 0x0, 0x0,
    0x8f, 0xf1, 0x0, 0x0, 0x0, 0x8, 0xff, 0x10,
    0x0, 0x0, 0x0, 0x8f, 0xf1, 0x0, 0x2, 0x66,
    0x6b, 0xff, 0x76, 0x66, 0x6f, 0xff, 0xff, 0xff,
    0xff, 0xf6, 0xff, 0xff, 0xff, 0xff, 0xff,

    /* U+00CE "Î" */
    0x0, 0x0, 0x48, 0x71, 0x0, 0x0, 0x0, 0x4f,
    0xff, 0xd0, 0x0, 0x0, 0x3f, 0xfa, 0xef, 0xc0,
    0x0, 0x2e, 0xfa, 0x2, 0xef, 0xa0, 0x6, 0x87,
    0x0, 0x2, 0x88, 0x30, 0x0, 0x0, 0x0, 0x0,
    0x0, 0x6f, 0xff, 0xff, 0xff, 0xff, 0xf6, 0xff,
    0xff, 0xff, 0xff, 0xff, 0x26, 0x66, 0xbf, 0xf7,
    0x66, 0x60, 0x0, 0x8, 0xff, 0x10, 0x0, 0x0,
    0x0, 0x8f, 0xf1, 0x0, 0x0, 0x0, 0x8, 0xff,
    0x10, 0x0, 0x0, 0x0, 0x8f, 0xf1, 0x0, 0x0,
    0x0, 0x8, 0xff, 0x10, 0x0, 0x0, 0x0, 0x8f,
    0xf1, 0x0, 0x0, 0x0, 0x8, 0xff, 0x10, 0x0,
    0x0, 0x0, 0x8f, 0xf1, 0x0, 0x0, 0x0, 0x8,
    0xff, 0x10, 0x0, 0x0, 0x0, 0x8f, 0xf1, 0x0,
    0x0, 0x0, 0x8, 0xff, 0x10, 0x0, 0x0, 0x0,
    0x8f, 0xf1, 0x0, 0x0, 0x0, 0x8, 0xff, 0x10,
    0x0, 0x0, 0x0, 0x8f, 0xf1, 0x0, 0x2, 0x66,
    0x6b, 0xff, 0x76, 0x66, 0x6f, 0xff, 0xff, 0xff,
    0xff, 0xf6, 0xff, 0xff, 0xff, 0xff, 0xff,

    /* U+00CF "Ï" */
    0x1, 0x76, 0x0, 0x1, 0x75, 0x0, 0xaf, 0xf6,
    0x0, 0xdf, 0xf4, 0xc, 0xff, 0x80, 0xf, 0xff,
    0x60, 0x5e, 0xd2, 0x0, 0x7f, 0xc1, 0x0, 0x0,
    0x0, 0x0, 0x0, 0x0, 0x0, 0x0, 0x0, 0x0,
    0x0, 0x6f, 0xff, 0xff, 0xff, 0xff, 0xf6, 0xff,
    0xff, 0xff, 0xff, 0xff, 0x26, 0x66, 0xbf, 0xf7,
    0x66, 0x60, 0x0, 0x8, 0xff, 0x10, 0x0, 0x0,
    0x0, 0x8f, 0xf1, 0x0, 0x0, 0x0, 0x8, 0xff,
    0x10, 0x0, 0x0, 0x0, 0x8f, 0xf1, 0x0, 0x0,
    0x0, 0x8, 0xff, 0x10, 0x0, 0x0, 0x0, 0x8f,
    0xf1, 0x0, 0x0, 0x0, 0x8, 0xff, 0x10, 0x0,
    0x0, 0x0, 0x8f, 0xf1, 0x0, 0x0, 0x0, 0x8,
    0xff, 0x10, 0x0, 0x0, 0x0, 0x8f, 0xf1, 0x0,
    0x0, 0x0, 0x8, 0xff, 0x10, 0x0, 0x0, 0x0,
    0x8f, 0xf1, 0x0, 0x0, 0x0, 0x8, 0xff, 0x10,
    0x0, 0x0, 0x0, 0x8f, 0xf1, 0x0, 0x2, 0x66,
    0x6b, 0xff, 0x76, 0x66, 0x6f, 0xff, 0xff, 0xff,
    0xff, 0xf6, 0xff, 0xff, 0xff, 0xff, 0xff,

    /* U+00D0 "Ð" */
    0x0, 0xbf, 0xff, 0xff, 0xea, 0x40, 0x0, 0x0,
    0xbf, 0xff, 0xff, 0xff, 0xf8, 0x0, 0x0, 0xbf,
    0xe5, 0x56, 0x8e, 0xff, 0x60, 0x0, 0xbf, 0xd0,
    0x0, 0x1, 0xef, 0xe0, 0x0, 0xbf, 0xd0, 0x0,
    0x0, 0x6f, 0xf4, 0x0, 0xbf, 0xd0, 0x0, 0x0,
    0x3f, 0xf6, 0x0, 0xbf, 0xd0, 0x0, 0x0, 0x1f,
    0xf7, 0x0, 0xbf, 0xd0, 0x0, 0x0, 0x1f, 0xf7,
    0x0, 0xbf, 0xd0, 0x0, 0x0, 0x1f, 0xf7, 0xbf,
    0xff, 0xff, 0xf8, 0x0, 0x1f, 0xf7, 0xbf, 0xff,
    0xff, 0xf8, 0x0, 0x1f, 0xf7, 0x11, 0xbf, 0xd1,
    0x10, 0x0, 0x1f, 0xf7, 0x0, 0xbf, 0xd0, 0x0,
    0x0, 0x1f, 0xf7, 0x0, 0xbf, 0xd0, 0x0, 0x0,
    0x1f, 0xf7, 0x0, 0xbf, 0xd0, 0x0, 0x0, 0x3f,
    0xf6, 0x0, 0xbf, 0xd0, 0x0, 0x0, 0x6f, 0xf4,
    0x0, 0xbf, 0xd0, 0x0, 0x1, 0xef, 0xe0, 0x0,
    0xbf, 0xe5, 0x56, 0x8e, 0xff, 0x60, 0x0, 0xbf,
    0xff, 0xff, 0xff, 0xf8, 0x0, 0x0, 0xbf, 0xff,
    0xff, 0xea, 0x40, 0x0,

    /* U+00D1 "Ñ" */
    0x0, 0x8e, 0xfa, 0x20, 0xcf, 0x0, 0x4, 0xfa,
    0x5e, 0xfd, 0xfd, 0x0, 0x6, 0xf5, 0x2, 0xcf,
    0xd3, 0x0, 0x0, 0x0, 0x0, 0x0, 0x0, 0x0,
    0x0, 0x0, 0x0, 0x0, 0x0, 0x0, 0xcf, 0xfb,
    0x0, 0x0, 0xf, 0xf6, 0xcf, 0xff, 0x10, 0x0,
    0xf, 0xf6, 0xcf, 0xff, 0x60, 0x0, 0xf, 0xf6,
    0xcf, 0xef, 0xb0, 0x0, 0xf, 0xf6, 0xcf, 0x9f,
    0xf1, 0x0, 0xf, 0xf6, 0xcf, 0x8c, 0xf6, 0x0,
    0xf, 0xf6, 0xcf, 0x97, 0xfb, 0x0, 0xf, 0xf6,
    0xcf, 0x92, 0xff, 0x10, 0xf, 0xf6, 0xcf, 0xa0,
    0xcf, 0x60, 0xf, 0xf6, 0xcf, 0xa0, 0x7f, 0xc0,
    0xf, 0xf6, 0xcf, 0xa0, 0x2f, 0xf1, 0xf, 0xf6,
    0xcf, 0xa0, 0xc, 0xf6, 0xf, 0xf6, 0xcf, 0xa0,
    0x7, 0xfc, 0xf, 0xf6, 0xcf, 0xa0, 0x2, 0xff,
    0x1f, 0xf6, 0xcf, 0xa0, 0x0, 0xcf, 0x6f, 0xf6,
    0xcf, 0xa0, 0x0, 0x7f, 0xce, 0xf6, 0xcf, 0xa0,
    0x0, 0x2f, 0xfe, 0xf6, 0xcf, 0xa0, 0x0, 0xc,
    0xff, 0xf6, 0xcf, 0xa0, 0x0, 0x7, 0xff, 0xf6,
    0xcf, 0xa0, 0x0, 0x2, 0xff, 0xf6,

    /* U+00D2 "Ò" */
    0x0, 0x78, 0x70, 0x0, 0x0, 0x0, 0x0, 0x5f,
    0xf7, 0x0, 0x0, 0x0, 0x0, 0x7, 0xff, 0x40,
    0x0, 0x0, 0x0, 0x0, 0x9f, 0xf2, 0x0, 0x0,
    0x0, 0x0, 0x0, 0x0, 0x0, 0x0, 0x0, 0x0,
    0x0, 0x0, 0x0, 0x0, 0x0, 0x29, 0xdf, 0xfc,
    0x60, 0x0, 0x4, 0xff, 0xff, 0xff, 0xfc, 0x0,
    0x1e, 0xff, 0x96, 0x7c, 0xff, 0x90, 0x7f, 0xf6,
    0x0, 0x0, 0xcf, 0xf1, 0xbf, 0xe0, 0x0, 0x0,
    0x5f, 0xf4, 0xcf, 0xc0, 0x0, 0x0, 0x2f, 0xf6,
    0xdf, 0xc0, 0x0, 0x0, 0x2f, 0xf6, 0xdf, 0xc0,
    0x0, 0x0, 0x2f, 0xf6, 0xdf, 0xc0, 0x0, 0x0,
    0x2f, 0xf6, 0xdf, 0xc0, 0x0, 0x0, 0x2f, 0xf6,
    0xdf, 0xc0, 0x0, 0x0, 0x2f, 0xf6, 0xdf, 0xc0,
    0x0, 0x0, 0x2f, 0xf6, 0xdf, 0xc0, 0x0, 0x0,
    0x2f, 0xf6, 0xdf, 0xc0, 0x0, 0x0, 0x2f, 0xf6,
    0xcf, 0xc0, 0x0, 0x0, 0x2f, 0xf6, 0xaf, 0xe0,
    0x0, 0x0, 0x5f, 0xf4, 0x7f, 0xf6, 0x0, 0x0,
    0xcf, 0xf1, 0x1e, 0xff, 0xa6, 0x7d, 0xff, 0x90,
    0x4, 0xff, 0xff, 0xff, 0xfc, 0x0, 0x0, 0x29,
    0xdf, 0xfc, 0x60, 0x0,

    /* U+00D3 "Ó" */
    0x0, 0x0, 0x0, 0x28, 0x83, 0x0, 0x0, 0x0,
    0x0, 0xdf, 0xd0, 0x0, 0x0, 0x0, 0xa, 0xfe,
    0x10, 0x0, 0x0, 0x0, 0x6f, 0xf3, 0x0, 0x0,
    0x0, 0x0, 0x0, 0x0, 0x0, 0x0, 0x0, 0x0,
    0x0, 0x0, 0x0, 0x0, 0x0, 0x29, 0xdf, 0xfc,
    0x60, 0x0, 0x4, 0xff, 0xff, 0xff, 0xfc, 0x0,
    0x1e, 0xff, 0x96, 0x7c, 0xff, 0x90, 0x7f, 0xf6,
    0x0, 0x0, 0xcf, 0xf1, 0xbf, 0xe0, 0x0, 0x0,
    0x5f, 0xf4, 0xcf, 0xc0, 0x0, 0x0, 0x2f, 0xf6,
    0xdf, 0xc0, 0x0, 0x0, 0x2f, 0xf6, 0xdf, 0xc0,
    0x0, 0x0, 0x2f, 0xf6, 0xdf, 0xc0, 0x0, 0x0,
    0x2f, 0xf6, 0xdf, 0xc0, 0x0, 0x0, 0x2f, 0xf6,
    0xdf, 0xc0, 0x0, 0x0, 0x2f, 0xf6, 0xdf, 0xc0,
    0x0, 0x0, 0x2f, 0xf6, 0xdf, 0xc0, 0x0, 0x0,
    0x2f, 0xf6, 0xdf, 0xc0, 0x0, 0x0, 0x2f, 0xf6,
    0xcf, 0xc0, 0x0, 0x0, 0x2f, 0xf6, 0xaf, 0xe0,
    0x0, 0x0, 0x5f, 0xf4, 0x7f, 0xf6, 0x0, 0x0,
    0xcf, 0xf1, 0x1e, 0xff, 0xa6, 0x7d, 0xff, 0x90,
    0x4, 0xff, 0xff, 0xff, 0xfc, 0x0, 0x0, 0x29,
    0xdf, 0xfc, 0x60, 0x0,

    /* U+00D4 "Ô" */
    0x0, 0x0, 0x58, 0x71, 0x0, 0x0, 0x0, 0x6,
    0xff, 0xfd, 0x20, 0x0, 0x0, 0x7f, 0xf6, 0xbf,
    0xe2, 0x0, 0x7, 0xff, 0x50, 0xa, 0xfe, 0x20,
    0x0, 0x0, 0x0, 0x0, 0x0, 0x0, 0x0, 0x0,
    0x0, 0x0, 0x0, 0x0, 0x0, 0x29, 0xdf, 0xfc,
    0x60, 0x0, 0x4, 0xff, 0xff, 0xff, 0xfc, 0x0,
    0x1e, 0xff, 0x96, 0x7c, 0xff, 0x90, 0x7f, 0xf6,
    0x0, 0x0, 0xcf, 0xf1, 0xbf, 0xe0, 0x0, 0x0,
    0x5f, 0xf4, 0xcf, 0xc0, 0x0, 0x0, 0x2f, 0xf6,
    0xdf, 0xc0, 0x0, 0x0, 0x2f, 0xf6, 0xdf, 0xc0,
    0x0, 0x0, 0x2f, 0xf6, 0xdf, 0xc0, 0x0, 0x0,
    0x2f, 0xf6, 0xdf, 0xc0, 0x0, 0x0, 0x2f, 0xf6,
    0xdf, 0xc0, 0x0, 0x0, 0x2f, 0xf6, 0xdf, 0xc0,
    0x0, 0x0, 0x2f, 0xf6, 0xdf, 0xc0, 0x0, 0x0,
    0x2f, 0xf6, 0xdf, 0xc0, 0x0, 0x0, 0x2f, 0xf6,
    0xcf, 0xc0, 0x0, 0x0, 0x2f, 0xf6, 0xaf, 0xe0,
    0x0, 0x0, 0x5f, 0xf4, 0x7f, 0xf6, 0x0, 0x0,
    0xcf, 0xf1, 0x1e, 0xff, 0xa6, 0x7d, 0xff, 0x90,
    0x4, 0xff, 0xff, 0xff, 0xfc, 0x0, 0x0, 0x29,
    0xdf, 0xfc, 0x60, 0x0,

    /* U+00D5 "Õ" */
    0x0, 0x3a, 0xb4, 0x0, 0x8c, 0x0, 0x1, 0xff,
    0xff, 0x50, 0xcf, 0x0, 0x5, 0xf7, 0x2d, 0xfd,
    0xfb, 0x0, 0x6, 0xf5, 0x1, 0xbf, 0xc2, 0x0,
    0x0, 0x0, 0x0, 0x0, 0x0, 0x0, 0x0, 0x0,
    0x0, 0x0, 0x0, 0x0, 0x0, 0x29, 0xdf, 0xfc,
    0x60, 0x0, 0x4, 0xff, 0xff, 0xff, 0xfc, 0x0,
    0x1e, 0xff, 0x96, 0x7c, 0xff, 0x90, 0x7f, 0xf6,
    0x0, 0x0, 0xcf, 0xf1, 0xbf, 0xe0, 0x0, 0x0,
    0x5f, 0xf4, 0xcf, 0xc0, 0x0, 0x0, 0x2f, 0xf6,
    0xdf, 0xc0, 0x0, 0x0, 0x2f, 0xf6, 0xdf, 0xc0,
    0x0, 0x0, 0x2f, 0xf6, 0xdf, 0xc0, 0x0, 0x0,
    0x2f, 0xf6, 0xdf, 0xc0, 0x0, 0x0, 0x2f, 0xf6,
    0xdf, 0xc0, 0x0, 0x0, 0x2f, 0xf6, 0xdf, 0xc0,
    0x0, 0x0, 0x2f, 0xf6, 0xdf, 0xc0, 0x0, 0x0,
    0x2f, 0xf6, 0xdf, 0xc0, 0x0, 0x0, 0x2f, 0xf6,
    0xcf, 0xc0, 0x0, 0x0, 0x2f, 0xf6, 0xaf, 0xe0,
    0x0, 0x0, 0x5f, 0xf4, 0x7f, 0xf6, 0x0, 0x0,
    0xcf, 0xf1, 0x1e, 0xff, 0xa6, 0x7d, 0xff, 0x90,
    0x4, 0xff, 0xff, 0xff, 0xfc, 0x0, 0x0, 0x29,
    0xdf, 0xfc, 0x60, 0x0,

    /* U+00D6 "Ö" */
    0x1, 0x76, 0x0, 0x1, 0x75, 0x0, 0xa, 0xff,
    0x60, 0xd, 0xff, 0x40, 0xc, 0xff, 0x80, 0xf,
    0xff, 0x60, 0x5, 0xed, 0x20, 0x7, 0xfc, 0x10,
    0x0, 0x0, 0x0, 0x0, 0x0, 0x0, 0x0, 0x0,
    0x0, 0x0, 0x0, 0x0, 0x0, 0x29, 0xdf, 0xfc,
    0x60, 0x0, 0x4, 0xff, 0xff, 0xff, 0xfc, 0x0,
    0x1e, 0xff, 0x96, 0x7c, 0xff, 0x90, 0x7f, 0xf6,
    0x0, 0x0, 0xcf, 0xf1, 0xbf, 0xe0, 0x0, 0x0,
    0x5f, 0xf4, 0xcf, 0xc0, 0x0, 0x0, 0x2f, 0xf6,
    0xdf, 0xc0, 0x0, 0x0, 0x2f, 0xf6, 0xdf, 0xc0,
    0x0, 0x0, 0x2f, 0xf6, 0xdf, 0xc0, 0x0, 0x0,
    0x2f, 0xf6, 0xdf, 0xc0, 0x0, 0x0, 0x2f, 0xf6,
    0xdf, 0xc0, 0x0, 0x0, 0x2f, 0xf6, 0xdf, 0xc0,
    0x0, 0x0, 0x2f, 0xf6, 0xdf, 0xc0, 0x0, 0x0,
    0x2f, 0xf6, 0xdf, 0xc0, 0x0, 0x0, 0x2f, 0xf6,
    0xcf, 0xc0, 0x0, 0x0, 0x2f, 0xf6, 0xaf, 0xe0,
    0x0, 0x0, 0x5f, 0xf4, 0x7f, 0xf6, 0x0, 0x0,
    0xcf, 0xf1, 0x1e, 0xff, 0xa6, 0x7d, 0xff, 0x90,
    0x4, 0xff, 0xff, 0xff, 0xfc, 0x0, 0x0, 0x29,
    0xdf, 0xfc, 0x60, 0x0,

    /* U+00D7 "×" */
    0x0, 0x0, 0x0, 0x0, 0x0, 0x0, 0x6b, 0x0,
    0x0, 0x4, 0xe2, 0x2f, 0xfa, 0x0, 0x3, 0xff,
    0xb0, 0x6f, 0xfa, 0x3, 0xff, 0xd1, 0x0, 0x7f,
    0xfb, 0xff, 0xd1, 0x0, 0x0, 0x7f, 0xff, 0xd1,
    0x0, 0x0, 0x2, 0xff, 0xf9, 0x0, 0x0, 0x2,
    0xef, 0xff, 0xf8, 0x0, 0x1, 0xef, 0xe2, 0x9f,
    0xf8, 0x1, 0xdf, 0xe2, 0x0, 0x9f, 0xf7, 0xc,
    0xe2, 0x0, 0x0, 0x9f, 0x50, 0x2, 0x0, 0x0,
    0x0, 0x30,

    /* U+00D8 "Ø" */
    0x0, 0x0, 0x0, 0x0, 0x0, 0x0, 0x58, 0x50,
    0x0, 0x2, 0x9d, 0xff, 0xc7, 0x1f, 0xf4, 0x0,
    0x4, 0xff, 0xff, 0xff, 0xff, 0xfb, 0x0, 0x1,
    0xff, 0xf9, 0x66, 0xcf, 0xff, 0x30, 0x0, 0x7f,
    0xf5, 0x0, 0x0, 0xdf, 0xf1, 0x0, 0xb, 0xfe,
    0x0, 0x0, 0x2f, 0xff, 0x50, 0x0, 0xcf, 0xc0,
    0x0, 0xb, 0xff, 0xf6, 0x0, 0xd, 0xfb, 0x0,
    0x4, 0xff, 0xff, 0x60, 0x0, 0xdf, 0xb0, 0x0,
    0xdf, 0x9f, 0xf6, 0x0, 0xd, 0xfb, 0x0, 0x6f,
    0xe2, 0xff, 0x60, 0x0, 0xdf, 0xb0, 0xe, 0xf6,
    0x2f, 0xf6, 0x0, 0xd, 0xfb, 0x7, 0xfd, 0x2,
    0xff, 0x60, 0x0, 0xdf, 0xb1, 0xff, 0x40, 0x2f,
    0xf6, 0x0, 0xd, 0xfb, 0x9f, 0xb0, 0x2, 0xff,
    0x60, 0x0, 0xdf, 0xdf, 0xf2, 0x0, 0x2f, 0xf6,
    0x0, 0xc, 0xff, 0xfa, 0x0, 0x2, 0xff, 0x60,
    0x0, 0xbf, 0xff, 0x10, 0x0, 0x4f, 0xf5, 0x0,
    0x7, 0xff, 0xa0, 0x0, 0xc, 0xff, 0x10, 0x0,
    0x5f, 0xff, 0xa6, 0x7c, 0xff, 0xa0, 0x0, 0xd,
    0xff, 0xff, 0xff, 0xff, 0xc0, 0x0, 0x6, 0xfd,
    0x29, 0xef, 0xfc, 0x70, 0x0, 0x0, 0xef, 0x60,
    0x0, 0x0, 0x0, 0x0, 0x0,

    /* U+00D9 "Ù" */
    0x0, 0x78, 0x70, 0x0, 0x0, 0x0, 0x0, 0x5f,
    0xf7, 0x0, 0x0, 0x0, 0x0, 0x7, 0xff, 0x40,
    0x0, 0x0, 0x0, 0x0, 0x9f, 0xf2, 0x0, 0x0,
    0x0, 0x0, 0x0, 0x0, 0x0, 0x0, 0x0, 0x0,
    0x0, 0x0, 0x0, 0x0, 0xcf, 0xd0, 0x0, 0x0,
    0x3f, 0xf6, 0xcf, 0xd0, 0x0, 0x0, 0x3f, 0xf6,
    0xcf, 0xd0, 0x0, 0x0, 0x3f, 0xf6, 0xcf, 0xd0,
    0x0, 0x0, 0x3f, 0xf6, 0xcf, 0xd0, 0x0, 0x0,
    0x3f, 0xf6, 0xcf, 0xd0, 0x0, 0x0, 0x3f, 0xf6,
    0xcf, 0xd0, 0x0, 0x0, 0x3f, 0xf6, 0xcf, 0xd0,
    0x0, 0x0, 0x3f, 0xf6, 0xcf, 0xd0, 0x0, 0x0,
    0x3f, 0xf6, 0xcf, 0xd0, 0x0, 0x0, 0x3f, 0xf6,
    0xcf, 0xd0, 0x0, 0x0, 0x3f, 0xf6, 0xcf, 0xd0,
    0x0, 0x0, 0x3f, 0xf6, 0xcf, 0xd0, 0x0, 0x0,
    0x3f, 0xf6, 0xcf, 0xd0, 0x0, 0x0, 0x3f, 0xf6,
    0xbf, 0xd0, 0x0, 0x0, 0x3f, 0xf5, 0xaf, 0xf0,
    0x0, 0x0, 0x5f, 0xf4, 0x6f, 0xf7, 0x0, 0x0,
    0xcf, 0xf1, 0x1e, 0xff, 0xa6, 0x7d, 0xff, 0x90,
    0x4, 0xff, 0xff, 0xff, 0xfc, 0x0, 0x0, 0x29,
    0xef, 0xfc, 0x70, 0x0,

    /* U+00DA "Ú" */
    0x0, 0x0, 0x0, 0x28, 0x83, 0x0, 0x0, 0x0,
    0x0, 0xdf, 0xd0, 0x0, 0x0, 0x0, 0xa, 0xfe,
    0x10, 0x0, 0x0, 0x0, 0x6f, 0xf3, 0x0, 0x0,
    0x0, 0x0, 0x0, 0x0, 0x0, 0x0, 0x0, 0x0,
    0x0, 0x0, 0x0, 0x0, 0xcf, 0xd0, 0x0, 0x0,
    0x3f, 0xf6, 0xcf, 0xd0, 0x0, 0x0, 0x3f, 0xf6,
    0xcf, 0xd0, 0x0, 0x0, 0x3f, 0xf6, 0xcf, 0xd0,
    0x0, 0x0, 0x3f, 0xf6, 0xcf, 0xd0, 0x0, 0x0,
    0x3f, 0xf6, 0xcf, 0xd0, 0x0, 0x0, 0x3f, 0xf6,
    0xcf, 0xd0, 0x0, 0x0, 0x3f, 0xf6, 0xcf, 0xd0,
    0x0, 0x0, 0x3f, 0xf6, 0xcf, 0xd0, 0x0, 0x0,
    0x3f, 0xf6, 0xcf, 0xd0, 0x0, 0x0, 0x3f, 0xf6,
    0xcf, 0xd0, 0x0, 0x0, 0x3f, 0xf6, 0xcf, 0xd0,
    0x0, 0x0, 0x3f, 0xf6, 0xcf, 0xd0, 0x0, 0x0,
    0x3f, 0xf6, 0xcf, 0xd0, 0x0, 0x0, 0x3f, 0xf6,
    0xbf, 0xd0, 0x0, 0x0, 0x3f, 0xf5, 0xaf, 0xf0,
    0x0, 0x0, 0x5f, 0xf4, 0x6f, 0xf7, 0x0, 0x0,
    0xcf, 0xf1, 0x1e, 0xff, 0xa6, 0x7d, 0xff, 0x90,
    0x4, 0xff, 0xff, 0xff, 0xfc, 0x0, 0x0, 0x29,
    0xef, 0xfc, 0x70, 0x0,

    /* U+00DB "Û" */
    0x0, 0x0, 0x58, 0x71, 0x0, 0x0, 0x0, 0x6,
    0xff, 0xfd, 0x20, 0x0, 0x0, 0x7f, 0xf6, 0xbf,
    0xe2, 0x0, 0x7, 0xff, 0x50, 0xa, 0xfe, 0x20,
    0x0, 0x0, 0x0, 0x0, 0x0, 0x0, 0x0, 0x0,
    0x0, 0x0, 0x0, 0x0, 0xcf, 0xd0, 0x0, 0x0,
    0x3f, 0xf6, 0xcf, 0xd0, 0x0, 0x0, 0x3f, 0xf6,
    0xcf, 0xd0, 0x0, 0x0, 0x3f, 0xf6, 0xcf, 0xd0,
    0x0, 0x0, 0x3f, 0xf6, 0xcf, 0xd0, 0x0, 0x0,
    0x3f, 0xf6, 0xcf, 0xd0, 0x0, 0x0, 0x3f, 0xf6,
    0xcf, 0xd0, 0x0, 0x0, 0x3f, 0xf6, 0xcf, 0xd0,
    0x0, 0x0, 0x3f, 0xf6, 0xcf, 0xd0, 0x0, 0x0,
    0x3f, 0xf6, 0xcf, 0xd0, 0x0, 0x0, 0x3f, 0xf6,
    0xcf, 0xd0, 0x0, 0x0, 0x3f, 0xf6, 0xcf, 0xd0,
    0x0, 0x0, 0x3f, 0xf6, 0xcf, 0xd0, 0x0, 0x0,
    0x3f, 0xf6, 0xcf, 0xd0, 0x0, 0x0, 0x3f, 0xf6,
    0xbf, 0xd0, 0x0, 0x0, 0x3f, 0xf5, 0xaf, 0xf0,
    0x0, 0x0, 0x5f, 0xf4, 0x6f, 0xf7, 0x0, 0x0,
    0xcf, 0xf1, 0x1e, 0xff, 0xa6, 0x7d, 0xff, 0x90,
    0x4, 0xff, 0xff, 0xff, 0xfc, 0x0, 0x0, 0x29,
    0xef, 0xfc, 0x70, 0x0,

    /* U+00DC "Ü" */
    0x1, 0x76, 0x0, 0x1, 0x75, 0x0, 0xa, 0xff,
    0x60, 0xd, 0xff, 0x40, 0xc, 0xff, 0x80, 0xf,
    0xff, 0x60, 0x5, 0xed, 0x20, 0x7, 0xfc, 0x10,
    0x0, 0x0, 0x0, 0x0, 0x0, 0x0, 0x0, 0x0,
    0x0, 0x0, 0x0, 0x0, 0xcf, 0xd0, 0x0, 0x0,
    0x3f, 0xf6, 0xcf, 0xd0, 0x0, 0x0, 0x3f, 0xf6,
    0xcf, 0xd0, 0x0, 0x0, 0x3f, 0xf6, 0xcf, 0xd0,
    0x0, 0x0, 0x3f, 0xf6, 0xcf, 0xd0, 0x0, 0x0,
    0x3f, 0xf6, 0xcf, 0xd0, 0x0, 0x0, 0x3f, 0xf6,
    0xcf, 0xd0, 0x0, 0x0, 0x3f, 0xf6, 0xcf, 0xd0,
    0x0, 0x0, 0x3f, 0xf6, 0xcf, 0xd0, 0x0, 0x0,
    0x3f, 0xf6, 0xcf, 0xd0, 0x0, 0x0, 0x3f, 0xf6,
    0xcf, 0xd0, 0x0, 0x0, 0x3f, 0xf6, 0xcf, 0xd0,
    0x0, 0x0, 0x3f, 0xf6, 0xcf, 0xd0, 0x0, 0x0,
    0x3f, 0xf6, 0xcf, 0xd0, 0x0, 0x0, 0x3f, 0xf6,
    0xbf, 0xd0, 0x0, 0x0, 0x3f, 0xf5, 0xaf, 0xf0,
    0x0, 0x0, 0x5f, 0xf4, 0x6f, 0xf7, 0x0, 0x0,
    0xcf, 0xf1, 0x1e, 0xff, 0xa6, 0x7d, 0xff, 0x90,
    0x4, 0xff, 0xff, 0xff, 0xfc, 0x0, 0x0, 0x29,
    0xef, 0xfc, 0x70, 0x0,

    /* U+00DD "Ý" */
    0x0, 0x0, 0x0, 0x0, 0x28, 0x84, 0x0, 0x0,
    0x0, 0x0, 0x0, 0xc, 0xfe, 0x10, 0x0, 0x0,
    0x0, 0x0, 0x7, 0xff, 0x40, 0x0, 0x0, 0x0,
    0x0, 0x2, 0xff, 0x80, 0x0, 0x0, 0x0, 0x0,
    0x0, 0x58, 0x70, 0x0, 0x0, 0x0, 0x0, 0x0,
    0x0, 0x0, 0x0, 0x0, 0x0, 0xe, 0xfc, 0x0,
    0x0, 0x0, 0x2, 0xff, 0x80, 0x7f, 0xf3, 0x0,
    0x0, 0x0, 0x8f, 0xf1, 0x1, 0xff, 0xa0, 0x0,
    0x0, 0xf, 0xfa, 0x0, 0x9, 0xff, 0x20, 0x0,
    0x7, 0xff, 0x30, 0x0, 0x2f, 0xf9, 0x0, 0x0,
    0xdf, 0xb0, 0x0, 0x0, 0xaf, 0xf0, 0x0, 0x5f,
    0xf4, 0x0, 0x0, 0x3, 0xff, 0x70, 0xc, 0xfd,
    0x0, 0x0, 0x0, 0xc, 0xfe, 0x3, 0xff, 0x60,
    0x0, 0x0, 0x0, 0x5f, 0xf4, 0xaf, 0xe0, 0x0,
    0x0, 0x0, 0x0, 0xdf, 0xbf, 0xf7, 0x0, 0x0,
    0x0, 0x0, 0x6, 0xff, 0xff, 0x10, 0x0, 0x0,
    0x0, 0x0, 0xe, 0xff, 0x90, 0x0, 0x0, 0x0,
    0x0, 0x0, 0x8f, 0xf2, 0x0, 0x0, 0x0, 0x0,
    0x0, 0x7, 0xff, 0x10, 0x0, 0x0, 0x0, 0x0,
    0x0, 0x7f, 0xf1, 0x0, 0x0, 0x0, 0x0, 0x0,
    0x7, 0xff, 0x10, 0x0, 0x0, 0x0, 0x0, 0x0,
    0x7f, 0xf1, 0x0, 0x0, 0x0, 0x0, 0x0, 0x7,
    0xff, 0x10, 0x0, 0x0, 0x0, 0x0, 0x0, 0x7f,
    0xf1, 0x0, 0x0, 0x0, 0x0, 0x0, 0x7, 0xff,
    0x10, 0x0, 0x0,

    /* U+00DE "Þ" */
    0xbf, 0xd0, 0x0, 0x0, 0x0, 0x0, 0xb, 0xfd,
    0x0, 0x0, 0x0, 0x0, 0x0, 0xbf, 0xd0, 0x0,
    0x0, 0x0, 0x0, 0xb, 0xfd, 0x0, 0x0, 0x0,
    0x0, 0x0, 0xbf, 0xe5, 0x55, 0x43, 0x10, 0x0,
    0xb, 0xff, 0xff, 0xff, 0xff, 0xb2, 0x0, 0xbf,
    0xff, 0xff, 0xff, 0xff, 0xe2, 0xb, 0xfd, 0x0,
    0x0, 0x29, 0xff, 0xc0, 0xbf, 0xd0, 0x0, 0x0,
    0xa, 0xff, 0x2b, 0xfd, 0x0, 0x0, 0x0, 0x5f,
    0xf5, 0xbf, 0xd0, 0x0, 0x0, 0x5, 0xff, 0x5b,
    0xfd, 0x0, 0x0, 0x0, 0xaf, 0xf2, 0xbf, 0xd0,
    0x0, 0x2, 0x9f, 0xfd, 0xb, 0xff, 0xff, 0xff,
    0xff, 0xff, 0x30, 0xbf, 0xff, 0xff, 0xff, 0xfb,
    0x20, 0xb, 0xfe, 0x55, 0x55, 0x41, 0x0, 0x0,
    0xbf, 0xd0, 0x0, 0x0, 0x0, 0x0, 0xb, 0xfd,
    0x0, 0x0, 0x0, 0x0, 0x0, 0xbf, 0xd0, 0x0,
    0x0, 0x0, 0x0, 0xb, 0xfd, 0x0, 0x0, 0x0,
    0x0, 0x0,

    /* U+00DF "ß" */
    0x0, 0x17, 0xdf, 0xec, 0x70, 0x0, 0x0, 0x2d,
    0xff, 0xff, 0xff, 0xd1, 0x0, 0xd, 0xff, 0xb6,
    0x7d, 0xff, 0xb0, 0x5, 0xff, 0x80, 0x0, 0xc,
    0xff, 0x30, 0x9f, 0xf0, 0x0, 0x0, 0x4f, 0xf6,
    0xb, 0xfd, 0x0, 0x0, 0x2, 0xff, 0x60, 0xbf,
    0xd0, 0x0, 0x0, 0x4f, 0xf4, 0xb, 0xfd, 0x0,
    0x0, 0xb, 0xfd, 0x0, 0xbf, 0xd0, 0x14, 0x6c,
    0xfe, 0x30, 0xb, 0xfd, 0x4, 0xff, 0xfd, 0x20,
    0x0, 0xbf, 0xd0, 0x4f, 0xff, 0xfe, 0x40, 0xb,
    0xfd, 0x0, 0x1, 0x4d, 0xff, 0x20, 0xbf, 0xd0,
    0x0, 0x0, 0x2f, 0xfa, 0xb, 0xfd, 0x0, 0x0,
    0x0, 0xbf, 0xe0, 0xbf, 0xd0, 0x0, 0x0, 0xa,
    0xff, 0xb, 0xfd, 0x0, 0x0, 0x0, 0xdf, 0xe0,
    0xbf, 0xd0, 0x0, 0x0, 0x7f, 0xfa, 0xb, 0xfd,
    0x1, 0x67, 0xbf, 0xff, 0x30, 0xbf, 0xd0, 0x4f,
    0xff, 0xff, 0x50, 0xb, 0xfd, 0x4, 0xff, 0xd9,
    0x20, 0x0,

    /* U+00E0 "à" */
    0x0, 0x6, 0x87, 0x0, 0x0, 0x0, 0x0, 0x0,
    0x4f, 0xf8, 0x0, 0x0, 0x0, 0x0, 0x0, 0x8f,
    0xf3, 0x0, 0x0, 0x0, 0x0, 0x0, 0xcf, 0xd0,
    0x0, 0x0, 0x0, 0x0, 0x1, 0x88, 0x30, 0x0,
    0x0, 0x0, 0x0, 0x0, 0x0, 0x0, 0x0, 0x0,
    0x0, 0x0, 0x0, 0x0, 0x0, 0x0, 0x0, 0x3a,
    0xef, 0xfd, 0x81, 0x0, 0x0, 0x6f, 0xff, 0xff,
    0xff, 0xe2, 0x0, 0x3f, 0xfe, 0x74, 0x5a, 0xff,
    0xc0, 0x8, 0xff, 0x10, 0x0, 0x9, 0xff, 0x20,
    0x1, 0x10, 0x0, 0x0, 0x5f, 0xf4, 0x0, 0x0,
    0x0, 0x0, 0x4, 0xff, 0x50, 0x2, 0xae, 0xff,
    0xff, 0xff, 0xf5, 0x3, 0xff, 0xff, 0xff, 0xff,
    0xff, 0x50, 0xdf, 0xf4, 0x0, 0x0, 0x4f, 0xf5,
    0x3f, 0xf7, 0x0, 0x0, 0x4, 0xff, 0x54, 0xff,
    0x50, 0x0, 0x0, 0x6f, 0xf5, 0x3f, 0xfa, 0x0,
    0x0, 0xd, 0xff, 0x50, 0xdf, 0xfa, 0x44, 0x6d,
    0xcf, 0xf5, 0x4, 0xff, 0xff, 0xff, 0xe5, 0xff,
    0x50, 0x2, 0xae, 0xfe, 0x92, 0x3f, 0xf5,

    /* U+00E1 "á" */
    0x0, 0x0, 0x0, 0x1, 0x78, 0x50, 0x0, 0x0,
    0x0, 0x0, 0xaf, 0xf2, 0x0, 0x0, 0x0, 0x0,
    0x5f, 0xf5, 0x0, 0x0, 0x0, 0x0, 0x1e, 0xfa,
    0x0, 0x0, 0x0, 0x0, 0x4, 0x87, 0x0, 0x0,
    0x0, 0x0, 0x0, 0x0, 0x0, 0x0, 0x0, 0x0,
    0x0, 0x0, 0x0, 0x0, 0x0, 0x0, 0x0, 0x3a,
    0xef, 0xfd, 0x81, 0x0, 0x0, 0x6f, 0xff, 0xff,
    0xff, 0xe2, 0x0, 0x3f, 0xfe, 0x74, 0x5a, 0xff,
    0xc0, 0x8, 0xff, 0x10, 0x0, 0x9, 0xff, 0x20,
    0x1, 0x10, 0x0, 0x0, 0x5f, 0xf4, 0x0, 0x0,
    0x0, 0x0, 0x4, 0xff, 0x50, 0x2, 0xae, 0xff,
    0xff, 0xff, 0xf5, 0x3, 0xff, 0xff, 0xff, 0xff,
    0xff, 0x50, 0xdf, 0xf4, 0x0, 0x0, 0x4f, 0xf5,
    0x3f, 0xf7, 0x0, 0x0, 0x4, 0xff, 0x54, 0xff,
    0x50, 0x0, 0x0, 0x6f, 0xf5, 0x3f, 0xfa, 0x0,
    0x0, 0xd, 0xff, 0x50, 0xdf, 0xfa, 0x44, 0x6d,
    0xcf, 0xf5, 0x4, 0xff, 0xff, 0xff, 0xe5, 0xff,
    0x50, 0x2, 0xae, 0xfe, 0x92, 0x3f, 0xf5,

    /* U+00E2 "â" */
    0x0, 0x0, 0x3, 0x88, 0x20, 0x0, 0x0, 0x0,
    0x3, 0xff, 0xfe, 0x10, 0x0, 0x0, 0x2, 0xef,
    0xbc, 0xfd, 0x10, 0x0, 0x1, 0xdf, 0xc0, 0x1d,
    0xfc, 0x0, 0x0, 0x58, 0x71, 0x0, 0x17, 0x84,
    0x0, 0x0, 0x0, 0x0, 0x0, 0x0, 0x0, 0x0,
    0x0, 0x0, 0x0, 0x0, 0x0, 0x0, 0x0, 0x3a,
    0xef, 0xfd, 0x81, 0x0, 0x0, 0x6f, 0xff, 0xff,
    0xff, 0xe2, 0x0, 0x3f, 0xfe, 0x74, 0x5a, 0xff,
    0xc0, 0x8, 0xff, 0x10, 0x0, 0x9, 0xff, 0x20,
    0x1, 0x10, 0x0, 0x0, 0x5f, 0xf4, 0x0, 0x0,
    0x0, 0x0, 0x4, 0xff, 0x50, 0x2, 0xae, 0xff,
    0xff, 0xff, 0xf5, 0x3, 0xff, 0xff, 0xff, 0xff,
    0xff, 0x50, 0xdf, 0xf4, 0x0, 0x0, 0x4f, 0xf5,
    0x3f, 0xf7, 0x0, 0x0, 0x4, 0xff, 0x54, 0xff,
    0x50, 0x0, 0x0, 0x6f, 0xf5, 0x3f, 0xfa, 0x0,
    0x0, 0xd, 0xff, 0x50, 0xdf, 0xfa, 0x44, 0x6d,
    0xcf, 0xf5, 0x4, 0xff, 0xff, 0xff, 0xe5, 0xff,
    0x50, 0x2, 0xae, 0xfe, 0x92, 0x3f, 0xf5,

    /* U+00E3 "ã" */
    0x0, 0x7, 0xef, 0xc5, 0xa, 0xf2, 0x0, 0x2,
    0xfa, 0x1b, 0xff, 0xfe, 0x0, 0x0, 0x3c, 0x50,
    0x7, 0xba, 0x30, 0x0, 0x0, 0x0, 0x0, 0x0,
    0x0, 0x0, 0x0, 0x0, 0x0, 0x0, 0x0, 0x0,
    0x0, 0x0, 0x0, 0x0, 0x0, 0x0, 0x0, 0x0,
    0x3, 0xae, 0xff, 0xd8, 0x10, 0x0, 0x6, 0xff,
    0xff, 0xff, 0xfe, 0x20, 0x3, 0xff, 0xe7, 0x45,
    0xaf, 0xfc, 0x0, 0x8f, 0xf1, 0x0, 0x0, 0x9f,
    0xf2, 0x0, 0x11, 0x0, 0x0, 0x5, 0xff, 0x40,
    0x0, 0x0, 0x0, 0x0, 0x4f, 0xf5, 0x0, 0x2a,
    0xef, 0xff, 0xff, 0xff, 0x50, 0x3f, 0xff, 0xff,
    0xff, 0xff, 0xf5, 0xd, 0xff, 0x40, 0x0, 0x4,
    0xff, 0x53, 0xff, 0x70, 0x0, 0x0, 0x4f, 0xf5,
    0x4f, 0xf5, 0x0, 0x0, 0x6, 0xff, 0x53, 0xff,
    0xa0, 0x0, 0x0, 0xdf, 0xf5, 0xd, 0xff, 0xa4,
    0x46, 0xdc, 0xff, 0x50, 0x4f, 0xff, 0xff, 0xfe,
    0x5f, 0xf5, 0x0, 0x2a, 0xef, 0xe9, 0x23, 0xff,
    0x50,

    /* U+00E4 "ä" */
    0x0, 0x3e, 0xe3, 0x0, 0x5e, 0xd2, 0x0, 0xa,
    0xff, 0xa0, 0xd, 0xff, 0x80, 0x0, 0x8f, 0xf8,
    0x0, 0xbf, 0xf6, 0x0, 0x0, 0x66, 0x0, 0x1,
    0x76, 0x0, 0x0, 0x0, 0x0, 0x0, 0x0, 0x0,
    0x0, 0x0, 0x0, 0x0, 0x0, 0x0, 0x0, 0x0,
    0x3, 0xae, 0xff, 0xd8, 0x10, 0x0, 0x6, 0xff,
    0xff, 0xff, 0xfe, 0x20, 0x3, 0xff, 0xe7, 0x45,
    0xaf, 0xfc, 0x0, 0x8f, 0xf1, 0x0, 0x0, 0x9f,
    0xf2, 0x0, 0x11, 0x0, 0x0, 0x5, 0xff, 0x40,
    0x0, 0x0, 0x0, 0x0, 0x4f, 0xf5, 0x0, 0x2a,
    0xef, 0xff, 0xff, 0xff, 0x50, 0x3f, 0xff, 0xff,
    0xff, 0xff, 0xf5, 0xd, 0xff, 0x40, 0x0, 0x4,
    0xff, 0x53, 0xff, 0x70, 0x0, 0x0, 0x4f, 0xf5,
    0x4f, 0xf5, 0x0, 0x0, 0x6, 0xff, 0x53, 0xff,
    0xa0, 0x0, 0x0, 0xdf, 0xf5, 0xd, 0xff, 0xa4,
    0x46, 0xdc, 0xff, 0x50, 0x4f, 0xff, 0xff, 0xfe,
    0x5f, 0xf5, 0x0, 0x2a, 0xef, 0xe9, 0x23, 0xff,
    0x50,

    /* U+00E5 "å" */
    0x0, 0x0, 0x0, 0x10, 0x0, 0x0, 0x0, 0x0,
    0x2, 0xcf, 0xfb, 0x10, 0x0, 0x0, 0x0, 0xdf,
    0x77, 0xfb, 0x0, 0x0, 0x0, 0x2f, 0x70, 0xa,
    0xf0, 0x0, 0x0, 0x3, 0xf7, 0x0, 0x9f, 0x0,
    0x0, 0x0, 0xe, 0xd3, 0x4e, 0xc0, 0x0, 0x0,
    0x0, 0x4e, 0xff, 0xd2, 0x0, 0x0, 0x0, 0x0,
    0x4, 0x30, 0x0, 0x0, 0x0, 0x0, 0x0, 0x0,
    0x0, 0x0, 0x0, 0x0, 0x3a, 0xef, 0xfd, 0x81,
    0x0, 0x0, 0x6f, 0xff, 0xff, 0xff, 0xe2, 0x0,
    0x3f, 0xfe, 0x74, 0x5a, 0xff, 0xc0, 0x8, 0xff,
    0x10, 0x0, 0x9, 0xff, 0x20, 0x1, 0x10, 0x0,
    0x0, 0x5f, 0xf4, 0x0, 0x0, 0x0, 0x0, 0x4,
    0xff, 0x50, 0x2, 0xae, 0xff, 0xff, 0xff, 0xf5,
    0x3, 0xff, 0xff, 0xff, 0xff, 0xff, 0x50, 0xdf,
    0xf4, 0x0, 0x0, 0x4f, 0xf5, 0x3f, 0xf7, 0x0,
    0x0, 0x4, 0xff, 0x54, 0xff, 0x50, 0x0, 0x0,
    0x6f, 0xf5, 0x3f, 0xfa, 0x0, 0x0, 0xd, 0xff,
    0x50, 0xdf, 0xfa, 0x44, 0x6d, 0xcf, 0xf5, 0x4,
    0xff, 0xff, 0xff, 0xe5, 0xff, 0x50, 0x2, 0xae,
    0xfe, 0x92, 0x3f, 0xf5,

    /* U+00E6 "æ" */
    0x0, 0x3c, 0xfe, 0x80, 0x1a, 0xef, 0xa1, 0x0,
    0x2f, 0xff, 0xff, 0x8c, 0xff, 0xff, 0xd0, 0x9,
    0xfe, 0x33, 0xdf, 0xfa, 0x25, 0xff, 0x60, 0xad,
    0x60, 0x5, 0xff, 0x10, 0xb, 0xfa, 0x0, 0x0,
    0x0, 0x3f, 0xf0, 0x0, 0x9f, 0xb0, 0x0, 0x0,
    0x3, 0xff, 0x0, 0x9, 0xfb, 0x0, 0x4c, 0xff,
    0xff, 0xff, 0xff, 0xff, 0xb0, 0x4f, 0xff, 0xee,
    0xff, 0xee, 0xee, 0xea, 0xd, 0xfb, 0x0, 0x3f,
    0xf0, 0x0, 0x0, 0x1, 0xff, 0x30, 0x3, 0xff,
    0x0, 0x0, 0x0, 0x2f, 0xf2, 0x0, 0x3f, 0xf0,
    0x0, 0x0, 0x1, 0xff, 0x40, 0x5, 0xff, 0x10,
    0xa, 0xfa, 0xd, 0xfd, 0x33, 0xde, 0xfa, 0x25,
    0xff, 0x70, 0x4f, 0xff, 0xff, 0x7b, 0xff, 0xff,
    0xe1, 0x0, 0x4c, 0xfd, 0x70, 0x1a, 0xef, 0xa1,
    0x0,

    /* U+00E7 "ç" */
    0x0, 0x18, 0xdf, 0xfd, 0x81, 0x0, 0x3, 0xef,
    0xff, 0xff, 0xfe, 0x30, 0x1e, 0xff, 0xa6, 0x6a,
    0xff, 0xe1, 0x7f, 0xf7, 0x0, 0x0, 0x6f, 0xf6,
    0xbf, 0xf0, 0x0, 0x0, 0xf, 0xfa, 0xcf, 0xc0,
    0x0, 0x0, 0x0, 0x10, 0xcf, 0xc0, 0x0, 0x0,
    0x0, 0x0, 0xcf, 0xc0, 0x0, 0x0, 0x0, 0x0,
    0xcf, 0xc0, 0x0, 0x0, 0x0, 0x0, 0xcf, 0xc0,
    0x0, 0x0, 0x1, 0x10, 0xbf, 0xf0, 0x0, 0x0,
    0xf, 0xfa, 0x7f, 0xf7, 0x0, 0x0, 0x6f, 0xf6,
    0x1e, 0xff, 0xb7, 0x6a, 0xff, 0xe1, 0x3, 0xef,
    0xff, 0xff, 0xfe, 0x30, 0x0, 0x18, 0xef, 0xfd,
    0x81, 0x0, 0x0, 0x0, 0xdd, 0x20, 0x0, 0x0,
    0x0, 0x1, 0x8b, 0xfc, 0x20, 0x0, 0x0, 0x0,
    0x0, 0x9f, 0xc0, 0x0, 0x0, 0x5, 0x89, 0xff,
    0xa0, 0x0, 0x0, 0xa, 0xff, 0xe9, 0x10, 0x0,

    /* U+00E8 "è" */
    0x0, 0x78, 0x60, 0x0, 0x0, 0x0, 0x0, 0x6f,
    0xf6, 0x0, 0x0, 0x0, 0x0, 0xa, 0xff, 0x20,
    0x0, 0x0, 0x0, 0x0, 0xdf, 0xc0, 0x0, 0x0,
    0x0, 0x0, 0x28, 0x82, 0x0, 0x0, 0x0, 0x0,
    0x0, 0x0, 0x0, 0x0, 0x0, 0x0, 0x0, 0x0,
    0x0, 0x0, 0x0, 0x29, 0xdf, 0xec, 0x60, 0x0,
    0x4, 0xff, 0xff, 0xff, 0xfc, 0x10, 0x1f, 0xfe,
    0x63, 0x49, 0xff, 0xb0, 0x8f, 0xf2, 0x0, 0x0,
    0x8f, 0xf2, 0xcf, 0xb0, 0x0, 0x0, 0x2f, 0xf6,
    0xef, 0x90, 0x0, 0x0, 0xf, 0xf8, 0xef, 0xff,
    0xff, 0xff, 0xff, 0xf8, 0xef, 0xff, 0xff, 0xff,
    0xff, 0xf8, 0xef, 0x90, 0x0, 0x0, 0x0, 0x0,
    0xef, 0xa0, 0x0, 0x0, 0x0, 0x0, 0xcf, 0xc0,
    0x0, 0x0, 0x1, 0x10, 0x8f, 0xf4, 0x0, 0x0,
    0x7f, 0xf3, 0x1f, 0xff, 0x84, 0x59, 0xff, 0xd0,
    0x4, 0xff, 0xff, 0xff, 0xfe, 0x20, 0x0, 0x29,
    0xdf, 0xfc, 0x70, 0x0,

    /* U+00E9 "é" */
    0x0, 0x0, 0x0, 0x28, 0x84, 0x0, 0x0, 0x0,
    0x0, 0xcf, 0xe1, 0x0, 0x0, 0x0, 0x7, 0xff,
    0x40, 0x0, 0x0, 0x0, 0x2f, 0xf8, 0x0, 0x0,
    0x0, 0x0, 0x58, 0x70, 0x0, 0x0, 0x0, 0x0,
    0x0, 0x0, 0x0, 0x0, 0x0, 0x0, 0x0, 0x0,
    0x0, 0x0, 0x0, 0x29, 0xdf, 0xec, 0x60, 0x0,
    0x4, 0xff, 0xff, 0xff, 0xfc, 0x10, 0x1f, 0xfe,
    0x63, 0x49, 0xff, 0xb0, 0x8f, 0xf2, 0x0, 0x0,
    0x8f, 0xf2, 0xcf, 0xb0, 0x0, 0x0, 0x2f, 0xf6,
    0xef, 0x90, 0x0, 0x0, 0xf, 0xf8, 0xef, 0xff,
    0xff, 0xff, 0xff, 0xf8, 0xef, 0xff, 0xff, 0xff,
    0xff, 0xf8, 0xef, 0x90, 0x0, 0x0, 0x0, 0x0,
    0xef, 0xa0, 0x0, 0x0, 0x0, 0x0, 0xcf, 0xc0,
    0x0, 0x0, 0x1, 0x10, 0x8f, 0xf4, 0x0, 0x0,
    0x7f, 0xf3, 0x1f, 0xff, 0x84, 0x59, 0xff, 0xd0,
    0x4, 0xff, 0xff, 0xff, 0xfe, 0x20, 0x0, 0x29,
    0xdf, 0xfc, 0x70, 0x0,

    /* U+00EA "ê" */
    0x0, 0x0, 0x48, 0x71, 0x0, 0x0, 0x0, 0x4,
    0xff, 0xfd, 0x0, 0x0, 0x0, 0x3f, 0xfa, 0xef,
    0xc0, 0x0, 0x2, 0xef, 0xa0, 0x2e, 0xfa, 0x0,
    0x6, 0x87, 0x0, 0x2, 0x88, 0x30, 0x0, 0x0,
    0x0, 0x0, 0x0, 0x0, 0x0, 0x0, 0x0, 0x0,
    0x0, 0x0, 0x0, 0x29, 0xdf, 0xec, 0x60, 0x0,
    0x4, 0xff, 0xff, 0xff, 0xfc, 0x10, 0x1f, 0xfe,
    0x63, 0x49, 0xff, 0xb0, 0x8f, 0xf2, 0x0, 0x0,
    0x8f, 0xf2, 0xcf, 0xb0, 0x0, 0x0, 0x2f, 0xf6,
    0xef, 0x90, 0x0, 0x0, 0xf, 0xf8, 0xef, 0xff,
    0xff, 0xff, 0xff, 0xf8, 0xef, 0xff, 0xff, 0xff,
    0xff, 0xf8, 0xef, 0x90, 0x0, 0x0, 0x0, 0x0,
    0xef, 0xa0, 0x0, 0x0, 0x0, 0x0, 0xcf, 0xc0,
    0x0, 0x0, 0x1, 0x10, 0x8f, 0xf4, 0x0, 0x0,
    0x7f, 0xf3, 0x1f, 0xff, 0x84, 0x59, 0xff, 0xd0,
    0x4, 0xff, 0xff, 0xff, 0xfe, 0x20, 0x0, 0x29,
    0xdf, 0xfc, 0x70, 0x0,

    /* U+00EB "ë" */
    0x5, 0xed, 0x20, 0x7, 0xfc, 0x10, 0xc, 0xff,
    0x80, 0xf, 0xff, 0x60, 0xb, 0xff, 0x60, 0xd,
    0xff, 0x40, 0x1, 0x76, 0x0, 0x1, 0x75, 0x0,
    0x0, 0x0, 0x0, 0x0, 0x0, 0x0, 0x0, 0x0,
    0x0, 0x0, 0x0, 0x0, 0x0, 0x29, 0xdf, 0xec,
    0x60, 0x0, 0x4, 0xff, 0xff, 0xff, 0xfc, 0x10,
    0x1f, 0xfe, 0x63, 0x49, 0xff, 0xb0, 0x8f, 0xf2,
    0x0, 0x0, 0x8f, 0xf2, 0xcf, 0xb0, 0x0, 0x0,
    0x2f, 0xf6, 0xef, 0x90, 0x0, 0x0, 0xf, 0xf8,
    0xef, 0xff, 0xff, 0xff, 0xff, 0xf8, 0xef, 0xff,
    0xff, 0xff, 0xff, 0xf8, 0xef, 0x90, 0x0, 0x0,
    0x0, 0x0, 0xef, 0xa0, 0x0, 0x0, 0x0, 0x0,
    0xcf, 0xc0, 0x0, 0x0, 0x1, 0x10, 0x8f, 0xf4,
    0x0, 0x0, 0x7f, 0xf3, 0x1f, 0xff, 0x84, 0x59,
    0xff, 0xd0, 0x4, 0xff, 0xff, 0xff, 0xfe, 0x20,
    0x0, 0x29, 0xdf, 0xfc, 0x70, 0x0,

    /* U+00EC "ì" */
    0x0, 0x5f, 0xf7, 0x0, 0x0, 0x0, 0x0, 0x0,
    0x7f, 0xf5, 0x0, 0x0, 0x0, 0x0, 0x0, 0x9f,
    0xf2, 0x0, 0x0, 0x0, 0x0, 0x0, 0x78, 0x50,
    0x0, 0x0, 0x0, 0x0, 0x0, 0x0, 0x0, 0x0,
    0x0, 0x0, 0x0, 0x0, 0x0, 0x0, 0x0, 0x5f,
    0xff, 0xff, 0xfc, 0x0, 0x0, 0x5, 0xff, 0xff,
    0xff, 0xc0, 0x0, 0x0, 0x26, 0x66, 0x6e, 0xfc,
    0x0, 0x0, 0x0, 0x0, 0x0, 0xdf, 0xc0, 0x0,
    0x0, 0x0, 0x0, 0xd, 0xfc, 0x0, 0x0, 0x0,
    0x0, 0x0, 0xdf, 0xc0, 0x0, 0x0, 0x0, 0x0,
    0xd, 0xfc, 0x0, 0x0, 0x0, 0x0, 0x0, 0xdf,
    0xc0, 0x0, 0x0, 0x0, 0x0, 0xd, 0xfc, 0x0,
    0x0, 0x0, 0x0, 0x0, 0xdf, 0xc0, 0x0, 0x0,
    0x0, 0x0, 0xd, 0xfc, 0x0, 0x0, 0x0, 0x0,
    0x0, 0xdf, 0xc0, 0x0, 0x0, 0x56, 0x66, 0x6e,
    0xfd, 0x66, 0x66, 0x2d, 0xff, 0xff, 0xff, 0xff,
    0xff, 0xf7, 0xdf, 0xff, 0xff, 0xff, 0xff, 0xff,
    0x70,

    /* U+00ED "í" */
    0x0, 0x0, 0x0, 0x2e, 0xfa, 0x0, 0x0, 0x0,
    0x0, 0xc, 0xfd, 0x0, 0x0, 0x0, 0x0, 0x9,
    0xfe, 0x10, 0x0, 0x0, 0x0, 0x1, 0x88, 0x30,
    0x0, 0x0, 0x0, 0x0, 0x0, 0x0, 0x0, 0x0,
    0x0, 0x0, 0x0, 0x0, 0x0, 0x0, 0x0, 0x5f,
    0xff, 0xff, 0xfc, 0x0, 0x0, 0x5, 0xff, 0xff,
    0xff, 0xc0, 0x0, 0x0, 0x26, 0x66, 0x6e, 0xfc,
    0x0, 0x0, 0x0, 0x0, 0x0, 0xdf, 0xc0, 0x0,
    0x0, 0x0, 0x0, 0xd, 0xfc, 0x0, 0x0, 0x0,
    0x0, 0x0, 0xdf, 0xc0, 0x0, 0x0, 0x0, 0x0,
    0xd, 0xfc, 0x0, 0x0, 0x0, 0x0, 0x0, 0xdf,
    0xc0, 0x0, 0x0, 0x0, 0x0, 0xd, 0xfc, 0x0,
    0x0, 0x0, 0x0, 0x0, 0xdf, 0xc0, 0x0, 0x0,
    0x0, 0x0, 0xd, 0xfc, 0x0, 0x0, 0x0, 0x0,
    0x0, 0xdf, 0xc0, 0x0, 0x0, 0x56, 0x66, 0x6e,
    0xfd, 0x66, 0x66, 0x2d, 0xff, 0xff, 0xff, 0xff,
    0xff, 0xf7, 0xdf, 0xff, 0xff, 0xff, 0xff, 0xff,
    0x70,

    /* U+00EE "î" */
    0x0, 0x0, 0x7f, 0xfd, 0x10, 0x0, 0x0, 0x0,
    0x8f, 0xfd, 0xfd, 0x10, 0x0, 0x0, 0x8f, 0xf4,
    0xb, 0xfd, 0x10, 0x0, 0x28, 0x83, 0x0, 0x7,
    0x86, 0x0, 0x0, 0x0, 0x0, 0x0, 0x0, 0x0,
    0x0, 0x0, 0x0, 0x0, 0x0, 0x0, 0x0, 0x5f,
    0xff, 0xff, 0xfc, 0x0, 0x0, 0x5, 0xff, 0xff,
    0xff, 0xc0, 0x0, 0x0, 0x26, 0x66, 0x6e, 0xfc,
    0x0, 0x0, 0x0, 0x0, 0x0, 0xdf, 0xc0, 0x0,
    0x0, 0x0, 0x0, 0xd, 0xfc, 0x0, 0x0, 0x0,
    0x0, 0x0, 0xdf, 0xc0, 0x0, 0x0, 0x0, 0x0,
    0xd, 0xfc, 0x0, 0x0, 0x0, 0x0, 0x0, 0xdf,
    0xc0, 0x0, 0x0, 0x0, 0x0, 0xd, 0xfc, 0x0,
    0x0, 0x0, 0x0, 0x0, 0xdf, 0xc0, 0x0, 0x0,
    0x0, 0x0, 0xd, 0xfc, 0x0, 0x0, 0x0, 0x0,
    0x0, 0xdf, 0xc0, 0x0, 0x0, 0x56, 0x66, 0x6e,
    0xfd, 0x66, 0x66, 0x2d, 0xff, 0xff, 0xff, 0xff,
    0xff, 0xf7, 0xdf, 0xff, 0xff, 0xff, 0xff, 0xff,
    0x70,

    /* U+00EF "ï" */
    0x1, 0xcf, 0x70, 0x2, 0xde, 0x50, 0x0, 0x6f,
    0xff, 0x0, 0x8f, 0xfd, 0x0, 0x4, 0xff, 0xd0,
    0x6, 0xff, 0xb0, 0x0, 0x5, 0x72, 0x0, 0x6,
    0x71, 0x0, 0x0, 0x0, 0x0, 0x0, 0x0, 0x0,
    0x0, 0x0, 0x0, 0x0, 0x0, 0x0, 0x0, 0x5f,
    0xff, 0xff, 0xfc, 0x0, 0x0, 0x5, 0xff, 0xff,
    0xff, 0xc0, 0x0, 0x0, 0x26, 0x66, 0x6e, 0xfc,
    0x0, 0x0, 0x0, 0x0, 0x0, 0xdf, 0xc0, 0x0,
    0x0, 0x0, 0x0, 0xd, 0xfc, 0x0, 0x0, 0x0,
    0x0, 0x0, 0xdf, 0xc0, 0x0, 0x0, 0x0, 0x0,
    0xd, 0xfc, 0x0, 0x0, 0x0, 0x0, 0x0, 0xdf,
    0xc0, 0x0, 0x0, 0x0, 0x0, 0xd, 0xfc, 0x0,
    0x0, 0x0, 0x0, 0x0, 0xdf, 0xc0, 0x0, 0x0,
    0x0, 0x0, 0xd, 0xfc, 0x0, 0x0, 0x0, 0x0,
    0x0, 0xdf, 0xc0, 0x0, 0x0, 0x56, 0x66, 0x6e,
    0xfd, 0x66, 0x66, 0x2d, 0xff, 0xff, 0xff, 0xff,
    0xff, 0xf7, 0xdf, 0xff, 0xff, 0xff, 0xff, 0xff,
    0x70,

    /* U+00F0 "ð" */
    0x0, 0x0, 0x0, 0x0, 0x0, 0x0, 0x0, 0x0,
    0x8f, 0xf6, 0x0, 0x6e, 0x10, 0x0, 0x0, 0xcf,
    0xf8, 0xef, 0xf1, 0x0, 0x0, 0x4, 0xff, 0xff,
    0xd6, 0x0, 0x0, 0x29, 0xff, 0xff, 0xa0, 0x0,
    0x0, 0xf, 0xff, 0xcc, 0xff, 0x20, 0x0, 0x0,
    0xfb, 0x30, 0x1f, 0xfc, 0x0, 0x0, 0x3, 0x0,
    0x0, 0x6f, 0xf6, 0x0, 0x0, 0x0, 0x0, 0x0,
    0xbf, 0xf1, 0x0, 0x0, 0x5b, 0xef, 0xb4, 0xff,
    0x80, 0x0, 0x9f, 0xff, 0xff, 0xfc, 0xff, 0x0,
    0x6f, 0xfe, 0x62, 0x39, 0xff, 0xf5, 0xd, 0xff,
    0x20, 0x0, 0x7, 0xff, 0xa2, 0xff, 0x80, 0x0,
    0x0, 0xe, 0xfc, 0x3f, 0xf5, 0x0, 0x0, 0x0,
    0xbf, 0xe3, 0xff, 0x60, 0x0, 0x0, 0xc, 0xfd,
    0x1f, 0xf9, 0x0, 0x0, 0x0, 0xef, 0xa0, 0xcf,
    0xf3, 0x0, 0x0, 0x9f, 0xf5, 0x4, 0xff, 0xf8,
    0x56, 0xbf, 0xfc, 0x0, 0x6, 0xff, 0xff, 0xff,
    0xfc, 0x10, 0x0, 0x2, 0x9d, 0xfe, 0xc6, 0x0,
    0x0,

    /* U+00F1 "ñ" */
    0x0, 0x7e, 0xfc, 0x50, 0xaf, 0x20, 0x2, 0xfa,
    0x1b, 0xff, 0xfe, 0x0, 0x3, 0xc5, 0x0, 0x7b,
    0xa3, 0x0, 0x0, 0x0, 0x0, 0x0, 0x0, 0x0,
    0x0, 0x0, 0x0, 0x0, 0x0, 0x0, 0x0, 0x0,
    0x0, 0x0, 0x0, 0x0, 0xbf, 0xd0, 0x6d, 0xfe,
    0xa2, 0x0, 0xbf, 0xd7, 0xff, 0xff, 0xff, 0x20,
    0xbf, 0xde, 0x95, 0x5b, 0xff, 0xc0, 0xbf, 0xf7,
    0x0, 0x0, 0xcf, 0xf2, 0xbf, 0xf0, 0x0, 0x0,
    0x5f, 0xf4, 0xbf, 0xe0, 0x0, 0x0, 0x3f, 0xf5,
    0xbf, 0xd0, 0x0, 0x0, 0x3f, 0xf5, 0xbf, 0xd0,
    0x0, 0x0, 0x3f, 0xf5, 0xbf, 0xd0, 0x0, 0x0,
    0x3f, 0xf5, 0xbf, 0xd0, 0x0, 0x0, 0x3f, 0xf5,
    0xbf, 0xd0, 0x0, 0x0, 0x3f, 0xf5, 0xbf, 0xd0,
    0x0, 0x0, 0x3f, 0xf5, 0xbf, 0xd0, 0x0, 0x0,
    0x3f, 0xf5, 0xbf, 0xd0, 0x0, 0x0, 0x3f, 0xf5,
    0xbf, 0xd0, 0x0, 0x0, 0x3f, 0xf5,

    /* U+00F2 "ò" */
    0x0, 0xbf, 0xf2, 0x0, 0x0, 0x0, 0x0, 0xd,
    0xfd, 0x0, 0x0, 0x0, 0x0, 0x1, 0xef, 0xb0,
    0x0, 0x0, 0x0, 0x0, 0x28, 0x82, 0x0, 0x0,
    0x0, 0x0, 0x0, 0x0, 0x0, 0x0, 0x0, 0x0,
    0x0, 0x0, 0x0, 0x0, 0x0, 0x29, 0xdf, 0xfc,
    0x70, 0x0, 0x5, 0xff, 0xff, 0xff, 0xfc, 0x10,
    0x2f, 0xff, 0x96, 0x7c, 0xff, 0xa0, 0x8f, 0xf4,
    0x0, 0x0, 0xbf, 0xf2, 0xcf, 0xd0, 0x0, 0x0,
    0x3f, 0xf6, 0xef, 0xa0, 0x0, 0x0, 0x1f, 0xf7,
    0xef, 0xa0, 0x0, 0x0, 0xf, 0xf8, 0xef, 0xa0,
    0x0, 0x0, 0xf, 0xf8, 0xef, 0xa0, 0x0, 0x0,
    0xf, 0xf8, 0xef, 0xa0, 0x0, 0x0, 0x1f, 0xf7,
    0xcf, 0xd0, 0x0, 0x0, 0x3f, 0xf6, 0x8f, 0xf4,
    0x0, 0x0, 0xbf, 0xf2, 0x2f, 0xff, 0x96, 0x7c,
    0xff, 0xa0, 0x5, 0xff, 0xff, 0xff, 0xfc, 0x10,
    0x0, 0x29, 0xef, 0xfc, 0x70, 0x0,

    /* U+00F3 "ó" */
    0x0, 0x0, 0x0, 0x7f, 0xf4, 0x0, 0x0, 0x0,
    0x4, 0xff, 0x70, 0x0, 0x0, 0x0, 0x1e, 0xf9,
    0x0, 0x0, 0x0, 0x0, 0x48, 0x70, 0x0, 0x0,
    0x0, 0x0, 0x0, 0x0, 0x0, 0x0, 0x0, 0x0,
    0x0, 0x0, 0x0, 0x0, 0x0, 0x29, 0xdf, 0xfc,
    0x70, 0x0, 0x5, 0xff, 0xff, 0xff, 0xfc, 0x10,
    0x2f, 0xff, 0x96, 0x7c, 0xff, 0xa0, 0x8f, 0xf4,
    0x0, 0x0, 0xbf, 0xf2, 0xcf, 0xd0, 0x0, 0x0,
    0x3f, 0xf6, 0xef, 0xa0, 0x0, 0x0, 0x1f, 0xf7,
    0xef, 0xa0, 0x0, 0x0, 0xf, 0xf8, 0xef, 0xa0,
    0x0, 0x0, 0xf, 0xf8, 0xef, 0xa0, 0x0, 0x0,
    0xf, 0xf8, 0xef, 0xa0, 0x0, 0x0, 0x1f, 0xf7,
    0xcf, 0xd0, 0x0, 0x0, 0x3f, 0xf6, 0x8f, 0xf4,
    0x0, 0x0, 0xbf, 0xf2, 0x2f, 0xff, 0x96, 0x7c,
    0xff, 0xa0, 0x5, 0xff, 0xff, 0xff, 0xfc, 0x10,
    0x0, 0x29, 0xef, 0xfc, 0x70, 0x0,

    /* U+00F4 "ô" */
    0x0, 0x1, 0xdf, 0xf7, 0x0, 0x0, 0x0, 0x1d,
    0xfd, 0xff, 0x80, 0x0, 0x1, 0xdf, 0xc0, 0x4f,
    0xf9, 0x0, 0x6, 0x87, 0x0, 0x3, 0x88, 0x20,
    0x0, 0x0, 0x0, 0x0, 0x0, 0x0, 0x0, 0x0,
    0x0, 0x0, 0x0, 0x0, 0x0, 0x29, 0xdf, 0xfc,
    0x70, 0x0, 0x5, 0xff, 0xff, 0xff, 0xfc, 0x10,
    0x2f, 0xff, 0x96, 0x7c, 0xff, 0xa0, 0x8f, 0xf4,
    0x0, 0x0, 0xbf, 0xf2, 0xcf, 0xd0, 0x0, 0x0,
    0x3f, 0xf6, 0xef, 0xa0, 0x0, 0x0, 0x1f, 0xf7,
    0xef, 0xa0, 0x0, 0x0, 0xf, 0xf8, 0xef, 0xa0,
    0x0, 0x0, 0xf, 0xf8, 0xef, 0xa0, 0x0, 0x0,
    0xf, 0xf8, 0xef, 0xa0, 0x0, 0x0, 0x1f, 0xf7,
    0xcf, 0xd0, 0x0, 0x0, 0x3f, 0xf6, 0x8f, 0xf4,
    0x0, 0x0, 0xbf, 0xf2, 0x2f, 0xff, 0x96, 0x7c,
    0xff, 0xa0, 0x5, 0xff, 0xff, 0xff, 0xfc, 0x10,
    0x0, 0x29, 0xef, 0xfc, 0x70, 0x0,

    /* U+00F5 "õ" */
    0x0, 0x9e, 0xfb, 0x40, 0xcf, 0x0, 0x4, 0xf8,
    0x1c, 0xff, 0xfd, 0x0, 0x5, 0xc4, 0x0, 0x8b,
    0x92, 0x0, 0x0, 0x0, 0x0, 0x0, 0x0, 0x0,
    0x0, 0x0, 0x0, 0x0, 0x0, 0x0, 0x0, 0x0,
    0x0, 0x0, 0x0, 0x0, 0x0, 0x29, 0xdf, 0xfc,
    0x70, 0x0, 0x5, 0xff, 0xff, 0xff, 0xfc, 0x10,
    0x2f, 0xff, 0x96, 0x7c, 0xff, 0xa0, 0x8f, 0xf4,
    0x0, 0x0, 0xbf, 0xf2, 0xcf, 0xd0, 0x0, 0x0,
    0x3f, 0xf6, 0xef, 0xa0, 0x0, 0x0, 0x1f, 0xf7,
    0xef, 0xa0, 0x0, 0x0, 0xf, 0xf8, 0xef, 0xa0,
    0x0, 0x0, 0xf, 0xf8, 0xef, 0xa0, 0x0, 0x0,
    0xf, 0xf8, 0xef, 0xa0, 0x0, 0x0, 0x1f, 0xf7,
    0xcf, 0xd0, 0x0, 0x0, 0x3f, 0xf6, 0x8f, 0xf4,
    0x0, 0x0, 0xbf, 0xf2, 0x2f, 0xff, 0x96, 0x7c,
    0xff, 0xa0, 0x5, 0xff, 0xff, 0xff, 0xfc, 0x10,
    0x0, 0x29, 0xef, 0xfc, 0x70, 0x0,

    /* U+00F6 "ö" */
    0x5, 0xed, 0x20, 0x7, 0xfc, 0x10, 0xc, 0xff,
    0x80, 0xf, 0xff, 0x60, 0xb, 0xff, 0x60, 0xd,
    0xff, 0x40, 0x1, 0x76, 0x0, 0x1, 0x75, 0x0,
    0x0, 0x0, 0x0, 0x0, 0x0, 0x0, 0x0, 0x0,
    0x0, 0x0, 0x0, 0x0, 0x0, 0x29, 0xdf, 0xfc,
    0x70, 0x0, 0x5, 0xff, 0xff, 0xff, 0xfc, 0x10,
    0x2f, 0xff, 0x96, 0x7c, 0xff, 0xa0, 0x8f, 0xf4,
    0x0, 0x0, 0xbf, 0xf2, 0xcf, 0xd0, 0x0, 0x0,
    0x3f, 0xf6, 0xef, 0xa0, 0x0, 0x0, 0x1f, 0xf7,
    0xef, 0xa0, 0x0, 0x0, 0xf, 0xf8, 0xef, 0xa0,
    0x0, 0x0, 0xf, 0xf8, 0xef, 0xa0, 0x0, 0x0,
    0xf, 0xf8, 0xef, 0xa0, 0x0, 0x0, 0x1f, 0xf7,
    0xcf, 0xd0, 0x0, 0x0, 0x3f, 0xf6, 0x8f, 0xf4,
    0x0, 0x0, 0xbf, 0xf2, 0x2f, 0xff, 0x96, 0x7c,
    0xff, 0xa0, 0x5, 0xff, 0xff, 0xff, 0xfc, 0x10,
    0x0, 0x29, 0xef, 0xfc, 0x70, 0x0,

    /* U+00F7 "÷" */
    0x0, 0x0, 0x1, 0x0, 0x0, 0x0, 0x0, 0xc,
    0xff, 0x60, 0x0, 0x0, 0x5, 0xff, 0xff, 0x0,
    0x0, 0x0, 0x5f, 0xff, 0xe0, 0x0, 0x0, 0x0,
    0x9f, 0xe4, 0x0, 0x0, 0x0, 0x0, 0x0, 0x0,
    0x0, 0x0, 0x0, 0x0, 0x0, 0x0, 0x6, 0xff,
    0xff, 0xff, 0xff, 0xff, 0x6f, 0xff, 0xff, 0xff,
    0xff, 0xf1, 0x44, 0x44, 0x44, 0x44, 0x44, 0x0,
    0x0, 0x0, 0x0, 0x0, 0x0, 0x0, 0x0, 0x10,
    0x0, 0x0, 0x0, 0x0, 0xbf, 0xf6, 0x0, 0x0,
    0x0, 0x5f, 0xff, 0xf0, 0x0, 0x0, 0x5, 0xff,
    0xfe, 0x0, 0x0, 0x0, 0x9, 0xfe, 0x40, 0x0,

    /* U+00F8 "ø" */
    0x0, 0x0, 0x0, 0x0, 0x0, 0x1, 0xff, 0x60,
    0x0, 0x2, 0x9d, 0xfe, 0xc6, 0xaf, 0xb0, 0x0,
    0x4, 0xff, 0xff, 0xff, 0xff, 0xf2, 0x0, 0x1,
    0xff, 0xf9, 0x66, 0xcf, 0xfb, 0x0, 0x0, 0x7f,
    0xf4, 0x0, 0xb, 0xff, 0xf1, 0x0, 0xb, 0xfc,
    0x0, 0x6, 0xff, 0xff, 0x40, 0x0, 0xcf, 0xa0,
    0x2, 0xff, 0x5f, 0xf6, 0x0, 0xd, 0xf9, 0x0,
    0xcf, 0xa0, 0xff, 0x60, 0x0, 0xdf, 0x90, 0x8f,
    0xd0, 0xf, 0xf6, 0x0, 0xd, 0xf9, 0x3f, 0xf3,
    0x0, 0xff, 0x60, 0x0, 0xcf, 0xae, 0xf8, 0x0,
    0xf, 0xf6, 0x0, 0xb, 0xff, 0xfc, 0x0, 0x2,
    0xff, 0x50, 0x0, 0x7f, 0xff, 0x20, 0x0, 0xaf,
    0xf1, 0x0, 0x3, 0xff, 0xf9, 0x67, 0xcf, 0xfa,
    0x0, 0x0, 0xbf, 0xff, 0xff, 0xff, 0xfc, 0x10,
    0x0, 0x6f, 0xe3, 0x9d, 0xff, 0xc7, 0x0, 0x0,
    0x7, 0x83, 0x0, 0x0, 0x0, 0x0, 0x0, 0x0,

    /* U+00F9 "ù" */
    0x0, 0x78, 0x60, 0x0, 0x0, 0x0, 0x0, 0x6f,
    0xf6, 0x0, 0x0, 0x0, 0x0, 0xa, 0xff, 0x20,
    0x0, 0x0, 0x0, 0x0, 0xdf, 0xc0, 0x0, 0x0,
    0x0, 0x0, 0x28, 0x82, 0x0, 0x0, 0x0, 0x0,
    0x0, 0x0, 0x0, 0x0, 0x0, 0x0, 0x0, 0x0,
    0x0, 0x0, 0xcf, 0xd0, 0x0, 0x0, 0x3f, 0xf5,
    0xcf, 0xd0, 0x0, 0x0, 0x3f, 0xf5, 0xcf, 0xd0,
    0x0, 0x0, 0x3f, 0xf5, 0xcf, 0xd0, 0x0, 0x0,
    0x3f, 0xf5, 0xcf, 0xd0, 0x0, 0x0, 0x3f, 0xf5,
    0xcf, 0xd0, 0x0, 0x0, 0x3f, 0xf5, 0xcf, 0xd0,
    0x0, 0x0, 0x3f, 0xf5, 0xcf, 0xd0, 0x0, 0x0,
    0x3f, 0xf5, 0xcf, 0xd0, 0x0, 0x0, 0x3f, 0xf5,
    0xbf, 0xd0, 0x0, 0x0, 0x3f, 0xf5, 0xaf, 0xf0,
    0x0, 0x0, 0x6f, 0xf4, 0x6f, 0xf7, 0x0, 0x0,
    0xdf, 0xf0, 0xe, 0xff, 0xa6, 0x7d, 0xff, 0x80,
    0x4, 0xff, 0xff, 0xff, 0xfb, 0x0, 0x0, 0x29,
    0xdf, 0xfc, 0x60, 0x0,

    /* U+00FA "ú" */
    0x0, 0x0, 0x0, 0x28, 0x84, 0x0, 0x0, 0x0,
    0x0, 0xcf, 0xe1, 0x0, 0x0, 0x0, 0x7, 0xff,
    0x40, 0x0, 0x0, 0x0, 0x2f, 0xf8, 0x0, 0x0,
    0x0, 0x0, 0x58, 0x70, 0x0, 0x0, 0x0, 0x0,
    0x0, 0x0, 0x0, 0x0, 0x0, 0x0, 0x0, 0x0,
    0x0, 0x0, 0xcf, 0xd0, 0x0, 0x0, 0x3f, 0xf5,
    0xcf, 0xd0, 0x0, 0x0, 0x3f, 0xf5, 0xcf, 0xd0,
    0x0, 0x0, 0x3f, 0xf5, 0xcf, 0xd0, 0x0, 0x0,
    0x3f, 0xf5, 0xcf, 0xd0, 0x0, 0x0, 0x3f, 0xf5,
    0xcf, 0xd0, 0x0, 0x0, 0x3f, 0xf5, 0xcf, 0xd0,
    0x0, 0x0, 0x3f, 0xf5, 0xcf, 0xd0, 0x0, 0x0,
    0x3f, 0xf5, 0xcf, 0xd0, 0x0, 0x0, 0x3f, 0xf5,
    0xbf, 0xd0, 0x0, 0x0, 0x3f, 0xf5, 0xaf, 0xf0,
    0x0, 0x0, 0x6f, 0xf4, 0x6f, 0xf7, 0x0, 0x0,
    0xdf, 0xf0, 0xe, 0xff, 0xa6, 0x7d, 0xff, 0x80,
    0x4, 0xff, 0xff, 0xff, 0xfb, 0x0, 0x0, 0x29,
    0xdf, 0xfc, 0x60, 0x0,

    /* U+00FB "û" */
    0x0, 0x0, 0x48, 0x71, 0x0, 0x0, 0x0, 0x4,
    0xff, 0xfd, 0x0, 0x0, 0x0, 0x3f, 0xfa, 0xef,
    0xc0, 0x0, 0x2, 0xef, 0xa0, 0x2e, 0xfa, 0x0,
    0x6, 0x87, 0x0, 0x2, 0x88, 0x30, 0x0, 0x0,
    0x0, 0x0, 0x0, 0x0, 0x0, 0x0, 0x0, 0x0,
    0x0, 0x0, 0xcf, 0xd0, 0x0, 0x0, 0x3f, 0xf5,
    0xcf, 0xd0, 0x0, 0x0, 0x3f, 0xf5, 0xcf, 0xd0,
    0x0, 0x0, 0x3f, 0xf5, 0xcf, 0xd0, 0x0, 0x0,
    0x3f, 0xf5, 0xcf, 0xd0, 0x0, 0x0, 0x3f, 0xf5,
    0xcf, 0xd0, 0x0, 0x0, 0x3f, 0xf5, 0xcf, 0xd0,
    0x0, 0x0, 0x3f, 0xf5, 0xcf, 0xd0, 0x0, 0x0,
    0x3f, 0xf5, 0xcf, 0xd0, 0x0, 0x0, 0x3f, 0xf5,
    0xbf, 0xd0, 0x0, 0x0, 0x3f, 0xf5, 0xaf, 0xf0,
    0x0, 0x0, 0x6f, 0xf4, 0x6f, 0xf7, 0x0, 0x0,
    0xdf, 0xf0, 0xe, 0xff, 0xa6, 0x7d, 0xff, 0x80,
    0x4, 0xff, 0xff, 0xff, 0xfb, 0x0, 0x0, 0x29,
    0xdf, 0xfc, 0x60, 0x0,

    /* U+00FC "ü" */
    0x5, 0xed, 0x20, 0x7, 0xfc, 0x10, 0xc, 0xff,
    0x80, 0xf, 0xff, 0x60, 0xb, 0xff, 0x60, 0xd,
    0xff, 0x40, 0x1, 0x76, 0x0, 0x1, 0x75, 0x0,
    0x0, 0x0, 0x0, 0x0, 0x0, 0x0, 0x0, 0x0,
    0x0, 0x0, 0x0, 0x0, 0xcf, 0xd0, 0x0, 0x0,
    0x3f, 0xf5, 0xcf, 0xd0, 0x0, 0x0, 0x3f, 0xf5,
    0xcf, 0xd0, 0x0, 0x0, 0x3f, 0xf5, 0xcf, 0xd0,
    0x0, 0x0, 0x3f, 0xf5, 0xcf, 0xd0, 0x0, 0x0,
    0x3f, 0xf5, 0xcf, 0xd0, 0x0, 0x0, 0x3f, 0xf5,
    0xcf, 0xd0, 0x0, 0x0, 0x3f, 0xf5, 0xcf, 0xd0,
    0x0, 0x0, 0x3f, 0xf5, 0xcf, 0xd0, 0x0, 0x0,
    0x3f, 0xf5, 0xbf, 0xd0, 0x0, 0x0, 0x3f, 0xf5,
    0xaf, 0xf0, 0x0, 0x0, 0x6f, 0xf4, 0x6f, 0xf7,
    0x0, 0x0, 0xdf, 0xf0, 0xe, 0xff, 0xa6, 0x7d,
    0xff, 0x80, 0x4, 0xff, 0xff, 0xff, 0xfb, 0x0,
    0x0, 0x29, 0xdf, 0xfc, 0x60, 0x0,

    /* U+00FD "ý" */
    0x0, 0x0, 0x0, 0x6, 0xff, 0x50, 0x0, 0x0,
    0x0, 0x0, 0x2f, 0xf9, 0x0, 0x0, 0x0, 0x0,
    0x0, 0xcf, 0xd0, 0x0, 0x0, 0x0, 0x0, 0x7,
    0xff, 0x20, 0x0, 0x0, 0x0, 0x0, 0x0, 0x0,
    0x0, 0x0, 0x0, 0x0, 0x0, 0x0, 0x0, 0x0,
    0x0, 0x0, 0x8f, 0xf3, 0x0, 0x0, 0x0, 0x9f,
    0xf2, 0x2f, 0xf9, 0x0, 0x0, 0x0, 0xef, 0xc0,
    0xc, 0xfe, 0x0, 0x0, 0x3, 0xff, 0x70, 0x6,
    0xff, 0x40, 0x0, 0x9, 0xff, 0x10, 0x0, 0xff,
    0xa0, 0x0, 0xe, 0xfb, 0x0, 0x0, 0xaf, 0xf0,
    0x0, 0x4f, 0xf6, 0x0, 0x0, 0x4f, 0xf6, 0x0,
    0x9f, 0xf0, 0x0, 0x0, 0xe, 0xfb, 0x0, 0xef,
    0xa0, 0x0, 0x0, 0x8, 0xff, 0x14, 0xff, 0x40,
    0x0, 0x0, 0x2, 0xff, 0x79, 0xfe, 0x0, 0x0,
    0x0, 0x0, 0xcf, 0xce, 0xf9, 0x0, 0x0, 0x0,
    0x0, 0x6f, 0xff, 0xf3, 0x0, 0x0, 0x0, 0x0,
    0xf, 0xff, 0xe0, 0x0, 0x0, 0x0, 0x0, 0xa,
    0xff, 0x80, 0x0, 0x0, 0x0, 0x0, 0x8, 0xff,
    0x20, 0x0, 0x0, 0x0, 0x0, 0xd, 0xfd, 0x0,
    0x0, 0x0, 0x0, 0x0, 0x3f, 0xf7, 0x0, 0x0,
    0x0, 0x0, 0x0, 0x9f, 0xf2, 0x0, 0x0, 0x0,
    0x0, 0x0, 0xef, 0xc0, 0x0, 0x0, 0x0, 0x0,
    0x4, 0xff, 0x60, 0x0, 0x0, 0x0,

    /* U+00FE "þ" */
    0xdf, 0xc0, 0x0, 0x0, 0x0, 0x0, 0xdf, 0xc0,
    0x0, 0x0, 0x0, 0x0, 0xdf, 0xc0, 0x0, 0x0,
    0x0, 0x0, 0xdf, 0xc0, 0x0, 0x0, 0x0, 0x0,
    0xdf, 0xc0, 0x0, 0x0, 0x0, 0x0, 0xdf, 0xb0,
    0x7d, 0xfe, 0xa1, 0x0, 0xdf, 0xb9, 0xff, 0xff,
    0xfe, 0x20, 0xdf, 0xcf, 0x95, 0x6c, 0xff, 0xb0,
    0xdf, 0xf5, 0x0, 0x0, 0xcf, 0xf1, 0xdf, 0xe0,
    0x0, 0x0, 0x5f, 0xf4, 0xdf, 0xc0, 0x0, 0x0,
    0x3f, 0xf5, 0xdf, 0xc0, 0x0, 0x0, 0x3f, 0xf5,
    0xdf, 0xc0, 0x0, 0x0, 0x3f, 0xf5, 0xdf, 0xc0,
    0x0, 0x0, 0x3f, 0xf5, 0xdf, 0xc0, 0x0, 0x0,
    0x3f, 0xf5, 0xdf, 0xe0, 0x0, 0x0, 0x5f, 0xf4,
    0xdf, 0xf5, 0x0, 0x0, 0xcf, 0xf1, 0xdf, 0xdf,
    0x95, 0x6c, 0xff, 0xb0, 0xdf, 0xb9, 0xff, 0xff,
    0xfe, 0x20, 0xdf, 0xb0, 0x7d, 0xfe, 0xa1, 0x0,
    0xdf, 0xb0, 0x0, 0x0, 0x0, 0x0, 0xdf, 0xb0,
    0x0, 0x0, 0x0, 0x0, 0xdf, 0xb0, 0x0, 0x0,
    0x0, 0x0, 0xdf, 0xb0, 0x0, 0x0, 0x0, 0x0,
    0xdf, 0xb0, 0x0, 0x0, 0x0, 0x0,

    /* U+00FF "ÿ" */
    0x0, 0x17, 0x60, 0x0, 0x17, 0x50, 0x0, 0x0,
    0xaf, 0xf6, 0x0, 0xdf, 0xf4, 0x0, 0x0, 0xcf,
    0xf8, 0x0, 0xff, 0xf6, 0x0, 0x0, 0x5e, 0xd2,
    0x0, 0x7f, 0xc1, 0x0, 0x0, 0x0, 0x0, 0x0,
    0x0, 0x0, 0x0, 0x0, 0x0, 0x0, 0x0, 0x0,
    0x0, 0x0, 0x8f, 0xf3, 0x0, 0x0, 0x0, 0x9f,
    0xf2, 0x2f, 0xf9, 0x0, 0x0, 0x0, 0xef, 0xc0,
    0xc, 0xfe, 0x0, 0x0, 0x3, 0xff, 0x70, 0x6,
    0xff, 0x40, 0x0, 0x9, 0xff, 0x10, 0x0, 0xff,
    0xa0, 0x0, 0xe, 0xfb, 0x0, 0x0, 0xaf, 0xf0,
    0x0, 0x4f, 0xf6, 0x0, 0x0, 0x4f, 0xf6, 0x0,
    0x9f, 0xf0, 0x0, 0x0, 0xe, 0xfb, 0x0, 0xef,
    0xa0, 0x0, 0x0, 0x8, 0xff, 0x14, 0xff, 0x40,
    0x0, 0x0, 0x2, 0xff, 0x79, 0xfe, 0x0, 0x0,
    0x0, 0x0, 0xcf, 0xce, 0xf9, 0x0, 0x0, 0x0,
    0x0, 0x6f, 0xff, 0xf3, 0x0, 0x0, 0x0, 0x0,
    0xf, 0xff, 0xe0, 0x0, 0x0, 0x0, 0x0, 0xa,
    0xff, 0x80, 0x0, 0x0, 0x0, 0x0, 0x8, 0xff,
    0x20, 0x0, 0x0, 0x0, 0x0, 0xd, 0xfd, 0x0,
    0x0, 0x0, 0x0, 0x0, 0x3f, 0xf7, 0x0, 0x0,
    0x0, 0x0, 0x0, 0x9f, 0xf2, 0x0, 0x0, 0x0,
    0x0, 0x0, 0xef, 0xc0, 0x0, 0x0, 0x0, 0x0,
    0x4, 0xff, 0x60, 0x0, 0x0, 0x0,

    /* U+2013 "–" */
    0x56, 0x66, 0x66, 0x66, 0x66, 0x63, 0xff, 0xff,
    0xff, 0xff, 0xff, 0xf8, 0xff, 0xff, 0xff, 0xff,
    0xff, 0xf8,

    /* U+2014 "—" */
    0x66, 0x66, 0x66, 0x66, 0x66, 0x66, 0x66, 0x63,
    0xff, 0xff, 0xff, 0xff, 0xff, 0xff, 0xff, 0xf9,
    0xff, 0xff, 0xff, 0xff, 0xff, 0xff, 0xff, 0xf9,

    /* U+2016 "‖" */
    0xef, 0xa0, 0x0, 0x1f, 0xf8, 0xef, 0xa0, 0x0,
    0x1f, 0xf8, 0xef, 0xa0, 0x0, 0x1f, 0xf8, 0xef,
    0xa0, 0x0, 0x1f, 0xf8, 0xef, 0xa0, 0x0, 0x1f,
    0xf8, 0xef, 0xa0, 0x0, 0x1f, 0xf8, 0xef, 0xa0,
    0x0, 0x1f, 0xf8, 0xef, 0xa0, 0x0, 0x1f, 0xf8,
    0xef, 0xa0, 0x0, 0x1f, 0xf8, 0xef, 0xa0, 0x0,
    0x1f, 0xf8, 0xef, 0xa0, 0x0, 0x1f, 0xf8, 0xef,
    0xa0, 0x0, 0x1f, 0xf8, 0xef, 0xa0, 0x0, 0x1f,
    0xf8, 0xef, 0xa0, 0x0, 0x1f, 0xf8, 0xef, 0xa0,
    0x0, 0x1f, 0xf8, 0xef, 0xa0, 0x0, 0x1f, 0xf8,
    0xef, 0xa0, 0x0, 0x1f, 0xf8, 0xef, 0xa0, 0x0,
    0x1f, 0xf8, 0xef, 0xa0, 0x0, 0x1f, 0xf8, 0xef,
    0xa0, 0x0, 0x1f, 0xf8, 0xef, 0xa0, 0x0, 0x1f,
    0xf8, 0xef, 0xa0, 0x0, 0x1f, 0xf8, 0xef, 0xa0,
    0x0, 0x1f, 0xf8, 0xef, 0xa0, 0x0, 0x1f, 0xf8,
    0xef, 0xa0, 0x0, 0x1f, 0xf8,

    /* U+2018 "‘" */
    0x1, 0xff, 0xb0, 0x7f, 0xf4, 0xe, 0xfd, 0x4,
    0xff, 0x70, 0x8f, 0xf2, 0x9, 0xff, 0x10, 0x6f,
    0xf4, 0x0, 0xdf, 0xc0, 0x1, 0x22, 0x0,

    /* U+2019 "’" */
    0x5, 0xff, 0x50, 0x0, 0xbf, 0xe0, 0x0, 0x7f,
    0xf3, 0x0, 0x8f, 0xf2, 0x0, 0xcf, 0xe0, 0x3,
    0xff, 0x90, 0xa, 0xff, 0x20, 0x1f, 0xfb, 0x0,
    0x2, 0x21, 0x0,

    /* U+201A "‚" */
    0x1, 0x22, 0x0, 0x3, 0xff, 0x70, 0x0, 0xaf,
    0xf0, 0x0, 0x7f, 0xf3, 0x0, 0x8f, 0xf2, 0x0,
    0xdf, 0xe0, 0x4, 0xff, 0x80, 0xb, 0xff, 0x10,
    0x2f, 0xfa, 0x0,

    /* U+201B "‛" */
    0xb, 0xfd, 0x15, 0xff, 0x50, 0x9f, 0xf1, 0x8,
    0xff, 0x10, 0x5f, 0xf6, 0x0, 0xff, 0xc0, 0x9,
    0xff, 0x30, 0x2f, 0xfa, 0x0, 0x22, 0x20,

    /* U+201C "“" */
    0x0, 0xdf, 0xe0, 0x1, 0xff, 0xb0, 0x4f, 0xf8,
    0x0, 0x8f, 0xf4, 0xa, 0xff, 0x10, 0xe, 0xfd,
    0x0, 0xff, 0xa0, 0x4, 0xff, 0x60, 0x4f, 0xf5,
    0x0, 0x8f, 0xf1, 0x6, 0xff, 0x40, 0xa, 0xff,
    0x0, 0x3f, 0xf7, 0x0, 0x7f, 0xf3, 0x0, 0xbf,
    0xe1, 0x0, 0xef, 0xc0, 0x0, 0x22, 0x10, 0x1,
    0x22, 0x0,

    /* U+201D "”" */
    0x6, 0xff, 0x40, 0x8, 0xff, 0x20, 0x0, 0xcf,
    0xe0, 0x0, 0xef, 0xb0, 0x0, 0x8f, 0xf2, 0x0,
    0xbf, 0xf0, 0x0, 0x9f, 0xf1, 0x0, 0xcf, 0xe0,
    0x0, 0xdf, 0xe0, 0x0, 0xff, 0xb0, 0x4, 0xff,
    0x80, 0x6, 0xff, 0x50, 0xa, 0xff, 0x10, 0xd,
    0xfe, 0x0, 0x2f, 0xfa, 0x0, 0x4f, 0xf7, 0x0,
    0x2, 0x21, 0x0, 0x12, 0x20, 0x0,

    /* U+201E "„" */
    0x2, 0x22, 0x0, 0x1, 0x22, 0x0, 0x4, 0xff,
    0x60, 0x0, 0xdf, 0xc0, 0x0, 0xbf, 0xf0, 0x0,
    0x5f, 0xf5, 0x0, 0x8f, 0xf2, 0x0, 0x2f, 0xf8,
    0x0, 0x9f, 0xf1, 0x0, 0x4f, 0xf6, 0x0, 0xef,
    0xd0, 0x0, 0x9f, 0xf2, 0x5, 0xff, 0x70, 0x0,
    0xef, 0xd0, 0xc, 0xff, 0x10, 0x6, 0xff, 0x60,
    0x3f, 0xf9, 0x0, 0xd, 0xfe, 0x0,

    /* U+201F "‟" */
    0x9, 0xff, 0x30, 0xb, 0xfe, 0x12, 0xff, 0x80,
    0x5, 0xff, 0x50, 0x5f, 0xf4, 0x0, 0x9f, 0xf1,
    0x4, 0xff, 0x50, 0x8, 0xff, 0x20, 0x1f, 0xf9,
    0x0, 0x4f, 0xf7, 0x0, 0xbf, 0xf1, 0x0, 0xef,
    0xd0, 0x5, 0xff, 0x70, 0x8, 0xff, 0x40, 0xe,
    0xfe, 0x0, 0x1f, 0xfb, 0x0, 0x12, 0x20, 0x0,
    0x22, 0x20,

    /* U+2020 "†" */
    0x0, 0x0, 0x38, 0x80, 0x0, 0x0, 0x0, 0x0,
    0x7f, 0xf1, 0x0, 0x0, 0x0, 0x0, 0x7f, 0xf1,
    0x0, 0x0, 0x0, 0x0, 0x7f, 0xf1, 0x0, 0x0,
    0x0, 0x0, 0x7f, 0xf1, 0x0, 0x0, 0x0, 0x0,
    0x7f, 0xf1, 0x0, 0x0, 0x56, 0x66, 0xaf, 0xf7,
    0x66, 0x63, 0xff, 0xff, 0xff, 0xff, 0xff, 0xf9,
    0xff, 0xff, 0xff, 0xff, 0xff, 0xf9, 0x0, 0x0,
    0x7f, 0xf1, 0x0, 0x0, 0x0, 0x0, 0x7f, 0xf1,
    0x0, 0x0, 0x0, 0x0, 0x7f, 0xf1, 0x0, 0x0,
    0x0, 0x0, 0x7f, 0xf1, 0x0, 0x0, 0x0, 0x0,
    0x7f, 0xf1, 0x0, 0x0, 0x0, 0x0, 0x7f, 0xf1,
    0x0, 0x0, 0x0, 0x0, 0x7f, 0xf1, 0x0, 0x0,
    0x0, 0x0, 0x7f, 0xf1, 0x0, 0x0, 0x0, 0x0,
    0x7f, 0xf1, 0x0, 0x0, 0x0, 0x0, 0x7f, 0xf1,
    0x0, 0x0, 0x0, 0x0, 0x7f, 0xf1, 0x0, 0x0,
    0x0, 0x0, 0x7f, 0xf1, 0x0, 0x0, 0x0, 0x0,
    0x7f, 0xf1, 0x0, 0x0, 0x0, 0x0, 0x7f, 0xf1,
    0x0, 0x0, 0x0, 0x0, 0x7f, 0xf1, 0x0, 0x0,
    0x0, 0x0, 0x7f, 0xf1, 0x0, 0x0, 0x0, 0x0,
    0x38, 0x80, 0x0, 0x0,

    /* U+2021 "‡" */
    0x0, 0x0, 0x38, 0x80, 0x0, 0x0, 0x0, 0x0,
    0x7f, 0xf1, 0x0, 0x0, 0x0, 0x0, 0x7f, 0xf1,
    0x0, 0x0, 0x0, 0x0, 0x7f, 0xf1, 0x0, 0x0,
    0x0, 0x0, 0x7f, 0xf1, 0x0, 0x0, 0x0, 0x0,
    0x7f, 0xf1, 0x0, 0x0, 0x56, 0x66, 0xaf, 0xf7,
    0x66, 0x63, 0xff, 0xff, 0xff, 0xff, 0xff, 0xf9,
    0xff, 0xff, 0xff, 0xff, 0xff, 0xf9, 0x0, 0x0,
    0x7f, 0xf1, 0x0, 0x0, 0x0, 0x0, 0x7f, 0xf1,
    0x0, 0x0, 0x0, 0x0, 0x7f, 0xf1, 0x0, 0x0,
    0x0, 0x0, 0x7f, 0xf1, 0x0, 0x0, 0x0, 0x0,
    0x7f, 0xf1, 0x0, 0x0, 0x0, 0x0, 0x7f, 0xf1,
    0x0, 0x0, 0x0, 0x0, 0x7f, 0xf1, 0x0, 0x0,
    0x56, 0x66, 0xaf, 0xf7, 0x66, 0x63, 0xff, 0xff,
    0xff, 0xff, 0xff, 0xf9, 0xff, 0xff, 0xff, 0xff,
    0xff, 0xf9, 0x0, 0x0, 0x7f, 0xf1, 0x0, 0x0,
    0x0, 0x0, 0x7f, 0xf1, 0x0, 0x0, 0x0, 0x0,
    0x7f, 0xf1, 0x0, 0x0, 0x0, 0x0, 0x7f, 0xf1,
    0x0, 0x0, 0x0, 0x0, 0x7f, 0xf1, 0x0, 0x0,
    0x0, 0x0, 0x7f, 0xf1, 0x0, 0x0, 0x0, 0x0,
    0x38, 0x80, 0x0, 0x0,

    /* U+2022 "•" */
    0x0, 0x37, 0x61, 0x0, 0x8f, 0xff, 0xe2, 0x2f,
    0xff, 0xff, 0xb5, 0xff, 0xff, 0xfe, 0x3f, 0xff,
    0xff, 0xd0, 0xdf, 0xff, 0xf7, 0x2, 0xbf, 0xe7,
    0x0,

    /* U+2024 "․" */
    0x1, 0x75, 0x0, 0x1e, 0xff, 0x90, 0x5f, 0xff,
    0xf0, 0x4f, 0xff, 0xd0, 0x9, 0xfd, 0x40,

    /* U+2026 "…" */
    0x1c, 0xa0, 0x2, 0xc9, 0x0, 0x2c, 0x80, 0x7f,
    0xf2, 0x8, 0xff, 0x10, 0x9f, 0xf0, 0x7f, 0xf3,
    0x8, 0xff, 0x20, 0x9f, 0xf1, 0x7f, 0xf3, 0x8,
    0xff, 0x20, 0x9f, 0xf1, 0x2e, 0xc0, 0x3, 0xeb,
    0x0, 0x4e, 0xa0,

    /* U+2190 "←" */
    0x0, 0x0, 0x0, 0x22, 0x10, 0x0, 0x0, 0x0,
    0x0, 0x0, 0x7, 0xff, 0x70, 0x0, 0x0, 0x0,
    0x0, 0x0, 0x4f, 0xfa, 0x0, 0x0, 0x0, 0x0,
    0x0, 0x2, 0xef, 0xd0, 0x0, 0x0, 0x0, 0x0,
    0x0, 0xc, 0xff, 0x20, 0x0, 0x0, 0x0, 0x0,
    0x0, 0xaf, 0xf5, 0x0, 0x0, 0x0, 0x0, 0x0,
    0x6, 0xff, 0x70, 0x0, 0x0, 0x0, 0x0, 0x0,
    0x3f, 0xff, 0xff, 0xff, 0xff, 0xff, 0xff, 0xf1,
    0x7f, 0xff, 0xff, 0xff, 0xff, 0xff, 0xff, 0xf1,
    0xb, 0xff, 0x75, 0x55, 0x55, 0x55, 0x55, 0x50,
    0x0, 0xdf, 0xd1, 0x0, 0x0, 0x0, 0x0, 0x0,
    0x0, 0x2f, 0xfb, 0x0, 0x0, 0x0, 0x0, 0x0,
    0x0, 0x5, 0xff, 0x80, 0x0, 0x0, 0x0, 0x0,
    0x0, 0x0, 0x9f, 0xf5, 0x0, 0x0, 0x0, 0x0,
    0x0, 0x0, 0xc, 0xff, 0x20, 0x0, 0x0, 0x0,
    0x0, 0x0, 0x1, 0x88, 0x60, 0x0, 0x0, 0x0,

    /* U+2191 "↑" */
    0x0, 0x0, 0x0, 0x1, 0x0, 0x0, 0x0, 0x0,
    0x0, 0x0, 0x2, 0xe9, 0x0, 0x0, 0x0, 0x0,
    0x0, 0x4, 0xff, 0xfb, 0x0, 0x0, 0x0, 0x0,
    0x6, 0xff, 0xff, 0xfd, 0x10, 0x0, 0x0, 0x8,
    0xff, 0xdf, 0xfd, 0xfe, 0x30, 0x0, 0xa, 0xff,
    0xb6, 0xff, 0x2e, 0xff, 0x40, 0xb, 0xff, 0x90,
    0x6f, 0xf0, 0x1d, 0xff, 0x50, 0xff, 0x70, 0x6,
    0xff, 0x0, 0xb, 0xf9, 0xf, 0x60, 0x0, 0x6f,
    0xf0, 0x0, 0xa, 0x90, 0x40, 0x0, 0x6, 0xff,
    0x0, 0x0, 0x3, 0x0, 0x0, 0x0, 0x6f, 0xf0,
    0x0, 0x0, 0x0, 0x0, 0x0, 0x6, 0xff, 0x0,
    0x0, 0x0, 0x0, 0x0, 0x0, 0x6f, 0xf0, 0x0,
    0x0, 0x0, 0x0, 0x0, 0x6, 0xff, 0x0, 0x0,
    0x0, 0x0, 0x0, 0x0, 0x6f, 0xf0, 0x0, 0x0,
    0x0, 0x0, 0x0, 0x6, 0xff, 0x0, 0x0, 0x0,
    0x0, 0x0, 0x0, 0x6f, 0xf0, 0x0, 0x0, 0x0,
    0x0, 0x0, 0x6, 0xff, 0x0, 0x0, 0x0, 0x0,
    0x0, 0x0, 0x6f, 0xf0, 0x0, 0x0, 0x0, 0x0,
    0x0, 0x6, 0xff, 0x0, 0x0, 0x0,

    /* U+2192 "→" */
    0x0, 0x0, 0x0, 0x2, 0x21, 0x0, 0x0, 0x0,
    0x0, 0x0, 0x0, 0xd, 0xff, 0x20, 0x0, 0x0,
    0x0, 0x0, 0x0, 0x2, 0xef, 0xd0, 0x0, 0x0,
    0x0, 0x0, 0x0, 0x0, 0x4f, 0xfa, 0x0, 0x0,
    0x0, 0x0, 0x0, 0x0, 0x8, 0xff, 0x70, 0x0,
    0x0, 0x0, 0x0, 0x0, 0x0, 0xbf, 0xf4, 0x0,
    0x0, 0x0, 0x0, 0x0, 0x0, 0x1c, 0xfe, 0x10,
    0x7f, 0xff, 0xff, 0xff, 0xff, 0xff, 0xff, 0xc0,
    0x7f, 0xff, 0xff, 0xff, 0xff, 0xff, 0xff, 0xf1,
    0x25, 0x55, 0x55, 0x55, 0x55, 0x5a, 0xff, 0x40,
    0x0, 0x0, 0x0, 0x0, 0x0, 0x5f, 0xf8, 0x0,
    0x0, 0x0, 0x0, 0x0, 0x3, 0xff, 0xb0, 0x0,
    0x0, 0x0, 0x0, 0x0, 0x1e, 0xfe, 0x10, 0x0,
    0x0, 0x0, 0x0, 0x0, 0xbf, 0xf3, 0x0, 0x0,
    0x0, 0x0, 0x0, 0x8, 0xff, 0x60, 0x0, 0x0,
    0x0, 0x0, 0x0, 0x18, 0x86, 0x0, 0x0, 0x0,

    /* U+2193 "↓" */
    0x0, 0x0, 0x0, 0x5f, 0xf0, 0x0, 0x0, 0x0,
    0x0, 0x0, 0x6, 0xff, 0x0, 0x0, 0x0, 0x0,
    0x0, 0x0, 0x6f, 0xf0, 0x0, 0x0, 0x0, 0x0,
    0x0, 0x6, 0xff, 0x0, 0x0, 0x0, 0x0, 0x0,
    0x0, 0x6f, 0xf0, 0x0, 0x0, 0x0, 0x0, 0x0,
    0x6, 0xff, 0x0, 0x0, 0x0, 0x0, 0x0, 0x0,
    0x6f, 0xf0, 0x0, 0x0, 0x0, 0x0, 0x0, 0x6,
    0xff, 0x0, 0x0, 0x0, 0x0, 0x0, 0x0, 0x6f,
    0xf0, 0x0, 0x0, 0x0, 0x0, 0x0, 0x6, 0xff,
    0x0, 0x0, 0x0, 0x4, 0x0, 0x0, 0x6f, 0xf0,
    0x0, 0x0, 0x30, 0xf5, 0x0, 0x6, 0xff, 0x0,
    0x0, 0xa9, 0xf, 0xf7, 0x0, 0x6f, 0xf0, 0x0,
    0xbf, 0x90, 0xcf, 0xf9, 0x6, 0xff, 0x1, 0xcf,
    0xf6, 0x0, 0xaf, 0xfa, 0x6f, 0xf2, 0xef, 0xf5,
    0x0, 0x0, 0x8f, 0xfd, 0xff, 0xdf, 0xe3, 0x0,
    0x0, 0x0, 0x6f, 0xff, 0xff, 0xd2, 0x0, 0x0,
    0x0, 0x0, 0x4f, 0xff, 0xb1, 0x0, 0x0, 0x0,
    0x0, 0x0, 0x3e, 0xa0, 0x0, 0x0, 0x0, 0x0,
    0x0, 0x0, 0x10, 0x0, 0x0, 0x0
};


/*---------------------
 *  GLYPH DESCRIPTION
 *--------------------*/

static const lv_font_fmt_txt_glyph_dsc_t glyph_dsc[] = {
    {.bitmap_index = 0, .adv_w = 0, .box_w = 0, .box_h = 0, .ofs_x = 0, .ofs_y = 0} /* id = 0 reserved */,
    {.bitmap_index = 0, .adv_w = 250, .box_w = 0, .box_h = 0, .ofs_x = 0, .ofs_y = 0},
    {.bitmap_index = 0, .adv_w = 250, .box_w = 5, .box_h = 20, .ofs_x = 5, .ofs_y = 0},
    {.bitmap_index = 50, .adv_w = 250, .box_w = 10, .box_h = 9, .ofs_x = 3, .ofs_y = 11},
    {.bitmap_index = 95, .adv_w = 250, .box_w = 15, .box_h = 20, .ofs_x = 0, .ofs_y = 0},
    {.bitmap_index = 245, .adv_w = 250, .box_w = 13, .box_h = 27, .ofs_x = 1, .ofs_y = -4},
    {.bitmap_index = 421, .adv_w = 250, .box_w = 16, .box_h = 20, .ofs_x = 0, .ofs_y = 0},
    {.bitmap_index = 581, .adv_w = 250, .box_w = 17, .box_h = 20, .ofs_x = 0, .ofs_y = 0},
    {.bitmap_index = 751, .adv_w = 250, .box_w = 4, .box_h = 9, .ofs_x = 6, .ofs_y = 11},
    {.bitmap_index = 769, .adv_w = 250, .box_w = 9, .box_h = 27, .ofs_x = 4, .ofs_y = -4},
    {.bitmap_index = 891, .adv_w = 250, .box_w = 9, .box_h = 27, .ofs_x = 2, .ofs_y = -4},
    {.bitmap_index = 1013, .adv_w = 250, .box_w = 15, .box_h = 14, .ofs_x = 0, .ofs_y = 3},
    {.bitmap_index = 1118, .adv_w = 250, .box_w = 13, .box_h = 13, .ofs_x = 1, .ofs_y = 2},
    {.bitmap_index = 1203, .adv_w = 250, .box_w = 5, .box_h = 9, .ofs_x = 5, .ofs_y = -4},
    {.bitmap_index = 1226, .adv_w = 250, .box_w = 9, .box_h = 3, .ofs_x = 3, .ofs_y = 8},
    {.bitmap_index = 1240, .adv_w = 250, .box_w = 6, .box_h = 5, .ofs_x = 5, .ofs_y = 0},
    {.bitmap_index = 1255, .adv_w = 250, .box_w = 13, .box_h = 25, .ofs_x = 1, .ofs_y = -3},
    {.bitmap_index = 1418, .adv_w = 250, .box_w = 12, .box_h = 20, .ofs_x = 2, .ofs_y = 0},
    {.bitmap_index = 1538, .adv_w = 250, .box_w = 13, .box_h = 20, .ofs_x = 2, .ofs_y = 0},
    {.bitmap_index = 1668, .adv_w = 250, .box_w = 13, .box_h = 20, .ofs_x = 1, .ofs_y = 0},
    {.bitmap_index = 1798, .adv_w = 250, .box_w = 13, .box_h = 20, .ofs_x = 1, .ofs_y = 0},
    {.bitmap_index = 1928, .adv_w = 250, .box_w = 12, .box_h = 20, .ofs_x = 1, .ofs_y = 0},
    {.bitmap_index = 2048, .adv_w = 250, .box_w = 13, .box_h = 20, .ofs_x = 1, .ofs_y = 0},
    {.bitmap_index = 2178, .adv_w = 250, .box_w = 14, .box_h = 20, .ofs_x = 1, .ofs_y = 0},
    {.bitmap_index = 2318, .adv_w = 250, .box_w = 13, .box_h = 20, .ofs_x = 2, .ofs_y = 0},
    {.bitmap_index = 2448, .adv_w = 250, .box_w = 13, .box_h = 20, .ofs_x = 1, .ofs_y = 0},
    {.bitmap_index = 2578, .adv_w = 250, .box_w = 14, .box_h = 20, .ofs_x = 1, .ofs_y = 0},
    {.bitmap_index = 2718, .adv_w = 250, .box_w = 6, .box_h = 15, .ofs_x = 5, .ofs_y = 0},
    {.bitmap_index = 2763, .adv_w = 250, .box_w = 6, .box_h = 20, .ofs_x = 5, .ofs_y = -5},
    {.bitmap_index = 2823, .adv_w = 250, .box_w = 12, .box_h = 15, .ofs_x = 2, .ofs_y = 1},
    {.bitmap_index = 2913, .adv_w = 250, .box_w = 12, .box_h = 9, .ofs_x = 2, .ofs_y = 4},
    {.bitmap_index = 2967, .adv_w = 250, .box_w = 12, .box_h = 15, .ofs_x = 2, .ofs_y = 1},
    {.bitmap_index = 3057, .adv_w = 250, .box_w = 10, .box_h = 20, .ofs_x = 3, .ofs_y = 0},
    {.bitmap_index = 3157, .adv_w = 250, .box_w = 14, .box_h = 25, .ofs_x = 1, .ofs_y = -5},
    {.bitmap_index = 3332, .adv_w = 250, .box_w = 14, .box_h = 20, .ofs_x = 1, .ofs_y = 0},
    {.bitmap_index = 3472, .adv_w = 250, .box_w = 12, .box_h = 20, .ofs_x = 2, .ofs_y = 0},
    {.bitmap_index = 3592, .adv_w = 250, .box_w = 12, .box_h = 20, .ofs_x = 2, .ofs_y = 0},
    {.bitmap_index = 3712, .adv_w = 250, .box_w = 12, .box_h = 20, .ofs_x = 2, .ofs_y = 0},
    {.bitmap_index = 3832, .adv_w = 250, .box_w = 12, .box_h = 20, .ofs_x = 2, .ofs_y = 0},
    {.bitmap_index = 3952, .adv_w = 250, .box_w = 12, .box_h = 20, .ofs_x = 2, .ofs_y = 0},
    {.bitmap_index = 4072, .adv_w = 250, .box_w = 12, .box_h = 20, .ofs_x = 2, .ofs_y = 0},
    {.bitmap_index = 4192, .adv_w = 250, .box_w = 12, .box_h = 20, .ofs_x = 2, .ofs_y = 0},
    {.bitmap_index = 4312, .adv_w = 250, .box_w = 11, .box_h = 20, .ofs_x = 2, .ofs_y = 0},
    {.bitmap_index = 4422, .adv_w = 250, .box_w = 12, .box_h = 20, .ofs_x = 1, .ofs_y = 0},
    {.bitmap_index = 4542, .adv_w = 250, .box_w = 13, .box_h = 20, .ofs_x = 2, .ofs_y = 0},
    {.bitmap_index = 4672, .adv_w = 250, .box_w = 12, .box_h = 20, .ofs_x = 3, .ofs_y = 0},
    {.bitmap_index = 4792, .adv_w = 250, .box_w = 13, .box_h = 20, .ofs_x = 1, .ofs_y = 0},
    {.bitmap_index = 4922, .adv_w = 250, .box_w = 12, .box_h = 20, .ofs_x = 2, .ofs_y = 0},
    {.bitmap_index = 5042, .adv_w = 250, .box_w = 12, .box_h = 20, .ofs_x = 2, .ofs_y = 0},
    {.bitmap_index = 5162, .adv_w = 250, .box_w = 13, .box_h = 20, .ofs_x = 2, .ofs_y = 0},
    {.bitmap_index = 5292, .adv_w = 250, .box_w = 12, .box_h = 25, .ofs_x = 2, .ofs_y = -5},
    {.bitmap_index = 5442, .adv_w = 250, .box_w = 13, .box_h = 20, .ofs_x = 2, .ofs_y = 0},
    {.bitmap_index = 5572, .adv_w = 250, .box_w = 13, .box_h = 20, .ofs_x = 1, .ofs_y = 0},
    {.bitmap_index = 5702, .adv_w = 250, .box_w = 14, .box_h = 20, .ofs_x = 1, .ofs_y = 0},
    {.bitmap_index = 5842, .adv_w = 250, .box_w = 12, .box_h = 20, .ofs_x = 2, .ofs_y = 0},
    {.bitmap_index = 5962, .adv_w = 250, .box_w = 14, .box_h = 20, .ofs_x = 1, .ofs_y = 0},
    {.bitmap_index = 6102, .adv_w = 250, .box_w = 16, .box_h = 20, .ofs_x = 0, .ofs_y = 0},
    {.bitmap_index = 6262, .adv_w = 250, .box_w = 15, .box_h = 20, .ofs_x = 0, .ofs_y = 0},
    {.bitmap_index = 6412, .adv_w = 250, .box_w = 15, .box_h = 20, .ofs_x = 0, .ofs_y = 0},
    {.bitmap_index = 6562, .adv_w = 250, .box_w = 12, .box_h = 20, .ofs_x = 2, .ofs_y = 0},
    {.bitmap_index = 6682, .adv_w = 250, .box_w = 7, .box_h = 25, .ofs_x = 5, .ofs_y = -3},
    {.bitmap_index = 6770, .adv_w = 250, .box_w = 13, .box_h = 25, .ofs_x = 1, .ofs_y = -3},
    {.bitmap_index = 6933, .adv_w = 250, .box_w = 8, .box_h = 25, .ofs_x = 3, .ofs_y = -3},
    {.bitmap_index = 7033, .adv_w = 250, .box_w = 12, .box_h = 11, .ofs_x = 2, .ofs_y = 9},
    {.bitmap_index = 7099, .adv_w = 250, .box_w = 14, .box_h = 3, .ofs_x = 1, .ofs_y = -3},
    {.bitmap_index = 7120, .adv_w = 250, .box_w = 6, .box_h = 4, .ofs_x = 4, .ofs_y = 17},
    {.bitmap_index = 7132, .adv_w = 250, .box_w = 13, .box_h = 15, .ofs_x = 1, .ofs_y = 0},
    {.bitmap_index = 7230, .adv_w = 250, .box_w = 12, .box_h = 20, .ofs_x = 2, .ofs_y = 0},
    {.bitmap_index = 7350, .adv_w = 250, .box_w = 12, .box_h = 15, .ofs_x = 2, .ofs_y = 0},
    {.bitmap_index = 7440, .adv_w = 250, .box_w = 12, .box_h = 20, .ofs_x = 2, .ofs_y = 0},
    {.bitmap_index = 7560, .adv_w = 250, .box_w = 12, .box_h = 15, .ofs_x = 2, .ofs_y = 0},
    {.bitmap_index = 7650, .adv_w = 250, .box_w = 13, .box_h = 20, .ofs_x = 1, .ofs_y = 0},
    {.bitmap_index = 7780, .adv_w = 250, .box_w = 12, .box_h = 20, .ofs_x = 2, .ofs_y = -5},
    {.bitmap_index = 7900, .adv_w = 250, .box_w = 12, .box_h = 20, .ofs_x = 2, .ofs_y = 0},
    {.bitmap_index = 8020, .adv_w = 250, .box_w = 13, .box_h = 21, .ofs_x = 2, .ofs_y = 0},
    {.bitmap_index = 8157, .adv_w = 250, .box_w = 10, .box_h = 26, .ofs_x = 2, .ofs_y = -5},
    {.bitmap_index = 8287, .adv_w = 250, .box_w = 13, .box_h = 20, .ofs_x = 2, .ofs_y = 0},
    {.bitmap_index = 8417, .adv_w = 250, .box_w = 15, .box_h = 20, .ofs_x = 0, .ofs_y = 0},
    {.bitmap_index = 8567, .adv_w = 250, .box_w = 14, .box_h = 15, .ofs_x = 1, .ofs_y = 0},
    {.bitmap_index = 8672, .adv_w = 250, .box_w = 12, .box_h = 15, .ofs_x = 2, .ofs_y = 0},
    {.bitmap_index = 8762, .adv_w = 250, .box_w = 12, .box_h = 15, .ofs_x = 2, .ofs_y = 0},
    {.bitmap_index = 8852, .adv_w = 250, .box_w = 12, .box_h = 20, .ofs_x = 2, .ofs_y = -5},
    {.bitmap_index = 8972, .adv_w = 250, .box_w = 12, .box_h = 20, .ofs_x = 2, .ofs_y = -5},
    {.bitmap_index = 9092, .adv_w = 250, .box_w = 12, .box_h = 15, .ofs_x = 2, .ofs_y = 0},
    {.bitmap_index = 9182, .adv_w = 250, .box_w = 12, .box_h = 15, .ofs_x = 2, .ofs_y = 0},
    {.bitmap_index = 9272, .adv_w = 250, .box_w = 13, .box_h = 19, .ofs_x = 1, .ofs_y = 0},
    {.bitmap_index = 9396, .adv_w = 250, .box_w = 12, .box_h = 15, .ofs_x = 2, .ofs_y = 0},
    {.bitmap_index = 9486, .adv_w = 250, .box_w = 14, .box_h = 15, .ofs_x = 1, .ofs_y = 0},
    {.bitmap_index = 9591, .adv_w = 250, .box_w = 15, .box_h = 15, .ofs_x = 0, .ofs_y = 0},
    {.bitmap_index = 9704, .adv_w = 250, .box_w = 14, .box_h = 15, .ofs_x = 1, .ofs_y = 0},
    {.bitmap_index = 9809, .adv_w = 250, .box_w = 14, .box_h = 20, .ofs_x = 1, .ofs_y = -5},
    {.bitmap_index = 9949, .adv_w = 250, .box_w = 12, .box_h = 15, .ofs_x = 2, .ofs_y = 0},
    {.bitmap_index = 10039, .adv_w = 250, .box_w = 13, .box_h = 25, .ofs_x = 1, .ofs_y = -3},
    {.bitmap_index = 10202, .adv_w = 250, .box_w = 4, .box_h = 25, .ofs_x = 6, .ofs_y = -3},
    {.bitmap_index = 10252, .adv_w = 250, .box_w = 12, .box_h = 25, .ofs_x = 2, .ofs_y = -3},
    {.bitmap_index = 10402, .adv_w = 250, .box_w = 13, .box_h = 6, .ofs_x = 1, .ofs_y = 7},
    {.bitmap_index = 10441, .adv_w = 250, .box_w = 0, .box_h = 0, .ofs_x = 0, .ofs_y = 0},
    {.bitmap_index = 10441, .adv_w = 250, .box_w = 5, .box_h = 20, .ofs_x = 5, .ofs_y = -5},
    {.bitmap_index = 10491, .adv_w = 250, .box_w = 12, .box_h = 23, .ofs_x = 2, .ofs_y = -4},
    {.bitmap_index = 10629, .adv_w = 250, .box_w = 13, .box_h = 20, .ofs_x = 1, .ofs_y = 0},
    {.bitmap_index = 10759, .adv_w = 250, .box_w = 14, .box_h = 15, .ofs_x = 1, .ofs_y = 2},
    {.bitmap_index = 10864, .adv_w = 250, .box_w = 15, .box_h = 20, .ofs_x = 0, .ofs_y = 0},
    {.bitmap_index = 11014, .adv_w = 250, .box_w = 4, .box_h = 26, .ofs_x = 6, .ofs_y = -3},
    {.bitmap_index = 11066, .adv_w = 250, .box_w = 13, .box_h = 24, .ofs_x = 1, .ofs_y = -4},
    {.bitmap_index = 11222, .adv_w = 250, .box_w = 10, .box_h = 4, .ofs_x = 3, .ofs_y = 17},
    {.bitmap_index = 11242, .adv_w = 250, .box_w = 14, .box_h = 19, .ofs_x = 1, .ofs_y = 2},
    {.bitmap_index = 11375, .adv_w = 250, .box_w = 7, .box_h = 8, .ofs_x = 4, .ofs_y = 11},
    {.bitmap_index = 11403, .adv_w = 250, .box_w = 15, .box_h = 13, .ofs_x = 0, .ofs_y = 1},
    {.bitmap_index = 11501, .adv_w = 250, .box_w = 11, .box_h = 7, .ofs_x = 2, .ofs_y = 4},
    {.bitmap_index = 11540, .adv_w = 250, .box_w = 9, .box_h = 3, .ofs_x = 3, .ofs_y = 8},
    {.bitmap_index = 11554, .adv_w = 250, .box_w = 14, .box_h = 19, .ofs_x = 1, .ofs_y = 2},
    {.bitmap_index = 11687, .adv_w = 250, .box_w = 10, .box_h = 3, .ofs_x = 3, .ofs_y = 18},
    {.bitmap_index = 11702, .adv_w = 250, .box_w = 9, .box_h = 8, .ofs_x = 3, .ofs_y = 12},
    {.bitmap_index = 11738, .adv_w = 250, .box_w = 13, .box_h = 16, .ofs_x = 1, .ofs_y = 0},
    {.bitmap_index = 11842, .adv_w = 250, .box_w = 9, .box_h = 12, .ofs_x = 3, .ofs_y = 10},
    {.bitmap_index = 11896, .adv_w = 250, .box_w = 10, .box_h = 12, .ofs_x = 3, .ofs_y = 10},
    {.bitmap_index = 11956, .adv_w = 250, .box_w = 7, .box_h = 4, .ofs_x = 5, .ofs_y = 17},
    {.bitmap_index = 11970, .adv_w = 250, .box_w = 12, .box_h = 20, .ofs_x = 2, .ofs_y = -5},
    {.bitmap_index = 12090, .adv_w = 250, .box_w = 13, .box_h = 25, .ofs_x = 1, .ofs_y = -5},
    {.bitmap_index = 12253, .adv_w = 250, .box_w = 6, .box_h = 5, .ofs_x = 5, .ofs_y = 7},
    {.bitmap_index = 12268, .adv_w = 250, .box_w = 6, .box_h = 6, .ofs_x = 5, .ofs_y = -6},
    {.bitmap_index = 12286, .adv_w = 250, .box_w = 10, .box_h = 12, .ofs_x = 3, .ofs_y = 10},
    {.bitmap_index = 12346, .adv_w = 250, .box_w = 7, .box_h = 8, .ofs_x = 4, .ofs_y = 11},
    {.bitmap_index = 12374, .adv_w = 250, .box_w = 15, .box_h = 13, .ofs_x = 0, .ofs_y = 1},
    {.bitmap_index = 12472, .adv_w = 250, .box_w = 16, .box_h = 20, .ofs_x = 0, .ofs_y = 0},
    {.bitmap_index = 12632, .adv_w = 250, .box_w = 16, .box_h = 21, .ofs_x = 0, .ofs_y = -1},
    {.bitmap_index = 12800, .adv_w = 250, .box_w = 16, .box_h = 20, .ofs_x = 0, .ofs_y = 0},
    {.bitmap_index = 12960, .adv_w = 250, .box_w = 11, .box_h = 20, .ofs_x = 2, .ofs_y = -5},
    {.bitmap_index = 13070, .adv_w = 250, .box_w = 14, .box_h = 26, .ofs_x = 1, .ofs_y = 0},
    {.bitmap_index = 13252, .adv_w = 250, .box_w = 14, .box_h = 26, .ofs_x = 1, .ofs_y = 0},
    {.bitmap_index = 13434, .adv_w = 250, .box_w = 14, .box_h = 26, .ofs_x = 1, .ofs_y = 0},
    {.bitmap_index = 13616, .adv_w = 250, .box_w = 14, .box_h = 25, .ofs_x = 1, .ofs_y = 0},
    {.bitmap_index = 13791, .adv_w = 250, .box_w = 14, .box_h = 26, .ofs_x = 1, .ofs_y = 0},
    {.bitmap_index = 13973, .adv_w = 250, .box_w = 14, .box_h = 28, .ofs_x = 1, .ofs_y = 0},
    {.bitmap_index = 14169, .adv_w = 250, .box_w = 15, .box_h = 20, .ofs_x = 0, .ofs_y = 0},
    {.bitmap_index = 14319, .adv_w = 250, .box_w = 12, .box_h = 25, .ofs_x = 2, .ofs_y = -5},
    {.bitmap_index = 14469, .adv_w = 250, .box_w = 12, .box_h = 26, .ofs_x = 2, .ofs_y = 0},
    {.bitmap_index = 14625, .adv_w = 250, .box_w = 12, .box_h = 26, .ofs_x = 2, .ofs_y = 0},
    {.bitmap_index = 14781, .adv_w = 250, .box_w = 12, .box_h = 26, .ofs_x = 2, .ofs_y = 0},
    {.bitmap_index = 14937, .adv_w = 250, .box_w = 12, .box_h = 26, .ofs_x = 2, .ofs_y = 0},
    {.bitmap_index = 15093, .adv_w = 250, .box_w = 11, .box_h = 26, .ofs_x = 2, .ofs_y = 0},
    {.bitmap_index = 15236, .adv_w = 250, .box_w = 11, .box_h = 26, .ofs_x = 2, .ofs_y = 0},
    {.bitmap_index = 15379, .adv_w = 250, .box_w = 11, .box_h = 26, .ofs_x = 2, .ofs_y = 0},
    {.bitmap_index = 15522, .adv_w = 250, .box_w = 11, .box_h = 26, .ofs_x = 2, .ofs_y = 0},
    {.bitmap_index = 15665, .adv_w = 250, .box_w = 14, .box_h = 20, .ofs_x = 0, .ofs_y = 0},
    {.bitmap_index = 15805, .adv_w = 250, .box_w = 12, .box_h = 25, .ofs_x = 2, .ofs_y = 0},
    {.bitmap_index = 15955, .adv_w = 250, .box_w = 12, .box_h = 26, .ofs_x = 2, .ofs_y = 0},
    {.bitmap_index = 16111, .adv_w = 250, .box_w = 12, .box_h = 26, .ofs_x = 2, .ofs_y = 0},
    {.bitmap_index = 16267, .adv_w = 250, .box_w = 12, .box_h = 26, .ofs_x = 2, .ofs_y = 0},
    {.bitmap_index = 16423, .adv_w = 250, .box_w = 12, .box_h = 26, .ofs_x = 2, .ofs_y = 0},
    {.bitmap_index = 16579, .adv_w = 250, .box_w = 12, .box_h = 26, .ofs_x = 2, .ofs_y = 0},
    {.bitmap_index = 16735, .adv_w = 250, .box_w = 11, .box_h = 12, .ofs_x = 2, .ofs_y = 3},
    {.bitmap_index = 16801, .adv_w = 250, .box_w = 15, .box_h = 22, .ofs_x = 0, .ofs_y = -1},
    {.bitmap_index = 16966, .adv_w = 250, .box_w = 12, .box_h = 26, .ofs_x = 2, .ofs_y = 0},
    {.bitmap_index = 17122, .adv_w = 250, .box_w = 12, .box_h = 26, .ofs_x = 2, .ofs_y = 0},
    {.bitmap_index = 17278, .adv_w = 250, .box_w = 12, .box_h = 26, .ofs_x = 2, .ofs_y = 0},
    {.bitmap_index = 17434, .adv_w = 250, .box_w = 12, .box_h = 26, .ofs_x = 2, .ofs_y = 0},
    {.bitmap_index = 17590, .adv_w = 250, .box_w = 15, .box_h = 26, .ofs_x = 0, .ofs_y = 0},
    {.bitmap_index = 17785, .adv_w = 250, .box_w = 13, .box_h = 20, .ofs_x = 2, .ofs_y = 0},
    {.bitmap_index = 17915, .adv_w = 250, .box_w = 13, .box_h = 20, .ofs_x = 2, .ofs_y = 0},
    {.bitmap_index = 18045, .adv_w = 250, .box_w = 13, .box_h = 22, .ofs_x = 1, .ofs_y = 0},
    {.bitmap_index = 18188, .adv_w = 250, .box_w = 13, .box_h = 22, .ofs_x = 1, .ofs_y = 0},
    {.bitmap_index = 18331, .adv_w = 250, .box_w = 13, .box_h = 22, .ofs_x = 1, .ofs_y = 0},
    {.bitmap_index = 18474, .adv_w = 250, .box_w = 13, .box_h = 21, .ofs_x = 1, .ofs_y = 0},
    {.bitmap_index = 18611, .adv_w = 250, .box_w = 13, .box_h = 21, .ofs_x = 1, .ofs_y = 0},
    {.bitmap_index = 18748, .adv_w = 250, .box_w = 13, .box_h = 24, .ofs_x = 1, .ofs_y = 0},
    {.bitmap_index = 18904, .adv_w = 250, .box_w = 15, .box_h = 15, .ofs_x = 0, .ofs_y = 0},
    {.bitmap_index = 19017, .adv_w = 250, .box_w = 12, .box_h = 20, .ofs_x = 2, .ofs_y = -5},
    {.bitmap_index = 19137, .adv_w = 250, .box_w = 12, .box_h = 22, .ofs_x = 2, .ofs_y = 0},
    {.bitmap_index = 19269, .adv_w = 250, .box_w = 12, .box_h = 22, .ofs_x = 2, .ofs_y = 0},
    {.bitmap_index = 19401, .adv_w = 250, .box_w = 12, .box_h = 22, .ofs_x = 2, .ofs_y = 0},
    {.bitmap_index = 19533, .adv_w = 250, .box_w = 12, .box_h = 21, .ofs_x = 2, .ofs_y = 0},
    {.bitmap_index = 19659, .adv_w = 250, .box_w = 13, .box_h = 21, .ofs_x = 2, .ofs_y = 0},
    {.bitmap_index = 19796, .adv_w = 250, .box_w = 13, .box_h = 21, .ofs_x = 2, .ofs_y = 0},
    {.bitmap_index = 19933, .adv_w = 250, .box_w = 13, .box_h = 21, .ofs_x = 2, .ofs_y = 0},
    {.bitmap_index = 20070, .adv_w = 250, .box_w = 13, .box_h = 21, .ofs_x = 2, .ofs_y = 0},
    {.bitmap_index = 20207, .adv_w = 250, .box_w = 13, .box_h = 21, .ofs_x = 1, .ofs_y = 0},
    {.bitmap_index = 20344, .adv_w = 250, .box_w = 12, .box_h = 21, .ofs_x = 2, .ofs_y = 0},
    {.bitmap_index = 20470, .adv_w = 250, .box_w = 12, .box_h = 21, .ofs_x = 2, .ofs_y = 0},
    {.bitmap_index = 20596, .adv_w = 250, .box_w = 12, .box_h = 21, .ofs_x = 2, .ofs_y = 0},
    {.bitmap_index = 20722, .adv_w = 250, .box_w = 12, .box_h = 21, .ofs_x = 2, .ofs_y = 0},
    {.bitmap_index = 20848, .adv_w = 250, .box_w = 12, .box_h = 21, .ofs_x = 2, .ofs_y = 0},
    {.bitmap_index = 20974, .adv_w = 250, .box_w = 12, .box_h = 21, .ofs_x = 2, .ofs_y = 0},
    {.bitmap_index = 21100, .adv_w = 250, .box_w = 11, .box_h = 16, .ofs_x = 2, .ofs_y = 1},
    {.bitmap_index = 21188, .adv_w = 250, .box_w = 15, .box_h = 17, .ofs_x = 0, .ofs_y = -1},
    {.bitmap_index = 21316, .adv_w = 250, .box_w = 12, .box_h = 22, .ofs_x = 2, .ofs_y = 0},
    {.bitmap_index = 21448, .adv_w = 250, .box_w = 12, .box_h = 22, .ofs_x = 2, .ofs_y = 0},
    {.bitmap_index = 21580, .adv_w = 250, .box_w = 12, .box_h = 22, .ofs_x = 2, .ofs_y = 0},
    {.bitmap_index = 21712, .adv_w = 250, .box_w = 12, .box_h = 21, .ofs_x = 2, .ofs_y = 0},
    {.bitmap_index = 21838, .adv_w = 250, .box_w = 14, .box_h = 26, .ofs_x = 1, .ofs_y = -5},
    {.bitmap_index = 22020, .adv_w = 250, .box_w = 12, .box_h = 25, .ofs_x = 2, .ofs_y = -5},
    {.bitmap_index = 22170, .adv_w = 250, .box_w = 14, .box_h = 26, .ofs_x = 1, .ofs_y = -5},
    {.bitmap_index = 22352, .adv_w = 250, .box_w = 12, .box_h = 3, .ofs_x = 2, .ofs_y = 8},
    {.bitmap_index = 22370, .adv_w = 250, .box_w = 16, .box_h = 3, .ofs_x = 0, .ofs_y = 8},
    {.bitmap_index = 22394, .adv_w = 250, .box_w = 10, .box_h = 25, .ofs_x = 3, .ofs_y = -3},
    {.bitmap_index = 22519, .adv_w = 250, .box_w = 5, .box_h = 9, .ofs_x = 5, .ofs_y = 11},
    {.bitmap_index = 22542, .adv_w = 250, .box_w = 6, .box_h = 9, .ofs_x = 5, .ofs_y = 11},
    {.bitmap_index = 22569, .adv_w = 250, .box_w = 6, .box_h = 9, .ofs_x = 5, .ofs_y = -4},
    {.bitmap_index = 22596, .adv_w = 250, .box_w = 5, .box_h = 9, .ofs_x = 5, .ofs_y = 11},
    {.bitmap_index = 22619, .adv_w = 250, .box_w = 11, .box_h = 9, .ofs_x = 2, .ofs_y = 11},
    {.bitmap_index = 22669, .adv_w = 250, .box_w = 12, .box_h = 9, .ofs_x = 2, .ofs_y = 11},
    {.bitmap_index = 22723, .adv_w = 250, .box_w = 12, .box_h = 9, .ofs_x = 2, .ofs_y = -4},
    {.bitmap_index = 22777, .adv_w = 250, .box_w = 11, .box_h = 9, .ofs_x = 2, .ofs_y = 11},
    {.bitmap_index = 22827, .adv_w = 250, .box_w = 12, .box_h = 26, .ofs_x = 2, .ofs_y = -3},
    {.bitmap_index = 22983, .adv_w = 250, .box_w = 12, .box_h = 26, .ofs_x = 2, .ofs_y = -3},
    {.bitmap_index = 23139, .adv_w = 250, .box_w = 7, .box_h = 7, .ofs_x = 4, .ofs_y = 7},
    {.bitmap_index = 23164, .adv_w = 250, .box_w = 6, .box_h = 5, .ofs_x = 5, .ofs_y = 0},
    {.bitmap_index = 23179, .adv_w = 250, .box_w = 14, .box_h = 5, .ofs_x = 1, .ofs_y = 0},
    {.bitmap_index = 23214, .adv_w = 250, .box_w = 16, .box_h = 16, .ofs_x = 0, .ofs_y = 1},
    {.bitmap_index = 23342, .adv_w = 250, .box_w = 15, .box_h = 20, .ofs_x = 0, .ofs_y = 0},
    {.bitmap_index = 23492, .adv_w = 250, .box_w = 16, .box_h = 16, .ofs_x = 0, .ofs_y = 1},
    {.bitmap_index = 23620, .adv_w = 250, .box_w = 15, .box_h = 20, .ofs_x = 0, .ofs_y = -1}
};

/*---------------------
 *  CHARACTER MAPPING
 *--------------------*/

static const uint8_t glyph_id_ofs_list_2[] = {
    0, 1, 0, 2, 0, 3, 4, 5,
    6, 7, 8, 9, 10, 11, 12, 13,
    0, 14, 0, 15
};

/*Collect the unicode lists and glyph_id offsets*/
static const lv_font_fmt_txt_cmap_t cmaps[] =
{
    {
        .range_start = 32, .range_length = 95, .glyph_id_start = 1,
        .unicode_list = NULL, .glyph_id_ofs_list = NULL, .list_length = 0, .type = LV_FONT_FMT_TXT_CMAP_FORMAT0_TINY
    },
    {
        .range_start = 160, .range_length = 96, .glyph_id_start = 96,
        .unicode_list = NULL, .glyph_id_ofs_list = NULL, .list_length = 0, .type = LV_FONT_FMT_TXT_CMAP_FORMAT0_TINY
    },
    {
        .range_start = 8211, .range_length = 20, .glyph_id_start = 192,
        .unicode_list = NULL, .glyph_id_ofs_list = glyph_id_ofs_list_2, .list_length = 20, .type = LV_FONT_FMT_TXT_CMAP_FORMAT0_FULL
    },
    {
        .range_start = 8592, .range_length = 4, .glyph_id_start = 208,
        .unicode_list = NULL, .glyph_id_ofs_list = NULL, .list_length = 0, .type = LV_FONT_FMT_TXT_CMAP_FORMAT0_TINY
    }
};



/*--------------------
 *  ALL CUSTOM DATA
 *--------------------*/

#if LVGL_VERSION_MAJOR == 8
/*Store all the custom data of the font*/
static  lv_font_fmt_txt_glyph_cache_t cache;
#endif

#if LVGL_VERSION_MAJOR >= 8
static const lv_font_fmt_txt_dsc_t font_dsc = {
#else
static lv_font_fmt_txt_dsc_t font_dsc = {
#endif
    .glyph_bitmap = glyph_bitmap,
    .glyph_dsc = glyph_dsc,
    .cmaps = cmaps,
    .kern_dsc = NULL,
    .kern_scale = 0,
    .cmap_num = 4,
    .bpp = 4,
    .kern_classes = 0,
    .bitmap_format = 0,
#if LVGL_VERSION_MAJOR == 8
    .cache = &cache
#endif
};

extern const lv_font_t source_han_sans_26;


/*-----------------
 *  PUBLIC FONT
 *----------------*/

/*Initialize a public general font descriptor*/
#if LVGL_VERSION_MAJOR >= 8
const lv_font_t eos_font_jbm_26 = {
#else
lv_font_t eos_font_jbm_26 = {
#endif
    .get_glyph_dsc = lv_font_get_glyph_dsc_fmt_txt,    /*Function pointer to get glyph's data*/
    .get_glyph_bitmap = lv_font_get_bitmap_fmt_txt,    /*Function pointer to get glyph's bitmap*/
    .line_height = 34,          /*The maximum line height required by the font*/
    .base_line = 6,             /*Baseline measured from the bottom of the line*/
#if !(LVGL_VERSION_MAJOR == 6 && LVGL_VERSION_MINOR == 0)
    .subpx = LV_FONT_SUBPX_NONE,
#endif
#if LV_VERSION_CHECK(7, 4, 0) || LVGL_VERSION_MAJOR >= 8
    .underline_position = -4,
    .underline_thickness = 1,
#endif
    .dsc = &font_dsc,          /*The custom font data. Will be accessed by `get_glyph_bitmap/dsc` */
#if LV_VERSION_CHECK(8, 2, 0) || LVGL_VERSION_MAJOR >= 9
    /* 图标字体子集(eos_font_icon), 覆盖 RI_* 和 LV_SYMBOL_* 字符 */
    .fallback = &eos_font_icon,
#endif
    .user_data = NULL,
};



#endif /*#if EOS_FONT_JBM_26*/

