/*******************************************************************************
 * Size: 22 px
 * Bpp: 4
 * Opts: --bpp 4 --size 22 --format lvgl --no-compress --font /home/erashaperavm/下载/CantoMk6-fork/resources/font/ttf-dir/JetBrainsMono-Medium.ttf -r 0x20-0x7e,0xa0-0xff,0x2013-0x2026,0x2190-0x2193 --lv-fallback cos_font_han_sans_16 --lv-font-name cos_font_jbm_22 -o /home/erashaperavm/下载/CantoMk6-fork/resources/font/cos_font_jbm_22.c
 ******************************************************************************/

#ifdef LV_LVGL_H_INCLUDE_SIMPLE
#include "lvgl.h"
#else
#include "lvgl/lvgl.h"
#endif

#ifndef COS_FONT_JBM_22
#define COS_FONT_JBM_22 1
#endif

#if COS_FONT_JBM_22

/*-----------------
 *    BITMAPS
 *----------------*/

/*Store the image of the glyphs*/
static LV_ATTRIBUTE_LARGE_CONST const uint8_t glyph_bitmap[] = {
    /* U+0020 " " */

    /* U+0021 "!" */
    0xa, 0xfd, 0x0, 0x9f, 0xd0, 0x9, 0xfc, 0x0,
    0x9f, 0xc0, 0x8, 0xfb, 0x0, 0x8f, 0xb0, 0x7,
    0xfa, 0x0, 0x7f, 0xa0, 0x7, 0xfa, 0x0, 0x6f,
    0x90, 0x6, 0xf9, 0x0, 0x0, 0x0, 0x0, 0x0,
    0x0, 0x5a, 0x70, 0xf, 0xff, 0x30, 0xbf, 0xd1,

    /* U+0022 "\"" */
    0xf, 0xf6, 0x3, 0xff, 0x30, 0xff, 0x50, 0x2f,
    0xf2, 0xf, 0xf5, 0x2, 0xff, 0x20, 0xef, 0x50,
    0x1f, 0xf1, 0xe, 0xf4, 0x1, 0xff, 0x10, 0xdf,
    0x40, 0xf, 0xf1, 0x5, 0x71, 0x0, 0x77, 0x0,

    /* U+0023 "#" */
    0x0, 0x0, 0x6f, 0x40, 0x5, 0xf5, 0x0, 0x0,
    0x8, 0xf1, 0x0, 0x7f, 0x20, 0x0, 0x0, 0xbe,
    0x0, 0xa, 0xf0, 0x0, 0x0, 0xe, 0xc0, 0x0,
    0xdd, 0x0, 0x0, 0x0, 0xf9, 0x0, 0xf, 0xa0,
    0x0, 0x7f, 0xff, 0xff, 0xff, 0xff, 0xf7, 0x3,
    0x8b, 0xf9, 0x88, 0xbf, 0xa8, 0x30, 0x0, 0x9f,
    0x0, 0x8, 0xf1, 0x0, 0x0, 0xd, 0xd0, 0x0,
    0xce, 0x0, 0x0, 0x0, 0xfa, 0x0, 0xf, 0xb0,
    0x0, 0x3f, 0xff, 0xff, 0xff, 0xff, 0xfa, 0x1,
    0x8b, 0xf9, 0x88, 0xbf, 0xa8, 0x50, 0x0, 0x8f,
    0x10, 0x8, 0xf2, 0x0, 0x0, 0xb, 0xe0, 0x0,
    0xbf, 0x0, 0x0, 0x0, 0xeb, 0x0, 0xd, 0xc0,
    0x0, 0x0, 0x1f, 0x80, 0x0, 0xf9, 0x0, 0x0,

    /* U+0024 "$" */
    0x0, 0x0, 0x8, 0x20, 0x0, 0x0, 0x0, 0x0,
    0xf5, 0x0, 0x0, 0x0, 0x0, 0xf, 0x50, 0x0,
    0x0, 0x0, 0x48, 0xfb, 0x61, 0x0, 0x0, 0xbf,
    0xff, 0xff, 0xe3, 0x0, 0x9f, 0xe6, 0xf8, 0xbf,
    0xe0, 0xf, 0xf4, 0xf, 0x50, 0xef, 0x51, 0xff,
    0x20, 0xf5, 0x5, 0x83, 0xf, 0xf6, 0xf, 0x50,
    0x0, 0x0, 0x9f, 0xf6, 0xf5, 0x0, 0x0, 0x1,
    0xdf, 0xff, 0xc5, 0x0, 0x0, 0x0, 0x8e, 0xff,
    0xfd, 0x20, 0x0, 0x0, 0xf, 0xcf, 0xfe, 0x0,
    0x0, 0x0, 0xf5, 0x2e, 0xf6, 0x0, 0x0, 0xf,
    0x50, 0x8f, 0xa7, 0xfc, 0x0, 0xf5, 0x8, 0xfa,
    0x3f, 0xf4, 0xf, 0x52, 0xef, 0x60, 0xaf, 0xfc,
    0xfd, 0xff, 0xc0, 0x0, 0x6e, 0xff, 0xff, 0x80,
    0x0, 0x0, 0x2, 0xf7, 0x0, 0x0, 0x0, 0x0,
    0xf, 0x50, 0x0, 0x0, 0x0, 0x0, 0xf5, 0x0,
    0x0,

    /* U+0025 "%" */
    0x6, 0xdf, 0xc3, 0x0, 0x0, 0x2f, 0xa5, 0xfc,
    0x8e, 0xf1, 0x0, 0xc, 0xe1, 0xaf, 0x10, 0x5f,
    0x50, 0x7, 0xf4, 0xb, 0xf0, 0x4, 0xf7, 0x3,
    0xf9, 0x0, 0xbf, 0x0, 0x4f, 0x70, 0xdd, 0x0,
    0x8, 0xf6, 0xa, 0xf4, 0x8f, 0x30, 0x0, 0x1e,
    0xff, 0xfb, 0x4f, 0x80, 0x0, 0x0, 0x5, 0x74,
    0xd, 0xc0, 0x0, 0x0, 0x0, 0x0, 0x9, 0xf2,
    0x0, 0x0, 0x0, 0x0, 0x4, 0xf6, 0x3b, 0xfe,
    0x90, 0x0, 0x1, 0xeb, 0xe, 0xf9, 0xbf, 0x80,
    0x0, 0xaf, 0x13, 0xf8, 0x0, 0xdd, 0x0, 0x6f,
    0x50, 0x4f, 0x70, 0xc, 0xe0, 0x1f, 0xa0, 0x3,
    0xf7, 0x0, 0xdd, 0xb, 0xe1, 0x0, 0xe, 0xe7,
    0x9f, 0x87, 0xf4, 0x0, 0x0, 0x2b, 0xfe, 0x90,

    /* U+0026 "&" */
    0x0, 0x1, 0xae, 0xfc, 0x50, 0x0, 0x0, 0x0,
    0x1e, 0xfe, 0xdf, 0xf6, 0x0, 0x0, 0x0, 0x8f,
    0xc0, 0x5, 0xff, 0x0, 0x0, 0x0, 0xaf, 0x70,
    0x0, 0xdf, 0x30, 0x0, 0x0, 0x7f, 0xb0, 0x0,
    0x12, 0x0, 0x0, 0x0, 0x1e, 0xf6, 0x0, 0x0,
    0x0, 0x0, 0x0, 0x5, 0xff, 0x30, 0x0, 0x0,
    0x0, 0x1, 0xaf, 0xff, 0xd1, 0x0, 0x0, 0x0,
    0xd, 0xfe, 0x9c, 0xfb, 0x0, 0x3f, 0xf2, 0x4f,
    0xe1, 0x0, 0xdf, 0x81, 0xef, 0x50, 0x7f, 0xa0,
    0x0, 0x2e, 0xfd, 0xf7, 0x0, 0x8f, 0xa0, 0x0,
    0x4, 0xff, 0xb0, 0x0, 0x7f, 0xb0, 0x0, 0x8,
    0xff, 0xd0, 0x0, 0x3f, 0xf4, 0x0, 0x7f, 0xea,
    0xfa, 0x0, 0xb, 0xff, 0xef, 0xfe, 0x20, 0xdf,
    0x60, 0x0, 0x7d, 0xfe, 0xa1, 0x0, 0x3f, 0xf3,

    /* U+0027 "'" */
    0x9f, 0xc9, 0xfc, 0x8f, 0xc8, 0xfb, 0x7f, 0xb7,
    0xfa, 0x37, 0x40,

    /* U+0028 "(" */
    0x0, 0x0, 0x0, 0x0, 0x0, 0x0, 0x3, 0xa9,
    0x0, 0x1, 0xaf, 0xfa, 0x0, 0x1d, 0xff, 0x71,
    0x0, 0xaf, 0xe2, 0x0, 0x3, 0xff, 0x30, 0x0,
    0x9, 0xfb, 0x0, 0x0, 0xd, 0xf6, 0x0, 0x0,
    0xf, 0xf3, 0x0, 0x0, 0xf, 0xf2, 0x0, 0x0,
    0xf, 0xf2, 0x0, 0x0, 0xf, 0xf2, 0x0, 0x0,
    0xf, 0xf2, 0x0, 0x0, 0xf, 0xf2, 0x0, 0x0,
    0xe, 0xf4, 0x0, 0x0, 0xb, 0xf8, 0x0, 0x0,
    0x7, 0xfe, 0x0, 0x0, 0x1, 0xef, 0x80, 0x0,
    0x0, 0x5f, 0xf8, 0x0, 0x0, 0x7, 0xff, 0xe6,
    0x0, 0x0, 0x4c, 0xfa, 0x0, 0x0, 0x0, 0x35,

    /* U+0029 ")" */
    0x0, 0x0, 0x0, 0x0, 0x7b, 0x50, 0x0, 0x0,
    0x7f, 0xfc, 0x20, 0x0, 0x6, 0xef, 0xe2, 0x0,
    0x0, 0x1c, 0xfd, 0x0, 0x0, 0x1, 0xff, 0x60,
    0x0, 0x0, 0x7f, 0xd0, 0x0, 0x0, 0x2f, 0xf0,
    0x0, 0x0, 0xf, 0xf2, 0x0, 0x0, 0xf, 0xf3,
    0x0, 0x0, 0xf, 0xf3, 0x0, 0x0, 0xf, 0xf3,
    0x0, 0x0, 0xf, 0xf3, 0x0, 0x0, 0xf, 0xf3,
    0x0, 0x0, 0x1f, 0xf2, 0x0, 0x0, 0x5f, 0xf0,
    0x0, 0x0, 0xbf, 0xa0, 0x0, 0x5, 0xff, 0x30,
    0x0, 0x6f, 0xf9, 0x0, 0x4d, 0xff, 0xa0, 0x0,
    0x7f, 0xe6, 0x0, 0x0, 0x34, 0x0, 0x0, 0x0,

    /* U+002A "*" */
    0x0, 0x0, 0x6, 0xf9, 0x0, 0x0, 0x0, 0x0,
    0x0, 0x6f, 0x90, 0x0, 0x0, 0x0, 0x0, 0x5,
    0xf8, 0x0, 0x0, 0x0, 0xba, 0x40, 0x5f, 0x80,
    0x39, 0xd0, 0x1f, 0xff, 0xe9, 0xfa, 0xdf, 0xff,
    0x40, 0x5, 0xbf, 0xff, 0xff, 0xc6, 0x10, 0x0,
    0x0, 0x1d, 0xff, 0x30, 0x0, 0x0, 0x0, 0xc,
    0xf7, 0xfe, 0x10, 0x0, 0x0, 0x9, 0xfc, 0x8,
    0xfc, 0x0, 0x0, 0x4, 0xff, 0x20, 0xd, 0xf8,
    0x0, 0x0, 0x2c, 0x50, 0x0, 0x3d, 0x40, 0x0,
    0x0, 0x0, 0x0, 0x0, 0x0, 0x0,

    /* U+002B "+" */
    0x0, 0x0, 0x7f, 0xa0, 0x0, 0x0, 0x0, 0x7,
    0xfa, 0x0, 0x0, 0x0, 0x0, 0x7f, 0xa0, 0x0,
    0x0, 0x0, 0x7, 0xfa, 0x0, 0x0, 0x8e, 0xee,
    0xff, 0xfe, 0xee, 0xb9, 0xff, 0xff, 0xff, 0xff,
    0xfd, 0x0, 0x0, 0x7f, 0xa0, 0x0, 0x0, 0x0,
    0x7, 0xfa, 0x0, 0x0, 0x0, 0x0, 0x7f, 0xa0,
    0x0, 0x0, 0x0, 0x7, 0xfa, 0x0, 0x0, 0x0,
    0x0, 0x2, 0x10, 0x0, 0x0,

    /* U+002C "," */
    0x3, 0x99, 0x10, 0x7f, 0xf0, 0xa, 0xfc, 0x0,
    0xdf, 0x80, 0xf, 0xf4, 0x3, 0xff, 0x10, 0x6f,
    0xd0, 0x0,

    /* U+002D "-" */
    0xde, 0xee, 0xee, 0xe1, 0xef, 0xff, 0xff, 0xf2,

    /* U+002E "." */
    0x4, 0x95, 0x1, 0xff, 0xf4, 0x3f, 0xff, 0x60,
    0xaf, 0xc1,

    /* U+002F "/" */
    0x0, 0x0, 0x0, 0x0, 0xdf, 0x70, 0x0, 0x0,
    0x0, 0x3f, 0xf1, 0x0, 0x0, 0x0, 0xa, 0xfa,
    0x0, 0x0, 0x0, 0x0, 0xff, 0x40, 0x0, 0x0,
    0x0, 0x6f, 0xe0, 0x0, 0x0, 0x0, 0xc, 0xf7,
    0x0, 0x0, 0x0, 0x2, 0xff, 0x10, 0x0, 0x0,
    0x0, 0x9f, 0xb0, 0x0, 0x0, 0x0, 0xe, 0xf5,
    0x0, 0x0, 0x0, 0x5, 0xfe, 0x0, 0x0, 0x0,
    0x0, 0xbf, 0x80, 0x0, 0x0, 0x0, 0x2f, 0xf2,
    0x0, 0x0, 0x0, 0x8, 0xfc, 0x0, 0x0, 0x0,
    0x0, 0xef, 0x60, 0x0, 0x0, 0x0, 0x4f, 0xf0,
    0x0, 0x0, 0x0, 0xb, 0xf9, 0x0, 0x0, 0x0,
    0x1, 0xff, 0x30, 0x0, 0x0, 0x0, 0x7f, 0xd0,
    0x0, 0x0, 0x0, 0xd, 0xf6, 0x0, 0x0, 0x0,
    0x3, 0xff, 0x10, 0x0, 0x0, 0x0,

    /* U+0030 "0" */
    0x0, 0x2a, 0xef, 0xeb, 0x30, 0x0, 0x3f, 0xff,
    0xdf, 0xff, 0x60, 0xd, 0xfb, 0x10, 0x8, 0xff,
    0x13, 0xff, 0x0, 0x0, 0xd, 0xf5, 0x4f, 0xc0,
    0x0, 0x0, 0x9f, 0x75, 0xfc, 0x0, 0x0, 0x9,
    0xf8, 0x5f, 0xc0, 0x17, 0x30, 0x9f, 0x85, 0xfc,
    0xa, 0xfe, 0x9, 0xf8, 0x5f, 0xc0, 0x6f, 0xa0,
    0x9f, 0x85, 0xfc, 0x0, 0x0, 0x9, 0xf8, 0x5f,
    0xc0, 0x0, 0x0, 0x9f, 0x84, 0xfd, 0x0, 0x0,
    0x9, 0xf7, 0x2f, 0xf1, 0x0, 0x0, 0xdf, 0x50,
    0xdf, 0xb1, 0x0, 0x8f, 0xf0, 0x3, 0xff, 0xfd,
    0xff, 0xf5, 0x0, 0x2, 0xae, 0xfe, 0xa3, 0x0,

    /* U+0031 "1" */
    0x0, 0x3, 0xdf, 0xf6, 0x0, 0x0, 0x7, 0xff,
    0xff, 0x60, 0x0, 0xb, 0xff, 0x8c, 0xf6, 0x0,
    0x1, 0xfe, 0x40, 0xcf, 0x60, 0x0, 0x1b, 0x10,
    0xc, 0xf6, 0x0, 0x0, 0x0, 0x0, 0xcf, 0x60,
    0x0, 0x0, 0x0, 0xc, 0xf6, 0x0, 0x0, 0x0,
    0x0, 0xcf, 0x60, 0x0, 0x0, 0x0, 0xc, 0xf6,
    0x0, 0x0, 0x0, 0x0, 0xcf, 0x60, 0x0, 0x0,
    0x0, 0xc, 0xf6, 0x0, 0x0, 0x0, 0x0, 0xcf,
    0x60, 0x0, 0x0, 0x0, 0xc, 0xf6, 0x0, 0x0,
    0x0, 0x0, 0xcf, 0x60, 0x0, 0xf, 0xff, 0xff,
    0xff, 0xff, 0xe0, 0xff, 0xff, 0xff, 0xff, 0xff,

    /* U+0032 "2" */
    0x0, 0x2a, 0xef, 0xea, 0x30, 0x0, 0x3f, 0xff,
    0xef, 0xff, 0x50, 0xd, 0xfb, 0x10, 0x1a, 0xfe,
    0x13, 0xff, 0x10, 0x0, 0xf, 0xf5, 0x4b, 0x90,
    0x0, 0x0, 0xcf, 0x70, 0x0, 0x0, 0x0, 0xe,
    0xf5, 0x0, 0x0, 0x0, 0x4, 0xff, 0x10, 0x0,
    0x0, 0x1, 0xef, 0x80, 0x0, 0x0, 0x0, 0xcf,
    0xc0, 0x0, 0x0, 0x0, 0xcf, 0xd1, 0x0, 0x0,
    0x0, 0xbf, 0xd1, 0x0, 0x0, 0x0, 0xbf, 0xe2,
    0x0, 0x0, 0x0, 0xaf, 0xe2, 0x0, 0x0, 0x0,
    0xaf, 0xe2, 0x0, 0x0, 0x0, 0x2f, 0xff, 0xff,
    0xff, 0xff, 0x92, 0xff, 0xff, 0xff, 0xff, 0xfa,

    /* U+0033 "3" */
    0xf, 0xff, 0xff, 0xff, 0xfe, 0x0, 0xee, 0xee,
    0xee, 0xff, 0xe0, 0x0, 0x0, 0x0, 0x2e, 0xf5,
    0x0, 0x0, 0x0, 0x2e, 0xf5, 0x0, 0x0, 0x0,
    0x2e, 0xf6, 0x0, 0x0, 0x0, 0x2e, 0xf8, 0x0,
    0x0, 0x0, 0x6, 0xff, 0xfd, 0x50, 0x0, 0x0,
    0x4a, 0xbe, 0xff, 0x60, 0x0, 0x0, 0x0, 0x9,
    0xff, 0x0, 0x0, 0x0, 0x0, 0xf, 0xf3, 0x0,
    0x0, 0x0, 0x0, 0xdf, 0x54, 0x85, 0x0, 0x0,
    0xd, 0xf5, 0x6f, 0xd0, 0x0, 0x1, 0xff, 0x32,
    0xff, 0x90, 0x1, 0xbf, 0xe0, 0x7, 0xff, 0xfe,
    0xff, 0xf4, 0x0, 0x4, 0xbe, 0xfe, 0xa2, 0x0,

    /* U+0034 "4" */
    0x0, 0x0, 0x0, 0xef, 0x80, 0x0, 0x0, 0x9,
    0xfd, 0x0, 0x0, 0x0, 0x3f, 0xf4, 0x0, 0x0,
    0x0, 0xcf, 0xa0, 0x0, 0x0, 0x6, 0xff, 0x10,
    0x0, 0x0, 0x1f, 0xf7, 0x0, 0x0, 0x0, 0xaf,
    0xd0, 0x0, 0x0, 0x4, 0xff, 0x30, 0x4, 0xfe,
    0xd, 0xf9, 0x0, 0x4, 0xfe, 0x6f, 0xe1, 0x0,
    0x4, 0xfe, 0x8f, 0xa0, 0x0, 0x4, 0xfe, 0x8f,
    0xff, 0xff, 0xff, 0xfe, 0x7e, 0xee, 0xee, 0xee,
    0xfe, 0x0, 0x0, 0x0, 0x4, 0xfe, 0x0, 0x0,
    0x0, 0x4, 0xfe, 0x0, 0x0, 0x0, 0x4, 0xfe,

    /* U+0035 "5" */
    0xd, 0xff, 0xff, 0xff, 0xfd, 0x0, 0xdf, 0xff,
    0xff, 0xff, 0xc0, 0xd, 0xf2, 0x0, 0x0, 0x0,
    0x0, 0xdf, 0x20, 0x0, 0x0, 0x0, 0xd, 0xf2,
    0x0, 0x0, 0x0, 0x0, 0xdf, 0x30, 0x0, 0x0,
    0x0, 0xd, 0xff, 0xff, 0xeb, 0x40, 0x0, 0xce,
    0xee, 0xef, 0xff, 0x60, 0x0, 0x0, 0x0, 0x1a,
    0xff, 0x10, 0x0, 0x0, 0x0, 0xf, 0xf5, 0x0,
    0x0, 0x0, 0x0, 0xcf, 0x63, 0x76, 0x0, 0x0,
    0xc, 0xf6, 0x5f, 0xe0, 0x0, 0x0, 0xff, 0x41,
    0xff, 0xa1, 0x1, 0xaf, 0xf0, 0x5, 0xff, 0xfe,
    0xff, 0xf5, 0x0, 0x3, 0xbe, 0xfe, 0xa3, 0x0,

    /* U+0036 "6" */
    0x0, 0x0, 0xc, 0xfa, 0x0, 0x0, 0x0, 0x5,
    0xff, 0x10, 0x0, 0x0, 0x0, 0xef, 0x70, 0x0,
    0x0, 0x0, 0x7f, 0xd0, 0x0, 0x0, 0x0, 0x1f,
    0xf4, 0x0, 0x0, 0x0, 0x9, 0xfa, 0x0, 0x0,
    0x0, 0x2, 0xff, 0xbe, 0xfc, 0x60, 0x0, 0xbf,
    0xfd, 0xbc, 0xff, 0xa0, 0x2f, 0xf7, 0x0, 0x5,
    0xff, 0x57, 0xfc, 0x0, 0x0, 0x9, 0xfa, 0x9f,
    0x90, 0x0, 0x0, 0x6f, 0xd9, 0xf9, 0x0, 0x0,
    0x6, 0xfc, 0x6f, 0xe0, 0x0, 0x0, 0xbf, 0x91,
    0xef, 0xb1, 0x0, 0x8f, 0xf2, 0x4, 0xff, 0xfe,
    0xff, 0xf6, 0x0, 0x2, 0x9e, 0xfe, 0xa3, 0x0,

    /* U+0037 "7" */
    0x4f, 0xff, 0xff, 0xff, 0xff, 0xf1, 0x4f, 0xfe,
    0xee, 0xee, 0xef, 0xf1, 0x4f, 0xe0, 0x0, 0x0,
    0x7f, 0xd0, 0x4f, 0xe0, 0x0, 0x0, 0xef, 0x70,
    0x28, 0x70, 0x0, 0x4, 0xff, 0x10, 0x0, 0x0,
    0x0, 0xb, 0xfa, 0x0, 0x0, 0x0, 0x0, 0x1f,
    0xf3, 0x0, 0x0, 0x0, 0x0, 0x8f, 0xd0, 0x0,
    0x0, 0x0, 0x0, 0xef, 0x60, 0x0, 0x0, 0x0,
    0x5, 0xff, 0x0, 0x0, 0x0, 0x0, 0xc, 0xf9,
    0x0, 0x0, 0x0, 0x0, 0x2f, 0xf3, 0x0, 0x0,
    0x0, 0x0, 0x9f, 0xc0, 0x0, 0x0, 0x0, 0x0,
    0xef, 0x60, 0x0, 0x0, 0x0, 0x6, 0xff, 0x0,
    0x0, 0x0, 0x0, 0xc, 0xf9, 0x0, 0x0, 0x0,

    /* U+0038 "8" */
    0x0, 0x19, 0xef, 0xea, 0x30, 0x0, 0x2e, 0xff,
    0xef, 0xff, 0x40, 0xc, 0xfc, 0x10, 0xa, 0xfe,
    0x1, 0xff, 0x20, 0x0, 0xf, 0xf4, 0x2f, 0xf0,
    0x0, 0x0, 0xdf, 0x50, 0xef, 0x30, 0x0, 0x1f,
    0xf2, 0x6, 0xfd, 0x40, 0x2c, 0xf9, 0x0, 0x5,
    0xdf, 0xff, 0xf7, 0x0, 0x2, 0xcf, 0xfd, 0xff,
    0xd4, 0x0, 0xef, 0x80, 0x0, 0x6f, 0xf2, 0x6f,
    0xc0, 0x0, 0x0, 0x9f, 0xa9, 0xf9, 0x0, 0x0,
    0x6, 0xfc, 0x7f, 0xc0, 0x0, 0x0, 0x9f, 0xa2,
    0xff, 0x91, 0x0, 0x7f, 0xf5, 0x6, 0xff, 0xfe,
    0xff, 0xf9, 0x0, 0x3, 0xae, 0xfe, 0xb5, 0x0,

    /* U+0039 "9" */
    0x0, 0x29, 0xef, 0xea, 0x30, 0x0, 0x4f, 0xff,
    0xef, 0xff, 0x60, 0x1e, 0xfa, 0x10, 0x8, 0xff,
    0x36, 0xfd, 0x0, 0x0, 0xb, 0xf9, 0x9f, 0x90,
    0x0, 0x0, 0x6f, 0xc9, 0xf9, 0x0, 0x0, 0x6,
    0xfd, 0x7f, 0xd0, 0x0, 0x0, 0xaf, 0xa2, 0xff,
    0x80, 0x0, 0x5f, 0xf5, 0x6, 0xff, 0xeb, 0xdf,
    0xfe, 0x0, 0x4, 0xbf, 0xeb, 0xff, 0x50, 0x0,
    0x0, 0x0, 0x9f, 0xc0, 0x0, 0x0, 0x0, 0x2f,
    0xf3, 0x0, 0x0, 0x0, 0xc, 0xfa, 0x0, 0x0,
    0x0, 0x5, 0xff, 0x20, 0x0, 0x0, 0x0, 0xef,
    0x80, 0x0, 0x0, 0x0, 0x8f, 0xe1, 0x0, 0x0,

    /* U+003A ":" */
    0xb, 0xfc, 0x13, 0xff, 0xf6, 0x1e, 0xff, 0x30,
    0x3, 0x10, 0x0, 0x0, 0x0, 0x0, 0x0, 0x0,
    0x0, 0x0, 0x0, 0x0, 0x1, 0x31, 0x1, 0xef,
    0xf3, 0x3f, 0xff, 0x60, 0xbf, 0xc1,

    /* U+003B ";" */
    0xb, 0xfd, 0x14, 0xff, 0xf7, 0x1f, 0xff, 0x30,
    0x14, 0x20, 0x0, 0x0, 0x0, 0x0, 0x0, 0x0,
    0x0, 0x0, 0x0, 0x0, 0x0, 0x0, 0x0, 0x49,
    0x90, 0x9, 0xfe, 0x0, 0xcf, 0xa0, 0xf, 0xf6,
    0x2, 0xff, 0x20, 0x5f, 0xf0, 0x8, 0xfb, 0x0,

    /* U+003C "<" */
    0x0, 0x0, 0x0, 0x0, 0x6, 0x40, 0x0, 0x0,
    0x0, 0x6e, 0xf6, 0x0, 0x0, 0x7, 0xef, 0xfa,
    0x10, 0x1, 0x7e, 0xff, 0x91, 0x0, 0x8, 0xff,
    0xe8, 0x10, 0x0, 0x2, 0xfd, 0x70, 0x0, 0x0,
    0x0, 0x2f, 0xfa, 0x30, 0x0, 0x0, 0x0, 0x6d,
    0xff, 0xb4, 0x0, 0x0, 0x0, 0x5, 0xdf, 0xfc,
    0x50, 0x0, 0x0, 0x0, 0x5c, 0xff, 0xd3, 0x0,
    0x0, 0x0, 0x4, 0xcf, 0x60, 0x0, 0x0, 0x0,
    0x0, 0x33,

    /* U+003D "=" */
    0x2f, 0xff, 0xff, 0xff, 0xff, 0x52, 0xee, 0xee,
    0xee, 0xee, 0xe5, 0x0, 0x0, 0x0, 0x0, 0x0,
    0x0, 0x0, 0x0, 0x0, 0x0, 0x0, 0x0, 0x0,
    0x0, 0x0, 0x0, 0x2, 0xee, 0xee, 0xee, 0xee,
    0xe5, 0x2f, 0xff, 0xff, 0xff, 0xff, 0x50,

    /* U+003E ">" */
    0x27, 0x0, 0x0, 0x0, 0x0, 0x2, 0xfe, 0x81,
    0x0, 0x0, 0x0, 0x9, 0xff, 0xf8, 0x10, 0x0,
    0x0, 0x1, 0x8f, 0xff, 0x92, 0x0, 0x0, 0x0,
    0x17, 0xef, 0xfa, 0x10, 0x0, 0x0, 0x0, 0x6d,
    0xf6, 0x0, 0x0, 0x0, 0x17, 0xef, 0x60, 0x0,
    0x1, 0x8f, 0xfe, 0x70, 0x0, 0x29, 0xff, 0xe7,
    0x0, 0x1, 0xaf, 0xfd, 0x60, 0x0, 0x0, 0x2f,
    0xd5, 0x0, 0x0, 0x0, 0x1, 0x50, 0x0, 0x0,
    0x0, 0x0,

    /* U+003F "?" */
    0x3f, 0xff, 0xeb, 0x40, 0x3, 0xff, 0xff, 0xff,
    0x80, 0x0, 0x0, 0x29, 0xff, 0x40, 0x0, 0x0,
    0xb, 0xf9, 0x0, 0x0, 0x0, 0x7f, 0xb0, 0x0,
    0x0, 0x9, 0xfa, 0x0, 0x0, 0x5, 0xff, 0x50,
    0x7, 0xce, 0xff, 0xb0, 0x0, 0x9f, 0xfd, 0x80,
    0x0, 0x9, 0xf8, 0x0, 0x0, 0x0, 0x9f, 0x80,
    0x0, 0x0, 0x0, 0x10, 0x0, 0x0, 0x0, 0x0,
    0x0, 0x0, 0x0, 0x7, 0xa6, 0x0, 0x0, 0x2,
    0xff, 0xf1, 0x0, 0x0, 0xd, 0xfc, 0x0, 0x0,

    /* U+0040 "@" */
    0x0, 0x1, 0x8d, 0xff, 0xd7, 0x0, 0x0, 0x4,
    0xef, 0xda, 0xae, 0xfd, 0x10, 0x1, 0xef, 0x50,
    0x0, 0x9, 0xfb, 0x0, 0x8f, 0x70, 0x0, 0x0,
    0xe, 0xf1, 0xd, 0xf1, 0x0, 0x0, 0x0, 0xaf,
    0x50, 0xfd, 0x0, 0x0, 0x1, 0x8, 0xf6, 0x1f,
    0xd0, 0x0, 0x9f, 0xfc, 0x9f, 0x61, 0xfd, 0x0,
    0x6f, 0xd5, 0x7f, 0xf6, 0x1f, 0xd0, 0xa, 0xf3,
    0x0, 0xaf, 0x61, 0xfd, 0x0, 0xcf, 0x10, 0x8,
    0xf6, 0x1f, 0xd0, 0xc, 0xf1, 0x0, 0x8f, 0x61,
    0xfd, 0x0, 0xcf, 0x10, 0x8, 0xf5, 0x1f, 0xd0,
    0x9, 0xf5, 0x0, 0xbf, 0x31, 0xfd, 0x0, 0x3f,
    0xf9, 0xbf, 0xb0, 0xf, 0xd0, 0x0, 0x4c, 0xfe,
    0x90, 0x0, 0xdf, 0x10, 0x0, 0x0, 0x0, 0x0,
    0x8, 0xf8, 0x0, 0x0, 0x0, 0x0, 0x0, 0x1e,
    0xf8, 0x0, 0x0, 0x0, 0x0, 0x0, 0x3e, 0xff,
    0xcb, 0xb6, 0x0, 0x0, 0x0, 0x17, 0xce, 0xff,
    0x90, 0x0,

    /* U+0041 "A" */
    0x0, 0x0, 0xff, 0xf2, 0x0, 0x0, 0x0, 0x3,
    0xff, 0xf6, 0x0, 0x0, 0x0, 0x7, 0xfc, 0xfb,
    0x0, 0x0, 0x0, 0xb, 0xf5, 0xff, 0x0, 0x0,
    0x0, 0xf, 0xf0, 0xdf, 0x30, 0x0, 0x0, 0x4f,
    0xd0, 0x9f, 0x70, 0x0, 0x0, 0x8f, 0x90, 0x5f,
    0xb0, 0x0, 0x0, 0xcf, 0x50, 0x2f, 0xf0, 0x0,
    0x0, 0xff, 0x10, 0xe, 0xf3, 0x0, 0x4, 0xfd,
    0x0, 0xa, 0xf8, 0x0, 0x8, 0xfe, 0xcc, 0xce,
    0xfc, 0x0, 0xd, 0xff, 0xff, 0xff, 0xff, 0x0,
    0x1f, 0xf1, 0x0, 0x0, 0xef, 0x40, 0x5f, 0xd0,
    0x0, 0x0, 0xaf, 0x80, 0x9f, 0x90, 0x0, 0x0,
    0x6f, 0xc0, 0xdf, 0x50, 0x0, 0x0, 0x2f, 0xf1,

    /* U+0042 "B" */
    0xf, 0xff, 0xff, 0xeb, 0x40, 0x0, 0xff, 0xee,
    0xef, 0xff, 0x60, 0xf, 0xf1, 0x0, 0xa, 0xff,
    0x10, 0xff, 0x10, 0x0, 0xf, 0xf4, 0xf, 0xf1,
    0x0, 0x0, 0xdf, 0x50, 0xff, 0x10, 0x0, 0xf,
    0xf2, 0xf, 0xf1, 0x0, 0x2b, 0xf9, 0x0, 0xff,
    0xff, 0xff, 0xe7, 0x0, 0xf, 0xfd, 0xcc, 0xef,
    0xd4, 0x0, 0xff, 0x10, 0x0, 0x6f, 0xf2, 0xf,
    0xf1, 0x0, 0x0, 0xaf, 0x90, 0xff, 0x10, 0x0,
    0x7, 0xfb, 0xf, 0xf1, 0x0, 0x0, 0x9f, 0xa0,
    0xff, 0x10, 0x0, 0x6f, 0xf6, 0xf, 0xfd, 0xdd,
    0xff, 0xfb, 0x0, 0xff, 0xff, 0xff, 0xc7, 0x0,

    /* U+0043 "C" */
    0x0, 0x19, 0xdf, 0xfb, 0x50, 0x0, 0x1e, 0xff,
    0xef, 0xff, 0x80, 0xa, 0xfd, 0x20, 0x7, 0xff,
    0x20, 0xff, 0x40, 0x0, 0xc, 0xf7, 0xf, 0xf2,
    0x0, 0x0, 0x48, 0x41, 0xff, 0x10, 0x0, 0x0,
    0x0, 0x1f, 0xf1, 0x0, 0x0, 0x0, 0x1, 0xff,
    0x10, 0x0, 0x0, 0x0, 0x1f, 0xf1, 0x0, 0x0,
    0x0, 0x1, 0xff, 0x10, 0x0, 0x0, 0x0, 0x1f,
    0xf1, 0x0, 0x0, 0x0, 0x0, 0xff, 0x20, 0x0,
    0x5, 0x84, 0xf, 0xf4, 0x0, 0x0, 0xcf, 0x70,
    0xaf, 0xd2, 0x0, 0x7f, 0xf2, 0x1, 0xef, 0xff,
    0xff, 0xf8, 0x0, 0x1, 0x9d, 0xff, 0xc5, 0x0,

    /* U+0044 "D" */
    0x1f, 0xff, 0xff, 0xd8, 0x10, 0x1, 0xff, 0xee,
    0xef, 0xfe, 0x20, 0x1f, 0xf1, 0x0, 0x2c, 0xfc,
    0x1, 0xff, 0x10, 0x0, 0x1f, 0xf3, 0x1f, 0xf1,
    0x0, 0x0, 0xdf, 0x51, 0xff, 0x10, 0x0, 0xc,
    0xf6, 0x1f, 0xf1, 0x0, 0x0, 0xcf, 0x61, 0xff,
    0x10, 0x0, 0xc, 0xf6, 0x1f, 0xf1, 0x0, 0x0,
    0xcf, 0x61, 0xff, 0x10, 0x0, 0xc, 0xf6, 0x1f,
    0xf1, 0x0, 0x0, 0xcf, 0x61, 0xff, 0x10, 0x0,
    0xd, 0xf5, 0x1f, 0xf1, 0x0, 0x1, 0xff, 0x31,
    0xff, 0x10, 0x2, 0xcf, 0xd0, 0x1f, 0xfe, 0xee,
    0xff, 0xe2, 0x1, 0xff, 0xff, 0xfd, 0x91, 0x0,

    /* U+0045 "E" */
    0xdf, 0xff, 0xff, 0xff, 0xf7, 0xdf, 0xee, 0xee,
    0xee, 0xe7, 0xdf, 0x40, 0x0, 0x0, 0x0, 0xdf,
    0x40, 0x0, 0x0, 0x0, 0xdf, 0x40, 0x0, 0x0,
    0x0, 0xdf, 0x40, 0x0, 0x0, 0x0, 0xdf, 0x40,
    0x0, 0x0, 0x0, 0xdf, 0xff, 0xff, 0xff, 0xb0,
    0xdf, 0xed, 0xdd, 0xdd, 0x90, 0xdf, 0x40, 0x0,
    0x0, 0x0, 0xdf, 0x40, 0x0, 0x0, 0x0, 0xdf,
    0x40, 0x0, 0x0, 0x0, 0xdf, 0x40, 0x0, 0x0,
    0x0, 0xdf, 0x40, 0x0, 0x0, 0x0, 0xdf, 0xee,
    0xee, 0xee, 0xe7, 0xdf, 0xff, 0xff, 0xff, 0xf7,

    /* U+0046 "F" */
    0xff, 0xff, 0xff, 0xff, 0xf9, 0xff, 0xff, 0xff,
    0xff, 0xf9, 0xff, 0x20, 0x0, 0x0, 0x0, 0xff,
    0x20, 0x0, 0x0, 0x0, 0xff, 0x20, 0x0, 0x0,
    0x0, 0xff, 0x20, 0x0, 0x0, 0x0, 0xff, 0x20,
    0x0, 0x0, 0x0, 0xff, 0xee, 0xee, 0xee, 0xe0,
    0xff, 0xff, 0xff, 0xff, 0xf0, 0xff, 0x30, 0x0,
    0x0, 0x0, 0xff, 0x30, 0x0, 0x0, 0x0, 0xff,
    0x30, 0x0, 0x0, 0x0, 0xff, 0x30, 0x0, 0x0,
    0x0, 0xff, 0x30, 0x0, 0x0, 0x0, 0xff, 0x30,
    0x0, 0x0, 0x0, 0xff, 0x30, 0x0, 0x0, 0x0,

    /* U+0047 "G" */
    0x0, 0x19, 0xef, 0xeb, 0x40, 0x0, 0x2e, 0xff,
    0xef, 0xff, 0x70, 0xb, 0xfc, 0x20, 0x8, 0xff,
    0x20, 0xff, 0x30, 0x0, 0xd, 0xf6, 0x2f, 0xf0,
    0x0, 0x0, 0x34, 0x22, 0xff, 0x0, 0x0, 0x0,
    0x0, 0x2f, 0xf0, 0x0, 0x0, 0x0, 0x2, 0xff,
    0x0, 0xbe, 0xee, 0xe7, 0x2f, 0xf0, 0xc, 0xff,
    0xff, 0x82, 0xff, 0x0, 0x0, 0xa, 0xf8, 0x2f,
    0xf0, 0x0, 0x0, 0xaf, 0x82, 0xff, 0x0, 0x0,
    0xb, 0xf7, 0xf, 0xf3, 0x0, 0x0, 0xef, 0x50,
    0xbf, 0xc2, 0x0, 0x9f, 0xf1, 0x2, 0xef, 0xfe,
    0xff, 0xf5, 0x0, 0x1, 0x9e, 0xfe, 0xb3, 0x0,

    /* U+0048 "H" */
    0xf, 0xf2, 0x0, 0x0, 0xff, 0x30, 0xff, 0x20,
    0x0, 0xf, 0xf3, 0xf, 0xf2, 0x0, 0x0, 0xff,
    0x30, 0xff, 0x20, 0x0, 0xf, 0xf3, 0xf, 0xf2,
    0x0, 0x0, 0xff, 0x30, 0xff, 0x20, 0x0, 0xf,
    0xf3, 0xf, 0xf2, 0x0, 0x0, 0xff, 0x30, 0xff,
    0xff, 0xff, 0xff, 0xf3, 0xf, 0xfe, 0xee, 0xee,
    0xff, 0x30, 0xff, 0x20, 0x0, 0xf, 0xf3, 0xf,
    0xf2, 0x0, 0x0, 0xff, 0x30, 0xff, 0x20, 0x0,
    0xf, 0xf3, 0xf, 0xf2, 0x0, 0x0, 0xff, 0x30,
    0xff, 0x20, 0x0, 0xf, 0xf3, 0xf, 0xf2, 0x0,
    0x0, 0xff, 0x30, 0xff, 0x20, 0x0, 0xf, 0xf3,

    /* U+0049 "I" */
    0xcf, 0xff, 0xff, 0xff, 0xfb, 0xff, 0xff, 0xff,
    0xfe, 0x0, 0x8, 0xfb, 0x0, 0x0, 0x0, 0x8f,
    0xb0, 0x0, 0x0, 0x8, 0xfb, 0x0, 0x0, 0x0,
    0x8f, 0xb0, 0x0, 0x0, 0x8, 0xfb, 0x0, 0x0,
    0x0, 0x8f, 0xb0, 0x0, 0x0, 0x8, 0xfb, 0x0,
    0x0, 0x0, 0x8f, 0xb0, 0x0, 0x0, 0x8, 0xfb,
    0x0, 0x0, 0x0, 0x8f, 0xb0, 0x0, 0x0, 0x8,
    0xfb, 0x0, 0x0, 0x0, 0x8f, 0xb0, 0x0, 0xbf,
    0xff, 0xff, 0xff, 0xec, 0xff, 0xff, 0xff, 0xff,

    /* U+004A "J" */
    0x0, 0x0, 0x0, 0x0, 0x3f, 0xf0, 0x0, 0x0,
    0x0, 0x3, 0xff, 0x0, 0x0, 0x0, 0x0, 0x3f,
    0xf0, 0x0, 0x0, 0x0, 0x3, 0xff, 0x0, 0x0,
    0x0, 0x0, 0x3f, 0xf0, 0x0, 0x0, 0x0, 0x3,
    0xff, 0x0, 0x0, 0x0, 0x0, 0x3f, 0xf0, 0x0,
    0x0, 0x0, 0x3, 0xff, 0x0, 0x0, 0x0, 0x0,
    0x3f, 0xf0, 0x0, 0x0, 0x0, 0x3, 0xff, 0x0,
    0x0, 0x0, 0x0, 0x3f, 0xf0, 0xcc, 0x10, 0x0,
    0x4, 0xff, 0xe, 0xf5, 0x0, 0x0, 0x7f, 0xd0,
    0x9f, 0xe3, 0x0, 0x4f, 0xf7, 0x1, 0xdf, 0xff,
    0xff, 0xfc, 0x0, 0x0, 0x8d, 0xff, 0xc7, 0x0,

    /* U+004B "K" */
    0x1f, 0xf1, 0x0, 0x0, 0x7f, 0xe0, 0x1f, 0xf1,
    0x0, 0x0, 0xef, 0x60, 0x1f, 0xf1, 0x0, 0x6,
    0xfe, 0x0, 0x1f, 0xf1, 0x0, 0xe, 0xf6, 0x0,
    0x1f, 0xf1, 0x0, 0x6f, 0xe0, 0x0, 0x1f, 0xf1,
    0x0, 0xef, 0x70, 0x0, 0x1f, 0xf1, 0x6, 0xfe,
    0x0, 0x0, 0x1f, 0xff, 0xff, 0xf7, 0x0, 0x0,
    0x1f, 0xfd, 0xdf, 0xf9, 0x0, 0x0, 0x1f, 0xf1,
    0x5, 0xff, 0x10, 0x0, 0x1f, 0xf1, 0x0, 0xdf,
    0x90, 0x0, 0x1f, 0xf1, 0x0, 0x5f, 0xf1, 0x0,
    0x1f, 0xf1, 0x0, 0xd, 0xf9, 0x0, 0x1f, 0xf1,
    0x0, 0x5, 0xff, 0x10, 0x1f, 0xf1, 0x0, 0x0,
    0xdf, 0x90, 0x1f, 0xf1, 0x0, 0x0, 0x5f, 0xf2,

    /* U+004C "L" */
    0x3f, 0xf0, 0x0, 0x0, 0x0, 0x3, 0xff, 0x0,
    0x0, 0x0, 0x0, 0x3f, 0xf0, 0x0, 0x0, 0x0,
    0x3, 0xff, 0x0, 0x0, 0x0, 0x0, 0x3f, 0xf0,
    0x0, 0x0, 0x0, 0x3, 0xff, 0x0, 0x0, 0x0,
    0x0, 0x3f, 0xf0, 0x0, 0x0, 0x0, 0x3, 0xff,
    0x0, 0x0, 0x0, 0x0, 0x3f, 0xf0, 0x0, 0x0,
    0x0, 0x3, 0xff, 0x0, 0x0, 0x0, 0x0, 0x3f,
    0xf0, 0x0, 0x0, 0x0, 0x3, 0xff, 0x0, 0x0,
    0x0, 0x0, 0x3f, 0xf0, 0x0, 0x0, 0x0, 0x3,
    0xff, 0x0, 0x0, 0x0, 0x0, 0x3f, 0xff, 0xff,
    0xff, 0xff, 0x23, 0xff, 0xff, 0xff, 0xff, 0xf2,

    /* U+004D "M" */
    0x8f, 0xfb, 0x0, 0x8, 0xff, 0xb8, 0xfe, 0xf0,
    0x0, 0xdc, 0xfb, 0x8f, 0xaf, 0x40, 0x1f, 0x9f,
    0xb8, 0xf7, 0xf9, 0x6, 0xf5, 0xfb, 0x8f, 0x7b,
    0xd0, 0xbc, 0x4f, 0xb8, 0xf8, 0x6f, 0x3f, 0x74,
    0xfb, 0x8f, 0x81, 0xfc, 0xf2, 0x5f, 0xb8, 0xf8,
    0xd, 0xfe, 0x5, 0xfb, 0x8f, 0x80, 0x7e, 0x80,
    0x5f, 0xb8, 0xf9, 0x0, 0x0, 0x5, 0xfb, 0x8f,
    0x90, 0x0, 0x0, 0x5f, 0xb8, 0xf9, 0x0, 0x0,
    0x5, 0xfb, 0x8f, 0x90, 0x0, 0x0, 0x5f, 0xb8,
    0xf9, 0x0, 0x0, 0x5, 0xfb, 0x8f, 0x90, 0x0,
    0x0, 0x5f, 0xb8, 0xf9, 0x0, 0x0, 0x5, 0xfb,

    /* U+004E "N" */
    0x1f, 0xfd, 0x0, 0x0, 0xbf, 0x51, 0xff, 0xf3,
    0x0, 0xb, 0xf5, 0x1f, 0xff, 0x90, 0x0, 0xbf,
    0x51, 0xfd, 0xee, 0x0, 0xb, 0xf5, 0x1f, 0xd9,
    0xf4, 0x0, 0xbf, 0x51, 0xfe, 0x3f, 0xa0, 0xb,
    0xf5, 0x1f, 0xe0, 0xdf, 0x0, 0xbf, 0x51, 0xfe,
    0x8, 0xf5, 0xb, 0xf5, 0x1f, 0xf0, 0x2f, 0xb0,
    0xbf, 0x51, 0xff, 0x0, 0xcf, 0x1b, 0xf5, 0x1f,
    0xf0, 0x7, 0xf6, 0xbf, 0x51, 0xff, 0x0, 0x1f,
    0xca, 0xf5, 0x1f, 0xf0, 0x0, 0xcf, 0xbf, 0x51,
    0xff, 0x0, 0x6, 0xff, 0xf5, 0x1f, 0xf0, 0x0,
    0x1f, 0xff, 0x51, 0xff, 0x0, 0x0, 0xbf, 0xf5,

    /* U+004F "O" */
    0x0, 0x19, 0xef, 0xeb, 0x30, 0x0, 0x2e, 0xff,
    0xef, 0xff, 0x50, 0xb, 0xfc, 0x10, 0xa, 0xfe,
    0x0, 0xff, 0x30, 0x0, 0xf, 0xf3, 0x2f, 0xf0,
    0x0, 0x0, 0xdf, 0x52, 0xff, 0x0, 0x0, 0xd,
    0xf5, 0x2f, 0xf0, 0x0, 0x0, 0xdf, 0x52, 0xff,
    0x0, 0x0, 0xd, 0xf5, 0x2f, 0xf0, 0x0, 0x0,
    0xdf, 0x52, 0xff, 0x0, 0x0, 0xd, 0xf5, 0x2f,
    0xf0, 0x0, 0x0, 0xdf, 0x52, 0xff, 0x0, 0x0,
    0xd, 0xf5, 0xf, 0xf3, 0x0, 0x0, 0xff, 0x30,
    0xbf, 0xc1, 0x0, 0xaf, 0xe0, 0x2, 0xef, 0xfe,
    0xff, 0xf4, 0x0, 0x1, 0x9e, 0xfe, 0xb3, 0x0,

    /* U+0050 "P" */
    0x1f, 0xff, 0xff, 0xfd, 0x70, 0x0, 0x1f, 0xfe,
    0xee, 0xff, 0xfd, 0x0, 0x1f, 0xf1, 0x0, 0x4,
    0xef, 0x90, 0x1f, 0xf1, 0x0, 0x0, 0x6f, 0xf0,
    0x1f, 0xf1, 0x0, 0x0, 0x2f, 0xf1, 0x1f, 0xf1,
    0x0, 0x0, 0x2f, 0xf1, 0x1f, 0xf1, 0x0, 0x0,
    0x7f, 0xe0, 0x1f, 0xf1, 0x0, 0x15, 0xff, 0x80,
    0x1f, 0xff, 0xff, 0xff, 0xfb, 0x0, 0x1f, 0xfe,
    0xee, 0xdb, 0x60, 0x0, 0x1f, 0xf1, 0x0, 0x0,
    0x0, 0x0, 0x1f, 0xf1, 0x0, 0x0, 0x0, 0x0,
    0x1f, 0xf1, 0x0, 0x0, 0x0, 0x0, 0x1f, 0xf1,
    0x0, 0x0, 0x0, 0x0, 0x1f, 0xf1, 0x0, 0x0,
    0x0, 0x0, 0x1f, 0xf1, 0x0, 0x0, 0x0, 0x0,

    /* U+0051 "Q" */
    0x0, 0x2a, 0xef, 0xeb, 0x30, 0x0, 0x3f, 0xff,
    0xef, 0xff, 0x60, 0xd, 0xfb, 0x10, 0x9, 0xff,
    0x12, 0xff, 0x10, 0x0, 0xe, 0xf5, 0x4f, 0xe0,
    0x0, 0x0, 0xbf, 0x75, 0xfe, 0x0, 0x0, 0xa,
    0xf8, 0x5f, 0xe0, 0x0, 0x0, 0xaf, 0x85, 0xfe,
    0x0, 0x0, 0xa, 0xf8, 0x5f, 0xe0, 0x0, 0x0,
    0xaf, 0x85, 0xfe, 0x0, 0x0, 0xa, 0xf8, 0x5f,
    0xe0, 0x0, 0x0, 0xaf, 0x84, 0xfe, 0x0, 0x0,
    0xb, 0xf7, 0x2f, 0xf1, 0x0, 0x0, 0xef, 0x50,
    0xdf, 0xc1, 0x0, 0x9f, 0xf0, 0x3, 0xff, 0xfe,
    0xff, 0xf5, 0x0, 0x2, 0xae, 0xff, 0xf5, 0x0,
    0x0, 0x0, 0x0, 0xcf, 0xa0, 0x0, 0x0, 0x0,
    0x3, 0xff, 0x40, 0x0, 0x0, 0x0, 0xa, 0xfd,
    0x0, 0x0, 0x0, 0x0, 0x1f, 0xf6,

    /* U+0052 "R" */
    0xf, 0xff, 0xff, 0xec, 0x50, 0x0, 0xf, 0xfe,
    0xee, 0xff, 0xf8, 0x0, 0xf, 0xf1, 0x0, 0x7,
    0xff, 0x40, 0xf, 0xf1, 0x0, 0x0, 0xbf, 0xa0,
    0xf, 0xf1, 0x0, 0x0, 0x7f, 0xc0, 0xf, 0xf1,
    0x0, 0x0, 0x7f, 0xc0, 0xf, 0xf1, 0x0, 0x0,
    0xcf, 0x90, 0xf, 0xf1, 0x0, 0x18, 0xff, 0x30,
    0xf, 0xff, 0xff, 0xff, 0xf7, 0x0, 0xf, 0xfe,
    0xee, 0xff, 0x40, 0x0, 0xf, 0xf1, 0x1, 0xff,
    0x40, 0x0, 0xf, 0xf1, 0x0, 0x9f, 0xc0, 0x0,
    0xf, 0xf1, 0x0, 0x1f, 0xf4, 0x0, 0xf, 0xf1,
    0x0, 0x9, 0xfc, 0x0, 0xf, 0xf1, 0x0, 0x1,
    0xff, 0x40, 0xf, 0xf1, 0x0, 0x0, 0x9f, 0xc0,

    /* U+0053 "S" */
    0x0, 0x29, 0xef, 0xea, 0x20, 0x0, 0x2f, 0xff,
    0xef, 0xff, 0x40, 0xc, 0xfb, 0x10, 0x1a, 0xfe,
    0x0, 0xff, 0x20, 0x0, 0xf, 0xf2, 0x1f, 0xf0,
    0x0, 0x0, 0x22, 0x0, 0xef, 0x70, 0x0, 0x0,
    0x0, 0x6, 0xff, 0xc7, 0x20, 0x0, 0x0, 0x7,
    0xff, 0xff, 0xd6, 0x0, 0x0, 0x1, 0x7b, 0xff,
    0xf9, 0x0, 0x0, 0x0, 0x0, 0x7f, 0xf3, 0x0,
    0x0, 0x0, 0x0, 0xaf, 0x84, 0x86, 0x0, 0x0,
    0x7, 0xfa, 0x6f, 0xe0, 0x0, 0x0, 0xaf, 0x91,
    0xff, 0xa1, 0x0, 0x7f, 0xf3, 0x5, 0xff, 0xfe,
    0xff, 0xf8, 0x0, 0x3, 0xae, 0xfe, 0xb4, 0x0,

    /* U+0054 "T" */
    0xdf, 0xff, 0xff, 0xff, 0xff, 0xf0, 0xcf, 0xff,
    0xff, 0xff, 0xff, 0xf0, 0x0, 0x0, 0x7f, 0xb0,
    0x0, 0x0, 0x0, 0x0, 0x7f, 0xb0, 0x0, 0x0,
    0x0, 0x0, 0x7f, 0xb0, 0x0, 0x0, 0x0, 0x0,
    0x7f, 0xb0, 0x0, 0x0, 0x0, 0x0, 0x7f, 0xb0,
    0x0, 0x0, 0x0, 0x0, 0x7f, 0xb0, 0x0, 0x0,
    0x0, 0x0, 0x7f, 0xb0, 0x0, 0x0, 0x0, 0x0,
    0x7f, 0xb0, 0x0, 0x0, 0x0, 0x0, 0x7f, 0xb0,
    0x0, 0x0, 0x0, 0x0, 0x7f, 0xb0, 0x0, 0x0,
    0x0, 0x0, 0x7f, 0xb0, 0x0, 0x0, 0x0, 0x0,
    0x7f, 0xb0, 0x0, 0x0, 0x0, 0x0, 0x7f, 0xb0,
    0x0, 0x0, 0x0, 0x0, 0x7f, 0xb0, 0x0, 0x0,

    /* U+0055 "U" */
    0x1f, 0xf1, 0x0, 0x0, 0xdf, 0x51, 0xff, 0x10,
    0x0, 0xd, 0xf5, 0x1f, 0xf1, 0x0, 0x0, 0xdf,
    0x51, 0xff, 0x10, 0x0, 0xd, 0xf5, 0x1f, 0xf1,
    0x0, 0x0, 0xdf, 0x51, 0xff, 0x10, 0x0, 0xd,
    0xf5, 0x1f, 0xf1, 0x0, 0x0, 0xdf, 0x51, 0xff,
    0x10, 0x0, 0xd, 0xf5, 0x1f, 0xf1, 0x0, 0x0,
    0xdf, 0x51, 0xff, 0x10, 0x0, 0xd, 0xf5, 0x1f,
    0xf1, 0x0, 0x0, 0xdf, 0x51, 0xff, 0x10, 0x0,
    0xd, 0xf5, 0xf, 0xf4, 0x0, 0x1, 0xff, 0x30,
    0xbf, 0xc2, 0x1, 0xaf, 0xe0, 0x2, 0xef, 0xfe,
    0xff, 0xf5, 0x0, 0x2, 0xae, 0xfe, 0xb3, 0x0,

    /* U+0056 "V" */
    0xdf, 0x50, 0x0, 0x0, 0x2f, 0xf1, 0x9f, 0x90,
    0x0, 0x0, 0x6f, 0xc0, 0x5f, 0xd0, 0x0, 0x0,
    0xaf, 0x80, 0x1f, 0xf1, 0x0, 0x0, 0xef, 0x40,
    0xd, 0xf5, 0x0, 0x2, 0xff, 0x0, 0x9, 0xf9,
    0x0, 0x6, 0xfc, 0x0, 0x5, 0xfd, 0x0, 0x9,
    0xf8, 0x0, 0x1, 0xff, 0x10, 0xd, 0xf3, 0x0,
    0x0, 0xcf, 0x50, 0x1f, 0xf0, 0x0, 0x0, 0x8f,
    0x90, 0x5f, 0xb0, 0x0, 0x0, 0x4f, 0xd0, 0x9f,
    0x70, 0x0, 0x0, 0xf, 0xf1, 0xcf, 0x30, 0x0,
    0x0, 0xc, 0xf5, 0xff, 0x0, 0x0, 0x0, 0x8,
    0xfc, 0xfb, 0x0, 0x0, 0x0, 0x4, 0xff, 0xf6,
    0x0, 0x0, 0x0, 0x0, 0xff, 0xf2, 0x0, 0x0,

    /* U+0057 "W" */
    0x8f, 0x60, 0x8, 0xfc, 0x0, 0x2f, 0xb6, 0xf8,
    0x0, 0xaf, 0xe0, 0x4, 0xf9, 0x4f, 0x90, 0xc,
    0xdf, 0x0, 0x5f, 0x72, 0xfb, 0x0, 0xea, 0xf2,
    0x7, 0xf6, 0x1f, 0xd0, 0xf, 0x7f, 0x40, 0x8f,
    0x40, 0xfe, 0x2, 0xf3, 0xf6, 0xa, 0xf2, 0xd,
    0xf0, 0x4f, 0x1d, 0x80, 0xcf, 0x0, 0xbf, 0x16,
    0xf0, 0xca, 0xd, 0xe0, 0x9, 0xf3, 0x8d, 0xa,
    0xc0, 0xfc, 0x0, 0x7f, 0x5b, 0xb0, 0x8e, 0x1f,
    0xa0, 0x5, 0xf6, 0xd9, 0x6, 0xf3, 0xf8, 0x0,
    0x4f, 0x8f, 0x70, 0x4f, 0x6f, 0x60, 0x2, 0xfa,
    0xf5, 0x2, 0xfa, 0xf4, 0x0, 0xf, 0xdf, 0x30,
    0xf, 0xdf, 0x20, 0x0, 0xef, 0xf1, 0x0, 0xef,
    0xf1, 0x0, 0xc, 0xff, 0x0, 0xc, 0xff, 0x0,

    /* U+0058 "X" */
    0xa, 0xfc, 0x0, 0x0, 0x8, 0xfd, 0x0, 0x2f,
    0xf5, 0x0, 0x1, 0xff, 0x40, 0x0, 0x9f, 0xd0,
    0x0, 0x9f, 0xb0, 0x0, 0x1, 0xff, 0x50, 0x1f,
    0xf3, 0x0, 0x0, 0x7, 0xfd, 0x9, 0xfa, 0x0,
    0x0, 0x0, 0xe, 0xf8, 0xff, 0x10, 0x0, 0x0,
    0x0, 0x5f, 0xff, 0x80, 0x0, 0x0, 0x0, 0x0,
    0xdf, 0xf0, 0x0, 0x0, 0x0, 0x0, 0xe, 0xff,
    0x30, 0x0, 0x0, 0x0, 0x8, 0xfe, 0xfc, 0x0,
    0x0, 0x0, 0x1, 0xff, 0x3f, 0xf5, 0x0, 0x0,
    0x0, 0xaf, 0x90, 0x8f, 0xd0, 0x0, 0x0, 0x3f,
    0xf1, 0x0, 0xef, 0x70, 0x0, 0xc, 0xf8, 0x0,
    0x6, 0xfe, 0x10, 0x5, 0xff, 0x10, 0x0, 0xd,
    0xf8, 0x0, 0xdf, 0x70, 0x0, 0x0, 0x5f, 0xf2,

    /* U+0059 "Y" */
    0x1f, 0xf3, 0x0, 0x0, 0x0, 0xef, 0x40, 0x9f,
    0xb0, 0x0, 0x0, 0x7f, 0xc0, 0x1, 0xff, 0x30,
    0x0, 0xe, 0xf4, 0x0, 0xa, 0xfa, 0x0, 0x6,
    0xfd, 0x0, 0x0, 0x2f, 0xf2, 0x0, 0xdf, 0x50,
    0x0, 0x0, 0xaf, 0x90, 0x5f, 0xd0, 0x0, 0x0,
    0x3, 0xff, 0x1c, 0xf6, 0x0, 0x0, 0x0, 0xb,
    0xfa, 0xfe, 0x0, 0x0, 0x0, 0x0, 0x3f, 0xff,
    0x70, 0x0, 0x0, 0x0, 0x0, 0xcf, 0xe0, 0x0,
    0x0, 0x0, 0x0, 0x7, 0xfb, 0x0, 0x0, 0x0,
    0x0, 0x0, 0x7f, 0xb0, 0x0, 0x0, 0x0, 0x0,
    0x7, 0xfb, 0x0, 0x0, 0x0, 0x0, 0x0, 0x7f,
    0xb0, 0x0, 0x0, 0x0, 0x0, 0x7, 0xfb, 0x0,
    0x0, 0x0, 0x0, 0x0, 0x7f, 0xb0, 0x0, 0x0,

    /* U+005A "Z" */
    0xf, 0xff, 0xff, 0xff, 0xff, 0x20, 0xff, 0xff,
    0xff, 0xff, 0xf2, 0x0, 0x0, 0x0, 0x7, 0xfd,
    0x0, 0x0, 0x0, 0x1, 0xff, 0x40, 0x0, 0x0,
    0x0, 0xaf, 0xb0, 0x0, 0x0, 0x0, 0x3f, 0xf2,
    0x0, 0x0, 0x0, 0xc, 0xf8, 0x0, 0x0, 0x0,
    0x6, 0xfe, 0x0, 0x0, 0x0, 0x1, 0xef, 0x50,
    0x0, 0x0, 0x0, 0x9f, 0xc0, 0x0, 0x0, 0x0,
    0x2f, 0xf3, 0x0, 0x0, 0x0, 0xb, 0xf9, 0x0,
    0x0, 0x0, 0x5, 0xfe, 0x10, 0x0, 0x0, 0x0,
    0xef, 0x60, 0x0, 0x0, 0x0, 0x2f, 0xff, 0xff,
    0xff, 0xff, 0x52, 0xff, 0xff, 0xff, 0xff, 0xf6,

    /* U+005B "[" */
    0x9f, 0xff, 0xff, 0x9f, 0xfe, 0xee, 0x9f, 0x90,
    0x0, 0x9f, 0x90, 0x0, 0x9f, 0x90, 0x0, 0x9f,
    0x90, 0x0, 0x9f, 0x90, 0x0, 0x9f, 0x90, 0x0,
    0x9f, 0x90, 0x0, 0x9f, 0x90, 0x0, 0x9f, 0x90,
    0x0, 0x9f, 0x90, 0x0, 0x9f, 0x90, 0x0, 0x9f,
    0x90, 0x0, 0x9f, 0x90, 0x0, 0x9f, 0x90, 0x0,
    0x9f, 0x90, 0x0, 0x9f, 0x90, 0x0, 0x9f, 0xfe,
    0xee, 0x9f, 0xff, 0xff,

    /* U+005C "\\" */
    0x3f, 0xf1, 0x0, 0x0, 0x0, 0x0, 0xdf, 0x60,
    0x0, 0x0, 0x0, 0x7, 0xfd, 0x0, 0x0, 0x0,
    0x0, 0x1f, 0xf3, 0x0, 0x0, 0x0, 0x0, 0xbf,
    0x90, 0x0, 0x0, 0x0, 0x4, 0xff, 0x0, 0x0,
    0x0, 0x0, 0xe, 0xf6, 0x0, 0x0, 0x0, 0x0,
    0x8f, 0xc0, 0x0, 0x0, 0x0, 0x2, 0xff, 0x20,
    0x0, 0x0, 0x0, 0xb, 0xf8, 0x0, 0x0, 0x0,
    0x0, 0x5f, 0xe0, 0x0, 0x0, 0x0, 0x0, 0xef,
    0x50, 0x0, 0x0, 0x0, 0x9, 0xfb, 0x0, 0x0,
    0x0, 0x0, 0x2f, 0xf1, 0x0, 0x0, 0x0, 0x0,
    0xcf, 0x70, 0x0, 0x0, 0x0, 0x6, 0xfe, 0x0,
    0x0, 0x0, 0x0, 0xf, 0xf4, 0x0, 0x0, 0x0,
    0x0, 0xaf, 0xa0, 0x0, 0x0, 0x0, 0x3, 0xff,
    0x10, 0x0, 0x0, 0x0, 0xd, 0xf7,

    /* U+005D "]" */
    0xcf, 0xff, 0xfc, 0xbe, 0xef, 0xfc, 0x0, 0x6,
    0xfc, 0x0, 0x6, 0xfc, 0x0, 0x6, 0xfc, 0x0,
    0x6, 0xfc, 0x0, 0x6, 0xfc, 0x0, 0x6, 0xfc,
    0x0, 0x6, 0xfc, 0x0, 0x6, 0xfc, 0x0, 0x6,
    0xfc, 0x0, 0x6, 0xfc, 0x0, 0x6, 0xfc, 0x0,
    0x6, 0xfc, 0x0, 0x6, 0xfc, 0x0, 0x6, 0xfc,
    0x0, 0x6, 0xfc, 0x0, 0x6, 0xfc, 0xbe, 0xef,
    0xfc, 0xcf, 0xff, 0xfc,

    /* U+005E "^" */
    0x0, 0x0, 0x48, 0x60, 0x0, 0x0, 0x0, 0xd,
    0xff, 0x10, 0x0, 0x0, 0x5, 0xfb, 0xf8, 0x0,
    0x0, 0x0, 0xcf, 0x1d, 0xf1, 0x0, 0x0, 0x3f,
    0xa0, 0x6f, 0x70, 0x0, 0xb, 0xf3, 0x0, 0xee,
    0x0, 0x2, 0xfc, 0x0, 0x8, 0xf5, 0x0, 0xaf,
    0x50, 0x0, 0x2f, 0xd0, 0x1f, 0xe0, 0x0, 0x0,
    0xaf, 0x40,

    /* U+005F "_" */
    0x9d, 0xdd, 0xdd, 0xdd, 0xdd, 0xbb, 0xff, 0xff,
    0xff, 0xff, 0xfe,

    /* U+0060 "`" */
    0x2f, 0xf4, 0x0, 0x4, 0xfe, 0x20, 0x0, 0x6f,
    0xd0,

    /* U+0061 "a" */
    0x0, 0x3a, 0xdf, 0xeb, 0x50, 0x0, 0x5f, 0xfe,
    0xde, 0xff, 0x70, 0xe, 0xf7, 0x0, 0x6, 0xff,
    0x0, 0x11, 0x0, 0x0, 0xf, 0xf3, 0x0, 0x27,
    0x89, 0x99, 0xff, 0x40, 0x6f, 0xff, 0xff, 0xff,
    0xf4, 0x2f, 0xf6, 0x0, 0x0, 0xef, 0x47, 0xfb,
    0x0, 0x0, 0xe, 0xf4, 0x8f, 0xb0, 0x0, 0x1,
    0xff, 0x45, 0xff, 0x40, 0x1, 0xbf, 0xf4, 0xd,
    0xff, 0xdd, 0xfb, 0xef, 0x40, 0x19, 0xef, 0xe8,
    0xe, 0xf4,

    /* U+0062 "b" */
    0x1f, 0xf1, 0x0, 0x0, 0x0, 0x1, 0xff, 0x10,
    0x0, 0x0, 0x0, 0x1f, 0xf1, 0x0, 0x0, 0x0,
    0x1, 0xff, 0x10, 0x0, 0x0, 0x0, 0x1f, 0xf1,
    0x8d, 0xfd, 0x70, 0x1, 0xff, 0x9f, 0xef, 0xff,
    0x80, 0x1f, 0xfc, 0x20, 0x8, 0xff, 0x11, 0xff,
    0x40, 0x0, 0xe, 0xf4, 0x1f, 0xf2, 0x0, 0x0,
    0xcf, 0x51, 0xff, 0x10, 0x0, 0xc, 0xf6, 0x1f,
    0xf1, 0x0, 0x0, 0xcf, 0x61, 0xff, 0x20, 0x0,
    0xc, 0xf5, 0x1f, 0xf4, 0x0, 0x0, 0xef, 0x41,
    0xff, 0xc2, 0x0, 0x8f, 0xf1, 0x1f, 0xf9, 0xfe,
    0xff, 0xf8, 0x1, 0xff, 0x17, 0xef, 0xd7, 0x0,

    /* U+0063 "c" */
    0x0, 0x19, 0xdf, 0xfc, 0x50, 0x0, 0x2e, 0xff,
    0xef, 0xff, 0x90, 0xb, 0xfd, 0x20, 0x6, 0xff,
    0x30, 0xff, 0x30, 0x0, 0xb, 0xf8, 0x1f, 0xf1,
    0x0, 0x0, 0x0, 0x2, 0xff, 0x0, 0x0, 0x0,
    0x0, 0x2f, 0xf0, 0x0, 0x0, 0x0, 0x1, 0xff,
    0x10, 0x0, 0x0, 0x10, 0xf, 0xf3, 0x0, 0x0,
    0xbf, 0x80, 0xbf, 0xd2, 0x0, 0x6f, 0xf3, 0x2,
    0xef, 0xff, 0xff, 0xf9, 0x0, 0x1, 0x9d, 0xff,
    0xc5, 0x0,

    /* U+0064 "d" */
    0x0, 0x0, 0x0, 0x0, 0xef, 0x40, 0x0, 0x0,
    0x0, 0xe, 0xf4, 0x0, 0x0, 0x0, 0x0, 0xef,
    0x40, 0x0, 0x0, 0x0, 0xe, 0xf4, 0x0, 0x4c,
    0xfe, 0x91, 0xef, 0x40, 0x5f, 0xff, 0xef, 0xbe,
    0xf4, 0xd, 0xfa, 0x0, 0xa, 0xff, 0x41, 0xff,
    0x20, 0x0, 0x1f, 0xf4, 0x2f, 0xf0, 0x0, 0x0,
    0xef, 0x42, 0xff, 0x0, 0x0, 0xe, 0xf4, 0x2f,
    0xf0, 0x0, 0x0, 0xef, 0x42, 0xff, 0x0, 0x0,
    0xe, 0xf4, 0x1f, 0xf2, 0x0, 0x1, 0xff, 0x40,
    0xdf, 0xa0, 0x0, 0xaf, 0xf4, 0x5, 0xff, 0xfe,
    0xfb, 0xef, 0x40, 0x4, 0xcf, 0xe9, 0x1e, 0xf4,

    /* U+0065 "e" */
    0x0, 0x29, 0xef, 0xea, 0x30, 0x0, 0x2e, 0xfe,
    0xbd, 0xff, 0x50, 0xc, 0xf9, 0x0, 0x7, 0xfe,
    0x1, 0xff, 0x0, 0x0, 0xd, 0xf4, 0x3f, 0xe0,
    0x0, 0x0, 0xbf, 0x63, 0xff, 0xff, 0xff, 0xff,
    0xf7, 0x3f, 0xf9, 0x99, 0x99, 0x99, 0x33, 0xfe,
    0x0, 0x0, 0x0, 0x0, 0x1f, 0xf1, 0x0, 0x0,
    0x33, 0x10, 0xcf, 0xa0, 0x0, 0x5f, 0xf1, 0x2,
    0xef, 0xfd, 0xef, 0xf8, 0x0, 0x2, 0x9e, 0xfe,
    0xb4, 0x0,

    /* U+0066 "f" */
    0x0, 0x0, 0x19, 0xef, 0xff, 0xb0, 0x0, 0xc,
    0xff, 0xee, 0xea, 0x0, 0x3, 0xff, 0x10, 0x0,
    0x0, 0x0, 0x5f, 0xd0, 0x0, 0x0, 0x0, 0x5,
    0xfd, 0x0, 0x0, 0x0, 0x0, 0x5f, 0xd0, 0x0,
    0x0, 0xdf, 0xff, 0xff, 0xff, 0xff, 0xbc, 0xff,
    0xff, 0xff, 0xff, 0xfa, 0x0, 0x5, 0xfd, 0x0,
    0x0, 0x0, 0x0, 0x5f, 0xd0, 0x0, 0x0, 0x0,
    0x5, 0xfd, 0x0, 0x0, 0x0, 0x0, 0x5f, 0xd0,
    0x0, 0x0, 0x0, 0x5, 0xfd, 0x0, 0x0, 0x0,
    0x0, 0x5f, 0xd0, 0x0, 0x0, 0x0, 0x5, 0xfd,
    0x0, 0x0, 0x0, 0x0, 0x5f, 0xd0, 0x0, 0x0,

    /* U+0067 "g" */
    0x0, 0x4c, 0xfe, 0xa1, 0xef, 0x30, 0x5f, 0xff,
    0xef, 0xce, 0xf3, 0xd, 0xfb, 0x10, 0xb, 0xff,
    0x31, 0xff, 0x20, 0x0, 0x1f, 0xf3, 0x2f, 0xf0,
    0x0, 0x0, 0xef, 0x32, 0xff, 0x0, 0x0, 0xe,
    0xf3, 0x2f, 0xf0, 0x0, 0x0, 0xef, 0x31, 0xff,
    0x20, 0x0, 0x1f, 0xf3, 0xd, 0xfb, 0x0, 0xa,
    0xff, 0x30, 0x5f, 0xff, 0xdf, 0xce, 0xf3, 0x0,
    0x5c, 0xfe, 0xa1, 0xef, 0x30, 0x0, 0x0, 0x0,
    0xe, 0xf3, 0x0, 0x0, 0x0, 0x0, 0xff, 0x30,
    0x0, 0x0, 0x0, 0x9f, 0xf0, 0x0, 0x7e, 0xee,
    0xff, 0xf6, 0x0, 0x8, 0xff, 0xff, 0xc5, 0x0,

    /* U+0068 "h" */
    0x1f, 0xf1, 0x0, 0x0, 0x0, 0x1, 0xff, 0x10,
    0x0, 0x0, 0x0, 0x1f, 0xf1, 0x0, 0x0, 0x0,
    0x1, 0xff, 0x10, 0x0, 0x0, 0x0, 0x1f, 0xf2,
    0x8e, 0xfd, 0x60, 0x1, 0xff, 0xaf, 0xdf, 0xff,
    0x80, 0x1f, 0xfc, 0x10, 0x9, 0xff, 0x11, 0xff,
    0x40, 0x0, 0xf, 0xf4, 0x1f, 0xf2, 0x0, 0x0,
    0xef, 0x41, 0xff, 0x10, 0x0, 0xe, 0xf5, 0x1f,
    0xf1, 0x0, 0x0, 0xef, 0x51, 0xff, 0x10, 0x0,
    0xe, 0xf5, 0x1f, 0xf1, 0x0, 0x0, 0xef, 0x51,
    0xff, 0x10, 0x0, 0xe, 0xf5, 0x1f, 0xf1, 0x0,
    0x0, 0xef, 0x51, 0xff, 0x10, 0x0, 0xe, 0xf5,

    /* U+0069 "i" */
    0x0, 0x0, 0x3b, 0xb2, 0x0, 0x0, 0x0, 0x0,
    0x9f, 0xf8, 0x0, 0x0, 0x0, 0x0, 0x4e, 0xe3,
    0x0, 0x0, 0x0, 0x0, 0x0, 0x0, 0x0, 0x0,
    0x0, 0x0, 0x0, 0x0, 0x0, 0x0, 0xb, 0xff,
    0xff, 0xf4, 0x0, 0x0, 0xb, 0xff, 0xff, 0xf4,
    0x0, 0x0, 0x0, 0x0, 0xe, 0xf4, 0x0, 0x0,
    0x0, 0x0, 0xe, 0xf4, 0x0, 0x0, 0x0, 0x0,
    0xe, 0xf4, 0x0, 0x0, 0x0, 0x0, 0xe, 0xf4,
    0x0, 0x0, 0x0, 0x0, 0xe, 0xf4, 0x0, 0x0,
    0x0, 0x0, 0xe, 0xf4, 0x0, 0x0, 0x0, 0x0,
    0xe, 0xf4, 0x0, 0x0, 0x0, 0x0, 0xe, 0xf4,
    0x0, 0x0, 0x2f, 0xff, 0xff, 0xff, 0xff, 0xf3,
    0x2f, 0xff, 0xff, 0xff, 0xff, 0xf3,

    /* U+006A "j" */
    0x0, 0x0, 0x0, 0x9c, 0x60, 0x0, 0x0, 0x2,
    0xff, 0xf0, 0x0, 0x0, 0x0, 0xbf, 0x90, 0x0,
    0x0, 0x0, 0x0, 0x0, 0x0, 0x0, 0x0, 0x0,
    0x0, 0x2f, 0xff, 0xff, 0xff, 0xb0, 0x2f, 0xff,
    0xff, 0xff, 0xb0, 0x0, 0x0, 0x0, 0x8f, 0xb0,
    0x0, 0x0, 0x0, 0x8f, 0xb0, 0x0, 0x0, 0x0,
    0x8f, 0xb0, 0x0, 0x0, 0x0, 0x8f, 0xb0, 0x0,
    0x0, 0x0, 0x8f, 0xb0, 0x0, 0x0, 0x0, 0x8f,
    0xb0, 0x0, 0x0, 0x0, 0x8f, 0xb0, 0x0, 0x0,
    0x0, 0x8f, 0xb0, 0x0, 0x0, 0x0, 0x8f, 0xb0,
    0x0, 0x0, 0x0, 0x8f, 0xa0, 0x0, 0x0, 0x0,
    0xbf, 0x80, 0x0, 0x0, 0x7, 0xff, 0x30, 0xe,
    0xee, 0xff, 0xf8, 0x0, 0x1f, 0xff, 0xfc, 0x50,
    0x0,

    /* U+006B "k" */
    0xff, 0x30, 0x0, 0x0, 0x0, 0xf, 0xf3, 0x0,
    0x0, 0x0, 0x0, 0xff, 0x30, 0x0, 0x0, 0x0,
    0xf, 0xf3, 0x0, 0x0, 0x0, 0x0, 0xff, 0x30,
    0x0, 0xa, 0xfd, 0xf, 0xf3, 0x0, 0x4, 0xff,
    0x30, 0xff, 0x30, 0x0, 0xef, 0x80, 0xf, 0xf3,
    0x0, 0x9f, 0xd0, 0x0, 0xff, 0x30, 0x3f, 0xf3,
    0x0, 0xf, 0xff, 0xff, 0xf9, 0x0, 0x0, 0xff,
    0xdd, 0xef, 0xc0, 0x0, 0xf, 0xf3, 0x2, 0xff,
    0x70, 0x0, 0xff, 0x30, 0x6, 0xff, 0x20, 0xf,
    0xf3, 0x0, 0xc, 0xfb, 0x0, 0xff, 0x30, 0x0,
    0x2f, 0xf6, 0xf, 0xf3, 0x0, 0x0, 0x7f, 0xe1,

    /* U+006C "l" */
    0x5f, 0xff, 0xff, 0xf0, 0x0, 0x0, 0x5, 0xff,
    0xff, 0xff, 0x0, 0x0, 0x0, 0x0, 0x0, 0x3f,
    0xf0, 0x0, 0x0, 0x0, 0x0, 0x3, 0xff, 0x0,
    0x0, 0x0, 0x0, 0x0, 0x3f, 0xf0, 0x0, 0x0,
    0x0, 0x0, 0x3, 0xff, 0x0, 0x0, 0x0, 0x0,
    0x0, 0x3f, 0xf0, 0x0, 0x0, 0x0, 0x0, 0x3,
    0xff, 0x0, 0x0, 0x0, 0x0, 0x0, 0x3f, 0xf0,
    0x0, 0x0, 0x0, 0x0, 0x3, 0xff, 0x0, 0x0,
    0x0, 0x0, 0x0, 0x3f, 0xf0, 0x0, 0x0, 0x0,
    0x0, 0x3, 0xff, 0x0, 0x0, 0x0, 0x0, 0x0,
    0x3f, 0xf0, 0x0, 0x0, 0x0, 0x0, 0x0, 0xff,
    0x50, 0x0, 0x0, 0x0, 0x0, 0x9, 0xff, 0xff,
    0xff, 0x20, 0x0, 0x0, 0x7, 0xdf, 0xff, 0xf2,

    /* U+006D "m" */
    0xcf, 0x5d, 0xf8, 0x2c, 0xfa, 0x1c, 0xfb, 0x7d,
    0xfd, 0x7b, 0xf9, 0xcf, 0x40, 0x5f, 0x80, 0x1f,
    0xdc, 0xf3, 0x4, 0xf7, 0x0, 0xff, 0xcf, 0x30,
    0x4f, 0x70, 0xf, 0xfc, 0xf3, 0x4, 0xf7, 0x0,
    0xff, 0xcf, 0x30, 0x4f, 0x70, 0xf, 0xfc, 0xf3,
    0x4, 0xf7, 0x0, 0xff, 0xcf, 0x30, 0x4f, 0x70,
    0xf, 0xfc, 0xf3, 0x4, 0xf7, 0x0, 0xff, 0xcf,
    0x30, 0x4f, 0x70, 0xf, 0xfc, 0xf3, 0x4, 0xf7,
    0x0, 0xff,

    /* U+006E "n" */
    0x1f, 0xf2, 0x9e, 0xfd, 0x60, 0x1, 0xff, 0xbd,
    0xac, 0xff, 0x80, 0x1f, 0xfb, 0x0, 0x7, 0xff,
    0x11, 0xff, 0x30, 0x0, 0xf, 0xf4, 0x1f, 0xf1,
    0x0, 0x0, 0xef, 0x41, 0xff, 0x10, 0x0, 0xe,
    0xf5, 0x1f, 0xf1, 0x0, 0x0, 0xef, 0x51, 0xff,
    0x10, 0x0, 0xe, 0xf5, 0x1f, 0xf1, 0x0, 0x0,
    0xef, 0x51, 0xff, 0x10, 0x0, 0xe, 0xf5, 0x1f,
    0xf1, 0x0, 0x0, 0xef, 0x51, 0xff, 0x10, 0x0,
    0xe, 0xf5,

    /* U+006F "o" */
    0x0, 0x2a, 0xef, 0xeb, 0x30, 0x0, 0x3f, 0xff,
    0xef, 0xff, 0x50, 0xc, 0xfb, 0x10, 0x9, 0xff,
    0x1, 0xff, 0x20, 0x0, 0xe, 0xf4, 0x3f, 0xf0,
    0x0, 0x0, 0xcf, 0x63, 0xff, 0x0, 0x0, 0xb,
    0xf7, 0x3f, 0xf0, 0x0, 0x0, 0xbf, 0x73, 0xff,
    0x0, 0x0, 0xc, 0xf6, 0x1f, 0xf1, 0x0, 0x0,
    0xef, 0x40, 0xcf, 0xb1, 0x0, 0x9f, 0xf0, 0x3,
    0xff, 0xfe, 0xff, 0xf5, 0x0, 0x2, 0xae, 0xfe,
    0xb3, 0x0,

    /* U+0070 "p" */
    0x1f, 0xf1, 0x8e, 0xfd, 0x70, 0x1, 0xff, 0xae,
    0xac, 0xff, 0x80, 0x1f, 0xfb, 0x0, 0x5, 0xff,
    0x11, 0xff, 0x30, 0x0, 0xe, 0xf4, 0x1f, 0xf1,
    0x0, 0x0, 0xcf, 0x51, 0xff, 0x10, 0x0, 0xc,
    0xf6, 0x1f, 0xf1, 0x0, 0x0, 0xcf, 0x61, 0xff,
    0x20, 0x0, 0xc, 0xf5, 0x1f, 0xf4, 0x0, 0x0,
    0xef, 0x41, 0xff, 0xc2, 0x0, 0x8f, 0xf1, 0x1f,
    0xf9, 0xfe, 0xff, 0xf8, 0x1, 0xff, 0x17, 0xdf,
    0xd7, 0x0, 0x1f, 0xf1, 0x0, 0x0, 0x0, 0x1,
    0xff, 0x10, 0x0, 0x0, 0x0, 0x1f, 0xf1, 0x0,
    0x0, 0x0, 0x1, 0xff, 0x10, 0x0, 0x0, 0x0,

    /* U+0071 "q" */
    0x0, 0x4c, 0xfe, 0x91, 0xef, 0x40, 0x5f, 0xff,
    0xef, 0xbe, 0xf4, 0xd, 0xfa, 0x0, 0xa, 0xff,
    0x41, 0xff, 0x20, 0x0, 0x1f, 0xf4, 0x2f, 0xf0,
    0x0, 0x0, 0xef, 0x42, 0xff, 0x0, 0x0, 0xe,
    0xf4, 0x2f, 0xf0, 0x0, 0x0, 0xef, 0x42, 0xff,
    0x0, 0x0, 0xe, 0xf4, 0x1f, 0xf2, 0x0, 0x1,
    0xff, 0x40, 0xdf, 0xa0, 0x0, 0xaf, 0xf4, 0x5,
    0xff, 0xfe, 0xfa, 0xef, 0x40, 0x4, 0xcf, 0xe9,
    0xe, 0xf4, 0x0, 0x0, 0x0, 0x0, 0xef, 0x40,
    0x0, 0x0, 0x0, 0xe, 0xf4, 0x0, 0x0, 0x0,
    0x0, 0xef, 0x40, 0x0, 0x0, 0x0, 0xe, 0xf4,

    /* U+0072 "r" */
    0xaf, 0x84, 0xcf, 0xfb, 0x20, 0xaf, 0xaf, 0xbb,
    0xef, 0xe1, 0xaf, 0xf3, 0x0, 0x1d, 0xf8, 0xaf,
    0xa0, 0x0, 0x7, 0xfb, 0xaf, 0x80, 0x0, 0x6,
    0xfc, 0xaf, 0x80, 0x0, 0x1, 0x22, 0xaf, 0x80,
    0x0, 0x0, 0x0, 0xaf, 0x80, 0x0, 0x0, 0x0,
    0xaf, 0x80, 0x0, 0x0, 0x0, 0xaf, 0x80, 0x0,
    0x0, 0x0, 0xaf, 0x80, 0x0, 0x0, 0x0, 0xaf,
    0x80, 0x0, 0x0, 0x0,

    /* U+0073 "s" */
    0x0, 0x5c, 0xef, 0xfc, 0x60, 0x0, 0x8f, 0xfd,
    0xbc, 0xff, 0xa0, 0xf, 0xf5, 0x0, 0x3, 0xff,
    0x20, 0xff, 0x10, 0x0, 0x1, 0x20, 0xd, 0xfb,
    0x53, 0x10, 0x0, 0x0, 0x4f, 0xff, 0xff, 0xe9,
    0x10, 0x0, 0x27, 0x9c, 0xef, 0xfd, 0x0, 0x0,
    0x0, 0x0, 0x2e, 0xf4, 0x16, 0x60, 0x0, 0x0,
    0xbf, 0x61, 0xff, 0x40, 0x0, 0x2e, 0xf4, 0xa,
    0xff, 0xdc, 0xdf, 0xfc, 0x0, 0x6, 0xce, 0xff,
    0xd8, 0x0,

    /* U+0074 "t" */
    0x0, 0x0, 0x9f, 0x90, 0x0, 0x0, 0x0, 0x0,
    0x9f, 0x90, 0x0, 0x0, 0x0, 0x0, 0x9f, 0x90,
    0x0, 0x0, 0xf, 0xff, 0xff, 0xff, 0xff, 0xf8,
    0xf, 0xff, 0xff, 0xff, 0xff, 0xf7, 0x0, 0x0,
    0x9f, 0x90, 0x0, 0x0, 0x0, 0x0, 0x9f, 0x90,
    0x0, 0x0, 0x0, 0x0, 0x9f, 0x90, 0x0, 0x0,
    0x0, 0x0, 0x9f, 0x90, 0x0, 0x0, 0x0, 0x0,
    0x9f, 0x90, 0x0, 0x0, 0x0, 0x0, 0x9f, 0x90,
    0x0, 0x0, 0x0, 0x0, 0x9f, 0x90, 0x0, 0x0,
    0x0, 0x0, 0x7f, 0xd0, 0x0, 0x0, 0x0, 0x0,
    0x1f, 0xff, 0xff, 0xf5, 0x0, 0x0, 0x3, 0xcf,
    0xff, 0xf6,

    /* U+0075 "u" */
    0x1f, 0xf1, 0x0, 0x0, 0xef, 0x51, 0xff, 0x10,
    0x0, 0xe, 0xf5, 0x1f, 0xf1, 0x0, 0x0, 0xef,
    0x51, 0xff, 0x10, 0x0, 0xe, 0xf5, 0x1f, 0xf1,
    0x0, 0x0, 0xef, 0x51, 0xff, 0x10, 0x0, 0xe,
    0xf5, 0x1f, 0xf1, 0x0, 0x0, 0xef, 0x51, 0xff,
    0x10, 0x0, 0xe, 0xf4, 0xf, 0xf4, 0x0, 0x1,
    0xff, 0x30, 0xbf, 0xd2, 0x1, 0xbf, 0xe0, 0x2,
    0xef, 0xfe, 0xff, 0xf4, 0x0, 0x1, 0x9e, 0xfe,
    0xa3, 0x0,

    /* U+0076 "v" */
    0xbf, 0x90, 0x0, 0x0, 0x5f, 0xe0, 0x6f, 0xe0,
    0x0, 0x0, 0xaf, 0x90, 0x1f, 0xf3, 0x0, 0x0,
    0xff, 0x40, 0xb, 0xf8, 0x0, 0x5, 0xfe, 0x0,
    0x5, 0xfe, 0x0, 0xa, 0xf9, 0x0, 0x0, 0xff,
    0x30, 0xf, 0xf3, 0x0, 0x0, 0xbf, 0x80, 0x4f,
    0xe0, 0x0, 0x0, 0x5f, 0xd0, 0x9f, 0x80, 0x0,
    0x0, 0xf, 0xf2, 0xef, 0x30, 0x0, 0x0, 0xa,
    0xf9, 0xfd, 0x0, 0x0, 0x0, 0x5, 0xff, 0xf8,
    0x0, 0x0, 0x0, 0x0, 0xff, 0xf2, 0x0, 0x0,

    /* U+0077 "w" */
    0x5f, 0x80, 0x8, 0xfb, 0x0, 0x3f, 0x82, 0xfa,
    0x0, 0xbf, 0xe0, 0x6, 0xf5, 0xf, 0xc0, 0xe,
    0xcf, 0x10, 0x8f, 0x20, 0xdf, 0x0, 0xf8, 0xf4,
    0xa, 0xf0, 0xa, 0xf1, 0x3f, 0x3f, 0x70, 0xdd,
    0x0, 0x8f, 0x36, 0xf0, 0xd9, 0xf, 0xa0, 0x5,
    0xf6, 0x9d, 0xa, 0xc2, 0xf7, 0x0, 0x3f, 0x8c,
    0xa0, 0x8f, 0x4f, 0x50, 0x0, 0xfa, 0xe8, 0x5,
    0xf8, 0xf2, 0x0, 0xd, 0xdf, 0x50, 0x2f, 0xcf,
    0x0, 0x0, 0xbf, 0xf2, 0x0, 0xff, 0xd0, 0x0,
    0x8, 0xff, 0x0, 0xd, 0xfa, 0x0,

    /* U+0078 "x" */
    0x5f, 0xf2, 0x0, 0x0, 0xef, 0x90, 0xa, 0xfc,
    0x0, 0x9, 0xfd, 0x0, 0x1, 0xef, 0x60, 0x3f,
    0xf3, 0x0, 0x0, 0x4f, 0xf2, 0xdf, 0x80, 0x0,
    0x0, 0x9, 0xfd, 0xfd, 0x0, 0x0, 0x0, 0x0,
    0xef, 0xf2, 0x0, 0x0, 0x0, 0x3, 0xff, 0xf6,
    0x0, 0x0, 0x0, 0xd, 0xfa, 0xff, 0x10, 0x0,
    0x0, 0x8f, 0xd0, 0xaf, 0xc0, 0x0, 0x4, 0xff,
    0x30, 0x1e, 0xf7, 0x0, 0xe, 0xf8, 0x0, 0x5,
    0xff, 0x20, 0xaf, 0xd0, 0x0, 0x0, 0xaf, 0xd0,

    /* U+0079 "y" */
    0xbf, 0x90, 0x0, 0x0, 0x5f, 0xe0, 0x4f, 0xf0,
    0x0, 0x0, 0xbf, 0x80, 0xe, 0xf5, 0x0, 0x1,
    0xff, 0x20, 0x8, 0xfc, 0x0, 0x6, 0xfc, 0x0,
    0x1, 0xff, 0x20, 0xc, 0xf6, 0x0, 0x0, 0xbf,
    0x80, 0x2f, 0xf1, 0x0, 0x0, 0x5f, 0xe0, 0x8f,
    0xa0, 0x0, 0x0, 0xe, 0xf4, 0xdf, 0x40, 0x0,
    0x0, 0x8, 0xfb, 0xfe, 0x0, 0x0, 0x0, 0x2,
    0xff, 0xf8, 0x0, 0x0, 0x0, 0x0, 0xbf, 0xf2,
    0x0, 0x0, 0x0, 0x0, 0x7f, 0xc0, 0x0, 0x0,
    0x0, 0x0, 0xdf, 0x60, 0x0, 0x0, 0x0, 0x3,
    0xff, 0x10, 0x0, 0x0, 0x0, 0x9, 0xfa, 0x0,
    0x0, 0x0, 0x0, 0xe, 0xf4, 0x0, 0x0, 0x0,

    /* U+007A "z" */
    0xe, 0xff, 0xff, 0xff, 0xff, 0x0, 0xde, 0xee,
    0xee, 0xff, 0xf0, 0x0, 0x0, 0x0, 0x1d, 0xfa,
    0x0, 0x0, 0x0, 0xb, 0xfc, 0x0, 0x0, 0x0,
    0x9, 0xfe, 0x10, 0x0, 0x0, 0x6, 0xff, 0x30,
    0x0, 0x0, 0x4, 0xff, 0x40, 0x0, 0x0, 0x2,
    0xef, 0x70, 0x0, 0x0, 0x0, 0xdf, 0x90, 0x0,
    0x0, 0x0, 0xbf, 0xb0, 0x0, 0x0, 0x0, 0x1f,
    0xfe, 0xee, 0xee, 0xee, 0x41, 0xff, 0xff, 0xff,
    0xff, 0xf4,

    /* U+007B "{" */
    0x0, 0x0, 0x0, 0x5c, 0xef, 0x20, 0x0, 0x0,
    0x8f, 0xff, 0xe2, 0x0, 0x0, 0xf, 0xf8, 0x0,
    0x0, 0x0, 0x0, 0xff, 0x20, 0x0, 0x0, 0x0,
    0xf, 0xf3, 0x0, 0x0, 0x0, 0x0, 0xdf, 0x50,
    0x0, 0x0, 0x0, 0xb, 0xf6, 0x0, 0x0, 0x0,
    0x0, 0xbf, 0x60, 0x0, 0x0, 0x0, 0x3f, 0xf2,
    0x0, 0x6, 0xff, 0xff, 0xa3, 0x0, 0x0, 0x5e,
    0xef, 0xfe, 0x60, 0x0, 0x0, 0x0, 0x2, 0xef,
    0x30, 0x0, 0x0, 0x0, 0xb, 0xf7, 0x0, 0x0,
    0x0, 0x0, 0xcf, 0x60, 0x0, 0x0, 0x0, 0xd,
    0xf5, 0x0, 0x0, 0x0, 0x0, 0xff, 0x30, 0x0,
    0x0, 0x0, 0xf, 0xf2, 0x0, 0x0, 0x0, 0x0,
    0xff, 0x80, 0x0, 0x0, 0x0, 0x8, 0xff, 0xfe,
    0x20, 0x0, 0x0, 0x5, 0xce, 0xf2,

    /* U+007C "|" */
    0x7f, 0xb7, 0xfb, 0x7f, 0xb7, 0xfb, 0x7f, 0xb7,
    0xfb, 0x7f, 0xb7, 0xfb, 0x7f, 0xb7, 0xfb, 0x7f,
    0xb7, 0xfb, 0x7f, 0xb7, 0xfb, 0x7f, 0xb7, 0xfb,
    0x7f, 0xb7, 0xfb, 0x7f, 0xb7, 0xfb,

    /* U+007D "}" */
    0xff, 0xd8, 0x0, 0x0, 0x0, 0xdf, 0xff, 0xb0,
    0x0, 0x0, 0x0, 0x5f, 0xf2, 0x0, 0x0, 0x0,
    0xf, 0xf3, 0x0, 0x0, 0x0, 0x1f, 0xf1, 0x0,
    0x0, 0x0, 0x3f, 0xe0, 0x0, 0x0, 0x0, 0x6f,
    0xc0, 0x0, 0x0, 0x0, 0x7f, 0xb0, 0x0, 0x0,
    0x0, 0x4f, 0xf3, 0x0, 0x0, 0x0, 0x5, 0xdf,
    0xff, 0xf9, 0x0, 0x8, 0xff, 0xfe, 0xe8, 0x0,
    0x4f, 0xe2, 0x0, 0x0, 0x0, 0x7f, 0xb0, 0x0,
    0x0, 0x0, 0x6f, 0xc0, 0x0, 0x0, 0x0, 0x3f,
    0xf0, 0x0, 0x0, 0x0, 0x1f, 0xf1, 0x0, 0x0,
    0x0, 0xf, 0xf3, 0x0, 0x0, 0x0, 0x5f, 0xf2,
    0x0, 0x0, 0xdf, 0xff, 0xb0, 0x0, 0x0, 0xff,
    0xd8, 0x0, 0x0, 0x0,

    /* U+007E "~" */
    0x1, 0x9b, 0x80, 0x0, 0x2b, 0x81, 0xef, 0xff,
    0xc0, 0x3, 0xfc, 0x6f, 0xa0, 0xaf, 0xa0, 0x5f,
    0xa8, 0xf7, 0x0, 0xdf, 0xde, 0xf5, 0x8f, 0x70,
    0x1, 0xbf, 0xe7, 0x0,

    /* U+00A0 " " */

    /* U+00A1 "¡" */
    0xb, 0xfd, 0x10, 0xff, 0xf3, 0x5, 0xa7, 0x0,
    0x0, 0x0, 0x0, 0x0, 0x0, 0x6f, 0x90, 0x6,
    0xf9, 0x0, 0x7f, 0xa0, 0x7, 0xfa, 0x0, 0x7f,
    0xa0, 0x8, 0xfb, 0x0, 0x8f, 0xb0, 0x9, 0xfc,
    0x0, 0x9f, 0xc0, 0x9, 0xfd, 0x0, 0xaf, 0xd0,

    /* U+00A2 "¢" */
    0x0, 0x0, 0xc, 0x40, 0x0, 0x0, 0x0, 0x0,
    0xf5, 0x0, 0x0, 0x0, 0x0, 0xf, 0x50, 0x0,
    0x0, 0x1, 0x8d, 0xff, 0xb4, 0x0, 0x2, 0xef,
    0xff, 0xff, 0xf9, 0x0, 0xbf, 0xd2, 0xf5, 0x6f,
    0xf3, 0xf, 0xf3, 0xf, 0x50, 0xbf, 0x81, 0xff,
    0x10, 0xf5, 0x1, 0x11, 0x2f, 0xf0, 0xf, 0x50,
    0x0, 0x2, 0xff, 0x0, 0xf5, 0x0, 0x0, 0x1f,
    0xf0, 0xf, 0x50, 0x0, 0x0, 0xff, 0x20, 0xf5,
    0x9, 0xe7, 0xc, 0xfb, 0xf, 0x53, 0xff, 0x40,
    0x3f, 0xfe, 0xfd, 0xff, 0xb0, 0x0, 0x3c, 0xff,
    0xfe, 0x80, 0x0, 0x0, 0x0, 0xf6, 0x0, 0x0,
    0x0, 0x0, 0xf, 0x50, 0x0, 0x0, 0x0, 0x0,
    0xf5, 0x0, 0x0,

    /* U+00A3 "£" */
    0x0, 0x2a, 0xef, 0xeb, 0x30, 0x0, 0x3f, 0xff,
    0xef, 0xff, 0x60, 0xd, 0xfb, 0x10, 0x1a, 0xff,
    0x12, 0xff, 0x20, 0x0, 0xf, 0xf5, 0x2f, 0xf0,
    0x0, 0x0, 0x45, 0x20, 0xff, 0x30, 0x0, 0x0,
    0x0, 0x9, 0xfb, 0x0, 0x0, 0x0, 0x0, 0x1f,
    0xf5, 0x0, 0x0, 0x0, 0x6f, 0xff, 0xff, 0xff,
    0x90, 0x5, 0xdd, 0xff, 0xdd, 0xd7, 0x0, 0x0,
    0xf, 0xf2, 0x0, 0x0, 0x0, 0x3, 0xff, 0x0,
    0x0, 0x0, 0x1, 0xef, 0x70, 0x0, 0x0, 0x2,
    0xef, 0x80, 0x0, 0x0, 0x0, 0x5f, 0xfe, 0xee,
    0xee, 0xee, 0xb5, 0xff, 0xff, 0xff, 0xff, 0xfc,

    /* U+00A4 "¤" */
    0x0, 0x10, 0x0, 0x0, 0x0, 0x0, 0x0, 0x7e,
    0x30, 0x0, 0x0, 0xb, 0x90, 0xa, 0xff, 0x8d,
    0xfe, 0x9c, 0xfd, 0x10, 0x9, 0xff, 0xd9, 0xbf,
    0xfd, 0x10, 0x0, 0x7f, 0x80, 0x0, 0x5f, 0xb0,
    0x0, 0xc, 0xf0, 0x0, 0x0, 0xcf, 0x0, 0x0,
    0xdd, 0x0, 0x0, 0xa, 0xf1, 0x0, 0xb, 0xf2,
    0x0, 0x0, 0xee, 0x0, 0x0, 0x5f, 0xd4, 0x2,
    0xbf, 0x90, 0x0, 0x2e, 0xff, 0xff, 0xff, 0xff,
    0x50, 0xc, 0xfa, 0x16, 0x87, 0x27, 0xff, 0x10,
    0x18, 0x0, 0x0, 0x0, 0x6, 0x40,

    /* U+00A5 "¥" */
    0x1f, 0xf4, 0x0, 0x0, 0x0, 0xef, 0x40, 0x9f,
    0xb0, 0x0, 0x0, 0x7f, 0xc0, 0x1, 0xff, 0x30,
    0x0, 0xe, 0xf4, 0x0, 0x9, 0xfa, 0x0, 0x6,
    0xfc, 0x0, 0x0, 0x2f, 0xf2, 0x0, 0xdf, 0x50,
    0x0, 0x0, 0xaf, 0xa0, 0x5f, 0xd0, 0x0, 0x0,
    0x2, 0xff, 0x1c, 0xf5, 0x0, 0x0, 0x0, 0xa,
    0xfb, 0xfd, 0x0, 0x0, 0x7, 0xbb, 0xdf, 0xff,
    0xdb, 0xb9, 0x0, 0xbf, 0xff, 0xff, 0xff, 0xff,
    0xe0, 0x0, 0x0, 0x7, 0xfb, 0x0, 0x0, 0x0,
    0x0, 0x0, 0x7f, 0xb0, 0x0, 0x0, 0xb, 0xff,
    0xff, 0xff, 0xff, 0xfe, 0x0, 0x7b, 0xbb, 0xdf,
    0xeb, 0xbb, 0x90, 0x0, 0x0, 0x7, 0xfb, 0x0,
    0x0, 0x0, 0x0, 0x0, 0x7f, 0xb0, 0x0, 0x0,

    /* U+00A6 "¦" */
    0x12, 0x17, 0xfb, 0x7f, 0xb7, 0xfb, 0x7f, 0xb7,
    0xfb, 0x7f, 0xb7, 0xfb, 0x7f, 0xb0, 0x0, 0x0,
    0x0, 0x0, 0x12, 0x17, 0xfb, 0x7f, 0xb7, 0xfb,
    0x7f, 0xb7, 0xfb, 0x7f, 0xb7, 0xfb, 0x7f, 0xb0,

    /* U+00A7 "§" */
    0x0, 0x4b, 0xef, 0xfd, 0x70, 0x0, 0x7f, 0xfe,
    0xdd, 0xff, 0xb0, 0xf, 0xf7, 0x0, 0x3, 0xff,
    0x41, 0xff, 0x10, 0x0, 0x1, 0x10, 0xe, 0xf6,
    0x0, 0x0, 0x0, 0x0, 0x6f, 0xfc, 0x96, 0x20,
    0x0, 0x0, 0x5f, 0xff, 0xff, 0xc1, 0x0, 0x6f,
    0xd6, 0x69, 0xef, 0xd0, 0xf, 0xf3, 0x0, 0x1,
    0xef, 0x62, 0xff, 0x0, 0x0, 0xa, 0xf7, 0xf,
    0xf3, 0x0, 0x0, 0xcf, 0x40, 0x8f, 0xe6, 0x31,
    0x6f, 0x80, 0x0, 0x7f, 0xff, 0xff, 0xb2, 0x0,
    0x0, 0x3, 0x69, 0xef, 0xe1, 0x0, 0x0, 0x0,
    0x0, 0xdf, 0x71, 0x43, 0x0, 0x0, 0x9, 0xf9,
    0x4f, 0xf4, 0x0, 0x2, 0xef, 0x60, 0xcf, 0xfe,
    0xdd, 0xff, 0xd0, 0x0, 0x7c, 0xef, 0xfd, 0x70,
    0x0,

    /* U+00A8 "¨" */
    0xa, 0xb2, 0x1, 0xab, 0x24, 0xff, 0x80, 0x5f,
    0xf7, 0x1d, 0xe4, 0x1, 0xde, 0x30,

    /* U+00A9 "©" */
    0x0, 0x3, 0x9d, 0xed, 0xa4, 0x0, 0x0, 0x7,
    0xf9, 0x42, 0x37, 0xea, 0x0, 0x4, 0xf3, 0x0,
    0x0, 0x1, 0xe7, 0x0, 0xc8, 0x3, 0xcf, 0xe7,
    0x5, 0xe0, 0xf, 0x40, 0xdc, 0x48, 0xf4, 0x1f,
    0x20, 0xf3, 0xf, 0x70, 0x5, 0x20, 0xf3, 0xf,
    0x31, 0xf7, 0x0, 0x0, 0xf, 0x30, 0xf3, 0xf,
    0x70, 0x3, 0x10, 0xf3, 0xf, 0x30, 0xeb, 0x15,
    0xf5, 0xf, 0x20, 0xd7, 0x5, 0xff, 0xfa, 0x4,
    0xf0, 0x6, 0xe1, 0x0, 0x21, 0x0, 0xc9, 0x0,
    0xa, 0xe5, 0x10, 0x4, 0xcc, 0x0, 0x0, 0x6,
    0xcf, 0xff, 0xd7, 0x0, 0x0, 0x0, 0x0, 0x1,
    0x0, 0x0, 0x0,

    /* U+00AA "ª" */
    0x3, 0xce, 0xd7, 0x0, 0x65, 0x1, 0xf2, 0x6,
    0xde, 0xef, 0x41, 0xf3, 0x0, 0xf4, 0x1f, 0x30,
    0x5f, 0x40, 0x6d, 0xd5, 0xc4,

    /* U+00AB "«" */
    0x0, 0x0, 0x14, 0x40, 0x0, 0x44, 0x10, 0x0,
    0xd, 0xf8, 0x0, 0x9f, 0xc0, 0x0, 0xb, 0xfb,
    0x0, 0x6f, 0xe1, 0x0, 0x8, 0xfd, 0x0, 0x3f,
    0xf3, 0x0, 0x4, 0xfe, 0x20, 0x1e, 0xf5, 0x0,
    0x2, 0xff, 0x40, 0xc, 0xf8, 0x0, 0x0, 0xd,
    0xf8, 0x0, 0x9f, 0xc0, 0x0, 0x0, 0x2e, 0xf5,
    0x0, 0xcf, 0x90, 0x0, 0x0, 0x4f, 0xf3, 0x1,
    0xef, 0x60, 0x0, 0x0, 0x7f, 0xe1, 0x3, 0xff,
    0x40, 0x0, 0x0, 0xaf, 0xc0, 0x6, 0xfe, 0x20,

    /* U+00AC "¬" */
    0xbe, 0xee, 0xee, 0xee, 0xec, 0xff, 0xff, 0xff,
    0xff, 0x0, 0x0, 0x0, 0x1f, 0xf0, 0x0, 0x0,
    0x1, 0xff, 0x0, 0x0, 0x0, 0x1f, 0xf0,

    /* U+00AD "­" */
    0xde, 0xee, 0xee, 0xe1, 0xef, 0xff, 0xff, 0xf2,

    /* U+00AE "®" */
    0x0, 0x3, 0x9d, 0xed, 0xa4, 0x0, 0x0, 0x7,
    0xf9, 0x42, 0x37, 0xea, 0x0, 0x4, 0xf3, 0x0,
    0x0, 0x1, 0xe7, 0x0, 0xc8, 0xc, 0xff, 0xd6,
    0x5, 0xe0, 0xf, 0x40, 0xd9, 0x27, 0xf2, 0x1f,
    0x20, 0xf3, 0xd, 0x80, 0x5f, 0x30, 0xf3, 0xf,
    0x30, 0xdf, 0xff, 0x90, 0xf, 0x30, 0xf3, 0xd,
    0x94, 0xf3, 0x0, 0xf3, 0xf, 0x30, 0xd8, 0xb,
    0xb0, 0xf, 0x20, 0xd7, 0xd, 0x80, 0x4f, 0x24,
    0xf0, 0x6, 0xe1, 0x11, 0x0, 0x21, 0xc9, 0x0,
    0xa, 0xe5, 0x10, 0x4, 0xcc, 0x0, 0x0, 0x6,
    0xcf, 0xff, 0xd7, 0x0, 0x0, 0x0, 0x0, 0x1,
    0x0, 0x0, 0x0,

    /* U+00AF "¯" */
    0xbb, 0xbb, 0xbb, 0xb2, 0xff, 0xff, 0xff, 0xf3,

    /* U+00B0 "°" */
    0x0, 0x0, 0x0, 0x0, 0x5d, 0xfe, 0x70, 0x4f,
    0xa4, 0x8f, 0x7a, 0xe0, 0x0, 0xbd, 0xbd, 0x0,
    0xa, 0xe6, 0xf7, 0x15, 0xf9, 0x9, 0xff, 0xfb,
    0x0, 0x1, 0x31, 0x0,

    /* U+00B1 "±" */
    0x0, 0x0, 0x7f, 0xa0, 0x0, 0x0, 0x0, 0x7,
    0xfa, 0x0, 0x0, 0x0, 0x0, 0x7f, 0xa0, 0x0,
    0x0, 0x0, 0x7, 0xfa, 0x0, 0x0, 0x9f, 0xff,
    0xff, 0xff, 0xff, 0xd8, 0xee, 0xef, 0xff, 0xee,
    0xeb, 0x0, 0x0, 0x7f, 0xa0, 0x0, 0x0, 0x0,
    0x7, 0xfa, 0x0, 0x0, 0x0, 0x0, 0x7f, 0xa0,
    0x0, 0x0, 0x0, 0x7, 0xfa, 0x0, 0x0, 0x4a,
    0xaa, 0xcf, 0xea, 0xaa, 0x67, 0xff, 0xff, 0xff,
    0xff, 0xfb,

    /* U+00B2 "²" */
    0x4, 0xcf, 0xe7, 0x0, 0x3f, 0xd8, 0xbf, 0x80,
    0xaf, 0x10, 0xc, 0xf0, 0x22, 0x0, 0xb, 0xf0,
    0x0, 0x0, 0x5f, 0x90, 0x0, 0x6, 0xfc, 0x0,
    0x0, 0x9f, 0xa0, 0x0, 0xb, 0xf7, 0x0, 0x0,
    0x8f, 0xc8, 0x88, 0x80, 0x9f, 0xff, 0xff, 0xf1,

    /* U+00B3 "³" */
    0x8f, 0xff, 0xff, 0xd0, 0x48, 0x88, 0x9f, 0xc0,
    0x0, 0x3, 0xea, 0x0, 0x0, 0x3f, 0xc1, 0x0,
    0x0, 0x4e, 0xff, 0x40, 0x0, 0x0, 0x2e, 0xe0,
    0x42, 0x0, 0x8, 0xf2, 0xdd, 0x0, 0xb, 0xf0,
    0x6f, 0xc8, 0xbf, 0x90, 0x6, 0xdf, 0xd8, 0x0,

    /* U+00B4 "´" */
    0x2, 0xef, 0x40, 0xcf, 0x70, 0x9f, 0xa0, 0x0,

    /* U+00B5 "µ" */
    0xf, 0xf2, 0x0, 0x0, 0xef, 0x40, 0xff, 0x20,
    0x0, 0xe, 0xf4, 0xf, 0xf2, 0x0, 0x0, 0xef,
    0x40, 0xff, 0x20, 0x0, 0xe, 0xf4, 0xf, 0xf2,
    0x0, 0x0, 0xef, 0x40, 0xff, 0x20, 0x0, 0xe,
    0xf4, 0xf, 0xf2, 0x0, 0x0, 0xef, 0x40, 0xff,
    0x20, 0x0, 0xe, 0xf4, 0xf, 0xf4, 0x0, 0x0,
    0xff, 0x40, 0xff, 0xa0, 0x0, 0x8f, 0xf4, 0xf,
    0xfc, 0xda, 0xde, 0xef, 0x40, 0xff, 0x4c, 0xfd,
    0x4e, 0xf4, 0xf, 0xf2, 0x0, 0x0, 0x0, 0x0,
    0xff, 0x20, 0x0, 0x0, 0x0, 0xf, 0xf2, 0x0,
    0x0, 0x0, 0x0, 0xff, 0x20, 0x0, 0x0, 0x0,

    /* U+00B6 "¶" */
    0x0, 0x8d, 0xff, 0x60, 0xaf, 0x30, 0xdf, 0xff,
    0xf6, 0xa, 0xf3, 0x6f, 0xff, 0xff, 0x60, 0xaf,
    0x39, 0xff, 0xff, 0xf6, 0xa, 0xf3, 0x9f, 0xff,
    0xff, 0x60, 0xaf, 0x39, 0xff, 0xff, 0xf6, 0xa,
    0xf3, 0x6f, 0xff, 0xff, 0x60, 0xaf, 0x30, 0xdf,
    0xff, 0xf6, 0xa, 0xf3, 0x1, 0x8d, 0xff, 0x60,
    0xaf, 0x30, 0x0, 0x7, 0xf6, 0xa, 0xf3, 0x0,
    0x0, 0x7f, 0x60, 0xaf, 0x30, 0x0, 0x7, 0xf6,
    0xa, 0xf3, 0x0, 0x0, 0x7f, 0x60, 0xaf, 0x30,
    0x0, 0x7, 0xf6, 0xa, 0xf3, 0x0, 0x0, 0x7f,
    0x60, 0xaf, 0x30, 0x0, 0x7, 0xf6, 0xa, 0xf3,
    0x0, 0x0, 0x7f, 0x60, 0xaf, 0x30, 0x0, 0x7,
    0xf6, 0xa, 0xf3, 0x0, 0x0, 0x7f, 0x60, 0xaf,
    0x30, 0x0, 0x7, 0xf6, 0xa, 0xf3,

    /* U+00B7 "·" */
    0x4, 0x95, 0x1, 0xff, 0xf4, 0x3f, 0xff, 0x60,
    0xaf, 0xc1,

    /* U+00B8 "¸" */
    0xa, 0xa0, 0x0, 0xf, 0xc6, 0x0, 0x1, 0x6f,
    0xc0, 0x0, 0x2f, 0xf0, 0x8f, 0xff, 0x70, 0x13,
    0x20, 0x0,

    /* U+00B9 "¹" */
    0x2, 0xcf, 0xf1, 0x0, 0x6f, 0xec, 0xf1, 0x0,
    0xa9, 0x19, 0xf1, 0x0, 0x10, 0x9, 0xf1, 0x0,
    0x0, 0x9, 0xf1, 0x0, 0x0, 0x9, 0xf1, 0x0,
    0x0, 0x9, 0xf1, 0x0, 0x0, 0x9, 0xf1, 0x0,
    0x58, 0x8c, 0xf8, 0x84, 0xbf, 0xff, 0xff, 0xf9,

    /* U+00BA "º" */
    0x2c, 0xfd, 0x40, 0xd8, 0x5, 0xf0, 0xf3, 0x0,
    0xf3, 0xf3, 0x0, 0xf3, 0xd8, 0x5, 0xf0, 0x2c,
    0xfd, 0x40,

    /* U+00BB "»" */
    0x4, 0x41, 0x0, 0x44, 0x20, 0x0, 0x0, 0x9f,
    0xc0, 0x5, 0xff, 0x20, 0x0, 0x0, 0xcf, 0x90,
    0x8, 0xfd, 0x0, 0x0, 0x1, 0xef, 0x60, 0xb,
    0xfb, 0x0, 0x0, 0x3, 0xff, 0x30, 0x1d, 0xf7,
    0x0, 0x0, 0x6, 0xfe, 0x10, 0x2f, 0xf4, 0x0,
    0x0, 0xaf, 0xc0, 0x6, 0xfe, 0x20, 0x0, 0x6f,
    0xe1, 0x3, 0xff, 0x40, 0x0, 0x4f, 0xf3, 0x1,
    0xef, 0x70, 0x0, 0x1e, 0xf6, 0x0, 0xcf, 0xa0,
    0x0, 0xc, 0xf9, 0x0, 0x9f, 0xd0, 0x0, 0x0,

    /* U+00BC "¼" */
    0x0, 0x48, 0x50, 0x0, 0x0, 0x7, 0x70, 0x8,
    0xfe, 0xb0, 0x0, 0x0, 0x9f, 0x60, 0xb, 0x3c,
    0xb0, 0x0, 0x5, 0xfb, 0x0, 0x0, 0xc, 0xb0,
    0x0, 0x2f, 0xe1, 0x0, 0x0, 0xc, 0xb0, 0x0,
    0xcf, 0x40, 0x0, 0x0, 0xc, 0xb0, 0x9, 0xf8,
    0x0, 0x0, 0x4f, 0xff, 0xff, 0xff, 0xd0, 0x0,
    0x0, 0x2, 0x22, 0x24, 0xff, 0x20, 0x0, 0x0,
    0x0, 0x0, 0xb, 0xf6, 0x0, 0x0, 0x0, 0x0,
    0x0, 0x6f, 0xb0, 0x1e, 0xa0, 0x0, 0x0, 0x2,
    0xfe, 0x10, 0xbd, 0x0, 0x0, 0x0, 0xc, 0xf4,
    0x8, 0xe2, 0x36, 0x0, 0x0, 0x8f, 0x80, 0x3f,
    0x50, 0x8e, 0x0, 0x3, 0xfc, 0x0, 0x5f, 0xff,
    0xfe, 0x0, 0xd, 0xf2, 0x0, 0x2, 0x22, 0x9e,
    0x0, 0x9f, 0x60, 0x0, 0x0, 0x0, 0x8e, 0x0,

    /* U+00BD "½" */
    0x0, 0x25, 0x30, 0x0, 0x0, 0x4, 0x50, 0x6,
    0xfe, 0xb0, 0x0, 0x0, 0x7f, 0x80, 0xc, 0x4c,
    0xb0, 0x0, 0x4, 0xfc, 0x0, 0x1, 0xc, 0xb0,
    0x0, 0x1e, 0xf2, 0x0, 0x0, 0xc, 0xb0, 0x0,
    0xcf, 0x60, 0x0, 0x0, 0xc, 0xb0, 0x9, 0xfa,
    0x0, 0x0, 0x4f, 0xff, 0xff, 0xff, 0xe1, 0x0,
    0x0, 0x2, 0x22, 0x24, 0xff, 0x40, 0x0, 0x0,
    0x0, 0x0, 0xb, 0xf8, 0x0, 0x0, 0x0, 0x0,
    0x0, 0x6f, 0xc2, 0xbe, 0xd6, 0x0, 0x0, 0x1,
    0xff, 0x2d, 0xc3, 0x7f, 0x30, 0x0, 0xb, 0xf6,
    0x7, 0x20, 0xf, 0x60, 0x0, 0x6f, 0xa0, 0x0,
    0x0, 0x7f, 0x20, 0x2, 0xfe, 0x10, 0x0, 0x3b,
    0xe4, 0x0, 0xc, 0xf4, 0x0, 0xa, 0xf7, 0x0,
    0x0, 0x7f, 0x80, 0x0, 0x1f, 0xfe, 0xff, 0x90,
    0x22, 0x0, 0x0, 0x2, 0x22, 0x22, 0x10,

    /* U+00BE "¾" */
    0xe, 0xff, 0xfd, 0x0, 0x0, 0x3f, 0xc0, 0x2,
    0x24, 0xe8, 0x0, 0x0, 0xdf, 0x20, 0x0, 0x2e,
    0x70, 0x0, 0x8, 0xf6, 0x0, 0x0, 0x3f, 0xf8,
    0x0, 0x4f, 0xb0, 0x0, 0x0, 0x0, 0x7f, 0x21,
    0xee, 0x10, 0x0, 0x4d, 0x30, 0x7f, 0x1a, 0xf5,
    0x0, 0x0, 0xa, 0xff, 0xf6, 0x5f, 0xa0, 0x0,
    0x0, 0x0, 0x1, 0x1, 0xee, 0x10, 0x0, 0x0,
    0x0, 0x0, 0xb, 0xf4, 0x1, 0x10, 0x0, 0x0,
    0x0, 0x6f, 0x80, 0x1e, 0x90, 0x0, 0x0, 0x2,
    0xfd, 0x0, 0xcc, 0x0, 0x0, 0x0, 0xc, 0xf3,
    0x8, 0xe1, 0x36, 0x0, 0x0, 0x8f, 0x70, 0x3f,
    0x40, 0x8e, 0x0, 0x3, 0xfc, 0x0, 0x5f, 0xff,
    0xfe, 0x0, 0xd, 0xf2, 0x0, 0x2, 0x22, 0x9e,
    0x0, 0x9f, 0x60, 0x0, 0x0, 0x0, 0x8e, 0x0,

    /* U+00BF "¿" */
    0x0, 0x0, 0x9f, 0xe2, 0x0, 0x0, 0xe, 0xff,
    0x60, 0x0, 0x0, 0x4a, 0x80, 0x0, 0x0, 0x0,
    0x0, 0x0, 0x0, 0x0, 0x1, 0x10, 0x0, 0x0,
    0x5, 0xfc, 0x0, 0x0, 0x0, 0x5f, 0xc0, 0x0,
    0x6, 0xdf, 0xfc, 0x0, 0x8, 0xff, 0xec, 0x90,
    0x2, 0xff, 0x70, 0x0, 0x0, 0x7f, 0xc0, 0x0,
    0x0, 0x8, 0xfa, 0x0, 0x0, 0x0, 0x6f, 0xd0,
    0x0, 0x0, 0x1, 0xff, 0xb2, 0x0, 0x0, 0x5,
    0xff, 0xff, 0xff, 0x60, 0x3, 0xae, 0xff, 0xf6,

    /* U+00C0 "À" */
    0x0, 0x48, 0x60, 0x0, 0x0, 0x0, 0x0, 0x1d,
    0xf7, 0x0, 0x0, 0x0, 0x0, 0x2, 0xef, 0x40,
    0x0, 0x0, 0x0, 0x0, 0x38, 0x60, 0x0, 0x0,
    0x0, 0x0, 0x0, 0x0, 0x0, 0x0, 0x0, 0x0,
    0xff, 0xf2, 0x0, 0x0, 0x0, 0x3, 0xff, 0xf6,
    0x0, 0x0, 0x0, 0x7, 0xfc, 0xfb, 0x0, 0x0,
    0x0, 0xb, 0xf5, 0xff, 0x0, 0x0, 0x0, 0xf,
    0xf0, 0xdf, 0x30, 0x0, 0x0, 0x4f, 0xd0, 0x9f,
    0x70, 0x0, 0x0, 0x8f, 0x90, 0x5f, 0xb0, 0x0,
    0x0, 0xcf, 0x50, 0x2f, 0xf0, 0x0, 0x0, 0xff,
    0x10, 0xe, 0xf3, 0x0, 0x4, 0xfd, 0x0, 0xa,
    0xf8, 0x0, 0x8, 0xfe, 0xcc, 0xce, 0xfc, 0x0,
    0xd, 0xff, 0xff, 0xff, 0xff, 0x0, 0x1f, 0xf1,
    0x0, 0x0, 0xef, 0x40, 0x5f, 0xd0, 0x0, 0x0,
    0xaf, 0x80, 0x9f, 0x90, 0x0, 0x0, 0x6f, 0xc0,
    0xdf, 0x50, 0x0, 0x0, 0x2f, 0xf1,

    /* U+00C1 "Á" */
    0x0, 0x0, 0x0, 0x58, 0x50, 0x0, 0x0, 0x0,
    0x3, 0xfe, 0x20, 0x0, 0x0, 0x0, 0x1e, 0xf4,
    0x0, 0x0, 0x0, 0x0, 0x48, 0x50, 0x0, 0x0,
    0x0, 0x0, 0x0, 0x0, 0x0, 0x0, 0x0, 0x0,
    0xff, 0xf2, 0x0, 0x0, 0x0, 0x3, 0xff, 0xf6,
    0x0, 0x0, 0x0, 0x7, 0xfc, 0xfb, 0x0, 0x0,
    0x0, 0xb, 0xf5, 0xff, 0x0, 0x0, 0x0, 0xf,
    0xf0, 0xdf, 0x30, 0x0, 0x0, 0x4f, 0xd0, 0x9f,
    0x70, 0x0, 0x0, 0x8f, 0x90, 0x5f, 0xb0, 0x0,
    0x0, 0xcf, 0x50, 0x2f, 0xf0, 0x0, 0x0, 0xff,
    0x10, 0xe, 0xf3, 0x0, 0x4, 0xfd, 0x0, 0xa,
    0xf8, 0x0, 0x8, 0xfe, 0xcc, 0xce, 0xfc, 0x0,
    0xd, 0xff, 0xff, 0xff, 0xff, 0x0, 0x1f, 0xf1,
    0x0, 0x0, 0xef, 0x40, 0x5f, 0xd0, 0x0, 0x0,
    0xaf, 0x80, 0x9f, 0x90, 0x0, 0x0, 0x6f, 0xc0,
    0xdf, 0x50, 0x0, 0x0, 0x2f, 0xf1,

    /* U+00C2 "Â" */
    0x0, 0x0, 0x58, 0x60, 0x0, 0x0, 0x0, 0x6,
    0xff, 0xf9, 0x0, 0x0, 0x0, 0x7f, 0xd1, 0xaf,
    0xa0, 0x0, 0x1, 0x77, 0x10, 0x7, 0x83, 0x0,
    0x0, 0x0, 0x0, 0x0, 0x0, 0x0, 0x0, 0x0,
    0xff, 0xf2, 0x0, 0x0, 0x0, 0x3, 0xff, 0xf6,
    0x0, 0x0, 0x0, 0x7, 0xfc, 0xfb, 0x0, 0x0,
    0x0, 0xb, 0xf5, 0xff, 0x0, 0x0, 0x0, 0xf,
    0xf0, 0xdf, 0x30, 0x0, 0x0, 0x4f, 0xd0, 0x9f,
    0x70, 0x0, 0x0, 0x8f, 0x90, 0x5f, 0xb0, 0x0,
    0x0, 0xcf, 0x50, 0x2f, 0xf0, 0x0, 0x0, 0xff,
    0x10, 0xe, 0xf3, 0x0, 0x4, 0xfd, 0x0, 0xa,
    0xf8, 0x0, 0x8, 0xfe, 0xcc, 0xce, 0xfc, 0x0,
    0xd, 0xff, 0xff, 0xff, 0xff, 0x0, 0x1f, 0xf1,
    0x0, 0x0, 0xef, 0x40, 0x5f, 0xd0, 0x0, 0x0,
    0xaf, 0x80, 0x9f, 0x90, 0x0, 0x0, 0x6f, 0xc0,
    0xdf, 0x50, 0x0, 0x0, 0x2f, 0xf1,

    /* U+00C3 "Ã" */
    0x0, 0x0, 0x0, 0x0, 0x10, 0x0, 0x0, 0x7f,
    0xfc, 0x47, 0xf2, 0x0, 0x0, 0xe9, 0xa, 0xff,
    0xc0, 0x0, 0x0, 0x42, 0x0, 0x23, 0x0, 0x0,
    0x0, 0x0, 0x0, 0x0, 0x0, 0x0, 0x0, 0x0,
    0xff, 0xf2, 0x0, 0x0, 0x0, 0x3, 0xff, 0xf6,
    0x0, 0x0, 0x0, 0x7, 0xfc, 0xfb, 0x0, 0x0,
    0x0, 0xb, 0xf5, 0xff, 0x0, 0x0, 0x0, 0xf,
    0xf0, 0xdf, 0x30, 0x0, 0x0, 0x4f, 0xd0, 0x9f,
    0x70, 0x0, 0x0, 0x8f, 0x90, 0x5f, 0xb0, 0x0,
    0x0, 0xcf, 0x50, 0x2f, 0xf0, 0x0, 0x0, 0xff,
    0x10, 0xe, 0xf3, 0x0, 0x4, 0xfd, 0x0, 0xa,
    0xf8, 0x0, 0x8, 0xfe, 0xcc, 0xce, 0xfc, 0x0,
    0xd, 0xff, 0xff, 0xff, 0xff, 0x0, 0x1f, 0xf1,
    0x0, 0x0, 0xef, 0x40, 0x5f, 0xd0, 0x0, 0x0,
    0xaf, 0x80, 0x9f, 0x90, 0x0, 0x0, 0x6f, 0xc0,
    0xdf, 0x50, 0x0, 0x0, 0x2f, 0xf1,

    /* U+00C4 "Ä" */
    0x1, 0xde, 0x30, 0x1d, 0xe3, 0x0, 0x4, 0xff,
    0x80, 0x5f, 0xf7, 0x0, 0x0, 0xbc, 0x20, 0x1b,
    0xc2, 0x0, 0x0, 0x0, 0x0, 0x0, 0x0, 0x0,
    0x0, 0x0, 0xff, 0xf2, 0x0, 0x0, 0x0, 0x3,
    0xff, 0xf6, 0x0, 0x0, 0x0, 0x7, 0xfc, 0xfb,
    0x0, 0x0, 0x0, 0xb, 0xf5, 0xff, 0x0, 0x0,
    0x0, 0xf, 0xf0, 0xdf, 0x30, 0x0, 0x0, 0x4f,
    0xd0, 0x9f, 0x70, 0x0, 0x0, 0x8f, 0x90, 0x5f,
    0xb0, 0x0, 0x0, 0xcf, 0x50, 0x2f, 0xf0, 0x0,
    0x0, 0xff, 0x10, 0xe, 0xf3, 0x0, 0x4, 0xfd,
    0x0, 0xa, 0xf8, 0x0, 0x8, 0xfe, 0xcc, 0xce,
    0xfc, 0x0, 0xd, 0xff, 0xff, 0xff, 0xff, 0x0,
    0x1f, 0xf1, 0x0, 0x0, 0xef, 0x40, 0x5f, 0xd0,
    0x0, 0x0, 0xaf, 0x80, 0x9f, 0x90, 0x0, 0x0,
    0x6f, 0xc0, 0xdf, 0x50, 0x0, 0x0, 0x2f, 0xf1,

    /* U+00C5 "Å" */
    0x0, 0x4, 0xcf, 0xd6, 0x0, 0x0, 0x0, 0xf,
    0xa4, 0x8f, 0x20, 0x0, 0x0, 0xf, 0x81, 0x5f,
    0x30, 0x0, 0x0, 0x6, 0xff, 0xf9, 0x0, 0x0,
    0x0, 0x0, 0x2, 0x10, 0x0, 0x0, 0x0, 0x0,
    0xff, 0xf2, 0x0, 0x0, 0x0, 0x3, 0xff, 0xf6,
    0x0, 0x0, 0x0, 0x7, 0xfc, 0xfb, 0x0, 0x0,
    0x0, 0xb, 0xf5, 0xff, 0x0, 0x0, 0x0, 0xf,
    0xf0, 0xdf, 0x30, 0x0, 0x0, 0x4f, 0xd0, 0x9f,
    0x70, 0x0, 0x0, 0x8f, 0x90, 0x5f, 0xb0, 0x0,
    0x0, 0xcf, 0x50, 0x2f, 0xf0, 0x0, 0x0, 0xff,
    0x10, 0xe, 0xf3, 0x0, 0x4, 0xfd, 0x0, 0xa,
    0xf8, 0x0, 0x8, 0xfe, 0xcc, 0xce, 0xfc, 0x0,
    0xd, 0xff, 0xff, 0xff, 0xff, 0x0, 0x1f, 0xf1,
    0x0, 0x0, 0xef, 0x40, 0x5f, 0xd0, 0x0, 0x0,
    0xaf, 0x80, 0x9f, 0x90, 0x0, 0x0, 0x6f, 0xc0,
    0xdf, 0x50, 0x0, 0x0, 0x2f, 0xf1,

    /* U+00C6 "Æ" */
    0x0, 0x6, 0xff, 0xff, 0xff, 0xff, 0x90, 0x0,
    0x9f, 0xee, 0xff, 0xee, 0xe8, 0x0, 0xc, 0xf4,
    0x6f, 0xa0, 0x0, 0x0, 0x0, 0xff, 0x16, 0xfa,
    0x0, 0x0, 0x0, 0x2f, 0xe0, 0x6f, 0xa0, 0x0,
    0x0, 0x5, 0xfb, 0x6, 0xfa, 0x0, 0x0, 0x0,
    0x8f, 0x80, 0x6f, 0xa0, 0x0, 0x0, 0xc, 0xf5,
    0x6, 0xff, 0xff, 0xf0, 0x0, 0xff, 0x20, 0x6f,
    0xfe, 0xee, 0x0, 0x2f, 0xf0, 0x6, 0xfa, 0x0,
    0x0, 0x5, 0xff, 0xff, 0xff, 0xa0, 0x0, 0x0,
    0x8f, 0xdb, 0xbd, 0xfa, 0x0, 0x0, 0xb, 0xf6,
    0x0, 0x6f, 0xa0, 0x0, 0x0, 0xef, 0x30, 0x6,
    0xfa, 0x0, 0x0, 0x2f, 0xf0, 0x0, 0x6f, 0xfe,
    0xee, 0x85, 0xfd, 0x0, 0x6, 0xff, 0xff, 0xf9,

    /* U+00C7 "Ç" */
    0x0, 0x19, 0xdf, 0xfb, 0x50, 0x0, 0x1e, 0xff,
    0xef, 0xff, 0x80, 0xa, 0xfd, 0x20, 0x7, 0xff,
    0x20, 0xff, 0x40, 0x0, 0xc, 0xf7, 0xf, 0xf2,
    0x0, 0x0, 0x48, 0x41, 0xff, 0x10, 0x0, 0x0,
    0x0, 0x1f, 0xf1, 0x0, 0x0, 0x0, 0x1, 0xff,
    0x10, 0x0, 0x0, 0x0, 0x1f, 0xf1, 0x0, 0x0,
    0x0, 0x1, 0xff, 0x10, 0x0, 0x0, 0x0, 0x1f,
    0xf1, 0x0, 0x0, 0x0, 0x0, 0xff, 0x20, 0x0,
    0x5, 0x84, 0xe, 0xf4, 0x0, 0x0, 0xcf, 0x70,
    0x9f, 0xd2, 0x0, 0x7f, 0xf2, 0x1, 0xdf, 0xff,
    0xff, 0xf8, 0x0, 0x1, 0x8e, 0xff, 0xc5, 0x0,
    0x0, 0x0, 0xcc, 0x30, 0x0, 0x0, 0x0, 0x4,
    0x8f, 0xb0, 0x0, 0x0, 0x0, 0x1, 0xdf, 0x20,
    0x0, 0x0, 0x6f, 0xff, 0x90, 0x0, 0x0, 0x1,
    0x33, 0x10, 0x0, 0x0,

    /* U+00C8 "È" */
    0x2, 0x87, 0x0, 0x0, 0x0, 0x0, 0xbf, 0xa0,
    0x0, 0x0, 0x0, 0xd, 0xf7, 0x0, 0x0, 0x0,
    0x1, 0x87, 0x0, 0x0, 0x0, 0x0, 0x0, 0x0,
    0x0, 0xdf, 0xff, 0xff, 0xff, 0xf7, 0xdf, 0xee,
    0xee, 0xee, 0xe7, 0xdf, 0x40, 0x0, 0x0, 0x0,
    0xdf, 0x40, 0x0, 0x0, 0x0, 0xdf, 0x40, 0x0,
    0x0, 0x0, 0xdf, 0x40, 0x0, 0x0, 0x0, 0xdf,
    0x40, 0x0, 0x0, 0x0, 0xdf, 0xff, 0xff, 0xff,
    0xb0, 0xdf, 0xed, 0xdd, 0xdd, 0x90, 0xdf, 0x40,
    0x0, 0x0, 0x0, 0xdf, 0x40, 0x0, 0x0, 0x0,
    0xdf, 0x40, 0x0, 0x0, 0x0, 0xdf, 0x40, 0x0,
    0x0, 0x0, 0xdf, 0x40, 0x0, 0x0, 0x0, 0xdf,
    0xee, 0xee, 0xee, 0xe7, 0xdf, 0xff, 0xff, 0xff,
    0xf7,

    /* U+00C9 "É" */
    0x0, 0x0, 0x3, 0x87, 0x0, 0x0, 0x0, 0x1e,
    0xf4, 0x0, 0x0, 0x0, 0xcf, 0x70, 0x0, 0x0,
    0x2, 0x86, 0x0, 0x0, 0x0, 0x0, 0x0, 0x0,
    0x0, 0xdf, 0xff, 0xff, 0xff, 0xf7, 0xdf, 0xee,
    0xee, 0xee, 0xe7, 0xdf, 0x40, 0x0, 0x0, 0x0,
    0xdf, 0x40, 0x0, 0x0, 0x0, 0xdf, 0x40, 0x0,
    0x0, 0x0, 0xdf, 0x40, 0x0, 0x0, 0x0, 0xdf,
    0x40, 0x0, 0x0, 0x0, 0xdf, 0xff, 0xff, 0xff,
    0xb0, 0xdf, 0xed, 0xdd, 0xdd, 0x90, 0xdf, 0x40,
    0x0, 0x0, 0x0, 0xdf, 0x40, 0x0, 0x0, 0x0,
    0xdf, 0x40, 0x0, 0x0, 0x0, 0xdf, 0x40, 0x0,
    0x0, 0x0, 0xdf, 0x40, 0x0, 0x0, 0x0, 0xdf,
    0xee, 0xee, 0xee, 0xe7, 0xdf, 0xff, 0xff, 0xff,
    0xf7,

    /* U+00CA "Ê" */
    0x0, 0x3, 0x87, 0x0, 0x0, 0x0, 0x4f, 0xff,
    0xc0, 0x0, 0x4, 0xfe, 0x38, 0xfc, 0x0, 0x7,
    0x82, 0x0, 0x58, 0x40, 0x0, 0x0, 0x0, 0x0,
    0x0, 0xdf, 0xff, 0xff, 0xff, 0xf7, 0xdf, 0xee,
    0xee, 0xee, 0xe7, 0xdf, 0x40, 0x0, 0x0, 0x0,
    0xdf, 0x40, 0x0, 0x0, 0x0, 0xdf, 0x40, 0x0,
    0x0, 0x0, 0xdf, 0x40, 0x0, 0x0, 0x0, 0xdf,
    0x40, 0x0, 0x0, 0x0, 0xdf, 0xff, 0xff, 0xff,
    0xb0, 0xdf, 0xed, 0xdd, 0xdd, 0x90, 0xdf, 0x40,
    0x0, 0x0, 0x0, 0xdf, 0x40, 0x0, 0x0, 0x0,
    0xdf, 0x40, 0x0, 0x0, 0x0, 0xdf, 0x40, 0x0,
    0x0, 0x0, 0xdf, 0x40, 0x0, 0x0, 0x0, 0xdf,
    0xee, 0xee, 0xee, 0xe7, 0xdf, 0xff, 0xff, 0xff,
    0xf7,

    /* U+00CB "Ë" */
    0xb, 0xf6, 0x0, 0xbf, 0x50, 0x1f, 0xfb, 0x2,
    0xff, 0xb0, 0x9, 0xc4, 0x0, 0x9c, 0x40, 0x0,
    0x0, 0x0, 0x0, 0x0, 0xdf, 0xff, 0xff, 0xff,
    0xf7, 0xdf, 0xee, 0xee, 0xee, 0xe7, 0xdf, 0x40,
    0x0, 0x0, 0x0, 0xdf, 0x40, 0x0, 0x0, 0x0,
    0xdf, 0x40, 0x0, 0x0, 0x0, 0xdf, 0x40, 0x0,
    0x0, 0x0, 0xdf, 0x40, 0x0, 0x0, 0x0, 0xdf,
    0xff, 0xff, 0xff, 0xb0, 0xdf, 0xed, 0xdd, 0xdd,
    0x90, 0xdf, 0x40, 0x0, 0x0, 0x0, 0xdf, 0x40,
    0x0, 0x0, 0x0, 0xdf, 0x40, 0x0, 0x0, 0x0,
    0xdf, 0x40, 0x0, 0x0, 0x0, 0xdf, 0x40, 0x0,
    0x0, 0x0, 0xdf, 0xee, 0xee, 0xee, 0xe7, 0xdf,
    0xff, 0xff, 0xff, 0xf7,

    /* U+00CC "Ì" */
    0x4, 0x86, 0x0, 0x0, 0x0, 0x1d, 0xf7, 0x0,
    0x0, 0x0, 0x2e, 0xf4, 0x0, 0x0, 0x0, 0x38,
    0x60, 0x0, 0x0, 0x0, 0x0, 0x0, 0xc, 0xff,
    0xff, 0xff, 0xff, 0xbf, 0xff, 0xff, 0xff, 0xe0,
    0x0, 0x8f, 0xb0, 0x0, 0x0, 0x8, 0xfb, 0x0,
    0x0, 0x0, 0x8f, 0xb0, 0x0, 0x0, 0x8, 0xfb,
    0x0, 0x0, 0x0, 0x8f, 0xb0, 0x0, 0x0, 0x8,
    0xfb, 0x0, 0x0, 0x0, 0x8f, 0xb0, 0x0, 0x0,
    0x8, 0xfb, 0x0, 0x0, 0x0, 0x8f, 0xb0, 0x0,
    0x0, 0x8, 0xfb, 0x0, 0x0, 0x0, 0x8f, 0xb0,
    0x0, 0x0, 0x8, 0xfb, 0x0, 0xb, 0xff, 0xff,
    0xff, 0xfe, 0xcf, 0xff, 0xff, 0xff, 0xf0,

    /* U+00CD "Í" */
    0x0, 0x0, 0x5, 0x85, 0x0, 0x0, 0x3, 0xfe,
    0x20, 0x0, 0x1, 0xef, 0x40, 0x0, 0x0, 0x48,
    0x50, 0x0, 0x0, 0x0, 0x0, 0x0, 0xc, 0xff,
    0xff, 0xff, 0xff, 0xbf, 0xff, 0xff, 0xff, 0xe0,
    0x0, 0x8f, 0xb0, 0x0, 0x0, 0x8, 0xfb, 0x0,
    0x0, 0x0, 0x8f, 0xb0, 0x0, 0x0, 0x8, 0xfb,
    0x0, 0x0, 0x0, 0x8f, 0xb0, 0x0, 0x0, 0x8,
    0xfb, 0x0, 0x0, 0x0, 0x8f, 0xb0, 0x0, 0x0,
    0x8, 0xfb, 0x0, 0x0, 0x0, 0x8f, 0xb0, 0x0,
    0x0, 0x8, 0xfb, 0x0, 0x0, 0x0, 0x8f, 0xb0,
    0x0, 0x0, 0x8, 0xfb, 0x0, 0xb, 0xff, 0xff,
    0xff, 0xfe, 0xcf, 0xff, 0xff, 0xff, 0xf0,

    /* U+00CE "Î" */
    0x0, 0x5, 0x86, 0x0, 0x0, 0x6, 0xff, 0xf9,
    0x0, 0x7, 0xfd, 0x1a, 0xfa, 0x1, 0x77, 0x10,
    0x7, 0x83, 0x0, 0x0, 0x0, 0x0, 0xc, 0xff,
    0xff, 0xff, 0xff, 0xbf, 0xff, 0xff, 0xff, 0xe0,
    0x0, 0x8f, 0xb0, 0x0, 0x0, 0x8, 0xfb, 0x0,
    0x0, 0x0, 0x8f, 0xb0, 0x0, 0x0, 0x8, 0xfb,
    0x0, 0x0, 0x0, 0x8f, 0xb0, 0x0, 0x0, 0x8,
    0xfb, 0x0, 0x0, 0x0, 0x8f, 0xb0, 0x0, 0x0,
    0x8, 0xfb, 0x0, 0x0, 0x0, 0x8f, 0xb0, 0x0,
    0x0, 0x8, 0xfb, 0x0, 0x0, 0x0, 0x8f, 0xb0,
    0x0, 0x0, 0x8, 0xfb, 0x0, 0xb, 0xff, 0xff,
    0xff, 0xfe, 0xcf, 0xff, 0xff, 0xff, 0xf0,

    /* U+00CF "Ï" */
    0x1d, 0xe3, 0x1, 0xde, 0x34, 0xff, 0x80, 0x5f,
    0xf7, 0xb, 0xc2, 0x1, 0xbc, 0x20, 0x0, 0x0,
    0x0, 0x0, 0xcf, 0xff, 0xff, 0xff, 0xfb, 0xff,
    0xff, 0xff, 0xfe, 0x0, 0x8, 0xfb, 0x0, 0x0,
    0x0, 0x8f, 0xb0, 0x0, 0x0, 0x8, 0xfb, 0x0,
    0x0, 0x0, 0x8f, 0xb0, 0x0, 0x0, 0x8, 0xfb,
    0x0, 0x0, 0x0, 0x8f, 0xb0, 0x0, 0x0, 0x8,
    0xfb, 0x0, 0x0, 0x0, 0x8f, 0xb0, 0x0, 0x0,
    0x8, 0xfb, 0x0, 0x0, 0x0, 0x8f, 0xb0, 0x0,
    0x0, 0x8, 0xfb, 0x0, 0x0, 0x0, 0x8f, 0xb0,
    0x0, 0xbf, 0xff, 0xff, 0xff, 0xec, 0xff, 0xff,
    0xff, 0xff,

    /* U+00D0 "Ð" */
    0x1, 0xff, 0xff, 0xfd, 0x81, 0x0, 0x1, 0xff,
    0xee, 0xef, 0xfe, 0x20, 0x1, 0xff, 0x10, 0x2,
    0xcf, 0xc0, 0x1, 0xff, 0x10, 0x0, 0x1f, 0xf3,
    0x1, 0xff, 0x10, 0x0, 0xd, 0xf5, 0x1, 0xff,
    0x10, 0x0, 0xc, 0xf6, 0x1, 0xff, 0x10, 0x0,
    0xc, 0xf6, 0x8b, 0xff, 0xba, 0x40, 0xc, 0xf6,
    0xcf, 0xff, 0xff, 0x60, 0xc, 0xf6, 0x1, 0xff,
    0x10, 0x0, 0xc, 0xf6, 0x1, 0xff, 0x10, 0x0,
    0xc, 0xf6, 0x1, 0xff, 0x10, 0x0, 0xd, 0xf5,
    0x1, 0xff, 0x10, 0x0, 0x1f, 0xf3, 0x1, 0xff,
    0x10, 0x2, 0xcf, 0xd0, 0x1, 0xff, 0xee, 0xef,
    0xfe, 0x20, 0x1, 0xff, 0xff, 0xfd, 0x91, 0x0,

    /* U+00D1 "Ñ" */
    0x0, 0x0, 0x0, 0x0, 0x10, 0x0, 0x7, 0xff,
    0xc4, 0x7f, 0x20, 0x0, 0xe9, 0xa, 0xff, 0xc0,
    0x0, 0x4, 0x20, 0x2, 0x30, 0x0, 0x0, 0x0,
    0x0, 0x0, 0x0, 0x1, 0xff, 0xd0, 0x0, 0xb,
    0xf5, 0x1f, 0xff, 0x30, 0x0, 0xbf, 0x51, 0xff,
    0xf9, 0x0, 0xb, 0xf5, 0x1f, 0xde, 0xe0, 0x0,
    0xbf, 0x51, 0xfd, 0x9f, 0x40, 0xb, 0xf5, 0x1f,
    0xe3, 0xfa, 0x0, 0xbf, 0x51, 0xfe, 0xd, 0xf0,
    0xb, 0xf5, 0x1f, 0xe0, 0x8f, 0x50, 0xbf, 0x51,
    0xff, 0x2, 0xfb, 0xb, 0xf5, 0x1f, 0xf0, 0xc,
    0xf1, 0xbf, 0x51, 0xff, 0x0, 0x7f, 0x6b, 0xf5,
    0x1f, 0xf0, 0x1, 0xfc, 0xaf, 0x51, 0xff, 0x0,
    0xc, 0xfb, 0xf5, 0x1f, 0xf0, 0x0, 0x6f, 0xff,
    0x51, 0xff, 0x0, 0x1, 0xff, 0xf5, 0x1f, 0xf0,
    0x0, 0xb, 0xff, 0x50,

    /* U+00D2 "Ò" */
    0x0, 0x48, 0x60, 0x0, 0x0, 0x0, 0x1, 0xdf,
    0x70, 0x0, 0x0, 0x0, 0x2, 0xef, 0x40, 0x0,
    0x0, 0x0, 0x3, 0x86, 0x0, 0x0, 0x0, 0x0,
    0x0, 0x0, 0x0, 0x0, 0x1, 0x9e, 0xfe, 0xb3,
    0x0, 0x2, 0xef, 0xfe, 0xff, 0xf5, 0x0, 0xbf,
    0xc1, 0x0, 0xaf, 0xe0, 0xf, 0xf3, 0x0, 0x0,
    0xff, 0x32, 0xff, 0x0, 0x0, 0xd, 0xf5, 0x2f,
    0xf0, 0x0, 0x0, 0xdf, 0x52, 0xff, 0x0, 0x0,
    0xd, 0xf5, 0x2f, 0xf0, 0x0, 0x0, 0xdf, 0x52,
    0xff, 0x0, 0x0, 0xd, 0xf5, 0x2f, 0xf0, 0x0,
    0x0, 0xdf, 0x52, 0xff, 0x0, 0x0, 0xd, 0xf5,
    0x2f, 0xf0, 0x0, 0x0, 0xdf, 0x50, 0xff, 0x30,
    0x0, 0xf, 0xf3, 0xb, 0xfc, 0x10, 0xa, 0xfe,
    0x0, 0x2e, 0xff, 0xef, 0xff, 0x40, 0x0, 0x19,
    0xef, 0xeb, 0x30, 0x0,

    /* U+00D3 "Ó" */
    0x0, 0x0, 0x0, 0x58, 0x50, 0x0, 0x0, 0x0,
    0x3f, 0xe2, 0x0, 0x0, 0x0, 0x1e, 0xf4, 0x0,
    0x0, 0x0, 0x4, 0x85, 0x0, 0x0, 0x0, 0x0,
    0x0, 0x0, 0x0, 0x0, 0x1, 0x9e, 0xfe, 0xb3,
    0x0, 0x2, 0xef, 0xfe, 0xff, 0xf5, 0x0, 0xbf,
    0xc1, 0x0, 0xaf, 0xe0, 0xf, 0xf3, 0x0, 0x0,
    0xff, 0x32, 0xff, 0x0, 0x0, 0xd, 0xf5, 0x2f,
    0xf0, 0x0, 0x0, 0xdf, 0x52, 0xff, 0x0, 0x0,
    0xd, 0xf5, 0x2f, 0xf0, 0x0, 0x0, 0xdf, 0x52,
    0xff, 0x0, 0x0, 0xd, 0xf5, 0x2f, 0xf0, 0x0,
    0x0, 0xdf, 0x52, 0xff, 0x0, 0x0, 0xd, 0xf5,
    0x2f, 0xf0, 0x0, 0x0, 0xdf, 0x50, 0xff, 0x30,
    0x0, 0xf, 0xf3, 0xb, 0xfc, 0x10, 0xa, 0xfe,
    0x0, 0x2e, 0xff, 0xef, 0xff, 0x40, 0x0, 0x19,
    0xef, 0xeb, 0x30, 0x0,

    /* U+00D4 "Ô" */
    0x0, 0x0, 0x58, 0x60, 0x0, 0x0, 0x0, 0x6f,
    0xff, 0x90, 0x0, 0x0, 0x7f, 0xd1, 0xaf, 0xa0,
    0x0, 0x17, 0x71, 0x0, 0x78, 0x30, 0x0, 0x0,
    0x0, 0x0, 0x0, 0x0, 0x1, 0x9e, 0xfe, 0xb3,
    0x0, 0x2, 0xef, 0xfe, 0xff, 0xf5, 0x0, 0xbf,
    0xc1, 0x0, 0xaf, 0xe0, 0xf, 0xf3, 0x0, 0x0,
    0xff, 0x32, 0xff, 0x0, 0x0, 0xd, 0xf5, 0x2f,
    0xf0, 0x0, 0x0, 0xdf, 0x52, 0xff, 0x0, 0x0,
    0xd, 0xf5, 0x2f, 0xf0, 0x0, 0x0, 0xdf, 0x52,
    0xff, 0x0, 0x0, 0xd, 0xf5, 0x2f, 0xf0, 0x0,
    0x0, 0xdf, 0x52, 0xff, 0x0, 0x0, 0xd, 0xf5,
    0x2f, 0xf0, 0x0, 0x0, 0xdf, 0x50, 0xff, 0x30,
    0x0, 0xf, 0xf3, 0xb, 0xfc, 0x10, 0xa, 0xfe,
    0x0, 0x2e, 0xff, 0xef, 0xff, 0x40, 0x0, 0x19,
    0xef, 0xeb, 0x30, 0x0,

    /* U+00D5 "Õ" */
    0x0, 0x0, 0x0, 0x0, 0x10, 0x0, 0x7, 0xff,
    0xc4, 0x7f, 0x20, 0x0, 0xe9, 0xa, 0xff, 0xc0,
    0x0, 0x4, 0x20, 0x2, 0x30, 0x0, 0x0, 0x0,
    0x0, 0x0, 0x0, 0x0, 0x1, 0x9e, 0xfe, 0xb3,
    0x0, 0x2, 0xef, 0xfe, 0xff, 0xf5, 0x0, 0xbf,
    0xc1, 0x0, 0xaf, 0xe0, 0xf, 0xf3, 0x0, 0x0,
    0xff, 0x32, 0xff, 0x0, 0x0, 0xd, 0xf5, 0x2f,
    0xf0, 0x0, 0x0, 0xdf, 0x52, 0xff, 0x0, 0x0,
    0xd, 0xf5, 0x2f, 0xf0, 0x0, 0x0, 0xdf, 0x52,
    0xff, 0x0, 0x0, 0xd, 0xf5, 0x2f, 0xf0, 0x0,
    0x0, 0xdf, 0x52, 0xff, 0x0, 0x0, 0xd, 0xf5,
    0x2f, 0xf0, 0x0, 0x0, 0xdf, 0x50, 0xff, 0x30,
    0x0, 0xf, 0xf3, 0xb, 0xfc, 0x10, 0xa, 0xfe,
    0x0, 0x2e, 0xff, 0xef, 0xff, 0x40, 0x0, 0x19,
    0xef, 0xeb, 0x30, 0x0,

    /* U+00D6 "Ö" */
    0x0, 0xac, 0x20, 0x1b, 0xc2, 0x0, 0x4f, 0xf8,
    0x5, 0xff, 0x70, 0x1, 0xde, 0x40, 0x1d, 0xe3,
    0x0, 0x0, 0x0, 0x0, 0x0, 0x0, 0x0, 0x0,
    0x0, 0x0, 0x0, 0x0, 0x1, 0x9e, 0xfe, 0xb3,
    0x0, 0x2, 0xef, 0xfe, 0xff, 0xf5, 0x0, 0xbf,
    0xc1, 0x0, 0xaf, 0xe0, 0xf, 0xf3, 0x0, 0x0,
    0xff, 0x32, 0xff, 0x0, 0x0, 0xd, 0xf5, 0x2f,
    0xf0, 0x0, 0x0, 0xdf, 0x52, 0xff, 0x0, 0x0,
    0xd, 0xf5, 0x2f, 0xf0, 0x0, 0x0, 0xdf, 0x52,
    0xff, 0x0, 0x0, 0xd, 0xf5, 0x2f, 0xf0, 0x0,
    0x0, 0xdf, 0x52, 0xff, 0x0, 0x0, 0xd, 0xf5,
    0x2f, 0xf0, 0x0, 0x0, 0xdf, 0x50, 0xff, 0x30,
    0x0, 0xf, 0xf3, 0xb, 0xfc, 0x10, 0xa, 0xfe,
    0x0, 0x2e, 0xff, 0xef, 0xff, 0x40, 0x0, 0x19,
    0xef, 0xeb, 0x30, 0x0,

    /* U+00D7 "×" */
    0x1, 0x0, 0x0, 0x1, 0x4, 0xf5, 0x0, 0x3,
    0xf8, 0x4f, 0xf5, 0x4, 0xff, 0x60, 0x4f, 0xf8,
    0xff, 0x50, 0x0, 0x4f, 0xff, 0x50, 0x0, 0x4,
    0xff, 0xf6, 0x0, 0x5, 0xff, 0x7f, 0xf7, 0x5,
    0xff, 0x40, 0x3e, 0xf7, 0x3e, 0x40, 0x0, 0x3e,
    0x50, 0x0, 0x0, 0x0, 0x0,

    /* U+00D8 "Ø" */
    0x0, 0x2, 0x9e, 0xfd, 0xa3, 0xcf, 0x30, 0x2,
    0xff, 0xfe, 0xff, 0xff, 0x80, 0x0, 0xcf, 0xc1,
    0x0, 0xaf, 0xf1, 0x0, 0xf, 0xf2, 0x0, 0xa,
    0xff, 0x30, 0x2, 0xff, 0x0, 0x3, 0xff, 0xf5,
    0x0, 0x2f, 0xf0, 0x0, 0xcf, 0xef, 0x50, 0x2,
    0xff, 0x0, 0x6f, 0x9c, 0xf5, 0x0, 0x2f, 0xf0,
    0xe, 0xe1, 0xcf, 0x50, 0x2, 0xff, 0x8, 0xf6,
    0xc, 0xf5, 0x0, 0x2f, 0xf2, 0xfd, 0x0, 0xcf,
    0x50, 0x2, 0xff, 0xbf, 0x30, 0xc, 0xf5, 0x0,
    0x2f, 0xff, 0xa0, 0x0, 0xdf, 0x50, 0x0, 0xff,
    0xf1, 0x0, 0xf, 0xf3, 0x0, 0xc, 0xfd, 0x20,
    0x9, 0xfe, 0x0, 0x1, 0xff, 0xff, 0xef, 0xff,
    0x50, 0x0, 0xaf, 0x69, 0xdf, 0xeb, 0x30, 0x0,
    0x17, 0x60, 0x0, 0x0, 0x0, 0x0, 0x0,

    /* U+00D9 "Ù" */
    0x0, 0x48, 0x60, 0x0, 0x0, 0x0, 0x1, 0xdf,
    0x70, 0x0, 0x0, 0x0, 0x2, 0xef, 0x40, 0x0,
    0x0, 0x0, 0x3, 0x86, 0x0, 0x0, 0x0, 0x0,
    0x0, 0x0, 0x0, 0x1, 0xff, 0x10, 0x0, 0xd,
    0xf5, 0x1f, 0xf1, 0x0, 0x0, 0xdf, 0x51, 0xff,
    0x10, 0x0, 0xd, 0xf5, 0x1f, 0xf1, 0x0, 0x0,
    0xdf, 0x51, 0xff, 0x10, 0x0, 0xd, 0xf5, 0x1f,
    0xf1, 0x0, 0x0, 0xdf, 0x51, 0xff, 0x10, 0x0,
    0xd, 0xf5, 0x1f, 0xf1, 0x0, 0x0, 0xdf, 0x51,
    0xff, 0x10, 0x0, 0xd, 0xf5, 0x1f, 0xf1, 0x0,
    0x0, 0xdf, 0x51, 0xff, 0x10, 0x0, 0xd, 0xf5,
    0x1f, 0xf1, 0x0, 0x0, 0xdf, 0x50, 0xff, 0x40,
    0x0, 0x1f, 0xf3, 0xb, 0xfc, 0x20, 0x1a, 0xfe,
    0x0, 0x2e, 0xff, 0xef, 0xff, 0x50, 0x0, 0x2a,
    0xef, 0xeb, 0x30, 0x0,

    /* U+00DA "Ú" */
    0x0, 0x0, 0x0, 0x58, 0x50, 0x0, 0x0, 0x0,
    0x3f, 0xe2, 0x0, 0x0, 0x0, 0x1e, 0xf4, 0x0,
    0x0, 0x0, 0x4, 0x85, 0x0, 0x0, 0x0, 0x0,
    0x0, 0x0, 0x0, 0x1, 0xff, 0x10, 0x0, 0xd,
    0xf5, 0x1f, 0xf1, 0x0, 0x0, 0xdf, 0x51, 0xff,
    0x10, 0x0, 0xd, 0xf5, 0x1f, 0xf1, 0x0, 0x0,
    0xdf, 0x51, 0xff, 0x10, 0x0, 0xd, 0xf5, 0x1f,
    0xf1, 0x0, 0x0, 0xdf, 0x51, 0xff, 0x10, 0x0,
    0xd, 0xf5, 0x1f, 0xf1, 0x0, 0x0, 0xdf, 0x51,
    0xff, 0x10, 0x0, 0xd, 0xf5, 0x1f, 0xf1, 0x0,
    0x0, 0xdf, 0x51, 0xff, 0x10, 0x0, 0xd, 0xf5,
    0x1f, 0xf1, 0x0, 0x0, 0xdf, 0x50, 0xff, 0x40,
    0x0, 0x1f, 0xf3, 0xb, 0xfc, 0x20, 0x1a, 0xfe,
    0x0, 0x2e, 0xff, 0xef, 0xff, 0x50, 0x0, 0x2a,
    0xef, 0xeb, 0x30, 0x0,

    /* U+00DB "Û" */
    0x0, 0x0, 0x58, 0x60, 0x0, 0x0, 0x0, 0x6f,
    0xff, 0x90, 0x0, 0x0, 0x7f, 0xd1, 0xaf, 0xa0,
    0x0, 0x17, 0x71, 0x0, 0x78, 0x30, 0x0, 0x0,
    0x0, 0x0, 0x0, 0x1, 0xff, 0x10, 0x0, 0xd,
    0xf5, 0x1f, 0xf1, 0x0, 0x0, 0xdf, 0x51, 0xff,
    0x10, 0x0, 0xd, 0xf5, 0x1f, 0xf1, 0x0, 0x0,
    0xdf, 0x51, 0xff, 0x10, 0x0, 0xd, 0xf5, 0x1f,
    0xf1, 0x0, 0x0, 0xdf, 0x51, 0xff, 0x10, 0x0,
    0xd, 0xf5, 0x1f, 0xf1, 0x0, 0x0, 0xdf, 0x51,
    0xff, 0x10, 0x0, 0xd, 0xf5, 0x1f, 0xf1, 0x0,
    0x0, 0xdf, 0x51, 0xff, 0x10, 0x0, 0xd, 0xf5,
    0x1f, 0xf1, 0x0, 0x0, 0xdf, 0x50, 0xff, 0x40,
    0x0, 0x1f, 0xf3, 0xb, 0xfc, 0x20, 0x1a, 0xfe,
    0x0, 0x2e, 0xff, 0xef, 0xff, 0x50, 0x0, 0x2a,
    0xef, 0xeb, 0x30, 0x0,

    /* U+00DC "Ü" */
    0x0, 0xac, 0x20, 0x1b, 0xc2, 0x0, 0x4f, 0xf8,
    0x5, 0xff, 0x70, 0x1, 0xde, 0x40, 0x1d, 0xe3,
    0x0, 0x0, 0x0, 0x0, 0x0, 0x0, 0x0, 0x0,
    0x0, 0x0, 0x0, 0x1, 0xff, 0x10, 0x0, 0xd,
    0xf5, 0x1f, 0xf1, 0x0, 0x0, 0xdf, 0x51, 0xff,
    0x10, 0x0, 0xd, 0xf5, 0x1f, 0xf1, 0x0, 0x0,
    0xdf, 0x51, 0xff, 0x10, 0x0, 0xd, 0xf5, 0x1f,
    0xf1, 0x0, 0x0, 0xdf, 0x51, 0xff, 0x10, 0x0,
    0xd, 0xf5, 0x1f, 0xf1, 0x0, 0x0, 0xdf, 0x51,
    0xff, 0x10, 0x0, 0xd, 0xf5, 0x1f, 0xf1, 0x0,
    0x0, 0xdf, 0x51, 0xff, 0x10, 0x0, 0xd, 0xf5,
    0x1f, 0xf1, 0x0, 0x0, 0xdf, 0x50, 0xff, 0x40,
    0x0, 0x1f, 0xf3, 0xb, 0xfc, 0x20, 0x1a, 0xfe,
    0x0, 0x2e, 0xff, 0xef, 0xff, 0x50, 0x0, 0x2a,
    0xef, 0xeb, 0x30, 0x0,

    /* U+00DD "Ý" */
    0x0, 0x0, 0x0, 0x5, 0x85, 0x0, 0x0, 0x0,
    0x0, 0x3, 0xfe, 0x20, 0x0, 0x0, 0x0, 0x1,
    0xef, 0x40, 0x0, 0x0, 0x0, 0x0, 0x48, 0x50,
    0x0, 0x0, 0x0, 0x0, 0x0, 0x0, 0x0, 0x0,
    0x1, 0xff, 0x30, 0x0, 0x0, 0xe, 0xf4, 0x9,
    0xfb, 0x0, 0x0, 0x7, 0xfc, 0x0, 0x1f, 0xf3,
    0x0, 0x0, 0xef, 0x40, 0x0, 0xaf, 0xa0, 0x0,
    0x6f, 0xd0, 0x0, 0x2, 0xff, 0x20, 0xd, 0xf5,
    0x0, 0x0, 0xa, 0xf9, 0x5, 0xfd, 0x0, 0x0,
    0x0, 0x3f, 0xf1, 0xcf, 0x60, 0x0, 0x0, 0x0,
    0xbf, 0xaf, 0xe0, 0x0, 0x0, 0x0, 0x3, 0xff,
    0xf7, 0x0, 0x0, 0x0, 0x0, 0xc, 0xfe, 0x0,
    0x0, 0x0, 0x0, 0x0, 0x7f, 0xb0, 0x0, 0x0,
    0x0, 0x0, 0x7, 0xfb, 0x0, 0x0, 0x0, 0x0,
    0x0, 0x7f, 0xb0, 0x0, 0x0, 0x0, 0x0, 0x7,
    0xfb, 0x0, 0x0, 0x0, 0x0, 0x0, 0x7f, 0xb0,
    0x0, 0x0, 0x0, 0x0, 0x7, 0xfb, 0x0, 0x0,
    0x0,

    /* U+00DE "Þ" */
    0x1f, 0xf1, 0x0, 0x0, 0x0, 0x0, 0x1f, 0xf1,
    0x0, 0x0, 0x0, 0x0, 0x1f, 0xf1, 0x0, 0x0,
    0x0, 0x0, 0x1f, 0xfd, 0xdd, 0xdb, 0x60, 0x0,
    0x1f, 0xff, 0xff, 0xff, 0xfd, 0x10, 0x1f, 0xf1,
    0x0, 0x4, 0xef, 0xa0, 0x1f, 0xf1, 0x0, 0x0,
    0x5f, 0xf0, 0x1f, 0xf1, 0x0, 0x0, 0x1f, 0xf2,
    0x1f, 0xf1, 0x0, 0x0, 0x4f, 0xf1, 0x1f, 0xf1,
    0x0, 0x2, 0xdf, 0xc0, 0x1f, 0xfe, 0xee, 0xef,
    0xff, 0x20, 0x1f, 0xff, 0xff, 0xfe, 0x92, 0x0,
    0x1f, 0xf1, 0x0, 0x0, 0x0, 0x0, 0x1f, 0xf1,
    0x0, 0x0, 0x0, 0x0, 0x1f, 0xf1, 0x0, 0x0,
    0x0, 0x0, 0x1f, 0xf1, 0x0, 0x0, 0x0, 0x0,

    /* U+00DF "ß" */
    0x0, 0x8, 0xdf, 0xeb, 0x30, 0x0, 0x1d, 0xff,
    0xef, 0xff, 0x60, 0x9, 0xfd, 0x20, 0xa, 0xff,
    0x10, 0xff, 0x40, 0x0, 0xf, 0xf4, 0x1f, 0xf1,
    0x0, 0x0, 0xdf, 0x51, 0xff, 0x10, 0x0, 0x1f,
    0xf1, 0x1f, 0xf1, 0x0, 0x2b, 0xf8, 0x1, 0xff,
    0x14, 0xff, 0xf6, 0x0, 0x1f, 0xf1, 0x3d, 0xef,
    0xf6, 0x1, 0xff, 0x10, 0x0, 0x4f, 0xf4, 0x1f,
    0xf1, 0x0, 0x0, 0x8f, 0xb1, 0xff, 0x10, 0x0,
    0x6, 0xfd, 0x1f, 0xf1, 0x0, 0x0, 0x9f, 0xc1,
    0xff, 0x10, 0x0, 0x7f, 0xf6, 0x1f, 0xf1, 0x4e,
    0xff, 0xfb, 0x1, 0xff, 0x14, 0xff, 0xc6, 0x0,

    /* U+00E0 "à" */
    0x0, 0x4f, 0xf3, 0x0, 0x0, 0x0, 0x0, 0x6f,
    0xe1, 0x0, 0x0, 0x0, 0x0, 0x8f, 0xb0, 0x0,
    0x0, 0x0, 0x0, 0x0, 0x0, 0x0, 0x0, 0x0,
    0x0, 0x0, 0x0, 0x0, 0x3, 0xad, 0xfe, 0xb5,
    0x0, 0x5, 0xff, 0xed, 0xef, 0xf7, 0x0, 0xef,
    0x70, 0x0, 0x6f, 0xf0, 0x1, 0x10, 0x0, 0x0,
    0xff, 0x30, 0x2, 0x78, 0x99, 0x9f, 0xf4, 0x6,
    0xff, 0xff, 0xff, 0xff, 0x42, 0xff, 0x60, 0x0,
    0xe, 0xf4, 0x7f, 0xb0, 0x0, 0x0, 0xef, 0x48,
    0xfb, 0x0, 0x0, 0x1f, 0xf4, 0x5f, 0xf4, 0x0,
    0x1b, 0xff, 0x40, 0xdf, 0xfd, 0xdf, 0xbe, 0xf4,
    0x1, 0x9e, 0xfe, 0x80, 0xef, 0x40,

    /* U+00E1 "á" */
    0x0, 0x0, 0x0, 0xbf, 0x90, 0x0, 0x0, 0x0,
    0x8f, 0xc0, 0x0, 0x0, 0x0, 0x4f, 0xe1, 0x0,
    0x0, 0x0, 0x0, 0x0, 0x0, 0x0, 0x0, 0x0,
    0x0, 0x0, 0x0, 0x0, 0x3, 0xad, 0xfe, 0xb5,
    0x0, 0x5, 0xff, 0xed, 0xef, 0xf7, 0x0, 0xef,
    0x70, 0x0, 0x6f, 0xf0, 0x1, 0x10, 0x0, 0x0,
    0xff, 0x30, 0x2, 0x78, 0x99, 0x9f, 0xf4, 0x6,
    0xff, 0xff, 0xff, 0xff, 0x42, 0xff, 0x60, 0x0,
    0xe, 0xf4, 0x7f, 0xb0, 0x0, 0x0, 0xef, 0x48,
    0xfb, 0x0, 0x0, 0x1f, 0xf4, 0x5f, 0xf4, 0x0,
    0x1b, 0xff, 0x40, 0xdf, 0xfd, 0xdf, 0xbe, 0xf4,
    0x1, 0x9e, 0xfe, 0x80, 0xef, 0x40,

    /* U+00E2 "â" */
    0x0, 0x0, 0xcf, 0xf4, 0x0, 0x0, 0x0, 0xcf,
    0xae, 0xf4, 0x0, 0x1, 0xcf, 0x80, 0x2e, 0xf4,
    0x0, 0x0, 0x0, 0x0, 0x0, 0x0, 0x0, 0x0,
    0x0, 0x0, 0x0, 0x0, 0x3, 0xad, 0xfe, 0xb5,
    0x0, 0x5, 0xff, 0xed, 0xef, 0xf7, 0x0, 0xef,
    0x70, 0x0, 0x6f, 0xf0, 0x1, 0x10, 0x0, 0x0,
    0xff, 0x30, 0x2, 0x78, 0x99, 0x9f, 0xf4, 0x6,
    0xff, 0xff, 0xff, 0xff, 0x42, 0xff, 0x60, 0x0,
    0xe, 0xf4, 0x7f, 0xb0, 0x0, 0x0, 0xef, 0x48,
    0xfb, 0x0, 0x0, 0x1f, 0xf4, 0x5f, 0xf4, 0x0,
    0x1b, 0xff, 0x40, 0xdf, 0xfd, 0xdf, 0xbe, 0xf4,
    0x1, 0x9e, 0xfe, 0x80, 0xef, 0x40,

    /* U+00E3 "ã" */
    0x0, 0x0, 0x0, 0x0, 0x10, 0x0, 0x5, 0xff,
    0xc3, 0x4f, 0x40, 0x0, 0xdb, 0x1b, 0xff, 0xe1,
    0x0, 0x5, 0x40, 0x4, 0x51, 0x0, 0x0, 0x0,
    0x0, 0x0, 0x0, 0x0, 0x0, 0x0, 0x0, 0x0,
    0x0, 0x0, 0x3a, 0xdf, 0xeb, 0x50, 0x0, 0x5f,
    0xfe, 0xde, 0xff, 0x70, 0xe, 0xf7, 0x0, 0x6,
    0xff, 0x0, 0x11, 0x0, 0x0, 0xf, 0xf3, 0x0,
    0x27, 0x89, 0x99, 0xff, 0x40, 0x6f, 0xff, 0xff,
    0xff, 0xf4, 0x2f, 0xf6, 0x0, 0x0, 0xef, 0x47,
    0xfb, 0x0, 0x0, 0xe, 0xf4, 0x8f, 0xb0, 0x0,
    0x1, 0xff, 0x45, 0xff, 0x40, 0x1, 0xbf, 0xf4,
    0xd, 0xff, 0xdd, 0xfb, 0xef, 0x40, 0x19, 0xef,
    0xe8, 0xe, 0xf4,

    /* U+00E4 "ä" */
    0x0, 0xcf, 0x50, 0xc, 0xe4, 0x0, 0x3f, 0xfa,
    0x3, 0xff, 0x90, 0x0, 0x9c, 0x30, 0xa, 0xc3,
    0x0, 0x0, 0x0, 0x0, 0x0, 0x0, 0x0, 0x0,
    0x0, 0x0, 0x0, 0x0, 0x3, 0xad, 0xfe, 0xb5,
    0x0, 0x5, 0xff, 0xed, 0xef, 0xf7, 0x0, 0xef,
    0x70, 0x0, 0x6f, 0xf0, 0x1, 0x10, 0x0, 0x0,
    0xff, 0x30, 0x2, 0x78, 0x99, 0x9f, 0xf4, 0x6,
    0xff, 0xff, 0xff, 0xff, 0x42, 0xff, 0x60, 0x0,
    0xe, 0xf4, 0x7f, 0xb0, 0x0, 0x0, 0xef, 0x48,
    0xfb, 0x0, 0x0, 0x1f, 0xf4, 0x5f, 0xf4, 0x0,
    0x1b, 0xff, 0x40, 0xdf, 0xfd, 0xdf, 0xbe, 0xf4,
    0x1, 0x9e, 0xfe, 0x80, 0xef, 0x40,

    /* U+00E5 "å" */
    0x0, 0x1, 0xbe, 0xd5, 0x0, 0x0, 0x0, 0xbd,
    0x38, 0xf2, 0x0, 0x0, 0xf, 0x60, 0xf, 0x50,
    0x0, 0x0, 0xcb, 0x5, 0xf3, 0x0, 0x0, 0x3,
    0xef, 0xf8, 0x0, 0x0, 0x0, 0x0, 0x20, 0x0,
    0x0, 0x0, 0x3a, 0xdf, 0xeb, 0x50, 0x0, 0x5f,
    0xfe, 0xde, 0xff, 0x70, 0xe, 0xf7, 0x0, 0x6,
    0xff, 0x0, 0x11, 0x0, 0x0, 0xf, 0xf3, 0x0,
    0x27, 0x89, 0x99, 0xff, 0x40, 0x6f, 0xff, 0xff,
    0xff, 0xf4, 0x2f, 0xf6, 0x0, 0x0, 0xef, 0x47,
    0xfb, 0x0, 0x0, 0xe, 0xf4, 0x8f, 0xb0, 0x0,
    0x1, 0xff, 0x45, 0xff, 0x40, 0x1, 0xbf, 0xf4,
    0xd, 0xff, 0xdd, 0xfb, 0xef, 0x40, 0x19, 0xef,
    0xe8, 0xe, 0xf4,

    /* U+00E6 "æ" */
    0x0, 0x9e, 0xe9, 0x6, 0xef, 0xb2, 0x0, 0x9f,
    0xeb, 0xfb, 0xfd, 0xcf, 0xd0, 0xe, 0xf1, 0x7,
    0xfd, 0x0, 0xbf, 0x40, 0x22, 0x0, 0x4f, 0x90,
    0x8, 0xf7, 0x0, 0x0, 0x4, 0xf9, 0x0, 0x8f,
    0x70, 0x19, 0xef, 0xff, 0xff, 0xff, 0xf7, 0xb,
    0xfb, 0x8a, 0xfc, 0x88, 0x88, 0x32, 0xfd, 0x0,
    0x4f, 0x90, 0x0, 0x0, 0x4f, 0xa0, 0x4, 0xf9,
    0x0, 0x12, 0x2, 0xfe, 0x0, 0x8f, 0xc0, 0xa,
    0xf5, 0xb, 0xfd, 0xbf, 0xaf, 0xdc, 0xfe, 0x10,
    0x1a, 0xee, 0x90, 0x5d, 0xfb, 0x20,

    /* U+00E7 "ç" */
    0x0, 0x19, 0xdf, 0xfc, 0x50, 0x0, 0x2e, 0xff,
    0xef, 0xff, 0x90, 0xb, 0xfd, 0x20, 0x6, 0xff,
    0x30, 0xff, 0x30, 0x0, 0xb, 0xf8, 0x1f, 0xf1,
    0x0, 0x0, 0x0, 0x2, 0xff, 0x0, 0x0, 0x0,
    0x0, 0x2f, 0xf0, 0x0, 0x0, 0x0, 0x1, 0xff,
    0x10, 0x0, 0x0, 0x10, 0xf, 0xf3, 0x0, 0x0,
    0xbf, 0x80, 0xbf, 0xd2, 0x0, 0x6f, 0xf3, 0x2,
    0xef, 0xff, 0xff, 0xf9, 0x0, 0x1, 0x8e, 0xff,
    0xc5, 0x0, 0x0, 0x0, 0xdb, 0x20, 0x0, 0x0,
    0x0, 0x5, 0x8f, 0xa0, 0x0, 0x0, 0x0, 0x2,
    0xef, 0x20, 0x0, 0x0, 0x7f, 0xff, 0x90, 0x0,
    0x0, 0x1, 0x33, 0x10, 0x0, 0x0,

    /* U+00E8 "è" */
    0x0, 0x5f, 0xe2, 0x0, 0x0, 0x0, 0x0, 0x7f,
    0xc0, 0x0, 0x0, 0x0, 0x0, 0xaf, 0xa0, 0x0,
    0x0, 0x0, 0x0, 0x0, 0x0, 0x0, 0x0, 0x0,
    0x0, 0x0, 0x0, 0x0, 0x2, 0x9e, 0xfe, 0xa3,
    0x0, 0x2, 0xef, 0xeb, 0xdf, 0xf5, 0x0, 0xcf,
    0x90, 0x0, 0x7f, 0xe0, 0x1f, 0xf0, 0x0, 0x0,
    0xdf, 0x43, 0xfe, 0x0, 0x0, 0xb, 0xf6, 0x3f,
    0xff, 0xff, 0xff, 0xff, 0x73, 0xff, 0x99, 0x99,
    0x99, 0x93, 0x3f, 0xe0, 0x0, 0x0, 0x0, 0x1,
    0xff, 0x10, 0x0, 0x3, 0x31, 0xc, 0xfa, 0x0,
    0x5, 0xff, 0x10, 0x2e, 0xff, 0xde, 0xff, 0x80,
    0x0, 0x29, 0xef, 0xeb, 0x40, 0x0,

    /* U+00E9 "é" */
    0x0, 0x0, 0x0, 0xcf, 0x70, 0x0, 0x0, 0x0,
    0x9f, 0xa0, 0x0, 0x0, 0x0, 0x6f, 0xc0, 0x0,
    0x0, 0x0, 0x0, 0x0, 0x0, 0x0, 0x0, 0x0,
    0x0, 0x0, 0x0, 0x0, 0x2, 0x9e, 0xfe, 0xa3,
    0x0, 0x2, 0xef, 0xeb, 0xdf, 0xf5, 0x0, 0xcf,
    0x90, 0x0, 0x7f, 0xe0, 0x1f, 0xf0, 0x0, 0x0,
    0xdf, 0x43, 0xfe, 0x0, 0x0, 0xb, 0xf6, 0x3f,
    0xff, 0xff, 0xff, 0xff, 0x73, 0xff, 0x99, 0x99,
    0x99, 0x93, 0x3f, 0xe0, 0x0, 0x0, 0x0, 0x1,
    0xff, 0x10, 0x0, 0x3, 0x31, 0xc, 0xfa, 0x0,
    0x5, 0xff, 0x10, 0x2e, 0xff, 0xde, 0xff, 0x80,
    0x0, 0x29, 0xef, 0xeb, 0x40, 0x0,

    /* U+00EA "ê" */
    0x0, 0x1, 0xdf, 0xe2, 0x0, 0x0, 0x1, 0xdf,
    0x9f, 0xe3, 0x0, 0x1, 0xdf, 0x60, 0x3f, 0xf3,
    0x0, 0x0, 0x0, 0x0, 0x0, 0x0, 0x0, 0x0,
    0x0, 0x0, 0x0, 0x0, 0x2, 0x9e, 0xfe, 0xa3,
    0x0, 0x2, 0xef, 0xeb, 0xdf, 0xf5, 0x0, 0xcf,
    0x90, 0x0, 0x7f, 0xe0, 0x1f, 0xf0, 0x0, 0x0,
    0xdf, 0x43, 0xfe, 0x0, 0x0, 0xb, 0xf6, 0x3f,
    0xff, 0xff, 0xff, 0xff, 0x73, 0xff, 0x99, 0x99,
    0x99, 0x93, 0x3f, 0xe0, 0x0, 0x0, 0x0, 0x1,
    0xff, 0x10, 0x0, 0x3, 0x31, 0xc, 0xfa, 0x0,
    0x5, 0xff, 0x10, 0x2e, 0xff, 0xde, 0xff, 0x80,
    0x0, 0x29, 0xef, 0xeb, 0x40, 0x0,

    /* U+00EB "ë" */
    0x1, 0xde, 0x30, 0x1d, 0xe3, 0x0, 0x4f, 0xf8,
    0x5, 0xff, 0x70, 0x0, 0xab, 0x20, 0x1b, 0xb2,
    0x0, 0x0, 0x0, 0x0, 0x0, 0x0, 0x0, 0x0,
    0x0, 0x0, 0x0, 0x0, 0x2, 0x9e, 0xfe, 0xa3,
    0x0, 0x2, 0xef, 0xeb, 0xdf, 0xf5, 0x0, 0xcf,
    0x90, 0x0, 0x7f, 0xe0, 0x1f, 0xf0, 0x0, 0x0,
    0xdf, 0x43, 0xfe, 0x0, 0x0, 0xb, 0xf6, 0x3f,
    0xff, 0xff, 0xff, 0xff, 0x73, 0xff, 0x99, 0x99,
    0x99, 0x93, 0x3f, 0xe0, 0x0, 0x0, 0x0, 0x1,
    0xff, 0x10, 0x0, 0x3, 0x31, 0xc, 0xfa, 0x0,
    0x5, 0xff, 0x10, 0x2e, 0xff, 0xde, 0xff, 0x80,
    0x0, 0x29, 0xef, 0xeb, 0x40, 0x0,

    /* U+00EC "ì" */
    0x0, 0x1e, 0xf6, 0x0, 0x0, 0x0, 0x0, 0x2,
    0xff, 0x30, 0x0, 0x0, 0x0, 0x0, 0x4f, 0xe1,
    0x0, 0x0, 0x0, 0x0, 0x0, 0x0, 0x0, 0x0,
    0x0, 0x0, 0x0, 0x0, 0x0, 0x0, 0xb, 0xff,
    0xff, 0xf4, 0x0, 0x0, 0xb, 0xff, 0xff, 0xf4,
    0x0, 0x0, 0x0, 0x0, 0xe, 0xf4, 0x0, 0x0,
    0x0, 0x0, 0xe, 0xf4, 0x0, 0x0, 0x0, 0x0,
    0xe, 0xf4, 0x0, 0x0, 0x0, 0x0, 0xe, 0xf4,
    0x0, 0x0, 0x0, 0x0, 0xe, 0xf4, 0x0, 0x0,
    0x0, 0x0, 0xe, 0xf4, 0x0, 0x0, 0x0, 0x0,
    0xe, 0xf4, 0x0, 0x0, 0x0, 0x0, 0xe, 0xf4,
    0x0, 0x0, 0x2f, 0xff, 0xff, 0xff, 0xff, 0xf3,
    0x2f, 0xff, 0xff, 0xff, 0xff, 0xf3,

    /* U+00ED "í" */
    0x0, 0x0, 0x0, 0x7f, 0xc0, 0x0, 0x0, 0x0,
    0x4, 0xfe, 0x10, 0x0, 0x0, 0x0, 0x1e, 0xf3,
    0x0, 0x0, 0x0, 0x0, 0x0, 0x0, 0x0, 0x0,
    0x0, 0x0, 0x0, 0x0, 0x0, 0x0, 0xb, 0xff,
    0xff, 0xf4, 0x0, 0x0, 0xb, 0xff, 0xff, 0xf4,
    0x0, 0x0, 0x0, 0x0, 0xe, 0xf4, 0x0, 0x0,
    0x0, 0x0, 0xe, 0xf4, 0x0, 0x0, 0x0, 0x0,
    0xe, 0xf4, 0x0, 0x0, 0x0, 0x0, 0xe, 0xf4,
    0x0, 0x0, 0x0, 0x0, 0xe, 0xf4, 0x0, 0x0,
    0x0, 0x0, 0xe, 0xf4, 0x0, 0x0, 0x0, 0x0,
    0xe, 0xf4, 0x0, 0x0, 0x0, 0x0, 0xe, 0xf4,
    0x0, 0x0, 0x2f, 0xff, 0xff, 0xff, 0xff, 0xf3,
    0x2f, 0xff, 0xff, 0xff, 0xff, 0xf3,

    /* U+00EE "î" */
    0x0, 0x0, 0x9f, 0xf7, 0x0, 0x0, 0x0, 0x9,
    0xfb, 0xcf, 0x70, 0x0, 0x0, 0x9f, 0xb0, 0xc,
    0xf8, 0x0, 0x0, 0x0, 0x0, 0x0, 0x0, 0x0,
    0x0, 0x0, 0x0, 0x0, 0x0, 0x0, 0xb, 0xff,
    0xff, 0xf4, 0x0, 0x0, 0xb, 0xff, 0xff, 0xf4,
    0x0, 0x0, 0x0, 0x0, 0xe, 0xf4, 0x0, 0x0,
    0x0, 0x0, 0xe, 0xf4, 0x0, 0x0, 0x0, 0x0,
    0xe, 0xf4, 0x0, 0x0, 0x0, 0x0, 0xe, 0xf4,
    0x0, 0x0, 0x0, 0x0, 0xe, 0xf4, 0x0, 0x0,
    0x0, 0x0, 0xe, 0xf4, 0x0, 0x0, 0x0, 0x0,
    0xe, 0xf4, 0x0, 0x0, 0x0, 0x0, 0xe, 0xf4,
    0x0, 0x0, 0x2f, 0xff, 0xff, 0xff, 0xff, 0xf3,
    0x2f, 0xff, 0xff, 0xff, 0xff, 0xf3,

    /* U+00EF "ï" */
    0x0, 0x6c, 0x60, 0x7, 0xc5, 0x0, 0x0, 0xff,
    0xe0, 0xf, 0xfd, 0x0, 0x0, 0x9f, 0x80, 0xa,
    0xf8, 0x0, 0x0, 0x0, 0x0, 0x0, 0x0, 0x0,
    0x0, 0x0, 0x0, 0x0, 0x0, 0x0, 0xb, 0xff,
    0xff, 0xf4, 0x0, 0x0, 0xb, 0xff, 0xff, 0xf4,
    0x0, 0x0, 0x0, 0x0, 0xe, 0xf4, 0x0, 0x0,
    0x0, 0x0, 0xe, 0xf4, 0x0, 0x0, 0x0, 0x0,
    0xe, 0xf4, 0x0, 0x0, 0x0, 0x0, 0xe, 0xf4,
    0x0, 0x0, 0x0, 0x0, 0xe, 0xf4, 0x0, 0x0,
    0x0, 0x0, 0xe, 0xf4, 0x0, 0x0, 0x0, 0x0,
    0xe, 0xf4, 0x0, 0x0, 0x0, 0x0, 0xe, 0xf4,
    0x0, 0x0, 0x2f, 0xff, 0xff, 0xff, 0xff, 0xf3,
    0x2f, 0xff, 0xff, 0xff, 0xff, 0xf3,

    /* U+00F0 "ð" */
    0x0, 0x0, 0x0, 0x0, 0x0, 0x0, 0x2, 0xff,
    0x50, 0x5c, 0x40, 0x0, 0x6, 0xff, 0xef, 0xf2,
    0x0, 0x3, 0xaf, 0xff, 0x70, 0x0, 0x6, 0xff,
    0xbd, 0xf8, 0x0, 0x0, 0x69, 0x20, 0x2f, 0xf3,
    0x0, 0x0, 0x0, 0x0, 0x6f, 0xd0, 0x0, 0x1,
    0x7a, 0xa6, 0xbf, 0x70, 0x3, 0xef, 0xff, 0xfc,
    0xfe, 0x0, 0xef, 0xc3, 0x2, 0xaf, 0xf5, 0x5f,
    0xf1, 0x0, 0x0, 0xcf, 0x97, 0xfb, 0x0, 0x0,
    0x8, 0xfb, 0x7f, 0xb0, 0x0, 0x0, 0x7f, 0xb5,
    0xfe, 0x0, 0x0, 0xb, 0xf8, 0xe, 0xfa, 0x10,
    0x8, 0xff, 0x20, 0x4f, 0xff, 0xef, 0xff, 0x60,
    0x0, 0x29, 0xef, 0xea, 0x30, 0x0,

    /* U+00F1 "ñ" */
    0x0, 0x0, 0x0, 0x0, 0x10, 0x0, 0x5, 0xff,
    0xc3, 0x4f, 0x40, 0x0, 0xdb, 0x1b, 0xff, 0xe1,
    0x0, 0x5, 0x40, 0x4, 0x51, 0x0, 0x0, 0x0,
    0x0, 0x0, 0x0, 0x0, 0x0, 0x0, 0x0, 0x0,
    0x0, 0x1f, 0xf2, 0x9e, 0xfd, 0x60, 0x1, 0xff,
    0xbd, 0xac, 0xff, 0x80, 0x1f, 0xfb, 0x0, 0x7,
    0xff, 0x11, 0xff, 0x30, 0x0, 0xf, 0xf4, 0x1f,
    0xf1, 0x0, 0x0, 0xef, 0x41, 0xff, 0x10, 0x0,
    0xe, 0xf5, 0x1f, 0xf1, 0x0, 0x0, 0xef, 0x51,
    0xff, 0x10, 0x0, 0xe, 0xf5, 0x1f, 0xf1, 0x0,
    0x0, 0xef, 0x51, 0xff, 0x10, 0x0, 0xe, 0xf5,
    0x1f, 0xf1, 0x0, 0x0, 0xef, 0x51, 0xff, 0x10,
    0x0, 0xe, 0xf5,

    /* U+00F2 "ò" */
    0x0, 0x5f, 0xe2, 0x0, 0x0, 0x0, 0x0, 0x7f,
    0xc0, 0x0, 0x0, 0x0, 0x0, 0xaf, 0xa0, 0x0,
    0x0, 0x0, 0x0, 0x0, 0x0, 0x0, 0x0, 0x0,
    0x0, 0x0, 0x0, 0x0, 0x2, 0xae, 0xfe, 0xb3,
    0x0, 0x3, 0xff, 0xfe, 0xff, 0xf5, 0x0, 0xcf,
    0xb1, 0x0, 0x9f, 0xf0, 0x1f, 0xf2, 0x0, 0x0,
    0xef, 0x43, 0xff, 0x0, 0x0, 0xc, 0xf6, 0x3f,
    0xf0, 0x0, 0x0, 0xbf, 0x73, 0xff, 0x0, 0x0,
    0xb, 0xf7, 0x3f, 0xf0, 0x0, 0x0, 0xcf, 0x61,
    0xff, 0x10, 0x0, 0xe, 0xf4, 0xc, 0xfb, 0x10,
    0x9, 0xff, 0x0, 0x3f, 0xff, 0xef, 0xff, 0x50,
    0x0, 0x2a, 0xef, 0xeb, 0x30, 0x0,

    /* U+00F3 "ó" */
    0x0, 0x0, 0x0, 0xcf, 0x70, 0x0, 0x0, 0x0,
    0x9f, 0xa0, 0x0, 0x0, 0x0, 0x6f, 0xc0, 0x0,
    0x0, 0x0, 0x0, 0x0, 0x0, 0x0, 0x0, 0x0,
    0x0, 0x0, 0x0, 0x0, 0x2, 0xae, 0xfe, 0xb3,
    0x0, 0x3, 0xff, 0xfe, 0xff, 0xf5, 0x0, 0xcf,
    0xb1, 0x0, 0x9f, 0xf0, 0x1f, 0xf2, 0x0, 0x0,
    0xef, 0x43, 0xff, 0x0, 0x0, 0xc, 0xf6, 0x3f,
    0xf0, 0x0, 0x0, 0xbf, 0x73, 0xff, 0x0, 0x0,
    0xb, 0xf7, 0x3f, 0xf0, 0x0, 0x0, 0xcf, 0x61,
    0xff, 0x10, 0x0, 0xe, 0xf4, 0xc, 0xfb, 0x10,
    0x9, 0xff, 0x0, 0x3f, 0xff, 0xef, 0xff, 0x50,
    0x0, 0x2a, 0xef, 0xeb, 0x30, 0x0,

    /* U+00F4 "ô" */
    0x0, 0x1, 0xdf, 0xe2, 0x0, 0x0, 0x1, 0xdf,
    0x9f, 0xe3, 0x0, 0x1, 0xdf, 0x60, 0x3f, 0xf3,
    0x0, 0x0, 0x0, 0x0, 0x0, 0x0, 0x0, 0x0,
    0x0, 0x0, 0x0, 0x0, 0x2, 0xae, 0xfe, 0xb3,
    0x0, 0x3, 0xff, 0xfe, 0xff, 0xf5, 0x0, 0xcf,
    0xb1, 0x0, 0x9f, 0xf0, 0x1f, 0xf2, 0x0, 0x0,
    0xef, 0x43, 0xff, 0x0, 0x0, 0xc, 0xf6, 0x3f,
    0xf0, 0x0, 0x0, 0xbf, 0x73, 0xff, 0x0, 0x0,
    0xb, 0xf7, 0x3f, 0xf0, 0x0, 0x0, 0xcf, 0x61,
    0xff, 0x10, 0x0, 0xe, 0xf4, 0xc, 0xfb, 0x10,
    0x9, 0xff, 0x0, 0x3f, 0xff, 0xef, 0xff, 0x50,
    0x0, 0x2a, 0xef, 0xeb, 0x30, 0x0,

    /* U+00F5 "õ" */
    0x0, 0x0, 0x0, 0x0, 0x10, 0x0, 0x6, 0xff,
    0xb2, 0x6f, 0x20, 0x0, 0xea, 0x2c, 0xff, 0xd0,
    0x0, 0x6, 0x30, 0x4, 0x51, 0x0, 0x0, 0x0,
    0x0, 0x0, 0x0, 0x0, 0x0, 0x0, 0x0, 0x0,
    0x0, 0x0, 0x2a, 0xef, 0xeb, 0x30, 0x0, 0x3f,
    0xff, 0xef, 0xff, 0x50, 0xc, 0xfb, 0x10, 0x9,
    0xff, 0x1, 0xff, 0x20, 0x0, 0xe, 0xf4, 0x3f,
    0xf0, 0x0, 0x0, 0xcf, 0x63, 0xff, 0x0, 0x0,
    0xb, 0xf7, 0x3f, 0xf0, 0x0, 0x0, 0xbf, 0x73,
    0xff, 0x0, 0x0, 0xc, 0xf6, 0x1f, 0xf1, 0x0,
    0x0, 0xef, 0x40, 0xcf, 0xb1, 0x0, 0x9f, 0xf0,
    0x3, 0xff, 0xfe, 0xff, 0xf5, 0x0, 0x2, 0xae,
    0xfe, 0xb3, 0x0,

    /* U+00F6 "ö" */
    0x0, 0xab, 0x20, 0x1a, 0xb2, 0x0, 0x4f, 0xf8,
    0x5, 0xff, 0x70, 0x1, 0xde, 0x40, 0x1d, 0xe3,
    0x0, 0x0, 0x0, 0x0, 0x0, 0x0, 0x0, 0x0,
    0x0, 0x0, 0x0, 0x0, 0x2, 0xae, 0xfe, 0xb3,
    0x0, 0x3, 0xff, 0xfe, 0xff, 0xf5, 0x0, 0xcf,
    0xb1, 0x0, 0x9f, 0xf0, 0x1f, 0xf2, 0x0, 0x0,
    0xef, 0x43, 0xff, 0x0, 0x0, 0xc, 0xf6, 0x3f,
    0xf0, 0x0, 0x0, 0xbf, 0x73, 0xff, 0x0, 0x0,
    0xb, 0xf7, 0x3f, 0xf0, 0x0, 0x0, 0xcf, 0x61,
    0xff, 0x10, 0x0, 0xe, 0xf4, 0xc, 0xfb, 0x10,
    0x9, 0xff, 0x0, 0x3f, 0xff, 0xef, 0xff, 0x50,
    0x0, 0x2a, 0xef, 0xeb, 0x30, 0x0,

    /* U+00F7 "÷" */
    0x0, 0xa, 0xfc, 0x10, 0x0, 0x3, 0xff, 0xf6,
    0x0, 0x0, 0x1e, 0xff, 0x30, 0x0, 0x0, 0x14,
    0x20, 0x0, 0x0, 0x0, 0x0, 0x0, 0xc, 0xff,
    0xff, 0xff, 0xff, 0xad, 0xdd, 0xdd, 0xdd, 0xd0,
    0x0, 0x0, 0x0, 0x0, 0x0, 0x1, 0x41, 0x0,
    0x0, 0x1, 0xef, 0xf3, 0x0, 0x0, 0x3f, 0xff,
    0x60, 0x0, 0x0, 0xbf, 0xc1, 0x0,

    /* U+00F8 "ø" */
    0x0, 0x0, 0x0, 0x0, 0x0, 0xdf, 0x20, 0x0,
    0x2a, 0xef, 0xea, 0x9f, 0x70, 0x0, 0x3f, 0xff,
    0xef, 0xff, 0xd0, 0x0, 0xc, 0xfb, 0x10, 0x1f,
    0xfe, 0x0, 0x1, 0xff, 0x10, 0xa, 0xff, 0xf3,
    0x0, 0x2f, 0xe0, 0x6, 0xfa, 0xbf, 0x50, 0x2,
    0xfe, 0x2, 0xfd, 0xb, 0xf5, 0x0, 0x2f, 0xe0,
    0xdf, 0x30, 0xbf, 0x50, 0x2, 0xfe, 0xaf, 0x60,
    0xb, 0xf5, 0x0, 0xf, 0xff, 0xa0, 0x0, 0xef,
    0x40, 0x0, 0xbf, 0xf2, 0x0, 0x9f, 0xe0, 0x0,
    0xd, 0xff, 0xfe, 0xff, 0xf5, 0x0, 0x8, 0xf8,
    0x9d, 0xfe, 0xb3, 0x0, 0x0, 0x77, 0x0, 0x0,
    0x0, 0x0, 0x0,

    /* U+00F9 "ù" */
    0x0, 0x5f, 0xe2, 0x0, 0x0, 0x0, 0x0, 0x7f,
    0xc0, 0x0, 0x0, 0x0, 0x0, 0xaf, 0xa0, 0x0,
    0x0, 0x0, 0x0, 0x0, 0x0, 0x0, 0x0, 0x0,
    0x0, 0x0, 0x0, 0x1, 0xff, 0x10, 0x0, 0xe,
    0xf5, 0x1f, 0xf1, 0x0, 0x0, 0xef, 0x51, 0xff,
    0x10, 0x0, 0xe, 0xf5, 0x1f, 0xf1, 0x0, 0x0,
    0xef, 0x51, 0xff, 0x10, 0x0, 0xe, 0xf5, 0x1f,
    0xf1, 0x0, 0x0, 0xef, 0x51, 0xff, 0x10, 0x0,
    0xe, 0xf5, 0x1f, 0xf1, 0x0, 0x0, 0xef, 0x40,
    0xff, 0x40, 0x0, 0x1f, 0xf3, 0xb, 0xfd, 0x20,
    0x1b, 0xfe, 0x0, 0x2e, 0xff, 0xef, 0xff, 0x40,
    0x0, 0x19, 0xef, 0xea, 0x30, 0x0,

    /* U+00FA "ú" */
    0x0, 0x0, 0x0, 0xcf, 0x70, 0x0, 0x0, 0x0,
    0x9f, 0xa0, 0x0, 0x0, 0x0, 0x6f, 0xc0, 0x0,
    0x0, 0x0, 0x0, 0x0, 0x0, 0x0, 0x0, 0x0,
    0x0, 0x0, 0x0, 0x1, 0xff, 0x10, 0x0, 0xe,
    0xf5, 0x1f, 0xf1, 0x0, 0x0, 0xef, 0x51, 0xff,
    0x10, 0x0, 0xe, 0xf5, 0x1f, 0xf1, 0x0, 0x0,
    0xef, 0x51, 0xff, 0x10, 0x0, 0xe, 0xf5, 0x1f,
    0xf1, 0x0, 0x0, 0xef, 0x51, 0xff, 0x10, 0x0,
    0xe, 0xf5, 0x1f, 0xf1, 0x0, 0x0, 0xef, 0x40,
    0xff, 0x40, 0x0, 0x1f, 0xf3, 0xb, 0xfd, 0x20,
    0x1b, 0xfe, 0x0, 0x2e, 0xff, 0xef, 0xff, 0x40,
    0x0, 0x19, 0xef, 0xea, 0x30, 0x0,

    /* U+00FB "û" */
    0x0, 0x1, 0xdf, 0xe2, 0x0, 0x0, 0x1, 0xdf,
    0x9f, 0xe3, 0x0, 0x1, 0xdf, 0x60, 0x3f, 0xf3,
    0x0, 0x0, 0x0, 0x0, 0x0, 0x0, 0x0, 0x0,
    0x0, 0x0, 0x0, 0x1, 0xff, 0x10, 0x0, 0xe,
    0xf5, 0x1f, 0xf1, 0x0, 0x0, 0xef, 0x51, 0xff,
    0x10, 0x0, 0xe, 0xf5, 0x1f, 0xf1, 0x0, 0x0,
    0xef, 0x51, 0xff, 0x10, 0x0, 0xe, 0xf5, 0x1f,
    0xf1, 0x0, 0x0, 0xef, 0x51, 0xff, 0x10, 0x0,
    0xe, 0xf5, 0x1f, 0xf1, 0x0, 0x0, 0xef, 0x40,
    0xff, 0x40, 0x0, 0x1f, 0xf3, 0xb, 0xfd, 0x20,
    0x1b, 0xfe, 0x0, 0x2e, 0xff, 0xef, 0xff, 0x40,
    0x0, 0x19, 0xef, 0xea, 0x30, 0x0,

    /* U+00FC "ü" */
    0x1, 0xde, 0x30, 0x1d, 0xe3, 0x0, 0x4f, 0xf8,
    0x5, 0xff, 0x70, 0x0, 0xab, 0x20, 0x1b, 0xb2,
    0x0, 0x0, 0x0, 0x0, 0x0, 0x0, 0x0, 0x0,
    0x0, 0x0, 0x0, 0x1, 0xff, 0x10, 0x0, 0xe,
    0xf5, 0x1f, 0xf1, 0x0, 0x0, 0xef, 0x51, 0xff,
    0x10, 0x0, 0xe, 0xf5, 0x1f, 0xf1, 0x0, 0x0,
    0xef, 0x51, 0xff, 0x10, 0x0, 0xe, 0xf5, 0x1f,
    0xf1, 0x0, 0x0, 0xef, 0x51, 0xff, 0x10, 0x0,
    0xe, 0xf5, 0x1f, 0xf1, 0x0, 0x0, 0xef, 0x40,
    0xff, 0x40, 0x0, 0x1f, 0xf3, 0xb, 0xfd, 0x20,
    0x1b, 0xfe, 0x0, 0x2e, 0xff, 0xef, 0xff, 0x40,
    0x0, 0x19, 0xef, 0xea, 0x30, 0x0,

    /* U+00FD "ý" */
    0x0, 0x0, 0x0, 0x58, 0x50, 0x0, 0x0, 0x0,
    0x3, 0xfe, 0x20, 0x0, 0x0, 0x0, 0x1e, 0xf4,
    0x0, 0x0, 0x0, 0x0, 0x48, 0x50, 0x0, 0x0,
    0x0, 0x0, 0x0, 0x0, 0x0, 0x0, 0xbf, 0x90,
    0x0, 0x0, 0x5f, 0xe0, 0x4f, 0xf0, 0x0, 0x0,
    0xbf, 0x80, 0xe, 0xf5, 0x0, 0x1, 0xff, 0x20,
    0x8, 0xfc, 0x0, 0x6, 0xfc, 0x0, 0x1, 0xff,
    0x20, 0xc, 0xf6, 0x0, 0x0, 0xbf, 0x80, 0x2f,
    0xf1, 0x0, 0x0, 0x5f, 0xe0, 0x8f, 0xa0, 0x0,
    0x0, 0xe, 0xf4, 0xdf, 0x40, 0x0, 0x0, 0x8,
    0xfb, 0xfe, 0x0, 0x0, 0x0, 0x2, 0xff, 0xf8,
    0x0, 0x0, 0x0, 0x0, 0xbf, 0xf2, 0x0, 0x0,
    0x0, 0x0, 0x7f, 0xc0, 0x0, 0x0, 0x0, 0x0,
    0xdf, 0x60, 0x0, 0x0, 0x0, 0x3, 0xff, 0x10,
    0x0, 0x0, 0x0, 0x9, 0xfa, 0x0, 0x0, 0x0,
    0x0, 0xe, 0xf4, 0x0, 0x0, 0x0,

    /* U+00FE "þ" */
    0x2f, 0xf0, 0x0, 0x0, 0x0, 0x2, 0xff, 0x0,
    0x0, 0x0, 0x0, 0x2f, 0xf0, 0x0, 0x0, 0x0,
    0x2, 0xff, 0x0, 0x0, 0x0, 0x0, 0x2f, 0xf0,
    0x8e, 0xfd, 0x60, 0x2, 0xff, 0x9f, 0xef, 0xff,
    0x60, 0x2f, 0xfb, 0x10, 0x9, 0xff, 0x2, 0xff,
    0x30, 0x0, 0xf, 0xf3, 0x2f, 0xf0, 0x0, 0x0,
    0xef, 0x42, 0xff, 0x0, 0x0, 0xe, 0xf4, 0x2f,
    0xf0, 0x0, 0x0, 0xef, 0x42, 0xff, 0x0, 0x0,
    0xe, 0xf4, 0x2f, 0xf3, 0x0, 0x0, 0xff, 0x32,
    0xff, 0xb1, 0x0, 0x9f, 0xe0, 0x2f, 0xf9, 0xfe,
    0xff, 0xf6, 0x2, 0xff, 0x8, 0xef, 0xd5, 0x0,
    0x2f, 0xf0, 0x0, 0x0, 0x0, 0x2, 0xff, 0x0,
    0x0, 0x0, 0x0, 0x2f, 0xf0, 0x0, 0x0, 0x0,
    0x2, 0xff, 0x0, 0x0, 0x0, 0x0,

    /* U+00FF "ÿ" */
    0x0, 0xab, 0x20, 0x1a, 0xb2, 0x0, 0x4, 0xff,
    0x80, 0x5f, 0xf7, 0x0, 0x1, 0xde, 0x40, 0x1d,
    0xe3, 0x0, 0x0, 0x0, 0x0, 0x0, 0x0, 0x0,
    0x0, 0x0, 0x0, 0x0, 0x0, 0x0, 0xbf, 0x90,
    0x0, 0x0, 0x5f, 0xe0, 0x4f, 0xf0, 0x0, 0x0,
    0xbf, 0x80, 0xe, 0xf5, 0x0, 0x1, 0xff, 0x20,
    0x8, 0xfc, 0x0, 0x6, 0xfc, 0x0, 0x1, 0xff,
    0x20, 0xc, 0xf6, 0x0, 0x0, 0xbf, 0x80, 0x2f,
    0xf1, 0x0, 0x0, 0x5f, 0xe0, 0x8f, 0xa0, 0x0,
    0x0, 0xe, 0xf4, 0xdf, 0x40, 0x0, 0x0, 0x8,
    0xfb, 0xfe, 0x0, 0x0, 0x0, 0x2, 0xff, 0xf8,
    0x0, 0x0, 0x0, 0x0, 0xbf, 0xf2, 0x0, 0x0,
    0x0, 0x0, 0x7f, 0xc0, 0x0, 0x0, 0x0, 0x0,
    0xdf, 0x60, 0x0, 0x0, 0x0, 0x3, 0xff, 0x10,
    0x0, 0x0, 0x0, 0x9, 0xfa, 0x0, 0x0, 0x0,
    0x0, 0xe, 0xf4, 0x0, 0x0, 0x0,

    /* U+2013 "–" */
    0x3e, 0xee, 0xee, 0xee, 0xee, 0x64, 0xff, 0xff,
    0xff, 0xff, 0xf7,

    /* U+2014 "—" */
    0xee, 0xee, 0xee, 0xee, 0xee, 0xee, 0xe2, 0xff,
    0xff, 0xff, 0xff, 0xff, 0xff, 0xf3,

    /* U+2016 "‖" */
    0x6f, 0xc0, 0x0, 0x9f, 0x96, 0xfc, 0x0, 0x9,
    0xf9, 0x6f, 0xc0, 0x0, 0x9f, 0x96, 0xfc, 0x0,
    0x9, 0xf9, 0x6f, 0xc0, 0x0, 0x9f, 0x96, 0xfc,
    0x0, 0x9, 0xf9, 0x6f, 0xc0, 0x0, 0x9f, 0x96,
    0xfc, 0x0, 0x9, 0xf9, 0x6f, 0xc0, 0x0, 0x9f,
    0x96, 0xfc, 0x0, 0x9, 0xf9, 0x6f, 0xc0, 0x0,
    0x9f, 0x96, 0xfc, 0x0, 0x9, 0xf9, 0x6f, 0xc0,
    0x0, 0x9f, 0x96, 0xfc, 0x0, 0x9, 0xf9, 0x6f,
    0xc0, 0x0, 0x9f, 0x96, 0xfc, 0x0, 0x9, 0xf9,
    0x6f, 0xc0, 0x0, 0x9f, 0x96, 0xfc, 0x0, 0x9,
    0xf9, 0x6f, 0xc0, 0x0, 0x9f, 0x96, 0xfc, 0x0,
    0x9, 0xf9,

    /* U+2018 "‘" */
    0x2, 0xff, 0x30, 0xaf, 0xb0, 0x1f, 0xf4, 0x5,
    0xfe, 0x0, 0x6f, 0xd0, 0x2, 0xff, 0x20, 0x5,
    0x85, 0x0,

    /* U+2019 "’" */
    0x5, 0xfe, 0x10, 0xb, 0xf8, 0x0, 0xaf, 0xa0,
    0xd, 0xf6, 0x4, 0xff, 0x10, 0xbf, 0x90, 0x8,
    0x82, 0x0,

    /* U+201A "‚" */
    0x4, 0x87, 0x0, 0xe, 0xf5, 0x0, 0xaf, 0xa0,
    0xb, 0xf8, 0x1, 0xff, 0x40, 0x8f, 0xd0, 0xf,
    0xf5, 0x0,

    /* U+201B "‛" */
    0xc, 0xf7, 0x5, 0xfe, 0x0, 0x6f, 0xd0, 0x3,
    0xff, 0x10, 0xd, 0xf7, 0x0, 0x6f, 0xe0, 0x0,
    0x88, 0x20,

    /* U+201C "“" */
    0x8, 0xfd, 0x0, 0xaf, 0xb0, 0xef, 0x60, 0x1f,
    0xf4, 0x6f, 0xe0, 0x8, 0xfc, 0xa, 0xf9, 0x0,
    0xdf, 0x70, 0xcf, 0x70, 0xe, 0xf5, 0x7, 0xfc,
    0x0, 0x9f, 0xa0, 0x8, 0x83, 0x0, 0x88, 0x20,

    /* U+201D "”" */
    0xc, 0xf6, 0x1, 0xef, 0x50, 0x5, 0xfe, 0x0,
    0x6f, 0xe0, 0x3, 0xff, 0x0, 0x4f, 0xf0, 0x7,
    0xfd, 0x0, 0x8f, 0xc0, 0xd, 0xf7, 0x0, 0xef,
    0x60, 0x5f, 0xf1, 0x6, 0xfe, 0x0, 0x58, 0x50,
    0x6, 0x85, 0x0,

    /* U+201E "„" */
    0x8, 0x82, 0x0, 0x68, 0x50, 0x8, 0xfc, 0x0,
    0x2f, 0xf2, 0x3, 0xff, 0x0, 0xd, 0xf6, 0x4,
    0xff, 0x0, 0xe, 0xf5, 0xa, 0xfa, 0x0, 0x4f,
    0xf1, 0x2f, 0xf4, 0x0, 0xbf, 0x90, 0x9f, 0xc0,
    0x3, 0xff, 0x20,

    /* U+201F "‟" */
    0x2f, 0xf3, 0x3, 0xff, 0x2a, 0xf9, 0x0, 0xcf,
    0x80, 0xcf, 0x70, 0xd, 0xf6, 0x8, 0xfb, 0x0,
    0xaf, 0xa0, 0x3f, 0xf2, 0x4, 0xff, 0x10, 0xcf,
    0x90, 0xd, 0xf8, 0x3, 0x88, 0x0, 0x48, 0x70,

    /* U+2020 "†" */
    0x0, 0x0, 0x7f, 0xb0, 0x0, 0x0, 0x0, 0x7,
    0xfb, 0x0, 0x0, 0x0, 0x0, 0x7f, 0xb0, 0x0,
    0x0, 0x0, 0x7, 0xfb, 0x0, 0x0, 0x0, 0x0,
    0x7f, 0xb0, 0x0, 0x3, 0xee, 0xef, 0xff, 0xee,
    0xe7, 0x4f, 0xff, 0xff, 0xff, 0xff, 0x70, 0x0,
    0x7, 0xfb, 0x0, 0x0, 0x0, 0x0, 0x7f, 0xb0,
    0x0, 0x0, 0x0, 0x7, 0xfb, 0x0, 0x0, 0x0,
    0x0, 0x7f, 0xb0, 0x0, 0x0, 0x0, 0x7, 0xfb,
    0x0, 0x0, 0x0, 0x0, 0x7f, 0xb0, 0x0, 0x0,
    0x0, 0x7, 0xfb, 0x0, 0x0, 0x0, 0x0, 0x7f,
    0xb0, 0x0, 0x0, 0x0, 0x7, 0xfb, 0x0, 0x0,
    0x0, 0x0, 0x7f, 0xb0, 0x0, 0x0, 0x0, 0x7,
    0xfb, 0x0, 0x0, 0x0, 0x0, 0x7f, 0xb0, 0x0,
    0x0, 0x0, 0x7, 0xfb, 0x0, 0x0, 0x0, 0x0,
    0x38, 0x50, 0x0, 0x0,

    /* U+2021 "‡" */
    0x0, 0x0, 0x7f, 0xb0, 0x0, 0x0, 0x0, 0x7,
    0xfb, 0x0, 0x0, 0x0, 0x0, 0x7f, 0xb0, 0x0,
    0x0, 0x0, 0x7, 0xfb, 0x0, 0x0, 0x0, 0x0,
    0x7f, 0xb0, 0x0, 0x3, 0xee, 0xef, 0xff, 0xee,
    0xe7, 0x4f, 0xff, 0xff, 0xff, 0xff, 0x70, 0x0,
    0x7, 0xfb, 0x0, 0x0, 0x0, 0x0, 0x7f, 0xb0,
    0x0, 0x0, 0x0, 0x7, 0xfb, 0x0, 0x0, 0x0,
    0x0, 0x7f, 0xb0, 0x0, 0x0, 0x0, 0x7, 0xfb,
    0x0, 0x0, 0x0, 0x0, 0x7f, 0xb0, 0x0, 0x3,
    0xee, 0xef, 0xff, 0xee, 0xe7, 0x4f, 0xff, 0xff,
    0xff, 0xff, 0x70, 0x0, 0x7, 0xfb, 0x0, 0x0,
    0x0, 0x0, 0x7f, 0xb0, 0x0, 0x0, 0x0, 0x7,
    0xfb, 0x0, 0x0, 0x0, 0x0, 0x7f, 0xb0, 0x0,
    0x0, 0x0, 0x7, 0xfb, 0x0, 0x0, 0x0, 0x0,
    0x38, 0x50, 0x0, 0x0,

    /* U+2022 "•" */
    0x0, 0x3, 0x10, 0x0, 0x4f, 0xff, 0x70, 0xe,
    0xff, 0xff, 0x10, 0xff, 0xff, 0xf3, 0xc, 0xff,
    0xfe, 0x0, 0x2c, 0xfd, 0x40,

    /* U+2024 "․" */
    0x4, 0x95, 0x1, 0xff, 0xf4, 0x3f, 0xff, 0x60,
    0xaf, 0xc1,

    /* U+2026 "…" */
    0x6d, 0x30, 0x3d, 0x60, 0x1d, 0x8b, 0xf8, 0x8,
    0xfb, 0x5, 0xfe, 0xbf, 0x80, 0x8f, 0xb0, 0x5f,
    0xe7, 0xf4, 0x4, 0xf7, 0x2, 0xea,

    /* U+2190 "←" */
    0x0, 0x0, 0x4, 0x42, 0x0, 0x0, 0x0, 0x0,
    0x8, 0xfe, 0x10, 0x0, 0x0, 0x0, 0x5, 0xff,
    0x30, 0x0, 0x0, 0x0, 0x2, 0xff, 0x60, 0x0,
    0x0, 0x0, 0x0, 0xdf, 0x90, 0x0, 0x0, 0x0,
    0x0, 0xaf, 0xb1, 0x0, 0x0, 0x0, 0x0, 0x7f,
    0xff, 0xff, 0xff, 0xff, 0xff, 0xc5, 0xff, 0xee,
    0xee, 0xee, 0xee, 0xea, 0x8, 0xfc, 0x0, 0x0,
    0x0, 0x0, 0x0, 0xb, 0xfb, 0x0, 0x0, 0x0,
    0x0, 0x0, 0x1e, 0xf7, 0x0, 0x0, 0x0, 0x0,
    0x0, 0x3f, 0xf4, 0x0, 0x0, 0x0, 0x0, 0x0,
    0x6f, 0xe2, 0x0, 0x0, 0x0, 0x0, 0x0, 0x12,
    0x10, 0x0, 0x0,

    /* U+2191 "↑" */
    0x0, 0x0, 0x1, 0x0, 0x0, 0x0, 0x0, 0x0,
    0x3e, 0xa0, 0x0, 0x0, 0x0, 0x4, 0xff, 0xfc,
    0x10, 0x0, 0x0, 0x6f, 0xff, 0xff, 0xd2, 0x0,
    0x8, 0xff, 0x7f, 0xd9, 0xfe, 0x30, 0xaf, 0xf4,
    0x2f, 0xd0, 0x8f, 0xf4, 0xfe, 0x30, 0x2f, 0xd0,
    0x6, 0xf9, 0xc2, 0x0, 0x2f, 0xd0, 0x0, 0x48,
    0x0, 0x0, 0x2f, 0xd0, 0x0, 0x0, 0x0, 0x0,
    0x2f, 0xd0, 0x0, 0x0, 0x0, 0x0, 0x2f, 0xd0,
    0x0, 0x0, 0x0, 0x0, 0x2f, 0xd0, 0x0, 0x0,
    0x0, 0x0, 0x2f, 0xd0, 0x0, 0x0, 0x0, 0x0,
    0x2f, 0xd0, 0x0, 0x0, 0x0, 0x0, 0x2f, 0xd0,
    0x0, 0x0, 0x0, 0x0, 0x2f, 0xd0, 0x0, 0x0,
    0x0, 0x0, 0x2f, 0xd0, 0x0, 0x0,

    /* U+2192 "→" */
    0x0, 0x0, 0x1, 0x44, 0x10, 0x0, 0x0, 0x0,
    0x0, 0xb, 0xfb, 0x0, 0x0, 0x0, 0x0, 0x0,
    0x1e, 0xf8, 0x0, 0x0, 0x0, 0x0, 0x0, 0x3f,
    0xf4, 0x0, 0x0, 0x0, 0x0, 0x0, 0x6f, 0xf2,
    0x0, 0x0, 0x0, 0x0, 0x0, 0x9f, 0xd0, 0x9f,
    0xff, 0xff, 0xff, 0xff, 0xff, 0xa8, 0xee, 0xee,
    0xee, 0xee, 0xef, 0xf8, 0x0, 0x0, 0x0, 0x0,
    0xa, 0xfb, 0x0, 0x0, 0x0, 0x0, 0x8, 0xfe,
    0x10, 0x0, 0x0, 0x0, 0x4, 0xff, 0x30, 0x0,
    0x0, 0x0, 0x2, 0xff, 0x60, 0x0, 0x0, 0x0,
    0x0, 0xdf, 0x90, 0x0, 0x0, 0x0, 0x0, 0x2,
    0x20, 0x0, 0x0,

    /* U+2193 "↓" */
    0x0, 0x0, 0x1, 0x0, 0x0, 0x0, 0x0, 0x0,
    0x2f, 0xd0, 0x0, 0x0, 0x0, 0x0, 0x2f, 0xd0,
    0x0, 0x0, 0x0, 0x0, 0x2f, 0xd0, 0x0, 0x0,
    0x0, 0x0, 0x2f, 0xd0, 0x0, 0x0, 0x0, 0x0,
    0x2f, 0xd0, 0x0, 0x0, 0x0, 0x0, 0x2f, 0xd0,
    0x0, 0x0, 0x0, 0x0, 0x2f, 0xd0, 0x0, 0x0,
    0x0, 0x0, 0x2f, 0xd0, 0x0, 0x0, 0x10, 0x0,
    0x2f, 0xd0, 0x0, 0x0, 0xd2, 0x0, 0x2f, 0xd0,
    0x0, 0x58, 0xfe, 0x30, 0x2f, 0xd0, 0x7, 0xf9,
    0x9f, 0xf5, 0x2f, 0xd0, 0x9f, 0xf4, 0x7, 0xff,
    0x7f, 0xda, 0xfe, 0x30, 0x0, 0x5f, 0xff, 0xff,
    0xd1, 0x0, 0x0, 0x3, 0xef, 0xfb, 0x0, 0x0,
    0x0, 0x0, 0x2d, 0x90, 0x0, 0x0, 0x0, 0x0,
    0x0, 0x0, 0x0, 0x0
};


/*---------------------
 *  GLYPH DESCRIPTION
 *--------------------*/

static const lv_font_fmt_txt_glyph_dsc_t glyph_dsc[] = {
    {.bitmap_index = 0, .adv_w = 0, .box_w = 0, .box_h = 0, .ofs_x = 0, .ofs_y = 0} /* id = 0 reserved */,
    {.bitmap_index = 0, .adv_w = 211, .box_w = 0, .box_h = 0, .ofs_x = 0, .ofs_y = 0},
    {.bitmap_index = 0, .adv_w = 211, .box_w = 5, .box_h = 16, .ofs_x = 4, .ofs_y = 0},
    {.bitmap_index = 40, .adv_w = 211, .box_w = 9, .box_h = 7, .ofs_x = 2, .ofs_y = 9},
    {.bitmap_index = 72, .adv_w = 211, .box_w = 13, .box_h = 16, .ofs_x = 0, .ofs_y = 0},
    {.bitmap_index = 176, .adv_w = 211, .box_w = 11, .box_h = 22, .ofs_x = 1, .ofs_y = -3},
    {.bitmap_index = 297, .adv_w = 211, .box_w = 13, .box_h = 16, .ofs_x = 0, .ofs_y = 0},
    {.bitmap_index = 401, .adv_w = 211, .box_w = 14, .box_h = 16, .ofs_x = 0, .ofs_y = 0},
    {.bitmap_index = 513, .adv_w = 211, .box_w = 3, .box_h = 7, .ofs_x = 5, .ofs_y = 9},
    {.bitmap_index = 524, .adv_w = 211, .box_w = 8, .box_h = 22, .ofs_x = 3, .ofs_y = -3},
    {.bitmap_index = 612, .adv_w = 211, .box_w = 8, .box_h = 22, .ofs_x = 2, .ofs_y = -3},
    {.bitmap_index = 700, .adv_w = 211, .box_w = 13, .box_h = 12, .ofs_x = 0, .ofs_y = 1},
    {.bitmap_index = 778, .adv_w = 211, .box_w = 11, .box_h = 11, .ofs_x = 1, .ofs_y = 1},
    {.bitmap_index = 839, .adv_w = 211, .box_w = 5, .box_h = 7, .ofs_x = 4, .ofs_y = -4},
    {.bitmap_index = 857, .adv_w = 211, .box_w = 8, .box_h = 2, .ofs_x = 3, .ofs_y = 6},
    {.bitmap_index = 865, .adv_w = 211, .box_w = 5, .box_h = 4, .ofs_x = 4, .ofs_y = 0},
    {.bitmap_index = 875, .adv_w = 211, .box_w = 11, .box_h = 20, .ofs_x = 1, .ofs_y = -2},
    {.bitmap_index = 985, .adv_w = 211, .box_w = 11, .box_h = 16, .ofs_x = 1, .ofs_y = 0},
    {.bitmap_index = 1073, .adv_w = 211, .box_w = 11, .box_h = 16, .ofs_x = 1, .ofs_y = 0},
    {.bitmap_index = 1161, .adv_w = 211, .box_w = 11, .box_h = 16, .ofs_x = 1, .ofs_y = 0},
    {.bitmap_index = 1249, .adv_w = 211, .box_w = 11, .box_h = 16, .ofs_x = 1, .ofs_y = 0},
    {.bitmap_index = 1337, .adv_w = 211, .box_w = 10, .box_h = 16, .ofs_x = 1, .ofs_y = 0},
    {.bitmap_index = 1417, .adv_w = 211, .box_w = 11, .box_h = 16, .ofs_x = 1, .ofs_y = 0},
    {.bitmap_index = 1505, .adv_w = 211, .box_w = 11, .box_h = 16, .ofs_x = 1, .ofs_y = 0},
    {.bitmap_index = 1593, .adv_w = 211, .box_w = 12, .box_h = 16, .ofs_x = 1, .ofs_y = 0},
    {.bitmap_index = 1689, .adv_w = 211, .box_w = 11, .box_h = 16, .ofs_x = 1, .ofs_y = 0},
    {.bitmap_index = 1777, .adv_w = 211, .box_w = 11, .box_h = 16, .ofs_x = 1, .ofs_y = 0},
    {.bitmap_index = 1865, .adv_w = 211, .box_w = 5, .box_h = 12, .ofs_x = 4, .ofs_y = 0},
    {.bitmap_index = 1895, .adv_w = 211, .box_w = 5, .box_h = 16, .ofs_x = 4, .ofs_y = -4},
    {.bitmap_index = 1935, .adv_w = 211, .box_w = 11, .box_h = 12, .ofs_x = 1, .ofs_y = 1},
    {.bitmap_index = 2001, .adv_w = 211, .box_w = 11, .box_h = 7, .ofs_x = 1, .ofs_y = 4},
    {.bitmap_index = 2040, .adv_w = 211, .box_w = 11, .box_h = 12, .ofs_x = 1, .ofs_y = 1},
    {.bitmap_index = 2106, .adv_w = 211, .box_w = 9, .box_h = 16, .ofs_x = 2, .ofs_y = 0},
    {.bitmap_index = 2178, .adv_w = 211, .box_w = 13, .box_h = 20, .ofs_x = 0, .ofs_y = -4},
    {.bitmap_index = 2308, .adv_w = 211, .box_w = 12, .box_h = 16, .ofs_x = 1, .ofs_y = 0},
    {.bitmap_index = 2404, .adv_w = 211, .box_w = 11, .box_h = 16, .ofs_x = 1, .ofs_y = 0},
    {.bitmap_index = 2492, .adv_w = 211, .box_w = 11, .box_h = 16, .ofs_x = 1, .ofs_y = 0},
    {.bitmap_index = 2580, .adv_w = 211, .box_w = 11, .box_h = 16, .ofs_x = 1, .ofs_y = 0},
    {.bitmap_index = 2668, .adv_w = 211, .box_w = 10, .box_h = 16, .ofs_x = 2, .ofs_y = 0},
    {.bitmap_index = 2748, .adv_w = 211, .box_w = 10, .box_h = 16, .ofs_x = 2, .ofs_y = 0},
    {.bitmap_index = 2828, .adv_w = 211, .box_w = 11, .box_h = 16, .ofs_x = 1, .ofs_y = 0},
    {.bitmap_index = 2916, .adv_w = 211, .box_w = 11, .box_h = 16, .ofs_x = 1, .ofs_y = 0},
    {.bitmap_index = 3004, .adv_w = 211, .box_w = 9, .box_h = 16, .ofs_x = 2, .ofs_y = 0},
    {.bitmap_index = 3076, .adv_w = 211, .box_w = 11, .box_h = 16, .ofs_x = 0, .ofs_y = 0},
    {.bitmap_index = 3164, .adv_w = 211, .box_w = 12, .box_h = 16, .ofs_x = 1, .ofs_y = 0},
    {.bitmap_index = 3260, .adv_w = 211, .box_w = 11, .box_h = 16, .ofs_x = 2, .ofs_y = 0},
    {.bitmap_index = 3348, .adv_w = 211, .box_w = 11, .box_h = 16, .ofs_x = 1, .ofs_y = 0},
    {.bitmap_index = 3436, .adv_w = 211, .box_w = 11, .box_h = 16, .ofs_x = 1, .ofs_y = 0},
    {.bitmap_index = 3524, .adv_w = 211, .box_w = 11, .box_h = 16, .ofs_x = 1, .ofs_y = 0},
    {.bitmap_index = 3612, .adv_w = 211, .box_w = 12, .box_h = 16, .ofs_x = 1, .ofs_y = 0},
    {.bitmap_index = 3708, .adv_w = 211, .box_w = 11, .box_h = 20, .ofs_x = 1, .ofs_y = -4},
    {.bitmap_index = 3818, .adv_w = 211, .box_w = 12, .box_h = 16, .ofs_x = 1, .ofs_y = 0},
    {.bitmap_index = 3914, .adv_w = 211, .box_w = 11, .box_h = 16, .ofs_x = 1, .ofs_y = 0},
    {.bitmap_index = 4002, .adv_w = 211, .box_w = 12, .box_h = 16, .ofs_x = 1, .ofs_y = 0},
    {.bitmap_index = 4098, .adv_w = 211, .box_w = 11, .box_h = 16, .ofs_x = 1, .ofs_y = 0},
    {.bitmap_index = 4186, .adv_w = 211, .box_w = 12, .box_h = 16, .ofs_x = 1, .ofs_y = 0},
    {.bitmap_index = 4282, .adv_w = 211, .box_w = 13, .box_h = 16, .ofs_x = 0, .ofs_y = 0},
    {.bitmap_index = 4386, .adv_w = 211, .box_w = 13, .box_h = 16, .ofs_x = 0, .ofs_y = 0},
    {.bitmap_index = 4490, .adv_w = 211, .box_w = 13, .box_h = 16, .ofs_x = 0, .ofs_y = 0},
    {.bitmap_index = 4594, .adv_w = 211, .box_w = 11, .box_h = 16, .ofs_x = 1, .ofs_y = 0},
    {.bitmap_index = 4682, .adv_w = 211, .box_w = 6, .box_h = 20, .ofs_x = 4, .ofs_y = -2},
    {.bitmap_index = 4742, .adv_w = 211, .box_w = 11, .box_h = 20, .ofs_x = 1, .ofs_y = -2},
    {.bitmap_index = 4852, .adv_w = 211, .box_w = 6, .box_h = 20, .ofs_x = 3, .ofs_y = -2},
    {.bitmap_index = 4912, .adv_w = 211, .box_w = 11, .box_h = 9, .ofs_x = 1, .ofs_y = 7},
    {.bitmap_index = 4962, .adv_w = 211, .box_w = 11, .box_h = 2, .ofs_x = 1, .ofs_y = -2},
    {.bitmap_index = 4973, .adv_w = 211, .box_w = 6, .box_h = 3, .ofs_x = 3, .ofs_y = 14},
    {.bitmap_index = 4982, .adv_w = 211, .box_w = 11, .box_h = 12, .ofs_x = 1, .ofs_y = 0},
    {.bitmap_index = 5048, .adv_w = 211, .box_w = 11, .box_h = 16, .ofs_x = 1, .ofs_y = 0},
    {.bitmap_index = 5136, .adv_w = 211, .box_w = 11, .box_h = 12, .ofs_x = 1, .ofs_y = 0},
    {.bitmap_index = 5202, .adv_w = 211, .box_w = 11, .box_h = 16, .ofs_x = 1, .ofs_y = 0},
    {.bitmap_index = 5290, .adv_w = 211, .box_w = 11, .box_h = 12, .ofs_x = 1, .ofs_y = 0},
    {.bitmap_index = 5356, .adv_w = 211, .box_w = 11, .box_h = 16, .ofs_x = 1, .ofs_y = 0},
    {.bitmap_index = 5444, .adv_w = 211, .box_w = 11, .box_h = 16, .ofs_x = 1, .ofs_y = -4},
    {.bitmap_index = 5532, .adv_w = 211, .box_w = 11, .box_h = 16, .ofs_x = 1, .ofs_y = 0},
    {.bitmap_index = 5620, .adv_w = 211, .box_w = 12, .box_h = 17, .ofs_x = 1, .ofs_y = 0},
    {.bitmap_index = 5722, .adv_w = 211, .box_w = 10, .box_h = 21, .ofs_x = 1, .ofs_y = -4},
    {.bitmap_index = 5827, .adv_w = 211, .box_w = 11, .box_h = 16, .ofs_x = 2, .ofs_y = 0},
    {.bitmap_index = 5915, .adv_w = 211, .box_w = 13, .box_h = 16, .ofs_x = 0, .ofs_y = 0},
    {.bitmap_index = 6019, .adv_w = 211, .box_w = 11, .box_h = 12, .ofs_x = 1, .ofs_y = 0},
    {.bitmap_index = 6085, .adv_w = 211, .box_w = 11, .box_h = 12, .ofs_x = 1, .ofs_y = 0},
    {.bitmap_index = 6151, .adv_w = 211, .box_w = 11, .box_h = 12, .ofs_x = 1, .ofs_y = 0},
    {.bitmap_index = 6217, .adv_w = 211, .box_w = 11, .box_h = 16, .ofs_x = 1, .ofs_y = -4},
    {.bitmap_index = 6305, .adv_w = 211, .box_w = 11, .box_h = 16, .ofs_x = 1, .ofs_y = -4},
    {.bitmap_index = 6393, .adv_w = 211, .box_w = 10, .box_h = 12, .ofs_x = 2, .ofs_y = 0},
    {.bitmap_index = 6453, .adv_w = 211, .box_w = 11, .box_h = 12, .ofs_x = 1, .ofs_y = 0},
    {.bitmap_index = 6519, .adv_w = 211, .box_w = 12, .box_h = 15, .ofs_x = 0, .ofs_y = 0},
    {.bitmap_index = 6609, .adv_w = 211, .box_w = 11, .box_h = 12, .ofs_x = 1, .ofs_y = 0},
    {.bitmap_index = 6675, .adv_w = 211, .box_w = 12, .box_h = 12, .ofs_x = 1, .ofs_y = 0},
    {.bitmap_index = 6747, .adv_w = 211, .box_w = 13, .box_h = 12, .ofs_x = 0, .ofs_y = 0},
    {.bitmap_index = 6825, .adv_w = 211, .box_w = 12, .box_h = 12, .ofs_x = 1, .ofs_y = 0},
    {.bitmap_index = 6897, .adv_w = 211, .box_w = 12, .box_h = 16, .ofs_x = 1, .ofs_y = -4},
    {.bitmap_index = 6993, .adv_w = 211, .box_w = 11, .box_h = 12, .ofs_x = 1, .ofs_y = 0},
    {.bitmap_index = 7059, .adv_w = 211, .box_w = 11, .box_h = 20, .ofs_x = 1, .ofs_y = -2},
    {.bitmap_index = 7169, .adv_w = 211, .box_w = 3, .box_h = 20, .ofs_x = 5, .ofs_y = -2},
    {.bitmap_index = 7199, .adv_w = 211, .box_w = 10, .box_h = 20, .ofs_x = 2, .ofs_y = -2},
    {.bitmap_index = 7299, .adv_w = 211, .box_w = 11, .box_h = 5, .ofs_x = 1, .ofs_y = 5},
    {.bitmap_index = 7327, .adv_w = 211, .box_w = 0, .box_h = 0, .ofs_x = 0, .ofs_y = 0},
    {.bitmap_index = 7327, .adv_w = 211, .box_w = 5, .box_h = 16, .ofs_x = 4, .ofs_y = -4},
    {.bitmap_index = 7367, .adv_w = 211, .box_w = 11, .box_h = 18, .ofs_x = 1, .ofs_y = -3},
    {.bitmap_index = 7466, .adv_w = 211, .box_w = 11, .box_h = 16, .ofs_x = 1, .ofs_y = 0},
    {.bitmap_index = 7554, .adv_w = 211, .box_w = 13, .box_h = 12, .ofs_x = 0, .ofs_y = 2},
    {.bitmap_index = 7632, .adv_w = 211, .box_w = 13, .box_h = 16, .ofs_x = 0, .ofs_y = 0},
    {.bitmap_index = 7736, .adv_w = 211, .box_w = 3, .box_h = 21, .ofs_x = 5, .ofs_y = -2},
    {.bitmap_index = 7768, .adv_w = 211, .box_w = 11, .box_h = 19, .ofs_x = 1, .ofs_y = -3},
    {.bitmap_index = 7873, .adv_w = 211, .box_w = 9, .box_h = 3, .ofs_x = 2, .ofs_y = 14},
    {.bitmap_index = 7887, .adv_w = 211, .box_w = 13, .box_h = 14, .ofs_x = 0, .ofs_y = 1},
    {.bitmap_index = 7978, .adv_w = 211, .box_w = 7, .box_h = 6, .ofs_x = 3, .ofs_y = 10},
    {.bitmap_index = 7999, .adv_w = 211, .box_w = 13, .box_h = 11, .ofs_x = 0, .ofs_y = 1},
    {.bitmap_index = 8071, .adv_w = 211, .box_w = 9, .box_h = 5, .ofs_x = 2, .ofs_y = 4},
    {.bitmap_index = 8094, .adv_w = 211, .box_w = 8, .box_h = 2, .ofs_x = 3, .ofs_y = 6},
    {.bitmap_index = 8102, .adv_w = 211, .box_w = 13, .box_h = 14, .ofs_x = 0, .ofs_y = 1},
    {.bitmap_index = 8193, .adv_w = 211, .box_w = 8, .box_h = 2, .ofs_x = 3, .ofs_y = 14},
    {.bitmap_index = 8201, .adv_w = 211, .box_w = 7, .box_h = 8, .ofs_x = 3, .ofs_y = 9},
    {.bitmap_index = 8229, .adv_w = 211, .box_w = 11, .box_h = 12, .ofs_x = 1, .ofs_y = 0},
    {.bitmap_index = 8295, .adv_w = 211, .box_w = 8, .box_h = 10, .ofs_x = 3, .ofs_y = 8},
    {.bitmap_index = 8335, .adv_w = 211, .box_w = 8, .box_h = 10, .ofs_x = 3, .ofs_y = 8},
    {.bitmap_index = 8375, .adv_w = 211, .box_w = 5, .box_h = 3, .ofs_x = 5, .ofs_y = 14},
    {.bitmap_index = 8383, .adv_w = 211, .box_w = 11, .box_h = 16, .ofs_x = 1, .ofs_y = -4},
    {.bitmap_index = 8471, .adv_w = 211, .box_w = 11, .box_h = 20, .ofs_x = 1, .ofs_y = -4},
    {.bitmap_index = 8581, .adv_w = 211, .box_w = 5, .box_h = 4, .ofs_x = 4, .ofs_y = 6},
    {.bitmap_index = 8591, .adv_w = 211, .box_w = 6, .box_h = 6, .ofs_x = 4, .ofs_y = -5},
    {.bitmap_index = 8609, .adv_w = 211, .box_w = 8, .box_h = 10, .ofs_x = 3, .ofs_y = 8},
    {.bitmap_index = 8649, .adv_w = 211, .box_w = 6, .box_h = 6, .ofs_x = 4, .ofs_y = 10},
    {.bitmap_index = 8667, .adv_w = 211, .box_w = 13, .box_h = 11, .ofs_x = 0, .ofs_y = 1},
    {.bitmap_index = 8739, .adv_w = 211, .box_w = 14, .box_h = 16, .ofs_x = 0, .ofs_y = 0},
    {.bitmap_index = 8851, .adv_w = 211, .box_w = 14, .box_h = 17, .ofs_x = 0, .ofs_y = -1},
    {.bitmap_index = 8970, .adv_w = 211, .box_w = 14, .box_h = 16, .ofs_x = 0, .ofs_y = 0},
    {.bitmap_index = 9082, .adv_w = 211, .box_w = 9, .box_h = 16, .ofs_x = 2, .ofs_y = -4},
    {.bitmap_index = 9154, .adv_w = 211, .box_w = 12, .box_h = 21, .ofs_x = 1, .ofs_y = 0},
    {.bitmap_index = 9280, .adv_w = 211, .box_w = 12, .box_h = 21, .ofs_x = 1, .ofs_y = 0},
    {.bitmap_index = 9406, .adv_w = 211, .box_w = 12, .box_h = 21, .ofs_x = 1, .ofs_y = 0},
    {.bitmap_index = 9532, .adv_w = 211, .box_w = 12, .box_h = 21, .ofs_x = 1, .ofs_y = 0},
    {.bitmap_index = 9658, .adv_w = 211, .box_w = 12, .box_h = 20, .ofs_x = 1, .ofs_y = 0},
    {.bitmap_index = 9778, .adv_w = 211, .box_w = 12, .box_h = 21, .ofs_x = 1, .ofs_y = 0},
    {.bitmap_index = 9904, .adv_w = 211, .box_w = 13, .box_h = 16, .ofs_x = 0, .ofs_y = 0},
    {.bitmap_index = 10008, .adv_w = 211, .box_w = 11, .box_h = 21, .ofs_x = 1, .ofs_y = -5},
    {.bitmap_index = 10124, .adv_w = 211, .box_w = 10, .box_h = 21, .ofs_x = 2, .ofs_y = 0},
    {.bitmap_index = 10229, .adv_w = 211, .box_w = 10, .box_h = 21, .ofs_x = 2, .ofs_y = 0},
    {.bitmap_index = 10334, .adv_w = 211, .box_w = 10, .box_h = 21, .ofs_x = 2, .ofs_y = 0},
    {.bitmap_index = 10439, .adv_w = 211, .box_w = 10, .box_h = 20, .ofs_x = 2, .ofs_y = 0},
    {.bitmap_index = 10539, .adv_w = 211, .box_w = 9, .box_h = 21, .ofs_x = 2, .ofs_y = 0},
    {.bitmap_index = 10634, .adv_w = 211, .box_w = 9, .box_h = 21, .ofs_x = 2, .ofs_y = 0},
    {.bitmap_index = 10729, .adv_w = 211, .box_w = 9, .box_h = 21, .ofs_x = 2, .ofs_y = 0},
    {.bitmap_index = 10824, .adv_w = 211, .box_w = 9, .box_h = 20, .ofs_x = 2, .ofs_y = 0},
    {.bitmap_index = 10914, .adv_w = 211, .box_w = 12, .box_h = 16, .ofs_x = 0, .ofs_y = 0},
    {.bitmap_index = 11010, .adv_w = 211, .box_w = 11, .box_h = 21, .ofs_x = 1, .ofs_y = 0},
    {.bitmap_index = 11126, .adv_w = 211, .box_w = 11, .box_h = 21, .ofs_x = 1, .ofs_y = 0},
    {.bitmap_index = 11242, .adv_w = 211, .box_w = 11, .box_h = 21, .ofs_x = 1, .ofs_y = 0},
    {.bitmap_index = 11358, .adv_w = 211, .box_w = 11, .box_h = 21, .ofs_x = 1, .ofs_y = 0},
    {.bitmap_index = 11474, .adv_w = 211, .box_w = 11, .box_h = 21, .ofs_x = 1, .ofs_y = 0},
    {.bitmap_index = 11590, .adv_w = 211, .box_w = 11, .box_h = 21, .ofs_x = 1, .ofs_y = 0},
    {.bitmap_index = 11706, .adv_w = 211, .box_w = 9, .box_h = 10, .ofs_x = 2, .ofs_y = 2},
    {.bitmap_index = 11751, .adv_w = 211, .box_w = 13, .box_h = 17, .ofs_x = 0, .ofs_y = -1},
    {.bitmap_index = 11862, .adv_w = 211, .box_w = 11, .box_h = 21, .ofs_x = 1, .ofs_y = 0},
    {.bitmap_index = 11978, .adv_w = 211, .box_w = 11, .box_h = 21, .ofs_x = 1, .ofs_y = 0},
    {.bitmap_index = 12094, .adv_w = 211, .box_w = 11, .box_h = 21, .ofs_x = 1, .ofs_y = 0},
    {.bitmap_index = 12210, .adv_w = 211, .box_w = 11, .box_h = 21, .ofs_x = 1, .ofs_y = 0},
    {.bitmap_index = 12326, .adv_w = 211, .box_w = 13, .box_h = 21, .ofs_x = 0, .ofs_y = 0},
    {.bitmap_index = 12463, .adv_w = 211, .box_w = 12, .box_h = 16, .ofs_x = 1, .ofs_y = 0},
    {.bitmap_index = 12559, .adv_w = 211, .box_w = 11, .box_h = 16, .ofs_x = 1, .ofs_y = 0},
    {.bitmap_index = 12647, .adv_w = 211, .box_w = 11, .box_h = 17, .ofs_x = 1, .ofs_y = 0},
    {.bitmap_index = 12741, .adv_w = 211, .box_w = 11, .box_h = 17, .ofs_x = 1, .ofs_y = 0},
    {.bitmap_index = 12835, .adv_w = 211, .box_w = 11, .box_h = 17, .ofs_x = 1, .ofs_y = 0},
    {.bitmap_index = 12929, .adv_w = 211, .box_w = 11, .box_h = 18, .ofs_x = 1, .ofs_y = 0},
    {.bitmap_index = 13028, .adv_w = 211, .box_w = 11, .box_h = 17, .ofs_x = 1, .ofs_y = 0},
    {.bitmap_index = 13122, .adv_w = 211, .box_w = 11, .box_h = 18, .ofs_x = 1, .ofs_y = 0},
    {.bitmap_index = 13221, .adv_w = 211, .box_w = 13, .box_h = 12, .ofs_x = 0, .ofs_y = 0},
    {.bitmap_index = 13299, .adv_w = 211, .box_w = 11, .box_h = 17, .ofs_x = 1, .ofs_y = -5},
    {.bitmap_index = 13393, .adv_w = 211, .box_w = 11, .box_h = 17, .ofs_x = 1, .ofs_y = 0},
    {.bitmap_index = 13487, .adv_w = 211, .box_w = 11, .box_h = 17, .ofs_x = 1, .ofs_y = 0},
    {.bitmap_index = 13581, .adv_w = 211, .box_w = 11, .box_h = 17, .ofs_x = 1, .ofs_y = 0},
    {.bitmap_index = 13675, .adv_w = 211, .box_w = 11, .box_h = 17, .ofs_x = 1, .ofs_y = 0},
    {.bitmap_index = 13769, .adv_w = 211, .box_w = 12, .box_h = 17, .ofs_x = 1, .ofs_y = 0},
    {.bitmap_index = 13871, .adv_w = 211, .box_w = 12, .box_h = 17, .ofs_x = 1, .ofs_y = 0},
    {.bitmap_index = 13973, .adv_w = 211, .box_w = 12, .box_h = 17, .ofs_x = 1, .ofs_y = 0},
    {.bitmap_index = 14075, .adv_w = 211, .box_w = 12, .box_h = 17, .ofs_x = 1, .ofs_y = 0},
    {.bitmap_index = 14177, .adv_w = 211, .box_w = 11, .box_h = 17, .ofs_x = 1, .ofs_y = 0},
    {.bitmap_index = 14271, .adv_w = 211, .box_w = 11, .box_h = 18, .ofs_x = 1, .ofs_y = 0},
    {.bitmap_index = 14370, .adv_w = 211, .box_w = 11, .box_h = 17, .ofs_x = 1, .ofs_y = 0},
    {.bitmap_index = 14464, .adv_w = 211, .box_w = 11, .box_h = 17, .ofs_x = 1, .ofs_y = 0},
    {.bitmap_index = 14558, .adv_w = 211, .box_w = 11, .box_h = 17, .ofs_x = 1, .ofs_y = 0},
    {.bitmap_index = 14652, .adv_w = 211, .box_w = 11, .box_h = 18, .ofs_x = 1, .ofs_y = 0},
    {.bitmap_index = 14751, .adv_w = 211, .box_w = 11, .box_h = 17, .ofs_x = 1, .ofs_y = 0},
    {.bitmap_index = 14845, .adv_w = 211, .box_w = 9, .box_h = 12, .ofs_x = 2, .ofs_y = 1},
    {.bitmap_index = 14899, .adv_w = 211, .box_w = 13, .box_h = 14, .ofs_x = 0, .ofs_y = -1},
    {.bitmap_index = 14990, .adv_w = 211, .box_w = 11, .box_h = 17, .ofs_x = 1, .ofs_y = 0},
    {.bitmap_index = 15084, .adv_w = 211, .box_w = 11, .box_h = 17, .ofs_x = 1, .ofs_y = 0},
    {.bitmap_index = 15178, .adv_w = 211, .box_w = 11, .box_h = 17, .ofs_x = 1, .ofs_y = 0},
    {.bitmap_index = 15272, .adv_w = 211, .box_w = 11, .box_h = 17, .ofs_x = 1, .ofs_y = 0},
    {.bitmap_index = 15366, .adv_w = 211, .box_w = 12, .box_h = 21, .ofs_x = 1, .ofs_y = -4},
    {.bitmap_index = 15492, .adv_w = 211, .box_w = 11, .box_h = 20, .ofs_x = 1, .ofs_y = -4},
    {.bitmap_index = 15602, .adv_w = 211, .box_w = 12, .box_h = 21, .ofs_x = 1, .ofs_y = -4},
    {.bitmap_index = 15728, .adv_w = 211, .box_w = 11, .box_h = 2, .ofs_x = 1, .ofs_y = 6},
    {.bitmap_index = 15739, .adv_w = 211, .box_w = 14, .box_h = 2, .ofs_x = 0, .ofs_y = 6},
    {.bitmap_index = 15753, .adv_w = 211, .box_w = 9, .box_h = 20, .ofs_x = 2, .ofs_y = -2},
    {.bitmap_index = 15843, .adv_w = 211, .box_w = 5, .box_h = 7, .ofs_x = 4, .ofs_y = 9},
    {.bitmap_index = 15861, .adv_w = 211, .box_w = 5, .box_h = 7, .ofs_x = 4, .ofs_y = 9},
    {.bitmap_index = 15879, .adv_w = 211, .box_w = 5, .box_h = 7, .ofs_x = 4, .ofs_y = -4},
    {.bitmap_index = 15897, .adv_w = 211, .box_w = 5, .box_h = 7, .ofs_x = 4, .ofs_y = 9},
    {.bitmap_index = 15915, .adv_w = 211, .box_w = 9, .box_h = 7, .ofs_x = 2, .ofs_y = 9},
    {.bitmap_index = 15947, .adv_w = 211, .box_w = 10, .box_h = 7, .ofs_x = 2, .ofs_y = 9},
    {.bitmap_index = 15982, .adv_w = 211, .box_w = 10, .box_h = 7, .ofs_x = 2, .ofs_y = -4},
    {.bitmap_index = 16017, .adv_w = 211, .box_w = 9, .box_h = 7, .ofs_x = 2, .ofs_y = 9},
    {.bitmap_index = 16049, .adv_w = 211, .box_w = 11, .box_h = 21, .ofs_x = 1, .ofs_y = -3},
    {.bitmap_index = 16165, .adv_w = 211, .box_w = 11, .box_h = 21, .ofs_x = 1, .ofs_y = -3},
    {.bitmap_index = 16281, .adv_w = 211, .box_w = 7, .box_h = 6, .ofs_x = 3, .ofs_y = 5},
    {.bitmap_index = 16302, .adv_w = 211, .box_w = 5, .box_h = 4, .ofs_x = 4, .ofs_y = 0},
    {.bitmap_index = 16312, .adv_w = 211, .box_w = 11, .box_h = 4, .ofs_x = 1, .ofs_y = 0},
    {.bitmap_index = 16334, .adv_w = 211, .box_w = 13, .box_h = 14, .ofs_x = 0, .ofs_y = 0},
    {.bitmap_index = 16425, .adv_w = 211, .box_w = 12, .box_h = 17, .ofs_x = 1, .ofs_y = 0},
    {.bitmap_index = 16527, .adv_w = 211, .box_w = 13, .box_h = 14, .ofs_x = 0, .ofs_y = 0},
    {.bitmap_index = 16618, .adv_w = 211, .box_w = 12, .box_h = 18, .ofs_x = 1, .ofs_y = -1}
};

/*---------------------
 *  CHARACTER MAPPING
 *--------------------*/

static const uint8_t glyph_id_ofs_list_2[] = {
    0, 1, 0, 2, 0, 3, 4, 5,
    6, 7, 8, 9, 10, 11, 12, 13,
    0, 14, 0, 15
};

/*Collect the unicode lists and glyph_id offsets*/
static const lv_font_fmt_txt_cmap_t cmaps[] =
{
    {
        .range_start = 32, .range_length = 95, .glyph_id_start = 1,
        .unicode_list = NULL, .glyph_id_ofs_list = NULL, .list_length = 0, .type = LV_FONT_FMT_TXT_CMAP_FORMAT0_TINY
    },
    {
        .range_start = 160, .range_length = 96, .glyph_id_start = 96,
        .unicode_list = NULL, .glyph_id_ofs_list = NULL, .list_length = 0, .type = LV_FONT_FMT_TXT_CMAP_FORMAT0_TINY
    },
    {
        .range_start = 8211, .range_length = 20, .glyph_id_start = 192,
        .unicode_list = NULL, .glyph_id_ofs_list = glyph_id_ofs_list_2, .list_length = 20, .type = LV_FONT_FMT_TXT_CMAP_FORMAT0_FULL
    },
    {
        .range_start = 8592, .range_length = 4, .glyph_id_start = 208,
        .unicode_list = NULL, .glyph_id_ofs_list = NULL, .list_length = 0, .type = LV_FONT_FMT_TXT_CMAP_FORMAT0_TINY
    }
};



/*--------------------
 *  ALL CUSTOM DATA
 *--------------------*/

#if LVGL_VERSION_MAJOR == 8
/*Store all the custom data of the font*/
static  lv_font_fmt_txt_glyph_cache_t cache;
#endif

#if LVGL_VERSION_MAJOR >= 8
static const lv_font_fmt_txt_dsc_t font_dsc = {
#else
static lv_font_fmt_txt_dsc_t font_dsc = {
#endif
    .glyph_bitmap = glyph_bitmap,
    .glyph_dsc = glyph_dsc,
    .cmaps = cmaps,
    .kern_dsc = NULL,
    .kern_scale = 0,
    .cmap_num = 4,
    .bpp = 4,
    .kern_classes = 0,
    .bitmap_format = 0,
#if LVGL_VERSION_MAJOR == 8
    .cache = &cache
#endif
};

extern const lv_font_t cos_font_han_sans_16;


/*-----------------
 *  PUBLIC FONT
 *----------------*/

/*Initialize a public general font descriptor*/
#if LVGL_VERSION_MAJOR >= 8
const lv_font_t cos_font_jbm_22 = {
#else
lv_font_t cos_font_jbm_22 = {
#endif
    .get_glyph_dsc = lv_font_get_glyph_dsc_fmt_txt,    /*Function pointer to get glyph's data*/
    .get_glyph_bitmap = lv_font_get_bitmap_fmt_txt,    /*Function pointer to get glyph's bitmap*/
    .line_height = 26,          /*The maximum line height required by the font*/
    .base_line = 5,             /*Baseline measured from the bottom of the line*/
#if !(LVGL_VERSION_MAJOR == 6 && LVGL_VERSION_MINOR == 0)
    .subpx = LV_FONT_SUBPX_NONE,
#endif
#if LV_VERSION_CHECK(7, 4, 0) || LVGL_VERSION_MAJOR >= 8
    .underline_position = -3,
    .underline_thickness = 1,
#endif
    .dsc = &font_dsc,          /*The custom font data. Will be accessed by `get_glyph_bitmap/dsc` */
#if LV_VERSION_CHECK(8, 2, 0) || LVGL_VERSION_MAJOR >= 9
    .fallback = &cos_font_han_sans_16,
#endif
    .user_data = NULL,
};



#endif /*#if COS_FONT_JBM_22*/

